Paul Millsap,1,1,2015-10-27,30,ATL,H,DET,-12,1,36:00,7,15,0.467,2,6,0.333,3,4,0.75,1,7,8,3,0,0,2,4,19,12.2,-22,33.5
Paul Millsap,2,2,2015-10-29,30,ATL,A,NYK,11,1,34:30,3,11,0.273,1,2,0.5,4,8,0.5,3,8,11,5,5,0,3,2,11,12.1,14,42.8
Paul Millsap,3,3,2015-10-30,30,ATL,H,CHO,3,1,36:53,5,10,0.5,2,4,0.5,6,7,0.857,1,9,10,4,2,2,4,3,18,17,1,45
Paul Millsap,4,4,2015-11-01,30,ATL,A,CHO,2,1,34:56,7,13,0.538,2,5,0.4,0,0,NA,1,5,6,6,0,2,0,3,16,16.3,-3,37.5
Paul Millsap,5,5,2015-11-03,30,ATL,A,MIA,6,1,35:34,4,12,0.333,0,3,0,4,8,0.5,4,6,10,3,3,1,1,3,12,11.8,0,38
Paul Millsap,6,6,2015-11-04,30,ATL,H,BRK,14,1,30:36,5,10,0.5,1,4,0.25,1,2,0.5,1,8,9,3,5,0,1,3,12,14.6,9,37.8
Paul Millsap,7,7,2015-11-06,30,ATL,A,NOP,6,1,34:13,7,11,0.636,0,2,0,8,10,0.8,1,11,12,1,2,1,4,4,22,18.1,0,44
Paul Millsap,8,8,2015-11-07,30,ATL,H,WAS,15,1,34:00,6,14,0.429,3,6,0.5,6,6,1,2,4,6,7,1,2,1,0,21,22.5,17,46
Paul Millsap,9,9,2015-11-09,30,ATL,H,MIN,-10,1,35:12,9,15,0.6,3,5,0.6,1,2,0.5,2,3,5,6,2,2,3,1,22,21.2,1,45.3
Paul Millsap,10,10,2015-11-11,30,ATL,H,NOP,8,1,32:43,6,14,0.429,0,2,0,7,8,0.875,2,14,16,2,3,0,2,3,19,18,11,48.5
Paul Millsap,11,11,2015-11-13,30,ATL,A,BOS,-13,1,32:06,5,10,0.5,1,3,0.333,3,4,0.75,1,7,8,2,0,0,6,3,14,5.6,-15,24.5
Paul Millsap,12,12,2015-11-15,30,ATL,H,UTA,-1,1,36:38,10,18,0.556,1,4,0.25,7,8,0.875,1,5,6,2,1,2,3,2,28,21.2,6,43.5
Paul Millsap,13,13,2015-11-17,30,ATL,A,BRK,-2,1,34:48,6,10,0.6,2,2,1,3,4,0.75,4,2,6,3,1,1,5,2,17,13.4,-16,31.5
Paul Millsap,14,14,2015-11-18,30,ATL,H,SAC,6,1,34:48,9,19,0.474,0,1,0,5,6,0.833,6,10,16,3,3,2,2,4,23,23,4,58
Paul Millsap,15,15,2015-11-21,30,ATL,A,CLE,-12,1,31:01,3,13,0.231,0,3,0,8,9,0.889,5,6,11,5,4,2,3,4,14,15.3,-1,47.3
Paul Millsap,16,16,2015-11-24,30,ATL,H,BOS,24,1,31:39,10,14,0.714,0,1,0,5,5,1,4,5,9,3,1,1,2,3,25,24.1,20,43.8
Paul Millsap,17,17,2015-11-25,30,ATL,A,MIN,-4,1,31:37,6,15,0.4,1,4,0.25,9,11,0.818,3,7,10,2,2,1,1,4,22,18.8,11,45
Paul Millsap,18,18,2015-11-27,30,ATL,A,MEM,15,1,35:16,6,10,0.6,0,2,0,11,13,0.846,4,10,14,4,0,0,3,2,23,22.4,27,46.5
Paul Millsap,19,19,2015-11-28,30,ATL,A,SAS,-20,1,26:19,3,9,0.333,0,1,0,2,5,0.4,4,4,8,2,2,1,1,2,8,8,-24,26.5
Paul Millsap,20,20,2015-11-30,30,ATL,H,OKC,6,1,35:10,8,19,0.421,1,2,0.5,9,10,0.9,5,6,11,5,1,4,3,2,26,24.3,7,57.8
Paul Millsap,21,21,2015-12-02,30,ATL,H,TOR,-10,1,34:02,5,16,0.313,0,2,0,4,4,1,5,4,9,4,2,0,2,5,14,10.3,-7,34.3
Paul Millsap,22,22,2015-12-04,30,ATL,H,LAL,13,1,33:49,6,12,0.5,0,1,0,3,3,1,2,6,8,2,2,2,2,3,15,13.8,8,35
Paul Millsap,23,23,2015-12-09,30,ATL,A,DAL,3,1,35:49,7,13,0.538,0,2,0,6,9,0.667,2,9,11,5,3,1,1,3,20,21.6,-4,50.3
Paul Millsap,24,24,2015-12-10,30,ATL,A,OKC,-13,1,33:28,2,5,0.4,0,1,0,3,8,0.375,1,7,8,4,1,2,0,3,7,9.1,-13,29
Paul Millsap,25,25,2015-12-12,30,ATL,H,SAS,-25,1,29:15,9,13,0.692,2,3,0.667,2,3,0.667,1,4,5,2,2,2,3,4,22,18.2,-28,38.8
Paul Millsap,26,26,2015-12-14,30,ATL,H,MIA,-12,1,37:02,6,12,0.5,0,2,0,6,6,1,3,6,9,2,0,0,2,3,18,14.1,-15,31.3
Paul Millsap,27,27,2015-12-16,30,ATL,H,PHI,21,1,24:36,7,8,0.875,1,1,1,6,7,0.857,0,0,0,3,0,2,1,3,21,19.1,7,29.5
Paul Millsap,28,28,2015-12-18,30,ATL,A,BOS,8,1,33:29,6,13,0.462,0,3,0,8,10,0.8,1,7,8,4,2,0,3,4,20,15.5,14,38.5
Paul Millsap,29,29,2015-12-20,30,ATL,A,ORL,3,1,34:50,5,16,0.313,0,2,0,3,4,0.75,3,10,13,3,2,2,2,4,13,10.4,-5,42.3
Paul Millsap,30,30,2015-12-21,30,ATL,H,POR,9,1,24:33,3,9,0.333,0,2,0,6,7,0.857,0,6,6,1,1,0,2,2,12,7.2,14,22
Paul Millsap,31,31,2015-12-23,30,ATL,H,DET,7,1,31:47,8,15,0.533,1,2,0.5,1,2,0.5,2,3,5,2,1,0,2,0,18,13,3,28.8
Paul Millsap,32,32,2015-12-26,30,ATL,H,NYK,19,1,33:17,8,16,0.5,1,3,0.333,5,8,0.625,4,3,7,7,3,1,1,3,22,22.9,10,49.3
Paul Millsap,33,33,2015-12-28,30,ATL,A,IND,-6,1,38:18,9,17,0.529,2,5,0.4,4,5,0.8,2,5,7,2,4,1,3,3,24,20.1,-1,45.3
Paul Millsap,34,34,2015-12-29,30,ATL,A,HOU,6,1,35:14,9,20,0.45,1,3,0.333,3,4,0.75,8,5,13,4,1,5,3,4,22,21,12,56.8
Paul Millsap,35,35,2016-01-03,30,ATL,A,NYK,-14,1,34:16,6,13,0.462,0,3,0,7,10,0.7,5,4,9,6,5,0,4,4,19,19.4,-14,47.3
Paul Millsap,36,36,2016-01-05,30,ATL,H,NYK,-6,1,36:12,6,17,0.353,2,6,0.333,5,5,1,4,3,7,2,1,0,4,4,19,10,-3,31.8
Paul Millsap,37,37,2016-01-07,30,ATL,A,PHI,28,1,24:54,7,11,0.636,0,1,0,4,4,1,2,4,6,4,2,0,1,2,18,18.7,5,35
Paul Millsap,38,38,2016-01-09,30,ATL,H,CHI,15,1,31:58,8,16,0.5,0,2,0,2,2,1,1,7,8,3,2,6,2,3,18,17.9,4,47.5
Paul Millsap,39,39,2016-01-13,30,ATL,A,CHO,-23,1,27:11,7,12,0.583,1,2,0.5,5,5,1,1,4,5,2,0,1,2,4,20,14.8,-16,30.8
Paul Millsap,40,40,2016-01-15,30,ATL,A,MIL,-7,1,32:58,10,19,0.526,1,4,0.25,2,2,1,0,10,10,6,2,4,2,6,23,21.3,-4,57.5
Paul Millsap,41,41,2016-01-16,30,ATL,H,BRK,28,1,27:12,8,13,0.615,1,2,0.5,4,6,0.667,1,5,6,3,1,1,3,3,21,16.1,10,36
Paul Millsap,42,42,2016-01-18,30,ATL,H,ORL,17,1,27:19,6,9,0.667,0,0,NA,1,3,0.333,2,10,12,6,1,2,1,1,13,17.9,9,44
Paul Millsap,43,43,2016-01-20,30,ATL,A,POR,6,1,33:56,7,10,0.7,3,3,1,6,7,0.857,2,7,9,2,2,0,1,3,23,23.1,7,42.3
Paul Millsap,44,44,2016-01-21,30,ATL,A,SAC,-3,1,32:37,6,12,0.5,0,1,0,2,2,1,4,10,14,3,5,4,5,5,14,16.7,-17,53
Paul Millsap,46,45,2016-01-25,30,ATL,A,DEN,14,1,28:03,8,15,0.533,0,1,0,6,7,0.857,4,5,9,3,2,1,2,1,22,21,20,42.8
Paul Millsap,47,46,2016-01-27,30,ATL,H,LAC,-2,1,34:26,6,14,0.429,1,2,0.5,1,3,0.333,4,8,12,4,1,2,2,2,14,13.4,5,42
Paul Millsap,48,47,2016-01-28,30,ATL,A,IND,-19,1,13:17,1,4,0.25,0,1,0,2,2,1,0,5,5,0,1,0,2,0,4,2.1,3,11.3
Paul Millsap,49,48,2016-01-31,30,ATL,A,MIA,-18,1,35:32,5,11,0.455,1,2,0.5,6,6,1,1,4,5,1,2,0,4,5,17,9.9,-9,27.3
Paul Millsap,50,49,2016-02-01,30,ATL,H,DAL,15,1,33:42,3,10,0.3,0,3,0,2,4,0.5,2,10,12,2,0,2,3,3,8,4.4,11,28.5
Paul Millsap,51,50,2016-02-03,30,ATL,A,PHI,38,1,25:28,3,11,0.273,1,2,0.5,3,4,0.75,0,4,4,3,1,2,2,0,10,6.8,18,25
Paul Millsap,52,51,2016-02-05,30,ATL,H,IND,6,1,33:01,10,14,0.714,3,6,0.5,1,5,0.2,1,1,2,0,2,4,2,1,24,20,-3,39
Paul Millsap,53,52,2016-02-07,30,ATL,A,ORL,-2,1,34:26,5,14,0.357,1,2,0.5,3,4,0.75,4,5,9,2,2,2,0,3,14,13.7,-7,36.8
Paul Millsap,54,53,2016-02-08,30,ATL,H,ORL,-7,1,41:35,8,18,0.444,3,5,0.6,3,6,0.5,3,10,13,6,4,1,6,6,22,17,0,57.3
Paul Millsap,55,54,2016-02-10,31,ATL,A,CHI,23,1,27:08,6,12,0.5,1,3,0.333,2,2,1,2,2,4,2,2,1,3,3,15,10.9,12,28
Paul Millsap,56,55,2016-02-19,31,ATL,H,MIA,-4,1,27:40,4,13,0.308,2,5,0.4,2,2,1,3,10,13,4,0,0,3,4,12,7.8,0,35.3
Paul Millsap,57,56,2016-02-20,31,ATL,H,MIL,-8,1,46:12,10,24,0.417,2,7,0.286,5,8,0.625,4,7,11,6,1,2,3,3,27,20.3,-16,56.8
Paul Millsap,58,57,2016-02-22,31,ATL,H,GSW,-10,1,33:19,4,13,0.308,1,4,0.25,2,4,0.5,2,5,7,1,1,1,3,3,11,3.8,-26,24.3
Paul Millsap,59,58,2016-02-26,31,ATL,H,CHI,15,1,32:30,3,12,0.25,0,3,0,6,6,1,5,8,13,4,2,5,3,4,12,14.4,7,48.3
Paul Millsap,60,59,2016-02-28,31,ATL,H,CHO,11,1,27:02,6,11,0.545,1,2,0.5,0,0,NA,1,4,5,2,0,1,1,4,13,9.1,-1,24.3
Paul Millsap,61,60,2016-03-01,31,ATL,A,GSW,-4,1,40:59,5,17,0.294,1,6,0.167,8,10,0.8,3,4,7,4,3,4,2,3,19,17,1,47.3
Paul Millsap,62,61,2016-03-04,31,ATL,A,LAL,29,1,29:02,4,9,0.444,1,3,0.333,2,6,0.333,0,4,4,3,1,0,0,3,11,7.8,14,23
Paul Millsap,63,62,2016-03-05,31,ATL,A,LAC,10,1,37:14,8,14,0.571,1,1,1,3,4,0.75,5,13,18,5,3,0,3,3,20,22.7,10,56.5
Paul Millsap,64,63,2016-03-08,31,ATL,A,UTA,7,1,33:47,8,12,0.667,0,1,0,2,4,0.5,0,9,9,2,3,0,2,3,18,15.9,10,37.3
Paul Millsap,65,64,2016-03-10,31,ATL,A,TOR,-8,1,34:25,2,8,0.25,0,2,0,8,12,0.667,1,4,5,0,2,3,2,5,12,7.6,3,27.3
Paul Millsap,66,65,2016-03-12,31,ATL,H,MEM,12,1,32:37,8,16,0.5,0,2,0,5,6,0.833,0,7,7,5,1,1,3,2,21,16.1,32,39.8
Paul Millsap,67,66,2016-03-13,31,ATL,H,IND,29,1,29:44,7,14,0.5,2,4,0.5,2,2,1,2,7,9,4,3,3,0,1,18,22,29,48.3
Paul Millsap,68,67,2016-03-16,31,ATL,A,DET,4,1,34:06,6,15,0.4,0,2,0,1,3,0.333,3,7,10,1,4,1,1,2,13,11.9,1,38
Paul Millsap,69,68,2016-03-17,31,ATL,H,DEN,18,1,29:22,6,10,0.6,2,3,0.667,2,2,1,0,11,11,4,0,4,3,0,16,17.3,25,44.8
Paul Millsap,70,69,2016-03-19,31,ATL,H,HOU,12,1,33:16,5,11,0.455,0,3,0,1,2,0.5,2,8,10,6,0,2,2,3,11,11.1,12,37
Paul Millsap,71,70,2016-03-21,31,ATL,H,WAS,-15,1,28:20,5,9,0.556,0,1,0,3,3,1,0,2,2,0,1,1,2,4,13,7.4,-11,18.5
Paul Millsap,72,71,2016-03-23,31,ATL,A,WAS,21,1,32:07,8,16,0.5,1,4,0.25,0,0,NA,2,7,9,6,3,0,5,3,17,13.5,11,41.3
Paul Millsap,73,72,2016-03-25,31,ATL,H,MIL,11,1,33:47,7,16,0.438,0,1,0,0,0,NA,7,6,13,3,2,3,2,2,14,15.7,12,45.3
Paul Millsap,74,73,2016-03-26,31,ATL,A,DET,17,1,28:49,8,13,0.615,3,4,0.75,4,5,0.8,0,9,9,5,4,4,0,3,23,28.5,8,59.3
Paul Millsap,75,74,2016-03-28,31,ATL,A,CHI,2,1,35:28,4,12,0.333,1,3,0.333,2,2,1,3,8,11,3,1,6,2,2,11,13.2,2,44.3
Paul Millsap,76,75,2016-03-30,31,ATL,A,TOR,-8,1,23:52,3,8,0.375,1,4,0.25,0,0,NA,2,7,9,1,2,3,4,3,7,5.7,-10,28.3
Paul Millsap,77,76,2016-04-01,31,ATL,H,CLE,-2,1,41:12,12,22,0.545,2,4,0.5,3,3,1,3,9,12,3,2,1,3,5,29,23,13,55.5
Paul Millsap,78,77,2016-04-05,31,ATL,H,PHO,13,1,35:35,3,8,0.375,1,3,0.333,6,8,0.75,4,13,17,8,3,3,1,3,13,23,18,59.8
Paul Millsap,79,78,2016-04-07,31,ATL,H,TOR,8,1,37:04,4,11,0.364,0,3,0,5,6,0.833,2,12,14,2,1,5,4,4,13,11.8,10,45
Paul Millsap,80,79,2016-04-09,31,ATL,H,BOS,11,1,38:43,13,22,0.591,5,7,0.714,0,0,NA,2,14,16,3,2,5,3,2,31,30.2,20,72
Paul Millsap,81,80,2016-04-11,31,ATL,A,CLE,-15,1,30:56,3,14,0.214,0,3,0,3,5,0.6,6,2,8,3,0,3,2,3,9,5.4,-10,28.5
Paul Millsap,82,81,2016-04-13,31,ATL,A,WAS,-11,1,31:07,4,14,0.286,0,2,0,5,6,0.833,4,7,11,1,2,3,4,3,13,8.9,-21,37.8
Al Horford,1,1,2015-10-27,29,ATL,H,DET,-12,1,30:14,6,11,0.545,1,3,0.333,2,3,0.667,1,3,4,4,2,3,1,1,15,16.4,-5,36
Al Horford,2,2,2015-10-29,29,ATL,A,NYK,11,1,30:34,9,18,0.5,2,5,0.4,1,2,0.5,2,7,9,1,2,3,3,0,21,16.9,5,43.3
Al Horford,3,3,2015-10-30,29,ATL,H,CHO,3,1,34:52,8,15,0.533,2,5,0.4,0,0,NA,1,5,6,3,0,1,2,2,18,12.9,12,32
Al Horford,4,4,2015-11-01,29,ATL,A,CHO,2,1,34:55,7,14,0.5,0,5,0,2,2,1,2,10,12,1,0,3,3,1,16,12.8,-3,38.5
Al Horford,5,5,2015-11-03,29,ATL,A,MIA,6,1,33:44,8,17,0.471,0,0,NA,1,1,1,7,6,13,2,1,0,1,1,17,16,11,39.3
Al Horford,6,6,2015-11-04,29,ATL,H,BRK,14,1,29:54,8,10,0.8,1,1,1,4,4,1,3,5,8,4,0,2,0,0,21,25,-2,41.5
Al Horford,7,7,2015-11-06,29,ATL,A,NOP,6,1,30:20,7,15,0.467,0,3,0,0,0,NA,1,4,5,4,1,2,2,5,14,9.4,10,31.3
Al Horford,8,8,2015-11-07,29,ATL,H,WAS,15,1,28:41,5,13,0.385,0,3,0,4,4,1,2,7,9,2,1,1,2,1,14,11.1,16,31.3
Al Horford,9,9,2015-11-09,29,ATL,H,MIN,-10,1,33:03,5,15,0.333,2,5,0.4,2,2,1,2,4,6,3,1,0,1,3,14,9,-9,28.5
Al Horford,10,10,2015-11-11,29,ATL,H,NOP,8,1,29:54,11,15,0.733,4,6,0.667,0,0,NA,3,5,8,3,0,3,2,0,26,25.7,14,47.5
Al Horford,11,11,2015-11-13,29,ATL,A,BOS,-13,1,32:23,6,11,0.545,1,2,0.5,0,0,NA,1,5,6,8,1,2,0,3,13,16.7,-4,39
Al Horford,12,12,2015-11-15,29,ATL,H,UTA,-1,1,30:41,7,16,0.438,2,6,0.333,0,0,NA,2,3,5,5,1,1,1,1,16,13.7,-7,34.3
Al Horford,13,13,2015-11-17,29,ATL,A,BRK,-2,1,33:31,8,11,0.727,2,3,0.667,0,0,NA,3,2,5,2,1,2,2,2,18,17.2,-3,33.3
Al Horford,14,14,2015-11-18,29,ATL,H,SAC,6,1,31:38,6,15,0.4,1,2,0.5,4,4,1,0,1,1,1,0,2,2,1,17,8.9,5,23.3
Al Horford,15,15,2015-11-21,29,ATL,A,CLE,-12,1,33:33,4,12,0.333,1,3,0.333,1,1,1,4,6,10,3,0,1,1,0,10,9.6,-26,30.5
Al Horford,16,16,2015-11-24,29,ATL,H,BOS,24,1,26:41,5,10,0.5,1,3,0.333,0,0,NA,1,3,4,4,0,1,2,2,11,8.3,25,23.5
Al Horford,17,17,2015-11-25,29,ATL,A,MIN,-4,1,33:38,5,15,0.333,0,3,0,2,5,0.4,8,4,12,2,1,1,2,2,12,9.4,-10,34.5
Al Horford,18,18,2015-11-27,29,ATL,A,MEM,15,1,29:48,5,10,0.5,2,3,0.667,4,4,1,0,4,4,2,0,0,0,5,16,11.6,-3,25
Al Horford,19,19,2015-11-28,29,ATL,A,SAS,-20,1,21:55,4,11,0.364,0,1,0,2,2,1,2,2,4,3,0,0,0,1,10,7.6,-24,19.5
Al Horford,20,20,2015-11-30,29,ATL,H,OKC,6,1,34:47,8,15,0.533,2,3,0.667,3,3,1,4,9,13,1,1,2,0,2,21,21.5,4,47.3
Al Horford,21,21,2015-12-02,29,ATL,H,TOR,-10,1,31:43,4,9,0.444,1,3,0.333,3,4,0.75,2,7,9,1,0,2,0,4,12,10.9,-9,29.3
Al Horford,22,22,2015-12-04,29,ATL,H,LAL,13,1,33:17,6,11,0.545,1,4,0.25,3,4,0.75,1,8,9,5,1,1,3,0,16,15.6,16,37.8
Al Horford,23,23,2015-12-09,29,ATL,A,DAL,3,1,36:57,7,13,0.538,0,1,0,0,0,NA,1,7,8,4,2,2,1,2,14,14.9,5,37.5
Al Horford,24,24,2015-12-10,29,ATL,A,OKC,-13,1,32:38,3,14,0.214,1,4,0.25,2,2,1,2,5,7,3,0,1,1,2,9,4.3,0,24.3
Al Horford,25,25,2015-12-12,29,ATL,H,SAS,-25,1,25:52,3,7,0.429,0,1,0,3,4,0.75,1,6,7,3,2,0,1,0,9,10.5,-14,25.8
Al Horford,26,26,2015-12-14,29,ATL,H,MIA,-12,1,35:28,6,12,0.5,1,5,0.2,0,0,NA,0,4,4,5,2,2,2,3,13,11.9,-4,33
Al Horford,27,27,2015-12-16,29,ATL,H,PHI,21,1,28:08,8,13,0.615,1,1,1,0,0,NA,0,4,4,1,1,0,2,0,17,12,13,25
Al Horford,28,28,2015-12-18,29,ATL,A,BOS,8,1,35:59,10,19,0.526,0,2,0,1,2,0.5,3,7,10,2,1,3,3,4,21,15.4,5,44.5
Al Horford,29,29,2015-12-20,29,ATL,A,ORL,3,1,29:41,7,15,0.467,0,3,0,0,0,NA,2,4,6,5,1,1,2,3,14,10.9,-7,32
Al Horford,30,30,2015-12-21,29,ATL,H,POR,9,1,24:09,3,9,0.333,0,2,0,0,0,NA,0,2,2,3,0,0,2,4,6,0,-6,12
Al Horford,31,31,2015-12-23,29,ATL,H,DET,7,1,30:07,7,14,0.5,1,3,0.333,0,0,NA,0,4,4,0,1,1,1,3,15,8.7,-1,24
Al Horford,32,32,2015-12-26,29,ATL,H,NYK,19,1,31:23,9,15,0.6,0,2,0,1,1,1,1,5,6,7,2,2,1,1,19,21.2,9,44.5
Al Horford,33,33,2015-12-28,29,ATL,A,IND,-6,1,30:49,5,11,0.455,0,1,0,0,2,0,3,7,10,0,0,1,1,1,10,7,4,25.5
Al Horford,34,34,2015-12-29,29,ATL,A,HOU,6,1,35:55,11,15,0.733,5,7,0.714,3,4,0.75,4,10,14,2,1,1,0,3,30,31.2,18,58.5
Al Horford,35,35,2016-01-03,29,ATL,A,NYK,-14,1,28:39,5,8,0.625,1,3,0.333,2,2,1,0,3,3,2,0,1,1,1,13,11,-11,21.8
Al Horford,36,36,2016-01-05,29,ATL,H,NYK,-6,1,33:15,6,13,0.462,1,3,0.333,0,2,0,6,4,10,8,0,2,0,3,13,16.7,-4,43.5
Al Horford,37,37,2016-01-07,29,ATL,A,PHI,28,1,24:28,7,12,0.583,1,2,0.5,3,3,1,5,4,9,3,3,3,0,2,18,23.5,31,46.3
Al Horford,38,38,2016-01-09,29,ATL,H,CHI,15,1,36:18,15,21,0.714,1,3,0.333,2,2,1,3,7,10,6,1,4,0,2,33,35.7,22,66.5
Al Horford,39,39,2016-01-13,29,ATL,A,CHO,-23,1,27:34,1,4,0.25,0,1,0,0,0,NA,0,2,2,0,0,1,4,4,2,-4.7,-30,4.5
Al Horford,40,40,2016-01-15,29,ATL,A,MIL,-7,1,40:58,9,23,0.391,0,3,0,0,0,NA,3,5,8,2,0,2,3,0,18,8.9,-10,33.5
Al Horford,41,41,2016-01-16,29,ATL,H,BRK,28,1,22:56,5,9,0.556,0,2,0,0,0,NA,1,0,1,3,2,2,2,4,10,8.3,3,22.8
Al Horford,42,42,2016-01-18,29,ATL,H,ORL,17,1,27:27,7,10,0.7,1,2,0.5,0,0,NA,1,6,7,2,1,2,0,2,15,16.3,17,33.3
Al Horford,43,43,2016-01-20,29,ATL,A,POR,6,1,36:17,7,17,0.412,1,3,0.333,1,2,0.5,4,4,8,1,0,0,0,1,16,10.8,0,28
Al Horford,44,44,2016-01-21,29,ATL,A,SAC,-3,1,33:45,5,11,0.455,1,3,0.333,0,0,NA,3,5,8,3,3,0,0,2,11,13.2,1,32
Al Horford,45,45,2016-01-23,29,ATL,A,PHO,-3,1,38:34,4,12,0.333,0,3,0,1,2,0.5,4,12,16,5,1,2,2,0,9,12.1,2,41.5
Al Horford,46,46,2016-01-25,29,ATL,A,DEN,14,1,27:03,8,12,0.667,2,3,0.667,0,0,NA,0,2,2,1,1,1,1,3,18,13.6,15,26.5
Al Horford,47,47,2016-01-27,29,ATL,H,LAC,-2,1,35:31,6,13,0.462,1,5,0.2,2,5,0.4,2,6,8,6,1,0,2,2,15,12.7,4,35.5
Al Horford,48,48,2016-01-28,29,ATL,A,IND,-19,1,34:12,6,12,0.5,0,2,0,2,2,1,1,3,4,4,1,3,1,3,14,13.3,-14,32.5
Al Horford,49,49,2016-01-31,29,ATL,A,MIA,-18,1,34:02,6,10,0.6,3,3,1,2,2,1,0,4,4,2,1,2,3,5,17,12.4,-26,31
Al Horford,50,50,2016-02-01,29,ATL,H,DAL,15,1,28:23,4,8,0.5,2,2,1,0,0,NA,0,4,4,2,0,1,3,3,10,5.1,5,19.5
Al Horford,51,51,2016-02-03,29,ATL,A,PHI,38,1,22:18,3,4,0.75,0,0,NA,1,2,0.5,2,4,6,4,1,2,0,1,7,12.4,13,26.5
Al Horford,52,52,2016-02-05,29,ATL,H,IND,6,1,34:13,8,16,0.5,1,4,0.25,4,4,1,0,7,7,6,1,0,2,1,21,17.9,23,40.3
Al Horford,53,53,2016-02-07,29,ATL,A,ORL,-2,1,34:53,5,14,0.357,1,3,0.333,0,0,NA,2,4,6,6,0,2,0,1,11,11,1,32
Al Horford,54,54,2016-02-08,29,ATL,H,ORL,-7,1,39:09,12,18,0.667,1,4,0.25,2,2,1,0,6,6,3,0,2,0,5,27,22.5,-8,43.5
Al Horford,55,55,2016-02-10,29,ATL,A,CHI,23,1,28:52,7,11,0.636,2,4,0.5,0,0,NA,1,3,4,2,0,2,1,1,16,14.1,16,28.5
Al Horford,56,56,2016-02-19,29,ATL,H,MIA,-4,1,38:15,4,11,0.364,1,3,0.333,5,5,1,1,4,5,3,1,2,1,2,14,12.5,-3,30.8
Al Horford,57,57,2016-02-20,29,ATL,H,MIL,-8,1,44:17,8,14,0.571,1,4,0.25,0,0,NA,3,6,9,2,1,3,0,1,17,18.4,-5,39.8
Al Horford,58,58,2016-02-22,29,ATL,H,GSW,-10,1,39:26,10,20,0.5,1,4,0.25,2,2,1,4,12,16,6,3,5,1,1,23,28.7,-6,69.5
Al Horford,59,59,2016-02-26,29,ATL,H,CHI,15,1,33:58,8,11,0.727,2,3,0.667,0,0,NA,0,5,5,4,1,4,2,2,18,18.8,20,40.3
Al Horford,60,60,2016-02-28,29,ATL,H,CHO,11,1,30:50,6,17,0.353,1,3,0.333,0,0,NA,2,14,16,6,0,1,2,3,13,10.8,2,45
Al Horford,61,61,2016-03-01,29,ATL,A,GSW,-4,1,41:52,8,16,0.5,1,3,0.333,0,0,NA,1,8,9,3,1,0,4,3,17,10,-9,33.3
Al Horford,62,62,2016-03-04,29,ATL,A,LAL,29,1,25:34,2,5,0.4,0,1,0,4,4,1,0,5,5,5,0,3,1,2,8,10.6,7,27.3
Al Horford,63,63,2016-03-05,29,ATL,A,LAC,10,1,31:36,4,11,0.364,1,3,0.333,2,2,1,3,9,12,1,0,0,1,1,11,9,10,29
Al Horford,64,64,2016-03-08,29,ATL,A,UTA,7,1,35:11,5,7,0.714,1,2,0.5,0,0,NA,2,5,7,1,1,1,1,1,11,12,0,25.3
Al Horford,65,65,2016-03-10,29,ATL,A,TOR,-8,1,34:54,8,14,0.571,3,5,0.6,1,2,0.5,0,4,4,3,2,0,4,3,20,13.1,-5,33
Al Horford,66,66,2016-03-12,29,ATL,H,MEM,12,1,30:32,8,12,0.667,1,2,0.5,2,2,1,1,7,8,2,0,4,0,2,19,20,1,40.5
Al Horford,67,67,2016-03-13,29,ATL,H,IND,29,1,24:51,8,12,0.667,2,4,0.5,0,0,NA,1,3,4,1,0,0,0,0,18,15.1,24,25.5
Al Horford,68,68,2016-03-16,29,ATL,A,DET,4,1,35:05,9,15,0.6,2,5,0.4,1,2,0.5,2,9,11,4,0,1,0,2,21,20.5,24,45.3
Al Horford,69,69,2016-03-17,29,ATL,H,DEN,18,1,28:43,5,10,0.5,0,0,NA,1,1,1,0,3,3,3,0,3,0,2,11,10.3,23,25.3
Al Horford,70,70,2016-03-19,29,ATL,H,HOU,12,1,32:41,10,19,0.526,2,5,0.4,0,0,NA,4,5,9,1,1,2,2,1,22,17.7,17,40.8
Al Horford,71,71,2016-03-21,29,ATL,H,WAS,-15,1,36:04,6,12,0.5,2,5,0.4,0,0,NA,0,9,9,9,3,1,1,2,14,18.9,-12,47.3
Al Horford,72,72,2016-03-23,29,ATL,A,WAS,21,1,28:46,4,7,0.571,3,6,0.5,2,2,1,0,3,3,3,0,0,3,1,13,9.3,-2,21.3
Al Horford,73,73,2016-03-25,29,ATL,H,MIL,11,1,31:20,7,12,0.583,0,1,0,0,0,NA,3,5,8,3,2,2,1,1,14,16.1,-4,36
Al Horford,74,74,2016-03-26,29,ATL,A,DET,17,1,29:58,6,15,0.4,1,5,0.2,0,0,NA,1,4,5,5,1,2,0,3,13,11.5,25,33.3
Al Horford,75,75,2016-03-28,29,ATL,A,CHI,2,1,33:52,6,11,0.545,0,0,NA,2,4,0.5,2,8,10,3,0,1,0,0,14,14.5,9,34.5
Al Horford,76,76,2016-03-30,29,ATL,A,TOR,-8,1,22:53,3,9,0.333,1,3,0.333,0,0,NA,2,5,7,3,0,1,1,2,7,5.8,-6,22.3
Al Horford,77,77,2016-04-01,29,ATL,H,CLE,-2,1,42:11,5,17,0.294,0,6,0,4,5,0.8,0,9,9,3,0,1,0,3,14,8,7,31.8
Al Horford,78,78,2016-04-05,29,ATL,H,PHO,13,1,34:14,7,18,0.389,2,4,0.5,0,0,NA,5,5,10,3,2,0,4,4,16,9.7,26,37.5
Al Horford,79,79,2016-04-07,29,ATL,H,TOR,8,1,32:51,4,9,0.444,1,3,0.333,2,2,1,1,7,8,6,2,0,2,4,11,11.7,12,33.5
Al Horford,80,80,2016-04-09,29,ATL,H,BOS,11,1,32:34,5,13,0.385,2,5,0.4,0,0,NA,1,7,8,6,1,1,1,4,12,11,9,35.5
Al Horford,81,81,2016-04-11,29,ATL,A,CLE,-15,1,33:03,10,17,0.588,0,4,0,0,1,0,2,9,11,2,1,1,1,2,20,17.1,-8,43.8
Al Horford,82,82,2016-04-13,29,ATL,A,WAS,-11,1,29:57,6,10,0.6,2,5,0.4,5,5,1,0,8,8,2,1,1,2,2,19,17.1,-10,36
Lamar Patterson,1,1,2015-10-27,24,ATL,H,DET,-12,0,18:18,1,1,1,1,1,1,2,2,1,0,1,1,2,0,0,0,4,5,4.8,10,9.8
Lamar Patterson,2,2,2015-10-29,24,ATL,A,NYK,11,0,21:00,3,5,0.6,2,3,0.667,1,2,0.5,1,1,2,0,0,0,1,4,9,4.7,-7,12
Lamar Patterson,3,3,2015-10-30,24,ATL,H,CHO,3,0,21:11,0,2,0,0,2,0,3,4,0.75,1,1,2,3,2,0,1,1,3,4.9,3,13.5
Lamar Patterson,4,4,2015-11-01,24,ATL,A,CHO,2,0,9:06,0,3,0,0,1,0,0,0,NA,0,1,1,2,0,0,1,0,0,-1.4,3,3.8
Lamar Patterson,5,5,2015-11-03,24,ATL,A,MIA,6,0,8:01,0,0,NA,0,0,NA,0,0,NA,0,0,0,0,0,0,0,0,0,0,0,0
Lamar Patterson,6,6,2015-11-04,24,ATL,H,BRK,14,0,1:37,0,1,0,0,1,0,0,0,NA,0,0,0,0,0,0,0,0,0,-0.7,0,0
Lamar Patterson,7,7,2015-11-06,24,ATL,A,NOP,6,0,10:01,0,1,0,0,0,NA,0,0,NA,0,1,1,2,0,0,0,1,0,0.6,-3,4.3
Lamar Patterson,14,8,2015-11-18,24,ATL,H,SAC,6,0,25:04,3,7,0.429,1,5,0.2,2,3,0.667,1,4,5,2,1,0,1,3,9,7,6,20.3
Lamar Patterson,15,9,2015-11-21,24,ATL,A,CLE,-12,0,21:38,0,2,0,0,2,0,0,0,NA,0,4,4,3,0,0,1,2,0,0.1,-2,9
Lamar Patterson,16,10,2015-11-24,24,ATL,H,BOS,24,0,22:54,3,5,0.6,3,5,0.6,1,2,0.5,0,6,6,3,1,0,1,4,10,9.6,4,25
Lamar Patterson,17,11,2015-11-25,24,ATL,A,MIN,-4,0,16:26,1,4,0.25,0,3,0,1,2,0.5,0,3,3,1,1,0,1,4,3,0.2,6,9.8
Lamar Patterson,18,12,2015-11-27,24,ATL,A,MEM,15,0,26:11,2,7,0.286,0,4,0,3,4,0.75,0,1,1,2,0,1,1,2,7,3.1,15,12.8
Lamar Patterson,19,13,2015-11-28,24,ATL,A,SAS,-20,0,16:13,1,4,0.25,1,3,0.333,0,0,NA,0,2,2,3,0,0,3,2,3,-0.5,12,9
Lamar Patterson,20,14,2015-11-30,24,ATL,H,OKC,6,0,1:40,0,0,NA,0,0,NA,0,0,NA,0,0,0,1,0,0,0,0,0,0.7,2,1.5
Lamar Patterson,21,15,2015-12-02,24,ATL,H,TOR,-10,0,6:23,0,1,0,0,1,0,0,0,NA,0,0,0,0,0,0,0,1,0,-1.1,-1,0
Lamar Patterson,22,16,2015-12-04,24,ATL,H,LAL,13,0,6:23,0,0,NA,0,0,NA,0,0,NA,0,0,0,0,0,0,1,2,0,-1.8,-2,-0.5
Lamar Patterson,23,17,2015-12-09,24,ATL,A,DAL,3,0,12:22,0,2,0,0,2,0,0,0,NA,0,1,1,1,0,0,2,2,0,-3.2,5,1.8
Lamar Patterson,24,18,2015-12-10,24,ATL,A,OKC,-13,0,3:49,0,0,NA,0,0,NA,0,0,NA,0,0,0,0,0,0,0,0,0,0,-7,0
Lamar Patterson,25,19,2015-12-12,24,ATL,H,SAS,-25,0,16:56,2,6,0.333,1,3,0.333,0,0,NA,1,2,3,1,1,0,1,0,5,3.6,3,12.3
Lamar Patterson,26,20,2015-12-14,24,ATL,H,MIA,-12,0,7:50,1,2,0.5,0,0,NA,0,0,NA,0,1,1,1,0,0,0,0,2,2,-1,4.8
Lamar Patterson,27,21,2015-12-16,24,ATL,H,PHI,21,0,12:35,2,4,0.5,0,1,0,0,0,NA,0,2,2,3,0,0,0,1,4,4.3,-3,11
Lamar Patterson,28,22,2015-12-18,24,ATL,A,BOS,8,0,5:12,0,0,NA,0,0,NA,0,0,NA,0,1,1,0,0,0,2,0,0,-1.7,0,0.3
Lamar Patterson,29,23,2015-12-20,24,ATL,A,ORL,3,0,12:55,0,0,NA,0,0,NA,0,0,NA,0,4,4,3,0,1,1,0,0,3,10,11
Lamar Patterson,30,24,2015-12-21,24,ATL,H,POR,9,0,11:34,1,3,0.333,0,2,0,0,0,NA,0,0,0,1,0,0,0,1,2,0.6,-11,3.5
Lamar Patterson,31,25,2015-12-23,24,ATL,H,DET,7,0,9:59,0,1,0,0,0,NA,0,0,NA,0,4,4,0,0,0,0,3,0,-0.7,3,5
Lamar Patterson,32,26,2015-12-26,24,ATL,H,NYK,19,0,15:46,3,4,0.75,1,2,0.5,0,0,NA,0,3,3,2,0,0,0,1,7,7.3,7,14.3
Lamar Patterson,33,27,2015-12-28,24,ATL,A,IND,-6,0,10:40,2,3,0.667,1,1,1,0,0,NA,0,1,1,0,1,0,2,2,5,2.2,-9,7.8
Lamar Patterson,34,28,2015-12-29,24,ATL,A,HOU,6,0,9:29,1,2,0.5,0,0,NA,1,1,1,0,1,1,1,0,0,0,2,3,2.2,1,5.8
Lamar Patterson,35,29,2016-01-03,24,ATL,A,NYK,-14,0,9:59,0,1,0,0,1,0,0,0,NA,0,0,0,0,0,0,0,1,0,-1.1,-7,0
Lamar Patterson,46,30,2016-01-25,24,ATL,A,DEN,14,0,3:32,0,2,0,0,2,0,2,2,1,0,0,0,0,0,0,0,0,2,0.6,-8,2
Lamar Patterson,48,31,2016-01-28,24,ATL,A,IND,-19,0,2:00,0,0,NA,0,0,NA,0,0,NA,0,0,0,0,0,0,0,0,0,0,-4,0
Lamar Patterson,49,32,2016-01-31,24,ATL,A,MIA,-18,0,2:17,0,2,0,0,1,0,0,0,NA,0,0,0,0,0,0,0,0,0,-1.4,-3,0
Lamar Patterson,50,33,2016-02-01,24,ATL,H,DAL,15,0,3:17,0,0,NA,0,0,NA,0,0,NA,0,0,0,0,0,0,1,2,0,-1.8,-2,-0.5
Lamar Patterson,51,34,2016-02-03,24,ATL,A,PHI,38,0,10:14,2,4,0.5,1,2,0.5,0,0,NA,0,1,1,1,1,0,2,0,5,3,11,9.3
Lamar Patterson,55,35,2016-02-10,24,ATL,A,CHI,23,0,2:22,0,1,0,0,1,0,0,0,NA,0,0,0,1,1,0,0,0,0,1,2,3.5
Walter Tavares,2,1,2015-10-29,23,ATL,A,NYK,11,0,1:09,0,0,NA,0,0,NA,1,2,0.5,1,0,1,0,0,0,0,0,1,1.3,-3,2.3
Walter Tavares,8,2,2015-11-07,23,ATL,H,WAS,15,0,0:57,0,0,NA,0,0,NA,0,0,NA,0,0,0,0,0,0,0,1,0,-0.4,0,0
Walter Tavares,16,3,2015-11-24,23,ATL,H,BOS,24,0,2:51,0,0,NA,0,0,NA,0,0,NA,0,1,1,1,0,0,1,0,0,0,-1,2.3
Walter Tavares,25,4,2015-12-12,23,ATL,H,SAS,-25,0,7:15,1,3,0.333,0,0,NA,1,2,0.5,0,0,0,0,0,0,0,0,3,0.9,-2,3
Walter Tavares,34,5,2015-12-29,23,ATL,A,HOU,6,0,10:15,3,5,0.6,0,0,NA,0,0,NA,3,3,6,0,1,0,2,1,6,5.3,-6,14.5
Walter Tavares,35,6,2016-01-03,23,ATL,A,NYK,-14,0,18:10,2,4,0.5,0,0,NA,0,2,0,1,3,4,0,0,3,1,0,4,3.9,0,14.5
Walter Tavares,36,7,2016-01-05,23,ATL,H,NYK,-6,0,12:57,2,3,0.667,0,0,NA,1,2,0.5,1,2,3,0,0,2,0,2,5,5.2,-6,12.8
Walter Tavares,45,8,2016-01-23,23,ATL,A,PHO,-3,0,4:32,0,0,NA,0,0,NA,0,0,NA,0,0,0,1,0,0,0,1,0,0.3,-5,1.5
Walter Tavares,50,9,2016-02-01,23,ATL,H,DAL,15,0,3:17,0,0,NA,0,0,NA,0,0,NA,0,1,1,0,0,0,0,1,0,-0.1,-2,1.3
Walter Tavares,51,10,2016-02-03,23,ATL,A,PHI,38,0,8:06,2,3,0.667,0,0,NA,0,0,NA,1,3,4,0,0,1,1,2,4,3.2,9,10.5
Walter Tavares,62,11,2016-03-04,23,ATL,A,LAL,29,0,3:10,1,1,1,0,0,NA,0,0,NA,0,1,1,1,0,0,0,0,2,2.7,6,4.8
Kris Humphries,59,33,2016-03-04,31,ATL,A,LAL,29,0,22:23,4,7,0.571,1,2,0.5,5,6,0.833,3,5,8,0,1,1,1,1,14,14.2,24,28
Kris Humphries,60,34,2016-03-05,31,ATL,A,LAC,10,0,13:29,2,6,0.333,0,2,0,0,0,NA,0,1,1,1,0,0,0,6,4,-0.8,2,6.8
Kris Humphries,61,35,2016-03-08,31,ATL,A,UTA,7,0,18:06,4,9,0.444,0,2,0,0,2,0,0,2,2,0,0,1,0,3,8,2.6,8,12.5
Kris Humphries,62,36,2016-03-10,31,ATL,A,TOR,-8,0,14:46,2,6,0.333,0,1,0,5,6,0.833,2,2,4,0,0,0,0,3,9,6,-5,14
Kris Humphries,63,37,2016-03-12,31,ATL,H,MEM,12,0,14:59,1,3,0.333,1,2,0.5,2,4,0.5,3,3,6,1,2,0,2,3,5,5,6,17.5
Kris Humphries,64,38,2016-03-13,31,ATL,H,IND,29,0,21:30,3,6,0.5,1,1,1,0,0,NA,0,7,7,2,1,1,1,1,7,7.8,11,22.8
Kris Humphries,65,39,2016-03-16,31,ATL,A,DET,4,0,11:30,3,6,0.5,1,2,0.5,0,0,NA,2,1,3,0,0,0,1,3,7,3.5,-15,10.8
Kris Humphries,66,40,2016-03-17,31,ATL,H,DEN,18,0,17:09,3,8,0.375,0,2,0,5,6,0.833,2,1,3,0,0,0,1,5,11,4.9,-5,14.3
Kris Humphries,67,41,2016-03-19,31,ATL,H,HOU,12,0,13:49,3,4,0.75,0,0,NA,0,1,0,1,2,3,2,0,1,0,3,6,6.2,-6,14.8
Kris Humphries,68,42,2016-03-21,31,ATL,H,WAS,-15,0,5:16,1,2,0.5,0,0,NA,0,0,NA,0,3,3,0,0,0,0,0,2,1.9,-2,5.8
Kris Humphries,69,43,2016-03-23,31,ATL,A,WAS,21,0,16:44,4,6,0.667,0,2,0,1,2,0.5,1,3,4,1,2,2,1,1,9,10.3,16,23
Kris Humphries,70,44,2016-03-25,31,ATL,H,MIL,11,0,17:57,3,6,0.5,1,3,0.333,4,4,1,1,3,4,1,0,0,1,3,11,8.1,14,17.5
Kris Humphries,71,45,2016-03-26,31,ATL,A,DET,17,0,21:12,5,8,0.625,0,2,0,1,1,1,2,3,5,0,0,0,0,2,11,8.9,0,17.3
Kris Humphries,72,46,2016-03-28,31,ATL,A,CHI,2,0,14:11,3,4,0.75,1,2,0.5,2,2,1,1,5,6,0,0,0,0,3,9,8.4,-7,17
Kris Humphries,73,47,2016-03-30,31,ATL,A,TOR,-8,0,14:27,1,3,0.333,1,3,0.333,1,1,1,0,2,2,1,0,0,3,4,4,-1,-10,7
Kris Humphries,74,48,2016-04-01,31,ATL,H,CLE,-2,0,13:14,0,4,0,0,2,0,3,4,0.75,1,2,3,1,0,1,0,2,3,1.7,-20,10.3
Kris Humphries,75,49,2016-04-05,31,ATL,H,PHO,13,0,10:33,2,4,0.5,1,2,0.5,0,0,NA,0,1,1,1,0,0,2,0,5,2,-19,7.3
Kris Humphries,76,50,2016-04-07,31,ATL,H,TOR,8,0,3:14,0,1,0,0,1,0,0,0,NA,0,0,0,0,0,0,0,0,0,-0.7,0,0
Kris Humphries,77,51,2016-04-09,31,ATL,H,BOS,11,0,8:00,1,2,0.5,0,0,NA,1,2,0.5,0,1,1,0,1,0,0,0,3,2.9,4,6.3
Kris Humphries,78,52,2016-04-11,31,ATL,A,CLE,-15,0,11:25,1,3,0.333,0,0,NA,1,2,0.5,0,2,2,1,0,0,1,0,3,1.2,0,6.5
Kris Humphries,79,53,2016-04-13,31,ATL,A,WAS,-11,0,11:06,1,3,0.333,0,0,NA,1,2,0.5,1,2,3,1,3,0,0,1,3,5.5,3,14.3
Mike Scott,1,1,2015-10-27,27,ATL,H,DET,-12,0,5:29,2,4,0.5,0,2,0,0,0,NA,0,1,1,0,0,0,0,0,4,2.3,1,5.3
Mike Scott,2,2,2015-10-29,27,ATL,A,NYK,11,0,11:10,1,4,0.25,0,1,0,0,0,NA,0,1,1,1,0,0,0,2,2,-0.2,-3,4.8
Mike Scott,3,3,2015-10-30,27,ATL,H,CHO,3,0,13:02,0,3,0,0,0,NA,0,0,NA,1,2,3,3,0,0,0,2,0,0.5,-4,8.3
Mike Scott,4,4,2015-11-01,27,ATL,A,CHO,2,0,13:04,0,3,0,0,2,0,0,0,NA,0,3,3,2,0,0,0,1,0,-0.2,5,6.8
Mike Scott,5,5,2015-11-03,27,ATL,A,MIA,6,0,12:01,2,5,0.4,1,2,0.5,2,2,1,1,2,3,0,0,0,0,1,7,5.2,6,11.3
Mike Scott,6,6,2015-11-04,27,ATL,H,BRK,14,0,14:05,1,3,0.333,0,0,NA,2,2,1,0,0,0,1,0,0,0,1,4,2.6,0,5.5
Mike Scott,7,7,2015-11-06,27,ATL,A,NOP,6,0,13:47,3,5,0.6,1,3,0.333,2,2,1,1,1,2,1,0,0,2,1,9,6,6,12.5
Mike Scott,8,8,2015-11-07,27,ATL,H,WAS,15,0,14:00,3,3,1,0,0,NA,2,2,1,2,2,4,2,0,0,2,1,8,8.1,-2,15
Mike Scott,9,9,2015-11-09,27,ATL,H,MIN,-10,0,11:20,3,4,0.75,1,1,1,0,0,NA,0,1,1,0,0,0,0,0,7,5.7,-22,8.8
Mike Scott,10,10,2015-11-11,27,ATL,H,NOP,8,0,5:32,0,0,NA,0,0,NA,0,0,NA,0,0,0,0,0,0,0,0,0,0,-3,0
Mike Scott,11,11,2015-11-13,27,ATL,A,BOS,-13,0,11:39,1,4,0.25,0,1,0,0,0,NA,0,1,1,1,1,0,0,1,2,1.2,-7,6.8
Mike Scott,13,12,2015-11-17,27,ATL,A,BRK,-2,0,13:13,2,6,0.333,0,2,0,2,3,0.667,1,3,4,2,0,1,1,1,6,4.5,14,15.5
Mike Scott,15,13,2015-11-21,27,ATL,A,CLE,-12,0,3:09,1,1,1,0,0,NA,0,0,NA,0,1,1,1,1,0,0,1,2,3.3,7,6.8
Mike Scott,16,14,2015-11-24,27,ATL,H,BOS,24,0,17:56,6,8,0.75,2,3,0.667,1,1,1,0,1,1,1,0,0,3,3,15,8.6,14,17.3
Mike Scott,17,15,2015-11-25,27,ATL,A,MIN,-4,0,13:06,1,5,0.2,0,3,0,1,2,0.5,0,0,0,1,0,1,0,0,3,0.9,-9,6.5
Mike Scott,18,16,2015-11-27,27,ATL,A,MEM,15,0,7:56,1,3,0.333,0,0,NA,0,0,NA,1,2,3,1,0,0,1,1,2,0.9,-7,6.8
Mike Scott,19,17,2015-11-28,27,ATL,A,SAS,-20,0,14:09,5,9,0.556,2,3,0.667,0,0,NA,1,1,2,3,0,1,0,0,12,11.5,6,22
Mike Scott,20,18,2015-11-30,27,ATL,H,OKC,6,0,9:15,1,2,0.5,0,1,0,3,4,0.75,1,1,2,1,0,0,0,0,5,5.3,1,9
Mike Scott,21,19,2015-12-02,27,ATL,H,TOR,-10,0,11:05,2,6,0.333,1,2,0.5,0,0,NA,1,3,4,0,0,0,3,0,5,0.2,1,9
Mike Scott,22,20,2015-12-04,27,ATL,H,LAL,13,0,16:40,5,9,0.556,1,2,0.5,3,4,0.75,2,1,3,3,0,0,1,2,14,11.3,11,22.3
Mike Scott,27,21,2015-12-16,27,ATL,H,PHI,21,0,18:52,4,5,0.8,1,2,0.5,0,0,NA,1,1,2,0,0,0,1,1,9,6.7,18,11.5
Mike Scott,28,22,2015-12-18,27,ATL,A,BOS,8,0,8:33,0,0,NA,0,0,NA,0,0,NA,0,2,2,0,0,0,0,2,0,-0.2,-2,2.5
Mike Scott,29,23,2015-12-20,27,ATL,A,ORL,3,0,17:24,6,10,0.6,3,5,0.6,0,1,0,0,2,2,1,0,0,0,2,15,10.5,11,20.5
Mike Scott,30,24,2015-12-21,27,ATL,H,POR,9,0,22:55,5,9,0.556,1,3,0.333,2,2,1,0,1,1,1,0,1,0,1,13,10,-5,18.3
Mike Scott,31,25,2015-12-23,27,ATL,H,DET,7,0,14:11,3,6,0.5,1,2,0.5,2,2,1,1,1,2,1,0,0,1,4,9,5.1,6,13
Mike Scott,32,26,2015-12-26,27,ATL,H,NYK,19,0,20:35,7,8,0.875,2,2,1,2,2,1,1,1,2,1,1,1,1,0,18,17.6,17,26.5
Mike Scott,33,27,2015-12-28,27,ATL,A,IND,-6,0,17:15,1,2,0.5,0,1,0,0,0,NA,1,1,2,0,1,0,2,3,2,-0.2,-9,5.5
Mike Scott,34,28,2015-12-29,27,ATL,A,HOU,6,0,14:34,2,5,0.4,1,3,0.333,0,0,NA,0,2,2,1,2,0,0,2,5,4.8,-11,13.5
Mike Scott,35,29,2016-01-03,27,ATL,A,NYK,-14,0,14:55,2,6,0.333,1,2,0.5,0,0,NA,0,3,3,0,0,0,1,0,5,1.5,-3,8.8
Mike Scott,36,30,2016-01-05,27,ATL,H,NYK,-6,0,13:36,2,4,0.5,2,3,0.667,0,0,NA,0,2,2,0,0,0,0,3,6,3.4,1,9.5
Mike Scott,37,31,2016-01-07,27,ATL,A,PHI,28,0,23:06,5,11,0.455,1,5,0.2,0,2,0,0,3,3,2,0,1,0,0,11,7.5,23,20.3
Mike Scott,38,32,2016-01-09,27,ATL,H,CHI,15,0,17:39,6,7,0.857,2,3,0.667,0,0,NA,1,2,3,3,1,1,1,2,14,14.8,12,26.8
Mike Scott,39,33,2016-01-13,27,ATL,A,CHO,-23,0,17:48,2,6,0.333,2,6,0.333,2,2,1,0,4,4,0,0,0,0,2,8,5,2,14
Mike Scott,40,34,2016-01-15,27,ATL,A,MIL,-7,0,18:28,1,5,0.2,1,4,0.25,0,0,NA,0,2,2,0,0,0,0,1,3,0.1,-3,6
Mike Scott,41,35,2016-01-16,27,ATL,H,BRK,28,0,20:58,1,5,0.2,1,3,0.333,2,2,1,1,4,5,2,3,0,2,2,5,5.4,22,19.8
Mike Scott,42,36,2016-01-18,27,ATL,H,ORL,17,0,18:09,5,6,0.833,2,2,1,0,0,NA,0,1,1,2,1,0,2,3,12,9.3,5,18.3
Mike Scott,43,37,2016-01-20,27,ATL,A,POR,6,0,7:48,2,3,0.667,0,1,0,0,0,NA,1,2,3,0,1,0,0,0,4,5,-6,9.8
Mike Scott,44,38,2016-01-21,27,ATL,A,SAC,-3,0,14:30,2,4,0.5,2,3,0.667,0,0,NA,0,1,1,0,0,2,0,4,6,4.1,16,12.3
Mike Scott,45,39,2016-01-23,27,ATL,A,PHO,-3,0,26:26,7,11,0.636,2,3,0.667,0,0,NA,1,3,4,1,0,1,0,2,16,13.3,3,25.5
Mike Scott,46,40,2016-01-25,27,ATL,A,DEN,14,0,16:53,3,5,0.6,1,2,0.5,2,2,1,0,2,2,0,0,0,0,3,9,6.1,-1,12
Mike Scott,47,41,2016-01-27,27,ATL,H,LAC,-2,0,14:31,0,2,0,0,1,0,1,2,0.5,1,4,5,1,0,0,0,1,1,1.4,-8,8.8
Mike Scott,48,42,2016-01-28,27,ATL,A,IND,-19,0,17:24,3,11,0.273,1,6,0.167,1,1,1,1,1,2,0,0,0,0,0,8,2.5,-14,11
Mike Scott,49,43,2016-01-31,27,ATL,A,MIA,-18,0,6:18,0,0,NA,0,0,NA,0,0,NA,0,0,0,0,0,0,0,2,0,-0.8,-7,0
Mike Scott,50,44,2016-02-01,27,ATL,H,DAL,15,0,12:42,1,3,0.333,1,2,0.5,0,0,NA,0,1,1,1,0,0,0,1,3,1.9,2,6.3
Mike Scott,51,45,2016-02-03,27,ATL,A,PHI,38,0,20:25,6,10,0.6,1,1,1,0,0,NA,4,5,9,1,1,0,2,2,13,11.6,17,27.3
Mike Scott,52,46,2016-02-05,27,ATL,H,IND,6,0,16:06,2,3,0.667,0,0,NA,0,0,NA,0,3,3,2,1,1,1,1,4,5.3,7,14.3
Mike Scott,53,47,2016-02-07,27,ATL,A,ORL,-2,0,15:19,0,2,0,0,0,NA,0,0,NA,3,5,8,2,0,1,1,0,0,3.3,9,14.5
Mike Scott,54,48,2016-02-08,27,ATL,H,ORL,-7,0,11:24,2,6,0.333,0,1,0,1,2,0.5,1,0,1,0,0,0,0,1,5,1.5,-7,6.3
Mike Scott,55,49,2016-02-10,27,ATL,A,CHI,23,0,19:43,3,9,0.333,2,4,0.5,2,2,1,3,2,5,2,2,0,0,0,10,11,13,24.3
Mike Scott,56,50,2016-02-19,27,ATL,H,MIA,-4,0,24:45,5,9,0.556,3,5,0.6,0,0,NA,2,4,6,2,0,0,2,3,13,9.5,7,24
Mike Scott,57,51,2016-02-20,27,ATL,H,MIL,-8,0,18:41,3,8,0.375,0,3,0,0,0,NA,0,4,4,0,0,0,1,2,6,1,6,10.5
Mike Scott,58,52,2016-02-22,27,ATL,H,GSW,-10,0,20:54,0,4,0,0,2,0,0,0,NA,2,9,11,1,0,0,0,0,0,2,10,15.3
Mike Scott,59,53,2016-02-26,27,ATL,H,CHI,15,0,17:31,1,3,0.333,0,1,0,0,0,NA,0,1,1,2,2,0,0,2,2,3.2,9,10.3
Mike Scott,60,54,2016-02-28,27,ATL,H,CHO,11,0,24:49,3,5,0.6,1,2,0.5,1,2,0.5,0,3,3,1,0,1,1,1,8,6.2,14,15.3
Mike Scott,61,55,2016-03-01,27,ATL,A,GSW,-4,0,20:48,4,6,0.667,3,5,0.6,0,0,NA,0,1,1,0,1,0,0,0,11,9.7,-5,15.8
Mike Scott,62,56,2016-03-04,27,ATL,A,LAL,29,0,14:54,1,3,0.333,1,1,1,0,0,NA,0,1,1,2,0,0,1,5,3,0,5,7.3
Mike Scott,63,57,2016-03-05,27,ATL,A,LAC,10,0,13:32,1,7,0.143,0,3,0,0,0,NA,0,1,1,1,1,0,1,0,2,-1.5,-4,6.3
Mike Scott,64,58,2016-03-08,27,ATL,A,UTA,7,0,8:51,1,2,0.5,0,0,NA,0,0,NA,0,1,1,0,0,0,1,2,2,-0.5,-5,2.8
Mike Scott,66,59,2016-03-12,27,ATL,H,MEM,12,0,10:32,0,4,0,0,2,0,1,2,0.5,0,1,1,1,0,0,0,2,1,-2,-20,3.8
Mike Scott,67,60,2016-03-13,27,ATL,H,IND,29,0,16:49,0,5,0,0,2,0,2,2,1,1,2,3,0,0,0,2,0,2,-2.2,-2,4.8
Mike Scott,68,61,2016-03-16,27,ATL,A,DET,4,0,15:18,2,6,0.333,0,2,0,0,0,NA,0,2,2,3,0,1,0,2,4,3.2,-4,13
Mike Scott,69,62,2016-03-17,27,ATL,H,DEN,18,0,20:17,1,3,0.333,0,1,0,2,3,0.667,1,2,3,2,2,0,1,3,4,4.4,-8,14.3
Mike Scott,70,63,2016-03-19,27,ATL,H,HOU,12,0,16:14,2,4,0.5,1,3,0.333,1,2,0.5,1,3,4,2,2,0,0,2,6,7.8,1,18.5
Mike Scott,71,64,2016-03-21,27,ATL,H,WAS,-15,0,25:01,4,6,0.667,1,2,0.5,0,0,NA,1,1,2,2,0,1,0,2,9,8.7,-5,17
Mike Scott,72,65,2016-03-23,27,ATL,A,WAS,21,0,18:23,4,7,0.571,2,3,0.667,0,0,NA,2,5,7,0,0,0,1,1,10,8.2,17,19.3
Mike Scott,73,66,2016-03-25,27,ATL,H,MIL,11,0,12:56,2,9,0.222,1,5,0.2,0,0,NA,2,1,3,2,0,1,0,1,5,2.9,0,14.3
Mike Scott,74,67,2016-03-26,27,ATL,A,DET,17,0,16:01,3,5,0.6,2,4,0.5,2,2,1,1,4,5,2,0,0,0,2,10,10.2,1,20.3
Mike Scott,75,68,2016-03-28,27,ATL,A,CHI,2,0,12:24,2,3,0.667,1,2,0.5,2,2,1,0,3,3,1,0,1,1,2,7,6.2,-2,14.3
Mike Scott,76,69,2016-03-30,27,ATL,A,TOR,-8,0,24:08,5,8,0.625,2,4,0.5,0,0,NA,2,6,8,2,0,0,1,1,12,11.6,2,25.5
Mike Scott,77,70,2016-04-01,27,ATL,H,CLE,-2,0,9:18,0,0,NA,0,0,NA,0,0,NA,0,1,1,0,0,0,0,1,0,-0.1,-3,1.3
Mike Scott,78,71,2016-04-05,27,ATL,H,PHO,13,0,15:38,1,4,0.25,0,1,0,0,0,NA,0,2,2,0,1,0,1,1,2,-0.2,1,6
Mike Scott,79,72,2016-04-07,27,ATL,H,TOR,8,0,14:05,4,7,0.571,1,3,0.333,2,2,1,2,5,7,1,0,0,0,0,11,11.3,-4,21.8
Mike Scott,80,73,2016-04-09,27,ATL,H,BOS,11,0,15:52,1,3,0.333,1,2,0.5,0,0,NA,1,1,2,1,0,0,0,2,3,2.2,-8,7.5
Mike Scott,81,74,2016-04-11,27,ATL,A,CLE,-15,0,11:48,0,0,NA,0,0,NA,0,0,NA,0,0,0,1,0,0,0,1,0,0.3,-14,1.5
Mike Scott,82,75,2016-04-13,27,ATL,A,WAS,-11,0,16:39,3,4,0.75,2,2,1,2,2,1,2,1,3,1,0,0,0,1,10,10.4,2,16.3
Shelvin Mack,6,1,2015-11-04,25,ATL,H,BRK,14,0,7:45,0,2,0,0,0,NA,0,0,NA,0,2,2,0,0,0,2,1,0,-3.2,0,1.5
Shelvin Mack,11,2,2015-11-13,25,ATL,A,BOS,-13,0,0:34,0,0,NA,0,0,NA,0,0,NA,0,0,0,0,0,0,0,0,0,0,0,0
Shelvin Mack,12,3,2015-11-15,25,ATL,H,UTA,-1,0,14:30,3,7,0.429,0,1,0,1,1,1,0,0,0,2,2,0,2,1,7,4.3,-11,13
Shelvin Mack,13,4,2015-11-17,25,ATL,A,BRK,-2,0,18:43,3,8,0.375,2,4,0.5,0,0,NA,0,2,2,2,2,0,0,1,8,7.2,4,18.5
Shelvin Mack,14,5,2015-11-18,25,ATL,H,SAC,6,0,15:32,2,6,0.333,0,3,0,2,2,1,0,4,4,5,1,0,1,0,6,7.3,3,20
Shelvin Mack,15,6,2015-11-21,25,ATL,A,CLE,-12,0,5:57,2,3,0.667,0,0,NA,0,0,NA,0,0,0,2,0,0,0,0,4,4.1,6,7
Shelvin Mack,16,7,2015-11-24,25,ATL,H,BOS,24,0,3:11,1,2,0.5,0,0,NA,0,0,NA,0,1,1,1,0,0,0,0,2,2,0,4.8
Shelvin Mack,19,8,2015-11-28,25,ATL,A,SAS,-20,0,8:16,1,2,0.5,0,0,NA,0,0,NA,1,1,2,5,0,0,0,0,2,5.5,6,12
Shelvin Mack,25,9,2015-12-12,25,ATL,H,SAS,-25,0,7:09,2,4,0.5,0,2,0,0,0,NA,0,0,0,1,0,0,0,0,4,2.7,-3,5.5
Shelvin Mack,27,10,2015-12-16,25,ATL,H,PHI,21,0,7:59,4,6,0.667,0,1,0,0,0,NA,0,0,0,1,1,0,1,0,8,6.1,-2,11
Shelvin Mack,32,11,2015-12-26,25,ATL,H,NYK,19,0,2:24,1,1,1,0,0,NA,0,0,NA,0,0,0,0,0,0,0,0,2,1.7,-1,2
Shelvin Mack,34,12,2015-12-29,25,ATL,A,HOU,6,0,14:26,2,9,0.222,0,5,0,1,1,1,0,0,0,3,0,0,1,1,5,0.2,-17,9
Shelvin Mack,35,13,2016-01-03,25,ATL,A,NYK,-14,0,18:26,5,10,0.5,0,1,0,0,0,NA,1,0,1,5,1,0,3,1,10,6.8,-2,19.3
Shelvin Mack,37,14,2016-01-07,25,ATL,A,PHI,28,0,7:21,3,5,0.6,2,3,0.667,0,0,NA,0,1,1,2,0,0,0,1,8,7,-2,13.3
Shelvin Mack,38,15,2016-01-09,25,ATL,H,CHI,15,0,2:38,0,2,0,0,1,0,0,0,NA,0,0,0,0,0,0,1,0,0,-2.4,-2,-0.5
Shelvin Mack,39,16,2016-01-13,25,ATL,A,CHO,-23,0,9:18,3,6,0.5,0,1,0,2,3,0.667,0,3,3,3,0,0,1,0,8,6.6,2,15.8
Shelvin Mack,41,17,2016-01-16,25,ATL,H,BRK,28,0,5:46,2,3,0.667,0,0,NA,2,4,0.5,0,0,0,1,0,0,0,0,6,4.6,2,7.5
Shelvin Mack,42,18,2016-01-18,25,ATL,H,ORL,17,0,6:21,0,2,0,0,0,NA,0,0,NA,0,2,2,1,0,0,0,0,0,-0.1,-5,4
Shelvin Mack,46,19,2016-01-25,25,ATL,A,DEN,14,0,3:32,0,2,0,0,1,0,0,0,NA,0,0,0,1,0,0,0,0,0,-0.7,-8,1.5
Shelvin Mack,48,20,2016-01-28,25,ATL,A,IND,-19,0,2:00,0,0,NA,0,0,NA,0,0,NA,0,0,0,0,0,0,1,0,0,-1,-4,-0.5
Shelvin Mack,49,21,2016-01-31,25,ATL,A,MIA,-18,0,2:17,0,2,0,0,1,0,0,0,NA,0,0,0,0,0,0,0,0,0,-1.4,-3,0
Shelvin Mack,50,22,2016-02-01,25,ATL,H,DAL,15,0,4:10,2,4,0.5,0,1,0,0,0,NA,0,2,2,0,0,0,1,0,4,1.6,-2,6
Shelvin Mack,51,23,2016-02-03,25,ATL,A,PHI,38,0,8:45,4,8,0.5,0,1,0,1,1,1,0,2,2,2,0,0,0,1,9,6.6,9,14.5
Shelvin Mack,55,24,2016-02-10,25,ATL,A,CHI,23,0,2:22,0,1,0,0,1,0,0,0,NA,0,0,0,1,1,0,0,0,0,1,2,3.5
Tim Hardaway,16,1,2015-11-24,23,ATL,H,BOS,24,0,12:11,1,3,0.333,1,2,0.5,0,0,NA,0,0,0,1,0,0,0,1,3,1.6,3,5
Tim Hardaway,17,2,2015-11-25,23,ATL,A,MIN,-4,0,11:49,0,3,0,0,2,0,2,2,1,0,2,2,0,0,1,0,0,2,1.2,-12,6.5
Tim Hardaway,18,3,2015-11-27,23,ATL,A,MEM,15,0,8:12,1,2,0.5,1,1,1,0,0,NA,0,0,0,0,0,0,0,0,3,2,-11,3.5
Tim Hardaway,19,4,2015-11-28,23,ATL,A,SAS,-20,0,12:00,1,5,0.2,0,3,0,0,0,NA,1,2,3,1,0,0,1,1,2,-0.5,1,6.8
Tim Hardaway,36,5,2016-01-05,23,ATL,H,NYK,-6,0,12:03,1,3,0.333,1,3,0.333,0,0,NA,1,0,1,1,0,0,0,1,3,2.3,12,6.3
Tim Hardaway,37,6,2016-01-07,23,ATL,A,PHI,28,0,18:43,3,6,0.5,2,3,0.667,0,0,NA,0,2,2,3,1,0,1,1,8,7.3,18,17.5
Tim Hardaway,38,7,2016-01-09,23,ATL,H,CHI,15,0,16:22,1,4,0.25,0,2,0,0,0,NA,0,1,1,1,2,0,1,1,2,1.2,12,8.3
Tim Hardaway,39,8,2016-01-13,23,ATL,A,CHO,-23,0,19:10,1,4,0.25,0,1,0,1,1,1,0,1,1,0,0,0,0,1,3,0.5,6,4.3
Tim Hardaway,40,9,2016-01-15,23,ATL,A,MIL,-7,0,5:18,0,1,0,0,1,0,0,0,NA,0,0,0,0,1,0,0,0,0,0.3,2,2
Tim Hardaway,41,10,2016-01-16,23,ATL,H,BRK,28,0,23:07,4,5,0.8,0,1,0,0,0,NA,0,1,1,3,0,0,1,1,8,7.1,24,13.3
Tim Hardaway,42,11,2016-01-18,23,ATL,H,ORL,17,0,19:22,2,5,0.4,2,3,0.667,2,2,1,0,1,1,3,1,0,0,0,8,8.7,10,16.8
Tim Hardaway,43,12,2016-01-20,23,ATL,A,POR,6,0,10:40,0,1,0,0,1,0,0,0,NA,0,0,0,1,0,1,0,0,0,0.7,-10,3.5
Tim Hardaway,44,13,2016-01-21,23,ATL,A,SAC,-3,0,15:33,3,8,0.375,0,3,0,3,4,0.75,0,5,5,0,1,0,0,1,9,6.3,17,17.3
Tim Hardaway,45,14,2016-01-23,23,ATL,A,PHO,-3,0,12:11,0,1,0,0,1,0,0,0,NA,0,0,0,1,0,0,1,1,0,-1.4,2,1
Tim Hardaway,46,15,2016-01-25,23,ATL,A,DEN,14,0,16:34,3,8,0.375,1,4,0.25,0,0,NA,1,1,2,0,0,0,0,4,7,2,1,10
Tim Hardaway,47,16,2016-01-27,23,ATL,H,LAC,-2,0,8:42,0,1,0,0,1,0,0,0,NA,0,2,2,0,0,0,0,0,0,-0.1,-11,2.5
Tim Hardaway,48,17,2016-01-28,23,ATL,A,IND,-19,0,17:21,1,4,0.25,1,3,0.333,0,0,NA,0,1,1,2,0,0,1,0,3,1.3,-18,7.3
Tim Hardaway,49,18,2016-01-31,23,ATL,A,MIA,-18,0,20:15,3,6,0.5,0,2,0,4,4,1,0,1,1,0,1,0,0,1,10,7.9,-7,13.3
Tim Hardaway,50,19,2016-02-01,23,ATL,H,DAL,15,0,21:31,3,7,0.429,1,3,0.333,2,2,1,0,3,3,2,0,0,1,1,9,6.2,-1,15.8
Tim Hardaway,51,20,2016-02-03,23,ATL,A,PHI,38,0,25:47,5,8,0.625,1,3,0.333,2,2,1,2,5,7,4,1,0,0,1,13,15.7,23,30.3
Tim Hardaway,52,21,2016-02-05,23,ATL,H,IND,6,0,12:35,1,3,0.333,1,2,0.5,0,0,NA,0,1,1,1,0,0,0,0,3,2.3,3,6.3
Tim Hardaway,53,22,2016-02-07,23,ATL,A,ORL,-2,0,11:12,0,1,0,0,0,NA,0,0,NA,0,0,0,1,0,0,0,0,0,0,0,1.5
Tim Hardaway,54,23,2016-02-08,23,ATL,H,ORL,-7,0,6:00,1,4,0.25,0,2,0,0,0,NA,0,0,0,0,0,1,0,0,2,0.3,-10,4
Tim Hardaway,55,24,2016-02-10,23,ATL,A,CHI,23,0,19:15,0,3,0,0,2,0,2,2,1,0,6,6,0,1,0,1,2,2,0.9,14,11
Tim Hardaway,56,25,2016-02-19,23,ATL,H,MIA,-4,0,11:42,0,1,0,0,1,0,0,0,NA,0,2,2,0,0,0,0,0,0,-0.1,-9,2.5
Tim Hardaway,57,26,2016-02-20,23,ATL,H,MIL,-8,0,14:24,2,6,0.333,0,3,0,3,3,1,0,1,1,2,0,1,0,2,7,5.2,7,13.3
Tim Hardaway,58,27,2016-02-22,23,ATL,H,GSW,-10,0,25:40,5,9,0.556,2,5,0.4,0,0,NA,0,2,2,1,1,0,2,4,12,6.4,17,18
Tim Hardaway,59,28,2016-02-26,23,ATL,H,CHI,15,0,19:02,3,6,0.5,1,4,0.25,2,2,1,1,5,6,1,1,0,1,2,9,8.1,1,20
Tim Hardaway,60,29,2016-02-28,23,ATL,H,CHO,11,0,25:11,5,8,0.625,1,2,0.5,0,0,NA,0,2,2,1,1,1,0,4,11,8.8,20,19.5
Tim Hardaway,61,30,2016-03-01,23,ATL,A,GSW,-4,0,17:28,2,5,0.4,1,2,0.5,1,2,0.5,0,1,1,0,0,0,1,1,6,1.8,-6,7.3
Tim Hardaway,62,31,2016-03-04,23,ATL,A,LAL,29,0,13:24,2,2,1,2,2,1,0,0,NA,0,2,2,0,1,0,0,0,6,7,5,11.5
Tim Hardaway,63,32,2016-03-05,23,ATL,A,LAC,10,0,7:57,1,3,0.333,0,1,0,0,0,NA,0,0,0,1,0,0,0,0,2,1,-10,3.5
Tim Hardaway,64,33,2016-03-08,23,ATL,A,UTA,7,0,17:25,2,4,0.5,1,3,0.333,1,1,1,0,1,1,0,0,0,1,1,6,2.9,2,7.3
Tim Hardaway,65,34,2016-03-10,23,ATL,A,TOR,-8,0,21:12,5,8,0.625,1,2,0.5,0,0,NA,0,0,0,0,0,0,0,0,11,7.4,-9,11.5
Tim Hardaway,66,35,2016-03-12,23,ATL,H,MEM,12,0,17:18,1,4,0.25,1,4,0.25,0,0,NA,0,0,0,0,0,0,1,0,3,-0.4,-7,3
Tim Hardaway,67,36,2016-03-13,23,ATL,H,IND,29,0,23:04,1,5,0.2,1,2,0.5,2,2,1,0,2,2,2,2,0,1,1,5,4.5,0,14.5
Tim Hardaway,68,37,2016-03-16,24,ATL,A,DET,4,0,11:29,1,3,0.333,1,3,0.333,2,2,1,0,0,0,0,0,0,0,1,5,2.9,-3,5.5
Tim Hardaway,69,38,2016-03-17,24,ATL,H,DEN,18,1,29:34,6,11,0.545,2,4,0.5,7,8,0.875,1,6,7,4,1,0,0,0,21,21.6,25,38.8
Tim Hardaway,70,39,2016-03-19,24,ATL,H,HOU,12,0,20:04,7,11,0.636,5,7,0.714,1,1,1,0,3,3,0,2,0,0,1,20,17.6,11,30.3
Tim Hardaway,71,40,2016-03-21,24,ATL,H,WAS,-15,0,25:47,6,8,0.75,4,5,0.8,0,0,NA,0,4,4,1,0,0,2,3,16,11.5,2,23.5
Tim Hardaway,72,41,2016-03-23,24,ATL,A,WAS,21,0,25:14,5,11,0.455,2,8,0.25,2,3,0.667,0,1,1,1,1,0,1,1,14,8.5,30,19.3
Tim Hardaway,73,42,2016-03-25,24,ATL,H,MIL,11,0,17:38,2,5,0.4,1,4,0.25,2,4,0.5,0,1,1,2,1,0,0,1,7,5.8,-1,13.8
Tim Hardaway,74,43,2016-03-26,24,ATL,A,DET,17,0,23:21,1,8,0.125,0,3,0,1,1,1,0,0,0,1,0,0,0,2,3,-2.3,5,4.5
Tim Hardaway,75,44,2016-03-28,24,ATL,A,CHI,2,0,18:23,1,8,0.125,0,4,0,0,0,NA,0,0,0,2,0,0,2,0,2,-3.8,-8,4
Tim Hardaway,76,45,2016-03-30,24,ATL,A,TOR,-8,0,24:42,5,9,0.556,4,7,0.571,1,1,1,0,3,3,3,0,0,2,1,15,11.3,-4,24.3
Tim Hardaway,77,46,2016-04-01,24,ATL,H,CLE,-2,0,12:52,1,5,0.2,0,2,0,0,0,NA,0,0,0,0,0,0,0,1,2,-1.5,-14,2
Tim Hardaway,78,47,2016-04-05,24,ATL,H,PHO,13,0,13:39,2,5,0.4,0,3,0,4,4,1,0,1,1,2,0,0,0,2,8,6.2,1,12.3
Tim Hardaway,79,48,2016-04-07,24,ATL,H,TOR,8,0,27:34,4,7,0.571,3,5,0.6,0,0,NA,0,1,1,0,1,2,0,1,11,10,-9,19.8
Tim Hardaway,80,49,2016-04-09,24,ATL,H,BOS,11,0,11:23,1,2,0.5,0,1,0,1,1,1,0,0,0,0,0,0,0,1,3,1.6,-6,3
Tim Hardaway,81,50,2016-04-11,24,ATL,A,CLE,-15,0,17:02,4,8,0.5,0,3,0,0,0,NA,0,2,2,1,0,0,0,0,8,5.3,-12,12
Tim Hardaway,82,51,2016-04-13,24,ATL,A,WAS,-11,0,15:45,4,7,0.571,3,3,1,2,2,1,0,4,4,1,0,0,1,0,13,10.6,5,20.5
Justin Holiday,2,1,2015-10-29,26,ATL,A,NYK,11,0,12:56,1,2,0.5,0,1,0,0,0,NA,0,0,0,0,0,0,0,1,2,0.6,-9,2
Justin Holiday,5,2,2015-11-03,26,ATL,A,MIA,6,0,12:49,3,7,0.429,1,5,0.2,0,0,NA,0,2,2,1,1,0,1,1,7,4.2,4,13
Justin Holiday,6,3,2015-11-04,26,ATL,H,BRK,14,0,29:06,3,9,0.333,0,2,0,0,0,NA,0,1,1,2,1,4,1,1,6,5,17,19.8
Justin Holiday,7,4,2015-11-06,26,ATL,A,NOP,6,0,14:55,2,3,0.667,0,0,NA,0,0,NA,0,2,2,1,0,0,1,2,4,2.2,-1,7.5
Justin Holiday,8,5,2015-11-07,26,ATL,H,WAS,15,0,16:41,2,6,0.333,2,5,0.4,0,0,NA,2,1,3,1,1,0,0,1,6,5.6,3,14.3
Justin Holiday,9,6,2015-11-09,26,ATL,H,MIN,-10,0,5:38,0,1,0,0,1,0,0,0,NA,0,0,0,1,1,0,1,2,0,-0.8,-11,3
Justin Holiday,10,7,2015-11-11,26,ATL,H,NOP,8,0,4:16,0,2,0,0,2,0,0,0,NA,0,1,1,0,0,0,0,1,0,-1.5,-1,1.3
Justin Holiday,11,8,2015-11-13,26,ATL,A,BOS,-13,0,14:13,2,4,0.5,1,3,0.333,0,0,NA,0,1,1,1,0,0,1,1,5,2.6,3,7.8
Justin Holiday,12,9,2015-11-15,26,ATL,H,UTA,-1,0,10:28,0,1,0,0,1,0,0,0,NA,0,0,0,1,1,0,0,1,0,0.6,-7,3.5
Justin Holiday,13,10,2015-11-17,26,ATL,A,BRK,-2,0,22:49,1,2,0.5,1,2,0.5,0,0,NA,0,4,4,0,2,0,2,1,3,2.8,-2,11.5
Justin Holiday,14,11,2015-11-18,26,ATL,H,SAC,6,1,17:38,2,7,0.286,2,5,0.4,0,0,NA,1,2,3,1,1,0,2,0,6,2.9,-7,13.3
Justin Holiday,15,12,2015-11-21,26,ATL,A,CLE,-12,0,15:54,3,8,0.375,2,4,0.5,1,2,0.5,0,1,1,0,0,0,0,1,9,4.1,0,11.3
Justin Holiday,16,13,2015-11-24,26,ATL,H,BOS,24,0,2:51,0,0,NA,0,0,NA,0,0,NA,0,0,0,0,0,0,0,0,0,0,-1,0
Justin Holiday,19,14,2015-11-28,26,ATL,A,SAS,-20,0,8:16,2,3,0.667,1,2,0.5,0,0,NA,0,1,1,0,0,0,0,0,5,4,6,6.8
Justin Holiday,24,15,2015-12-10,26,ATL,A,OKC,-13,0,1:40,0,1,0,0,1,0,0,0,NA,0,0,0,0,0,0,0,0,0,-0.7,-2,0
Justin Holiday,25,16,2015-12-12,26,ATL,H,SAS,-25,0,7:15,0,1,0,0,1,0,0,0,NA,0,1,1,0,0,0,0,0,0,-0.4,-2,1.3
Justin Holiday,27,17,2015-12-16,26,ATL,H,PHI,21,0,5:33,0,0,NA,0,0,NA,0,0,NA,0,0,0,0,0,0,0,1,0,-0.4,-6,0
Justin Holiday,32,18,2015-12-26,26,ATL,H,NYK,19,0,2:24,0,0,NA,0,0,NA,0,0,NA,0,1,1,0,0,0,1,0,0,-0.7,-1,0.8
Justin Holiday,35,19,2016-01-03,26,ATL,A,NYK,-14,0,3:00,1,1,1,0,0,NA,0,0,NA,0,1,1,1,0,0,1,0,2,1.7,2,4.3
Justin Holiday,37,20,2016-01-07,26,ATL,A,PHI,28,0,9:14,0,2,0,0,2,0,1,2,0.5,0,0,0,1,1,0,1,0,1,-0.1,-2,4
Justin Holiday,38,21,2016-01-09,26,ATL,H,CHI,15,0,11:48,0,1,0,0,0,NA,0,2,0,0,2,2,0,3,0,1,3,0,-0.1,-3,8
Justin Holiday,39,22,2016-01-13,26,ATL,A,CHO,-23,0,16:56,1,5,0.2,0,3,0,2,2,1,0,1,1,0,1,0,0,1,4,1.8,-14,7.3
Justin Holiday,40,23,2016-01-15,26,ATL,A,MIL,-7,0,0:23,0,0,NA,0,0,NA,0,0,NA,0,0,0,0,0,0,0,0,0,0,-2,0
Justin Holiday,41,24,2016-01-16,26,ATL,H,BRK,28,0,6:59,0,2,0,0,2,0,0,0,NA,0,0,0,0,0,0,0,1,0,-1.8,0,0
Justin Holiday,42,25,2016-01-18,26,ATL,H,ORL,17,0,6:27,0,3,0,0,2,0,1,2,0.5,0,1,1,0,0,0,0,2,1,-2,-7,2.3
Justin Holiday,55,26,2016-02-10,26,ATL,A,CHI,23,0,2:22,1,2,0.5,0,1,0,0,0,NA,1,0,1,0,0,0,0,0,2,1.7,2,3.3
Tiago Splitter,1,1,2015-10-27,30,ATL,H,DET,-12,0,16:18,2,5,0.4,0,0,NA,0,0,NA,3,1,4,0,0,1,0,4,4,2.8,-3,11
Tiago Splitter,2,2,2015-10-29,30,ATL,A,NYK,11,0,23:16,4,6,0.667,0,0,NA,2,2,1,0,2,2,2,0,1,2,4,10,6.5,8,16.5
Tiago Splitter,3,3,2015-10-30,30,ATL,H,CHO,3,0,15:48,2,7,0.286,0,0,NA,3,3,1,1,2,3,0,1,0,1,1,7,3.8,7,12.3
Tiago Splitter,4,4,2015-11-01,30,ATL,A,CHO,2,0,17:30,3,4,0.75,0,0,NA,1,2,0.5,3,4,7,1,2,0,1,2,7,9.2,11,20.8
Tiago Splitter,5,5,2015-11-03,30,ATL,A,MIA,6,0,20:30,2,6,0.333,0,0,NA,2,2,1,2,5,7,1,1,0,0,2,6,6.4,-2,18.3
Tiago Splitter,6,6,2015-11-04,30,ATL,H,BRK,14,0,19:48,4,7,0.571,0,0,NA,0,0,NA,1,2,3,2,1,0,2,4,8,4.8,21,15.8
Tiago Splitter,7,7,2015-11-06,30,ATL,A,NOP,6,0,20:25,1,5,0.2,0,0,NA,4,4,1,2,3,5,0,0,0,0,1,6,4.8,-4,12.3
Tiago Splitter,9,8,2015-11-09,30,ATL,H,MIN,-10,0,16:25,2,3,0.667,0,1,0,0,0,NA,0,3,3,2,0,0,1,0,4,4,10,10.3
Tiago Splitter,10,9,2015-11-11,30,ATL,H,NOP,8,0,18:33,4,5,0.8,0,0,NA,0,0,NA,1,2,3,1,1,1,0,3,8,8.6,-2,17.3
Tiago Splitter,11,10,2015-11-13,30,ATL,A,BOS,-13,0,13:58,1,3,0.333,0,0,NA,1,2,0.5,1,2,3,0,0,0,0,0,3,2.2,-8,6.8
Tiago Splitter,12,11,2015-11-15,30,ATL,H,UTA,-1,0,18:15,1,4,0.25,0,0,NA,0,0,NA,1,1,2,0,1,0,2,2,2,-1.2,4,5.5
Tiago Splitter,13,12,2015-11-17,30,ATL,A,BRK,-2,1,12:07,1,4,0.25,0,0,NA,0,0,NA,0,3,3,0,0,1,2,2,2,-1.6,7,6.8
Tiago Splitter,14,13,2015-11-18,30,ATL,H,SAC,6,0,19:38,3,5,0.6,0,0,NA,1,2,0.5,3,3,6,1,0,0,1,2,7,6.2,-2,15.5
Tiago Splitter,15,14,2015-11-21,30,ATL,A,CLE,-12,0,9:28,2,2,1,0,0,NA,0,0,NA,0,0,0,0,0,0,0,1,4,3,-8,4
Tiago Splitter,23,15,2015-12-09,30,ATL,A,DAL,3,0,11:57,2,3,0.667,0,0,NA,0,0,NA,1,2,3,2,1,0,0,2,4,5.6,7,12.8
Tiago Splitter,25,16,2015-12-12,30,ATL,H,SAS,-25,0,14:07,2,3,0.667,0,0,NA,0,0,NA,1,3,4,0,3,0,3,0,4,4.3,-3,13.5
Tiago Splitter,26,17,2015-12-14,30,ATL,H,MIA,-12,0,12:36,1,2,0.5,0,0,NA,0,0,NA,1,1,2,1,0,1,1,2,2,1.6,-4,7.5
Tiago Splitter,27,18,2015-12-16,30,ATL,H,PHI,21,0,13:38,4,5,0.8,0,0,NA,2,2,1,1,0,1,2,1,1,0,1,10,11.5,17,18.3
Tiago Splitter,28,19,2015-12-18,30,ATL,A,BOS,8,0,17:48,1,3,0.333,0,0,NA,1,2,0.5,1,2,3,1,1,1,0,4,3,3,1,12.3
Tiago Splitter,29,20,2015-12-20,30,ATL,A,ORL,3,0,14:05,3,6,0.5,0,0,NA,0,0,NA,2,1,3,0,0,1,1,1,6,4,7,11.3
Tiago Splitter,30,21,2015-12-21,30,ATL,H,POR,9,0,19:18,3,4,0.75,0,0,NA,2,2,1,1,2,3,2,2,0,0,1,8,10.7,19,18.8
Tiago Splitter,31,22,2015-12-23,30,ATL,H,DET,7,0,19:28,4,7,0.571,0,0,NA,3,4,0.75,2,2,4,1,0,1,1,5,11,7.7,5,19
Tiago Splitter,32,23,2015-12-26,30,ATL,H,NYK,19,0,4:10,1,2,0.5,0,0,NA,0,0,NA,1,0,1,0,0,0,0,1,2,1.3,6,3.3
Tiago Splitter,37,24,2016-01-07,31,ATL,A,PHI,28,0,14:18,1,4,0.25,0,0,NA,2,2,1,4,0,4,0,1,0,0,4,4,3.8,-1,11
Tiago Splitter,38,25,2016-01-09,31,ATL,H,CHI,15,0,15:22,1,6,0.167,0,1,0,2,2,1,1,1,2,2,1,0,0,2,4,2.8,-8,11.5
Tiago Splitter,39,26,2016-01-13,31,ATL,A,CHO,-23,0,17:59,2,3,0.667,0,0,NA,0,0,NA,1,1,2,1,0,0,2,1,4,2,-8,7
Tiago Splitter,40,27,2016-01-15,31,ATL,A,MIL,-7,0,12:35,2,5,0.4,0,0,NA,0,0,NA,2,2,4,0,0,0,0,1,4,2.9,3,9
Tiago Splitter,41,28,2016-01-16,31,ATL,H,BRK,28,0,16:27,4,5,0.8,0,0,NA,2,2,1,1,4,5,0,0,0,0,3,10,8.8,18,16.3
Tiago Splitter,42,29,2016-01-18,31,ATL,H,ORL,17,0,16:44,5,7,0.714,0,0,NA,0,0,NA,1,3,4,1,0,1,1,2,10,8.3,8,18
Tiago Splitter,43,30,2016-01-20,31,ATL,A,POR,6,0,17:57,2,6,0.333,0,0,NA,2,3,0.667,1,1,2,1,0,1,0,4,6,3,11,12
Tiago Splitter,44,31,2016-01-21,31,ATL,A,SAC,-3,0,15:08,1,1,1,0,0,NA,2,4,0.5,0,3,3,0,0,1,0,0,4,4.5,-6,9.8
Tiago Splitter,45,32,2016-01-23,31,ATL,A,PHO,-3,1,17:14,1,3,0.333,0,0,NA,0,0,NA,1,2,3,3,0,0,1,2,2,1.9,-13,9.8
Tiago Splitter,46,33,2016-01-25,31,ATL,A,DEN,14,0,19:58,4,5,0.8,0,0,NA,2,2,1,0,4,4,0,0,0,1,3,10,7.1,5,14.5
Tiago Splitter,47,34,2016-01-27,31,ATL,H,LAC,-2,0,11:40,1,3,0.333,0,0,NA,0,0,NA,1,2,3,0,0,0,0,0,2,1.6,-4,5.8
Tiago Splitter,48,35,2016-01-28,31,ATL,A,IND,-19,0,20:00,3,4,0.75,0,0,NA,2,2,1,3,1,4,3,2,0,1,3,8,10.7,-5,21
Tiago Splitter,49,36,2016-01-31,31,ATL,A,MIA,-18,0,15:01,1,2,0.5,0,0,NA,3,4,0.75,0,5,5,0,1,0,0,1,5,5.7,8,13.3
Thabo Sefolosha,1,1,2015-10-27,31,ATL,H,DET,-12,0,18:56,1,3,0.333,0,1,0,0,0,NA,1,6,7,3,4,0,0,1,2,8.5,-1,23.3
Thabo Sefolosha,3,2,2015-10-30,31,ATL,H,CHO,3,0,20:55,2,4,0.5,0,0,NA,0,2,0,1,5,6,3,2,0,1,1,4,6.1,12,19.5
Thabo Sefolosha,4,3,2015-11-01,31,ATL,A,CHO,2,0,17:36,2,5,0.4,1,1,1,0,0,NA,2,2,4,0,2,0,3,1,5,2.9,0,13
Thabo Sefolosha,6,4,2015-11-04,31,ATL,H,BRK,14,0,21:40,2,4,0.5,1,2,0.5,1,2,0.5,0,3,3,2,1,1,0,0,6,7.6,10,17.3
Thabo Sefolosha,8,5,2015-11-07,31,ATL,H,WAS,15,0,20:24,4,5,0.8,0,0,NA,2,2,1,1,4,5,0,2,1,2,2,10,9.9,9,21.3
Thabo Sefolosha,9,6,2015-11-09,31,ATL,H,MIN,-10,0,16:44,4,5,0.8,2,3,0.667,0,0,NA,0,1,1,1,2,0,0,1,10,10.7,-6,17.8
Thabo Sefolosha,10,7,2015-11-11,31,ATL,H,NOP,8,0,24:13,2,3,0.667,1,1,1,2,4,0.5,2,3,5,2,1,1,1,0,7,9.3,-7,20.3
Thabo Sefolosha,11,8,2015-11-13,31,ATL,A,BOS,-13,0,21:24,5,8,0.625,0,0,NA,0,0,NA,1,4,5,0,1,0,0,0,10,9.3,5,18.3
Thabo Sefolosha,12,9,2015-11-15,31,ATL,H,UTA,-1,0,23:04,2,6,0.333,1,3,0.333,0,0,NA,1,5,6,0,1,2,3,2,5,2.4,-5,17.5
Thabo Sefolosha,13,10,2015-11-17,31,ATL,A,BRK,-2,0,29:49,3,9,0.333,1,5,0.2,1,2,0.5,0,7,7,1,0,1,1,1,8,4.6,-8,20.3
Thabo Sefolosha,14,11,2015-11-18,31,ATL,H,SAC,6,0,21:19,0,2,0,0,1,0,3,4,0.75,1,2,3,2,2,0,1,1,3,4.5,2,13.3
Thabo Sefolosha,15,12,2015-11-21,31,ATL,A,CLE,-12,1,29:44,6,12,0.5,1,3,0.333,0,0,NA,1,4,5,1,1,0,0,2,13,9.8,-6,23.3
Thabo Sefolosha,16,13,2015-11-24,31,ATL,H,BOS,24,1,26:07,7,8,0.875,0,0,NA,1,1,1,1,6,7,3,3,3,1,3,15,19.7,17,39.8
Thabo Sefolosha,17,14,2015-11-25,31,ATL,A,MIN,-4,1,31:31,4,4,1,2,2,1,0,0,NA,0,6,6,0,0,1,1,2,10,9.5,-10,20
Thabo Sefolosha,19,15,2015-11-28,31,ATL,A,SAS,-20,1,24:42,3,5,0.6,1,3,0.333,1,2,0.5,0,4,4,0,1,0,2,4,8,3.9,-26,14.5
Thabo Sefolosha,20,16,2015-11-30,31,ATL,H,OKC,6,1,38:32,0,5,0,0,2,0,0,0,NA,0,8,8,6,4,0,1,3,0,4.9,2,26.5
Thabo Sefolosha,21,17,2015-12-02,31,ATL,H,TOR,-10,1,33:19,6,12,0.5,1,5,0.2,0,0,NA,1,4,5,1,2,2,0,0,13,13,-1,29.3
Thabo Sefolosha,22,18,2015-12-04,31,ATL,H,LAL,13,1,31:43,3,7,0.429,2,4,0.5,0,0,NA,2,3,5,1,1,1,3,1,8,5.6,3,19.3
Thabo Sefolosha,23,19,2015-12-09,31,ATL,A,DAL,3,1,25:37,3,6,0.5,1,1,1,0,0,NA,0,6,6,2,0,1,0,1,7,7.5,-8,20
Thabo Sefolosha,24,20,2015-12-10,31,ATL,A,OKC,-13,1,34:51,5,8,0.625,0,2,0,1,4,0.25,1,2,3,1,4,0,2,1,11,9.8,-3,23.3
Thabo Sefolosha,25,21,2015-12-12,31,ATL,H,SAS,-25,1,19:52,2,6,0.333,1,2,0.5,0,0,NA,1,0,1,2,0,1,1,1,5,3,-20,11.3
Thabo Sefolosha,26,22,2015-12-14,31,ATL,H,MIA,-12,0,9:24,0,3,0,0,3,0,0,0,NA,0,1,1,0,0,0,4,1,0,-6.2,-7,-0.8
Thabo Sefolosha,27,23,2015-12-16,31,ATL,H,PHI,21,0,22:08,2,3,0.667,0,1,0,1,2,0.5,0,2,2,0,0,0,0,5,5,1.9,2,7.5
Thabo Sefolosha,28,24,2015-12-18,31,ATL,A,BOS,8,0,18:50,5,7,0.714,1,2,0.5,0,0,NA,3,5,8,1,0,0,0,1,11,12,-7,23
Thabo Sefolosha,29,25,2015-12-20,31,ATL,A,ORL,3,0,15:33,2,4,0.5,1,2,0.5,1,1,1,1,1,2,0,0,1,0,2,6,4.9,5,11
Thabo Sefolosha,30,26,2015-12-21,31,ATL,H,POR,9,0,25:54,5,6,0.833,1,1,1,2,4,0.5,0,6,6,1,1,0,2,1,13,11.1,16,23.5
Thabo Sefolosha,31,27,2015-12-23,31,ATL,H,DET,7,0,23:48,0,2,0,0,1,0,0,0,NA,0,3,3,2,0,0,0,0,0,0.9,-3,6.8
Thabo Sefolosha,32,28,2015-12-26,31,ATL,H,NYK,19,0,27:43,4,5,0.8,0,1,0,1,1,1,1,4,5,1,1,0,0,3,9,9.5,13,18.8
Thabo Sefolosha,33,29,2015-12-28,31,ATL,A,IND,-6,0,27:41,6,8,0.75,0,1,0,2,2,1,1,6,7,3,2,0,1,0,14,16.4,-10,30.8
Thabo Sefolosha,34,30,2015-12-29,31,ATL,A,HOU,6,0,20:56,0,1,0,0,1,0,0,0,NA,1,0,1,0,0,0,1,1,0,-1.4,-13,0.8
Thabo Sefolosha,35,31,2016-01-03,31,ATL,A,NYK,-14,0,21:39,2,4,0.5,0,1,0,0,0,NA,0,4,4,3,2,0,0,2,4,6.5,-1,17.5
Thabo Sefolosha,36,32,2016-01-05,31,ATL,H,NYK,-6,0,22:22,2,5,0.4,1,3,0.333,0,1,0,1,4,5,1,0,0,0,3,5,3.3,-10,13.3
Thabo Sefolosha,37,33,2016-01-07,31,ATL,A,PHI,28,0,22:21,3,4,0.75,0,1,0,0,1,0,0,5,5,4,3,1,0,1,6,11.6,25,26.3
Thabo Sefolosha,40,34,2016-01-15,31,ATL,A,MIL,-7,0,34:06,1,5,0.2,0,2,0,2,2,1,1,5,6,4,0,2,2,3,4,4.1,0,20.5
Thabo Sefolosha,41,35,2016-01-16,31,ATL,H,BRK,28,0,18:10,2,3,0.667,0,1,0,3,4,0.75,0,5,5,2,1,2,0,1,7,10.2,19,22.3
Thabo Sefolosha,42,36,2016-01-18,31,ATL,H,ORL,17,0,26:34,4,8,0.5,0,2,0,2,2,1,0,4,4,3,3,0,1,3,10,10.1,17,25
Thabo Sefolosha,43,37,2016-01-20,31,ATL,A,POR,6,0,23:25,2,3,0.667,0,1,0,0,2,0,0,6,6,0,2,0,1,2,4,3.9,6,15
Thabo Sefolosha,44,38,2016-01-21,31,ATL,A,SAC,-3,0,27:22,3,6,0.5,0,2,0,2,2,1,0,2,2,2,1,0,1,1,8,6.6,-1,15
Thabo Sefolosha,45,39,2016-01-23,31,ATL,A,PHO,-3,0,27:55,1,9,0.111,0,3,0,6,6,1,2,5,7,1,3,0,0,0,8,8.7,-2,24.3
Thabo Sefolosha,46,40,2016-01-25,31,ATL,A,DEN,14,0,23:20,2,3,0.667,0,0,NA,2,2,1,1,4,5,2,1,0,0,1,6,8.6,7,17.3
Thabo Sefolosha,47,41,2016-01-27,31,ATL,H,LAC,-2,0,24:15,1,6,0.167,0,2,0,0,0,NA,0,4,4,0,1,0,3,3,2,-3.8,-7,7.5
Thabo Sefolosha,48,42,2016-01-28,31,ATL,A,IND,-19,0,27:14,4,7,0.571,1,2,0.5,4,5,0.8,0,3,3,1,2,1,1,1,13,12.2,-11,24.3
Thabo Sefolosha,49,43,2016-01-31,31,ATL,A,MIA,-18,0,18:36,1,2,0.5,0,0,NA,0,0,NA,0,0,0,0,0,0,0,0,2,1,-4,2
Thabo Sefolosha,50,44,2016-02-01,31,ATL,H,DAL,15,0,17:27,3,5,0.6,0,1,0,0,0,NA,0,4,4,3,0,0,0,1,6,6.6,17,15.5
Thabo Sefolosha,51,45,2016-02-03,31,ATL,A,PHI,38,0,20:36,5,7,0.714,1,1,1,1,2,0.5,2,4,6,2,2,1,2,1,12,13,27,28
Thabo Sefolosha,52,46,2016-02-05,31,ATL,H,IND,6,0,23:27,0,2,0,0,0,NA,0,0,NA,1,4,5,0,0,0,0,0,0,0.5,-21,6.3
Thabo Sefolosha,53,47,2016-02-07,31,ATL,A,ORL,-2,0,17:49,2,5,0.4,2,3,0.667,0,2,0,0,4,4,1,0,1,1,0,6,4.1,-4,15
Thabo Sefolosha,54,48,2016-02-08,31,ATL,H,ORL,-7,0,23:13,1,1,1,0,0,NA,0,0,NA,0,5,5,0,1,0,2,0,2,2.2,-21,9.3
Thabo Sefolosha,55,49,2016-02-10,31,ATL,A,CHI,23,0,18:54,4,6,0.667,1,2,0.5,1,1,1,1,1,2,1,1,1,0,1,10,10.4,14,18.5
Thabo Sefolosha,56,50,2016-02-19,31,ATL,H,MIA,-4,0,22:15,2,5,0.4,0,2,0,0,0,NA,0,5,5,2,1,0,0,0,4,5.2,-2,15.3
Thabo Sefolosha,57,51,2016-02-20,31,ATL,H,MIL,-8,0,33:45,3,11,0.273,1,4,0.25,1,3,0.333,2,4,6,3,2,0,0,5,8,5.4,6,24.5
Thabo Sefolosha,58,52,2016-02-22,31,ATL,H,GSW,-10,0,24:16,2,5,0.4,2,3,0.667,0,0,NA,0,4,4,0,0,0,2,0,6,2.5,-1,11
Thabo Sefolosha,59,53,2016-02-26,31,ATL,H,CHI,15,0,18:48,4,6,0.667,0,1,0,0,0,NA,2,2,4,0,1,0,1,2,8,6.6,2,14.5
Thabo Sefolosha,60,54,2016-02-28,31,ATL,H,CHO,11,0,16:16,1,3,0.333,0,0,NA,0,0,NA,0,1,1,1,1,0,2,0,2,0.3,3,5.8
Thabo Sefolosha,61,55,2016-03-01,31,ATL,A,GSW,-4,0,19:24,1,1,1,0,0,NA,0,0,NA,0,3,3,1,0,0,1,1,2,1.9,-2,6.8
Thabo Sefolosha,62,56,2016-03-04,31,ATL,A,LAL,29,0,21:09,2,3,0.667,1,1,1,0,0,NA,0,2,2,1,0,2,1,1,5,5,-1,13
Thabo Sefolosha,63,57,2016-03-05,31,ATL,A,LAC,10,0,29:33,1,5,0.2,1,3,0.333,0,2,0,1,7,8,2,1,1,1,3,3,2.8,2,20
Thabo Sefolosha,64,58,2016-03-08,31,ATL,A,UTA,7,0,24:09,0,3,0,0,0,NA,1,2,0.5,2,6,8,1,1,1,3,1,1,0.7,-16,15
Thabo Sefolosha,65,59,2016-03-10,31,ATL,A,TOR,-8,0,20:23,1,3,0.333,0,0,NA,1,2,0.5,1,3,4,0,0,0,1,2,3,0.7,-14,7.5
Thabo Sefolosha,66,60,2016-03-12,31,ATL,H,MEM,12,0,25:24,5,8,0.625,1,2,0.5,2,3,0.667,2,9,11,0,1,2,2,2,13,12.7,-5,33.8
Thabo Sefolosha,67,61,2016-03-13,31,ATL,H,IND,29,0,16:19,4,5,0.8,2,2,1,2,2,1,2,3,5,2,1,1,0,1,12,15.1,25,26.3
Thabo Sefolosha,68,62,2016-03-16,31,ATL,A,DET,4,0,27:46,2,7,0.286,1,5,0.2,4,5,0.8,1,5,6,0,1,0,1,4,9,5.1,-6,18.5
Thabo Sefolosha,69,63,2016-03-17,31,ATL,H,DEN,18,0,24:53,5,7,0.714,2,3,0.667,2,2,1,1,2,3,2,1,0,1,3,14,12.6,-6,23.3
Thabo Sefolosha,70,64,2016-03-19,31,ATL,H,HOU,12,0,22:14,4,8,0.5,1,4,0.25,1,2,0.5,1,3,4,5,5,0,0,1,10,15.3,12,33
Thabo Sefolosha,71,65,2016-03-21,31,ATL,H,WAS,-15,0,29:26,2,3,0.667,1,1,1,0,0,NA,0,8,8,3,0,2,1,1,5,8.2,-4,23.5
Thabo Sefolosha,72,66,2016-03-23,31,ATL,A,WAS,21,0,25:28,3,3,1,1,1,1,1,2,0.5,1,4,5,2,1,1,0,2,8,10.9,15,21.8
Thabo Sefolosha,73,67,2016-03-25,31,ATL,H,MIL,11,0,24:26,4,8,0.5,2,5,0.4,0,0,NA,1,6,7,3,1,0,0,2,10,10.8,11,26.3
Thabo Sefolosha,75,68,2016-03-28,31,ATL,A,CHI,2,0,23:29,0,0,NA,0,0,NA,2,2,1,0,2,2,0,0,0,0,1,2,2.2,-4,4.5
Thabo Sefolosha,76,69,2016-03-30,31,ATL,A,TOR,-8,0,12:02,0,0,NA,0,0,NA,0,0,NA,0,0,0,1,0,0,0,2,0,-0.1,-11,1.5
Thabo Sefolosha,77,70,2016-04-01,31,ATL,H,CLE,-2,0,14:56,2,3,0.667,0,1,0,0,0,NA,0,1,1,1,0,0,3,3,4,-0.5,-33,5.3
Thabo Sefolosha,78,71,2016-04-05,31,ATL,H,PHO,13,0,19:42,3,3,1,0,0,NA,1,1,1,1,3,4,1,1,0,0,1,7,9,3,15.5
Thabo Sefolosha,79,72,2016-04-07,31,ATL,H,TOR,8,1,29:29,4,6,0.667,1,2,0.5,1,2,0.5,0,2,2,1,0,0,0,2,10,7.5,13,14.5
Thabo Sefolosha,80,73,2016-04-09,31,ATL,H,BOS,11,0,30:00,0,2,0,0,0,NA,1,2,0.5,0,4,4,3,1,2,2,1,1,2.5,-5,15.5
Thabo Sefolosha,81,74,2016-04-11,31,ATL,A,CLE,-15,0,15:10,0,1,0,0,1,0,0,0,NA,0,1,1,1,2,0,0,1,0,1.9,-23,6.8
Thabo Sefolosha,82,75,2016-04-13,31,ATL,A,WAS,-11,0,24:11,0,6,0,0,2,0,0,2,0,1,6,7,2,2,0,1,1,0,-0.5,13,15.3
Kyle Korver,1,1,2015-10-27,34,ATL,H,DET,-12,1,28:42,3,9,0.333,1,5,0.2,0,0,NA,0,2,2,1,1,0,1,4,7,1.6,-9,13
Kyle Korver,2,2,2015-10-29,34,ATL,A,NYK,11,1,32:15,6,8,0.75,3,5,0.6,0,0,NA,0,7,7,2,1,0,1,2,15,14.5,22,29.8
Kyle Korver,4,3,2015-11-01,34,ATL,A,CHO,2,1,31:18,3,9,0.333,0,4,0,0,0,NA,0,2,2,2,0,0,1,3,6,0.7,-2,11
Kyle Korver,5,4,2015-11-03,34,ATL,A,MIA,6,1,34:29,4,11,0.364,1,6,0.167,0,0,NA,0,3,3,3,1,0,3,1,9,3.5,11,18.3
Kyle Korver,7,5,2015-11-06,34,ATL,A,NOP,6,1,33:01,8,8,1,4,4,1,2,2,1,0,7,7,5,3,1,0,2,22,28.1,16,48.3
Kyle Korver,8,6,2015-11-07,34,ATL,H,WAS,15,1,25:47,3,6,0.5,1,3,0.333,0,0,NA,0,2,2,5,0,0,0,4,7,6.5,3,17.5
Kyle Korver,9,7,2015-11-09,34,ATL,H,MIN,-10,1,32:23,2,5,0.4,1,1,1,0,0,NA,0,2,2,1,0,0,0,2,5,2.8,1,9.5
Kyle Korver,10,8,2015-11-11,34,ATL,H,NOP,8,1,33:19,3,7,0.429,1,4,0.25,0,0,NA,0,5,5,1,2,0,0,1,7,7.1,13,19.3
Kyle Korver,11,9,2015-11-13,34,ATL,A,BOS,-13,1,31:03,4,6,0.667,3,5,0.6,0,0,NA,0,3,3,1,0,0,2,2,11,7.2,-18,16.8
Kyle Korver,12,10,2015-11-15,34,ATL,H,UTA,-1,1,33:33,5,7,0.714,1,3,0.333,0,0,NA,1,3,4,3,0,0,2,2,11,9,6,20
Kyle Korver,13,11,2015-11-17,34,ATL,A,BRK,-2,1,31:15,4,11,0.364,2,6,0.333,3,3,1,0,5,5,1,1,1,3,3,13,6.6,-1,24.3
Kyle Korver,14,12,2015-11-18,34,ATL,H,SAC,6,1,31:59,3,5,0.6,2,4,0.5,0,1,0,0,5,5,2,0,1,0,1,8,8.5,11,20.3
Kyle Korver,15,13,2015-11-21,34,ATL,A,CLE,-12,1,28:44,4,10,0.4,3,6,0.5,3,4,0.75,0,1,1,1,0,0,4,3,14,4,-16,16.3
Kyle Korver,16,14,2015-11-24,34,ATL,H,BOS,24,1,33:01,6,10,0.6,3,3,1,0,0,NA,0,7,7,3,0,0,2,2,15,11.8,24,28.8
Kyle Korver,17,15,2015-11-25,34,ATL,A,MIN,-4,1,36:00,3,6,0.5,3,4,0.75,2,2,1,0,9,9,1,2,0,2,3,11,10.2,8,28.3
Kyle Korver,18,16,2015-11-27,34,ATL,A,MEM,15,1,34:26,4,9,0.444,3,8,0.375,2,3,0.667,0,3,3,1,1,0,1,2,13,8.7,29,21.3
Kyle Korver,19,17,2015-11-28,34,ATL,A,SAS,-20,1,25:27,3,4,0.75,0,1,0,0,0,NA,0,1,1,0,1,1,2,0,6,4.4,-29,10.3
Kyle Korver,20,18,2015-11-30,34,ATL,H,OKC,6,1,34:06,4,13,0.308,3,9,0.333,0,0,NA,1,4,5,1,0,0,0,0,11,6.1,17,20.3
Kyle Korver,21,19,2015-12-02,34,ATL,H,TOR,-10,1,30:30,4,9,0.444,3,5,0.6,1,1,1,0,2,2,1,2,0,3,1,12,7.2,-4,20
Kyle Korver,22,20,2015-12-04,34,ATL,H,LAL,13,1,32:34,3,8,0.375,1,5,0.2,0,0,NA,0,6,6,4,1,3,3,1,7,6.9,13,27.5
Kyle Korver,23,21,2015-12-09,34,ATL,A,DAL,3,1,33:12,3,8,0.375,1,6,0.167,1,1,1,0,1,1,2,1,1,3,1,8,3.6,0,15.3
Kyle Korver,24,22,2015-12-10,34,ATL,A,OKC,-13,1,34:32,4,8,0.5,4,7,0.571,0,0,NA,0,3,3,4,0,1,1,3,12,10.2,-2,25.3
Kyle Korver,25,23,2015-12-12,34,ATL,H,SAS,-25,1,25:11,2,8,0.25,1,4,0.25,0,0,NA,0,2,2,1,3,0,1,2,5,2.7,-10,15
Kyle Korver,26,24,2015-12-14,34,ATL,H,MIA,-12,1,33:07,2,12,0.167,1,8,0.125,0,0,NA,0,8,8,2,0,0,1,0,5,0.2,-4,18
Kyle Korver,27,25,2015-12-16,34,ATL,H,PHI,21,1,26:55,2,5,0.4,2,4,0.5,1,1,1,0,3,3,7,2,0,4,3,7,6.9,25,24.3
Kyle Korver,28,26,2015-12-18,34,ATL,A,BOS,8,1,35:13,4,9,0.444,1,4,0.25,2,2,1,0,5,5,2,2,0,0,4,11,9.6,5,24.8
Kyle Korver,29,27,2015-12-20,34,ATL,A,ORL,3,1,34:53,6,8,0.75,6,8,0.75,1,2,0.5,0,2,2,5,1,0,1,2,19,18.7,-2,33.5
Kyle Korver,30,28,2015-12-21,34,ATL,H,POR,9,1,29:16,2,4,0.5,2,4,0.5,3,3,1,0,2,2,0,0,0,1,1,9,6.2,10,12
Kyle Korver,31,29,2015-12-23,34,ATL,H,DET,7,1,28:51,3,6,0.5,1,3,0.333,2,2,1,0,5,5,3,0,2,1,1,9,9.6,13,23.8
Kyle Korver,32,30,2015-12-26,34,ATL,H,NYK,19,1,24:34,1,7,0.143,1,6,0.167,0,0,NA,0,1,1,0,0,0,1,4,3,-3.8,8,4.3
Kyle Korver,33,31,2015-12-28,34,ATL,A,IND,-6,1,28:43,1,9,0.111,0,8,0,0,0,NA,0,2,2,0,0,2,1,1,2,-3.3,2,8
Kyle Korver,34,32,2015-12-29,34,ATL,A,HOU,6,1,30:58,0,11,0,0,10,0,2,2,1,1,2,3,4,0,1,0,4,2,-2.5,13,13.8
Kyle Korver,35,33,2016-01-03,34,ATL,A,NYK,-14,1,28:44,5,12,0.417,2,6,0.333,1,1,1,1,2,3,3,1,0,1,1,13,9.6,-13,23.8
Kyle Korver,36,34,2016-01-05,34,ATL,H,NYK,-6,1,33:05,4,14,0.286,2,9,0.222,2,3,0.667,1,2,3,1,0,0,1,3,12,3.2,-5,17.8
Kyle Korver,37,35,2016-01-07,34,ATL,A,PHI,28,1,20:49,2,5,0.4,1,3,0.333,0,0,NA,0,4,4,2,2,0,1,1,5,5.5,-2,17
Kyle Korver,38,36,2016-01-09,34,ATL,H,CHI,15,1,31:08,5,8,0.625,3,6,0.5,0,0,NA,0,2,2,1,0,1,3,3,13,7.2,10,19
Kyle Korver,39,37,2016-01-13,34,ATL,A,CHO,-23,1,23:13,2,6,0.333,2,4,0.5,1,1,1,0,2,2,0,0,0,1,1,7,2.8,-24,10
Kyle Korver,40,38,2016-01-15,34,ATL,A,MIL,-7,1,41:15,7,10,0.7,3,5,0.6,0,0,NA,0,4,4,3,1,1,2,5,17,13.8,-6,31
Kyle Korver,41,39,2016-01-16,34,ATL,H,BRK,28,1,21:15,1,6,0.167,0,4,0,1,1,1,0,3,3,0,2,0,0,1,3,1.7,2,10.8
Kyle Korver,42,40,2016-01-18,34,ATL,H,ORL,17,1,20:46,2,5,0.4,1,3,0.333,0,0,NA,0,4,4,2,1,0,2,2,5,3.1,8,14.5
Kyle Korver,43,41,2016-01-20,34,ATL,A,POR,6,1,28:56,2,3,0.667,1,1,1,1,1,1,1,4,5,4,0,1,1,1,6,8.7,9,20.3
Kyle Korver,44,42,2016-01-21,34,ATL,A,SAC,-3,1,27:30,3,11,0.273,3,10,0.3,0,0,NA,0,1,1,3,2,1,1,2,9,5.8,-12,21.8
Kyle Korver,45,43,2016-01-23,34,ATL,A,PHO,-3,1,34:22,4,9,0.444,3,6,0.5,0,0,NA,1,4,5,3,0,2,2,1,11,9.3,13,26.3
Kyle Korver,46,44,2016-01-25,34,ATL,A,DEN,14,1,27:29,3,6,0.5,3,5,0.6,0,0,NA,0,2,2,4,2,0,2,2,9,8.6,13,22
Kyle Korver,47,45,2016-01-27,34,ATL,H,LAC,-2,1,31:49,4,6,0.667,4,4,1,2,2,1,0,3,3,3,0,1,1,2,14,13.3,3,25.8
Kyle Korver,48,46,2016-01-28,34,ATL,A,IND,-19,1,29:40,2,9,0.222,1,7,0.143,1,2,0.5,0,2,2,3,1,0,1,3,6,1.6,-8,15
Kyle Korver,49,47,2016-01-31,34,ATL,A,MIA,-18,1,23:51,0,6,0,0,2,0,0,1,0,0,3,3,0,2,0,1,1,0,-3.1,-14,7.3
Kyle Korver,50,48,2016-02-01,34,ATL,H,DAL,15,1,27:53,5,8,0.625,4,7,0.571,2,3,0.667,0,2,2,3,0,1,0,1,16,15,21,27
Kyle Korver,51,49,2016-02-03,34,ATL,A,PHI,38,1,19:28,2,3,0.667,1,2,0.5,0,0,NA,0,0,0,3,0,0,3,2,5,2,2,8.5
Kyle Korver,52,50,2016-02-05,34,ATL,H,IND,6,1,27:05,2,7,0.286,2,6,0.333,0,0,NA,0,5,5,1,1,0,2,5,6,1.1,10,15.8
Kyle Korver,53,51,2016-02-07,34,ATL,A,ORL,-2,1,34:38,4,10,0.4,2,5,0.4,0,0,NA,1,5,6,2,2,1,2,2,10,8.1,-4,26.5
Kyle Korver,54,52,2016-02-08,34,ATL,H,ORL,-7,1,35:54,6,8,0.75,4,6,0.667,0,0,NA,0,3,3,4,2,0,1,2,16,16.7,14,31.3
Kyle Korver,55,53,2016-02-10,34,ATL,A,CHI,23,1,29:41,3,6,0.5,2,3,0.667,2,2,1,0,4,4,3,2,1,0,1,10,12.6,11,26.5
Kyle Korver,56,54,2016-02-19,34,ATL,H,MIA,-4,1,34:51,7,14,0.5,4,7,0.571,0,0,NA,0,1,1,2,1,1,2,4,18,10.8,4,27.3
Kyle Korver,57,55,2016-02-20,34,ATL,H,MIL,-8,1,40:25,5,11,0.455,2,6,0.333,0,0,NA,0,1,1,1,3,0,3,4,12,5.7,-10,20.3
Kyle Korver,58,56,2016-02-22,34,ATL,H,GSW,-10,1,30:09,1,4,0.25,0,2,0,0,0,NA,0,1,1,1,1,0,2,1,2,-0.8,-16,5.8
Kyle Korver,59,57,2016-02-26,34,ATL,H,CHI,15,1,30:44,2,8,0.25,1,6,0.167,0,0,NA,0,2,2,3,0,1,0,2,5,2.8,14,14.5
Kyle Korver,60,58,2016-02-28,34,ATL,H,CHO,11,1,21:34,2,4,0.5,0,2,0,0,0,NA,0,4,4,1,0,0,1,1,4,2.5,-5,10
Kyle Korver,61,59,2016-03-01,34,ATL,A,GSW,-4,1,33:45,4,9,0.444,3,6,0.5,0,0,NA,2,5,7,1,3,0,0,2,11,12.1,6,28.8
Kyle Korver,62,60,2016-03-04,34,ATL,A,LAL,29,1,29:00,5,6,0.833,4,4,1,1,1,1,0,5,5,3,0,0,0,1,15,16,26,27.8
Kyle Korver,63,61,2016-03-05,34,ATL,A,LAC,10,1,27:44,4,7,0.571,2,5,0.4,0,0,NA,0,1,1,3,2,0,4,5,10,5.1,18,18.8
Kyle Korver,64,62,2016-03-08,34,ATL,A,UTA,7,1,25:49,3,7,0.429,2,5,0.4,0,0,NA,0,4,4,0,0,0,1,1,8,4.1,14,13.5
Kyle Korver,65,63,2016-03-10,34,ATL,A,TOR,-8,1,25:45,2,6,0.333,1,3,0.333,0,0,NA,0,2,2,1,0,0,0,0,5,2.9,5,9.5
Kyle Korver,66,64,2016-03-12,34,ATL,H,MEM,12,1,31:10,6,8,0.75,3,4,0.75,0,0,NA,0,4,4,3,2,2,1,1,15,17.1,22,33.5
Kyle Korver,67,65,2016-03-13,34,ATL,H,IND,29,1,24:22,5,13,0.385,4,9,0.444,0,0,NA,0,5,5,0,0,1,2,2,14,6.3,20,23.3
Kyle Korver,68,66,2016-03-16,34,ATL,A,DET,4,1,27:39,1,5,0.2,1,3,0.333,1,1,1,0,1,1,1,1,0,0,5,4,0.9,19,9.3
Kyle Korver,69,67,2016-03-17,35,ATL,H,DEN,18,1,27:24,4,5,0.8,3,3,1,0,0,NA,0,1,1,4,0,0,0,0,11,12.2,30,19.8
Kyle Korver,70,68,2016-03-19,35,ATL,H,HOU,12,1,36:12,4,9,0.444,3,7,0.429,0,0,NA,0,2,2,3,0,0,2,2,11,6.2,12,18.5
Kyle Korver,71,69,2016-03-21,35,ATL,H,WAS,-15,1,19:08,1,2,0.5,1,2,0.5,0,1,0,0,1,1,1,0,0,0,0,3,2.6,-11,6.3
Kyle Korver,72,70,2016-03-23,35,ATL,A,WAS,21,1,31:34,5,11,0.455,5,10,0.5,0,0,NA,0,1,1,2,1,1,0,2,15,11.9,7,25.8
Kyle Korver,73,71,2016-03-25,35,ATL,H,MIL,11,1,30:34,2,6,0.333,0,4,0,0,0,NA,2,2,4,4,0,0,0,1,4,5,14,15
Kyle Korver,74,72,2016-03-26,35,ATL,A,DET,17,1,29:01,5,10,0.5,1,5,0.2,1,1,1,0,3,3,0,0,0,0,3,12,6.7,16,16.3
Kyle Korver,75,73,2016-03-28,35,ATL,A,CHI,2,1,29:00,4,10,0.4,2,5,0.4,2,2,1,0,5,5,3,0,2,0,0,12,11.6,17,27.8
Kyle Korver,76,74,2016-03-30,35,ATL,A,TOR,-8,1,23:33,1,6,0.167,0,2,0,1,1,1,2,3,5,1,0,0,0,1,3,1.8,-10,10.8
Kyle Korver,77,75,2016-04-01,35,ATL,H,CLE,-2,1,41:10,5,8,0.625,4,6,0.667,0,0,NA,0,4,4,1,0,0,0,1,14,11.9,33,22.5
Kyle Korver,78,76,2016-04-05,35,ATL,H,PHO,13,1,28:37,4,9,0.444,2,6,0.333,1,1,1,0,1,1,1,0,0,0,4,11,5.7,8,14.8
Kyle Korver,79,77,2016-04-07,35,ATL,H,TOR,8,1,36:22,5,11,0.455,4,8,0.5,0,0,NA,0,5,5,4,0,3,1,3,14,12.5,7,33.8
Kyle Korver,80,78,2016-04-09,35,ATL,H,BOS,11,1,26:21,2,4,0.5,1,3,0.333,0,0,NA,0,1,1,1,0,0,2,4,5,0.4,26,7.3
Kyle Korver,81,79,2016-04-11,35,ATL,A,CLE,-15,1,32:08,1,5,0.2,1,4,0.25,0,0,NA,0,5,5,1,0,0,2,2,3,-0.7,2,10.3
Kyle Korver,82,80,2016-04-13,35,ATL,A,WAS,-11,1,28:55,1,4,0.25,1,3,0.333,0,0,NA,0,0,0,1,0,0,2,2,3,-1.5,-22,4
Mike Muscala,1,1,2015-10-27,24,ATL,H,DET,-12,0,7:59,0,1,0,0,0,NA,0,0,NA,0,1,1,0,0,0,1,2,0,-2.2,5,0.8
Mike Muscala,6,2,2015-11-04,24,ATL,H,BRK,14,0,1:37,0,1,0,0,1,0,0,0,NA,0,0,0,0,0,0,0,0,0,-0.7,0,0
Mike Muscala,8,3,2015-11-07,24,ATL,H,WAS,15,0,19:19,3,4,0.75,1,1,1,0,0,NA,0,2,2,2,0,0,1,1,7,6,-1,12.5
Mike Muscala,10,4,2015-11-11,24,ATL,H,NOP,8,0,7:38,1,2,0.5,1,1,1,0,0,NA,0,1,1,1,0,1,0,0,3,3.7,2,8.3
Mike Muscala,11,5,2015-11-13,24,ATL,A,BOS,-13,0,5:54,1,1,1,0,0,NA,5,7,0.714,0,0,0,1,0,0,0,0,7,6.6,8,8.5
Mike Muscala,12,6,2015-11-15,24,ATL,H,UTA,-1,0,9:38,0,0,NA,0,0,NA,0,0,NA,0,1,1,1,1,0,1,1,0,0.6,-7,4.3
Mike Muscala,13,7,2015-11-17,24,ATL,A,BRK,-2,0,14:29,2,4,0.5,1,1,1,0,0,NA,0,3,3,1,0,0,1,1,5,3.2,1,10.3
Mike Muscala,14,8,2015-11-18,24,ATL,H,SAC,6,0,9:56,1,2,0.5,0,0,NA,0,0,NA,0,0,0,0,1,1,0,0,2,2.7,5,6
Mike Muscala,15,9,2015-11-21,24,ATL,A,CLE,-12,0,18:49,1,3,0.333,1,1,1,4,4,1,0,2,2,0,0,1,0,1,7,6.2,4,12
Mike Muscala,16,10,2015-11-24,24,ATL,H,BOS,24,0,15:29,1,3,0.333,1,3,0.333,0,0,NA,0,3,3,0,1,2,0,2,3,3.8,-10,13.3
Mike Muscala,17,11,2015-11-25,24,ATL,A,MIN,-4,0,17:39,2,5,0.4,1,4,0.25,3,4,0.75,1,2,3,0,0,2,4,3,8,2.4,0,14.3
Mike Muscala,18,12,2015-11-27,24,ATL,A,MEM,15,0,23:50,5,10,0.5,1,5,0.2,0,0,NA,1,5,6,2,0,2,1,2,11,9.2,11,25.5
Mike Muscala,19,13,2015-11-28,24,ATL,A,SAS,-20,0,23:10,3,8,0.375,0,1,0,0,0,NA,1,3,4,1,1,1,2,1,6,3.2,0,15.5
Mike Muscala,20,14,2015-11-30,24,ATL,H,OKC,6,0,16:42,3,5,0.6,0,1,0,0,0,NA,2,4,6,0,2,0,1,2,6,6.5,-3,17
Mike Muscala,21,15,2015-12-02,24,ATL,H,TOR,-10,0,19:10,1,4,0.25,0,1,0,0,0,NA,1,3,4,1,0,1,0,4,2,1,-5,10.5
Mike Muscala,22,16,2015-12-04,24,ATL,H,LAL,13,0,12:14,2,4,0.5,1,1,1,1,1,1,2,1,3,0,0,1,1,0,6,5.4,-9,11.8
Mike Muscala,23,17,2015-12-09,24,ATL,A,DAL,3,0,11:17,4,7,0.571,0,2,0,0,0,NA,2,3,5,1,0,1,0,0,8,8.4,-2,17.8
Mike Muscala,24,18,2015-12-10,24,ATL,A,OKC,-13,0,20:22,4,8,0.5,0,2,0,0,0,NA,1,1,2,1,0,2,1,3,8,4.9,-10,15.5
Mike Muscala,25,19,2015-12-12,24,ATL,H,SAS,-25,0,19:31,1,3,0.333,0,1,0,0,0,NA,1,2,3,0,2,0,2,5,2,-0.4,-3,8.8
Mike Muscala,26,20,2015-12-14,24,ATL,H,MIA,-12,0,10:24,0,1,0,0,0,NA,0,0,NA,1,1,2,1,0,0,0,1,0,0.6,-1,4
Mike Muscala,27,21,2015-12-16,24,ATL,H,PHI,21,0,8:50,1,3,0.333,1,2,0.5,0,0,NA,0,1,1,1,0,0,1,3,3,0.1,-3,5.8
Mike Muscala,30,22,2015-12-21,24,ATL,H,POR,9,0,4:40,0,1,0,0,1,0,0,0,NA,0,1,1,0,0,0,0,1,0,-0.8,-7,1.3
Mike Muscala,31,23,2015-12-23,24,ATL,H,DET,7,0,0:00,0,0,NA,0,0,NA,0,0,NA,0,0,0,0,0,0,0,1,0,-0.4,-1,0
Mike Muscala,32,24,2015-12-26,24,ATL,H,NYK,19,0,3:34,1,1,1,0,0,NA,0,0,NA,0,1,1,1,0,0,0,0,2,2.7,-2,4.8
Mike Muscala,33,25,2015-12-28,24,ATL,A,IND,-6,0,8:00,0,1,0,0,0,NA,0,0,NA,0,0,0,0,0,0,0,1,0,-1.1,-6,0
Mike Muscala,37,26,2016-01-07,24,ATL,A,PHI,28,0,9:14,2,3,0.667,0,0,NA,0,0,NA,2,1,3,1,0,0,2,3,4,1.9,-2,8.3
Mike Muscala,38,27,2016-01-09,24,ATL,H,CHI,15,0,2:38,0,0,NA,0,0,NA,2,2,1,0,1,1,0,0,0,0,0,2,2.3,-2,3.3
Mike Muscala,39,28,2016-01-13,24,ATL,A,CHO,-23,0,9:18,2,3,0.667,0,0,NA,0,0,NA,1,4,5,0,0,0,0,0,4,4.6,2,10.3
Mike Muscala,41,29,2016-01-16,24,ATL,H,BRK,28,0,7:56,1,2,0.5,0,0,NA,0,0,NA,0,2,2,0,0,0,0,2,2,0.8,3,4.5
Mike Muscala,42,30,2016-01-18,24,ATL,H,ORL,17,0,6:21,1,2,0.5,0,0,NA,0,0,NA,0,2,2,1,0,0,0,0,2,2.3,-5,6
Mike Muscala,43,31,2016-01-20,24,ATL,A,POR,6,0,0:02,0,0,NA,0,0,NA,0,0,NA,0,0,0,0,0,0,0,0,0,0,0,0
Mike Muscala,46,32,2016-01-25,24,ATL,A,DEN,14,0,3:32,0,1,0,0,0,NA,0,0,NA,0,1,1,0,0,0,0,1,0,-0.8,-8,1.3
Mike Muscala,48,33,2016-01-28,24,ATL,A,IND,-19,0,2:00,0,0,NA,0,0,NA,0,0,NA,0,0,0,0,0,0,1,0,0,-1,-4,-0.5
Mike Muscala,49,34,2016-01-31,24,ATL,A,MIA,-18,0,2:17,0,0,NA,0,0,NA,2,2,1,0,0,0,0,0,0,0,0,2,2,-3,2
Mike Muscala,50,35,2016-02-01,24,ATL,H,DAL,15,0,16:37,3,4,0.75,0,1,0,0,0,NA,2,2,4,2,0,2,0,6,6,6.8,11,18
Mike Muscala,51,36,2016-02-03,24,ATL,A,PHI,38,0,19:43,4,5,0.8,0,0,NA,4,7,0.571,0,2,2,1,1,0,1,1,12,9.8,19,17.5
Mike Muscala,52,37,2016-02-05,24,ATL,H,IND,6,0,12:40,2,2,1,0,0,NA,0,0,NA,0,1,1,0,0,0,0,1,4,3.3,-15,5.3
Mike Muscala,53,38,2016-02-07,24,ATL,A,ORL,-2,0,10:58,0,2,0,0,1,0,0,0,NA,2,2,4,1,0,0,1,2,0,-0.5,-10,6
Mike Muscala,54,39,2016-02-08,24,ATL,H,ORL,-7,0,13:52,1,2,0.5,0,0,NA,2,2,1,2,0,2,3,0,0,0,1,4,6.1,1,11
Mike Muscala,55,40,2016-02-10,24,ATL,A,CHI,23,0,17:54,5,7,0.714,1,2,0.5,0,0,NA,3,3,6,1,0,1,0,4,11,10.9,3,22.5
Mike Muscala,56,41,2016-02-19,24,ATL,H,MIA,-4,0,6:44,1,1,1,0,0,NA,2,2,1,1,0,1,0,0,0,2,2,4,1.6,-8,4.3
Mike Muscala,57,42,2016-02-20,24,ATL,H,MIL,-8,0,8:10,0,0,NA,0,0,NA,0,0,NA,0,2,2,0,0,1,0,1,0,0.9,-1,4.5
Mike Muscala,58,43,2016-02-22,24,ATL,H,GSW,-10,0,2:35,0,0,NA,0,0,NA,0,0,NA,0,1,1,0,0,0,0,1,0,-0.1,0,1.3
Mike Muscala,59,44,2016-02-26,24,ATL,H,CHI,15,0,13:18,2,5,0.4,0,1,0,2,2,1,3,1,4,2,3,0,0,2,6,9.3,-7,20
Mike Muscala,60,45,2016-02-28,24,ATL,H,CHO,11,0,13:19,2,5,0.4,0,0,NA,0,0,NA,2,3,5,2,1,1,2,1,4,4.3,7,16.3
Mike Muscala,61,46,2016-03-01,24,ATL,A,GSW,-4,0,2:21,0,1,0,0,0,NA,0,0,NA,0,1,1,0,0,0,1,1,0,-1.8,5,0.8
Mike Muscala,62,47,2016-03-04,24,ATL,A,LAL,29,0,4:07,1,1,1,0,0,NA,0,0,NA,0,2,2,0,0,1,0,0,2,3,8,6.5
Mike Muscala,65,48,2016-03-10,24,ATL,A,TOR,-8,0,7:07,1,2,0.5,0,0,NA,0,0,NA,0,0,0,0,0,0,0,2,2,0.2,-6,2
Mike Muscala,66,49,2016-03-12,24,ATL,H,MEM,12,0,1:17,0,0,NA,0,0,NA,0,0,NA,0,0,0,0,0,0,0,0,0,0,-5,0
Mike Muscala,67,50,2016-03-13,24,ATL,H,IND,29,0,12:00,3,5,0.6,0,0,NA,0,0,NA,3,2,5,0,0,0,0,0,6,6.4,-4,12.3
Mike Muscala,69,51,2016-03-17,24,ATL,H,DEN,18,0,2:34,0,1,0,0,0,NA,1,2,0.5,1,0,1,1,0,0,0,0,1,1.3,3,3.8
Mike Muscala,70,52,2016-03-19,24,ATL,H,HOU,12,0,1:20,0,0,NA,0,0,NA,0,0,NA,0,0,0,0,0,0,0,0,0,0,1,0
Mike Muscala,71,53,2016-03-21,24,ATL,H,WAS,-15,0,0:39,1,2,0.5,0,1,0,0,0,NA,0,0,0,0,0,0,0,0,2,1,0,2
Mike Muscala,72,54,2016-03-23,24,ATL,A,WAS,21,0,2:19,1,1,1,0,0,NA,0,0,NA,0,0,0,0,0,1,0,1,2,2,0,4
Mike Muscala,74,55,2016-03-26,24,ATL,A,DET,17,0,1:32,0,0,NA,0,0,NA,0,0,NA,0,1,1,0,0,0,0,0,0,0.3,0,1.3
Mike Muscala,76,56,2016-03-30,24,ATL,A,TOR,-8,0,12:00,2,3,0.667,1,2,0.5,1,2,0.5,0,0,0,2,0,3,0,0,6,7.8,14,15.5
Mike Muscala,79,57,2016-04-07,24,ATL,H,TOR,8,0,8:46,1,3,0.333,0,1,0,0,0,NA,0,2,2,1,0,0,0,1,2,1.2,-2,6
Mike Muscala,80,58,2016-04-09,24,ATL,H,BOS,11,0,0:51,0,0,NA,0,0,NA,0,0,NA,1,0,1,0,0,0,0,0,0,0.7,-3,1.3
Mike Muscala,81,59,2016-04-11,24,ATL,A,CLE,-15,0,8:48,1,3,0.333,1,1,1,0,0,NA,1,2,3,0,0,1,0,1,3,2.9,2,9.3
Mike Muscala,82,60,2016-04-13,24,ATL,A,WAS,-11,0,9:54,2,4,0.5,0,0,NA,2,2,1,1,0,1,1,0,1,0,3,6,4.9,7,10.8
Jeff Teague,1,1,2015-10-27,27,ATL,H,DET,-12,1,31:52,7,16,0.438,1,3,0.333,3,4,0.75,0,2,2,4,0,0,5,1,18,7.2,-23,24.5
Jeff Teague,2,2,2015-10-29,27,ATL,A,NYK,11,1,29:45,7,12,0.583,0,2,0,9,10,0.9,0,4,4,8,1,0,3,1,23,21.4,18,40.5
Jeff Teague,3,3,2015-10-30,27,ATL,H,CHO,3,1,33:41,6,14,0.429,0,4,0,2,2,1,0,1,1,4,0,1,3,2,14,6.6,-3,21.8
Jeff Teague,4,4,2015-11-01,27,ATL,A,CHO,2,1,32:11,6,16,0.375,2,4,0.5,4,4,1,0,6,6,4,1,0,1,2,18,13,-3,34
Jeff Teague,5,5,2015-11-03,27,ATL,A,MIA,6,1,34:23,9,18,0.5,2,2,1,6,7,0.857,2,4,6,9,1,0,3,3,26,22.3,20,48.5
Jeff Teague,6,6,2015-11-04,27,ATL,H,BRK,14,1,28:11,4,8,0.5,0,2,0,8,10,0.8,0,1,1,6,3,1,2,2,16,16.6,-3,33.3
Jeff Teague,7,7,2015-11-06,27,ATL,A,NOP,6,1,31:53,5,16,0.313,1,4,0.25,8,10,0.8,1,1,2,7,1,1,3,2,19,12.8,2,35
Jeff Teague,8,8,2015-11-07,27,ATL,H,WAS,15,1,27:07,4,16,0.25,2,4,0.5,0,0,NA,1,3,4,8,4,0,4,1,10,7.2,10,34
Jeff Teague,9,9,2015-11-09,27,ATL,H,MIN,-10,1,34:52,10,17,0.588,1,4,0.25,3,3,1,0,2,2,9,1,3,6,3,24,18.9,-2,45.5
Jeff Teague,10,10,2015-11-11,27,ATL,H,NOP,8,1,29:33,6,16,0.375,1,2,0.5,1,2,0.5,0,0,0,10,2,1,1,4,14,11.9,2,36.5
Jeff Teague,11,11,2015-11-13,27,ATL,A,BOS,-13,1,25:15,2,6,0.333,0,0,NA,2,2,1,1,3,4,3,0,0,3,1,6,2.9,-13,14
Jeff Teague,15,12,2015-11-21,27,ATL,A,CLE,-12,0,25:53,3,12,0.25,2,3,0.667,5,5,1,1,0,1,4,2,0,1,2,13,9.5,-14,24.8
Jeff Teague,16,13,2015-11-24,27,ATL,H,BOS,24,1,25:43,4,10,0.4,1,2,0.5,7,9,0.778,0,0,0,9,2,0,3,5,16,13.1,13,32.5
Jeff Teague,17,14,2015-11-25,27,ATL,A,MIN,-4,1,33:46,8,17,0.471,1,5,0.2,5,7,0.714,1,4,5,5,2,0,2,2,22,17.1,-3,39.3
Jeff Teague,18,15,2015-11-27,27,ATL,A,MEM,15,1,29:13,5,7,0.714,4,6,0.667,6,6,1,0,2,2,7,1,0,1,2,20,21.8,29,36.5
Jeff Teague,19,16,2015-11-28,27,ATL,A,SAS,-20,1,22:30,2,10,0.2,1,4,0.25,1,2,0.5,1,2,3,4,0,0,4,3,6,-1.7,-23,14.3
Jeff Teague,20,17,2015-11-30,27,ATL,H,OKC,6,1,31:02,10,17,0.588,2,4,0.5,3,3,1,1,2,3,5,0,0,6,4,25,14.3,5,34.3
Jeff Teague,21,18,2015-12-02,27,ATL,H,TOR,-10,1,33:35,5,16,0.313,1,3,0.333,0,1,0,2,3,5,10,0,1,1,1,11,10,-6,35.8
Jeff Teague,22,19,2015-12-04,27,ATL,H,LAL,13,1,31:29,5,9,0.556,1,3,0.333,2,2,1,0,1,1,5,2,0,1,0,13,13.5,8,25.8
Jeff Teague,23,20,2015-12-09,27,ATL,A,DAL,3,1,31:35,3,11,0.273,2,3,0.667,6,6,1,0,2,2,6,0,0,2,4,14,8.7,0,25.5
Jeff Teague,24,21,2015-12-10,27,ATL,A,OKC,-13,1,32:20,8,14,0.571,1,2,0.5,1,1,1,0,5,5,4,2,0,1,2,18,15.9,-9,34.3
Jeff Teague,25,22,2015-12-12,27,ATL,H,SAS,-25,1,23:42,0,5,0,0,1,0,4,4,1,0,1,1,3,0,0,5,2,4,-2.9,-24,7.3
Jeff Teague,26,23,2015-12-14,27,ATL,H,MIA,-12,1,28:21,2,12,0.167,1,3,0.333,2,2,1,0,1,1,4,0,0,0,4,7,0.9,-12,14.8
Jeff Teague,27,24,2015-12-16,27,ATL,H,PHI,21,1,23:10,6,9,0.667,2,3,0.667,4,4,1,0,3,3,4,2,2,1,1,18,19.8,6,36.3
Jeff Teague,28,25,2015-12-18,27,ATL,A,BOS,8,1,19:55,1,6,0.167,0,1,0,4,4,1,1,1,2,6,0,0,2,2,6,4.6,-12,16.5
Jeff Teague,29,26,2015-12-20,27,ATL,A,ORL,3,1,27:23,4,7,0.571,0,0,NA,6,8,0.75,0,2,2,1,1,0,6,3,14,5,-1,17
Jeff Teague,30,27,2015-12-21,27,ATL,H,POR,9,1,31:02,4,12,0.333,0,4,0,5,6,0.833,0,2,2,8,2,0,2,2,13,11.2,0,30.5
Jeff Teague,31,28,2015-12-23,27,ATL,H,DET,7,1,31:52,10,19,0.526,0,3,0,3,5,0.6,4,2,6,9,4,0,2,3,23,23.4,7,51
Jeff Teague,32,29,2015-12-26,27,ATL,H,NYK,19,1,25:46,6,12,0.5,1,2,0.5,4,4,1,2,0,2,4,2,0,1,2,17,15.4,1,29.5
Jeff Teague,33,30,2015-12-28,27,ATL,A,IND,-6,1,35:07,3,9,0.333,1,2,0.5,11,14,0.786,0,5,5,4,1,0,6,3,18,9.8,2,29.8
Jeff Teague,34,31,2015-12-29,27,ATL,A,HOU,6,1,33:34,8,18,0.444,2,3,0.667,4,5,0.8,0,2,2,8,3,0,1,2,22,19.6,23,43
Jeff Teague,35,32,2016-01-03,27,ATL,A,NYK,-14,1,29:34,3,12,0.25,0,2,0,3,3,1,0,1,1,3,1,0,2,2,9,2.4,-12,15.8
Jeff Teague,36,33,2016-01-05,27,ATL,H,NYK,-6,1,22:49,5,9,0.556,3,4,0.75,3,3,1,0,1,1,0,1,0,4,0,16,9,-6,18.8
Jeff Teague,37,34,2016-01-07,27,ATL,A,PHI,28,1,21:44,3,7,0.429,1,1,1,0,0,NA,0,1,1,4,1,0,3,1,7,4,-3,15.3
Jeff Teague,38,35,2016-01-09,27,ATL,H,CHI,15,1,25:29,5,9,0.556,1,1,1,1,2,0.5,1,1,2,6,1,0,3,0,12,10.5,1,24.5
Jeff Teague,39,36,2016-01-13,27,ATL,A,CHO,-23,1,21:07,3,10,0.3,1,1,1,2,3,0.667,0,3,3,2,2,2,1,1,9,7.1,-26,23.8
Jeff Teague,40,37,2016-01-15,27,ATL,A,MIL,-7,1,36:30,4,13,0.308,1,4,0.25,0,0,NA,0,4,4,10,1,0,3,2,9,6.9,-8,30
Jeff Teague,41,38,2016-01-16,27,ATL,H,BRK,28,1,22:39,4,8,0.5,1,4,0.25,3,4,0.75,0,3,3,7,1,0,1,1,12,13,-2,28.3
Jeff Teague,42,39,2016-01-18,27,ATL,H,ORL,17,1,23:48,5,10,0.5,3,3,1,1,1,1,0,4,4,2,1,0,3,3,14,8.4,11,24
Jeff Teague,43,40,2016-01-20,27,ATL,A,POR,6,1,29:12,6,16,0.375,1,4,0.25,1,2,0.5,0,2,2,6,0,0,2,0,14,7.6,-1,25
Jeff Teague,44,41,2016-01-21,27,ATL,A,SAC,-3,1,19:59,2,8,0.25,0,2,0,0,0,NA,0,2,2,4,1,1,3,2,4,0.5,-14,15
Jeff Teague,45,42,2016-01-23,27,ATL,A,PHO,-3,1,24:39,4,13,0.308,1,6,0.167,0,0,NA,0,1,1,3,2,1,5,5,9,-0.4,-5,18.8
Jeff Teague,46,43,2016-01-25,27,ATL,A,DEN,14,1,26:05,5,11,0.455,0,2,0,2,2,1,2,1,3,10,3,0,4,1,12,13.6,15,36.3
Jeff Teague,47,44,2016-01-27,27,ATL,H,LAC,-2,1,31:21,7,10,0.7,2,2,1,0,0,NA,0,3,3,2,2,0,5,2,16,10.3,4,25.3
Jeff Teague,48,45,2016-01-28,27,ATL,A,IND,-19,1,30:49,7,12,0.583,2,2,1,4,4,1,0,1,1,5,1,0,3,5,20,14.2,-2,30.3
Jeff Teague,49,46,2016-01-31,27,ATL,A,MIA,-18,1,26:27,3,11,0.273,0,5,0,9,9,1,0,0,0,6,2,1,2,6,15,11,-14,29
Jeff Teague,50,47,2016-02-01,27,ATL,H,DAL,15,1,27:48,12,15,0.8,5,6,0.833,3,3,1,0,5,5,8,1,0,2,2,32,31.6,6,53.8
Jeff Teague,51,48,2016-02-03,27,ATL,A,PHI,38,1,23:03,4,12,0.333,2,4,0.5,0,0,NA,0,3,3,3,3,0,1,0,10,8.2,9,24.8
Jeff Teague,52,49,2016-02-05,27,ATL,H,IND,6,1,30:11,5,9,0.556,0,2,0,6,7,0.857,1,4,5,4,1,0,4,1,16,12.6,0,28.3
Jeff Teague,53,50,2016-02-07,27,ATL,A,ORL,-2,1,34:40,10,18,0.556,3,6,0.5,1,1,1,0,1,1,5,1,0,5,1,24,14.8,-4,33.8
Jeff Teague,54,51,2016-02-08,27,ATL,H,ORL,-7,1,34:18,7,18,0.389,3,5,0.6,4,7,0.571,1,2,3,5,1,0,3,2,21,12,9,34.3
Jeff Teague,55,52,2016-02-10,27,ATL,A,CHI,23,1,27:41,7,16,0.438,1,3,0.333,2,2,1,0,6,6,8,3,0,3,1,17,15.6,9,41.5
Jeff Teague,56,53,2016-02-19,27,ATL,H,MIA,-4,1,29:13,9,14,0.643,3,7,0.429,2,2,1,0,2,2,7,1,0,2,6,23,18.9,-3,38.5
Jeff Teague,57,54,2016-02-20,27,ATL,H,MIL,-8,1,17:44,2,8,0.25,0,2,0,1,2,0.5,1,1,2,5,1,0,3,2,5,1.5,-9,15.5
Jeff Teague,58,55,2016-02-22,27,ATL,H,GSW,-10,1,29:43,5,12,0.417,2,6,0.333,4,8,0.5,0,0,0,6,1,1,3,3,16,9.7,-15,28.5
Jeff Teague,59,56,2016-02-26,27,ATL,H,CHI,15,1,31:07,6,13,0.462,2,4,0.5,5,6,0.833,0,3,3,9,2,0,1,2,19,19.3,16,40.8
Jeff Teague,60,57,2016-02-28,27,ATL,H,CHO,11,1,32:59,4,9,0.444,2,3,0.667,0,0,NA,0,4,4,9,1,0,5,2,10,8,4,29
Jeff Teague,61,58,2016-03-01,27,ATL,A,GSW,-4,1,24:11,3,6,0.5,1,4,0.25,0,0,NA,0,1,1,6,0,0,3,0,7,5.5,-2,16.3
Jeff Teague,62,59,2016-03-04,27,ATL,A,LAL,29,1,26:56,4,11,0.364,0,4,0,4,4,1,0,4,4,8,0,0,3,1,12,9.3,19,27.5
Jeff Teague,63,60,2016-03-05,27,ATL,A,LAC,10,1,28:51,8,15,0.533,3,4,0.75,3,3,1,1,5,6,7,1,0,2,5,22,18.8,17,42.5
Jeff Teague,64,61,2016-03-08,27,ATL,A,UTA,7,1,31:48,9,18,0.5,3,6,0.5,3,4,0.75,0,3,3,6,2,1,4,2,24,17.6,7,42.3
Jeff Teague,65,62,2016-03-10,27,ATL,A,TOR,-8,1,24:45,4,15,0.267,0,4,0,2,3,0.667,1,3,4,7,2,0,1,2,10,7.4,-7,29
Jeff Teague,66,63,2016-03-12,27,ATL,H,MEM,12,1,29:21,7,14,0.5,4,7,0.571,0,0,NA,1,1,2,7,1,2,0,2,18,18.5,2,39
Jeff Teague,67,64,2016-03-13,27,ATL,H,IND,29,1,22:00,2,5,0.4,1,2,0.5,1,2,0.5,0,2,2,9,1,0,2,2,6,8,13,23.5
Jeff Teague,68,65,2016-03-16,27,ATL,A,DET,4,1,28:23,4,10,0.4,2,3,0.667,12,13,0.923,0,2,2,9,1,0,4,1,22,19.7,0,39
Jeff Teague,69,66,2016-03-17,27,ATL,H,DEN,18,1,26:32,6,16,0.375,2,6,0.333,2,2,1,1,2,3,8,1,0,3,2,16,11.3,21,33.3
Jeff Teague,70,67,2016-03-19,27,ATL,H,HOU,12,1,24:32,2,7,0.286,0,3,0,1,2,0.5,0,2,2,7,0,1,4,0,5,2.7,7,18
Jeff Teague,71,68,2016-03-21,27,ATL,H,WAS,-15,1,30:56,7,17,0.412,3,9,0.333,6,8,0.75,1,2,3,4,1,0,2,1,23,15.8,-20,35.3
Jeff Teague,72,69,2016-03-23,27,ATL,A,WAS,21,1,25:57,3,10,0.3,2,5,0.4,1,4,0.25,1,5,6,6,1,0,2,2,9,6.6,-9,27.5
Jeff Teague,73,70,2016-03-25,27,ATL,H,MIL,11,1,33:44,7,17,0.412,0,5,0,4,4,1,0,1,1,6,1,0,6,4,18,6.8,3,27.3
Jeff Teague,74,71,2016-03-26,27,ATL,A,DET,17,1,32:38,3,13,0.231,2,3,0.667,4,4,1,1,3,4,12,0,0,0,3,12,12.9,15,37.5
Jeff Teague,75,72,2016-03-28,27,ATL,A,CHI,2,1,29:59,9,18,0.5,0,1,0,8,8,1,1,5,6,7,1,1,0,1,26,25.4,14,48
Jeff Teague,76,73,2016-03-30,27,ATL,A,TOR,-8,1,22:23,8,13,0.615,1,1,1,1,1,1,1,1,2,3,0,0,2,0,18,13.2,-7,24.5
Jeff Teague,77,74,2016-04-01,27,ATL,H,CLE,-2,1,38:16,9,23,0.391,2,6,0.333,8,8,1,0,4,4,9,2,2,2,3,28,23.2,18,54.5
Jeff Teague,78,75,2016-04-05,27,ATL,H,PHO,13,1,30:06,8,18,0.444,3,7,0.429,1,1,1,0,2,2,2,2,0,4,1,20,10.2,18,29
Jeff Teague,79,76,2016-04-07,27,ATL,H,TOR,8,1,30:23,7,13,0.538,2,3,0.667,7,9,0.778,0,0,0,5,0,1,3,2,23,16.3,17,32
Jeff Teague,80,77,2016-04-09,27,ATL,H,BOS,11,1,28:07,9,15,0.6,3,5,0.6,3,3,1,0,5,5,7,1,0,2,3,24,21.3,11,43.3
Jeff Teague,81,78,2016-04-11,27,ATL,A,CLE,-15,1,31:08,9,13,0.692,1,2,0.5,2,4,0.5,0,0,0,9,1,0,6,2,21,15.2,-5,34
Jeff Teague,82,79,2016-04-13,27,ATL,A,WAS,-11,1,27:25,6,11,0.545,2,5,0.4,2,2,1,0,2,2,5,2,0,5,4,16,10.2,-20,28.5
Dennis Schroder,1,1,2015-10-27,22,ATL,H,DET,-12,0,25:22,8,14,0.571,2,5,0.4,2,2,1,1,2,3,4,2,0,1,1,20,18.1,4,34.3
Dennis Schroder,2,2,2015-10-29,22,ATL,A,NYK,11,0,18:15,6,11,0.545,1,3,0.333,0,0,NA,0,1,1,2,0,0,1,0,13,8.4,-7,17.3
Dennis Schroder,3,3,2015-10-30,22,ATL,H,CHO,3,1,33:01,6,15,0.4,0,3,0,2,2,1,0,5,5,2,2,0,2,2,14,8,-3,26.3
Dennis Schroder,4,4,2015-11-01,22,ATL,A,CHO,2,0,21:11,3,9,0.333,0,2,0,0,0,NA,1,2,3,3,1,0,1,2,6,3.5,8,15.8
Dennis Schroder,5,5,2015-11-03,22,ATL,A,MIA,6,0,16:01,1,6,0.167,0,0,NA,2,2,1,0,2,2,3,1,0,4,1,4,-0.5,-12,11
Dennis Schroder,6,6,2015-11-04,22,ATL,H,BRK,14,1,28:14,7,15,0.467,3,6,0.5,3,4,0.75,1,2,3,4,1,0,4,2,20,12.2,11,31.3
Dennis Schroder,7,7,2015-11-06,22,ATL,A,NOP,6,0,18:35,6,8,0.75,3,4,0.75,0,0,NA,0,0,0,5,0,0,1,0,15,14.3,2,23.5
Dennis Schroder,8,8,2015-11-07,22,ATL,H,WAS,15,0,23:55,3,10,0.3,0,4,0,0,0,NA,0,0,0,7,1,0,2,3,6,2.9,4,17.5
Dennis Schroder,9,9,2015-11-09,22,ATL,H,MIN,-10,0,23:21,5,10,0.5,2,5,0.4,0,0,NA,0,1,1,4,1,0,0,1,12,10.7,-3,22.3
Dennis Schroder,10,10,2015-11-11,22,ATL,H,NOP,8,0,22:12,5,11,0.455,2,4,0.5,0,0,NA,0,2,2,4,1,0,3,1,12,7.3,3,22
Dennis Schroder,11,11,2015-11-13,22,ATL,A,BOS,-13,0,23:40,3,10,0.3,0,3,0,4,5,0.8,0,2,2,7,0,0,2,1,10,6.9,0,22
Dennis Schroder,12,12,2015-11-15,22,ATL,H,UTA,-1,1,33:28,3,10,0.3,1,2,0.5,4,6,0.667,1,5,6,9,0,0,0,4,11,11.3,10,32.5
Dennis Schroder,13,13,2015-11-17,22,ATL,A,BRK,-2,1,29:16,3,11,0.273,1,4,0.25,1,2,0.5,0,5,5,10,0,0,3,3,8,5.4,-6,28.3
Dennis Schroder,14,14,2015-11-18,22,ATL,H,SAC,6,1,32:28,9,21,0.429,3,9,0.333,1,2,0.5,0,2,2,6,0,0,1,3,22,13.1,3,34.5
Dennis Schroder,15,15,2015-11-21,22,ATL,A,CLE,-12,1,16:10,3,8,0.375,1,3,0.333,0,0,NA,1,1,2,2,2,0,2,3,7,3.8,-4,16
Dennis Schroder,16,16,2015-11-24,22,ATL,H,BOS,24,0,19:26,1,7,0.143,0,2,0,4,4,1,0,4,4,4,0,0,5,0,6,0.5,12,14.5
Dennis Schroder,17,17,2015-11-25,22,ATL,A,MIN,-4,0,14:28,1,8,0.125,0,1,0,0,0,NA,2,1,3,2,2,0,1,0,2,0.9,-1,12.3
Dennis Schroder,18,18,2015-11-27,22,ATL,A,MEM,15,0,18:47,1,8,0.125,1,5,0.2,4,4,1,0,4,4,4,1,0,1,2,7,5,-14,20
Dennis Schroder,19,19,2015-11-28,22,ATL,A,SAS,-20,0,17:14,4,7,0.571,0,2,0,1,1,1,1,1,2,6,3,0,1,0,9,12.9,-3,26
Dennis Schroder,20,20,2015-11-30,22,ATL,H,OKC,6,0,16:30,2,6,0.333,1,3,0.333,0,0,NA,0,1,1,2,1,0,1,1,5,2.9,3,11.3
Dennis Schroder,21,21,2015-12-02,22,ATL,H,TOR,-10,0,14:25,4,8,0.5,0,2,0,0,0,NA,1,1,2,4,1,0,2,0,8,6.8,-4,17.5
Dennis Schroder,22,22,2015-12-04,22,ATL,H,LAL,13,0,16:31,2,4,0.5,1,3,0.333,1,2,0.5,0,5,5,2,0,1,2,0,6,5.2,5,16.8
Dennis Schroder,23,23,2015-12-09,22,ATL,A,DAL,3,0,18:26,5,8,0.625,0,0,NA,1,2,0.5,0,2,2,1,0,0,4,2,11,3.5,3,13
Dennis Schroder,24,24,2015-12-10,22,ATL,A,OKC,-13,0,18:43,2,8,0.25,0,2,0,3,4,0.75,0,4,4,2,1,1,3,3,7,1.9,-8,17.5
Dennis Schroder,25,25,2015-12-12,22,ATL,H,SAS,-25,0,19:18,2,10,0.2,0,3,0,2,2,1,1,2,3,7,0,0,0,1,6,5.6,0,20.3
Dennis Schroder,26,26,2015-12-14,22,ATL,H,MIA,-12,0,26:13,4,10,0.4,2,5,0.4,3,4,0.75,1,3,4,7,4,0,2,3,13,14.5,0,36.5
Dennis Schroder,27,27,2015-12-16,22,ATL,H,PHI,21,0,23:06,6,12,0.5,2,4,0.5,3,4,0.75,0,0,0,7,3,0,1,2,17,16.7,25,34
Dennis Schroder,28,28,2015-12-18,22,ATL,A,BOS,8,0,28:19,8,15,0.533,2,4,0.5,4,4,1,0,0,0,5,4,0,0,3,22,21,20,38.5
Dennis Schroder,29,29,2015-12-20,22,ATL,A,ORL,3,0,20:21,1,3,0.333,0,1,0,1,1,1,0,1,1,3,0,1,4,3,3,-0.8,4,8.8
Dennis Schroder,30,30,2015-12-21,22,ATL,H,POR,9,0,17:21,7,10,0.7,3,4,0.75,1,2,0.5,0,1,1,3,1,0,1,1,18,15.4,11,26.8
Dennis Schroder,31,31,2015-12-23,22,ATL,H,DET,7,0,20:20,5,12,0.417,1,3,0.333,3,4,0.75,1,2,3,5,0,0,3,3,14,7.8,-6,24.3
Dennis Schroder,32,32,2015-12-26,22,ATL,H,NYK,19,0,21:21,4,9,0.444,0,1,0,2,2,1,0,4,4,6,2,0,0,0,10,12.7,24,28
Dennis Schroder,33,33,2015-12-28,22,ATL,A,IND,-6,0,11:44,2,8,0.25,0,2,0,0,0,NA,0,1,1,1,0,0,2,1,4,-2.2,-12,5.8
Dennis Schroder,36,34,2016-01-05,22,ATL,H,NYK,-6,0,25:11,3,8,0.375,0,2,0,1,3,0.333,0,4,4,8,0,0,3,1,7,5.2,0,22.5
Dennis Schroder,37,35,2016-01-07,22,ATL,A,PHI,28,0,18:55,5,7,0.714,2,3,0.667,2,2,1,1,3,4,6,2,0,4,4,14,13.3,33,31
Dennis Schroder,38,36,2016-01-09,22,ATL,H,CHI,15,0,21:27,5,11,0.455,2,3,0.667,1,1,1,0,5,5,8,2,1,2,2,13,14.3,18,37.3
Dennis Schroder,39,37,2016-01-13,22,ATL,A,CHO,-23,0,25:55,3,13,0.231,0,2,0,0,0,NA,1,4,5,6,0,0,2,3,6,1,-7,20.3
Dennis Schroder,40,38,2016-01-15,22,ATL,A,MIL,-7,0,19:09,6,10,0.6,2,3,0.667,2,2,1,1,4,5,1,0,0,3,1,16,10.6,-4,23.3
Dennis Schroder,41,39,2016-01-16,22,ATL,H,BRK,28,0,19:35,6,9,0.667,2,4,0.5,1,1,1,1,5,6,10,3,0,1,0,15,22.3,28,45.5
Dennis Schroder,42,40,2016-01-18,22,ATL,H,ORL,17,0,17:51,3,8,0.375,0,2,0,0,0,NA,0,2,2,8,0,0,3,1,6,4.4,11,19
Dennis Schroder,43,41,2016-01-20,22,ATL,A,POR,6,0,19:51,3,13,0.231,1,4,0.25,1,2,0.5,1,2,3,5,2,0,5,2,8,0.7,5,21.3
Dennis Schroder,44,42,2016-01-21,22,ATL,A,SAC,-3,0,25:13,5,14,0.357,1,6,0.167,1,2,0.5,0,2,2,4,1,0,6,2,12,1.4,10,20
Dennis Schroder,45,43,2016-01-23,22,ATL,A,PHO,-3,0,23:56,6,10,0.6,3,6,0.5,4,4,1,1,0,1,5,2,1,3,2,19,17.5,4,33.8
Dennis Schroder,46,44,2016-01-25,22,ATL,A,DEN,14,0,19:02,4,8,0.5,1,2,0.5,6,7,0.857,1,4,5,5,0,0,1,2,15,14.2,11,28.8
Dennis Schroder,47,45,2016-01-27,22,ATL,H,LAC,-2,0,17:06,3,9,0.333,1,2,0.5,0,0,NA,0,4,4,3,0,0,4,1,7,0.8,-6,15
Dennis Schroder,48,46,2016-01-28,22,ATL,A,IND,-19,0,13:54,2,8,0.25,0,2,0,1,1,1,0,1,1,2,0,0,0,2,5,1.1,-12,9.3
Dennis Schroder,49,47,2016-01-31,22,ATL,A,MIA,-18,0,20:36,4,12,0.333,1,4,0.25,2,2,1,1,2,3,3,0,0,2,2,11,4.8,1,18.8
Dennis Schroder,50,48,2016-02-01,22,ATL,H,DAL,15,0,16:02,4,6,0.667,1,2,0.5,5,7,0.714,1,2,3,3,1,0,2,2,14,12.2,11,23.8
Dennis Schroder,51,49,2016-02-03,22,ATL,A,PHI,38,0,17:12,4,10,0.4,0,0,NA,4,5,0.8,0,5,5,2,1,0,2,1,12,7.7,22,22.3
Dennis Schroder,52,50,2016-02-05,22,ATL,H,IND,6,0,18:38,4,9,0.444,1,2,0.5,0,0,NA,0,2,2,7,1,0,2,3,9,7.6,6,23.5
Dennis Schroder,53,51,2016-02-07,22,ATL,A,ORL,-2,0,13:20,1,7,0.143,1,2,0.5,3,4,0.75,0,4,4,1,0,0,2,1,6,0.6,2,12
Dennis Schroder,54,52,2016-02-08,22,ATL,H,ORL,-7,0,18:35,3,9,0.333,0,2,0,0,1,0,0,1,1,6,0,0,1,1,6,3.6,-13,15.8
Dennis Schroder,55,53,2016-02-10,22,ATL,A,CHI,23,0,17:57,6,10,0.6,3,5,0.6,3,4,0.75,0,2,2,4,1,0,1,1,18,16,12,29.5
Dennis Schroder,56,54,2016-02-19,22,ATL,H,MIA,-4,0,21:15,6,10,0.6,2,3,0.667,2,2,1,1,2,3,6,1,1,5,1,16,13.2,4,31.3
Dennis Schroder,57,55,2016-02-20,22,ATL,H,MIL,-8,0,40:24,10,19,0.526,3,8,0.375,2,2,1,0,8,8,10,1,1,5,5,25,19.8,1,54.5
Dennis Schroder,58,56,2016-02-22,22,ATL,H,GSW,-10,0,18:04,8,12,0.667,2,5,0.4,0,0,NA,0,3,3,6,0,0,2,4,18,14.3,7,30.8
Dennis Schroder,59,57,2016-02-26,22,ATL,H,CHI,15,0,14:24,2,7,0.286,0,2,0,3,4,0.75,0,3,3,3,1,1,3,0,7,4.2,1,17.8
Dennis Schroder,60,58,2016-02-28,22,ATL,H,CHO,11,0,14:34,3,7,0.429,0,1,0,2,3,0.667,0,2,2,3,0,0,0,1,8,6.2,7,15
Dennis Schroder,61,59,2016-03-01,22,ATL,A,GSW,-4,0,28:49,5,10,0.5,1,3,0.333,6,8,0.75,0,3,3,9,0,0,3,2,17,14.6,-2,33.3
Dennis Schroder,62,60,2016-03-04,22,ATL,A,LAL,29,0,17:54,6,10,0.6,1,3,0.333,3,5,0.6,0,0,0,1,1,0,0,2,16,11.5,4,20
Dennis Schroder,63,61,2016-03-05,22,ATL,A,LAC,10,0,19:09,6,10,0.6,0,0,NA,4,4,1,0,1,1,3,0,0,3,0,16,10.8,-7,20.3
Dennis Schroder,64,62,2016-03-08,22,ATL,A,UTA,7,0,16:12,3,11,0.273,1,4,0.25,0,0,NA,0,1,1,4,1,0,2,1,7,2.2,0,15.8
Dennis Schroder,65,63,2016-03-10,22,ATL,A,TOR,-8,0,25:21,5,9,0.556,0,1,0,1,1,1,0,2,2,5,1,0,3,4,11,7.2,-5,21.5
Dennis Schroder,66,64,2016-03-12,22,ATL,H,MEM,12,0,3:16,0,2,0,0,1,0,0,0,NA,0,0,0,0,0,0,2,0,0,-3.4,-5,-1
Dennis Schroder,67,65,2016-03-13,22,ATL,H,IND,29,0,18:53,4,8,0.5,0,1,0,0,0,NA,0,2,2,5,1,0,2,1,8,6.7,16,19
Dennis Schroder,68,66,2016-03-16,22,ATL,A,DET,4,0,21:29,6,13,0.462,2,5,0.4,4,4,1,0,1,1,7,2,0,4,2,18,13.7,3,32.8
Dennis Schroder,69,67,2016-03-17,22,ATL,H,DEN,18,0,18:54,4,9,0.444,1,4,0.25,2,2,1,0,3,3,3,0,0,2,1,11,6.9,-6,18.8
Dennis Schroder,70,68,2016-03-19,22,ATL,H,HOU,12,0,22:08,5,9,0.556,2,3,0.667,2,2,1,0,1,1,4,1,0,6,3,14,6.6,4,21.3
Dennis Schroder,71,69,2016-03-21,22,ATL,H,WAS,-15,0,18:23,3,9,0.333,1,3,0.333,2,2,1,0,1,1,2,0,0,4,1,9,1.2,5,11.8
Dennis Schroder,72,70,2016-03-23,22,ATL,A,WAS,21,0,20:17,7,9,0.778,1,2,0.5,8,9,0.889,0,4,4,8,1,0,3,1,23,23.5,27,41
Dennis Schroder,73,71,2016-03-25,22,ATL,H,MIL,11,0,14:16,3,9,0.333,0,3,0,3,3,1,0,0,0,1,2,0,0,5,9,4.6,8,14.5
Dennis Schroder,74,72,2016-03-26,22,ATL,A,DET,17,0,24:03,5,14,0.357,1,3,0.333,0,0,NA,0,3,3,7,0,0,3,3,11,4.8,7,24.3
Dennis Schroder,75,73,2016-03-28,22,ATL,A,CHI,2,0,18:00,6,10,0.6,0,2,0,2,2,1,0,1,1,1,0,0,2,3,14,7.2,-12,15.8
Dennis Schroder,76,74,2016-03-30,22,ATL,A,TOR,-8,0,23:22,4,13,0.308,1,3,0.333,4,5,0.8,1,2,3,2,0,0,4,1,13,3.4,-1,18.3
Dennis Schroder,77,75,2016-04-01,22,ATL,H,CLE,-2,0,13:59,2,7,0.286,0,0,NA,3,4,0.75,0,2,2,1,1,0,5,4,7,-1.8,-20,10.5
Dennis Schroder,78,76,2016-04-05,22,ATL,H,PHO,13,0,17:54,2,13,0.154,0,3,0,0,0,NA,1,2,3,3,2,0,3,1,4,-2.3,-5,14.8
Dennis Schroder,79,77,2016-04-07,22,ATL,H,TOR,8,0,15:27,0,7,0,0,3,0,0,0,NA,0,2,2,3,0,1,3,2,0,-5.3,-6,7.5
Dennis Schroder,80,78,2016-04-09,22,ATL,H,BOS,11,0,19:55,6,12,0.5,3,4,0.75,0,0,NA,0,1,1,7,1,0,2,0,15,13.2,0,29.3
Dennis Schroder,81,79,2016-04-11,22,ATL,A,CLE,-15,0,16:56,2,8,0.25,0,4,0,0,1,0,1,2,3,2,1,0,0,3,4,1.3,-10,12.8
Dennis Schroder,82,80,2016-04-13,22,ATL,A,WAS,-11,0,20:35,4,11,0.364,1,3,0.333,2,6,0.333,0,0,0,3,1,0,3,1,11,3,9,16.5
Kirk Hinrich,56,36,2016-02-26,35,ATL,H,CHI,15,0,2:29,0,1,0,0,1,0,0,0,NA,0,0,0,0,0,0,0,0,0,-0.7,-2,0
Kirk Hinrich,59,37,2016-03-04,35,ATL,A,LAL,29,0,3:10,1,1,1,0,0,NA,0,0,NA,0,0,0,3,1,0,0,0,2,4.8,6,8.5
Kirk Hinrich,63,38,2016-03-12,35,ATL,H,MEM,12,0,15:23,0,4,0,0,2,0,0,0,NA,1,2,3,3,1,0,0,0,0,1.6,15,10.3
Kirk Hinrich,64,39,2016-03-13,35,ATL,H,IND,29,0,12:00,0,2,0,0,1,0,0,0,NA,0,3,3,2,0,0,2,1,0,-1.5,-4,5.8
Kirk Hinrich,66,40,2016-03-17,35,ATL,H,DEN,18,0,14:38,0,0,NA,0,0,NA,0,0,NA,0,2,2,1,0,1,1,0,0,1,-12,5.5
Kirk Hinrich,67,41,2016-03-19,35,ATL,H,HOU,12,0,1:20,0,1,0,0,1,0,0,0,NA,0,0,0,0,0,0,0,0,0,-0.7,1,0
Kirk Hinrich,69,42,2016-03-23,35,ATL,A,WAS,21,0,2:19,0,0,NA,0,0,NA,0,0,NA,0,1,1,2,0,0,0,0,0,1.7,0,4.3
Kirk Hinrich,73,43,2016-03-30,35,ATL,A,TOR,-8,0,11:48,1,1,1,1,1,1,0,0,NA,0,2,2,2,0,0,0,0,3,4.7,15,9
Kirk Hinrich,76,44,2016-04-07,35,ATL,H,TOR,8,0,4:45,0,1,0,0,0,NA,0,0,NA,0,0,0,0,0,0,0,0,0,-0.7,2,0
Kirk Hinrich,78,45,2016-04-11,35,ATL,A,CLE,-15,0,5:05,0,0,NA,0,0,NA,0,0,NA,0,1,1,1,0,0,0,0,0,1,0,2.8
Kirk Hinrich,79,46,2016-04-13,35,ATL,A,WAS,-11,0,3:01,0,0,NA,0,0,NA,0,0,NA,0,0,0,0,0,0,0,0,0,0,3,0
Kent Bazemore,1,1,2015-10-27,26,ATL,H,DET,-12,1,20:50,0,3,0,0,1,0,0,0,NA,0,7,7,1,0,0,4,3,0,-4.5,-17,8.3
Kent Bazemore,2,2,2015-10-29,26,ATL,A,NYK,11,1,25:10,2,6,0.333,1,2,0.5,0,0,NA,0,1,1,5,2,0,1,2,5,5.6,17,17.8
Kent Bazemore,3,3,2015-10-30,26,ATL,H,CHO,3,1,30:38,7,13,0.538,4,5,0.8,1,2,0.5,2,7,9,1,0,0,1,3,19,14.3,-10,33.3
Kent Bazemore,4,4,2015-11-01,26,ATL,A,CHO,2,1,28:13,6,12,0.5,2,5,0.4,6,6,1,0,4,4,1,3,1,0,1,20,19.2,-6,35.5
Kent Bazemore,5,5,2015-11-03,26,ATL,A,MIA,6,1,32:27,4,8,0.5,2,3,0.667,0,0,NA,0,5,5,3,1,0,2,1,10,8.2,-8,22.8
Kent Bazemore,6,6,2015-11-04,26,ATL,H,BRK,14,1,27:27,3,6,0.5,2,3,0.667,0,0,NA,0,4,4,3,3,2,1,3,8,10.5,7,28
Kent Bazemore,7,7,2015-11-06,26,ATL,A,NOP,6,1,32:50,2,5,0.4,0,1,0,6,7,0.857,0,5,5,4,3,1,2,3,10,11.7,2,29.3
Kent Bazemore,8,8,2015-11-07,26,ATL,H,WAS,15,1,29:09,10,15,0.667,4,7,0.571,1,1,1,0,4,4,3,2,0,0,0,25,23.8,16,40.5
Kent Bazemore,9,9,2015-11-09,26,ATL,H,MIN,-10,1,31:03,4,11,0.364,1,5,0.2,0,0,NA,0,6,6,3,5,1,5,6,9,5.1,-9,31
Kent Bazemore,10,10,2015-11-11,26,ATL,H,NOP,8,1,32:07,4,11,0.364,0,4,0,2,2,1,0,3,3,2,0,0,3,3,10,2,8,15.3
Kent Bazemore,11,11,2015-11-13,26,ATL,A,BOS,-13,1,27:51,6,13,0.462,0,3,0,0,0,NA,0,2,2,2,0,0,2,2,12,4.5,-16,16.5
Kent Bazemore,12,12,2015-11-15,26,ATL,H,UTA,-1,1,29:45,6,7,0.857,2,2,1,2,2,1,1,2,3,3,1,0,1,0,16,16.9,6,26.8
Kent Bazemore,18,13,2015-11-27,26,ATL,A,MEM,15,1,26:21,5,9,0.556,2,5,0.4,2,2,1,0,3,3,2,1,0,1,3,14,10.8,-1,23.3
Kent Bazemore,19,14,2015-11-28,26,ATL,A,SAS,-20,0,19:49,5,10,0.5,0,2,0,1,1,1,0,7,7,0,1,1,2,3,11,6.6,-2,22.8
Kent Bazemore,20,15,2015-11-30,26,ATL,H,OKC,6,0,22:15,3,8,0.375,1,3,0.333,0,0,NA,0,2,2,1,0,2,0,1,7,4.9,-8,15.5
Kent Bazemore,21,16,2015-12-02,26,ATL,H,TOR,-10,0,25:48,2,9,0.222,1,3,0.333,4,6,0.667,0,3,3,0,1,1,1,4,9,2.7,-14,16.8
Kent Bazemore,22,17,2015-12-04,26,ATL,H,LAL,13,0,25:20,5,10,0.5,2,3,0.667,3,4,0.75,0,3,3,2,4,0,0,2,15,15.1,12,30.8
Kent Bazemore,23,18,2015-12-09,26,ATL,A,DAL,3,0,22:48,5,10,0.5,2,3,0.667,0,0,NA,0,8,8,2,0,1,1,2,12,9.7,9,27.5
Kent Bazemore,24,19,2015-12-10,26,ATL,A,OKC,-13,0,27:36,7,12,0.583,4,7,0.571,4,4,1,0,2,2,2,1,0,0,2,22,18.6,-11,31.5
Kent Bazemore,25,20,2015-12-12,26,ATL,H,SAS,-25,0,24:37,4,11,0.364,0,3,0,1,1,1,0,3,3,1,2,0,0,0,9,6.5,-19,18.3
Kent Bazemore,26,21,2015-12-14,26,ATL,H,MIA,-12,1,39:35,11,18,0.611,3,7,0.429,3,3,1,1,4,5,2,1,1,2,4,28,21.2,-12,41.8
Kent Bazemore,27,22,2015-12-16,26,ATL,H,PHI,21,1,24:30,2,5,0.4,0,1,0,4,4,1,0,7,7,3,1,2,0,0,8,11.9,6,27.3
Kent Bazemore,28,23,2015-12-18,26,ATL,A,BOS,8,1,36:42,6,16,0.375,0,4,0,3,5,0.6,0,3,3,2,1,0,2,4,15,5.1,16,22.8
Kent Bazemore,29,24,2015-12-20,26,ATL,A,ORL,3,1,32:55,5,9,0.556,1,1,1,2,3,0.667,0,6,6,4,1,0,2,1,13,11.5,-7,28
Kent Bazemore,30,25,2015-12-21,26,ATL,H,POR,9,1,29:18,4,10,0.4,2,6,0.333,2,2,1,1,6,7,1,1,0,0,2,12,10,4,25.3
Kent Bazemore,31,26,2015-12-23,26,ATL,H,DET,7,1,29:37,3,7,0.429,1,3,0.333,1,1,1,0,6,6,2,2,0,2,2,8,6.7,9,22
Kent Bazemore,32,27,2015-12-26,26,ATL,H,NYK,19,1,27:03,2,8,0.25,2,6,0.333,0,0,NA,0,4,4,4,2,0,3,2,6,3.4,4,20.5
Kent Bazemore,33,28,2015-12-28,26,ATL,A,IND,-6,1,31:43,2,6,0.333,2,4,0.5,2,2,1,1,8,9,6,0,2,2,1,8,10.9,9,32.3
Kent Bazemore,34,29,2015-12-29,26,ATL,A,HOU,6,1,34:40,7,13,0.538,5,9,0.556,7,8,0.875,0,3,3,4,2,0,4,4,26,19.4,10,40.3
Kent Bazemore,35,30,2016-01-03,26,ATL,A,NYK,-14,1,32:38,6,13,0.462,4,7,0.571,2,2,1,0,3,3,3,1,1,1,2,18,14.2,-9,31.8
Kent Bazemore,36,31,2016-01-05,26,ATL,H,NYK,-6,1,28:30,6,11,0.545,3,6,0.5,0,0,NA,0,5,5,1,1,0,1,4,15,10.3,-9,25.8
Kent Bazemore,37,32,2016-01-07,26,ATL,A,PHI,28,1,24:53,8,15,0.533,3,8,0.375,3,3,1,0,6,6,4,2,1,3,3,22,17.8,17,41.5
Kent Bazemore,38,33,2016-01-09,26,ATL,H,CHI,15,1,27:13,3,9,0.333,1,2,0.5,2,2,1,1,3,4,3,2,0,1,4,9,7,11,22.5
Kent Bazemore,39,34,2016-01-13,26,ATL,A,CHO,-23,1,24:31,3,9,0.333,1,4,0.25,2,4,0.5,2,2,4,3,2,0,3,3,9,5,-2,21.5
Kent Bazemore,40,35,2016-01-15,26,ATL,A,MIL,-7,1,23:20,3,9,0.333,1,4,0.25,0,0,NA,0,0,0,3,0,0,2,6,7,-0.4,-3,11
Kent Bazemore,41,36,2016-01-16,26,ATL,H,BRK,28,1,26:59,6,9,0.667,3,6,0.5,0,0,NA,0,3,3,3,1,0,0,1,15,14.7,11,26.8
Kent Bazemore,42,37,2016-01-18,26,ATL,H,ORL,17,1,22:50,1,5,0.2,0,0,NA,0,0,NA,0,3,3,0,0,1,4,1,2,-3.9,6,5.8
Kent Bazemore,43,38,2016-01-20,26,ATL,A,POR,6,1,31:56,8,15,0.533,3,6,0.5,4,4,1,0,5,5,5,0,0,3,0,23,17.7,9,36.8
Kent Bazemore,44,39,2016-01-21,26,ATL,A,SAC,-3,1,28:23,5,9,0.556,1,3,0.333,0,1,0,0,4,4,2,1,0,3,0,11,6.9,-9,20
Kent Bazemore,45,40,2016-01-23,26,ATL,A,PHO,-3,1,30:11,7,16,0.438,3,6,0.5,4,6,0.667,1,5,6,0,0,0,2,3,21,10.8,-14,29
Kent Bazemore,46,41,2016-01-25,26,ATL,A,DEN,14,1,24:56,3,8,0.375,1,5,0.2,2,2,1,1,6,7,2,2,1,3,3,9,7,8,25.8
Kent Bazemore,47,42,2016-01-27,26,ATL,H,LAC,-2,1,30:39,5,15,0.333,1,4,0.25,1,2,0.5,0,5,5,2,1,0,5,4,12,0.4,10,21.3
Kent Bazemore,48,43,2016-01-28,26,ATL,A,IND,-19,1,30:09,4,12,0.333,1,3,0.333,2,2,1,0,9,9,0,1,0,2,5,11,3.9,-2,23.8
Kent Bazemore,49,44,2016-01-31,26,ATL,A,MIA,-18,1,32:31,4,6,0.667,0,2,0,0,2,0,0,10,10,1,1,0,5,0,8,4.3,-9,21.5
Kent Bazemore,50,45,2016-02-01,26,ATL,H,DAL,15,1,27:10,2,10,0.2,0,7,0,0,0,NA,0,9,9,3,0,0,2,2,4,-0.2,-2,18.8
Kent Bazemore,51,46,2016-02-03,26,ATL,A,PHI,38,1,18:55,4,7,0.571,2,4,0.5,2,2,1,0,3,3,2,1,1,2,0,12,10.7,11,22.8
Kent Bazemore,52,47,2016-02-05,26,ATL,H,IND,6,1,32:04,5,11,0.455,2,5,0.4,3,4,0.75,0,1,1,8,3,0,2,3,15,14.6,20,34.3
Kent Bazemore,53,48,2016-02-07,26,ATL,A,ORL,-2,1,32:45,8,18,0.444,3,6,0.5,4,4,1,6,2,8,1,2,0,4,3,23,15.9,7,38
Kent Bazemore,54,49,2016-02-08,26,ATL,H,ORL,-7,1,41:00,2,8,0.25,1,4,0.25,0,0,NA,1,12,13,4,1,0,1,2,5,6.5,0,29.3
Kent Bazemore,55,50,2016-02-10,26,ATL,A,CHI,23,1,25:48,1,6,0.167,0,2,0,0,0,NA,0,6,6,0,2,1,3,0,2,-0.3,5,14
Kent Bazemore,56,51,2016-02-19,26,ATL,H,MIA,-4,1,23:21,3,9,0.333,1,3,0.333,0,0,NA,0,4,4,1,2,0,4,1,7,1.4,-10,16
Kent Bazemore,57,52,2016-02-20,26,ATL,H,MIL,-8,1,25:58,1,5,0.2,0,4,0,0,0,NA,0,5,5,2,2,0,1,2,2,2,-19,14.8
Kent Bazemore,58,53,2016-02-22,26,ATL,H,GSW,-10,1,15:56,1,7,0.143,0,3,0,2,2,1,0,2,2,1,0,0,2,0,4,-1.2,-20,7
Kent Bazemore,59,54,2016-02-26,26,ATL,H,CHI,15,1,26:09,6,17,0.353,1,8,0.125,4,4,1,2,5,7,0,1,0,0,3,17,10.2,14,28.3
Kent Bazemore,60,55,2016-02-28,26,ATL,H,CHO,11,1,33:26,6,8,0.75,2,2,1,0,0,NA,1,5,6,3,0,0,1,2,14,13.3,4,26.5
Kent Bazemore,61,56,2016-03-01,26,ATL,A,GSW,-4,1,35:23,5,9,0.556,1,4,0.25,4,4,1,1,8,9,1,1,1,2,4,15,12.6,-6,31.3
Kent Bazemore,62,57,2016-03-04,26,ATL,A,LAL,29,1,29:17,4,9,0.444,2,7,0.286,0,0,NA,0,5,5,4,1,1,3,2,10,7.5,22,25.8
Kent Bazemore,63,58,2016-03-05,26,ATL,A,LAC,10,1,30:55,5,11,0.455,2,5,0.4,5,5,1,0,5,5,2,1,2,3,3,17,12.4,12,31.8
Kent Bazemore,64,59,2016-03-08,26,ATL,A,UTA,7,1,28:43,3,7,0.429,0,2,0,0,1,0,0,5,5,1,1,0,1,4,6,2.5,15,15.3
Kent Bazemore,65,60,2016-03-10,26,ATL,A,TOR,-8,1,31:22,5,11,0.455,2,5,0.4,1,1,1,1,7,8,1,1,2,0,3,13,12,3,31.5
Kent Bazemore,66,61,2016-03-12,26,ATL,H,MEM,12,1,28:11,0,9,0,0,6,0,0,0,NA,0,5,5,5,1,1,0,0,0,0.4,24,17.8
Kent Bazemore,67,62,2016-03-13,26,ATL,H,IND,29,1,18:28,3,5,0.6,2,2,1,0,0,NA,0,3,3,0,2,0,3,3,8,4.4,17,15.3
Kent Bazemore,68,63,2016-03-16,26,ATL,A,DET,4,1,27:15,5,9,0.556,2,4,0.5,3,4,0.75,0,10,10,0,1,0,1,4,15,11.7,1,31.5
Kent Bazemore,70,64,2016-03-19,26,ATL,H,HOU,12,1,16:10,2,5,0.4,0,2,0,0,0,NA,0,2,2,2,1,0,0,4,4,2.7,-12,11.5
Kent Bazemore,71,65,2016-03-21,26,ATL,H,WAS,-15,1,21:00,2,8,0.25,0,4,0,2,3,0.667,0,0,0,1,0,1,2,1,6,-0.2,-17,8.5
Kent Bazemore,72,66,2016-03-23,26,ATL,A,WAS,21,1,10:53,1,3,0.333,0,1,0,0,0,NA,0,0,0,1,0,0,0,2,2,0.2,-7,3.5
Kent Bazemore,73,67,2016-03-25,26,ATL,H,MIL,11,1,23:21,4,9,0.444,0,1,0,1,2,0.5,1,3,4,1,1,0,1,1,9,5.8,-2,17
Kent Bazemore,74,68,2016-03-26,26,ATL,A,DET,17,1,33:25,7,9,0.778,3,5,0.6,0,0,NA,0,4,4,2,1,1,1,0,17,16.8,8,30
Kent Bazemore,75,69,2016-03-28,26,ATL,A,CHI,2,1,25:14,1,9,0.111,0,3,0,3,4,0.75,0,4,4,2,2,2,1,1,5,3.3,1,20.5
Kent Bazemore,76,70,2016-03-30,26,ATL,A,TOR,-8,1,24:50,4,10,0.4,1,3,0.333,0,2,0,1,2,3,3,1,0,1,4,9,4.6,-12,19.3
Kent Bazemore,77,71,2016-04-01,26,ATL,H,CLE,-2,1,37:50,2,6,0.333,1,3,0.333,2,2,1,1,11,12,6,0,3,2,4,7,10.3,9,36.5
Kent Bazemore,78,72,2016-04-05,26,ATL,H,PHO,13,1,34:02,7,13,0.538,2,5,0.4,1,4,0.25,2,7,9,5,5,0,1,4,17,18.9,14,46.3
Kent Bazemore,80,73,2016-04-09,26,ATL,H,BOS,11,1,28:14,8,13,0.615,2,6,0.333,3,3,1,0,5,5,3,3,2,5,5,21,16.1,7,40.3
Kent Bazemore,81,74,2016-04-11,26,ATL,A,CLE,-15,1,26:31,8,15,0.533,5,8,0.625,2,2,1,0,6,6,1,3,1,3,3,23,17.7,3,41
Kent Bazemore,82,75,2016-04-13,26,ATL,A,WAS,-11,1,21:25,1,7,0.143,0,4,0,2,2,1,0,8,8,4,2,0,4,3,4,1.5,-24,22
