Isaiah Thomas,1,1,2015-10-28,26,BOS,H,PHI,17,0,29:09,10,19,0.526,1,6,0.167,6,7,0.857,1,1,2,7,3,0,3,1,27,22.8,19,45
Isaiah Thomas,2,2,2015-10-30,26,BOS,H,TOR,-10,0,29:07,7,16,0.438,1,4,0.25,10,11,0.909,0,1,1,7,2,0,3,5,25,18.4,4,39.8
Isaiah Thomas,3,3,2015-11-01,26,BOS,H,SAS,-8,0,26:35,4,18,0.222,1,5,0.2,6,6,1,0,1,1,5,1,0,2,1,15,6.4,-15,25.3
Isaiah Thomas,4,4,2015-11-04,26,BOS,A,IND,-2,1,35:46,9,19,0.474,4,7,0.571,5,5,1,1,0,1,7,2,0,5,1,27,19.5,1,42.3
Isaiah Thomas,5,5,2015-11-06,26,BOS,H,WAS,20,1,25:45,5,15,0.333,1,3,0.333,5,6,0.833,0,1,1,8,2,0,3,0,16,12,9,32.3
Isaiah Thomas,6,6,2015-11-10,26,BOS,A,MIL,16,1,34:12,6,20,0.3,1,10,0.1,7,8,0.875,1,1,2,1,1,0,3,0,20,7.7,-12,25
Isaiah Thomas,7,7,2015-11-11,26,BOS,H,IND,-11,1,29:52,4,13,0.308,1,4,0.25,5,7,0.714,0,3,3,4,0,0,2,2,14,6.6,-8,23.3
Isaiah Thomas,8,8,2015-11-13,26,BOS,H,ATL,13,1,34:00,8,18,0.444,4,9,0.444,3,4,0.75,0,5,5,10,2,0,2,3,23,20.5,22,50.8
Isaiah Thomas,9,9,2015-11-15,26,BOS,A,OKC,15,1,33:33,8,18,0.444,3,9,0.333,1,1,1,1,1,2,8,0,0,2,2,20,14.4,15,35
Isaiah Thomas,10,10,2015-11-16,26,BOS,A,HOU,16,1,23:51,9,12,0.75,4,7,0.571,1,1,1,1,2,3,6,2,0,1,0,23,24.7,0,41.3
Isaiah Thomas,11,11,2015-11-18,26,BOS,H,DAL,-4,1,32:46,7,16,0.438,1,8,0.125,4,6,0.667,0,1,1,6,2,0,2,3,19,13.1,10,32.8
Isaiah Thomas,12,12,2015-11-20,26,BOS,H,BRK,25,1,27:51,7,15,0.467,4,9,0.444,0,1,0,0,1,1,9,1,0,3,0,18,14.5,28,35.3
Isaiah Thomas,13,13,2015-11-22,26,BOS,A,BRK,-10,1,30:34,8,19,0.421,2,8,0.25,9,11,0.818,0,2,2,6,1,0,3,5,27,16.9,-6,40
Isaiah Thomas,14,14,2015-11-24,26,BOS,A,ATL,-24,1,26:54,3,11,0.273,2,5,0.4,6,6,1,0,0,0,2,3,0,5,4,14,5.3,-17,21.5
Isaiah Thomas,15,15,2015-11-25,26,BOS,H,PHI,4,1,38:30,11,21,0.524,4,7,0.571,4,4,1,0,4,4,6,1,0,3,1,30,22.7,17,46.5
Isaiah Thomas,16,16,2015-11-27,26,BOS,H,WAS,33,1,31:16,9,21,0.429,3,10,0.3,0,0,NA,1,3,4,3,2,0,2,1,21,13.2,17,35
Isaiah Thomas,17,17,2015-11-29,26,BOS,A,ORL,-19,1,32:17,7,18,0.389,1,6,0.167,5,5,1,0,1,1,7,2,0,3,2,20,13.6,-8,34.8
Isaiah Thomas,18,18,2015-11-30,26,BOS,A,MIA,10,1,32:01,5,17,0.294,1,5,0.2,5,6,0.833,0,1,1,9,1,0,0,1,16,12.9,-9,33.3
Isaiah Thomas,19,19,2015-12-03,26,BOS,A,SAC,17,1,34:09,8,14,0.571,3,6,0.5,2,2,1,0,6,6,9,4,0,1,2,21,24.7,26,51
Isaiah Thomas,20,20,2015-12-05,26,BOS,A,SAS,-3,1,35:39,7,17,0.412,1,6,0.167,8,9,0.889,0,4,4,8,2,0,2,1,23,19.9,9,43.5
Isaiah Thomas,21,21,2015-12-07,26,BOS,A,NOP,18,1,30:03,9,13,0.692,4,4,1,0,0,NA,0,2,2,5,1,0,1,2,22,19.8,19,35.5
Isaiah Thomas,22,22,2015-12-09,26,BOS,H,CHI,5,1,31:17,5,15,0.333,2,5,0.4,8,8,1,0,5,5,5,0,0,2,0,20,14.5,-7,33.8
Isaiah Thomas,23,23,2015-12-11,26,BOS,H,GSW,-5,1,46:01,7,22,0.318,2,8,0.25,2,2,1,2,4,6,10,0,0,6,3,18,7.8,-9,40
Isaiah Thomas,24,24,2015-12-12,26,BOS,A,CHO,5,1,38:31,8,16,0.5,2,5,0.4,3,3,1,1,4,5,13,0,0,2,2,21,21.2,16,48.3
Isaiah Thomas,25,25,2015-12-15,26,BOS,H,CLE,-12,1,27:18,3,15,0.2,0,2,0,6,6,1,2,1,3,4,0,0,1,0,12,6.2,-10,21.3
Isaiah Thomas,26,26,2015-12-16,26,BOS,A,DET,-3,1,37:56,12,20,0.6,3,5,0.6,11,11,1,2,1,3,7,0,0,4,5,38,29.4,13,51.8
Isaiah Thomas,27,27,2015-12-18,26,BOS,H,ATL,-8,1,33:20,6,12,0.5,3,5,0.6,14,15,0.933,0,1,1,6,2,0,5,4,29,22.5,-2,42.3
Isaiah Thomas,28,28,2015-12-21,26,BOS,H,MIN,14,1,34:46,3,9,0.333,0,2,0,2,2,1,0,7,7,12,4,0,1,1,8,16,4,42.3
Isaiah Thomas,29,29,2015-12-23,26,BOS,A,CHO,13,1,34:11,3,10,0.3,3,6,0.5,9,10,0.9,1,3,4,7,1,0,5,3,18,13.1,15,34.5
Isaiah Thomas,30,30,2015-12-26,26,BOS,A,DET,6,1,33:01,4,14,0.286,0,4,0,9,10,0.9,0,1,1,9,0,0,4,3,17,9.8,9,29.8
Isaiah Thomas,31,31,2015-12-27,26,BOS,H,NYK,9,1,32:40,6,18,0.333,1,5,0.2,8,10,0.8,2,6,8,6,0,0,3,1,21,14,11,39
Isaiah Thomas,32,32,2015-12-30,26,BOS,H,LAL,-8,1,34:55,7,13,0.538,1,3,0.333,9,9,1,0,3,3,7,0,0,4,3,24,18.3,1,36.8
Isaiah Thomas,33,33,2016-01-02,26,BOS,H,BRK,-3,1,36:20,10,22,0.455,2,9,0.222,2,2,1,0,2,2,6,2,0,2,2,24,16.6,-3,39.5
Isaiah Thomas,34,34,2016-01-04,26,BOS,A,BRK,9,1,30:57,7,18,0.389,1,5,0.2,4,5,0.8,1,2,3,7,1,0,1,0,19,15,10,35.3
Isaiah Thomas,35,35,2016-01-06,26,BOS,H,DET,-5,1,36:01,6,20,0.3,1,6,0.167,9,13,0.692,1,4,5,10,1,1,2,2,22,16.6,0,48.3
Isaiah Thomas,36,36,2016-01-07,26,BOS,A,CHI,-9,1,32:59,5,17,0.294,0,4,0,4,5,0.8,1,1,2,1,2,0,4,3,14,2.2,-14,20
Isaiah Thomas,37,37,2016-01-10,26,BOS,A,MEM,-3,1,32:00,11,19,0.579,4,8,0.5,9,9,1,0,3,3,8,1,0,2,2,35,30.8,2,53.8
Isaiah Thomas,38,38,2016-01-12,26,BOS,A,NYK,-6,1,34:45,11,23,0.478,1,8,0.125,11,12,0.917,0,3,3,8,1,1,2,0,34,28.1,-9,53.3
Isaiah Thomas,39,39,2016-01-13,26,BOS,H,IND,9,1,34:40,9,18,0.5,4,6,0.667,6,7,0.857,0,4,4,3,0,1,4,3,28,17.4,11,39.5
Isaiah Thomas,40,40,2016-01-15,26,BOS,H,PHO,14,1,24:00,5,11,0.455,3,5,0.6,6,6,1,1,1,2,5,0,0,3,3,19,13.6,4,29
Isaiah Thomas,41,41,2016-01-16,26,BOS,A,WAS,2,1,33:21,6,14,0.429,5,7,0.714,15,16,0.938,1,3,4,5,1,0,7,2,32,22.5,-2,45.5
Isaiah Thomas,42,42,2016-01-18,26,BOS,A,DAL,-5,1,38:02,8,19,0.421,0,4,0,4,4,1,1,3,4,7,0,0,2,4,20,12.8,-2,34.5
Isaiah Thomas,43,43,2016-01-20,26,BOS,A,TOR,-6,1,35:17,7,19,0.368,3,7,0.429,4,4,1,1,3,4,10,0,0,2,1,21,16.7,-12,43
Isaiah Thomas,44,44,2016-01-22,26,BOS,H,CHI,9,1,31:24,7,15,0.467,3,7,0.429,5,8,0.625,1,2,3,5,1,0,1,2,22,17.1,10,36.3
Isaiah Thomas,45,45,2016-01-24,26,BOS,A,PHI,20,1,24:26,8,17,0.471,1,3,0.333,3,3,1,1,1,2,4,1,0,3,1,20,12.7,15,29.5
Isaiah Thomas,46,46,2016-01-25,26,BOS,A,WAS,25,1,28:10,8,14,0.571,2,3,0.667,5,5,1,0,4,4,9,1,0,2,1,23,22.5,19,43.5
Isaiah Thomas,47,47,2016-01-27,26,BOS,H,DEN,8,1,30:31,5,13,0.385,1,4,0.25,5,6,0.833,0,1,1,5,0,0,4,3,16,7.1,6,23.3
Isaiah Thomas,48,48,2016-01-29,26,BOS,H,ORL,19,1,27:03,5,14,0.357,0,3,0,4,4,1,0,0,0,8,0,0,4,3,14,6.6,4,24
Isaiah Thomas,49,49,2016-01-31,26,BOS,A,ORL,-5,1,32:17,7,16,0.438,5,9,0.556,4,5,0.8,1,3,4,4,2,0,3,6,23,15.2,-14,39
Isaiah Thomas,50,50,2016-02-02,26,BOS,A,NYK,8,1,36:58,7,18,0.389,1,5,0.2,5,5,1,0,5,5,8,1,0,2,1,20,15.9,8,39.8
Isaiah Thomas,51,51,2016-02-03,26,BOS,H,DET,7,1,33:09,7,17,0.412,2,4,0.5,1,2,0.5,1,4,5,7,1,0,2,3,17,12.1,14,35.8
Isaiah Thomas,52,52,2016-02-05,26,BOS,A,CLE,1,1,35:47,5,19,0.263,1,2,0.5,11,11,1,1,3,4,4,1,0,4,2,22,11.3,3,33.5
Isaiah Thomas,53,53,2016-02-07,27,BOS,H,SAC,9,1,28:25,8,18,0.444,2,4,0.5,4,5,0.8,2,2,4,9,2,1,1,4,22,20.6,11,47
Isaiah Thomas,54,54,2016-02-09,27,BOS,A,MIL,-1,1,31:05,4,9,0.444,0,2,0,7,7,1,0,0,0,2,2,0,4,3,15,8.5,-8,20
Isaiah Thomas,55,55,2016-02-10,27,BOS,H,LAC,5,1,39:56,12,21,0.571,1,5,0.2,11,12,0.917,0,4,4,11,1,0,2,3,36,32.4,7,60.5
Isaiah Thomas,56,56,2016-02-19,27,BOS,A,UTA,-18,1,32:20,7,19,0.368,2,6,0.333,9,10,0.9,1,1,2,6,1,0,0,2,25,19.5,-20,39.5
Isaiah Thomas,57,57,2016-02-21,27,BOS,A,DEN,20,1,32:07,7,16,0.438,3,7,0.429,5,5,1,0,3,3,12,2,1,3,2,22,21.8,15,51.3
Isaiah Thomas,58,58,2016-02-22,27,BOS,A,MIN,-2,1,31:53,8,20,0.4,2,7,0.286,0,0,NA,0,1,1,9,1,0,2,5,18,10.8,-10,34.8
Isaiah Thomas,59,59,2016-02-25,27,BOS,H,MIL,5,1,33:09,10,21,0.476,2,10,0.2,5,8,0.625,0,0,0,7,2,0,3,1,27,18.6,15,41
Isaiah Thomas,60,60,2016-02-27,27,BOS,H,MIA,12,1,30:42,4,17,0.235,1,3,0.333,3,4,0.75,2,1,3,4,1,0,3,2,12,3,8,22.8
Isaiah Thomas,61,61,2016-02-29,27,BOS,H,UTA,5,1,29:37,8,19,0.421,0,3,0,2,3,0.667,1,1,2,9,0,0,3,0,18,11.8,-1,32.5
Isaiah Thomas,62,62,2016-03-02,27,BOS,H,POR,23,1,29:47,11,20,0.55,3,6,0.5,5,5,1,1,3,4,2,0,0,0,3,30,22.2,23,39.5
Isaiah Thomas,63,63,2016-03-04,27,BOS,H,NYK,1,1,35:44,9,15,0.6,2,5,0.4,12,13,0.923,0,3,3,8,2,0,0,2,32,32.4,5,52.8
Isaiah Thomas,64,64,2016-03-05,27,BOS,A,CLE,-17,1,34:02,9,15,0.6,4,6,0.667,5,8,0.625,1,2,3,4,1,0,0,0,27,24,4,40.8
Isaiah Thomas,65,65,2016-03-09,27,BOS,H,MEM,20,1,28:31,7,18,0.389,2,6,0.333,6,8,0.75,0,3,3,5,1,0,1,1,22,15.4,12,35.8
Isaiah Thomas,66,66,2016-03-11,27,BOS,H,HOU,-4,1,38:24,10,21,0.476,5,9,0.556,5,6,0.833,0,2,2,2,1,0,6,3,30,14.7,-3,37
Isaiah Thomas,67,67,2016-03-15,27,BOS,A,IND,-5,1,34:52,5,18,0.278,3,11,0.273,8,8,1,2,4,6,8,2,1,3,4,21,16.7,4,46.5
Isaiah Thomas,68,68,2016-03-16,27,BOS,H,OKC,-21,1,29:01,11,19,0.579,3,4,0.75,4,5,0.8,0,2,2,1,0,0,3,1,29,17.6,-17,33
Isaiah Thomas,69,69,2016-03-18,27,BOS,A,TOR,-14,1,33:06,7,16,0.438,2,5,0.4,4,4,1,0,3,3,3,1,0,3,1,20,12.2,-16,29.8
Isaiah Thomas,70,70,2016-03-20,27,BOS,A,PHI,15,1,33:24,7,18,0.389,2,7,0.286,10,10,1,0,6,6,8,1,0,1,2,26,22.8,15,48
Isaiah Thomas,71,71,2016-03-21,27,BOS,H,ORL,11,1,33:50,9,18,0.5,0,2,0,10,12,0.833,1,4,5,7,1,0,4,1,28,21.6,24,44.8
Isaiah Thomas,72,72,2016-03-23,27,BOS,H,TOR,12,1,35:34,8,17,0.471,3,8,0.375,4,6,0.667,0,2,2,4,2,0,1,3,23,16.7,21,36.5
Isaiah Thomas,73,73,2016-03-26,27,BOS,A,PHO,3,1,32:48,8,20,0.4,2,7,0.286,10,11,0.909,3,3,6,3,0,0,4,2,28,17.1,5,39
Isaiah Thomas,74,74,2016-03-28,27,BOS,A,LAC,-24,1,27:31,5,14,0.357,2,5,0.4,12,13,0.923,0,0,0,2,0,1,2,3,24,14.7,-20,29
Isaiah Thomas,75,75,2016-03-31,27,BOS,A,POR,-7,1,33:53,6,21,0.286,4,7,0.571,6,9,0.667,2,4,6,1,1,0,5,1,22,7.4,7,32.5
Isaiah Thomas,76,76,2016-04-01,27,BOS,A,GSW,3,1,33:17,9,20,0.45,1,5,0.2,3,5,0.6,0,0,0,6,1,0,3,1,22,12.6,4,32
Isaiah Thomas,77,77,2016-04-03,27,BOS,A,LAL,7,1,29:53,10,20,0.5,4,9,0.444,2,3,0.667,0,2,2,6,0,0,2,1,26,18,1,38.5
Isaiah Thomas,78,78,2016-04-06,27,BOS,H,NOP,7,1,33:01,10,19,0.526,3,6,0.5,9,12,0.75,1,3,4,8,2,0,4,3,32,25.5,22,52.5
Isaiah Thomas,79,79,2016-04-08,27,BOS,H,MIL,15,1,24:54,7,9,0.778,1,2,0.5,5,5,1,0,2,2,3,0,2,2,1,20,18.2,6,30.5
Isaiah Thomas,80,80,2016-04-09,27,BOS,A,ATL,-11,1,32:44,6,19,0.316,1,4,0.25,3,4,0.75,0,2,2,6,2,0,4,1,16,7.1,-16,30
Isaiah Thomas,81,81,2016-04-11,27,BOS,H,CHO,-14,1,20:48,6,13,0.462,1,3,0.333,4,7,0.571,1,1,2,4,1,0,6,3,17,6.7,-16,25
Isaiah Thomas,82,82,2016-04-13,27,BOS,H,MIA,10,1,34:12,4,15,0.267,2,4,0.5,11,12,0.917,0,4,4,6,1,0,1,2,21,16.3,5,37.5
Jared Sullinger,1,1,2015-10-28,23,BOS,H,PHI,17,0,21:03,6,8,0.75,0,2,0,0,0,NA,0,7,7,2,1,1,1,3,12,11.8,5,27.3
Jared Sullinger,2,2,2015-10-30,23,BOS,H,TOR,-10,0,14:14,3,3,1,0,0,NA,0,1,0,0,3,3,1,1,1,1,6,6,4.6,-3,14.8
Jared Sullinger,3,3,2015-11-01,23,BOS,H,SAS,-8,0,23:31,4,12,0.333,2,4,0.5,0,0,NA,4,4,8,2,1,0,1,3,10,7.4,-10,25.5
Jared Sullinger,4,4,2015-11-04,23,BOS,A,IND,-2,1,27:18,3,10,0.3,1,3,0.333,2,2,1,6,5,11,2,2,2,1,3,9,11.5,2,33.8
Jared Sullinger,5,5,2015-11-06,23,BOS,H,WAS,20,1,21:39,9,13,0.692,3,4,0.75,0,0,NA,3,5,8,3,1,2,2,2,21,20.8,9,42
Jared Sullinger,6,6,2015-11-10,23,BOS,A,MIL,16,1,20:01,5,10,0.5,1,2,0.5,0,0,NA,5,5,10,3,1,1,0,2,11,14,-5,34
Jared Sullinger,7,7,2015-11-11,23,BOS,H,IND,-11,1,33:01,5,10,0.5,1,3,0.333,0,0,NA,3,8,11,2,1,0,4,3,11,7.7,-4,29.8
Jared Sullinger,8,8,2015-11-13,23,BOS,H,ATL,13,1,23:59,5,11,0.455,0,1,0,0,0,NA,3,7,10,2,1,1,1,2,10,9.8,11,30.5
Jared Sullinger,9,9,2015-11-15,23,BOS,A,OKC,15,1,31:23,3,11,0.273,0,3,0,2,3,0.667,5,10,15,3,4,1,3,3,8,10.2,5,39.8
Jared Sullinger,10,10,2015-11-16,23,BOS,A,HOU,16,1,25:26,4,9,0.444,1,2,0.5,0,0,NA,4,2,6,3,0,1,0,1,9,10.1,20,23.5
Jared Sullinger,11,11,2015-11-18,23,BOS,H,DAL,-4,1,30:26,7,19,0.368,1,3,0.333,3,4,0.75,4,8,12,3,1,0,1,3,18,13.2,0,41
Jared Sullinger,12,12,2015-11-20,23,BOS,H,BRK,25,1,19:16,3,6,0.5,0,0,NA,2,2,1,0,4,4,3,1,0,0,1,8,8.9,21,19.5
Jared Sullinger,13,13,2015-11-22,23,BOS,A,BRK,-10,1,30:18,3,10,0.3,1,3,0.333,2,2,1,4,6,10,3,0,0,2,3,9,6.7,-10,25.5
Jared Sullinger,14,14,2015-11-24,23,BOS,A,ATL,-24,1,21:27,2,5,0.4,0,0,NA,3,7,0.429,2,3,5,2,0,0,0,1,7,6,-19,16.3
Jared Sullinger,15,15,2015-11-25,23,BOS,H,PHI,4,1,32:23,4,12,0.333,1,5,0.2,0,0,NA,3,12,15,3,0,1,1,3,9,8.5,11,34.3
Jared Sullinger,16,16,2015-11-27,23,BOS,H,WAS,33,1,23:42,8,12,0.667,0,1,0,2,4,0.5,6,9,15,3,0,2,2,1,18,20,22,45.8
Jared Sullinger,17,17,2015-11-29,23,BOS,A,ORL,-19,1,26:42,1,7,0.143,0,0,NA,1,2,0.5,2,9,11,2,3,3,2,1,3,6.3,-4,30.8
Jared Sullinger,18,18,2015-11-30,23,BOS,A,MIA,10,1,33:47,7,10,0.7,1,2,0.5,2,3,0.667,2,4,6,3,1,0,2,3,17,14.9,17,30.5
Jared Sullinger,19,19,2015-12-03,23,BOS,A,SAC,17,1,14:13,2,6,0.333,0,2,0,2,2,1,0,3,3,2,1,1,1,4,6,4,13,16.3
Jared Sullinger,20,20,2015-12-05,23,BOS,A,SAS,-3,1,26:44,1,6,0.167,0,2,0,2,2,1,2,6,8,4,0,1,1,2,4,5.1,-3,21.5
Jared Sullinger,21,21,2015-12-07,23,BOS,A,NOP,18,1,33:58,4,13,0.308,1,2,0.5,2,2,1,4,16,20,3,1,0,5,4,11,7.6,32,42
Jared Sullinger,22,22,2015-12-09,23,BOS,H,CHI,5,1,27:25,4,11,0.364,0,2,0,2,4,0.5,5,11,16,1,1,3,1,1,10,12.3,-3,40.5
Jared Sullinger,23,23,2015-12-11,23,BOS,H,GSW,-5,1,31:40,3,11,0.273,0,1,0,1,4,0.25,2,11,13,3,0,1,1,4,7,4.2,-8,29.3
Jared Sullinger,24,24,2015-12-12,23,BOS,A,CHO,5,1,17:07,2,5,0.4,0,0,NA,0,0,NA,0,7,7,0,1,0,1,1,4,3,6,14.3
Jared Sullinger,25,25,2015-12-15,23,BOS,H,CLE,-12,1,22:38,2,9,0.222,0,1,0,1,2,0.5,1,4,5,2,0,0,1,2,5,0.6,-13,13.8
Jared Sullinger,26,26,2015-12-16,23,BOS,A,DET,-3,1,26:54,7,13,0.538,1,4,0.25,2,4,0.5,4,6,10,2,0,0,2,3,17,12.7,-7,33.5
Jared Sullinger,27,27,2015-12-18,23,BOS,H,ATL,-8,1,24:25,4,7,0.571,0,0,NA,2,6,0.333,2,6,8,3,1,0,0,0,10,11.4,3,26.5
Jared Sullinger,29,28,2015-12-23,23,BOS,A,CHO,13,1,24:03,4,12,0.333,0,3,0,0,0,NA,4,6,10,5,2,1,2,4,8,8.4,16,33
Jared Sullinger,30,29,2015-12-26,23,BOS,A,DET,6,1,21:08,5,9,0.556,0,0,NA,0,0,NA,2,6,8,2,0,0,0,3,10,9.1,10,23
Jared Sullinger,31,30,2015-12-27,23,BOS,H,NYK,9,1,23:33,1,9,0.111,0,1,0,1,2,0.5,2,4,6,0,0,0,2,4,3,-4.3,-7,9.5
Jared Sullinger,32,31,2015-12-30,23,BOS,H,LAL,-8,1,23:46,3,6,0.5,1,2,0.5,0,2,0,1,7,8,2,0,1,1,1,7,6.7,-7,22
Jared Sullinger,33,32,2016-01-02,23,BOS,H,BRK,-3,1,18:15,3,8,0.375,1,2,0.5,0,0,NA,2,2,4,0,1,1,5,3,7,0.1,-8,14
Jared Sullinger,34,33,2016-01-04,23,BOS,A,BRK,9,0,17:37,4,10,0.4,1,1,1,3,3,1,0,10,10,2,3,0,0,3,12,12.8,4,35.5
Jared Sullinger,35,34,2016-01-06,23,BOS,H,DET,-5,0,14:54,3,7,0.429,0,1,0,2,2,1,2,0,2,2,1,1,1,5,8,5.8,-8,17
Jared Sullinger,36,35,2016-01-07,23,BOS,A,CHI,-9,0,25:24,5,13,0.385,0,3,0,3,4,0.75,4,7,11,2,0,1,1,3,13,10.3,11,32.8
Jared Sullinger,37,36,2016-01-10,23,BOS,A,MEM,-3,0,25:47,5,9,0.556,0,0,NA,1,2,0.5,1,3,4,0,1,0,0,5,11,6.9,-2,18
Jared Sullinger,38,37,2016-01-12,23,BOS,A,NYK,-6,0,19:36,6,10,0.6,0,0,NA,2,3,0.667,1,6,7,0,0,0,0,2,14,10.7,-8,22.8
Jared Sullinger,39,38,2016-01-13,23,BOS,H,IND,9,1,19:56,2,5,0.4,0,0,NA,0,0,NA,0,3,3,2,0,0,1,1,4,2.2,10,10.3
Jared Sullinger,40,39,2016-01-15,23,BOS,H,PHO,14,1,23:49,4,8,0.5,1,2,0.5,2,4,0.5,2,8,10,2,0,0,0,3,11,10.2,23,28.5
Jared Sullinger,41,40,2016-01-16,23,BOS,A,WAS,2,1,20:43,6,10,0.6,0,2,0,2,2,1,1,8,9,2,1,0,2,6,14,10.5,-3,29.3
Jared Sullinger,42,41,2016-01-18,23,BOS,A,DAL,-5,1,27:58,3,12,0.25,0,1,0,6,7,0.857,5,6,11,0,2,1,3,4,12,7.8,-9,31.8
Jared Sullinger,43,42,2016-01-20,23,BOS,A,TOR,-6,1,12:51,1,7,0.143,0,0,NA,1,2,0.5,2,0,2,1,2,0,2,1,3,-0.2,-19,10
Jared Sullinger,44,43,2016-01-22,23,BOS,H,CHI,9,1,30:29,8,19,0.421,0,1,0,2,2,1,2,10,12,5,3,1,1,5,18,16.5,20,49.5
Jared Sullinger,45,44,2016-01-24,23,BOS,A,PHI,20,1,26:06,4,12,0.333,0,0,NA,0,0,NA,5,6,11,7,1,0,0,1,8,12,21,34.3
Jared Sullinger,46,45,2016-01-25,23,BOS,A,WAS,25,1,15:52,3,7,0.429,0,0,NA,1,2,0.5,1,5,6,1,1,0,2,3,7,3.6,5,17
Jared Sullinger,47,46,2016-01-27,23,BOS,H,DEN,8,1,17:44,2,8,0.25,0,0,NA,2,2,1,4,7,11,1,1,1,0,4,6,6.9,-4,25.3
Jared Sullinger,48,47,2016-01-29,23,BOS,H,ORL,19,1,20:54,5,10,0.5,0,0,NA,1,1,1,1,10,11,1,0,2,1,1,11,10.4,-4,31.3
Jared Sullinger,49,48,2016-01-31,23,BOS,A,ORL,-5,1,17:36,2,7,0.286,0,1,0,1,2,0.5,1,3,4,0,0,0,0,3,5,0.9,0,10
Jared Sullinger,50,49,2016-02-02,23,BOS,A,NYK,8,1,16:34,2,6,0.333,0,0,NA,0,0,NA,0,2,2,1,1,0,2,3,4,-0.3,-3,9
Jared Sullinger,51,50,2016-02-03,23,BOS,H,DET,7,1,18:26,6,11,0.545,0,0,NA,0,0,NA,0,3,3,5,1,1,2,3,12,9.6,9,26.3
Jared Sullinger,52,51,2016-02-05,23,BOS,A,CLE,1,1,24:19,5,11,0.455,0,1,0,2,5,0.4,5,2,7,3,1,3,2,3,12,11.2,-1,32.3
Jared Sullinger,53,52,2016-02-07,23,BOS,H,SAC,9,1,23:14,10,13,0.769,1,1,1,0,0,NA,2,4,6,1,3,0,3,3,21,18,10,35
Jared Sullinger,54,53,2016-02-09,23,BOS,A,MIL,-1,1,20:27,2,8,0.25,0,2,0,0,0,NA,3,8,11,5,0,0,2,3,4,4,3,24.3
Jared Sullinger,55,54,2016-02-10,23,BOS,H,LAC,5,1,29:56,10,15,0.667,1,2,0.5,0,0,NA,4,7,11,7,1,0,0,5,21,23.3,13,49.3
Jared Sullinger,56,55,2016-02-19,23,BOS,A,UTA,-18,1,28:35,4,13,0.308,0,2,0,1,2,0.5,2,9,11,2,2,1,2,1,9,6.9,-10,30.8
Jared Sullinger,57,56,2016-02-21,23,BOS,A,DEN,20,1,23:09,7,12,0.583,0,1,0,2,3,0.667,2,9,11,5,0,0,1,3,16,15.4,6,38.3
Jared Sullinger,58,57,2016-02-22,23,BOS,A,MIN,-2,1,30:23,6,8,0.75,0,1,0,0,2,0,1,6,7,5,1,0,1,3,12,12.8,-17,29.8
Jared Sullinger,59,58,2016-02-25,23,BOS,H,MIL,5,1,30:46,5,11,0.455,0,0,NA,4,4,1,3,7,10,0,0,0,1,0,14,11.5,9,27.5
Jared Sullinger,60,59,2016-02-27,23,BOS,H,MIA,12,1,24:31,5,13,0.385,0,0,NA,2,2,1,0,12,12,4,2,3,1,3,12,13.2,12,44
Jared Sullinger,61,60,2016-02-29,23,BOS,H,UTA,5,1,27:09,4,10,0.4,0,1,0,0,2,0,0,9,9,3,0,1,0,2,8,6.5,1,25.8
Jared Sullinger,62,61,2016-03-02,23,BOS,H,POR,23,1,23:51,6,10,0.6,0,0,NA,3,3,1,5,6,11,3,0,2,2,2,15,16.4,15,37.8
Jared Sullinger,63,62,2016-03-04,24,BOS,H,NYK,1,1,27:38,4,8,0.5,0,0,NA,1,2,0.5,3,8,11,2,0,0,1,3,9,8.3,12,25.3
Jared Sullinger,64,63,2016-03-05,24,BOS,A,CLE,-17,1,31:10,8,17,0.471,0,1,0,1,2,0.5,7,6,13,1,1,0,0,4,17,14.7,1,38.3
Jared Sullinger,65,64,2016-03-09,24,BOS,H,MEM,20,1,21:13,5,11,0.455,0,0,NA,2,3,0.667,0,5,5,2,3,0,2,3,12,8.6,7,26.3
Jared Sullinger,66,65,2016-03-11,24,BOS,H,HOU,-4,1,31:36,9,18,0.5,1,1,1,5,7,0.714,6,6,12,4,4,2,0,2,24,27.6,6,59
Jared Sullinger,67,66,2016-03-15,24,BOS,A,IND,-5,1,29:58,5,11,0.455,1,3,0.333,4,6,0.667,3,8,11,3,2,0,2,2,15,14.3,4,38.3
Jared Sullinger,68,67,2016-03-16,24,BOS,H,OKC,-21,1,19:54,6,12,0.5,0,0,NA,0,0,NA,2,2,4,0,0,0,1,2,12,6.2,-12,16.5
Jared Sullinger,69,68,2016-03-18,24,BOS,A,TOR,-14,1,16:48,3,7,0.429,0,1,0,0,0,NA,1,3,4,1,0,0,2,3,6,1.4,-11,11.5
Jared Sullinger,70,69,2016-03-20,24,BOS,A,PHI,15,1,35:45,7,15,0.467,2,2,1,1,2,0.5,6,7,13,1,1,0,2,5,17,12.9,15,38.3
Jared Sullinger,71,70,2016-03-21,24,BOS,H,ORL,11,1,20:36,2,7,0.286,0,2,0,1,2,0.5,0,3,3,1,1,1,1,2,5,2,3,13.8
Jared Sullinger,72,71,2016-03-23,24,BOS,H,TOR,12,1,27:15,3,12,0.25,1,1,1,2,2,1,2,9,11,3,0,0,1,4,9,5.4,11,27.3
Jared Sullinger,73,72,2016-03-26,24,BOS,A,PHO,3,1,22:03,2,8,0.25,0,0,NA,0,0,NA,2,3,5,1,3,0,5,1,4,-0.2,0,15.3
Jared Sullinger,74,73,2016-03-28,24,BOS,A,LAC,-24,1,20:15,4,11,0.364,0,0,NA,1,2,0.5,5,6,11,2,0,0,1,1,9,7.8,1,25.3
Jared Sullinger,75,74,2016-03-31,24,BOS,A,POR,-7,1,22:30,4,8,0.5,0,0,NA,2,2,1,3,7,10,5,1,0,1,4,10,12.1,3,33
Jared Sullinger,76,75,2016-04-01,24,BOS,A,GSW,3,1,26:35,7,13,0.538,2,2,1,4,6,0.667,4,8,12,3,1,0,1,2,20,19.4,1,43.5
Jared Sullinger,77,76,2016-04-03,24,BOS,A,LAL,7,1,16:46,3,8,0.375,0,1,0,0,0,NA,0,2,2,0,0,0,0,1,6,1.8,-2,8.5
Jared Sullinger,78,77,2016-04-06,24,BOS,H,NOP,7,1,21:00,3,8,0.375,0,2,0,2,2,1,0,6,6,2,1,0,0,0,8,7.8,11,20.5
Jared Sullinger,79,78,2016-04-08,24,BOS,H,MIL,15,1,19:23,7,12,0.583,1,2,0.5,0,2,0,0,5,5,3,0,0,0,3,15,11,4,26.3
Jared Sullinger,80,79,2016-04-09,24,BOS,A,ATL,-11,1,10:32,2,7,0.286,0,0,NA,0,0,NA,0,1,1,1,1,0,1,2,4,0.1,-9,8.3
Jared Sullinger,81,80,2016-04-11,24,BOS,H,CHO,-14,1,16:38,2,5,0.4,0,1,0,0,0,NA,1,2,3,5,0,0,0,0,4,6.1,-15,15.3
Jared Sullinger,82,81,2016-04-13,24,BOS,H,MIA,10,1,22:58,3,10,0.3,0,1,0,0,0,NA,3,0,3,1,1,1,1,1,6,3.3,4,14.8
Avery Bradley,1,1,2015-10-28,24,BOS,H,PHI,17,1,32:36,2,6,0.333,0,1,0,0,0,NA,0,1,1,2,2,0,2,2,4,1.5,0,11.3
Avery Bradley,2,2,2015-10-30,24,BOS,H,TOR,-10,1,29:39,4,11,0.364,3,7,0.429,2,2,1,0,5,5,3,1,1,2,3,13,9,-11,28.3
Avery Bradley,3,3,2015-11-01,24,BOS,H,SAS,-8,1,30:28,7,18,0.389,1,4,0.25,3,4,0.75,2,2,4,3,0,0,1,2,18,10.1,3,27.5
Avery Bradley,4,4,2015-11-04,24,BOS,A,IND,-2,1,35:26,8,16,0.5,3,8,0.375,2,2,1,2,3,5,3,1,0,2,3,21,15.2,-8,34.3
Avery Bradley,5,5,2015-11-06,24,BOS,H,WAS,20,1,25:33,2,6,0.333,2,5,0.4,0,0,NA,0,0,0,2,2,0,2,1,6,3.6,6,13
Avery Bradley,6,6,2015-11-10,24,BOS,A,MIL,16,1,18:05,1,6,0.167,0,2,0,0,0,NA,0,3,3,1,0,0,0,1,2,-0.6,2,7.3
Avery Bradley,9,7,2015-11-15,24,BOS,A,OKC,15,0,26:05,6,12,0.5,1,2,0.5,1,3,0.333,0,2,2,4,1,0,0,2,14,10.8,19,25
Avery Bradley,10,8,2015-11-16,24,BOS,A,HOU,16,0,20:04,8,14,0.571,4,7,0.571,1,2,0.5,0,1,1,2,1,0,2,1,21,14.3,18,28.3
Avery Bradley,11,9,2015-11-18,24,BOS,H,DAL,-4,0,31:23,7,17,0.412,3,7,0.429,1,2,0.5,2,4,6,3,4,0,2,6,18,12.8,4,38.5
Avery Bradley,12,10,2015-11-20,24,BOS,H,BRK,25,0,25:14,10,13,0.769,1,1,1,0,0,NA,0,3,3,0,2,0,0,0,21,18.8,18,29.3
Avery Bradley,13,11,2015-11-22,24,BOS,A,BRK,-10,1,39:48,9,20,0.45,7,14,0.5,2,2,1,1,3,4,1,2,1,2,3,27,18.4,-2,42
Avery Bradley,14,12,2015-11-24,24,BOS,A,ATL,-24,1,29:59,10,17,0.588,4,8,0.5,1,2,0.5,0,1,1,2,3,1,2,2,25,19.3,-19,38.3
Avery Bradley,15,13,2015-11-25,24,BOS,H,PHI,4,1,36:58,4,15,0.267,2,7,0.286,0,0,NA,0,1,1,1,2,0,1,2,10,2.3,17,17.3
Avery Bradley,16,14,2015-11-27,25,BOS,H,WAS,33,1,31:07,6,12,0.5,2,5,0.4,2,2,1,1,1,2,3,3,0,2,3,16,12.9,21,29
Avery Bradley,17,15,2015-11-29,25,BOS,A,ORL,-19,1,31:42,7,15,0.467,2,7,0.286,1,2,0.5,0,0,0,1,0,1,3,2,17,6.5,-20,20
Avery Bradley,18,16,2015-11-30,25,BOS,A,MIA,10,1,39:15,9,15,0.6,3,6,0.5,4,4,1,0,2,2,3,3,1,2,1,25,22.1,18,40.5
Avery Bradley,19,17,2015-12-03,25,BOS,A,SAC,17,1,29:26,7,15,0.467,4,7,0.571,2,2,1,0,3,3,1,3,0,3,5,20,11.9,7,31.8
Avery Bradley,20,18,2015-12-05,25,BOS,A,SAS,-3,1,36:32,7,14,0.5,4,6,0.667,0,0,NA,1,1,2,1,2,0,2,1,18,12.3,4,27
Avery Bradley,21,19,2015-12-07,25,BOS,A,NOP,18,1,28:38,3,8,0.375,3,5,0.6,2,2,1,0,3,3,4,1,0,1,2,11,9.5,18,23.8
Avery Bradley,22,20,2015-12-09,25,BOS,H,CHI,5,1,38:49,5,15,0.333,0,6,0,0,0,NA,1,1,2,3,1,0,3,2,10,1.8,-1,17.5
Avery Bradley,23,21,2015-12-11,25,BOS,H,GSW,-5,1,34:26,8,19,0.421,3,9,0.333,0,0,NA,0,0,0,1,1,0,0,6,19,8.2,2,24
Avery Bradley,24,22,2015-12-12,25,BOS,A,CHO,5,1,34:53,9,17,0.529,4,6,0.667,1,1,1,0,3,3,3,0,0,0,2,23,16.9,13,33.3
Avery Bradley,25,23,2015-12-15,25,BOS,H,CLE,-12,1,33:59,5,12,0.417,3,10,0.3,4,4,1,0,3,3,2,3,2,2,1,17,14.9,-13,34.3
Avery Bradley,26,24,2015-12-16,25,BOS,A,DET,-3,1,37:50,2,8,0.25,1,4,0.25,0,0,NA,0,2,2,1,1,0,1,3,5,0.3,-4,11
Avery Bradley,27,25,2015-12-18,25,BOS,H,ATL,-8,1,35:28,2,8,0.25,0,3,0,0,1,0,1,0,1,1,1,0,2,2,4,-1.6,-11,7.8
Avery Bradley,28,26,2015-12-21,25,BOS,H,MIN,14,1,30:24,5,14,0.357,2,6,0.333,1,1,1,1,2,3,1,1,1,2,0,13,6.9,20,22.3
Avery Bradley,29,27,2015-12-23,25,BOS,A,CHO,13,1,35:38,7,14,0.5,2,5,0.4,2,2,1,0,2,2,0,1,0,1,1,18,11.2,14,23
Avery Bradley,30,28,2015-12-26,25,BOS,A,DET,6,1,31:27,6,14,0.429,3,10,0.3,3,3,1,1,3,4,1,3,0,0,2,18,15.1,13,32
Avery Bradley,31,29,2015-12-27,25,BOS,H,NYK,9,1,31:12,3,7,0.429,0,1,0,0,0,NA,0,1,1,2,1,1,0,1,6,5.3,2,14.3
Avery Bradley,32,30,2015-12-30,25,BOS,H,LAL,-8,1,35:22,6,16,0.375,1,7,0.143,0,0,NA,2,2,4,1,2,0,1,0,13,7.9,-10,23.5
Avery Bradley,33,31,2016-01-02,25,BOS,H,BRK,-3,1,10:31,1,4,0.25,0,2,0,0,0,NA,1,1,2,0,0,0,1,1,2,-0.8,-5,4
Avery Bradley,37,32,2016-01-10,25,BOS,A,MEM,-3,1,37:57,5,12,0.417,0,3,0,4,6,0.667,1,1,2,0,2,0,2,4,14,6.2,-15,19.5
Avery Bradley,38,33,2016-01-12,25,BOS,A,NYK,-6,1,38:21,5,12,0.417,0,3,0,0,0,NA,1,1,2,1,0,1,3,3,10,1.8,-7,14.5
Avery Bradley,39,34,2016-01-13,25,BOS,H,IND,9,1,41:16,5,17,0.294,0,4,0,1,2,0.5,3,0,3,6,2,0,3,1,11,5.6,19,26.3
Avery Bradley,40,35,2016-01-15,25,BOS,H,PHO,14,1,38:18,7,21,0.333,1,4,0.25,2,4,0.5,3,4,7,3,2,0,1,2,17,9.9,17,34.3
Avery Bradley,41,36,2016-01-16,25,BOS,A,WAS,2,1,34:33,4,13,0.308,1,6,0.167,0,0,NA,2,0,2,4,2,0,1,2,9,5.9,0,21.5
Avery Bradley,42,37,2016-01-18,25,BOS,A,DAL,-5,1,42:33,6,16,0.375,4,8,0.5,3,4,0.75,0,8,8,5,1,0,0,3,19,15.5,-5,40.5
Avery Bradley,43,38,2016-01-20,25,BOS,A,TOR,-6,1,35:45,9,14,0.643,1,4,0.25,0,0,NA,0,2,2,1,1,0,3,1,19,11.7,-6,24
Avery Bradley,44,39,2016-01-22,25,BOS,H,CHI,9,1,36:03,8,14,0.571,2,4,0.5,3,4,0.75,0,1,1,4,4,0,1,0,21,20.1,22,36.8
Avery Bradley,45,40,2016-01-24,25,BOS,A,PHI,20,1,29:35,7,13,0.538,3,4,0.75,2,2,1,0,2,2,4,1,0,3,2,19,13.3,12,29.5
Avery Bradley,46,41,2016-01-25,25,BOS,A,WAS,25,1,26:28,5,11,0.455,1,4,0.25,0,0,NA,0,2,2,3,2,0,1,4,11,7.4,0,22
Avery Bradley,47,42,2016-01-27,25,BOS,H,DEN,8,1,39:05,11,20,0.55,5,13,0.385,0,0,NA,0,3,3,1,4,1,1,4,27,21.1,-4,44.3
Avery Bradley,48,43,2016-01-29,25,BOS,H,ORL,19,1,33:04,3,9,0.333,0,4,0,0,0,NA,0,2,2,1,1,0,0,3,6,2,19,12
Avery Bradley,49,44,2016-01-31,25,BOS,A,ORL,-5,1,38:32,8,21,0.381,3,12,0.25,3,3,1,1,3,4,2,3,0,2,0,22,14.5,-2,36.5
Avery Bradley,50,45,2016-02-02,25,BOS,A,NYK,8,1,29:56,3,13,0.231,0,3,0,0,0,NA,1,2,3,4,0,1,1,4,6,0.3,4,17.3
Avery Bradley,51,46,2016-02-03,25,BOS,H,DET,7,1,35:39,7,15,0.467,1,2,0.5,0,0,NA,1,3,4,3,0,0,1,1,15,9.6,-8,24.5
Avery Bradley,52,47,2016-02-05,25,BOS,A,CLE,1,1,35:41,5,12,0.417,4,8,0.5,0,0,NA,0,3,3,1,0,1,2,3,14,6.7,-5,22.3
Avery Bradley,53,48,2016-02-07,25,BOS,H,SAC,9,1,34:08,9,16,0.563,6,7,0.857,1,2,0.5,1,2,3,3,0,0,1,0,25,19.4,16,35.8
Avery Bradley,54,49,2016-02-09,25,BOS,A,MIL,-1,1,38:10,7,12,0.583,4,9,0.444,0,0,NA,0,4,4,4,2,0,3,2,18,14.6,22,33.5
Avery Bradley,55,50,2016-02-10,25,BOS,H,LAC,5,1,43:31,7,14,0.5,3,6,0.5,1,1,1,0,1,1,0,1,0,2,4,18,8.7,7,21.8
Avery Bradley,56,51,2016-02-19,25,BOS,A,UTA,-18,1,33:49,5,12,0.417,2,6,0.333,0,0,NA,1,3,4,2,1,0,2,2,12,6.8,-17,22
Avery Bradley,57,52,2016-02-21,25,BOS,A,DEN,20,1,32:10,8,15,0.533,3,8,0.375,1,1,1,0,2,2,1,0,0,2,2,20,11.2,8,24.5
Avery Bradley,58,53,2016-02-22,25,BOS,A,MIN,-2,1,33:12,9,17,0.529,4,9,0.444,0,0,NA,1,1,2,2,3,0,1,4,22,16.5,-4,35
Avery Bradley,59,54,2016-02-25,25,BOS,H,MIL,5,1,39:51,7,12,0.583,1,4,0.25,3,3,1,1,2,3,2,2,0,4,0,18,13.1,-1,27.3
Avery Bradley,60,55,2016-02-27,25,BOS,H,MIA,12,1,35:51,3,8,0.375,1,3,0.333,2,2,1,0,1,1,2,1,0,2,3,9,4.1,14,14.8
Avery Bradley,61,56,2016-02-29,25,BOS,H,UTA,5,1,37:24,7,13,0.538,1,3,0.333,3,4,0.75,1,1,2,0,1,1,0,0,18,14,4,25
Avery Bradley,62,57,2016-03-02,25,BOS,H,POR,23,1,30:01,7,14,0.5,1,4,0.25,2,2,1,0,1,1,1,3,0,0,3,17,12.8,23,26.3
Avery Bradley,63,58,2016-03-04,25,BOS,H,NYK,1,1,33:12,4,10,0.4,1,3,0.333,0,0,NA,0,2,2,0,2,0,0,0,9,6.2,7,16
Avery Bradley,64,59,2016-03-05,25,BOS,A,CLE,-17,1,37:05,4,12,0.333,2,6,0.333,2,2,1,0,4,4,5,1,0,5,2,12,5.1,-18,25
Avery Bradley,65,60,2016-03-09,25,BOS,H,MEM,20,1,36:29,6,14,0.429,3,8,0.375,0,0,NA,0,2,2,3,0,0,0,3,15,9.1,10,23.5
Avery Bradley,66,61,2016-03-11,25,BOS,H,HOU,-4,1,38:26,7,17,0.412,1,8,0.125,1,2,0.5,1,2,3,2,2,0,2,5,16,7.2,0,26.3
Avery Bradley,67,62,2016-03-15,25,BOS,A,IND,-5,1,38:33,5,13,0.385,0,2,0,0,0,NA,0,3,3,2,1,0,2,4,10,2.6,-2,17.8
Avery Bradley,68,63,2016-03-16,25,BOS,H,OKC,-21,1,26:15,5,11,0.455,0,1,0,4,5,0.8,1,1,2,2,1,0,1,3,14,9.1,-19,21
Avery Bradley,69,64,2016-03-18,25,BOS,A,TOR,-14,1,33:15,4,13,0.308,0,2,0,0,0,NA,2,2,4,2,3,1,1,1,8,6.2,-26,23.5
Avery Bradley,70,65,2016-03-20,25,BOS,A,PHI,15,1,38:52,7,13,0.538,3,5,0.6,3,3,1,1,2,3,4,4,1,0,2,20,21.7,12,41.3
Avery Bradley,71,66,2016-03-21,25,BOS,H,ORL,11,1,37:23,9,15,0.6,1,4,0.25,3,4,0.75,1,8,9,3,1,0,3,1,22,17.5,11,38.8
Avery Bradley,72,67,2016-03-23,25,BOS,H,TOR,12,1,36:31,7,14,0.5,2,4,0.5,0,0,NA,1,7,8,2,0,0,1,1,16,11.8,10,29.5
Avery Bradley,73,68,2016-03-26,25,BOS,A,PHO,3,1,31:47,5,16,0.313,1,7,0.143,4,4,1,0,3,3,1,1,0,0,4,15,6.8,-5,22.8
Avery Bradley,74,69,2016-03-28,25,BOS,A,LAC,-24,1,30:32,5,11,0.455,3,4,0.75,0,1,0,0,1,1,2,3,1,3,0,13,9.3,-19,25.3
Avery Bradley,75,70,2016-03-31,25,BOS,A,POR,-7,1,35:00,8,18,0.444,0,2,0,4,4,1,2,2,4,2,2,0,1,4,20,13.4,-1,31.5
Avery Bradley,76,71,2016-04-01,25,BOS,A,GSW,3,1,34:54,5,12,0.417,1,5,0.2,4,6,0.667,1,2,3,4,2,1,0,3,15,13.4,2,31.3
Avery Bradley,78,72,2016-04-06,25,BOS,H,NOP,7,1,34:00,5,15,0.333,1,6,0.167,2,3,0.667,1,5,6,3,3,0,1,0,13,10.4,15,31
Avery Bradley,79,73,2016-04-08,25,BOS,H,MIL,15,1,25:08,6,10,0.6,2,3,0.667,2,4,0.5,1,1,2,2,0,0,1,1,16,11.6,11,22
Avery Bradley,80,74,2016-04-09,25,BOS,A,ATL,-11,1,34:53,6,17,0.353,2,7,0.286,1,2,0.5,1,3,4,2,3,1,0,4,15,10.2,-6,32
Avery Bradley,81,75,2016-04-11,25,BOS,H,CHO,-14,1,24:23,7,12,0.583,3,5,0.6,0,0,NA,0,2,2,1,0,0,1,4,17,10.1,0,22
Avery Bradley,82,76,2016-04-13,25,BOS,H,MIA,10,1,30:39,8,12,0.667,1,2,0.5,0,0,NA,1,6,7,0,1,0,1,2,17,13.5,2,27.8
Terry Rozier,1,1,2015-10-28,21,BOS,H,PHI,17,0,1:58,0,2,0,0,0,NA,0,0,NA,1,0,1,0,0,0,0,0,0,-0.7,0,1.3
Terry Rozier,4,2,2015-11-04,21,BOS,A,IND,-2,0,6:09,0,4,0,0,1,0,0,0,NA,1,4,5,0,0,0,2,1,0,-3.3,0,5.3
Terry Rozier,5,3,2015-11-06,21,BOS,H,WAS,20,0,19:22,2,8,0.25,1,3,0.333,0,0,NA,1,0,1,3,0,0,0,2,5,2.2,4,11.3
Terry Rozier,6,4,2015-11-10,21,BOS,A,MIL,16,0,0:49,0,1,0,0,0,NA,0,0,NA,0,0,0,0,0,0,0,0,0,-0.7,-2,0
Terry Rozier,7,5,2015-11-11,21,BOS,H,IND,-11,0,16:05,2,9,0.222,0,4,0,0,0,NA,1,0,1,1,0,0,0,2,4,-0.9,3,6.8
Terry Rozier,10,6,2015-11-16,21,BOS,A,HOU,16,0,5:44,1,3,0.333,0,1,0,0,0,NA,0,0,0,1,0,0,1,0,2,0,-13,3
Terry Rozier,13,7,2015-11-22,21,BOS,A,BRK,-10,0,5:02,1,2,0.5,1,1,1,0,0,NA,0,0,0,0,0,0,1,0,3,1,-7,3
Terry Rozier,14,8,2015-11-24,21,BOS,A,ATL,-24,0,3:11,1,1,1,0,0,NA,0,0,NA,0,0,0,2,0,0,0,0,2,3.1,0,5
Terry Rozier,15,9,2015-11-25,21,BOS,H,PHI,4,0,2:22,0,1,0,0,0,NA,0,0,NA,1,0,1,0,0,0,2,0,0,-2,0,0.3
Terry Rozier,16,10,2015-11-27,21,BOS,H,WAS,33,0,10:21,0,3,0,0,0,NA,0,0,NA,0,1,1,1,0,0,0,1,0,-1.5,8,2.8
Terry Rozier,17,11,2015-11-29,21,BOS,A,ORL,-19,0,12:00,3,5,0.6,0,0,NA,1,1,1,1,1,2,0,0,0,0,3,7,4.5,-2,9.5
Terry Rozier,18,12,2015-11-30,21,BOS,A,MIA,10,0,5:15,0,0,NA,0,0,NA,0,0,NA,0,0,0,0,0,0,1,0,0,-1,-4,-0.5
Terry Rozier,19,13,2015-12-03,21,BOS,A,SAC,17,0,2:58,1,2,0.5,0,0,NA,0,0,NA,0,0,0,0,0,0,1,0,2,0,2,1.5
Terry Rozier,21,14,2015-12-07,21,BOS,A,NOP,18,0,2:35,1,3,0.333,0,1,0,0,0,NA,1,2,3,0,0,0,0,0,2,1.6,1,5.8
Terry Rozier,25,15,2015-12-15,21,BOS,H,CLE,-12,0,1:26,0,1,0,0,0,NA,0,0,NA,0,1,1,0,0,0,0,0,0,-0.4,3,1.3
Terry Rozier,28,16,2015-12-21,21,BOS,H,MIN,14,0,1:02,0,1,0,0,0,NA,0,0,NA,0,0,0,1,0,0,0,1,0,-0.4,-1,1.5
Terry Rozier,45,17,2016-01-24,21,BOS,A,PHI,20,0,5:47,0,2,0,0,1,0,2,2,1,0,1,1,0,0,0,0,0,2,0.9,-1,3.3
Terry Rozier,46,18,2016-01-25,21,BOS,A,WAS,25,0,3:55,0,1,0,0,0,NA,0,0,NA,1,1,2,2,0,0,0,1,0,1.3,1,5.5
Terry Rozier,56,19,2016-02-19,21,BOS,A,UTA,-18,0,3:06,0,0,NA,0,0,NA,0,0,NA,0,0,0,2,0,0,1,0,0,0.4,-1,2.5
Terry Rozier,57,20,2016-02-21,21,BOS,A,DEN,20,0,2:30,0,1,0,0,1,0,0,0,NA,0,0,0,0,0,0,0,0,0,-0.7,0,0
Terry Rozier,60,21,2016-02-27,21,BOS,H,MIA,12,0,0:03,0,0,NA,0,0,NA,0,0,NA,0,0,0,0,0,0,0,0,0,0,0,0
Terry Rozier,62,22,2016-03-02,21,BOS,H,POR,23,0,6:09,1,7,0.143,0,1,0,0,0,NA,1,0,1,1,2,0,1,0,2,-0.1,-2,8.3
Terry Rozier,64,23,2016-03-05,21,BOS,A,CLE,-17,0,1:26,0,1,0,0,0,NA,0,0,NA,0,0,0,0,0,0,0,0,0,-0.7,-2,0
Terry Rozier,65,24,2016-03-09,21,BOS,H,MEM,20,0,1:51,0,0,NA,0,0,NA,0,0,NA,0,2,2,1,0,0,0,0,0,1.3,0,4
Terry Rozier,66,25,2016-03-11,21,BOS,H,HOU,-4,0,10:16,1,3,0.333,1,2,0.5,0,0,NA,3,4,7,3,0,0,1,0,3,5.7,-1,16.3
Terry Rozier,67,26,2016-03-15,21,BOS,A,IND,-5,0,11:40,1,3,0.333,0,1,0,0,0,NA,1,1,2,1,0,1,0,0,2,2.7,-9,8
Terry Rozier,68,27,2016-03-16,21,BOS,H,OKC,-21,0,14:40,1,3,0.333,1,1,1,2,2,1,1,0,1,3,0,0,0,1,5,5.7,4,11.3
Terry Rozier,69,28,2016-03-18,22,BOS,A,TOR,-14,0,10:11,3,4,0.75,1,1,1,0,0,NA,1,2,3,5,0,0,0,1,7,9.8,8,18.8
Terry Rozier,70,29,2016-03-20,22,BOS,A,PHI,15,0,13:25,0,2,0,0,0,NA,0,0,NA,3,1,4,4,0,0,2,2,0,1,-3,10
Terry Rozier,71,30,2016-03-21,22,BOS,H,ORL,11,0,14:10,0,2,0,0,0,NA,0,0,NA,0,0,0,1,1,0,0,0,0,0.3,-13,3.5
Terry Rozier,72,31,2016-03-23,22,BOS,H,TOR,12,0,13:11,2,4,0.5,1,2,0.5,0,1,0,0,3,3,1,0,0,1,0,5,3.2,-8,10.3
Terry Rozier,73,32,2016-03-26,22,BOS,A,PHO,3,0,13:11,1,3,0.333,0,0,NA,0,0,NA,0,0,0,0,1,0,0,1,2,0.9,4,4
Terry Rozier,74,33,2016-03-28,22,BOS,A,LAC,-24,0,20:29,1,4,0.25,0,1,0,0,0,NA,2,3,5,1,0,0,3,3,2,-1.6,-4,8.3
Terry Rozier,76,34,2016-04-01,22,BOS,A,GSW,3,0,16:39,0,3,0,0,0,NA,1,2,0.5,1,4,5,0,0,0,0,0,1,0.4,-4,7.3
Terry Rozier,77,35,2016-04-03,22,BOS,A,LAL,7,0,21:11,3,6,0.5,0,2,0,0,0,NA,2,5,7,3,1,0,0,1,6,8.6,10,21.3
Terry Rozier,78,36,2016-04-06,22,BOS,H,NOP,7,0,16:37,1,6,0.167,0,2,0,0,0,NA,1,1,2,0,1,0,0,2,2,-0.6,-12,6.5
Terry Rozier,79,37,2016-04-08,22,BOS,H,MIL,15,0,6:21,2,3,0.667,0,0,NA,0,0,NA,0,0,0,0,0,0,2,1,4,0.3,-8,3
Terry Rozier,80,38,2016-04-09,22,BOS,A,ATL,-11,0,3:13,0,0,NA,0,0,NA,0,0,NA,0,0,0,0,0,0,0,0,0,0,5,0
Terry Rozier,81,39,2016-04-11,22,BOS,H,CHO,-14,0,5:00,0,2,0,0,1,0,2,2,1,0,2,2,0,0,0,0,0,2,1.2,-2,4.5
Amir Johnson,1,1,2015-10-28,28,BOS,H,PHI,17,0,20:02,6,11,0.545,1,2,0.5,2,2,1,3,4,7,1,0,2,1,3,15,12.9,16,29.3
Amir Johnson,2,2,2015-10-30,28,BOS,H,TOR,-10,0,18:58,3,3,1,1,1,1,4,6,0.667,1,7,8,2,2,0,3,1,11,12.1,0,27
Amir Johnson,3,3,2015-11-01,28,BOS,H,SAS,-8,0,28:24,5,10,0.5,0,2,0,0,0,NA,3,1,4,1,0,1,0,4,10,7.2,-6,18.5
Amir Johnson,4,4,2015-11-04,28,BOS,A,IND,-2,1,20:36,0,2,0,0,1,0,2,2,1,0,4,4,1,0,0,2,3,2,-0.7,-4,7.5
Amir Johnson,5,5,2015-11-06,28,BOS,H,WAS,20,1,18:08,2,4,0.5,0,1,0,1,2,0.5,2,4,6,0,0,0,2,4,5,1.6,-8,11.5
Amir Johnson,6,6,2015-11-10,28,BOS,A,MIL,16,1,23:29,2,3,0.667,0,0,NA,0,0,NA,3,6,9,0,0,1,1,1,4,5.9,-8,16.8
Amir Johnson,7,7,2015-11-11,28,BOS,H,IND,-11,1,13:53,3,5,0.6,0,1,0,1,4,0.25,0,2,2,1,1,1,2,1,7,4.1,-1,14
Amir Johnson,8,8,2015-11-13,28,BOS,H,ATL,13,1,36:21,7,13,0.538,1,3,0.333,2,2,1,3,5,8,4,3,3,1,3,17,20,17,45
Amir Johnson,9,9,2015-11-15,28,BOS,A,OKC,15,1,29:32,3,5,0.6,0,0,NA,1,2,0.5,1,4,5,0,0,3,2,4,7,4.7,0,18.3
Amir Johnson,10,10,2015-11-16,28,BOS,A,HOU,16,1,22:16,3,5,0.6,0,0,NA,0,0,NA,2,4,6,3,3,1,0,2,6,11.3,20,26
Amir Johnson,11,11,2015-11-18,28,BOS,H,DAL,-4,1,28:25,3,5,0.6,0,1,0,0,2,0,1,4,5,2,1,0,2,3,6,4,-16,16.3
Amir Johnson,12,12,2015-11-20,28,BOS,H,BRK,25,1,20:28,4,6,0.667,0,0,NA,0,0,NA,0,2,2,4,0,2,1,1,8,8.8,17,20
Amir Johnson,13,13,2015-11-22,28,BOS,A,BRK,-10,1,17:47,1,1,1,0,0,NA,0,0,NA,0,0,0,1,1,0,1,2,2,1.6,-17,5
Amir Johnson,14,14,2015-11-24,28,BOS,A,ATL,-24,1,21:41,1,4,0.25,0,0,NA,2,2,1,5,2,7,1,0,1,2,0,4,5.1,-13,15.3
Amir Johnson,15,15,2015-11-25,28,BOS,H,PHI,4,1,24:50,3,4,0.75,0,1,0,0,0,NA,2,6,8,2,1,1,3,2,6,6.9,10,21.5
Amir Johnson,16,16,2015-11-27,28,BOS,H,WAS,33,1,18:28,3,8,0.375,0,1,0,0,0,NA,2,6,8,3,0,1,0,2,6,6.8,14,22.5
Amir Johnson,17,17,2015-11-29,28,BOS,A,ORL,-19,1,19:17,3,6,0.5,0,0,NA,2,2,1,2,2,4,3,0,1,2,5,8,5.8,-4,18.5
Amir Johnson,18,18,2015-11-30,28,BOS,A,MIA,10,1,33:06,5,9,0.556,2,2,1,1,2,0.5,3,7,10,2,1,2,3,4,13,11.7,11,35.5
Amir Johnson,19,19,2015-12-03,28,BOS,A,SAC,17,1,23:27,1,2,0.5,0,0,NA,2,4,0.5,1,6,7,3,1,2,0,3,4,8,11,23.3
Amir Johnson,20,20,2015-12-05,28,BOS,A,SAS,-3,1,32:25,5,11,0.455,1,4,0.25,0,2,0,4,7,11,1,1,1,2,4,11,8.2,18,31.3
Amir Johnson,21,21,2015-12-07,28,BOS,A,NOP,18,1,23:44,3,5,0.6,0,1,0,3,6,0.5,2,3,5,2,0,3,1,2,9,9.5,16,23.8
Amir Johnson,22,22,2015-12-09,28,BOS,H,CHI,5,1,26:14,6,9,0.667,0,0,NA,0,0,NA,3,2,5,2,1,0,1,6,12,9.8,-8,22.8
Amir Johnson,23,23,2015-12-11,28,BOS,H,GSW,-5,1,19:08,2,4,0.5,0,1,0,0,1,0,1,3,4,0,0,3,0,5,4,3.3,0,15
Amir Johnson,24,24,2015-12-12,28,BOS,A,CHO,5,1,29:47,3,6,0.5,0,1,0,0,0,NA,0,6,6,3,1,3,0,1,6,9.6,22,26
Amir Johnson,25,25,2015-12-15,28,BOS,H,CLE,-12,1,24:19,2,5,0.4,0,0,NA,1,2,0.5,4,3,7,0,1,1,1,2,5,5.5,-11,17.3
Amir Johnson,26,26,2015-12-16,28,BOS,A,DET,-3,1,20:48,5,10,0.5,1,3,0.333,0,0,NA,1,2,3,0,1,1,4,3,11,3.8,1,17.3
Amir Johnson,27,27,2015-12-18,28,BOS,H,ATL,-8,1,15:56,2,3,0.667,0,0,NA,0,0,NA,0,3,3,1,0,0,1,3,4,2.1,-9,8.8
Amir Johnson,30,28,2015-12-26,28,BOS,A,DET,6,1,28:15,6,7,0.857,0,0,NA,0,0,NA,4,4,8,0,0,0,1,3,12,11.3,9,21.5
Amir Johnson,31,29,2015-12-27,28,BOS,H,NYK,9,1,22:25,4,7,0.571,0,1,0,0,0,NA,3,4,7,1,1,2,1,2,8,9.3,6,23.8
Amir Johnson,32,30,2015-12-30,28,BOS,H,LAL,-8,1,18:22,0,1,0,0,0,NA,0,0,NA,0,5,5,0,0,0,1,0,0,-0.2,-17,5.8
Amir Johnson,33,31,2016-01-02,28,BOS,H,BRK,-3,1,29:27,3,4,0.75,0,0,NA,1,2,0.5,4,7,11,2,0,2,0,5,7,10.7,9,27.8
Amir Johnson,34,32,2016-01-04,28,BOS,A,BRK,9,1,28:12,6,7,0.857,0,1,0,0,0,NA,1,3,4,3,1,2,0,5,12,13.6,12,27.5
Amir Johnson,35,33,2016-01-06,28,BOS,H,DET,-5,1,31:11,8,14,0.571,0,1,0,0,0,NA,3,8,11,2,0,2,1,3,16,14.5,8,37.8
Amir Johnson,36,34,2016-01-07,28,BOS,A,CHI,-9,1,21:46,6,8,0.75,0,0,NA,0,0,NA,1,5,6,0,0,1,0,3,12,10.5,-13,21.5
Amir Johnson,37,35,2016-01-10,28,BOS,A,MEM,-3,1,31:34,5,6,0.833,1,1,1,3,6,0.5,2,7,9,4,0,1,3,4,14,13,7,32.3
Amir Johnson,38,36,2016-01-12,28,BOS,A,NYK,-6,1,25:45,5,6,0.833,0,1,0,1,2,0.5,3,3,6,2,1,1,1,4,11,11.9,-2,25
Amir Johnson,39,37,2016-01-13,28,BOS,H,IND,9,1,28:47,6,11,0.545,0,0,NA,2,4,0.5,8,10,18,6,2,0,1,3,14,20.5,17,50.5
Amir Johnson,40,38,2016-01-15,28,BOS,H,PHO,14,1,18:39,6,9,0.667,0,0,NA,1,3,0.333,2,3,5,2,1,0,0,2,13,12.2,4,24.3
Amir Johnson,41,39,2016-01-16,28,BOS,A,WAS,2,1,25:41,2,3,0.667,0,0,NA,3,4,0.75,1,2,3,1,1,2,0,5,7,7.7,-2,18.3
Amir Johnson,42,40,2016-01-18,28,BOS,A,DAL,-5,1,13:37,1,1,1,1,1,1,0,0,NA,2,0,2,0,1,0,1,2,3,3.3,-19,7.5
Amir Johnson,43,41,2016-01-20,28,BOS,A,TOR,-6,1,24:12,1,3,0.333,0,1,0,0,0,NA,2,2,4,1,0,1,2,2,2,0.9,-7,9.5
Amir Johnson,45,42,2016-01-24,28,BOS,A,PHI,20,1,20:29,1,3,0.333,0,0,NA,1,2,0.5,5,7,12,5,2,1,1,2,3,10.9,12,31
Amir Johnson,46,43,2016-01-25,28,BOS,A,WAS,25,1,22:58,1,4,0.25,0,1,0,2,2,1,2,3,5,2,0,1,0,1,4,5.6,14,15.3
Amir Johnson,47,44,2016-01-27,28,BOS,H,DEN,8,1,30:04,4,7,0.571,0,0,NA,1,2,0.5,7,6,13,6,3,1,1,3,9,17.7,5,41.8
Amir Johnson,48,45,2016-01-29,28,BOS,H,ORL,19,1,21:07,2,3,0.667,0,0,NA,1,2,0.5,3,4,7,1,0,1,0,4,5,6.4,-4,17.3
Amir Johnson,49,46,2016-01-31,28,BOS,A,ORL,-5,1,27:02,3,5,0.6,0,0,NA,2,2,1,6,5,11,1,0,1,2,3,8,9.6,-9,24.3
Amir Johnson,50,47,2016-02-02,28,BOS,A,NYK,8,1,14:34,2,3,0.667,0,0,NA,0,2,0,0,4,4,0,0,0,0,2,4,2.3,-2,9
Amir Johnson,51,48,2016-02-03,28,BOS,H,DET,7,1,21:20,2,4,0.5,0,0,NA,0,0,NA,1,3,4,2,0,1,1,1,4,4.3,8,13.5
Amir Johnson,52,49,2016-02-05,28,BOS,A,CLE,1,1,13:42,3,3,1,0,0,NA,0,0,NA,2,4,6,1,0,0,0,4,6,6.8,-11,15
Amir Johnson,53,50,2016-02-07,28,BOS,H,SAC,9,1,19:24,4,6,0.667,0,0,NA,0,0,NA,5,4,9,4,2,0,2,2,8,12.1,13,28.3
Amir Johnson,54,51,2016-02-09,28,BOS,A,MIL,-1,1,26:52,2,6,0.333,0,0,NA,2,2,1,2,2,4,2,2,1,3,4,6,4.1,17,18.5
Amir Johnson,55,52,2016-02-10,28,BOS,H,LAC,5,1,12:46,0,2,0,0,0,NA,0,0,NA,0,0,0,1,0,0,2,0,0,-2.7,2,0.5
Amir Johnson,56,53,2016-02-19,28,BOS,A,UTA,-18,1,17:15,1,4,0.25,0,1,0,0,0,NA,1,0,1,0,2,0,1,3,2,0.1,-12,6.8
Amir Johnson,57,54,2016-02-21,28,BOS,A,DEN,20,1,18:23,3,5,0.6,0,1,0,0,0,NA,2,3,5,1,0,0,1,1,6,5.3,10,13.3
Amir Johnson,58,55,2016-02-22,28,BOS,A,MIN,-2,1,15:14,1,3,0.333,0,0,NA,0,0,NA,1,0,1,1,0,1,0,2,2,1.6,-9,6.8
Amir Johnson,59,56,2016-02-25,28,BOS,H,MIL,5,1,25:26,7,9,0.778,0,0,NA,1,4,0.25,3,5,8,2,1,1,0,4,15,15.4,6,32
Amir Johnson,60,57,2016-02-27,28,BOS,H,MIA,12,1,19:10,2,5,0.4,0,0,NA,1,1,1,4,5,9,0,1,2,2,1,5,6.6,-6,21.3
Amir Johnson,61,58,2016-02-29,28,BOS,H,UTA,5,1,21:10,1,5,0.2,0,1,0,3,4,0.75,4,5,9,3,1,2,1,4,5,7.7,-7,26.3
Amir Johnson,62,59,2016-03-02,28,BOS,H,POR,23,1,13:56,3,7,0.429,0,0,NA,0,0,NA,5,1,6,1,0,2,0,1,6,7.8,12,19
Amir Johnson,63,60,2016-03-04,28,BOS,H,NYK,1,1,13:08,0,2,0,0,1,0,0,0,NA,1,1,2,1,0,0,0,1,0,-0.1,-11,4
Amir Johnson,64,61,2016-03-05,28,BOS,A,CLE,-17,1,16:43,3,4,0.75,0,0,NA,2,5,0.4,0,1,1,1,0,0,1,3,8,4,2,10.3
Amir Johnson,65,62,2016-03-09,28,BOS,H,MEM,20,1,17:43,1,3,0.333,0,0,NA,1,2,0.5,1,1,2,2,0,1,2,2,3,1.2,2,9.5
Amir Johnson,66,63,2016-03-11,28,BOS,H,HOU,-4,1,13:30,0,2,0,0,0,NA,0,0,NA,1,1,2,1,0,0,0,0,0,0.3,-1,4
Amir Johnson,67,64,2016-03-15,28,BOS,A,IND,-5,1,22:46,4,6,0.667,0,0,NA,0,0,NA,3,6,9,0,0,0,1,2,8,7.5,7,18.8
Amir Johnson,68,65,2016-03-16,28,BOS,H,OKC,-21,1,24:41,5,7,0.714,0,0,NA,1,1,1,5,7,12,5,0,1,1,2,11,16.1,-10,36.5
Amir Johnson,69,66,2016-03-18,28,BOS,A,TOR,-14,1,25:59,3,5,0.6,0,0,NA,0,0,NA,1,5,6,0,2,1,2,1,6,6.2,-20,18.5
Amir Johnson,70,67,2016-03-20,28,BOS,A,PHI,15,1,23:40,9,10,0.9,0,0,NA,0,0,NA,2,6,8,0,0,2,1,5,18,16.2,19,31.5
Amir Johnson,71,68,2016-03-21,28,BOS,H,ORL,11,1,34:02,5,6,0.833,0,0,NA,1,1,1,4,7,11,2,0,3,2,2,11,14.4,21,34.3
Amir Johnson,72,69,2016-03-23,28,BOS,H,TOR,12,1,33:38,5,6,0.833,0,0,NA,1,4,0.25,2,12,14,5,1,2,2,4,11,14.9,17,42.5
Amir Johnson,73,70,2016-03-26,28,BOS,A,PHO,3,1,24:34,1,1,1,0,0,NA,0,0,NA,2,4,6,1,1,1,2,4,2,3.1,-15,14
Amir Johnson,74,71,2016-03-28,28,BOS,A,LAC,-24,1,19:08,1,2,0.5,0,0,NA,1,2,0.5,1,4,5,1,1,1,2,3,3,2.7,-15,13.8
Amir Johnson,75,72,2016-03-31,28,BOS,A,POR,-7,1,27:57,4,6,0.667,1,1,1,3,4,0.75,5,4,9,1,1,2,3,4,12,12.2,11,29.8
Amir Johnson,76,73,2016-04-01,28,BOS,A,GSW,3,1,26:22,3,5,0.6,0,1,0,1,5,0.2,2,7,9,2,1,0,2,1,7,6.6,4,22.3
Amir Johnson,77,74,2016-04-03,28,BOS,A,LAL,7,1,26:08,4,8,0.5,0,2,0,2,2,1,3,10,13,4,0,0,2,4,10,10.3,2,32.8
Amir Johnson,78,75,2016-04-06,28,BOS,H,NOP,7,1,24:46,2,4,0.5,0,0,NA,2,2,1,2,5,7,2,0,2,3,4,6,5.1,8,20.3
Amir Johnson,79,76,2016-04-08,28,BOS,H,MIL,15,1,15:13,2,3,0.667,0,0,NA,0,0,NA,0,1,1,3,0,0,1,4,4,2.5,-3,9.3
Amir Johnson,80,77,2016-04-09,28,BOS,A,ATL,-11,1,26:11,6,8,0.75,0,0,NA,2,2,1,3,5,8,2,1,4,0,5,14,17.6,-1,37
Amir Johnson,81,78,2016-04-11,28,BOS,H,CHO,-14,1,22:11,1,5,0.2,0,1,0,3,4,0.75,1,5,6,2,3,0,0,0,5,8.1,-15,21.5
Amir Johnson,82,79,2016-04-13,28,BOS,H,MIA,10,1,21:37,3,3,1,0,0,NA,0,0,NA,1,6,7,3,0,0,0,4,6,8.1,15,19.3
Tyler Zeller,1,1,2015-10-28,25,BOS,H,PHI,17,1,10:39,2,4,0.5,0,0,NA,2,2,1,0,1,1,0,0,1,1,3,6,2.8,-6,8.8
Tyler Zeller,2,2,2015-10-30,25,BOS,H,TOR,-10,1,16:29,4,8,0.5,0,0,NA,2,2,1,0,0,0,1,0,0,0,3,10,5.5,-7,11.5
Tyler Zeller,3,3,2015-11-01,25,BOS,H,SAS,-8,1,6:28,0,2,0,0,0,NA,0,0,NA,0,1,1,1,0,0,1,0,0,-1.4,-3,2.3
Tyler Zeller,4,4,2015-11-04,25,BOS,A,IND,-2,0,3:29,0,2,0,0,0,NA,0,0,NA,1,0,1,1,0,0,0,0,0,0,-1,2.8
Tyler Zeller,5,5,2015-11-06,25,BOS,H,WAS,20,0,4:32,3,4,0.75,0,0,NA,1,2,0.5,1,1,2,0,0,0,0,2,7,5.2,-4,9.5
Tyler Zeller,8,6,2015-11-13,25,BOS,H,ATL,13,0,6:17,2,2,1,0,0,NA,1,1,1,0,2,2,1,0,0,1,0,5,4.7,4,8.5
Tyler Zeller,10,7,2015-11-16,25,BOS,A,HOU,16,0,13:41,3,6,0.5,0,0,NA,3,4,0.75,1,4,5,0,1,0,2,2,9,5.7,-18,16.3
Tyler Zeller,12,8,2015-11-20,25,BOS,H,BRK,25,0,9:26,3,5,0.6,0,0,NA,0,0,NA,1,3,4,1,0,0,0,0,6,6,2,12.5
Tyler Zeller,13,9,2015-11-22,25,BOS,A,BRK,-10,0,7:01,2,2,1,0,0,NA,1,2,0.5,1,0,1,1,0,0,0,1,5,5,9,7.8
Tyler Zeller,14,10,2015-11-24,25,BOS,A,ATL,-24,0,5:24,0,0,NA,0,0,NA,2,2,1,0,0,0,0,0,0,0,0,2,2,-3,2
Tyler Zeller,15,11,2015-11-25,25,BOS,H,PHI,4,0,5:52,0,0,NA,0,0,NA,2,2,1,0,1,1,0,0,1,0,2,2,2.2,-4,5.3
Tyler Zeller,16,12,2015-11-27,25,BOS,H,WAS,33,0,5:56,0,3,0,0,0,NA,1,1,1,0,1,1,0,1,0,1,1,1,-1.2,6,3.8
Tyler Zeller,19,13,2015-12-03,25,BOS,A,SAC,17,0,11:38,1,2,0.5,0,0,NA,3,4,0.75,0,3,3,0,0,0,1,4,5,1.9,5,8.3
Tyler Zeller,20,14,2015-12-05,25,BOS,A,SAS,-3,0,6:23,2,3,0.667,0,0,NA,0,1,0,1,0,1,0,0,0,1,1,4,1.6,-10,4.8
Tyler Zeller,21,15,2015-12-07,25,BOS,A,NOP,18,0,7:26,2,2,1,0,0,NA,0,0,NA,1,0,1,0,0,0,1,0,4,3.1,-5,4.8
Tyler Zeller,25,16,2015-12-15,25,BOS,H,CLE,-12,0,3:08,0,1,0,0,0,NA,0,0,NA,0,0,0,0,0,0,0,0,0,-0.7,3,0
Tyler Zeller,26,17,2015-12-16,25,BOS,A,DET,-3,0,9:30,5,7,0.714,0,0,NA,2,4,0.5,1,2,3,1,0,0,2,4,12,6.7,4,16.3
Tyler Zeller,28,18,2015-12-21,25,BOS,H,MIN,14,0,16:53,7,10,0.7,0,0,NA,0,0,NA,2,6,8,0,0,1,3,6,14,8.3,13,24.5
Tyler Zeller,29,19,2015-12-23,25,BOS,A,CHO,13,0,11:40,1,4,0.25,0,0,NA,0,0,NA,1,0,1,0,0,0,0,0,2,0.3,1,3.3
Tyler Zeller,30,20,2015-12-26,25,BOS,A,DET,6,0,14:46,3,7,0.429,0,0,NA,1,2,0.5,1,3,4,0,0,0,2,2,7,1.7,7,11
Tyler Zeller,31,21,2015-12-27,25,BOS,H,NYK,9,0,4:37,0,2,0,0,0,NA,0,0,NA,1,0,1,0,0,0,0,0,0,-0.7,2,1.3
Tyler Zeller,33,22,2016-01-02,25,BOS,H,BRK,-3,0,6:38,0,3,0,0,0,NA,3,4,0.75,1,1,2,0,0,1,1,1,3,0.8,-5,7
Tyler Zeller,34,23,2016-01-04,25,BOS,A,BRK,9,0,13:39,2,9,0.222,0,0,NA,0,0,NA,2,2,4,0,0,0,0,2,4,-0.3,-6,9
Tyler Zeller,36,24,2016-01-07,25,BOS,A,CHI,-9,0,9:09,0,2,0,0,0,NA,0,0,NA,0,7,7,0,0,0,3,0,0,-2.3,0,7.3
Tyler Zeller,41,25,2016-01-16,25,BOS,A,WAS,2,0,4:35,0,2,0,0,0,NA,0,0,NA,2,1,3,0,0,0,0,2,0,-0.5,3,3.8
Tyler Zeller,43,26,2016-01-20,26,BOS,A,TOR,-6,0,7:23,2,6,0.333,0,0,NA,0,2,0,1,0,1,0,0,0,0,0,4,0.5,-3,5.3
Tyler Zeller,44,27,2016-01-22,26,BOS,H,CHI,9,0,15:34,3,6,0.5,0,0,NA,1,2,0.5,2,2,4,1,1,0,0,2,7,6.5,-7,15.5
Tyler Zeller,45,28,2016-01-24,26,BOS,A,PHI,20,0,7:07,3,4,0.75,0,0,NA,0,0,NA,3,1,4,0,0,0,2,0,6,4.8,-1,10
Tyler Zeller,46,29,2016-01-25,26,BOS,A,WAS,25,0,18:13,4,6,0.667,0,0,NA,1,1,1,0,3,3,2,3,0,0,5,9,9.7,7,21.8
Tyler Zeller,47,30,2016-01-27,26,BOS,H,DEN,8,0,4:27,0,2,0,0,0,NA,0,0,NA,0,1,1,0,0,0,1,1,0,-2.5,2,0.8
Tyler Zeller,48,31,2016-01-29,26,BOS,H,ORL,19,0,5:46,1,4,0.25,0,0,NA,0,0,NA,0,0,0,0,0,0,0,0,2,-0.4,-7,2
Tyler Zeller,50,32,2016-02-02,26,BOS,A,NYK,8,0,26:32,8,13,0.615,0,0,NA,0,0,NA,7,3,10,0,1,0,2,3,16,13.7,11,31
Tyler Zeller,51,33,2016-02-03,26,BOS,H,DET,7,0,13:35,2,4,0.5,0,0,NA,2,2,1,1,4,5,4,1,3,0,2,6,11,-3,26.3
Tyler Zeller,52,34,2016-02-05,26,BOS,A,CLE,1,0,19:49,8,10,0.8,0,0,NA,0,0,NA,1,3,4,1,0,0,3,3,16,10.3,5,21
Tyler Zeller,53,35,2016-02-07,26,BOS,H,SAC,9,0,21:35,6,8,0.75,0,0,NA,5,5,1,0,7,7,1,0,2,4,3,17,12.8,6,29.3
Tyler Zeller,54,36,2016-02-09,26,BOS,A,MIL,-1,0,10:01,1,4,0.25,0,0,NA,2,2,1,1,1,2,1,0,0,0,1,4,2.9,-22,8
Tyler Zeller,55,37,2016-02-10,26,BOS,H,LAC,5,0,5:34,1,1,1,0,0,NA,0,0,NA,0,1,1,0,0,0,1,0,2,1,-9,2.8
Tyler Zeller,56,38,2016-02-19,26,BOS,A,UTA,-18,0,17:43,1,3,0.333,0,0,NA,2,4,0.5,3,3,6,0,0,0,1,4,4,1.9,-7,11
Tyler Zeller,57,39,2016-02-21,26,BOS,A,DEN,20,0,15:21,4,9,0.444,0,0,NA,1,2,0.5,2,2,4,0,1,0,1,4,9,4.3,7,15.5
Tyler Zeller,58,40,2016-02-22,26,BOS,A,MIN,-2,0,13:44,2,6,0.333,0,0,NA,2,2,1,3,0,3,0,0,0,1,1,6,3.3,3,9.3
Tyler Zeller,59,41,2016-02-25,26,BOS,H,MIL,5,0,6:24,1,2,0.5,0,0,NA,0,0,NA,0,0,0,1,0,1,1,1,2,1,0,5
Tyler Zeller,60,42,2016-02-27,26,BOS,H,MIA,12,0,20:17,5,12,0.417,0,0,NA,2,2,1,0,3,3,0,0,1,0,1,12,6.8,3,17.8
Tyler Zeller,61,43,2016-02-29,26,BOS,H,UTA,5,0,18:18,3,10,0.3,0,0,NA,4,4,1,3,3,6,0,0,2,1,3,10,6.4,5,21
Tyler Zeller,62,44,2016-03-02,26,BOS,H,POR,23,0,24:09,2,6,0.333,0,0,NA,3,3,1,2,5,7,2,0,0,0,2,7,7.1,8,18.8
Tyler Zeller,63,45,2016-03-04,26,BOS,H,NYK,1,0,18:54,5,10,0.5,0,0,NA,2,2,1,2,3,5,0,0,1,1,2,12,8.2,-7,19.8
Tyler Zeller,64,46,2016-03-05,26,BOS,A,CLE,-17,0,16:50,2,4,0.5,0,0,NA,4,4,1,0,3,3,0,1,0,1,1,8,6.5,-18,13.3
Tyler Zeller,65,47,2016-03-09,26,BOS,H,MEM,20,0,25:31,3,4,0.75,0,0,NA,3,3,1,1,6,7,1,0,1,1,3,9,9.1,17,20.8
Tyler Zeller,66,48,2016-03-11,26,BOS,H,HOU,-4,0,14:37,2,6,0.333,0,0,NA,3,3,1,0,0,0,2,0,0,1,3,7,2.8,-11,9.5
Tyler Zeller,67,49,2016-03-15,26,BOS,A,IND,-5,0,13:42,2,9,0.222,0,0,NA,0,0,NA,3,3,6,0,0,0,0,2,4,0.7,-12,11.5
Tyler Zeller,68,50,2016-03-16,26,BOS,H,OKC,-21,0,18:09,5,9,0.556,0,0,NA,6,6,1,1,2,3,0,0,2,0,3,16,13.2,-3,23.8
Tyler Zeller,69,51,2016-03-18,26,BOS,A,TOR,-14,0,11:00,2,4,0.5,0,0,NA,2,2,1,1,3,4,0,0,0,0,1,6,5.2,2,11
Tyler Zeller,70,52,2016-03-20,26,BOS,A,PHI,15,0,10:27,0,1,0,0,0,NA,3,4,0.75,1,2,3,0,0,0,1,2,3,1.4,-10,6.3
Tyler Zeller,72,53,2016-03-23,26,BOS,H,TOR,12,0,6:31,0,0,NA,0,0,NA,2,2,1,0,2,2,0,0,0,0,0,2,2.6,-1,4.5
Tyler Zeller,74,54,2016-03-28,26,BOS,A,LAC,-24,0,18:58,3,9,0.333,0,0,NA,2,2,1,3,1,4,0,0,0,2,2,8,2.5,-3,12
Tyler Zeller,77,55,2016-04-03,26,BOS,A,LAL,7,0,17:54,3,5,0.6,0,0,NA,0,0,NA,0,4,4,2,0,0,1,3,6,4.1,16,13.5
Tyler Zeller,78,56,2016-04-06,26,BOS,H,NOP,7,0,6:32,1,1,1,0,0,NA,1,2,0.5,1,2,3,1,0,0,0,0,3,4.3,-3,8.3
Tyler Zeller,79,57,2016-04-08,26,BOS,H,MIL,15,0,25:05,9,15,0.6,0,0,NA,8,9,0.889,1,2,3,2,0,4,0,3,26,23,7,40.8
Tyler Zeller,80,58,2016-04-09,26,BOS,A,ATL,-11,0,4:48,1,1,1,0,0,NA,1,3,0.333,1,0,1,1,0,0,0,0,3,3.3,-10,5.8
Tyler Zeller,81,59,2016-04-11,26,BOS,H,CHO,-14,0,6:30,0,2,0,0,0,NA,0,0,NA,0,1,1,0,0,0,0,0,0,-1.1,-6,1.3
Tyler Zeller,82,60,2016-04-13,26,BOS,H,MIA,10,0,7:39,1,2,0.5,0,0,NA,2,2,1,0,1,1,0,0,1,0,0,4,4,-8,7.3
Kelly Olynyk,2,1,2015-10-30,24,BOS,H,TOR,-10,0,16:36,4,10,0.4,1,5,0.2,2,3,0.667,1,1,2,0,2,0,0,0,11,8.2,1,18
Kelly Olynyk,3,2,2015-11-01,24,BOS,H,SAS,-8,0,13:00,0,3,0,0,3,0,0,0,NA,1,6,7,1,1,1,2,0,0,0.8,6,13.3
Kelly Olynyk,4,3,2015-11-04,24,BOS,A,IND,-2,0,10:32,0,5,0,0,2,0,0,0,NA,1,1,2,0,0,2,1,1,0,-2.5,-3,6
Kelly Olynyk,5,4,2015-11-06,24,BOS,H,WAS,20,0,26:55,7,11,0.636,3,5,0.6,2,3,0.667,2,5,7,4,4,1,3,0,19,21.1,29,43.8
Kelly Olynyk,6,5,2015-11-10,24,BOS,A,MIL,16,0,22:03,5,8,0.625,0,1,0,1,1,1,1,0,1,2,0,0,2,3,11,6.3,24,14.3
Kelly Olynyk,7,6,2015-11-11,24,BOS,H,IND,-11,0,14:40,1,5,0.2,0,2,0,2,2,1,0,0,0,1,1,0,2,2,4,-0.2,-3,6.5
Kelly Olynyk,8,7,2015-11-13,24,BOS,H,ATL,13,0,16:39,6,13,0.462,3,6,0.5,0,0,NA,1,2,3,1,0,2,0,1,15,11.3,-2,25.8
Kelly Olynyk,9,8,2015-11-15,24,BOS,A,OKC,15,0,16:36,3,5,0.6,1,1,1,0,0,NA,2,5,7,1,3,1,2,6,7,7.6,11,24.8
Kelly Olynyk,10,9,2015-11-16,24,BOS,A,HOU,16,0,22:34,3,11,0.273,1,6,0.167,1,2,0.5,3,3,6,2,1,1,3,2,8,3.4,-4,21.5
Kelly Olynyk,11,10,2015-11-18,24,BOS,H,DAL,-4,0,13:04,2,6,0.333,1,2,0.5,0,0,NA,1,2,3,0,1,1,0,6,5,2.2,13,13.3
Kelly Olynyk,12,11,2015-11-20,24,BOS,H,BRK,25,0,20:49,2,5,0.4,0,2,0,0,0,NA,2,8,10,5,0,0,3,6,4,3.2,5,22.5
Kelly Olynyk,13,12,2015-11-22,24,BOS,A,BRK,-10,0,18:50,2,6,0.333,2,3,0.667,2,2,1,1,1,2,1,1,0,0,3,8,6.1,-1,15
Kelly Olynyk,14,13,2015-11-24,24,BOS,A,ATL,-24,0,15:50,1,3,0.333,0,1,0,0,0,NA,0,2,2,0,2,0,1,2,2,1.1,-12,8
Kelly Olynyk,15,14,2015-11-25,24,BOS,H,PHI,4,0,14:24,0,5,0,0,1,0,3,4,0.75,2,1,3,1,0,1,0,0,3,2.2,-8,10.3
Kelly Olynyk,16,15,2015-11-27,24,BOS,H,WAS,33,0,20:55,4,7,0.571,4,5,0.8,0,0,NA,1,3,4,2,2,1,0,1,12,14,17,28
Kelly Olynyk,17,16,2015-11-29,24,BOS,A,ORL,-19,0,17:14,1,5,0.2,1,3,0.333,0,0,NA,1,3,4,0,0,0,0,1,3,1.1,-13,8.5
Kelly Olynyk,18,17,2015-11-30,24,BOS,A,MIA,10,0,9:31,1,4,0.25,0,2,0,2,2,1,0,2,2,2,1,0,2,1,4,2.2,-14,10.5
Kelly Olynyk,19,18,2015-12-03,24,BOS,A,SAC,17,0,24:33,9,12,0.75,3,5,0.6,0,0,NA,1,3,4,4,1,0,3,3,21,17.4,6,34
Kelly Olynyk,20,19,2015-12-05,24,BOS,A,SAS,-3,0,12:10,3,6,0.5,0,1,0,0,2,0,0,2,2,1,0,1,1,5,6,1.2,-12,11.5
Kelly Olynyk,21,20,2015-12-07,24,BOS,A,NOP,18,0,27:01,8,13,0.615,2,5,0.4,3,3,1,1,2,3,3,2,2,2,2,21,19.1,-3,37.3
Kelly Olynyk,22,21,2015-12-09,24,BOS,H,CHI,5,0,19:54,5,11,0.455,2,5,0.4,3,4,0.75,1,3,4,2,1,1,1,5,15,10.6,14,27.5
Kelly Olynyk,23,22,2015-12-11,24,BOS,H,GSW,-5,0,37:07,11,21,0.524,3,6,0.5,3,4,0.75,1,5,6,3,3,1,0,3,28,24.1,-2,49.5
Kelly Olynyk,24,23,2015-12-12,24,BOS,A,CHO,5,0,23:03,4,13,0.308,0,1,0,0,0,NA,0,4,4,0,0,0,1,1,8,0.3,-3,12.5
Kelly Olynyk,25,24,2015-12-15,24,BOS,H,CLE,-12,0,21:39,2,7,0.286,1,3,0.333,0,0,NA,1,1,2,0,1,0,0,0,5,2.9,-6,10
Kelly Olynyk,26,25,2015-12-16,24,BOS,A,DET,-3,0,16:23,0,2,0,0,2,0,0,0,NA,0,2,2,2,0,1,0,1,0,0.9,-4,7.5
Kelly Olynyk,27,26,2015-12-18,24,BOS,H,ATL,-8,0,15:07,3,5,0.6,1,1,1,1,2,0.5,0,2,2,1,0,0,4,4,8,1,0,10.5
Kelly Olynyk,28,27,2015-12-21,24,BOS,H,MIN,14,1,28:47,7,10,0.7,3,3,1,2,4,0.5,2,3,5,1,0,1,1,3,19,15.5,5,29.8
Kelly Olynyk,29,28,2015-12-23,24,BOS,A,CHO,13,1,30:02,7,10,0.7,1,3,0.333,5,6,0.833,1,8,9,3,2,0,3,4,20,18,17,38.8
Kelly Olynyk,30,29,2015-12-26,24,BOS,A,DET,6,0,24:18,4,8,0.5,1,3,0.333,0,2,0,1,6,7,1,0,0,0,3,9,6.2,-7,19.8
Kelly Olynyk,31,30,2015-12-27,24,BOS,H,NYK,9,0,21:20,4,9,0.444,1,2,0.5,2,4,0.5,1,8,9,2,2,1,1,5,11,9.7,10,31.3
Kelly Olynyk,32,31,2015-12-30,24,BOS,H,LAL,-8,0,20:37,2,5,0.4,1,1,1,0,0,NA,1,2,3,3,1,1,0,4,5,5.8,5,17.8
Kelly Olynyk,33,32,2016-01-02,24,BOS,H,BRK,-3,0,12:25,3,5,0.6,1,3,0.333,0,0,NA,0,4,4,0,0,0,2,1,7,3.5,-2,11.5
Kelly Olynyk,34,33,2016-01-04,24,BOS,A,BRK,9,1,33:54,4,11,0.364,1,4,0.25,0,1,0,1,3,4,2,0,1,1,2,9,4.4,11,19
Kelly Olynyk,35,34,2016-01-06,24,BOS,H,DET,-5,1,29:17,4,11,0.364,2,4,0.5,0,2,0,3,2,5,4,0,0,1,5,10,5.6,4,22.8
Kelly Olynyk,36,35,2016-01-07,24,BOS,A,CHI,-9,1,32:32,6,14,0.429,2,5,0.4,2,2,1,2,7,9,2,0,0,0,1,16,13.1,-19,31.3
Kelly Olynyk,37,36,2016-01-10,24,BOS,A,MEM,-3,1,21:58,3,8,0.375,0,1,0,0,0,NA,1,5,6,1,2,3,2,3,6,5.4,3,24
Kelly Olynyk,38,37,2016-01-12,24,BOS,A,NYK,-6,1,11:23,2,5,0.4,1,2,0.5,0,0,NA,0,4,4,2,0,0,1,3,5,2.7,-1,13
Kelly Olynyk,39,38,2016-01-13,24,BOS,H,IND,9,0,15:16,4,6,0.667,2,3,0.667,1,2,0.5,2,2,4,0,0,0,3,1,11,6.6,-12,15.5
Kelly Olynyk,40,39,2016-01-15,24,BOS,H,PHO,14,0,26:32,8,16,0.5,4,6,0.667,1,2,0.5,3,6,9,1,3,1,2,2,21,18.1,9,42.8
Kelly Olynyk,41,40,2016-01-16,24,BOS,A,WAS,2,0,20:31,4,9,0.444,1,4,0.25,2,2,1,1,2,3,1,0,1,0,0,11,9,7,18.8
Kelly Olynyk,42,41,2016-01-18,24,BOS,A,DAL,-5,0,25:47,6,11,0.545,5,6,0.833,0,0,NA,2,3,5,0,1,2,2,4,17,12.8,27,30.8
Kelly Olynyk,43,42,2016-01-20,24,BOS,A,TOR,-6,0,31:03,7,10,0.7,3,5,0.6,1,1,1,1,3,4,4,1,0,0,2,18,18.4,11,32.5
Kelly Olynyk,44,43,2016-01-22,24,BOS,H,CHI,9,1,26:26,5,11,0.455,1,1,1,1,1,1,3,6,9,2,0,1,1,5,12,9.3,12,28.3
Kelly Olynyk,45,44,2016-01-24,24,BOS,A,PHI,20,0,15:55,2,5,0.4,0,1,0,1,2,0.5,0,0,0,1,1,0,2,5,5,-0.4,5,7.5
Kelly Olynyk,46,45,2016-01-25,24,BOS,A,WAS,25,0,22:04,3,8,0.375,2,3,0.667,5,6,0.833,1,3,4,2,1,0,2,2,13,9.4,22,23
Kelly Olynyk,47,46,2016-01-27,24,BOS,H,DEN,8,0,17:19,6,14,0.429,2,3,0.667,3,3,1,1,6,7,3,0,0,0,3,17,13,12,31.3
Kelly Olynyk,48,47,2016-01-29,24,BOS,H,ORL,19,0,20:24,7,12,0.583,1,2,0.5,1,2,0.5,1,3,4,3,0,1,1,2,16,12.6,29,27.5
Kelly Olynyk,49,48,2016-01-31,24,BOS,A,ORL,-5,0,24:33,3,9,0.333,0,5,0,3,4,0.75,1,2,3,3,0,0,1,0,9,5.9,5,16.8
Kelly Olynyk,50,49,2016-02-02,24,BOS,A,NYK,8,0,22:15,5,8,0.625,1,3,0.333,2,2,1,2,3,5,1,0,1,1,3,13,10.9,7,22.8
Kelly Olynyk,51,50,2016-02-03,24,BOS,H,DET,7,0,18:57,3,10,0.3,0,4,0,0,0,NA,1,6,7,1,0,0,0,3,6,2.2,7,16.3
Kelly Olynyk,52,51,2016-02-05,24,BOS,A,CLE,1,0,11:58,0,1,0,0,0,NA,2,2,1,0,0,0,0,1,0,1,1,2,0.9,-3,3.5
Kelly Olynyk,53,52,2016-02-07,24,BOS,H,SAC,9,0,16:31,4,6,0.667,2,4,0.5,0,0,NA,1,3,4,0,0,0,2,0,10,7,-12,15
Kelly Olynyk,54,53,2016-02-09,24,BOS,A,MIL,-1,0,15:50,5,9,0.556,1,4,0.25,4,4,1,2,1,3,0,1,0,0,3,15,12.2,5,21.3
Kelly Olynyk,55,54,2016-02-10,24,BOS,H,LAC,5,0,10:52,1,4,0.25,1,3,0.333,4,4,1,0,2,2,2,0,0,0,3,7,5.4,13,13
Kelly Olynyk,68,55,2016-03-16,24,BOS,H,OKC,-21,0,21:40,1,7,0.143,0,2,0,6,7,0.857,1,3,4,1,0,0,1,1,8,4,-22,14
Kelly Olynyk,69,56,2016-03-18,24,BOS,A,TOR,-14,0,29:39,2,7,0.286,1,4,0.25,0,0,NA,1,3,4,3,0,0,2,3,5,1.4,2,14
Kelly Olynyk,70,57,2016-03-20,24,BOS,A,PHI,15,0,20:17,2,8,0.25,0,4,0,0,0,NA,1,1,2,0,0,0,2,1,4,-2.2,-2,5.5
Kelly Olynyk,71,58,2016-03-21,24,BOS,H,ORL,11,0,21:26,7,12,0.583,4,6,0.667,4,4,1,2,3,5,2,2,0,0,5,22,20.1,5,37.3
Kelly Olynyk,72,59,2016-03-23,24,BOS,H,TOR,12,0,18:08,1,4,0.25,0,1,0,1,2,0.5,0,2,2,1,0,0,0,2,3,0.7,0,7
Kelly Olynyk,73,60,2016-03-26,24,BOS,A,PHO,3,0,22:27,7,10,0.7,2,4,0.5,0,0,NA,1,2,3,0,0,0,2,2,16,10.3,6,19.8
Kelly Olynyk,74,61,2016-03-28,24,BOS,A,LAC,-24,0,22:57,3,9,0.333,2,3,0.667,0,0,NA,1,4,5,1,0,0,0,2,8,4.7,-9,16.8
Kelly Olynyk,75,62,2016-03-31,24,BOS,A,POR,-7,0,17:29,3,6,0.5,2,3,0.667,0,2,0,0,0,0,1,0,1,0,1,8,5.2,-23,12.5
Kelly Olynyk,76,63,2016-04-01,24,BOS,A,GSW,3,0,17:19,2,8,0.25,1,4,0.25,2,2,1,1,1,2,2,1,0,1,2,7,3.8,0,14.5
Kelly Olynyk,77,64,2016-04-03,24,BOS,A,LAL,7,0,13:12,2,4,0.5,0,1,0,0,0,NA,1,0,1,0,0,0,1,2,4,0.9,-2,4.8
Kelly Olynyk,78,65,2016-04-06,24,BOS,H,NOP,7,0,11:29,2,6,0.333,1,2,0.5,2,2,1,0,0,0,2,1,0,0,2,7,5.2,-1,12.5
Kelly Olynyk,79,66,2016-04-08,24,BOS,H,MIL,15,0,22:36,5,5,1,1,1,1,5,7,0.714,0,7,7,1,2,0,1,2,16,16.7,22,30.3
Kelly Olynyk,80,67,2016-04-09,24,BOS,A,ATL,-11,0,18:44,1,2,0.5,1,1,1,3,4,0.75,0,2,2,3,0,1,1,1,6,6.6,15,15
Kelly Olynyk,81,68,2016-04-11,24,BOS,H,CHO,-14,0,23:09,5,12,0.417,1,5,0.2,3,3,1,3,8,11,1,0,0,0,4,14,11.2,7,31.3
Kelly Olynyk,82,69,2016-04-13,24,BOS,H,MIA,10,0,18:24,4,9,0.444,0,2,0,3,3,1,0,1,1,3,3,0,0,1,11,11.3,14,22.8
James Young,6,1,2015-11-10,20,BOS,A,MIL,16,0,0:49,0,0,NA,0,0,NA,0,0,NA,0,0,0,0,0,0,0,0,0,0,-2,0
James Young,14,2,2015-11-24,20,BOS,A,ATL,-24,0,3:11,1,1,1,1,1,1,0,0,NA,0,0,0,0,1,0,0,0,3,3.7,0,5.5
James Young,17,3,2015-11-29,20,BOS,A,ORL,-19,0,2:22,0,1,0,0,1,0,1,2,0.5,0,0,0,0,0,0,0,0,1,-0.1,-4,1
James Young,19,4,2015-12-03,20,BOS,A,SAC,17,0,2:58,0,0,NA,0,0,NA,0,0,NA,0,0,0,0,0,0,0,1,0,-0.4,2,0
James Young,21,5,2015-12-07,20,BOS,A,NOP,18,0,20:21,2,5,0.4,0,3,0,0,2,0,0,3,3,2,1,0,0,1,4,3.4,1,12.8
James Young,22,6,2015-12-09,20,BOS,H,CHI,5,0,16:04,0,2,0,0,1,0,0,0,NA,0,1,1,0,0,0,0,0,0,-1.1,15,1.3
James Young,23,7,2015-12-11,20,BOS,H,GSW,-5,0,19:55,2,3,0.667,1,1,1,0,0,NA,1,3,4,2,0,0,1,0,5,5.7,3,13
James Young,24,8,2015-12-12,20,BOS,A,CHO,5,0,13:23,0,1,0,0,1,0,0,0,NA,0,2,2,0,1,1,0,0,0,1.6,-12,6.5
James Young,25,9,2015-12-15,20,BOS,H,CLE,-12,0,15:45,0,3,0,0,3,0,0,0,NA,1,4,5,3,0,0,0,1,0,1.5,-1,10.8
James Young,26,10,2015-12-16,20,BOS,A,DET,-3,0,8:00,0,0,NA,0,0,NA,0,0,NA,0,1,1,0,0,0,1,2,0,-1.5,-7,0.8
James Young,28,11,2015-12-21,20,BOS,H,MIN,14,0,6:58,1,1,1,1,1,1,0,0,NA,0,0,0,0,0,0,0,2,3,1.9,-2,3.5
James Young,32,12,2015-12-30,20,BOS,H,LAL,-8,0,7:50,2,4,0.5,1,2,0.5,0,0,NA,0,1,1,0,0,0,0,3,5,2.1,-11,6.8
James Young,33,13,2016-01-02,20,BOS,H,BRK,-3,0,8:11,0,0,NA,0,0,NA,0,0,NA,0,1,1,0,0,0,0,0,0,0.3,6,1.3
James Young,34,14,2016-01-04,20,BOS,A,BRK,9,0,13:49,0,3,0,0,3,0,0,0,NA,1,1,2,0,1,0,1,2,0,-1.9,1,4
James Young,35,15,2016-01-06,20,BOS,H,DET,-5,0,6:54,0,2,0,0,2,0,0,0,NA,0,0,0,0,0,0,0,0,0,-1.4,-7,0
James Young,36,16,2016-01-07,20,BOS,A,CHI,-9,0,4:09,0,1,0,0,1,0,0,0,NA,0,0,0,0,0,0,0,0,0,-0.7,-2,0
James Young,40,17,2016-01-15,20,BOS,H,PHO,14,0,1:11,0,0,NA,0,0,NA,0,0,NA,0,0,0,0,0,0,0,1,0,-0.4,-2,0
James Young,46,18,2016-01-25,20,BOS,A,WAS,25,0,2:47,2,2,1,1,1,1,0,0,NA,0,0,0,0,0,0,0,0,5,4.4,0,5.5
James Young,48,19,2016-01-29,20,BOS,H,ORL,19,0,6:07,0,2,0,0,0,NA,0,0,NA,0,2,2,0,1,0,0,0,0,0.2,-6,4.5
James Young,49,20,2016-01-31,20,BOS,A,ORL,-5,0,0:12,0,0,NA,0,0,NA,0,0,NA,0,0,0,0,0,0,0,0,0,0,0,0
James Young,56,21,2016-02-19,20,BOS,A,UTA,-18,0,2:43,0,0,NA,0,0,NA,0,0,NA,0,0,0,0,0,0,0,1,0,-0.4,0,0
James Young,57,22,2016-02-21,20,BOS,A,DEN,20,0,1:36,0,0,NA,0,0,NA,0,0,NA,0,1,1,0,0,0,0,0,0,0.3,0,1.3
James Young,64,23,2016-03-05,20,BOS,A,CLE,-17,0,1:26,0,0,NA,0,0,NA,0,0,NA,0,0,0,0,0,0,0,0,0,0,-2,0
James Young,65,24,2016-03-09,20,BOS,H,MEM,20,0,1:51,0,0,NA,0,0,NA,0,0,NA,0,1,1,0,0,0,0,0,0,0.3,0,1.3
James Young,68,25,2016-03-16,20,BOS,H,OKC,-21,0,22:26,0,3,0,0,3,0,0,0,NA,1,1,2,2,1,0,2,3,0,-1.9,-5,6.5
James Young,69,26,2016-03-18,20,BOS,A,TOR,-14,0,2:30,1,2,0.5,1,2,0.5,0,0,NA,0,0,0,0,0,0,0,0,3,2,5,3.5
James Young,74,27,2016-03-28,20,BOS,A,LAC,-24,0,2:39,0,0,NA,0,0,NA,0,0,NA,0,0,0,0,0,0,0,0,0,0,-5,0
James Young,80,28,2016-04-09,20,BOS,A,ATL,-11,0,0:51,0,0,NA,0,0,NA,0,0,NA,0,0,0,0,0,0,0,0,0,0,3,0
James Young,81,29,2016-04-11,20,BOS,H,CHO,-14,0,1:57,0,0,NA,0,0,NA,0,0,NA,0,0,0,0,0,0,0,0,0,0,5,0
Marcus Smart,1,1,2015-10-28,21,BOS,H,PHI,17,1,32:23,3,8,0.375,3,6,0.5,4,4,1,0,2,2,5,2,1,1,3,13,13.2,22,30
Marcus Smart,2,2,2015-10-30,21,BOS,H,TOR,-10,1,28:26,2,11,0.182,1,5,0.2,1,2,0.5,0,3,3,2,1,0,0,3,6,0.8,-6,15.3
Marcus Smart,3,3,2015-11-01,21,BOS,H,SAS,-8,1,38:30,7,12,0.583,1,5,0.2,2,4,0.5,1,1,2,3,4,1,1,3,17,16.2,-1,34
Marcus Smart,7,4,2015-11-11,21,BOS,H,IND,-11,0,21:28,1,6,0.167,0,4,0,6,8,0.75,1,0,1,2,1,0,1,4,8,3.9,-20,13.8
Marcus Smart,8,5,2015-11-13,21,BOS,H,ATL,13,1,29:32,2,10,0.2,1,5,0.2,0,0,NA,0,3,3,3,0,0,3,1,5,-1.6,0,12.3
Marcus Smart,9,6,2015-11-15,21,BOS,A,OKC,15,1,33:59,9,14,0.643,3,5,0.6,5,8,0.625,2,6,8,3,1,1,1,3,26,23.4,7,45.5
Marcus Smart,10,7,2015-11-16,21,BOS,A,HOU,16,1,30:16,1,11,0.091,0,6,0,2,4,0.5,1,8,9,6,5,0,5,3,4,2,30,31.8
Marcus Smart,11,8,2015-11-18,21,BOS,H,DAL,-4,1,25:57,1,7,0.143,0,2,0,0,0,NA,3,1,4,1,1,0,1,3,2,-0.6,-10,10
Marcus Smart,12,9,2015-11-20,21,BOS,H,BRK,25,1,21:04,2,5,0.4,1,4,0.25,2,2,1,0,2,2,4,1,0,2,5,7,4.7,3,17
Marcus Smart,31,10,2015-12-27,21,BOS,H,NYK,9,0,13:04,2,6,0.333,1,2,0.5,1,1,1,1,2,3,1,0,0,0,2,6,3.8,-5,11.8
Marcus Smart,32,11,2015-12-30,21,BOS,H,LAL,-8,0,10:54,2,6,0.333,0,2,0,0,0,NA,1,1,2,1,1,1,0,0,4,4,5,12
Marcus Smart,33,12,2016-01-02,21,BOS,H,BRK,-3,0,24:28,3,7,0.429,0,3,0,5,7,0.714,3,0,3,1,3,0,0,3,11,11.1,0,22.3
Marcus Smart,34,13,2016-01-04,21,BOS,A,BRK,9,0,23:46,3,7,0.429,0,1,0,1,2,0.5,4,0,4,3,1,0,0,3,7,7.6,4,18.5
Marcus Smart,35,14,2016-01-06,21,BOS,H,DET,-5,0,25:58,1,10,0.1,0,4,0,0,1,0,1,0,1,4,0,0,1,4,2,-4.1,-1,8.8
Marcus Smart,36,15,2016-01-07,21,BOS,A,CHI,-9,0,29:36,3,11,0.273,2,6,0.333,2,2,1,2,3,5,2,2,0,0,3,10,8,7,24.3
Marcus Smart,37,16,2016-01-10,21,BOS,A,MEM,-3,0,23:44,2,9,0.222,0,2,0,0,0,NA,4,2,6,3,5,0,2,4,4,5.4,-1,25
Marcus Smart,38,17,2016-01-12,21,BOS,A,NYK,-6,0,24:39,2,7,0.286,1,2,0.5,1,2,0.5,0,6,6,4,0,0,0,5,6,4.1,2,20
Marcus Smart,39,18,2016-01-13,21,BOS,H,IND,9,0,30:53,2,9,0.222,0,4,0,1,1,1,1,6,7,1,1,1,3,2,5,0.6,5,17.8
Marcus Smart,40,19,2016-01-15,21,BOS,H,PHO,14,0,32:31,4,12,0.333,1,5,0.2,1,2,0.5,3,8,11,11,2,2,3,2,10,14.6,9,51.8
Marcus Smart,41,20,2016-01-16,21,BOS,A,WAS,2,0,23:58,4,9,0.444,0,3,0,5,5,1,1,3,4,3,1,0,3,5,13,8,-10,23
Marcus Smart,42,21,2016-01-18,21,BOS,A,DAL,-5,0,38:36,8,13,0.615,2,4,0.5,2,4,0.5,1,7,8,3,2,0,1,4,20,17.6,-3,39
Marcus Smart,43,22,2016-01-20,21,BOS,A,TOR,-6,0,24:10,2,5,0.4,0,2,0,2,2,1,0,4,4,4,1,0,1,4,6,5.7,5,18.5
Marcus Smart,44,23,2016-01-22,21,BOS,H,CHI,9,0,28:36,3,12,0.25,0,5,0,2,2,1,4,1,5,2,1,1,1,0,8,6,1,20.8
Marcus Smart,45,24,2016-01-24,21,BOS,A,PHI,20,0,28:31,6,11,0.545,3,6,0.5,1,2,0.5,0,3,3,2,4,1,1,3,16,15.1,2,33.8
Marcus Smart,46,25,2016-01-25,21,BOS,A,WAS,25,0,32:08,5,11,0.455,2,5,0.4,1,2,0.5,1,5,6,5,2,0,1,4,13,12,20,32.5
Marcus Smart,47,26,2016-01-27,21,BOS,H,DEN,8,0,27:40,0,5,0,0,2,0,4,4,1,0,2,2,3,3,0,0,2,4,5.4,11,17
Marcus Smart,48,27,2016-01-29,21,BOS,H,ORL,19,0,28:24,5,9,0.556,3,5,0.6,3,5,0.6,1,1,2,4,3,1,2,3,16,15.2,24,33
Marcus Smart,49,28,2016-01-31,21,BOS,A,ORL,-5,0,28:15,8,16,0.5,5,9,0.556,5,5,1,2,3,5,0,2,0,0,1,26,21.9,-2,38.8
Marcus Smart,50,29,2016-02-02,21,BOS,A,NYK,8,0,29:06,1,5,0.2,0,3,0,2,2,1,0,1,1,2,2,0,0,3,4,3.4,4,12.3
Marcus Smart,51,30,2016-02-03,21,BOS,H,DET,7,0,28:26,4,10,0.4,4,7,0.571,0,0,NA,0,4,4,1,1,0,1,1,12,8.1,9,22
Marcus Smart,52,31,2016-02-05,21,BOS,A,CLE,1,0,21:14,3,7,0.429,1,3,0.333,1,1,1,0,1,1,3,2,0,1,2,8,6.9,4,17.8
Marcus Smart,53,32,2016-02-07,21,BOS,H,SAC,9,0,28:33,3,9,0.333,2,6,0.333,0,0,NA,0,5,5,4,0,0,2,3,8,4,1,20.3
Marcus Smart,54,33,2016-02-09,21,BOS,A,MIL,-1,0,20:48,3,8,0.375,1,5,0.2,5,6,0.833,1,3,4,2,2,0,2,2,12,9.4,-23,23.5
Marcus Smart,55,34,2016-02-10,21,BOS,H,LAC,5,0,32:28,4,8,0.5,3,5,0.6,6,7,0.857,1,3,4,4,1,1,3,6,17,13.3,-7,32
Marcus Smart,56,35,2016-02-19,21,BOS,A,UTA,-18,0,22:25,1,5,0.2,1,3,0.333,5,8,0.625,0,3,3,3,2,0,0,5,8,6.7,-4,20.8
Marcus Smart,57,36,2016-02-21,21,BOS,A,DEN,20,0,31:54,4,12,0.333,2,7,0.286,0,0,NA,2,0,2,2,4,0,2,5,10,6,19,23.5
Marcus Smart,58,37,2016-02-22,21,BOS,A,MIN,-2,0,29:19,6,15,0.4,0,4,0,5,5,1,3,1,4,7,4,0,2,5,17,16.2,11,39.5
Marcus Smart,59,38,2016-02-25,21,BOS,H,MIL,5,0,24:56,0,4,0,0,1,0,3,4,0.75,0,1,1,1,1,0,0,4,3,0.2,-4,7.8
Marcus Smart,60,39,2016-02-27,21,BOS,H,MIA,12,0,27:51,5,9,0.556,1,2,0.5,4,5,0.8,3,3,6,3,1,0,1,4,15,13.8,12,29
Marcus Smart,61,40,2016-02-29,21,BOS,H,UTA,5,0,24:49,1,6,0.167,1,3,0.333,2,3,0.667,0,5,5,4,0,1,0,4,5,4.2,2,19.8
Marcus Smart,62,41,2016-03-02,21,BOS,H,POR,23,0,30:58,5,12,0.417,1,6,0.167,4,5,0.8,3,8,11,3,2,0,1,0,15,15.8,10,38.8
Marcus Smart,63,42,2016-03-04,21,BOS,H,NYK,1,0,28:18,0,3,0,0,3,0,2,2,1,0,4,4,3,2,0,1,2,2,3.4,0,15
Marcus Smart,64,43,2016-03-05,21,BOS,A,CLE,-17,0,20:56,1,4,0.25,1,2,0.5,0,0,NA,1,2,3,0,0,0,2,5,3,-2.1,-14,6.3
Marcus Smart,65,44,2016-03-09,22,BOS,H,MEM,20,0,28:11,4,9,0.444,2,6,0.333,0,0,NA,2,3,5,3,1,0,2,5,10,6.7,17,22.8
Marcus Smart,66,45,2016-03-11,22,BOS,H,HOU,-4,0,28:56,2,8,0.25,0,4,0,3,4,0.75,1,3,4,0,1,0,1,2,7,2.6,3,13.5
Marcus Smart,67,46,2016-03-15,22,BOS,A,IND,-5,1,31:56,4,12,0.333,1,8,0.125,3,4,0.75,2,2,4,2,1,1,3,2,12,6.1,0,23
Marcus Smart,68,47,2016-03-16,22,BOS,H,OKC,-21,1,22:45,1,10,0.1,0,4,0,0,0,NA,3,4,7,1,1,0,1,3,2,-1.8,-15,13.8
Marcus Smart,69,48,2016-03-18,22,BOS,A,TOR,-14,0,21:50,3,9,0.333,1,2,0.5,0,0,NA,0,4,4,1,0,0,0,3,7,2.6,-12,14
Marcus Smart,70,49,2016-03-20,22,BOS,A,PHI,15,0,29:06,6,12,0.5,2,6,0.333,1,2,0.5,0,5,5,5,2,0,3,4,15,11,8,32.3
Marcus Smart,71,50,2016-03-21,22,BOS,H,ORL,11,0,27:15,1,11,0.091,0,5,0,1,1,1,0,3,3,1,1,0,1,2,3,-3.5,-6,9.8
Marcus Smart,72,51,2016-03-23,22,BOS,H,TOR,12,0,25:16,1,8,0.125,0,1,0,0,0,NA,1,1,2,1,0,0,0,4,2,-3.1,2,6
Marcus Smart,73,52,2016-03-26,22,BOS,A,PHO,3,0,32:37,2,7,0.286,0,5,0,5,6,0.833,4,4,8,4,1,1,2,4,9,9.4,7,28
Marcus Smart,74,53,2016-03-28,22,BOS,A,LAC,-24,0,24:09,6,12,0.5,0,4,0,1,1,1,2,3,5,4,1,0,3,2,13,9.3,-14,25.8
Marcus Smart,75,54,2016-03-31,22,BOS,A,POR,-7,0,26:26,2,6,0.333,0,1,0,2,2,1,0,5,5,4,1,1,2,4,6,5,-23,21.3
Marcus Smart,76,55,2016-04-01,22,BOS,A,GSW,3,0,27:44,3,7,0.429,1,3,0.333,0,0,NA,1,3,4,6,1,0,2,1,7,7.7,-5,22.5
Marcus Smart,77,56,2016-04-03,22,BOS,A,LAL,7,0,29:16,2,6,0.333,1,4,0.25,2,2,1,2,3,5,6,1,0,2,4,7,7.5,10,23.8
Marcus Smart,78,57,2016-04-06,22,BOS,H,NOP,7,0,32:54,5,9,0.556,1,5,0.2,0,0,NA,1,3,4,4,2,2,0,4,11,12.9,-6,30.5
Marcus Smart,79,58,2016-04-08,22,BOS,H,MIL,15,0,27:05,0,2,0,0,1,0,4,4,1,0,1,1,9,2,1,2,0,4,9.9,22,23.8
Marcus Smart,80,59,2016-04-09,22,BOS,A,ATL,-11,0,33:13,7,12,0.583,4,6,0.667,1,2,0.5,2,3,5,3,1,0,2,3,19,15.2,-7,32.8
Marcus Smart,81,60,2016-04-11,22,BOS,H,CHO,-14,0,31:21,1,8,0.125,0,2,0,8,9,0.889,3,0,3,3,0,0,1,3,10,6.4,-12,17.8
Marcus Smart,82,61,2016-04-13,22,BOS,H,MIA,10,0,23:21,0,5,0,0,0,NA,0,0,NA,0,2,2,0,0,0,1,0,0,-3.9,-2,2
Evan Turner,1,1,2015-10-28,27,BOS,H,PHI,17,0,22:01,2,5,0.4,0,1,0,2,2,1,1,3,4,2,0,0,3,0,6,3.3,23,12.5
Evan Turner,2,2,2015-10-30,27,BOS,H,TOR,-10,0,27:30,2,11,0.182,0,1,0,2,4,0.5,1,3,4,1,1,0,4,2,6,-3.2,-6,12.5
Evan Turner,3,3,2015-11-01,27,BOS,H,SAS,-8,0,15:49,1,4,0.25,0,1,0,0,0,NA,1,3,4,3,0,1,1,2,2,2.2,0,13
Evan Turner,4,4,2015-11-04,27,BOS,A,IND,-2,0,21:23,5,10,0.5,1,2,0.5,0,0,NA,0,4,4,4,0,1,1,1,11,9.3,-2,24
Evan Turner,5,5,2015-11-06,27,BOS,H,WAS,20,0,29:33,7,12,0.583,2,4,0.5,0,0,NA,0,6,6,2,3,0,2,3,16,13.4,26,32.5
Evan Turner,6,6,2015-11-10,27,BOS,A,MIL,16,0,28:38,6,12,0.5,1,4,0.25,0,0,NA,0,5,5,6,4,0,1,2,13,14.9,32,36.3
Evan Turner,7,7,2015-11-11,27,BOS,H,IND,-11,1,32:55,9,13,0.692,0,0,NA,2,2,1,0,3,3,3,1,2,2,2,20,17.1,-10,33.3
Evan Turner,8,8,2015-11-13,27,BOS,H,ATL,13,0,24:13,2,11,0.182,0,3,0,1,1,1,2,3,5,4,0,0,1,3,5,1,8,16.8
Evan Turner,9,9,2015-11-15,27,BOS,A,OKC,15,0,24:01,1,5,0.2,0,0,NA,0,0,NA,0,3,3,3,2,0,2,1,2,1.5,12,13.3
Evan Turner,10,10,2015-11-16,27,BOS,A,HOU,16,0,18:04,2,5,0.4,0,2,0,3,3,1,0,5,5,2,0,0,2,3,7,4,11,15.3
Evan Turner,11,11,2015-11-18,27,BOS,H,DAL,-4,0,23:53,3,5,0.6,0,0,NA,0,0,NA,1,2,3,3,1,0,3,0,6,5.1,-17,14.8
Evan Turner,12,12,2015-11-20,27,BOS,H,BRK,25,0,25:37,5,7,0.714,0,1,0,2,2,1,1,4,5,7,0,1,2,0,12,14.6,1,29.8
Evan Turner,13,13,2015-11-22,27,BOS,A,BRK,-10,0,32:18,6,10,0.6,0,3,0,1,2,0.5,1,6,7,3,2,0,2,3,13,11.4,1,29.3
Evan Turner,14,14,2015-11-24,27,BOS,A,ATL,-24,0,25:54,2,8,0.25,0,0,NA,4,5,0.8,1,3,4,7,0,0,2,1,8,6.9,-10,22.5
Evan Turner,15,15,2015-11-25,27,BOS,H,PHI,4,0,35:59,6,18,0.333,0,3,0,4,4,1,0,9,9,3,0,1,3,0,16,8.3,1,32.3
Evan Turner,16,16,2015-11-27,27,BOS,H,WAS,33,0,21:28,2,7,0.286,0,3,0,0,0,NA,0,2,2,3,1,2,2,2,4,2.2,11,16
Evan Turner,17,17,2015-11-29,27,BOS,A,ORL,-19,0,20:57,1,7,0.143,0,1,0,0,0,NA,1,3,4,6,1,0,0,1,2,3.9,-5,18
Evan Turner,18,18,2015-11-30,27,BOS,A,MIA,10,0,32:03,5,11,0.455,0,1,0,3,4,0.75,1,5,6,3,3,0,1,1,13,12.8,16,30.5
Evan Turner,19,19,2015-12-03,27,BOS,A,SAC,17,0,26:57,2,6,0.333,0,0,NA,2,3,0.667,0,1,1,4,1,0,2,1,6,3.9,-1,14.3
Evan Turner,20,20,2015-12-05,27,BOS,A,SAS,-3,0,30:08,7,17,0.412,1,2,0.5,1,2,0.5,1,3,4,1,2,0,1,2,16,9,-9,26.5
Evan Turner,21,21,2015-12-07,27,BOS,A,NOP,18,0,22:58,2,8,0.25,0,1,0,4,4,1,1,3,4,4,2,0,3,0,8,6.6,-3,21.5
Evan Turner,22,22,2015-12-09,27,BOS,H,CHI,5,0,28:43,3,8,0.375,0,1,0,7,8,0.875,1,2,3,7,2,0,2,1,13,14,15,30.3
Evan Turner,23,23,2015-12-11,27,BOS,H,GSW,-5,0,36:25,6,12,0.5,0,1,0,1,1,1,3,6,9,6,2,2,3,2,13,14.7,-3,39.8
Evan Turner,24,24,2015-12-12,27,BOS,A,CHO,5,0,28:15,5,10,0.5,0,1,0,0,1,0,0,2,2,3,1,0,0,2,10,7.5,-15,19
Evan Turner,25,25,2015-12-15,27,BOS,H,CLE,-12,0,27:21,3,8,0.375,0,1,0,0,0,NA,1,7,8,4,0,1,2,0,6,5.9,-5,23
Evan Turner,26,26,2015-12-16,27,BOS,A,DET,-3,0,27:29,4,9,0.444,0,0,NA,1,1,1,1,8,9,3,0,0,2,4,9,5.9,-10,23.8
Evan Turner,27,27,2015-12-18,27,BOS,H,ATL,-8,0,27:34,3,8,0.375,1,2,0.5,1,2,0.5,0,2,2,5,1,0,4,2,8,3.5,-12,18.5
Evan Turner,28,28,2015-12-21,27,BOS,H,MIN,14,0,23:10,2,4,0.5,0,1,0,0,0,NA,0,1,1,10,0,0,3,3,4,5.1,6,18.8
Evan Turner,29,29,2015-12-23,27,BOS,A,CHO,13,0,21:52,0,3,0,0,2,0,0,0,NA,0,3,3,5,1,0,2,1,0,0.9,-1,12.3
Evan Turner,30,30,2015-12-26,27,BOS,A,DET,6,0,23:23,5,11,0.455,0,0,NA,3,4,0.75,0,5,5,3,0,1,5,1,13,5.8,-6,23.3
Evan Turner,31,31,2015-12-27,27,BOS,H,NYK,9,0,30:29,8,11,0.727,1,1,1,2,2,1,0,5,5,2,0,0,2,1,19,15,10,27.8
Evan Turner,32,32,2015-12-30,27,BOS,H,LAL,-8,0,26:34,8,15,0.533,0,0,NA,4,5,0.8,1,3,4,8,0,0,1,3,20,17.3,-6,36.5
Evan Turner,33,33,2016-01-02,27,BOS,H,BRK,-3,0,37:16,4,11,0.364,0,3,0,4,4,1,1,6,7,3,0,0,1,2,12,8.7,2,24.8
Evan Turner,34,34,2016-01-04,27,BOS,A,BRK,9,1,36:44,6,12,0.5,0,0,NA,0,0,NA,1,10,11,3,0,1,4,2,12,7.7,3,31.8
Evan Turner,35,35,2016-01-06,27,BOS,H,DET,-5,1,35:31,6,13,0.462,1,2,0.5,4,4,1,0,6,6,0,0,0,1,3,17,9.9,-10,24.5
Evan Turner,36,36,2016-01-07,27,BOS,A,CHI,-9,1,37:14,4,12,0.333,0,2,0,2,2,1,1,4,5,6,4,0,3,3,10,9.1,-11,31.8
Evan Turner,37,37,2016-01-10,27,BOS,A,MEM,-3,0,20:59,0,2,0,0,1,0,0,0,NA,0,2,2,3,0,0,3,2,0,-2.5,-3,5.5
Evan Turner,38,38,2016-01-12,27,BOS,A,NYK,-6,0,28:01,3,10,0.3,1,5,0.2,0,0,NA,0,2,2,4,1,0,1,2,7,3.8,-2,17.5
Evan Turner,39,39,2016-01-13,27,BOS,H,IND,9,0,20:04,0,5,0,0,2,0,0,0,NA,0,4,4,4,0,0,0,1,0,0.1,-12,11
Evan Turner,40,40,2016-01-15,27,BOS,H,PHO,14,0,25:03,1,1,1,0,0,NA,0,0,NA,0,1,1,0,1,0,1,2,2,1.2,-6,4.8
Evan Turner,41,41,2016-01-16,27,BOS,A,WAS,2,0,28:30,2,5,0.4,0,0,NA,2,2,1,2,3,5,5,0,0,3,1,6,5.7,12,18.3
Evan Turner,42,42,2016-01-18,27,BOS,A,DAL,-5,0,25:32,2,4,0.5,0,1,0,0,0,NA,1,2,3,8,1,0,3,1,4,6.5,-1,20.3
Evan Turner,43,43,2016-01-20,27,BOS,A,TOR,-6,0,22:38,4,6,0.667,0,0,NA,3,4,0.75,0,5,5,5,0,0,2,2,11,10.2,3,23.8
Evan Turner,44,44,2016-01-22,27,BOS,H,CHI,9,0,19:34,4,7,0.571,0,2,0,2,2,1,2,3,5,5,1,0,5,1,10,8.1,-8,23.3
Evan Turner,45,45,2016-01-24,27,BOS,A,PHI,20,0,26:13,4,9,0.444,0,0,NA,3,4,0.75,0,4,4,5,1,0,3,1,11,8.2,2,24
Evan Turner,46,46,2016-01-25,27,BOS,A,WAS,25,0,29:21,7,11,0.636,0,0,NA,4,5,0.8,0,5,5,3,1,0,1,0,18,16.3,20,30.3
Evan Turner,47,47,2016-01-27,27,BOS,H,DEN,8,0,29:58,7,11,0.636,0,0,NA,0,0,NA,1,3,4,6,2,0,3,2,14,13.1,6,30.5
Evan Turner,48,48,2016-01-29,27,BOS,H,ORL,19,0,24:52,5,7,0.714,0,0,NA,5,5,1,0,2,2,8,2,0,3,1,15,16.9,25,32
Evan Turner,49,49,2016-01-31,27,BOS,A,ORL,-5,0,27:17,4,7,0.571,0,0,NA,0,0,NA,0,2,2,5,0,1,2,3,8,6.3,1,19
Evan Turner,50,50,2016-02-02,27,BOS,A,NYK,8,0,28:58,6,13,0.462,0,0,NA,2,2,1,2,8,10,4,3,0,2,1,14,14.5,8,39
Evan Turner,51,51,2016-02-03,27,BOS,H,DET,7,0,26:29,4,8,0.5,0,0,NA,6,6,1,0,6,6,5,0,2,2,3,14,13.5,-3,32
Evan Turner,52,52,2016-02-05,27,BOS,A,CLE,1,0,32:11,8,16,0.5,0,1,0,3,4,0.75,0,12,12,6,0,1,1,2,19,17.3,11,46
Evan Turner,53,53,2016-02-07,27,BOS,H,SAC,9,0,26:53,4,8,0.5,0,0,NA,3,3,1,0,4,4,9,0,1,4,2,11,10.4,-4,29.5
Evan Turner,54,54,2016-02-09,27,BOS,A,MIL,-1,0,29:50,2,8,0.25,0,0,NA,2,2,1,3,3,6,10,0,1,4,1,6,7.5,-13,28.5
Evan Turner,55,55,2016-02-10,27,BOS,H,LAC,5,0,30:39,6,14,0.429,0,0,NA,2,4,0.5,1,5,6,6,0,0,0,2,14,11.4,0,30.5
Evan Turner,56,56,2016-02-19,27,BOS,A,UTA,-18,0,25:24,3,6,0.5,1,1,1,3,6,0.5,0,1,1,1,0,0,0,4,10,5.2,-4,13.3
Evan Turner,57,57,2016-02-21,27,BOS,A,DEN,20,0,27:25,6,8,0.75,1,2,0.5,4,4,1,1,8,9,5,1,0,4,4,17,15.8,15,36.3
Evan Turner,58,58,2016-02-22,27,BOS,A,MIN,-2,0,26:21,4,8,0.5,0,0,NA,1,2,0.5,0,9,9,4,2,0,2,1,9,9.7,-3,29.3
Evan Turner,59,59,2016-02-25,27,BOS,H,MIL,5,0,30:48,2,9,0.222,0,1,0,4,4,1,0,4,4,4,3,0,2,3,8,6.3,-2,24
Evan Turner,60,60,2016-02-27,27,BOS,H,MIA,12,0,28:11,6,12,0.5,0,0,NA,2,3,0.667,2,4,6,9,1,0,0,0,14,17.5,7,37
Evan Turner,61,61,2016-02-29,27,BOS,H,UTA,5,0,28:16,4,6,0.667,0,0,NA,0,0,NA,1,5,6,4,2,1,2,0,8,11.1,8,26.5
Evan Turner,62,62,2016-03-02,27,BOS,H,POR,23,0,25:40,1,8,0.125,0,0,NA,0,0,NA,0,4,4,5,2,1,1,0,2,3.2,9,20
Evan Turner,63,63,2016-03-04,27,BOS,H,NYK,1,0,32:18,10,19,0.526,0,0,NA,1,2,0.5,1,7,8,3,1,0,3,0,21,14.2,0,36
Evan Turner,64,64,2016-03-05,27,BOS,A,CLE,-17,0,26:50,5,9,0.556,0,0,NA,1,2,0.5,0,4,4,3,0,0,2,1,11,7.2,-17,19.5
Evan Turner,65,65,2016-03-09,27,BOS,H,MEM,20,0,29:59,6,10,0.6,1,1,1,3,4,0.75,1,3,4,8,1,0,3,2,16,15.4,14,34
Evan Turner,66,66,2016-03-11,27,BOS,H,HOU,-4,0,30:06,1,6,0.167,0,1,0,3,4,0.75,0,7,7,9,5,0,2,1,5,11.8,-3,36.3
Evan Turner,67,67,2016-03-15,27,BOS,A,IND,-5,0,26:59,2,7,0.286,0,0,NA,2,2,1,2,3,5,5,0,0,1,3,6,5.5,-8,19.3
Evan Turner,68,68,2016-03-16,27,BOS,H,OKC,-21,0,20:52,2,6,0.333,0,1,0,0,0,NA,0,1,1,1,0,0,0,3,4,0.4,-21,6.8
Evan Turner,69,69,2016-03-18,27,BOS,A,TOR,-14,1,30:47,4,9,0.444,0,1,0,4,4,1,0,5,5,2,2,0,2,2,12,9.4,-12,24.3
Evan Turner,70,70,2016-03-20,27,BOS,A,PHI,15,1,34:56,8,15,0.533,1,1,1,0,0,NA,0,9,9,6,0,0,1,1,17,15.2,21,37.3
Evan Turner,71,71,2016-03-21,27,BOS,H,ORL,11,1,32:00,7,11,0.636,2,2,1,0,0,NA,0,5,5,4,0,1,2,2,16,13.3,20,30.3
Evan Turner,72,72,2016-03-23,27,BOS,H,TOR,12,1,33:28,7,13,0.538,1,2,0.5,2,2,1,1,3,4,7,2,2,1,0,17,19.6,11,40.5
Evan Turner,73,73,2016-03-26,27,BOS,A,PHO,3,1,35:16,6,14,0.429,0,1,0,5,6,0.833,2,9,11,3,0,1,3,3,17,11.9,1,37.3
Evan Turner,74,74,2016-03-28,27,BOS,A,LAC,-24,1,32:18,2,8,0.25,0,1,0,0,0,NA,0,4,4,1,1,0,0,0,4,2.1,-15,12.5
Evan Turner,75,75,2016-03-31,27,BOS,A,POR,-7,0,29:53,4,8,0.5,0,0,NA,6,6,1,0,1,1,4,4,2,2,4,14,14.9,-8,32.3
Evan Turner,76,76,2016-04-01,27,BOS,A,GSW,3,1,37:14,8,13,0.615,1,1,1,4,4,1,1,4,5,5,3,0,5,3,21,17.3,9,38.8
Evan Turner,77,77,2016-04-03,27,BOS,A,LAL,7,1,35:41,7,12,0.583,1,1,1,2,4,0.5,0,4,4,4,0,0,2,2,17,11.8,-1,27.5
Evan Turner,79,78,2016-04-08,27,BOS,H,MIL,15,0,31:32,2,6,0.333,0,0,NA,0,0,NA,0,4,4,9,1,1,3,2,4,6,26,25
Evan Turner,80,79,2016-04-09,27,BOS,A,ATL,-11,0,25:47,5,10,0.5,1,3,0.333,0,0,NA,0,7,7,5,0,0,3,2,11,7.8,-12,26.3
Evan Turner,81,80,2016-04-11,27,BOS,H,CHO,-14,0,30:13,6,16,0.375,1,1,1,2,2,1,3,4,7,1,0,0,4,3,15,5,-9,23.8
Evan Turner,82,81,2016-04-13,27,BOS,H,MIA,10,0,29:03,7,13,0.538,0,0,NA,2,3,0.667,0,3,3,4,1,0,1,3,16,11.8,3,27.3
David Lee,1,1,2015-10-28,32,BOS,H,PHI,17,1,21:57,2,8,0.25,0,0,NA,4,4,1,1,4,5,5,0,1,2,3,8,6.1,-4,22.8
David Lee,2,2,2015-10-30,32,BOS,H,TOR,-10,1,17:02,2,5,0.4,0,0,NA,2,2,1,2,4,6,2,1,0,1,2,6,6.5,-9,18
David Lee,3,3,2015-11-01,32,BOS,H,SAS,-8,1,20:35,1,7,0.143,0,0,NA,0,0,NA,3,5,8,1,0,0,2,1,2,-0.6,0,12.5
David Lee,4,4,2015-11-04,32,BOS,A,IND,-2,0,18:12,4,6,0.667,0,0,NA,2,3,0.667,2,4,6,1,0,0,1,2,10,8.5,5,18.5
David Lee,5,5,2015-11-06,32,BOS,H,WAS,20,0,12:39,1,4,0.25,0,0,NA,0,0,NA,0,3,3,0,1,0,1,3,2,-0.7,5,7.3
David Lee,6,6,2015-11-10,32,BOS,A,MIL,16,0,21:01,5,7,0.714,0,0,NA,3,4,0.75,4,1,5,3,0,2,1,2,13,14.5,2,27.3
David Lee,7,7,2015-11-11,32,BOS,H,IND,-11,0,15:48,4,5,0.8,0,0,NA,5,7,0.714,2,4,6,0,0,0,1,2,13,11.1,-3,20
David Lee,8,8,2015-11-13,32,BOS,H,ATL,13,0,11:39,2,4,0.5,0,0,NA,0,0,NA,0,1,1,1,0,0,0,0,4,3,-4,6.8
David Lee,9,9,2015-11-15,32,BOS,A,OKC,15,0,13:58,1,2,0.5,0,0,NA,2,2,1,0,2,2,2,1,0,3,3,4,1.8,8,10
David Lee,10,10,2015-11-16,32,BOS,A,HOU,16,0,5:05,0,1,0,0,0,NA,0,0,NA,2,1,3,0,0,0,0,2,0,0.2,-6,3.8
David Lee,11,11,2015-11-18,32,BOS,H,DAL,-4,0,15:04,4,7,0.571,0,0,NA,6,6,1,0,1,1,1,0,0,1,2,14,9.9,-1,16.3
David Lee,12,12,2015-11-20,32,BOS,H,BRK,25,0,16:57,5,5,1,0,0,NA,1,2,0.5,0,3,3,3,1,1,3,3,11,9.6,6,21.8
David Lee,13,13,2015-11-22,32,BOS,A,BRK,-10,0,7:02,0,3,0,0,0,NA,0,0,NA,1,1,2,0,0,0,0,1,0,-1.5,-10,2.5
David Lee,14,14,2015-11-24,32,BOS,A,ATL,-24,0,25:04,5,9,0.556,0,0,NA,0,0,NA,0,6,6,3,2,0,3,4,10,7,4,24.5
David Lee,15,15,2015-11-25,32,BOS,H,PHI,4,0,4:37,0,1,0,0,0,NA,0,2,0,0,1,1,0,1,0,0,0,0,-0.2,-4,3.3
David Lee,16,16,2015-11-27,32,BOS,H,WAS,33,0,16:40,5,7,0.714,0,0,NA,2,2,1,4,2,6,4,0,0,3,1,12,11.9,7,24
David Lee,17,17,2015-11-29,32,BOS,A,ORL,-19,0,21:18,5,6,0.833,0,0,NA,1,3,0.333,1,3,4,3,0,0,0,0,11,11.7,-15,20.5
David Lee,18,18,2015-11-30,32,BOS,A,MIA,10,0,13:47,2,4,0.5,0,0,NA,0,0,NA,3,2,5,0,0,0,2,3,4,1.5,-11,9.3
David Lee,19,19,2015-12-03,32,BOS,A,SAC,17,0,14:33,1,5,0.2,0,0,NA,0,0,NA,1,2,3,4,1,1,2,4,2,1.1,8,14.8
David Lee,22,20,2015-12-09,32,BOS,H,CHI,5,0,18:26,5,11,0.455,0,0,NA,2,2,1,2,4,6,2,1,0,1,2,12,9.5,6,24
David Lee,23,21,2015-12-11,32,BOS,H,GSW,-5,0,15:42,5,8,0.625,0,0,NA,0,0,NA,0,4,4,4,0,0,2,3,10,7.2,3,20
David Lee,24,22,2015-12-12,32,BOS,A,CHO,5,0,17:53,4,12,0.333,0,0,NA,2,2,1,1,4,5,3,1,1,0,1,10,8.5,-19,24.8
David Lee,25,23,2015-12-15,32,BOS,H,CLE,-12,0,18:18,4,8,0.5,0,0,NA,0,0,NA,2,2,4,3,0,0,2,0,8,6.1,3,16.5
David Lee,26,24,2015-12-16,32,BOS,A,DET,-3,0,7:41,2,6,0.333,0,0,NA,2,2,1,0,1,1,0,0,0,1,1,6,1.5,-5,6.8
David Lee,27,25,2015-12-18,32,BOS,H,ATL,-8,0,18:04,3,11,0.273,0,0,NA,0,0,NA,1,6,7,1,0,2,2,0,6,2.1,1,19.3
David Lee,28,26,2015-12-21,32,BOS,H,MIN,14,1,22:26,5,11,0.455,0,0,NA,3,4,0.75,5,3,8,3,0,1,3,3,13,9.9,7,28
David Lee,29,27,2015-12-23,32,BOS,A,CHO,13,0,17:58,4,7,0.571,0,0,NA,2,2,1,2,5,7,3,0,2,0,2,10,12.3,-2,27.3
David Lee,32,28,2015-12-30,32,BOS,H,LAL,-8,0,15:19,3,5,0.6,0,1,0,0,0,NA,0,6,6,0,0,2,1,0,6,5.9,2,17
David Lee,33,29,2016-01-02,32,BOS,H,BRK,-3,0,9:38,1,5,0.2,0,0,NA,1,2,0.5,0,1,1,1,0,0,0,1,3,0.1,0,5.8
David Lee,37,30,2016-01-10,32,BOS,A,MEM,-3,0,15:36,2,12,0.167,0,0,NA,0,0,NA,2,3,5,1,2,0,0,0,4,1.4,-12,15.8
Jae Crowder,1,1,2015-10-28,25,BOS,H,PHI,17,1,31:12,4,7,0.571,2,4,0.5,4,4,1,2,4,6,3,2,0,3,3,14,13.2,-4,29.5
Jae Crowder,2,2,2015-10-30,25,BOS,H,TOR,-10,1,33:55,1,6,0.167,0,2,0,5,6,0.833,1,3,4,4,3,1,2,3,7,7.7,-7,25
Jae Crowder,3,3,2015-11-01,25,BOS,H,SAS,-8,1,22:59,3,9,0.333,1,5,0.2,0,0,NA,1,3,4,1,3,1,4,4,7,2.3,-10,20
Jae Crowder,4,4,2015-11-04,25,BOS,A,IND,-2,1,32:55,3,5,0.6,1,2,0.5,5,8,0.625,0,6,6,1,2,0,2,1,12,10.6,-7,24.5
Jae Crowder,5,5,2015-11-06,25,BOS,H,WAS,20,1,28:14,4,12,0.333,0,3,0,4,5,0.8,3,7,10,2,5,1,1,0,12,15.1,9,40.5
Jae Crowder,6,6,2015-11-10,25,BOS,A,MIL,16,1,36:53,3,12,0.25,2,7,0.286,4,5,0.8,0,2,2,2,4,0,1,3,12,8.2,13,26
Jae Crowder,7,7,2015-11-11,25,BOS,H,IND,-11,1,26:18,1,5,0.2,1,3,0.333,2,2,1,0,5,5,2,5,0,4,5,5,3.8,6,22.8
Jae Crowder,8,8,2015-11-13,25,BOS,H,ATL,13,1,38:21,6,15,0.4,1,5,0.2,2,2,1,6,2,8,1,4,1,0,2,15,16.3,19,37
Jae Crowder,9,9,2015-11-15,25,BOS,A,OKC,15,1,24:50,4,9,0.444,1,3,0.333,1,1,1,1,2,3,0,0,1,2,1,10,4.9,-2,15.3
Jae Crowder,10,10,2015-11-16,25,BOS,A,HOU,16,1,28:06,7,10,0.7,1,3,0.333,1,1,1,1,2,3,0,2,0,1,2,16,13.3,24,23.8
Jae Crowder,11,11,2015-11-18,25,BOS,H,DAL,-4,1,34:32,4,9,0.444,2,3,0.667,4,4,1,1,5,6,3,1,0,2,1,14,12.2,-1,28
Jae Crowder,12,12,2015-11-20,25,BOS,H,BRK,25,1,28:14,8,12,0.667,3,6,0.5,0,0,NA,2,3,5,2,3,0,1,1,19,19.1,19,35.3
Jae Crowder,13,13,2015-11-22,25,BOS,A,BRK,-10,1,25:43,2,4,0.5,1,3,0.333,0,0,NA,0,2,2,2,0,0,2,4,5,1.4,-15,10
Jae Crowder,14,14,2015-11-24,25,BOS,A,ATL,-24,1,25:45,3,11,0.273,0,3,0,0,0,NA,1,2,3,2,0,0,0,2,6,1.4,-20,12.8
Jae Crowder,15,15,2015-11-25,25,BOS,H,PHI,4,1,27:27,3,11,0.273,2,5,0.4,0,2,0,3,5,8,2,2,1,2,0,8,6.4,0,27
Jae Crowder,16,16,2015-11-27,25,BOS,H,WAS,33,1,29:40,4,8,0.5,3,5,0.6,6,6,1,1,4,5,3,0,0,1,0,17,16,31,28.8
Jae Crowder,17,17,2015-11-29,25,BOS,A,ORL,-19,1,32:57,5,11,0.455,0,5,0,2,3,0.667,0,1,1,3,1,1,0,0,12,10,-5,21.8
Jae Crowder,18,18,2015-11-30,25,BOS,A,MIA,10,1,31:44,4,8,0.5,1,2,0.5,4,4,1,2,3,5,1,4,0,2,5,13,12,23,28.3
Jae Crowder,19,19,2015-12-03,25,BOS,A,SAC,17,1,30:33,5,12,0.417,4,9,0.444,6,6,1,0,3,3,6,2,0,2,1,20,18.3,7,37.8
Jae Crowder,20,20,2015-12-05,25,BOS,A,SAS,-3,1,35:04,5,5,1,3,3,1,2,2,1,0,3,3,3,1,0,3,4,15,12.9,-1,25.3
Jae Crowder,21,21,2015-12-07,25,BOS,A,NOP,18,1,34:52,5,10,0.5,2,6,0.333,5,5,1,0,1,1,1,0,3,2,1,17,12.7,21,25.8
Jae Crowder,22,22,2015-12-09,25,BOS,H,CHI,5,1,32:32,5,10,0.5,1,3,0.333,2,2,1,0,3,3,0,3,0,1,5,13,8.9,-2,22.8
Jae Crowder,23,23,2015-12-11,25,BOS,H,GSW,-5,1,47:47,5,14,0.357,3,6,0.5,2,4,0.5,1,4,5,3,1,2,2,3,15,9.6,-6,32.3
Jae Crowder,24,24,2015-12-12,25,BOS,A,CHO,5,1,31:44,5,15,0.333,3,10,0.3,3,3,1,0,7,7,1,0,0,0,1,16,9.9,20,27.8
Jae Crowder,25,25,2015-12-15,25,BOS,H,CLE,-12,1,27:35,5,13,0.385,4,9,0.444,0,0,NA,0,3,3,0,1,2,1,3,14,8,-10,25.3
Jae Crowder,26,26,2015-12-16,25,BOS,A,DET,-3,1,31:30,3,9,0.333,1,3,0.333,2,2,1,1,6,7,1,2,0,0,6,9,6.7,-6,23.8
Jae Crowder,27,27,2015-12-18,25,BOS,H,ATL,-8,1,36:50,8,13,0.615,3,7,0.429,5,5,1,1,9,10,0,0,0,3,6,24,16.1,-7,38
Jae Crowder,28,28,2015-12-21,25,BOS,H,MIN,14,1,30:14,8,13,0.615,2,4,0.5,0,3,0,0,10,10,2,0,2,1,1,18,15.3,18,39.5
Jae Crowder,29,29,2015-12-23,25,BOS,A,CHO,13,1,37:16,8,16,0.5,0,5,0,3,4,0.75,1,11,12,0,0,1,0,3,19,14.1,13,37.5
Jae Crowder,30,30,2015-12-26,25,BOS,A,DET,6,1,35:43,5,11,0.455,0,4,0,1,2,0.5,2,5,7,2,1,0,2,3,11,7,11,23.8
Jae Crowder,31,31,2015-12-27,25,BOS,H,NYK,9,1,34:20,6,11,0.545,3,5,0.6,3,5,0.6,1,5,6,2,1,0,1,2,18,14.7,12,31.5
Jae Crowder,32,32,2015-12-30,25,BOS,H,LAL,-8,1,36:21,4,14,0.286,2,9,0.222,7,7,1,2,3,5,1,3,0,1,2,17,13,-3,31.3
Jae Crowder,33,33,2016-01-02,25,BOS,H,BRK,-3,1,30:46,5,13,0.385,2,6,0.333,4,5,0.8,2,5,7,3,2,0,2,5,16,11.5,-10,33.3
Jae Crowder,34,34,2016-01-04,25,BOS,A,BRK,9,1,34:48,8,13,0.615,2,4,0.5,7,8,0.875,1,5,6,1,3,1,0,2,25,24.5,8,43
Jae Crowder,35,35,2016-01-06,25,BOS,H,DET,-5,1,36:08,5,10,0.5,2,6,0.333,4,4,1,1,3,4,0,2,0,2,5,16,10.6,1,25
Jae Crowder,36,36,2016-01-07,25,BOS,A,CHI,-9,1,39:06,6,17,0.353,1,4,0.25,4,7,0.571,3,1,4,4,3,1,0,3,17,14,-7,36.5
Jae Crowder,37,37,2016-01-10,25,BOS,A,MEM,-3,1,30:25,4,11,0.364,2,6,0.333,0,0,NA,0,2,2,2,4,0,2,4,10,6.3,6,23.5
Jae Crowder,38,38,2016-01-12,25,BOS,A,NYK,-6,1,33:32,6,10,0.6,3,6,0.5,6,7,0.857,0,8,8,1,0,1,1,1,21,18.4,-8,35.5
Jae Crowder,39,39,2016-01-13,25,BOS,H,IND,9,1,36:02,11,15,0.733,3,6,0.5,0,0,NA,0,2,2,0,2,0,3,4,25,16.9,14,31.5
Jae Crowder,40,40,2016-01-15,25,BOS,H,PHO,14,1,29:09,5,13,0.385,2,5,0.4,5,6,0.833,2,4,6,5,3,2,2,2,17,17.2,23,42
Jae Crowder,41,41,2016-01-16,25,BOS,A,WAS,2,1,33:33,9,18,0.5,2,5,0.4,2,3,0.667,2,6,8,6,0,0,0,1,22,19.6,0,42
Jae Crowder,42,42,2016-01-18,25,BOS,A,DAL,-5,1,38:17,3,13,0.231,0,3,0,6,7,0.857,1,6,7,1,1,0,0,4,12,6.3,-10,24.3
Jae Crowder,43,43,2016-01-20,25,BOS,A,TOR,-6,1,31:56,7,11,0.636,3,5,0.6,0,0,NA,1,4,5,4,2,0,1,2,17,17,-14,34.3
Jae Crowder,44,44,2016-01-22,25,BOS,H,CHI,9,1,33:33,3,10,0.3,1,2,0.5,0,0,NA,1,1,2,1,3,2,0,4,7,5.7,-8,21.5
Jae Crowder,45,45,2016-01-24,25,BOS,A,PHI,20,1,32:23,7,12,0.583,4,6,0.667,2,2,1,0,2,2,1,2,0,0,1,20,17.3,27,30
Jae Crowder,46,46,2016-01-25,25,BOS,A,WAS,25,1,28:27,5,12,0.417,1,5,0.2,0,0,NA,1,4,5,1,0,0,1,2,11,5.4,13,18.8
Jae Crowder,47,47,2016-01-27,25,BOS,H,DEN,8,1,31:35,4,13,0.308,1,6,0.167,4,4,1,0,4,4,3,2,2,0,2,13,11.4,9,31
Jae Crowder,48,48,2016-01-29,25,BOS,H,ORL,19,1,27:24,6,11,0.545,3,6,0.5,0,0,NA,0,4,4,2,1,1,0,2,15,13.2,2,28.5
Jae Crowder,49,49,2016-01-31,25,BOS,A,ORL,-5,1,25:24,2,8,0.25,1,6,0.167,0,0,NA,0,3,3,1,1,0,0,0,5,2.8,-14,12.8
Jae Crowder,50,50,2016-02-02,25,BOS,A,NYK,8,1,28:02,6,10,0.6,1,4,0.25,3,4,0.75,0,5,5,0,1,0,0,4,16,11.9,1,24.8
Jae Crowder,51,51,2016-02-03,25,BOS,H,DET,7,1,31:11,5,12,0.417,0,3,0,2,3,0.667,0,6,6,0,4,0,0,5,12,9,0,27.5
Jae Crowder,52,52,2016-02-05,25,BOS,A,CLE,1,1,32:12,1,9,0.111,1,5,0.2,0,0,NA,2,5,7,2,0,0,0,5,3,-0.6,-2,15.3
Jae Crowder,53,53,2016-02-07,25,BOS,H,SAC,9,1,31:16,3,7,0.429,0,2,0,0,0,NA,0,4,4,3,2,0,3,1,6,4.2,11,18
Jae Crowder,54,54,2016-02-09,25,BOS,A,MIL,-1,1,31:34,7,12,0.583,3,6,0.5,1,1,1,0,5,5,2,2,0,0,1,18,16.9,15,32.8
Jae Crowder,55,55,2016-02-10,25,BOS,H,LAC,5,1,37:53,5,11,0.455,3,8,0.375,6,7,0.857,1,7,8,3,1,1,0,6,19,17.1,-7,39
Jae Crowder,56,56,2016-02-19,25,BOS,A,UTA,-18,1,35:00,6,11,0.545,1,3,0.333,4,4,1,0,4,4,2,0,0,0,6,17,11.9,-15,25.5
Jae Crowder,57,57,2016-02-21,25,BOS,A,DEN,20,1,30:32,4,10,0.4,1,4,0.25,4,5,0.8,0,4,4,3,3,0,2,2,13,10.7,15,28
Jae Crowder,58,58,2016-02-22,25,BOS,A,MIN,-2,1,36:30,9,15,0.6,4,6,0.667,5,5,1,1,8,9,3,2,0,1,3,27,25.1,-4,48.3
Jae Crowder,59,59,2016-02-25,25,BOS,H,MIL,5,1,23:29,8,10,0.8,2,3,0.667,2,2,1,0,8,8,2,0,0,4,5,20,14,14,32
Jae Crowder,60,60,2016-02-27,25,BOS,H,MIA,12,1,33:07,6,15,0.4,0,6,0,2,3,0.667,1,3,4,2,5,0,0,3,14,12.3,5,32
Jae Crowder,61,61,2016-02-29,25,BOS,H,UTA,5,1,33:44,7,12,0.583,3,5,0.6,5,7,0.714,0,3,3,4,2,1,0,1,22,21.6,7,39.3
Jae Crowder,62,62,2016-03-02,25,BOS,H,POR,23,1,28:58,4,12,0.333,2,7,0.286,2,2,1,0,6,6,1,0,0,0,2,12,6.9,22,22
Jae Crowder,63,63,2016-03-04,25,BOS,H,NYK,1,1,34:51,9,19,0.474,1,6,0.167,1,4,0.25,4,4,8,2,1,0,1,3,20,13.3,7,35
Jae Crowder,64,64,2016-03-05,25,BOS,A,CLE,-17,1,36:56,3,11,0.273,2,6,0.333,4,4,1,1,3,4,1,4,1,2,3,12,9.3,-5,28.5
Jae Crowder,65,65,2016-03-09,25,BOS,H,MEM,20,1,21:41,5,12,0.417,3,6,0.5,2,2,1,1,1,2,1,2,1,1,4,15,10.4,-1,26
Jae Crowder,66,66,2016-03-11,25,BOS,H,HOU,-4,1,21:21,1,8,0.125,0,6,0,2,2,1,1,3,4,1,1,1,1,1,4,1.4,-3,14
Jae Crowder,75,67,2016-03-31,25,BOS,A,POR,-7,1,34:35,5,11,0.455,2,8,0.25,1,3,0.333,3,7,10,2,2,0,1,3,13,11.9,-5,34.5
Jae Crowder,77,68,2016-04-03,25,BOS,A,LAL,7,1,30:46,6,18,0.333,2,8,0.25,8,9,0.889,0,5,5,4,5,0,2,5,22,16.7,8,44.3
Jae Crowder,78,69,2016-04-06,25,BOS,H,NOP,7,1,34:25,4,13,0.308,2,8,0.25,4,4,1,1,2,3,1,0,2,0,3,14,8.7,0,24.3
Jae Crowder,79,70,2016-04-08,25,BOS,H,MIL,15,1,14:15,2,7,0.286,1,4,0.25,4,5,0.8,0,2,2,0,0,0,0,3,9,3.9,3,12
Jae Crowder,80,71,2016-04-09,25,BOS,A,ATL,-11,1,34:19,5,11,0.455,1,5,0.2,5,7,0.714,2,5,7,2,2,0,1,2,16,14,-14,31.8
Jae Crowder,81,72,2016-04-11,25,BOS,H,CHO,-14,1,21:12,1,4,0.25,0,1,0,0,0,NA,0,2,2,0,0,1,0,0,2,0.9,-17,6.5
Jae Crowder,82,73,2016-04-13,25,BOS,H,MIA,10,1,35:47,6,13,0.462,1,4,0.25,0,0,NA,3,3,6,2,0,0,1,5,13,7.7,8,23.5
Jordan Mickey,1,1,2015-10-28,21,BOS,H,PHI,17,0,1:58,0,0,NA,0,0,NA,2,2,1,1,1,2,1,0,0,0,1,2,3.3,0,6
Jordan Mickey,5,2,2015-11-06,21,BOS,H,WAS,20,0,3:17,1,2,0.5,0,0,NA,1,1,1,1,0,1,0,0,1,0,0,3,3.4,1,6.3
Jordan Mickey,28,3,2015-12-21,21,BOS,H,MIN,14,0,1:02,1,1,1,0,0,NA,0,0,NA,0,0,0,0,0,0,0,0,2,1.7,-1,2
Jordan Mickey,56,4,2016-02-19,21,BOS,A,UTA,-18,0,2:43,1,1,1,0,0,NA,0,0,NA,0,0,0,0,0,2,0,0,2,3.1,0,6
Jordan Mickey,57,5,2016-02-21,21,BOS,A,DEN,20,0,2:30,1,3,0.333,0,0,NA,0,0,NA,1,0,1,0,0,0,0,1,2,0.6,0,3.3
Jordan Mickey,58,6,2016-02-22,21,BOS,A,MIN,-2,0,1:47,0,1,0,0,0,NA,0,0,NA,0,0,0,0,0,0,0,0,0,-0.7,3,0
Jordan Mickey,61,7,2016-02-29,21,BOS,H,UTA,5,0,7:08,1,1,1,0,0,NA,1,2,0.5,1,2,3,0,0,2,1,0,3,4,7,10.3
Jordan Mickey,62,8,2016-03-02,21,BOS,H,POR,23,0,3:37,0,0,NA,0,0,NA,0,0,NA,0,0,0,0,0,1,0,0,0,0.7,-5,2
Jordan Mickey,64,9,2016-03-05,21,BOS,A,CLE,-17,0,1:26,0,0,NA,0,0,NA,0,0,NA,0,0,0,0,0,0,0,0,0,0,-2,0
Jordan Mickey,65,10,2016-03-09,21,BOS,H,MEM,20,0,1:51,0,1,0,0,0,NA,0,0,NA,0,0,0,0,0,3,0,0,0,1.4,0,6
Jordan Mickey,66,11,2016-03-11,21,BOS,H,HOU,-4,0,2:02,0,0,NA,0,0,NA,0,0,NA,0,0,0,0,0,0,0,0,0,0,3,0
Jordan Mickey,68,12,2016-03-16,21,BOS,H,OKC,-21,0,8:54,2,3,0.667,0,0,NA,1,1,1,1,1,2,0,0,1,0,0,5,5.4,7,9.5
Jordan Mickey,69,13,2016-03-18,21,BOS,A,TOR,-14,0,8:37,0,2,0,0,0,NA,0,2,0,0,0,0,0,0,1,0,2,0,-2.3,2,2
Jordan Mickey,70,14,2016-03-20,21,BOS,A,PHI,15,0,0:08,0,0,NA,0,0,NA,0,0,NA,0,0,0,0,0,0,0,0,0,0,0,0
Jordan Mickey,74,15,2016-03-28,21,BOS,A,LAC,-24,0,6:43,1,5,0.2,0,0,NA,0,2,0,1,3,4,0,0,0,0,0,2,-0.3,0,7
Jordan Mickey,79,16,2016-04-08,21,BOS,H,MIL,15,0,3:28,0,2,0,0,0,NA,0,0,NA,0,0,0,0,0,0,0,1,0,-1.8,-9,0
Coty Clarke,3,1,2016-03-15,23,BOS,A,IND,-5,0,3:16,1,3,0.333,1,1,1,0,0,NA,0,1,1,0,0,0,0,0,3,1.6,-1,4.8
Coty Clarke,4,2,2016-03-16,23,BOS,H,OKC,-21,0,0:02,0,0,NA,0,0,NA,0,0,NA,0,0,0,0,0,0,1,0,0,-1,0,-0.5
Coty Clarke,5,3,2016-03-18,23,BOS,A,TOR,-14,0,2:30,1,1,1,1,1,1,0,0,NA,0,0,0,0,0,0,0,0,3,2.7,5,3.5
Jonas Jerebko,1,1,2015-10-28,28,BOS,H,PHI,17,0,15:02,2,7,0.286,1,2,0.5,0,0,NA,0,3,3,3,0,1,0,1,5,4.2,14,15.8
Jonas Jerebko,2,2,2015-10-30,28,BOS,H,TOR,-10,0,8:04,0,1,0,0,1,0,2,2,1,1,1,2,0,0,0,1,0,2,1.3,-6,4
Jonas Jerebko,3,3,2015-11-01,28,BOS,H,SAS,-8,0,13:40,3,3,1,0,0,NA,0,0,NA,0,2,2,0,0,0,1,3,6,3.5,-4,8
Jonas Jerebko,4,4,2015-11-04,28,BOS,A,IND,-2,0,15:32,2,2,1,0,0,NA,0,0,NA,1,3,4,0,0,0,1,2,4,3.2,-1,8.5
Jonas Jerebko,5,5,2015-11-06,28,BOS,H,WAS,20,0,19:52,1,3,0.333,0,0,NA,4,4,1,2,5,7,0,0,0,1,2,6,5.4,18,14.3
Jonas Jerebko,6,6,2015-11-10,28,BOS,A,MIL,16,0,15:05,2,2,1,1,1,1,1,1,1,0,1,1,3,0,1,1,3,6,6.3,17,13.8
Jonas Jerebko,7,7,2015-11-11,28,BOS,H,IND,-11,0,16:26,0,1,0,0,0,NA,0,0,NA,1,1,2,1,0,0,0,3,0,-0.2,-10,4
Jonas Jerebko,8,8,2015-11-13,28,BOS,H,ATL,13,0,12:08,1,3,0.333,0,0,NA,2,2,1,2,1,3,0,0,0,1,2,4,2.2,-8,7.3
Jonas Jerebko,9,9,2015-11-15,28,BOS,A,OKC,15,0,6:03,1,1,1,0,0,NA,0,0,NA,0,0,0,1,0,0,1,1,2,1,0,3
Jonas Jerebko,10,10,2015-11-16,28,BOS,A,HOU,16,0,13:54,3,4,0.75,0,0,NA,0,0,NA,1,1,2,2,0,0,2,3,6,3.6,7,10.5
Jonas Jerebko,11,11,2015-11-18,28,BOS,H,DAL,-4,0,4:31,0,1,0,0,0,NA,0,0,NA,1,1,2,0,0,0,0,1,0,-0.1,-2,2.5
Jonas Jerebko,12,12,2015-11-20,28,BOS,H,BRK,25,0,18:51,0,3,0,0,2,0,1,1,1,1,1,2,1,1,0,1,1,1,0.2,8,6.5
Jonas Jerebko,13,13,2015-11-22,28,BOS,A,BRK,-10,0,17:51,1,5,0.2,0,2,0,0,0,NA,1,4,5,1,0,1,3,1,2,-1.2,0,10.3
Jonas Jerebko,14,14,2015-11-24,28,BOS,A,ATL,-24,0,14:47,0,6,0,0,0,NA,2,2,1,0,3,3,0,1,0,0,1,2,-0.7,-5,7.8
Jonas Jerebko,15,15,2015-11-25,28,BOS,H,PHI,4,0,7:54,0,1,0,0,0,NA,0,0,NA,0,1,1,0,0,0,0,1,0,-0.8,-9,1.3
Jonas Jerebko,16,16,2015-11-27,28,BOS,H,WAS,33,0,24:31,1,7,0.143,0,2,0,2,4,0.5,3,4,7,2,2,1,2,1,4,3.7,5,20.8
Jonas Jerebko,17,17,2015-11-29,28,BOS,A,ORL,-19,0,17:30,3,5,0.6,1,2,0.5,0,0,NA,1,2,3,3,0,0,1,0,7,7.1,-7,15.3
Jonas Jerebko,18,18,2015-11-30,28,BOS,A,MIA,10,0,9:31,0,2,0,0,0,NA,0,0,NA,1,2,3,0,1,0,0,2,0,0.1,3,5.8
Jonas Jerebko,19,19,2015-12-03,28,BOS,A,SAC,17,0,16:44,2,3,0.667,0,0,NA,1,1,1,3,3,6,1,0,1,0,1,5,7.7,7,16
Jonas Jerebko,20,20,2015-12-05,28,BOS,A,SAS,-3,0,11:02,0,3,0,0,1,0,0,0,NA,2,2,4,2,1,0,1,2,0,0.5,-6,9.5
Jonas Jerebko,21,21,2015-12-07,28,BOS,A,NOP,18,0,8:24,1,1,1,0,0,NA,0,0,NA,0,1,1,0,0,0,1,4,2,-0.6,-7,2.8
Jonas Jerebko,22,22,2015-12-09,28,BOS,H,CHI,5,0,0:36,0,0,NA,0,0,NA,0,0,NA,0,0,0,0,0,0,0,0,0,0,-4,0
Jonas Jerebko,23,23,2015-12-11,28,BOS,H,GSW,-5,0,1:48,0,0,NA,0,0,NA,0,0,NA,0,0,0,0,0,0,0,1,0,-0.4,-5,0
Jonas Jerebko,24,24,2015-12-12,28,BOS,A,CHO,5,0,5:24,0,1,0,0,0,NA,0,0,NA,1,0,1,0,0,0,1,2,0,-1.8,-3,0.8
Jonas Jerebko,25,25,2015-12-15,28,BOS,H,CLE,-12,0,13:53,2,4,0.5,1,2,0.5,0,0,NA,0,0,0,0,0,0,0,2,5,2.2,-1,5.5
Jonas Jerebko,26,26,2015-12-16,28,BOS,A,DET,-3,0,15:59,3,5,0.6,3,4,0.75,0,0,NA,0,3,3,0,0,0,1,3,9,5.4,10,13.8
Jonas Jerebko,27,27,2015-12-18,28,BOS,H,ATL,-8,0,15:34,0,5,0,0,2,0,0,0,NA,1,5,6,1,0,0,0,3,0,-1.8,-4,9
Jonas Jerebko,28,28,2015-12-21,28,BOS,H,MIN,14,0,25:02,4,7,0.571,3,3,1,1,2,0.5,2,5,7,3,0,0,1,0,12,12.3,1,26.3
Jonas Jerebko,29,29,2015-12-23,28,BOS,A,CHO,13,0,9:23,0,2,0,0,0,NA,0,0,NA,0,0,0,1,0,0,0,2,0,-1.5,-4,1.5
Jonas Jerebko,30,30,2015-12-26,28,BOS,A,DET,6,0,10:21,1,2,0.5,0,1,0,0,0,NA,0,1,1,0,0,0,0,1,2,0.9,-10,3.3
Jonas Jerebko,31,31,2015-12-27,28,BOS,H,NYK,9,0,19:11,2,3,0.667,1,1,1,2,3,0.667,0,3,3,2,0,0,0,6,7,5.2,3,14.3
Jonas Jerebko,32,32,2015-12-30,28,BOS,H,LAL,-8,0,10:01,1,3,0.333,0,0,NA,1,2,0.5,1,3,4,0,0,0,0,4,3,0.9,1,8
Jonas Jerebko,33,33,2016-01-02,28,BOS,H,BRK,-3,0,16:05,1,6,0.167,1,4,0.25,2,2,1,2,5,7,1,0,0,0,0,5,4.8,1,15.8
Jonas Jerebko,34,34,2016-01-04,28,BOS,A,BRK,9,0,6:34,1,2,0.5,1,2,0.5,0,0,NA,0,0,0,1,0,0,0,0,3,2.7,-2,5
Jonas Jerebko,35,35,2016-01-06,28,BOS,H,DET,-5,0,15:58,1,2,0.5,0,1,0,1,1,1,2,3,5,1,0,1,1,1,3,4.3,-13,12.3
Jonas Jerebko,36,36,2016-01-07,28,BOS,A,CHI,-9,0,8:05,0,3,0,0,0,NA,0,0,NA,1,1,2,0,0,0,0,0,0,-1.1,3,2.5
Jonas Jerebko,38,37,2016-01-12,28,BOS,A,NYK,-6,0,23:59,2,3,0.667,2,2,1,0,0,NA,2,2,4,3,2,0,0,0,6,10.8,5,20.5
Jonas Jerebko,39,38,2016-01-13,28,BOS,H,IND,9,0,13:06,1,4,0.25,0,1,0,3,4,0.75,0,4,4,2,0,0,1,2,5,3,-7,12.5
Jonas Jerebko,40,39,2016-01-15,28,BOS,H,PHO,14,0,19:37,2,5,0.4,2,3,0.667,1,2,0.5,1,4,5,1,0,0,0,0,7,6.5,-9,15.8
Jonas Jerebko,41,40,2016-01-16,28,BOS,A,WAS,2,0,14:36,2,5,0.4,0,2,0,1,2,0.5,4,2,6,0,1,0,0,1,5,5.9,5,14.5
Jonas Jerebko,42,41,2016-01-18,28,BOS,A,DAL,-5,0,14:38,3,5,0.6,0,2,0,0,0,NA,0,1,1,0,0,0,0,4,6,2.4,-3,7.3
Jonas Jerebko,43,42,2016-01-20,28,BOS,A,TOR,-6,0,14:45,3,4,0.75,2,2,1,0,0,NA,0,2,2,0,1,0,1,4,8,5.4,12,13
Jonas Jerebko,44,43,2016-01-22,28,BOS,H,CHI,9,0,18:21,2,2,1,1,1,1,0,0,NA,1,4,5,1,0,1,2,3,5,4.5,3,14.3
Jonas Jerebko,45,44,2016-01-24,28,BOS,A,PHI,20,0,21:26,1,8,0.125,0,3,0,0,0,NA,1,9,10,0,1,0,1,1,2,-0.2,6,16
Jonas Jerebko,46,45,2016-01-25,28,BOS,A,WAS,25,0,9:37,1,3,0.333,0,0,NA,0,0,NA,0,1,1,1,1,0,0,0,2,2.3,4,6.8
Jonas Jerebko,47,46,2016-01-27,28,BOS,H,DEN,8,0,11:36,2,3,0.667,0,0,NA,1,3,0.333,1,1,2,1,0,0,1,0,5,3.6,-3,8.5
Jonas Jerebko,48,47,2016-01-29,28,BOS,H,ORL,19,0,21:39,4,4,1,3,3,1,2,2,1,2,8,10,0,0,0,1,1,13,14.2,16,28
Jonas Jerebko,49,48,2016-01-31,28,BOS,A,ORL,-5,0,18:52,2,4,0.5,2,4,0.5,2,4,0.5,1,4,5,1,1,0,0,6,8,6.4,10,18.8
Jonas Jerebko,50,49,2016-02-02,28,BOS,A,NYK,8,0,7:05,0,1,0,0,1,0,0,0,NA,0,0,0,0,0,0,0,0,0,-0.7,2,0
Jonas Jerebko,51,50,2016-02-03,28,BOS,H,DET,7,0,12:48,2,5,0.4,0,1,0,0,0,NA,1,4,5,0,0,0,1,2,4,1.4,2,9.8
Jonas Jerebko,52,51,2016-02-05,28,BOS,A,CLE,1,0,13:07,0,0,NA,0,0,NA,2,2,1,0,5,5,0,1,0,1,2,2,2.7,4,9.8
Jonas Jerebko,53,52,2016-02-07,28,BOS,H,SAC,9,0,10:01,0,0,NA,0,0,NA,0,0,NA,1,2,3,0,0,1,2,1,0,-0.4,-7,4.8
Jonas Jerebko,54,53,2016-02-09,28,BOS,A,MIL,-1,0,15:23,6,8,0.75,1,1,1,0,0,NA,1,4,5,0,0,0,0,3,13,10.5,-1,19.8
Jonas Jerebko,55,54,2016-02-10,28,BOS,H,LAC,5,0,21:25,1,5,0.2,1,4,0.25,2,2,1,1,5,6,0,0,0,0,4,5,2.5,6,13
Jonas Jerebko,56,55,2016-02-19,28,BOS,A,UTA,-18,0,16:14,1,5,0.2,0,2,0,2,2,1,0,2,2,0,0,0,0,3,4,0.3,0,6.5
Jonas Jerebko,57,56,2016-02-21,28,BOS,A,DEN,20,0,19:52,3,5,0.6,0,0,NA,0,0,NA,5,1,6,2,0,1,1,1,6,8.2,5,18
Jonas Jerebko,58,57,2016-02-22,28,BOS,A,MIN,-2,0,21:36,4,8,0.5,0,1,0,1,1,1,0,2,2,2,0,1,1,3,9,5.5,20,16
Jonas Jerebko,59,58,2016-02-25,28,BOS,H,MIL,5,0,21:31,1,5,0.2,0,3,0,3,4,0.75,2,6,8,2,0,1,1,3,5,4.6,-8,19.5
Jonas Jerebko,60,59,2016-02-27,28,BOS,H,MIA,12,0,20:17,3,5,0.6,2,2,1,0,0,NA,0,4,4,2,0,0,2,2,8,5.5,5,16
Jonas Jerebko,61,60,2016-02-29,28,BOS,H,UTA,5,0,12:25,1,2,0.5,1,2,0.5,0,0,NA,0,2,2,0,0,2,1,4,3,1.4,-1,9.5
Jonas Jerebko,62,61,2016-03-02,29,BOS,H,POR,23,0,19:17,3,8,0.375,0,2,0,4,4,1,2,4,6,1,0,2,0,3,10,9.1,5,23
Jonas Jerebko,63,62,2016-03-04,29,BOS,H,NYK,1,0,15:57,0,4,0,0,2,0,0,0,NA,2,6,8,1,0,1,1,1,0,0.4,-8,13
Jonas Jerebko,64,63,2016-03-05,29,BOS,A,CLE,-17,0,15:10,2,3,0.667,1,2,0.5,0,0,NA,0,2,2,2,0,0,1,3,5,3.5,-14,10.5
Jonas Jerebko,65,64,2016-03-09,29,BOS,H,MEM,20,0,23:18,3,4,0.75,3,4,0.75,2,2,1,1,4,5,0,1,1,1,4,11,10.4,22,22.3
Jonas Jerebko,66,65,2016-03-11,29,BOS,H,HOU,-4,0,10:45,1,2,0.5,0,0,NA,0,0,NA,1,3,4,0,0,0,0,0,2,2.6,-10,7
Jonas Jerebko,67,66,2016-03-15,29,BOS,A,IND,-5,0,26:17,7,12,0.583,2,5,0.4,1,2,0.5,1,2,3,2,0,0,1,2,17,11.9,-8,24.3
Jonas Jerebko,71,67,2016-03-21,29,BOS,H,ORL,11,0,19:17,0,3,0,0,1,0,0,0,NA,1,4,5,1,1,1,1,1,0,0.8,-10,11.3
Jonas Jerebko,72,68,2016-03-23,29,BOS,H,TOR,12,0,10:28,1,2,0.5,0,1,0,1,2,0.5,0,0,0,0,0,1,1,0,3,1.3,-3,4.5
Jonas Jerebko,73,69,2016-03-26,29,BOS,A,PHO,3,0,25:16,3,5,0.6,3,5,0.6,0,0,NA,3,4,7,1,0,0,1,2,9,8.9,12,20.3
Jonas Jerebko,74,70,2016-03-28,29,BOS,A,LAC,-24,0,10:27,0,3,0,0,1,0,4,4,1,3,2,5,0,1,1,0,1,4,5.9,-14,14.3
Jonas Jerebko,75,71,2016-03-31,29,BOS,A,POR,-7,0,12:16,1,4,0.25,0,2,0,2,2,1,1,2,3,0,0,0,0,0,4,2.9,4,7.8
Jonas Jerebko,76,72,2016-04-01,29,BOS,A,GSW,3,0,19:56,4,6,0.667,1,2,0.5,0,0,NA,0,4,4,0,0,0,0,1,9,7.2,4,14.5
Jonas Jerebko,77,73,2016-04-03,29,BOS,A,LAL,7,0,19:13,1,4,0.25,0,2,0,1,2,0.5,1,6,7,1,1,1,0,2,3,4.3,-7,17.3
Jonas Jerebko,78,74,2016-04-06,29,BOS,H,NOP,7,0,17:15,2,4,0.5,2,2,1,0,0,NA,0,5,5,0,0,1,1,2,6,4.4,-1,14.8
Jonas Jerebko,79,75,2016-04-08,29,BOS,H,MIL,15,0,21:32,2,4,0.5,0,1,0,2,2,1,2,5,7,3,1,1,1,2,6,8.9,3,22.8
Jonas Jerebko,80,76,2016-04-09,29,BOS,A,ATL,-11,0,13:54,0,2,0,0,1,0,0,0,NA,1,2,3,1,0,0,3,1,0,-2.8,-6,3.8
Jonas Jerebko,81,77,2016-04-11,29,BOS,H,CHO,-14,0,24:38,1,4,0.25,0,1,0,1,1,1,1,3,4,0,1,0,0,0,3,3.2,2,10
Jonas Jerebko,82,78,2016-04-13,29,BOS,H,MIA,10,0,16:20,1,4,0.25,1,1,1,1,2,0.5,2,3,5,1,0,1,1,2,4,3.1,9,13.8
R.J. Hunter,4,1,2015-11-04,22,BOS,A,IND,-2,0,12:41,1,2,0.5,0,1,0,0,0,NA,0,0,0,0,0,0,1,4,2,-1.6,8,1.5
R.J. Hunter,5,2,2015-11-06,22,BOS,H,WAS,20,0,4:32,0,3,0,0,2,0,0,0,NA,0,1,1,0,0,0,0,2,0,-2.6,-4,1.3
R.J. Hunter,6,3,2015-11-10,22,BOS,A,MIL,16,0,18:55,3,5,0.6,1,3,0.333,0,0,NA,0,7,7,0,1,1,2,1,7,6.1,19,19.3
R.J. Hunter,7,4,2015-11-11,22,BOS,H,IND,-11,0,19:34,2,5,0.4,1,3,0.333,0,0,NA,0,2,2,1,0,0,0,0,5,3.6,-5,9.5
R.J. Hunter,8,5,2015-11-13,22,BOS,H,ATL,13,0,6:51,1,3,0.333,1,1,1,0,0,NA,0,2,2,0,0,0,0,1,3,1.5,-2,6
R.J. Hunter,10,6,2015-11-16,22,BOS,A,HOU,16,0,10:59,0,2,0,0,2,0,0,0,NA,0,0,0,0,1,0,0,1,0,-0.8,-9,2
R.J. Hunter,12,7,2015-11-20,22,BOS,H,BRK,25,0,6:13,2,5,0.4,1,4,0.25,0,0,NA,0,0,0,0,0,0,0,1,5,1.9,-3,5.5
R.J. Hunter,13,8,2015-11-22,22,BOS,A,BRK,-10,0,7:46,0,0,NA,0,0,NA,0,0,NA,0,0,0,0,2,0,1,2,0,0.2,8,3.5
R.J. Hunter,14,9,2015-11-24,22,BOS,A,ATL,-24,0,20:53,5,6,0.833,2,3,0.667,0,0,NA,1,1,2,2,2,0,1,2,12,12.4,-6,22
R.J. Hunter,15,10,2015-11-25,22,BOS,H,PHI,4,0,8:44,0,2,0,0,0,NA,0,0,NA,0,2,2,0,0,0,1,1,0,-2.2,-11,2
R.J. Hunter,16,11,2015-11-27,22,BOS,H,WAS,33,0,5:56,0,2,0,0,1,0,0,0,NA,0,3,3,1,0,0,0,1,0,-0.2,6,5.3
R.J. Hunter,17,12,2015-11-29,22,BOS,A,ORL,-19,0,5:44,0,2,0,0,2,0,0,0,NA,0,0,0,0,0,0,0,1,0,-1.8,-8,0
R.J. Hunter,19,13,2015-12-03,22,BOS,A,SAC,17,0,7:51,1,5,0.2,0,4,0,0,0,NA,0,1,1,0,0,0,0,3,2,-2,-8,3.3
R.J. Hunter,20,14,2015-12-05,22,BOS,A,SAS,-3,0,13:53,2,4,0.5,2,4,0.5,2,2,1,0,0,0,1,0,0,0,0,8,6.7,-5,10.5
R.J. Hunter,25,15,2015-12-15,22,BOS,H,CLE,-12,0,2:40,0,1,0,0,1,0,0,0,NA,0,0,0,0,0,0,0,0,0,-0.7,1,0
R.J. Hunter,27,16,2015-12-18,22,BOS,H,ATL,-8,0,17:42,3,5,0.6,2,3,0.667,0,0,NA,0,3,3,0,0,0,0,1,8,6.2,1,12.8
R.J. Hunter,28,17,2015-12-21,22,BOS,H,MIN,14,0,19:16,3,8,0.375,1,5,0.2,0,0,NA,0,1,1,1,1,3,1,2,7,4.9,0,17.8
R.J. Hunter,29,18,2015-12-23,22,BOS,A,CHO,13,0,17:58,2,7,0.286,1,5,0.2,2,2,1,0,1,1,1,2,0,0,3,7,4.7,-4,14.3
R.J. Hunter,30,19,2015-12-26,22,BOS,A,DET,6,0,17:38,0,1,0,0,1,0,0,0,NA,0,2,2,2,2,0,0,3,0,2.1,-6,9.5
R.J. Hunter,31,20,2015-12-27,22,BOS,H,NYK,9,0,7:08,0,2,0,0,1,0,1,2,0.5,1,1,2,0,0,0,0,0,1,0.2,1,3.5
R.J. Hunter,35,21,2016-01-06,22,BOS,H,DET,-5,0,8:08,0,2,0,0,1,0,0,0,NA,0,0,0,0,1,0,0,0,0,-0.4,1,2
R.J. Hunter,40,22,2016-01-15,22,BOS,H,PHO,14,0,1:11,0,0,NA,0,0,NA,0,0,NA,0,0,0,0,0,0,0,0,0,0,-2,0
R.J. Hunter,45,23,2016-01-24,22,BOS,A,PHI,20,0,2:02,0,1,0,0,1,0,0,0,NA,0,0,0,0,0,0,0,0,0,-0.7,0,0
R.J. Hunter,48,24,2016-01-29,22,BOS,H,ORL,19,0,3:14,0,1,0,0,1,0,0,0,NA,0,2,2,0,0,0,0,0,0,-0.1,-3,2.5
R.J. Hunter,56,25,2016-02-19,22,BOS,A,UTA,-18,0,2:43,0,2,0,0,1,0,0,0,NA,0,0,0,0,0,0,0,0,0,-1.4,0,0
R.J. Hunter,57,26,2016-02-21,22,BOS,A,DEN,20,0,2:30,0,1,0,0,1,0,0,0,NA,0,0,0,1,0,0,0,0,0,0,0,1.5
R.J. Hunter,59,27,2016-02-25,22,BOS,H,MIL,5,0,3:41,0,1,0,0,1,0,0,0,NA,0,0,0,0,0,0,0,0,0,-0.7,-4,0
R.J. Hunter,62,28,2016-03-02,22,BOS,H,POR,23,0,3:37,0,3,0,0,0,NA,0,0,NA,0,0,0,0,0,0,0,0,0,-2.1,-5,0
R.J. Hunter,65,29,2016-03-09,22,BOS,H,MEM,20,0,1:51,1,1,1,1,1,1,0,0,NA,0,0,0,0,0,0,0,0,3,2.7,0,3.5
R.J. Hunter,68,30,2016-03-16,22,BOS,H,OKC,-21,0,10:42,1,3,0.333,1,3,0.333,0,0,NA,0,2,2,1,1,0,0,0,3,3.6,8,9.5
R.J. Hunter,69,31,2016-03-18,22,BOS,A,TOR,-14,0,13:48,3,3,1,2,2,1,0,0,NA,0,0,0,1,0,0,3,0,8,4.8,3,9
R.J. Hunter,74,32,2016-03-28,22,BOS,A,LAC,-24,0,3:54,0,1,0,0,0,NA,0,0,NA,0,0,0,0,0,0,0,0,0,-0.7,-3,0
R.J. Hunter,78,33,2016-04-06,22,BOS,H,NOP,7,0,8:01,1,2,0.5,0,1,0,0,0,NA,0,1,1,1,0,0,0,0,2,2,2,4.8
R.J. Hunter,79,34,2016-04-08,22,BOS,H,MIL,15,0,3:28,0,0,NA,0,0,NA,0,0,NA,0,0,0,0,0,0,1,0,0,-1,-9,-0.5
R.J. Hunter,80,35,2016-04-09,22,BOS,A,ATL,-11,0,0:51,1,1,1,1,1,1,0,0,NA,0,0,0,0,0,0,0,0,3,2.7,3,3.5
R.J. Hunter,81,36,2016-04-11,22,BOS,H,CHO,-14,0,12:00,4,6,0.667,2,3,0.667,1,1,1,0,3,3,0,1,0,0,0,11,10.3,8,17.8
