Thaddeus Young,1,1,2015-10-28,27,BRK,H,CHI,-15,1,24:28,6,12,0.5,0,0,NA,0,0,NA,3,2,5,0,1,0,3,4,12,5.1,-15,18.8
Thaddeus Young,2,2,2015-10-30,27,BRK,A,SAS,-27,1,28:25,4,11,0.364,1,2,0.5,0,3,0,2,5,7,0,0,0,1,2,9,2.8,-24,17.8
Thaddeus Young,3,3,2015-10-31,27,BRK,A,MEM,-10,1,31:44,5,8,0.625,0,0,NA,1,2,0.5,0,9,9,2,2,1,2,4,11,10.2,2,30.3
Thaddeus Young,4,4,2015-11-02,27,BRK,H,MIL,-7,1,25:19,6,11,0.545,0,0,NA,1,1,1,2,4,6,5,0,1,1,2,13,12.7,14,29.5
Thaddeus Young,5,5,2015-11-04,27,BRK,A,ATL,-14,1,33:56,7,13,0.538,0,1,0,0,0,NA,4,5,9,3,1,1,4,3,14,10.6,-11,31.8
Thaddeus Young,6,6,2015-11-06,27,BRK,H,LAL,-6,1,33:46,7,15,0.467,0,2,0,0,0,NA,3,2,5,2,1,1,2,2,14,9.3,-2,26.3
Thaddeus Young,7,7,2015-11-07,27,BRK,A,MIL,-8,1,39:22,9,18,0.5,0,0,NA,0,0,NA,7,6,13,0,2,0,1,2,18,15.9,-11,39.3
Thaddeus Young,8,8,2015-11-11,27,BRK,A,HOU,8,1,22:15,5,8,0.625,0,0,NA,3,5,0.6,2,2,4,1,0,3,2,3,13,10.2,-15,24.5
Thaddeus Young,9,9,2015-11-13,27,BRK,A,SAC,-2,1,29:41,8,13,0.615,0,1,0,0,0,NA,1,8,9,1,2,0,2,3,16,12.7,1,31.8
Thaddeus Young,10,10,2015-11-14,27,BRK,A,GSW,-8,1,38:34,12,22,0.545,0,1,0,2,2,1,3,7,10,3,3,0,1,2,26,22.9,0,50
Thaddeus Young,11,11,2015-11-17,27,BRK,H,ATL,2,1,32:32,7,13,0.538,0,0,NA,2,2,1,3,8,11,0,5,0,2,3,16,16,16,40.3
Thaddeus Young,12,12,2015-11-18,27,BRK,A,CHO,-5,1,32:53,11,17,0.647,0,1,0,5,6,0.833,2,6,8,1,1,0,0,3,27,22.8,3,40.5
Thaddeus Young,13,13,2015-11-20,27,BRK,A,BOS,-25,1,28:48,7,17,0.412,0,0,NA,0,2,0,2,8,10,1,2,0,0,1,14,10.2,-21,33.5
Thaddeus Young,14,14,2015-11-22,27,BRK,H,BOS,10,1,28:06,4,8,0.5,0,0,NA,3,4,0.75,3,9,12,1,1,0,1,3,11,10.9,1,30.5
Thaddeus Young,15,15,2015-11-25,27,BRK,A,OKC,-11,1,37:02,9,15,0.6,0,1,0,0,0,NA,1,7,8,3,3,0,3,1,18,15.6,-10,37
Thaddeus Young,16,16,2015-11-28,27,BRK,A,CLE,-2,1,35:53,7,16,0.438,0,1,0,2,4,0.5,2,10,12,0,1,0,0,3,16,11,-1,34.5
Thaddeus Young,17,17,2015-11-29,27,BRK,H,DET,4,1,31:01,9,12,0.75,0,0,NA,1,2,0.5,1,9,10,3,1,1,2,3,19,17.8,3,40.5
Thaddeus Young,18,18,2015-12-01,27,BRK,H,PHO,3,1,35:37,3,14,0.214,0,0,NA,2,4,0.5,1,3,4,2,0,0,2,1,8,-0.8,-5,15
Thaddeus Young,19,19,2015-12-04,27,BRK,A,NYK,-17,1,32:47,9,19,0.474,0,0,NA,0,0,NA,4,7,11,0,1,0,3,0,18,11.2,-26,33.8
Thaddeus Young,20,20,2015-12-06,27,BRK,H,GSW,-16,1,35:22,11,19,0.579,0,1,0,3,6,0.5,5,9,14,0,0,0,2,3,25,17.9,-18,43
Thaddeus Young,21,21,2015-12-08,27,BRK,H,HOU,5,1,33:49,10,13,0.769,0,0,NA,0,0,NA,2,10,12,5,3,0,5,2,20,20,11,47.5
Thaddeus Young,22,22,2015-12-10,27,BRK,H,PHI,9,1,32:54,6,13,0.462,0,0,NA,6,9,0.667,2,9,11,0,2,0,4,2,18,11.4,0,35.3
Thaddeus Young,23,23,2015-12-12,27,BRK,H,LAC,-5,1,35:43,9,16,0.563,0,0,NA,0,0,NA,1,4,5,0,1,0,1,3,18,11.1,-8,25.8
Thaddeus Young,24,24,2015-12-14,27,BRK,H,ORL,-23,1,34:17,5,11,0.455,0,1,0,0,0,NA,2,9,11,2,1,0,1,3,10,8.6,-21,29.8
Thaddeus Young,25,25,2015-12-16,27,BRK,H,MIA,-6,1,29:49,4,13,0.308,0,0,NA,0,0,NA,1,6,7,4,1,1,1,1,8,6.1,-4,26.3
Thaddeus Young,26,26,2015-12-18,27,BRK,A,IND,-7,1,32:57,5,14,0.357,0,0,NA,4,4,1,6,8,14,2,1,1,1,3,14,13.7,-1,39.5
Thaddeus Young,27,27,2015-12-20,27,BRK,H,MIN,-15,1,33:14,4,11,0.364,0,0,NA,4,4,1,1,7,8,0,1,0,0,1,12,9.3,-24,24
Thaddeus Young,28,28,2015-12-21,27,BRK,A,CHI,3,1,31:11,8,15,0.533,0,0,NA,0,0,NA,6,7,13,2,3,0,3,1,16,16,0,41.3
Thaddeus Young,29,29,2015-12-23,27,BRK,H,DAL,-1,1,43:12,14,20,0.7,1,1,1,0,5,0,6,4,10,2,4,1,2,1,29,27.7,4,55.5
Thaddeus Young,30,30,2015-12-26,27,BRK,H,WAS,-15,1,36:42,8,14,0.571,0,0,NA,0,4,0,6,8,14,0,4,1,2,3,16,15.9,-16,44
Thaddeus Young,31,31,2015-12-28,27,BRK,A,MIA,6,1,33:28,4,7,0.571,1,1,1,2,4,0.5,2,4,6,0,3,0,2,6,11,8.1,-4,24
Thaddeus Young,32,32,2015-12-30,27,BRK,A,ORL,-7,1,27:06,5,7,0.714,0,0,NA,6,6,1,2,2,4,3,1,0,1,2,16,16.4,-10,27
Thaddeus Young,33,33,2016-01-02,27,BRK,A,BOS,3,1,32:51,7,16,0.438,0,0,NA,2,2,1,5,5,10,1,1,0,1,4,16,11.7,7,33
Thaddeus Young,34,34,2016-01-04,27,BRK,H,BOS,-9,1,37:48,9,18,0.5,2,4,0.5,3,4,0.75,6,9,15,2,1,2,2,1,23,21.9,-7,52.3
Thaddeus Young,35,35,2016-01-06,27,BRK,H,TOR,-17,1,30:39,5,13,0.385,0,1,0,1,1,1,0,7,7,2,2,0,2,3,11,6.2,-15,25.8
Thaddeus Young,36,36,2016-01-08,27,BRK,H,ORL,-6,1,29:44,5,7,0.714,0,0,NA,1,2,0.5,2,7,9,3,1,0,4,5,11,8.3,-6,26.8
Thaddeus Young,37,37,2016-01-09,27,BRK,A,DET,-14,1,28:42,6,14,0.429,0,1,0,0,0,NA,3,6,9,0,1,0,4,3,12,4.3,-6,23.3
Thaddeus Young,38,38,2016-01-11,27,BRK,H,SAS,-27,1,28:03,4,10,0.4,0,1,0,1,2,0.5,0,9,9,1,0,0,4,2,9,1.8,-16,19.8
Thaddeus Young,39,39,2016-01-13,27,BRK,H,NYK,6,1,39:01,9,18,0.5,0,0,NA,1,2,0.5,4,7,11,3,3,0,1,1,19,18.2,23,44.3
Thaddeus Young,40,40,2016-01-15,27,BRK,H,POR,-12,1,33:47,5,11,0.455,0,0,NA,1,2,0.5,4,4,8,3,2,1,2,1,11,11.3,3,30.5
Thaddeus Young,41,41,2016-01-16,27,BRK,A,ATL,-28,1,26:40,8,12,0.667,0,0,NA,2,4,0.5,0,7,7,0,2,1,1,4,18,14.2,-1,32.3
Thaddeus Young,42,42,2016-01-18,27,BRK,A,TOR,-12,1,34:40,4,11,0.364,0,0,NA,3,3,1,2,7,9,2,0,1,3,3,11,6.3,0,25.8
Thaddeus Young,43,43,2016-01-20,27,BRK,H,CLE,-13,1,24:39,7,14,0.5,0,1,0,0,1,0,1,4,5,1,1,0,1,6,14,6.8,-5,23.3
Thaddeus Young,44,44,2016-01-22,27,BRK,H,UTA,-22,1,26:46,5,10,0.5,0,1,0,0,2,0,0,2,2,1,0,0,0,1,10,5.1,-16,14
Thaddeus Young,45,45,2016-01-24,27,BRK,H,OKC,10,1,39:01,7,17,0.412,0,0,NA,0,0,NA,7,7,14,3,1,1,1,0,14,14.7,6,41
Thaddeus Young,46,46,2016-01-26,27,BRK,H,MIA,-4,1,31:46,6,11,0.545,0,0,NA,0,2,0,0,5,5,0,1,0,1,5,12,5.4,3,19.8
Thaddeus Young,47,47,2016-01-29,27,BRK,A,DAL,-12,1,41:02,4,13,0.308,0,0,NA,3,4,0.75,2,8,10,1,5,0,2,0,11,10.6,0,35.5
Thaddeus Young,48,48,2016-01-30,27,BRK,A,NOP,-2,1,34:06,7,11,0.636,0,0,NA,2,2,1,2,6,8,4,1,0,2,1,16,15.7,1,33
Thaddeus Young,49,49,2016-02-01,27,BRK,H,DET,-5,1,24:34,3,7,0.429,0,0,NA,2,2,1,0,5,5,0,0,1,1,3,8,4.3,-9,15.8
Thaddeus Young,50,50,2016-02-03,27,BRK,H,IND,-14,1,34:44,6,12,0.5,0,0,NA,4,6,0.667,3,11,14,1,0,0,4,1,16,10.9,-10,34.5
Thaddeus Young,51,51,2016-02-05,27,BRK,H,SAC,9,1,38:34,6,10,0.6,0,0,NA,2,2,1,1,13,14,7,2,0,3,1,14,17.5,14,46
Thaddeus Young,52,52,2016-02-06,27,BRK,A,PHI,-5,1,39:02,10,15,0.667,0,0,NA,2,4,0.5,1,9,10,3,1,1,5,1,22,16.5,-7,42
Thaddeus Young,53,53,2016-02-08,27,BRK,H,DEN,1,1,37:11,9,15,0.6,0,0,NA,2,2,1,0,7,7,2,1,3,3,2,20,15.9,3,38.3
Thaddeus Young,54,54,2016-02-10,27,BRK,H,MEM,-19,1,25:03,5,11,0.455,0,0,NA,0,0,NA,2,7,9,2,0,0,0,2,10,8.4,-1,24.3
Thaddeus Young,55,55,2016-02-19,27,BRK,H,NYK,11,1,37:49,6,16,0.375,0,0,NA,1,2,0.5,1,8,9,5,2,0,0,5,13,10.4,16,35.8
Thaddeus Young,56,56,2016-02-21,27,BRK,H,CHO,-8,1,37:34,6,10,0.6,0,0,NA,2,2,1,1,7,8,5,3,0,6,3,14,11.5,-2,34.5
Thaddeus Young,57,57,2016-02-23,27,BRK,A,POR,-8,1,36:00,3,11,0.273,0,0,NA,2,2,1,2,9,11,2,0,0,1,2,8,5.2,-7,24.3
Thaddeus Young,58,58,2016-02-25,27,BRK,A,PHO,10,1,35:42,8,11,0.727,0,0,NA,2,2,1,3,5,8,3,7,3,1,2,18,26.5,13,52
Thaddeus Young,59,59,2016-02-27,27,BRK,A,UTA,2,1,36:27,10,16,0.625,1,1,1,0,0,NA,3,5,8,0,3,0,3,3,21,16.2,-6,36
Thaddeus Young,60,60,2016-02-29,27,BRK,A,LAC,-10,1,37:13,4,12,0.333,0,0,NA,1,1,1,2,9,11,4,1,0,2,3,9,6.9,-6,29.8
Thaddeus Young,61,61,2016-03-01,27,BRK,A,LAL,-6,1,34:13,6,14,0.429,0,1,0,7,8,0.875,4,11,15,2,1,0,1,2,19,17.9,0,43.8
Thaddeus Young,62,62,2016-03-04,27,BRK,A,DEN,1,1,39:25,8,16,0.5,0,0,NA,0,2,0,1,4,5,2,2,1,1,4,16,10.6,1,30.8
Thaddeus Young,64,63,2016-03-08,27,BRK,A,TOR,-5,1,31:55,7,15,0.467,0,1,0,0,0,NA,1,3,4,1,0,1,1,5,14,6.3,0,22
Thaddeus Young,65,64,2016-03-11,27,BRK,A,PHI,-6,1,39:54,8,20,0.4,0,1,0,5,8,0.625,4,5,9,2,2,0,1,3,21,14.5,-1,38.8
Thaddeus Young,66,65,2016-03-13,27,BRK,H,MIL,-9,1,36:35,8,15,0.533,1,2,0.5,0,0,NA,2,8,10,4,1,0,1,3,17,15.1,-12,39
Thaddeus Young,67,66,2016-03-15,27,BRK,H,PHI,17,1,32:40,5,9,0.556,0,0,NA,4,4,1,4,12,16,4,2,3,0,6,14,20.6,22,51.5
Thaddeus Young,68,67,2016-03-17,27,BRK,A,CHI,-16,1,30:54,7,11,0.636,0,0,NA,2,2,1,4,10,14,1,2,2,0,2,16,20.2,9,44.5
Thaddeus Young,69,68,2016-03-19,27,BRK,A,DET,-12,1,25:48,12,17,0.706,0,1,0,0,2,0,1,8,9,2,1,2,0,2,24,22.2,2,44.3
Thaddeus Young,70,69,2016-03-22,27,BRK,H,CHO,-5,1,35:38,5,12,0.417,0,0,NA,0,0,NA,1,7,8,1,0,0,6,4,10,-0.5,-8,18.5
Thaddeus Young,71,70,2016-03-24,27,BRK,H,CLE,9,1,30:51,4,9,0.444,0,0,NA,0,0,NA,3,3,6,2,2,0,1,3,8,7.5,3,22
Thaddeus Young,72,71,2016-03-26,27,BRK,H,IND,10,1,29:48,4,8,0.5,0,0,NA,0,0,NA,1,2,3,2,1,1,1,1,8,7,1,18.3
Thaddeus Young,73,72,2016-03-28,27,BRK,A,MIA,-11,1,30:55,10,12,0.833,0,0,NA,0,0,NA,1,8,9,3,3,1,1,1,20,23.1,-2,43.3
Thaddeus Young,75,73,2016-03-31,27,BRK,A,CLE,-20,1,27:49,9,18,0.5,0,0,NA,0,0,NA,4,4,8,0,1,0,5,2,18,8.2,-24,27.5
Joe Johnson,1,1,2015-10-28,34,BRK,H,CHI,-15,1,32:21,4,15,0.267,0,2,0,2,3,0.667,4,6,10,3,1,0,0,3,10,7.2,-29,30.5
Joe Johnson,2,2,2015-10-30,34,BRK,A,SAS,-27,1,25:14,1,7,0.143,0,1,0,0,0,NA,0,2,2,1,1,0,1,5,2,-3.2,-22,7.5
Joe Johnson,3,3,2015-10-31,34,BRK,A,MEM,-10,1,32:22,4,7,0.571,1,2,0.5,2,2,1,0,2,2,3,0,0,1,1,11,9,-6,18
Joe Johnson,4,4,2015-11-02,34,BRK,H,MIL,-7,1,40:50,5,14,0.357,2,7,0.286,2,2,1,1,2,3,6,0,0,0,2,14,10.9,-4,27.8
Joe Johnson,5,5,2015-11-04,34,BRK,A,ATL,-14,1,29:54,1,10,0.1,0,3,0,3,4,0.75,2,4,6,6,0,0,1,1,5,3.4,-3,21
Joe Johnson,6,6,2015-11-06,34,BRK,H,LAL,-6,1,38:08,8,16,0.5,1,5,0.2,5,5,1,0,3,3,2,2,1,3,2,22,15.2,-6,33.8
Joe Johnson,7,7,2015-11-07,34,BRK,A,MIL,-8,1,35:20,3,10,0.3,0,3,0,2,2,1,2,7,9,6,1,0,2,2,8,8.1,-13,29.3
Joe Johnson,8,8,2015-11-11,34,BRK,A,HOU,8,1,37:56,4,13,0.308,1,2,0.5,7,7,1,1,6,7,10,0,0,0,2,16,17.2,10,41.8
Joe Johnson,9,9,2015-11-13,34,BRK,A,SAC,-2,1,35:27,6,16,0.375,2,8,0.25,0,1,0,0,3,3,4,0,0,2,1,14,6.1,7,23.8
Joe Johnson,10,10,2015-11-14,34,BRK,A,GSW,-8,1,41:26,3,12,0.25,0,3,0,0,0,NA,0,4,4,3,1,0,5,1,6,-2.3,-9,15
Joe Johnson,11,11,2015-11-17,34,BRK,H,ATL,2,1,39:00,5,14,0.357,2,5,0.4,1,2,0.5,0,7,7,9,1,0,0,1,13,13.8,7,38.3
Joe Johnson,12,12,2015-11-18,34,BRK,A,CHO,-5,1,36:31,6,13,0.462,3,7,0.429,1,2,0.5,0,4,4,3,1,0,2,1,16,10.8,4,28
Joe Johnson,13,13,2015-11-20,34,BRK,A,BOS,-25,1,18:19,1,5,0.2,1,2,0.5,0,0,NA,0,2,2,1,0,0,0,0,3,1.2,-19,7.5
Joe Johnson,14,14,2015-11-22,34,BRK,H,BOS,10,1,36:23,5,10,0.5,3,6,0.5,4,6,0.667,0,4,4,4,1,0,3,3,17,12,22,30
Joe Johnson,15,15,2015-11-25,34,BRK,A,OKC,-11,1,31:36,2,11,0.182,0,5,0,1,1,1,1,5,6,4,1,0,6,2,5,-2.7,-6,17.5
Joe Johnson,16,16,2015-11-28,34,BRK,A,CLE,-2,1,39:28,5,11,0.455,2,5,0.4,5,5,1,0,3,3,1,2,0,6,3,17,7.7,2,24.3
Joe Johnson,17,17,2015-11-29,34,BRK,H,DET,4,1,38:45,4,10,0.4,1,4,0.25,4,4,1,0,5,5,1,0,0,3,1,13,6.4,10,19.8
Joe Johnson,18,18,2015-12-01,34,BRK,H,PHO,3,1,35:16,4,8,0.5,1,4,0.25,0,0,NA,0,2,2,2,3,0,4,1,9,5.6,-2,19
Joe Johnson,19,19,2015-12-04,34,BRK,A,NYK,-17,1,31:43,3,9,0.333,1,2,0.5,2,2,1,1,3,4,4,1,0,1,3,9,7.1,-12,22
Joe Johnson,20,20,2015-12-06,34,BRK,H,GSW,-16,1,36:25,4,12,0.333,1,3,0.333,0,0,NA,2,3,5,3,0,0,2,2,9,3.8,-15,19.3
Joe Johnson,21,21,2015-12-08,34,BRK,H,HOU,5,1,43:23,9,15,0.6,2,5,0.4,2,3,0.667,3,2,5,8,3,0,2,3,22,22.8,6,46.3
Joe Johnson,22,22,2015-12-10,34,BRK,H,PHI,9,1,33:16,3,9,0.333,1,4,0.25,0,0,NA,0,0,0,2,0,0,1,1,7,1.9,-4,10
Joe Johnson,23,23,2015-12-12,34,BRK,H,LAC,-5,1,35:38,6,14,0.429,2,6,0.333,1,2,0.5,1,3,4,3,0,0,2,1,15,8.5,3,24.5
Joe Johnson,24,24,2015-12-14,34,BRK,H,ORL,-23,1,26:24,2,8,0.25,2,4,0.5,0,0,NA,1,2,3,5,0,0,2,3,6,2.8,-16,17.3
Joe Johnson,25,25,2015-12-16,34,BRK,H,MIA,-6,1,32:44,2,9,0.222,1,1,1,0,0,NA,0,2,2,4,0,0,2,2,5,0.1,-9,13
Joe Johnson,26,26,2015-12-18,34,BRK,A,IND,-7,1,32:48,4,11,0.364,3,4,0.75,0,0,NA,0,0,0,3,3,0,1,2,11,8.2,-1,22.5
Joe Johnson,27,27,2015-12-20,34,BRK,H,MIN,-15,1,30:57,2,10,0.2,0,1,0,2,2,1,2,4,6,6,0,0,2,3,6,3.4,-14,21.5
Joe Johnson,28,28,2015-12-21,34,BRK,A,CHI,3,1,37:24,5,15,0.333,2,6,0.333,0,0,NA,0,3,3,5,2,0,0,3,12,8.7,2,28.3
Joe Johnson,29,29,2015-12-23,34,BRK,H,DAL,-1,1,36:59,6,16,0.375,1,6,0.167,0,0,NA,1,4,5,6,1,0,2,3,13,8.1,-4,29.8
Joe Johnson,30,30,2015-12-26,34,BRK,H,WAS,-15,1,36:47,3,10,0.3,1,4,0.25,2,4,0.5,0,3,3,1,0,0,2,1,9,1.6,-11,13.8
Joe Johnson,31,31,2015-12-28,34,BRK,A,MIA,6,1,35:19,1,6,0.167,1,4,0.25,1,2,0.5,2,4,6,4,0,0,2,3,4,2,4,17
Joe Johnson,32,32,2015-12-30,34,BRK,A,ORL,-7,1,34:18,3,8,0.375,1,5,0.2,0,0,NA,1,2,3,0,1,0,1,1,7,3.5,-11,12.8
Joe Johnson,33,33,2016-01-02,34,BRK,A,BOS,3,1,38:32,9,19,0.474,2,7,0.286,0,0,NA,0,1,1,2,0,0,3,2,20,8.2,-1,23.8
Joe Johnson,34,34,2016-01-04,34,BRK,H,BOS,-9,1,34:51,8,15,0.533,2,4,0.5,3,4,0.75,4,2,6,4,0,0,2,3,21,16.3,-4,34.5
Joe Johnson,35,35,2016-01-06,34,BRK,H,TOR,-17,1,31:54,2,7,0.286,1,2,0.5,0,0,NA,0,2,2,1,0,0,3,3,5,-2,-18,8
Joe Johnson,36,36,2016-01-08,34,BRK,H,ORL,-6,1,38:44,5,12,0.417,3,7,0.429,0,0,NA,0,3,3,3,1,0,2,3,13,7.4,-6,23.8
Joe Johnson,37,37,2016-01-09,34,BRK,A,DET,-14,1,33:43,6,10,0.6,2,2,1,0,0,NA,0,4,4,4,0,0,0,0,14,13.4,6,26
Joe Johnson,38,38,2016-01-11,34,BRK,H,SAS,-27,1,28:01,6,7,0.857,2,2,1,2,2,1,0,3,3,0,0,0,0,2,16,13.6,-17,20.8
Joe Johnson,39,39,2016-01-13,34,BRK,H,NYK,6,1,38:47,6,12,0.5,2,4,0.5,0,0,NA,0,7,7,6,1,0,2,1,14,12.9,12,33.8
Joe Johnson,40,40,2016-01-15,34,BRK,H,POR,-12,1,33:25,5,13,0.385,3,6,0.5,2,2,1,2,1,3,4,1,0,1,0,15,12.4,9,27.8
Joe Johnson,41,41,2016-01-16,34,BRK,A,ATL,-28,1,26:54,5,9,0.556,3,4,0.75,1,1,1,0,4,4,0,0,0,1,1,14,9.5,-1,20
Joe Johnson,42,42,2016-01-18,34,BRK,A,TOR,-12,1,37:20,9,12,0.75,3,4,0.75,1,1,1,1,4,5,7,0,0,2,0,22,22,1,39.3
Joe Johnson,43,43,2016-01-20,34,BRK,H,CLE,-13,1,30:51,1,7,0.143,1,4,0.25,0,0,NA,0,1,1,1,0,0,2,1,3,-2.9,-4,5.3
Joe Johnson,44,44,2016-01-22,34,BRK,H,UTA,-22,1,24:45,3,6,0.5,2,3,0.667,0,0,NA,0,5,5,4,1,0,1,2,8,8.5,-16,22.8
Joe Johnson,45,45,2016-01-24,34,BRK,H,OKC,10,1,35:16,5,14,0.357,1,3,0.333,2,2,1,0,0,0,6,2,0,2,4,13,7.8,6,25.5
Joe Johnson,46,46,2016-01-26,34,BRK,H,MIA,-4,1,36:40,5,8,0.625,2,4,0.5,3,3,1,0,4,4,8,0,0,5,0,15,13.2,2,30.5
Joe Johnson,47,47,2016-01-29,34,BRK,A,DAL,-12,1,37:39,3,8,0.375,0,4,0,7,7,1,0,3,3,4,0,0,0,2,13,11.5,6,22.8
Joe Johnson,48,48,2016-01-30,34,BRK,A,NOP,-2,1,34:42,4,10,0.4,2,6,0.333,0,0,NA,0,7,7,5,0,0,1,0,10,9.2,6,26.8
Joe Johnson,49,49,2016-02-01,34,BRK,H,DET,-5,1,25:02,1,8,0.125,0,4,0,1,2,0.5,0,3,3,5,0,0,3,1,3,-1.6,-6,12.8
Joe Johnson,50,50,2016-02-03,34,BRK,H,IND,-14,1,35:54,7,12,0.583,4,5,0.8,2,2,1,0,4,4,9,2,0,3,4,20,19.3,-3,43
Joe Johnson,51,51,2016-02-05,34,BRK,H,SAC,9,1,36:55,11,16,0.688,5,7,0.714,0,0,NA,1,5,6,11,2,1,6,0,27,26.8,13,58
Joe Johnson,52,52,2016-02-06,34,BRK,A,PHI,-5,1,28:47,2,8,0.25,1,4,0.25,4,4,1,0,0,0,3,0,0,1,1,9,4.9,-6,13.5
Joe Johnson,53,53,2016-02-08,34,BRK,H,DEN,1,1,29:34,5,10,0.5,2,5,0.4,0,0,NA,0,3,3,8,2,0,2,0,12,13.5,3,31.8
Joe Johnson,54,54,2016-02-10,34,BRK,H,MEM,-19,1,22:40,0,3,0,0,1,0,0,0,NA,0,2,2,1,0,0,4,1,0,-5.2,-1,2
Joe Johnson,55,55,2016-02-19,34,BRK,H,NYK,11,1,38:23,4,9,0.444,1,4,0.25,3,4,0.75,1,5,6,6,0,0,3,3,12,9.1,19,27.5
Joe Johnson,56,56,2016-02-21,34,BRK,H,CHO,-8,1,32:38,4,6,0.667,1,2,0.5,8,9,0.889,0,3,3,3,2,0,2,1,17,16.6,-2,28.8
Joe Johnson,57,57,2016-02-23,34,BRK,A,POR,-8,1,33:40,7,13,0.538,1,2,0.5,4,4,1,0,8,8,4,0,0,4,2,19,13.1,-8,33.5
Brook Lopez,1,1,2015-10-28,27,BRK,H,CHI,-15,1,33:20,10,17,0.588,0,0,NA,6,7,0.857,4,3,7,2,0,1,3,2,26,19.7,-20,38.3
Brook Lopez,2,2,2015-10-30,27,BRK,A,SAS,-27,1,31:59,6,11,0.545,0,0,NA,5,6,0.833,0,3,3,4,0,1,2,3,17,12.5,-23,27.8
Brook Lopez,3,3,2015-10-31,27,BRK,A,MEM,-10,1,28:18,4,11,0.364,0,0,NA,4,6,0.667,2,8,10,0,0,1,0,3,12,8.4,-2,28
Brook Lopez,4,4,2015-11-02,27,BRK,H,MIL,-7,1,34:24,6,10,0.6,0,1,0,6,7,0.857,1,8,9,1,0,2,4,5,18,12.2,3,32.8
Brook Lopez,5,5,2015-11-04,27,BRK,A,ATL,-14,1,36:00,11,16,0.688,0,0,NA,5,7,0.714,5,6,11,3,0,1,2,1,27,25.1,-6,47.8
Brook Lopez,6,6,2015-11-06,27,BRK,H,LAL,-6,1,38:40,8,19,0.421,0,1,0,7,7,1,4,6,10,1,0,4,2,3,23,17.8,-4,45.5
Brook Lopez,7,7,2015-11-07,27,BRK,A,MIL,-8,1,28:53,9,17,0.529,0,0,NA,2,2,1,1,3,4,1,0,2,4,2,20,10.6,-9,28.5
Brook Lopez,8,8,2015-11-11,27,BRK,A,HOU,8,1,35:23,6,17,0.353,0,0,NA,2,3,0.667,5,7,12,0,1,5,1,1,14,12.8,7,42
Brook Lopez,9,9,2015-11-13,27,BRK,A,SAC,-2,1,35:44,5,15,0.333,0,0,NA,7,8,0.875,4,6,10,1,0,4,3,5,17,11.2,6,39
Brook Lopez,10,10,2015-11-14,27,BRK,A,GSW,-8,1,41:52,8,21,0.381,0,1,0,2,2,1,4,5,9,1,1,3,1,3,18,12.4,0,38.3
Brook Lopez,11,11,2015-11-17,27,BRK,H,ATL,2,1,35:25,11,21,0.524,0,0,NA,2,4,0.5,2,8,10,1,1,3,1,3,24,18.3,3,47
Brook Lopez,12,12,2015-11-18,27,BRK,A,CHO,-5,1,35:12,8,19,0.421,0,0,NA,7,8,0.875,2,3,5,3,0,2,1,5,23,15.3,6,37.3
Brook Lopez,13,13,2015-11-20,27,BRK,A,BOS,-25,1,26:54,5,9,0.556,0,0,NA,4,4,1,3,4,7,2,0,0,2,1,14,12,-15,24.8
Brook Lopez,14,14,2015-11-22,27,BRK,H,BOS,10,1,34:38,10,20,0.5,0,0,NA,3,4,0.75,5,5,10,0,1,0,2,3,23,15.4,3,38
Brook Lopez,15,15,2015-11-25,27,BRK,A,OKC,-11,1,33:50,11,23,0.478,0,0,NA,4,4,1,6,2,8,2,2,2,3,3,26,19.7,-9,45.5
Brook Lopez,16,16,2015-11-28,27,BRK,A,CLE,-2,1,37:30,10,15,0.667,0,0,NA,2,5,0.4,1,8,9,2,1,2,2,5,22,17.2,5,41.3
Brook Lopez,17,17,2015-11-29,27,BRK,H,DET,4,1,35:34,6,18,0.333,0,0,NA,3,5,0.6,2,7,9,5,4,6,3,6,15,13.8,-4,52.3
Brook Lopez,18,18,2015-12-01,27,BRK,H,PHO,3,1,36:50,10,20,0.5,0,0,NA,3,5,0.6,1,5,6,2,0,1,2,3,23,13.3,10,34.5
Brook Lopez,19,19,2015-12-04,27,BRK,A,NYK,-17,1,34:31,8,20,0.4,0,0,NA,5,5,1,2,2,4,2,1,2,2,3,21,12.8,-19,34
Brook Lopez,20,20,2015-12-06,27,BRK,H,GSW,-16,1,27:44,7,14,0.5,0,0,NA,4,4,1,3,5,8,3,1,1,3,3,18,14.2,-15,35
Brook Lopez,21,21,2015-12-08,27,BRK,H,HOU,5,1,38:41,9,14,0.643,0,0,NA,6,6,1,4,4,8,0,1,5,6,3,24,19.1,5,43
Brook Lopez,22,22,2015-12-10,27,BRK,H,PHI,9,1,19:03,2,3,0.667,0,0,NA,3,5,0.6,2,5,7,1,0,1,5,5,7,2.2,15,16.8
Brook Lopez,23,23,2015-12-12,27,BRK,H,LAC,-5,1,31:35,5,11,0.455,0,0,NA,4,4,1,8,4,12,0,1,1,5,2,14,11,-14,32
Brook Lopez,24,24,2015-12-14,27,BRK,H,ORL,-23,1,32:20,4,15,0.267,0,0,NA,3,4,0.75,2,4,6,0,0,0,1,2,11,2.5,-12,18
Brook Lopez,25,25,2015-12-16,27,BRK,H,MIA,-6,1,28:09,12,16,0.75,0,0,NA,1,2,0.5,3,3,6,0,0,0,0,4,25,19.6,-3,32.5
Brook Lopez,26,26,2015-12-18,27,BRK,A,IND,-7,1,32:35,7,15,0.467,0,0,NA,4,4,1,2,3,5,1,0,1,2,5,18,10,-4,26.8
Brook Lopez,27,27,2015-12-20,27,BRK,H,MIN,-15,1,39:36,8,11,0.727,0,1,0,4,5,0.8,2,10,12,5,1,2,4,3,20,20.2,-7,48
Brook Lopez,28,28,2015-12-21,27,BRK,A,CHI,3,1,35:10,8,18,0.444,0,0,NA,5,6,0.833,3,9,12,2,2,3,3,3,21,17.3,6,49
Brook Lopez,29,29,2015-12-23,27,BRK,H,DAL,-1,1,35:02,6,15,0.4,0,0,NA,1,3,0.333,2,4,6,2,1,2,0,3,13,9.3,-1,29.5
Brook Lopez,30,30,2015-12-26,27,BRK,H,WAS,-15,1,30:02,9,16,0.563,0,0,NA,1,3,0.333,6,5,11,3,0,2,1,3,19,17.6,-22,42.3
Brook Lopez,31,31,2015-12-28,27,BRK,A,MIA,6,1,35:14,10,24,0.417,0,0,NA,6,7,0.857,5,7,12,0,2,1,2,4,26,17.5,2,47.5
Brook Lopez,32,32,2015-12-30,27,BRK,A,ORL,-7,1,39:12,7,18,0.389,0,1,0,10,12,0.833,6,9,15,2,3,5,2,3,24,25,-5,62.3
Brook Lopez,33,33,2016-01-02,27,BRK,A,BOS,3,1,38:11,11,24,0.458,0,0,NA,8,8,1,5,8,13,2,1,1,4,4,30,21,17,52.8
Brook Lopez,34,34,2016-01-04,27,BRK,H,BOS,-9,1,36:58,6,14,0.429,0,0,NA,7,7,1,0,5,5,1,0,1,3,4,19,9.9,-8,27.3
Brook Lopez,35,35,2016-01-06,27,BRK,H,TOR,-17,1,40:17,11,21,0.524,0,0,NA,2,5,0.4,5,8,13,1,1,3,3,2,24,18.4,-9,49.8
Brook Lopez,36,36,2016-01-08,27,BRK,H,ORL,-6,1,34:32,6,15,0.4,0,0,NA,5,8,0.625,3,5,8,0,1,1,3,0,17,10,-11,29.5
Brook Lopez,37,37,2016-01-09,27,BRK,A,DET,-14,1,30:08,8,11,0.727,0,0,NA,3,3,1,1,6,7,1,0,3,3,4,19,15.2,-3,33.8
Brook Lopez,38,38,2016-01-11,27,BRK,H,SAS,-27,1,31:53,8,17,0.471,0,0,NA,2,2,1,1,4,5,2,0,2,1,3,18,11.8,-14,30.8
Brook Lopez,39,39,2016-01-13,27,BRK,H,NYK,6,1,29:32,8,13,0.615,0,0,NA,4,6,0.667,1,7,8,5,2,1,0,3,20,21.1,17,43.5
Brook Lopez,40,40,2016-01-15,27,BRK,H,POR,-12,1,27:48,9,17,0.529,0,0,NA,7,10,0.7,3,4,7,1,0,1,2,1,25,17.8,6,36.3
Brook Lopez,41,41,2016-01-16,27,BRK,A,ATL,-28,1,31:37,4,10,0.4,0,0,NA,2,3,0.667,1,2,3,1,0,0,2,2,10,3.4,-14,14.3
Brook Lopez,42,42,2016-01-18,27,BRK,A,TOR,-12,1,37:36,13,22,0.591,0,0,NA,3,5,0.6,2,8,10,3,1,2,1,2,29,24.5,-9,53
Brook Lopez,43,43,2016-01-20,27,BRK,H,CLE,-13,1,32:45,8,15,0.533,0,0,NA,0,1,0,3,7,10,1,0,1,2,2,16,11.1,-13,32.5
Brook Lopez,44,44,2016-01-22,27,BRK,H,UTA,-22,1,19:18,4,8,0.5,0,0,NA,0,0,NA,1,2,3,0,2,0,3,3,8,3.1,-3,14.3
Brook Lopez,45,45,2016-01-24,27,BRK,H,OKC,10,1,32:27,11,19,0.579,0,0,NA,9,10,0.9,5,5,10,2,0,3,1,4,31,27.6,18,53.5
Brook Lopez,46,46,2016-01-26,27,BRK,H,MIA,-4,1,30:57,5,9,0.556,0,0,NA,3,4,0.75,1,9,10,1,0,1,3,2,13,9.3,0,29
Brook Lopez,47,47,2016-01-29,27,BRK,A,DAL,-12,1,36:57,10,21,0.476,0,0,NA,8,11,0.727,4,8,12,3,2,2,2,4,28,23.2,3,56
Brook Lopez,48,48,2016-01-30,27,BRK,A,NOP,-2,1,36:58,13,23,0.565,0,0,NA,7,12,0.583,1,9,10,1,3,4,1,3,33,27.8,15,62
Brook Lopez,49,49,2016-02-01,27,BRK,H,DET,-5,1,36:26,13,19,0.684,0,1,0,1,1,1,1,4,5,2,1,2,0,2,27,23.8,-8,42.3
Brook Lopez,50,50,2016-02-03,27,BRK,H,IND,-14,1,37:54,6,12,0.5,0,1,0,9,14,0.643,3,4,7,3,1,1,3,3,21,15.9,-1,36.8
Brook Lopez,51,51,2016-02-05,27,BRK,H,SAC,9,1,40:51,11,21,0.524,0,0,NA,4,4,1,7,5,12,3,0,1,3,3,26,20.7,6,47.5
Brook Lopez,52,52,2016-02-06,27,BRK,A,PHI,-5,1,33:50,5,11,0.455,0,0,NA,7,7,1,3,2,5,0,0,1,2,3,17,11.5,-2,24.3
Brook Lopez,53,53,2016-02-08,27,BRK,H,DEN,1,1,31:23,6,11,0.545,0,0,NA,4,6,0.667,2,2,4,0,0,1,3,2,16,8.8,3,21.5
Brook Lopez,54,54,2016-02-10,27,BRK,H,MEM,-19,1,29:53,8,14,0.571,0,0,NA,4,4,1,1,3,4,4,2,0,5,0,20,14.8,-13,32.5
Brook Lopez,55,55,2016-02-19,27,BRK,H,NYK,11,1,36:47,13,23,0.565,0,0,NA,7,8,0.875,2,6,8,2,1,4,2,4,33,26.5,15,55
Brook Lopez,56,56,2016-02-21,27,BRK,H,CHO,-8,1,31:56,7,12,0.583,1,1,1,1,2,0.5,4,6,10,6,2,2,2,3,16,19,-8,46.5
Brook Lopez,57,57,2016-02-23,27,BRK,A,POR,-8,1,40:21,16,24,0.667,0,0,NA,4,5,0.8,5,5,10,1,4,1,3,4,36,31,-4,60
Brook Lopez,58,58,2016-02-25,27,BRK,A,PHO,10,1,29:42,4,10,0.4,0,0,NA,4,6,0.667,1,5,6,2,1,1,2,5,12,7.1,3,25.5
Brook Lopez,59,59,2016-02-27,27,BRK,A,UTA,2,1,34:09,8,16,0.5,0,0,NA,3,4,0.75,1,5,6,2,1,1,4,3,19,10.7,-3,31.5
Brook Lopez,60,60,2016-02-29,27,BRK,A,LAC,-10,1,34:12,9,17,0.529,0,0,NA,7,8,0.875,5,5,10,4,1,2,3,2,25,22.7,-1,49.5
Brook Lopez,61,61,2016-03-01,27,BRK,A,LAL,-6,1,32:36,9,18,0.5,0,1,0,5,8,0.625,2,5,7,4,0,1,2,6,23,14.8,6,38.8
Brook Lopez,62,62,2016-03-04,27,BRK,A,DEN,1,1,38:09,6,13,0.462,0,0,NA,8,10,0.8,2,2,4,5,2,0,3,4,20,15.4,0,35
Brook Lopez,64,63,2016-03-08,27,BRK,A,TOR,-5,1,35:29,13,17,0.765,0,0,NA,9,9,1,1,4,5,3,1,7,5,3,35,32,-2,59.3
Brook Lopez,65,64,2016-03-11,27,BRK,A,PHI,-6,1,34:15,10,17,0.588,0,1,0,4,5,0.8,3,4,7,1,0,3,1,0,24,20.8,4,39.8
Brook Lopez,66,65,2016-03-13,27,BRK,H,MIL,-9,1,34:34,8,12,0.667,0,0,NA,4,4,1,1,2,3,2,0,2,3,2,20,15.1,-12,29.3
Brook Lopez,67,66,2016-03-15,27,BRK,H,PHI,17,1,37:08,7,17,0.412,1,1,1,3,4,0.75,5,5,10,4,1,0,2,3,18,14.1,24,39.5
Brook Lopez,68,67,2016-03-17,27,BRK,A,CHI,-16,1,31:09,4,8,0.5,0,0,NA,1,1,1,1,2,3,2,0,0,1,2,9,5.9,9,15.3
Brook Lopez,70,68,2016-03-22,27,BRK,H,CHO,-5,1,39:26,11,19,0.579,0,1,0,7,7,1,4,5,9,6,0,0,3,4,29,24,-2,47.8
Brook Lopez,71,69,2016-03-24,27,BRK,H,CLE,9,1,31:34,8,15,0.533,0,0,NA,6,8,0.75,2,5,7,5,1,0,1,4,22,18.7,8,39.8
Brook Lopez,72,70,2016-03-26,27,BRK,H,IND,10,1,38:06,7,16,0.438,0,0,NA,9,13,0.692,1,8,9,4,2,0,4,3,23,15.7,10,42.3
Brook Lopez,73,71,2016-03-28,27,BRK,A,MIA,-11,1,34:46,12,20,0.6,0,1,0,2,2,1,3,1,4,0,0,1,4,1,26,15.5,0,31
Brook Lopez,74,72,2016-03-29,27,BRK,A,ORL,-34,1,14:41,2,7,0.286,0,0,NA,1,2,0.5,2,1,3,1,0,0,4,2,5,-1.9,-10,8.3
Brook Lopez,76,73,2016-04-01,28,BRK,A,NYK,-14,1,30:04,7,20,0.35,0,1,0,2,2,1,3,5,8,4,0,1,2,1,16,9.5,-12,33
Sergey Karasev,2,1,2015-10-30,22,BRK,A,SAS,-27,0,2:21,0,0,NA,0,0,NA,2,2,1,0,0,0,0,0,0,1,0,2,1,0,1.5
Sergey Karasev,5,2,2015-11-04,22,BRK,A,ATL,-14,0,1:37,0,1,0,0,1,0,0,0,NA,0,0,0,0,0,0,0,0,0,-0.7,0,0
Sergey Karasev,7,3,2015-11-07,22,BRK,A,MIL,-8,0,1:44,0,0,NA,0,0,NA,2,2,1,0,1,1,0,0,0,0,0,2,2.3,7,3.3
Sergey Karasev,13,4,2015-11-20,22,BRK,A,BOS,-25,0,24:03,2,4,0.5,1,3,0.333,0,0,NA,0,0,0,1,1,0,1,3,5,2.5,-10,8.5
Sergey Karasev,14,5,2015-11-22,22,BRK,H,BOS,10,0,9:32,0,1,0,0,1,0,0,0,NA,0,3,3,0,0,0,0,0,0,0.2,6,3.8
Sergey Karasev,15,6,2015-11-25,22,BRK,A,OKC,-11,0,7:39,0,2,0,0,0,NA,0,0,NA,0,0,0,0,0,0,0,0,0,-1.4,3,0
Sergey Karasev,16,7,2015-11-28,22,BRK,A,CLE,-2,0,2:32,0,0,NA,0,0,NA,0,0,NA,0,0,0,0,0,0,0,0,0,0,-2,0
Sergey Karasev,17,8,2015-11-29,22,BRK,H,DET,4,0,5:42,0,0,NA,0,0,NA,0,0,NA,0,1,1,0,0,0,0,0,0,0.3,-5,1.3
Sergey Karasev,19,9,2015-12-04,22,BRK,A,NYK,-17,0,8:28,0,2,0,0,1,0,0,0,NA,0,0,0,0,0,0,0,0,0,-1.4,8,0
Sergey Karasev,24,10,2015-12-14,22,BRK,H,ORL,-23,0,4:05,0,0,NA,0,0,NA,0,0,NA,0,0,0,1,0,0,1,0,0,-0.3,0,1
Sergey Karasev,30,11,2015-12-26,22,BRK,H,WAS,-15,0,2:51,1,1,1,0,0,NA,0,0,NA,0,2,2,0,0,0,0,0,2,2.3,4,4.5
Sergey Karasev,35,12,2016-01-06,22,BRK,H,TOR,-17,0,2:35,0,0,NA,0,0,NA,0,0,NA,0,0,0,1,0,0,1,0,0,-0.3,-1,1
Sergey Karasev,37,13,2016-01-09,22,BRK,A,DET,-14,0,4:46,0,0,NA,0,0,NA,0,0,NA,0,0,0,0,0,0,1,0,0,-1,-2,-0.5
Sergey Karasev,38,14,2016-01-11,22,BRK,H,SAS,-27,0,4:41,1,1,1,0,0,NA,0,0,NA,0,1,1,0,0,0,0,0,2,2,-6,3.3
Sergey Karasev,39,15,2016-01-13,22,BRK,H,NYK,6,0,8:31,0,0,NA,0,0,NA,0,0,NA,1,1,2,0,0,0,1,3,0,-1.2,-5,2
Sergey Karasev,40,16,2016-01-15,22,BRK,H,POR,-12,0,5:21,0,1,0,0,1,0,0,0,NA,0,0,0,0,0,0,0,0,0,-0.7,-13,0
Sergey Karasev,41,17,2016-01-16,22,BRK,A,ATL,-28,0,2:47,0,0,NA,0,0,NA,2,2,1,1,1,2,0,0,0,0,0,2,3,-1,4.5
Sergey Karasev,43,18,2016-01-20,22,BRK,H,CLE,-13,0,6:22,0,1,0,0,1,0,0,0,NA,0,2,2,0,0,0,0,0,0,-0.1,-3,2.5
Sergey Karasev,44,19,2016-01-22,22,BRK,H,UTA,-22,0,9:35,4,5,0.8,1,2,0.5,0,0,NA,0,1,1,1,0,0,0,0,9,8.1,7,12.3
Sergey Karasev,45,20,2016-01-24,22,BRK,H,OKC,10,0,5:41,1,2,0.5,0,0,NA,0,0,NA,0,1,1,0,0,0,1,0,2,0.3,1,2.8
Sergey Karasev,46,21,2016-01-26,22,BRK,H,MIA,-4,0,6:09,0,1,0,0,0,NA,0,0,NA,0,1,1,3,0,0,0,0,0,1.7,-4,5.8
Sergey Karasev,47,22,2016-01-29,22,BRK,A,DAL,-12,0,3:40,0,1,0,0,0,NA,0,0,NA,1,0,1,0,0,0,0,0,0,0,-10,1.3
Sergey Karasev,50,23,2016-02-03,22,BRK,H,IND,-14,0,1:38,0,0,NA,0,0,NA,0,0,NA,0,0,0,0,0,0,0,0,0,0,1,0
Sergey Karasev,54,24,2016-02-10,22,BRK,H,MEM,-19,0,11:42,0,1,0,0,1,0,0,0,NA,0,0,0,1,0,0,0,0,0,0,7,1.5
Sergey Karasev,58,25,2016-02-25,22,BRK,A,PHO,10,0,9:41,1,1,1,1,1,1,0,0,NA,0,1,1,1,0,0,0,1,3,3.3,3,6.3
Sergey Karasev,59,26,2016-02-27,22,BRK,A,UTA,2,0,19:42,2,3,0.667,1,1,1,0,0,NA,0,4,4,1,0,0,0,1,5,5.2,12,12
Sergey Karasev,60,27,2016-02-29,22,BRK,A,LAC,-10,0,12:57,0,1,0,0,1,0,0,0,NA,0,1,1,0,1,1,1,1,0,-0.1,-10,4.8
Sergey Karasev,61,28,2016-03-01,22,BRK,A,LAL,-6,0,5:21,0,1,0,0,1,0,0,0,NA,0,0,0,0,0,0,1,0,0,-1.7,-3,-0.5
Sergey Karasev,63,29,2016-03-05,22,BRK,A,MIN,-14,0,5:36,0,0,NA,0,0,NA,0,0,NA,0,0,0,0,0,0,0,1,0,-0.4,2,0
Sergey Karasev,65,30,2016-03-11,22,BRK,A,PHI,-6,0,15:39,1,5,0.2,1,1,1,0,0,NA,1,1,2,1,0,0,2,1,3,-0.8,8,6.5
Sergey Karasev,66,31,2016-03-13,22,BRK,H,MIL,-9,0,19:30,2,3,0.667,2,3,0.667,2,2,1,0,1,1,1,1,1,1,1,8,8,14,15.3
Sergey Karasev,67,32,2016-03-15,22,BRK,H,PHI,17,0,5:28,0,1,0,0,1,0,0,0,NA,0,1,1,1,1,0,0,0,0,1.3,4,4.8
Sergey Karasev,68,33,2016-03-17,22,BRK,A,CHI,-16,1,31:50,4,11,0.364,1,7,0.143,2,2,1,0,5,5,5,0,0,1,2,11,8.1,1,24.8
Sergey Karasev,69,34,2016-03-19,22,BRK,A,DET,-12,0,14:39,1,1,1,0,0,NA,0,0,NA,0,1,1,1,0,0,0,2,2,1.9,-7,4.8
Sergey Karasev,71,35,2016-03-24,22,BRK,H,CLE,9,1,18:10,1,5,0.2,1,3,0.333,0,0,NA,0,4,4,2,0,0,1,1,3,1.1,-6,11
Sergey Karasev,72,36,2016-03-26,22,BRK,H,IND,10,1,25:44,5,7,0.714,1,3,0.333,6,7,0.857,2,5,7,4,2,0,3,2,17,17.6,13,34.8
Sergey Karasev,73,37,2016-03-28,22,BRK,A,MIA,-11,1,18:17,1,2,0.5,0,0,NA,1,2,0.5,0,2,2,2,0,0,1,1,3,2.2,1,8
Sergey Karasev,74,38,2016-03-29,22,BRK,A,ORL,-34,1,19:34,1,1,1,1,1,1,6,6,1,0,3,3,1,0,0,1,1,9,8.9,7,14.3
Sergey Karasev,77,39,2016-04-03,22,BRK,H,NOP,-19,0,19:58,1,5,0.2,0,1,0,0,0,NA,1,4,5,6,0,0,2,2,2,2.2,-26,16.3
Sergey Karasev,80,40,2016-04-10,22,BRK,A,IND,-24,0,13:17,1,3,0.333,0,2,0,3,3,1,1,2,3,1,0,0,1,4,5,2.7,-1,9.8
Sean Kilpatrick,12,9,2016-02-29,26,BRK,A,LAC,-10,0,0:29,0,0,NA,0,0,NA,0,0,NA,0,0,0,0,0,0,0,0,0,0,-3,NA
Sean Kilpatrick,13,10,2016-03-01,26,BRK,A,LAL,-6,0,21:11,3,8,0.375,2,4,0.5,0,0,NA,0,1,1,1,0,0,0,2,8,3.8,-10,11.8
Sean Kilpatrick,14,11,2016-03-04,26,BRK,A,DEN,1,0,19:46,4,11,0.364,2,5,0.4,2,2,1,0,2,2,0,0,0,0,1,12,6.1,0,15.5
Sean Kilpatrick,15,12,2016-03-05,26,BRK,A,MIN,-14,0,26:10,6,13,0.462,3,5,0.6,4,4,1,1,2,3,0,1,0,0,0,19,14.6,4,26.3
Sean Kilpatrick,16,13,2016-03-08,26,BRK,A,TOR,-5,0,14:55,3,7,0.429,2,4,0.5,0,0,NA,0,0,0,0,0,0,1,2,8,2.5,-10,8.5
Sean Kilpatrick,17,14,2016-03-11,26,BRK,A,PHI,-6,0,23:42,4,7,0.571,0,3,0,2,2,1,0,3,3,0,0,0,2,2,10,4.8,-9,12.8
Sean Kilpatrick,18,15,2016-03-13,26,BRK,H,MIL,-9,0,22:11,8,13,0.615,3,6,0.5,0,0,NA,0,1,1,1,0,0,1,2,19,12.3,-8,22.8
Sean Kilpatrick,19,16,2016-03-15,26,BRK,H,PHI,17,0,23:14,6,9,0.667,3,4,0.75,4,4,1,1,2,3,2,0,0,1,0,19,16.8,-4,26.8
Sean Kilpatrick,20,17,2016-03-17,26,BRK,A,CHI,-16,0,20:49,3,7,0.429,1,3,0.333,5,6,0.833,0,1,1,1,1,0,0,1,12,9.5,-23,17.3
Sean Kilpatrick,21,18,2016-03-19,26,BRK,A,DET,-12,0,21:00,5,8,0.625,2,2,1,3,4,0.75,0,2,2,0,0,0,1,2,15,9.8,-10,18
Sean Kilpatrick,22,19,2016-03-22,26,BRK,H,CHO,-5,0,27:14,9,12,0.75,4,5,0.8,3,3,1,0,2,2,1,0,1,0,1,25,21.8,16,33
Sean Kilpatrick,23,20,2016-03-24,26,BRK,H,CLE,9,0,22:07,4,13,0.308,0,6,0,2,2,1,0,0,0,1,1,0,0,0,10,4.2,2,13.5
Sean Kilpatrick,24,21,2016-03-26,26,BRK,H,IND,10,0,23:10,6,9,0.667,0,0,NA,2,2,1,1,3,4,1,0,0,4,3,14,7.2,1,18.5
Sean Kilpatrick,25,22,2016-03-28,26,BRK,A,MIA,-11,0,21:28,5,11,0.455,0,3,0,4,4,1,1,2,3,0,0,0,2,1,14,7.2,-8,16.8
Sean Kilpatrick,26,23,2016-03-29,26,BRK,A,ORL,-34,0,23:16,4,12,0.333,0,3,0,3,5,0.6,1,1,2,3,2,0,4,0,11,4.5,-12,20
Sean Kilpatrick,27,24,2016-03-31,26,BRK,A,CLE,-20,0,21:01,2,9,0.222,0,4,0,0,0,NA,0,1,1,2,0,0,0,2,4,-0.6,-9,8.3
Sean Kilpatrick,28,25,2016-04-01,26,BRK,A,NYK,-14,0,33:11,7,20,0.35,1,8,0.125,2,2,1,2,2,4,2,0,0,2,0,17,7.2,0,24.5
Sean Kilpatrick,29,26,2016-04-03,26,BRK,H,NOP,-19,0,26:09,6,10,0.6,3,4,0.75,0,0,NA,1,2,3,0,0,0,4,3,15,6.5,-27,18.3
Sean Kilpatrick,30,27,2016-04-06,26,BRK,A,WAS,-18,0,25:37,4,11,0.364,1,3,0.333,6,6,1,0,1,1,1,0,0,3,3,15,5.7,-17,16.8
Sean Kilpatrick,31,28,2016-04-08,26,BRK,A,CHO,-14,0,27:15,5,12,0.417,2,7,0.286,4,4,1,1,1,2,2,2,0,1,0,16,13,2,26
Sean Kilpatrick,32,29,2016-04-10,26,BRK,A,IND,-24,0,28:23,10,18,0.556,3,7,0.429,3,3,1,1,1,2,2,0,0,1,3,26,17.6,-3,32.5
Sean Kilpatrick,33,30,2016-04-11,26,BRK,H,WAS,-9,0,30:23,6,15,0.4,2,7,0.286,3,5,0.6,0,5,5,3,2,1,0,0,17,14.4,3,34.8
Sean Kilpatrick,34,31,2016-04-13,26,BRK,H,TOR,-7,0,31:26,5,14,0.357,1,4,0.25,1,1,1,0,5,5,3,1,0,0,2,12,8,-10,25.3
Donald Sloan,1,1,2015-10-28,27,BRK,H,CHI,-15,0,15:28,0,4,0,0,0,NA,2,2,1,1,1,2,0,1,0,0,1,2,0.8,-9,6.5
Donald Sloan,2,2,2015-10-30,27,BRK,A,SAS,-27,0,4:37,0,1,0,0,0,NA,0,0,NA,0,0,0,0,1,0,1,0,0,-0.7,-4,1.5
Donald Sloan,19,3,2015-12-04,27,BRK,A,NYK,-17,0,3:34,0,0,NA,0,0,NA,0,0,NA,0,0,0,0,0,0,1,0,0,-1,3,-0.5
Donald Sloan,20,4,2015-12-06,27,BRK,H,GSW,-16,0,4:09,1,1,1,0,0,NA,0,0,NA,0,0,0,2,0,0,0,0,2,3.1,4,5
Donald Sloan,23,5,2015-12-12,27,BRK,H,LAC,-5,0,6:25,0,0,NA,0,0,NA,0,0,NA,0,0,0,0,0,0,1,1,0,-1.4,4,-0.5
Donald Sloan,24,6,2015-12-14,27,BRK,H,ORL,-23,0,4:05,0,0,NA,0,0,NA,0,0,NA,0,0,0,1,0,0,2,0,0,-1.3,0,0.5
Donald Sloan,25,7,2015-12-16,27,BRK,H,MIA,-6,0,12:21,2,2,1,0,0,NA,1,1,1,1,0,1,3,0,0,0,0,5,7.2,-6,10.8
Donald Sloan,26,8,2015-12-18,27,BRK,A,IND,-7,0,23:59,3,7,0.429,0,0,NA,0,0,NA,0,6,6,3,0,0,2,2,6,3.4,1,17
Donald Sloan,27,9,2015-12-20,27,BRK,H,MIN,-15,0,19:45,3,7,0.429,0,1,0,0,0,NA,0,3,3,4,1,0,0,1,6,6.6,-2,17.8
Donald Sloan,28,10,2015-12-21,27,BRK,A,CHI,3,0,17:26,3,7,0.429,0,1,0,0,0,NA,1,3,4,6,0,0,2,1,6,5.7,1,19
Donald Sloan,29,11,2015-12-23,27,BRK,H,DAL,-1,0,10:13,1,3,0.333,0,0,NA,0,0,NA,1,2,3,6,1,0,0,1,2,6.4,-2,16.8
Donald Sloan,30,12,2015-12-26,27,BRK,H,WAS,-15,0,6:13,0,0,NA,0,0,NA,1,2,0.5,0,1,1,3,0,0,1,1,1,1.6,4,6.3
Donald Sloan,33,13,2016-01-02,27,BRK,A,BOS,3,0,7:53,1,2,0.5,0,1,0,0,0,NA,0,0,0,1,0,0,0,1,2,1.3,-11,3.5
Donald Sloan,34,14,2016-01-04,27,BRK,H,BOS,-9,0,21:29,2,5,0.4,1,2,0.5,0,0,NA,1,3,4,3,1,0,2,1,5,4.6,-3,16
Donald Sloan,35,15,2016-01-06,27,BRK,H,TOR,-17,0,19:00,1,3,0.333,0,0,NA,0,0,NA,0,3,3,4,1,0,4,0,2,1,-7,11.8
Donald Sloan,36,16,2016-01-08,27,BRK,H,ORL,-6,0,18:03,1,4,0.25,1,2,0.5,0,2,0,0,2,2,5,0,0,0,0,3,3.9,6,13.5
Donald Sloan,37,17,2016-01-09,27,BRK,A,DET,-14,0,23:47,5,8,0.625,2,3,0.667,3,4,0.75,0,2,2,10,0,0,3,1,15,15.2,5,33.5
Donald Sloan,38,18,2016-01-11,27,BRK,H,SAS,-27,1,24:05,1,4,0.25,0,1,0,0,0,NA,0,0,0,5,0,1,1,1,2,2.4,-14,11
Donald Sloan,39,19,2016-01-13,27,BRK,H,NYK,6,1,22:47,3,6,0.5,2,3,0.667,0,0,NA,0,4,4,3,1,0,1,0,8,8.3,8,20
Donald Sloan,40,20,2016-01-15,28,BRK,H,POR,-12,1,32:09,5,6,0.833,2,3,0.667,3,4,0.75,2,7,9,9,0,0,3,2,15,18.4,5,39.3
Donald Sloan,41,21,2016-01-16,28,BRK,A,ATL,-28,1,25:17,1,5,0.2,0,2,0,2,2,1,0,4,4,12,0,0,3,2,4,6.7,-4,25.5
Donald Sloan,42,22,2016-01-18,28,BRK,A,TOR,-12,1,34:28,4,10,0.4,1,4,0.25,4,4,1,0,8,8,6,0,0,2,3,13,11,-6,31.5
Donald Sloan,43,23,2016-01-20,28,BRK,H,CLE,-13,1,24:54,6,10,0.6,0,2,0,0,0,NA,0,1,1,9,1,0,3,0,12,12,3,27.3
Donald Sloan,44,24,2016-01-22,28,BRK,H,UTA,-22,1,25:24,0,4,0,0,0,NA,2,2,1,3,1,4,6,0,0,1,1,2,4.4,-14,15.5
Donald Sloan,45,25,2016-01-24,28,BRK,H,OKC,10,1,27:28,2,6,0.333,2,2,1,5,10,0.5,1,5,6,2,2,0,1,2,11,9.4,7,26
Donald Sloan,46,26,2016-01-26,28,BRK,H,MIA,-4,1,23:26,4,8,0.5,2,3,0.667,0,0,NA,0,2,2,2,0,0,3,2,10,4.2,-5,15
Donald Sloan,47,27,2016-01-29,28,BRK,A,DAL,-12,1,35:29,5,11,0.455,2,5,0.4,1,1,1,0,2,2,4,2,0,2,0,13,10.7,4,25.5
Donald Sloan,48,28,2016-01-30,28,BRK,A,NOP,-2,1,21:54,0,3,0,0,0,NA,2,2,1,2,1,3,3,0,0,0,0,2,3.7,-1,10.3
Donald Sloan,49,29,2016-02-01,28,BRK,H,DET,-5,1,25:37,2,4,0.5,1,1,1,0,0,NA,0,5,5,4,1,0,2,2,5,5.5,-13,18.8
Donald Sloan,50,30,2016-02-03,28,BRK,H,IND,-14,1,32:26,4,12,0.333,0,4,0,3,4,0.75,0,3,3,7,1,0,1,2,11,8.8,-4,26.8
Donald Sloan,51,31,2016-02-05,28,BRK,H,SAC,9,1,30:43,6,10,0.6,4,5,0.8,1,1,1,0,4,4,1,0,0,3,2,17,10.5,2,24
Donald Sloan,52,32,2016-02-06,28,BRK,A,PHI,-5,1,21:44,1,3,0.333,0,0,NA,2,2,1,0,4,4,4,1,0,4,3,4,2.1,1,15
Donald Sloan,53,33,2016-02-08,28,BRK,H,DEN,1,1,25:52,4,8,0.5,2,4,0.5,0,0,NA,0,3,3,2,0,0,0,1,10,7.9,-1,17.8
Donald Sloan,54,34,2016-02-10,28,BRK,H,MEM,-19,1,23:38,2,4,0.5,0,2,0,0,0,NA,0,2,2,8,1,0,0,2,4,8.4,-3,20.5
Donald Sloan,55,35,2016-02-19,28,BRK,H,NYK,11,1,30:06,5,8,0.625,2,2,1,2,2,1,1,9,10,4,2,1,1,1,14,17.9,6,40.5
Donald Sloan,56,36,2016-02-21,28,BRK,H,CHO,-8,1,30:28,2,8,0.25,1,4,0.25,4,4,1,0,2,2,2,1,0,2,2,9,4.4,0,16
Donald Sloan,57,37,2016-02-23,28,BRK,A,POR,-8,1,32:53,6,10,0.6,0,3,0,2,4,0.5,0,5,5,4,1,0,0,3,14,12.7,-5,28.3
Donald Sloan,58,38,2016-02-25,28,BRK,A,PHO,10,1,24:01,3,6,0.5,0,1,0,7,10,0.7,0,9,9,6,0,0,1,0,13,14.7,3,32.8
Donald Sloan,59,39,2016-02-27,28,BRK,A,UTA,2,1,26:50,3,5,0.6,0,1,0,4,8,0.5,0,2,2,6,1,0,1,2,10,10.1,-3,23
Donald Sloan,60,40,2016-02-29,28,BRK,A,LAC,-10,1,23:34,2,8,0.25,1,3,0.333,5,6,0.833,0,3,3,4,2,0,2,0,10,8.5,-5,23.3
Donald Sloan,61,41,2016-03-01,28,BRK,A,LAL,-6,1,30:02,4,11,0.364,0,1,0,3,3,1,0,2,2,6,1,0,1,3,11,8.5,5,24
Donald Sloan,62,42,2016-03-04,28,BRK,A,DEN,1,1,18:07,3,5,0.6,1,2,0.5,0,0,NA,0,2,2,6,0,1,1,0,7,9.2,-3,20.5
Donald Sloan,63,43,2016-03-05,28,BRK,A,MIN,-14,1,14:14,3,5,0.6,1,2,0.5,0,0,NA,0,0,0,2,0,0,4,3,7,0.9,-16,8.5
Donald Sloan,64,44,2016-03-08,28,BRK,A,TOR,-5,1,27:56,1,6,0.167,0,0,NA,0,0,NA,0,2,2,5,1,0,3,5,2,-1.7,-8,12.5
Donald Sloan,65,45,2016-03-11,28,BRK,A,PHI,-6,1,33:30,4,13,0.308,1,3,0.333,5,5,1,1,8,9,9,1,0,0,1,14,16.5,1,41.3
Donald Sloan,66,46,2016-03-13,28,BRK,H,MIL,-9,1,27:36,3,6,0.5,1,3,0.333,0,0,NA,0,3,3,3,1,0,2,0,7,6,-14,16.8
Donald Sloan,67,47,2016-03-15,28,BRK,H,PHI,17,1,24:00,3,5,0.6,0,1,0,3,4,0.75,0,2,2,3,1,0,1,1,9,8.6,14,17.5
Donald Sloan,68,48,2016-03-17,28,BRK,A,CHI,-16,1,29:52,6,10,0.6,1,2,0.5,0,0,NA,0,0,0,3,2,0,2,4,13,8.9,9,21
Donald Sloan,69,49,2016-03-19,28,BRK,A,DET,-12,1,24:00,3,6,0.5,0,1,0,0,0,NA,0,1,1,9,0,0,1,2,6,7.8,-4,20.3
Donald Sloan,70,50,2016-03-22,28,BRK,H,CHO,-5,1,26:44,0,5,0,0,2,0,0,0,NA,0,3,3,6,0,0,0,1,0,1.2,-9,12.8
Donald Sloan,71,51,2016-03-24,28,BRK,H,CLE,9,0,17:15,2,3,0.667,1,1,1,0,0,NA,0,6,6,6,0,0,0,0,5,9.7,13,22
Donald Sloan,72,52,2016-03-26,28,BRK,H,IND,10,0,21:14,3,3,1,0,0,NA,5,5,1,0,5,5,5,1,0,3,1,11,12.7,5,25.3
Donald Sloan,73,53,2016-03-28,28,BRK,A,MIA,-11,0,18:51,1,3,0.333,0,1,0,0,2,0,0,1,1,3,0,0,1,0,2,0.9,-5,7.3
Donald Sloan,74,54,2016-03-29,28,BRK,A,ORL,-34,0,6:33,0,1,0,0,0,NA,0,0,NA,0,0,0,1,0,0,0,1,0,-0.4,-15,1.5
Donald Sloan,75,55,2016-03-31,28,BRK,A,CLE,-20,0,20:38,4,9,0.444,1,3,0.333,2,2,1,0,0,0,5,1,0,1,0,11,9.8,1,20.5
Donald Sloan,76,56,2016-04-01,28,BRK,A,NYK,-14,0,13:31,1,2,0.5,0,0,NA,0,0,NA,0,1,1,3,0,0,0,0,2,3.4,-2,7.8
Donald Sloan,78,57,2016-04-06,28,BRK,A,WAS,-18,0,17:24,0,5,0,0,0,NA,0,0,NA,0,0,0,5,0,0,1,0,0,-1,-10,7
Donald Sloan,79,58,2016-04-08,28,BRK,A,CHO,-14,0,23:19,4,7,0.571,0,0,NA,0,0,NA,1,1,2,5,0,1,3,0,8,6.9,-13,18.5
Donald Sloan,80,59,2016-04-10,28,BRK,A,IND,-24,0,34:35,6,13,0.462,3,7,0.429,4,6,0.667,0,3,3,5,0,0,0,1,19,15.5,-13,31.8
Donald Sloan,81,60,2016-04-11,28,BRK,H,WAS,-9,0,18:46,4,7,0.571,1,2,0.5,0,0,NA,0,2,2,4,0,0,0,2,9,8.3,-1,18
Donald Sloan,82,61,2016-04-13,28,BRK,H,TOR,-7,0,26:01,5,12,0.417,1,3,0.333,0,0,NA,1,2,3,10,0,0,0,4,11,11.3,-5,31.8
Thomas Robinson,1,1,2015-10-28,24,BRK,H,CHI,-15,0,14:40,1,3,0.333,0,0,NA,2,4,0.5,2,3,5,2,2,0,1,0,4,6.2,5,16.8
Thomas Robinson,2,2,2015-10-30,24,BRK,A,SAS,-27,0,15:20,1,2,0.5,0,0,NA,0,0,NA,0,4,4,0,0,2,1,1,2,2.2,3,10.5
Thomas Robinson,3,3,2015-10-31,24,BRK,A,MEM,-10,0,15:04,4,5,0.8,0,0,NA,0,1,0,4,8,12,0,0,1,2,1,8,9.2,-1,24
Thomas Robinson,4,4,2015-11-02,24,BRK,H,MIL,-7,0,9:11,0,2,0,0,0,NA,0,0,NA,1,1,2,1,0,0,1,2,0,-1.5,-8,3.5
Thomas Robinson,5,5,2015-11-04,24,BRK,A,ATL,-14,0,10:22,0,1,0,0,0,NA,0,0,NA,0,1,1,0,1,1,0,0,0,1.3,-8,5.3
Thomas Robinson,6,6,2015-11-06,24,BRK,H,LAL,-6,0,12:00,4,6,0.667,0,0,NA,1,2,0.5,2,5,7,0,0,0,1,2,9,7.1,1,17.3
Thomas Robinson,7,7,2015-11-07,24,BRK,A,MIL,-8,0,15:24,1,1,1,0,0,NA,1,2,0.5,2,4,6,0,0,1,2,2,3,2.8,6,11.5
Thomas Robinson,8,8,2015-11-11,24,BRK,A,HOU,8,0,12:37,3,3,1,0,0,NA,0,0,NA,4,2,6,0,1,1,1,1,6,8.8,1,17
Thomas Robinson,9,9,2015-11-13,24,BRK,A,SAC,-2,0,12:10,2,2,1,0,0,NA,0,1,0,2,3,5,0,0,0,2,4,4,1.7,-6,9.3
Thomas Robinson,10,10,2015-11-14,24,BRK,A,GSW,-8,0,0:07,0,0,NA,0,0,NA,0,0,NA,0,0,0,0,0,0,0,0,0,0,0,0
Thomas Robinson,11,11,2015-11-17,24,BRK,H,ATL,2,0,12:35,0,1,0,0,0,NA,0,0,NA,2,2,4,0,0,0,2,0,0,-0.7,-1,4
Thomas Robinson,12,12,2015-11-18,24,BRK,A,CHO,-5,0,9:09,2,3,0.667,0,0,NA,0,0,NA,0,2,2,0,0,0,1,1,4,1.9,-1,6
Thomas Robinson,13,13,2015-11-20,24,BRK,A,BOS,-25,0,16:58,2,7,0.286,0,0,NA,2,4,0.5,3,3,6,0,0,0,0,2,6,3.3,-13,13.5
Thomas Robinson,14,14,2015-11-22,24,BRK,H,BOS,10,0,10:22,2,5,0.4,0,0,NA,1,1,1,2,1,3,0,1,2,0,0,5,6.4,11,14.8
Thomas Robinson,15,15,2015-11-25,24,BRK,A,OKC,-11,0,5:52,1,1,1,0,0,NA,0,0,NA,0,1,1,0,1,0,0,1,2,2.6,0,5.3
Thomas Robinson,16,16,2015-11-28,24,BRK,A,CLE,-2,0,6:08,0,0,NA,0,0,NA,0,0,NA,1,0,1,0,0,1,0,0,0,1.4,-5,3.3
Thomas Robinson,17,17,2015-11-29,24,BRK,H,DET,4,0,12:26,1,4,0.25,0,0,NA,0,0,NA,3,4,7,0,1,2,2,1,2,2.9,8,15.8
Thomas Robinson,18,18,2015-12-01,24,BRK,H,PHO,3,0,11:06,3,5,0.6,0,0,NA,0,0,NA,2,1,3,0,0,2,0,1,6,6.4,-7,13.8
Thomas Robinson,19,19,2015-12-04,24,BRK,A,NYK,-17,0,13:32,5,6,0.833,0,0,NA,0,2,0,1,7,8,0,0,0,1,1,10,8.4,3,19.5
Thomas Robinson,20,20,2015-12-06,24,BRK,H,GSW,-16,0,7:43,0,2,0,0,0,NA,1,2,0.5,0,3,3,0,0,0,1,2,1,-1.7,-5,4.3
Thomas Robinson,21,21,2015-12-08,24,BRK,H,HOU,5,0,10:47,1,3,0.333,0,0,NA,1,1,1,0,4,4,0,0,2,1,4,3,1.3,-2,11.5
Thomas Robinson,22,22,2015-12-10,24,BRK,H,PHI,9,0,6:43,1,2,0.5,0,0,NA,0,0,NA,0,1,1,0,0,0,1,2,2,-0.5,-1,2.8
Thomas Robinson,23,23,2015-12-12,24,BRK,H,LAC,-5,0,0:05,0,0,NA,0,0,NA,0,0,NA,0,0,0,0,0,0,0,0,0,0,0,0
Thomas Robinson,24,24,2015-12-14,24,BRK,H,ORL,-23,0,4:05,0,2,0,0,0,NA,0,0,NA,0,2,2,0,1,0,0,0,0,0.2,0,4.5
Thomas Robinson,25,25,2015-12-16,24,BRK,H,MIA,-6,0,1:55,0,0,NA,0,0,NA,1,2,0.5,1,0,1,0,0,0,0,1,1,0.9,-2,2.3
Thomas Robinson,30,26,2015-12-26,24,BRK,H,WAS,-15,0,2:51,0,0,NA,0,0,NA,0,0,NA,0,0,0,0,0,0,0,0,0,0,4,0
Thomas Robinson,31,27,2015-12-28,24,BRK,A,MIA,6,0,8:40,2,2,1,0,0,NA,1,2,0.5,1,2,3,0,0,0,0,1,5,4.9,8,8.8
Thomas Robinson,32,28,2015-12-30,24,BRK,A,ORL,-7,0,4:11,2,4,0.5,0,0,NA,0,0,NA,0,0,0,0,2,1,0,2,4,3.9,3,10
Thomas Robinson,34,29,2016-01-04,24,BRK,H,BOS,-9,0,8:48,0,1,0,0,0,NA,2,2,1,1,3,4,0,1,0,1,2,2,2.1,4,8.5
Thomas Robinson,35,30,2016-01-06,24,BRK,H,TOR,-17,0,11:37,0,2,0,0,0,NA,0,0,NA,0,1,1,1,0,0,0,0,0,-0.4,4,2.8
Thomas Robinson,36,31,2016-01-08,24,BRK,H,ORL,-6,0,9:09,3,8,0.375,0,0,NA,0,0,NA,2,2,4,2,0,0,0,0,6,5,7,14
Thomas Robinson,37,32,2016-01-09,24,BRK,A,DET,-14,0,12:24,4,6,0.667,0,0,NA,0,0,NA,1,2,3,0,0,0,1,1,8,5.3,-9,11.3
Thomas Robinson,38,33,2016-01-11,24,BRK,H,SAS,-27,0,13:05,4,7,0.571,0,0,NA,2,2,1,1,1,2,0,1,0,0,1,10,8.3,-8,14.5
Thomas Robinson,39,34,2016-01-13,24,BRK,H,NYK,6,0,7:24,1,3,0.333,0,0,NA,0,0,NA,2,0,2,0,1,2,3,2,2,0.3,-17,9
Thomas Robinson,40,35,2016-01-15,24,BRK,H,POR,-12,0,20:12,4,7,0.571,0,0,NA,3,4,0.75,5,5,10,1,1,0,0,2,11,13.2,-18,28.5
Thomas Robinson,41,36,2016-01-16,24,BRK,A,ATL,-28,0,15:30,2,6,0.333,0,0,NA,0,0,NA,1,3,4,0,0,1,3,4,4,-1.7,-13,9.5
Thomas Robinson,42,37,2016-01-18,24,BRK,A,TOR,-12,0,12:18,0,1,0,0,0,NA,0,0,NA,2,3,5,0,0,1,0,0,0,2.3,-9,8.3
Thomas Robinson,43,38,2016-01-20,24,BRK,H,CLE,-13,0,10:36,2,4,0.5,0,0,NA,2,4,0.5,3,3,6,0,0,0,1,0,6,5.2,-4,13
Thomas Robinson,44,39,2016-01-22,24,BRK,H,UTA,-22,0,3:17,0,1,0,0,0,NA,0,0,NA,0,0,0,0,0,0,0,0,0,-0.7,-7,0
Thomas Robinson,46,40,2016-01-26,24,BRK,H,MIA,-4,0,5:23,0,1,0,0,0,NA,0,2,0,2,1,3,0,0,0,1,2,0,-1.6,-2,3.3
Thomas Robinson,47,41,2016-01-29,24,BRK,A,DAL,-12,0,4:28,0,0,NA,0,0,NA,0,0,NA,0,2,2,1,0,0,0,0,0,1.3,-2,4
Thomas Robinson,48,42,2016-01-30,24,BRK,A,NOP,-2,0,15:12,4,9,0.444,0,0,NA,0,1,0,4,4,8,1,1,1,1,2,8,7.5,-11,23
Thomas Robinson,49,43,2016-02-01,24,BRK,H,DET,-5,0,10:10,1,4,0.25,0,0,NA,1,2,0.5,1,3,4,0,1,0,0,3,3,1.6,2,10
Thomas Robinson,50,44,2016-02-03,24,BRK,H,IND,-14,0,9:41,1,3,0.333,0,0,NA,0,0,NA,2,2,4,1,0,1,0,3,2,2.5,-11,10.5
Thomas Robinson,51,45,2016-02-05,24,BRK,H,SAC,9,0,6:21,0,0,NA,0,0,NA,1,2,0.5,0,2,2,0,0,1,0,2,1,1.1,1,5.5
Thomas Robinson,52,46,2016-02-06,24,BRK,A,PHI,-5,0,14:09,1,5,0.2,0,0,NA,1,2,0.5,3,2,5,1,1,2,2,2,3,2.5,-2,15.8
Thomas Robinson,53,47,2016-02-08,24,BRK,H,DEN,1,0,16:37,1,5,0.2,0,0,NA,0,0,NA,4,7,11,1,1,1,1,0,2,5.2,-2,20.8
Thomas Robinson,54,48,2016-02-10,24,BRK,H,MEM,-19,0,23:41,3,7,0.429,0,0,NA,2,6,0.333,3,6,9,0,1,2,3,1,8,5.6,-18,23.8
Thomas Robinson,55,49,2016-02-19,24,BRK,H,NYK,11,0,12:59,2,4,0.5,0,0,NA,0,0,NA,1,3,4,2,2,1,0,1,4,7.3,-8,18
Thomas Robinson,56,50,2016-02-21,24,BRK,H,CHO,-8,0,10:11,0,2,0,0,0,NA,0,0,NA,0,6,6,0,0,1,0,0,0,1.1,-6,9.5
Thomas Robinson,57,51,2016-02-23,24,BRK,A,POR,-8,0,12:00,0,4,0,0,0,NA,0,0,NA,2,4,6,0,0,0,0,2,0,-1,-1,7.5
Thomas Robinson,58,52,2016-02-25,24,BRK,A,PHO,10,0,13:56,1,3,0.333,0,0,NA,0,0,NA,0,5,5,1,0,2,2,3,2,0.7,14,12.8
Thomas Robinson,59,53,2016-02-27,24,BRK,A,UTA,2,0,15:10,2,4,0.5,0,0,NA,0,0,NA,2,5,7,5,0,0,1,3,4,6.2,11,19.8
Thomas Robinson,60,54,2016-02-29,24,BRK,A,LAC,-10,0,13:19,2,4,0.5,0,0,NA,1,2,0.5,3,7,10,1,1,0,0,1,5,8.1,-6,21
Thomas Robinson,61,55,2016-03-01,24,BRK,A,LAL,-6,0,13:47,0,2,0,0,0,NA,0,0,NA,1,4,5,4,3,0,1,1,0,4.9,-6,17.8
Thomas Robinson,62,56,2016-03-04,24,BRK,A,DEN,1,0,16:01,1,6,0.167,0,1,0,0,0,NA,1,5,6,1,0,0,1,2,2,-0.7,-1,10.5
Thomas Robinson,63,57,2016-03-05,24,BRK,A,MIN,-14,1,40:27,7,14,0.5,0,0,NA,4,10,0.4,7,10,17,5,4,0,6,4,18,16.4,-11,53.3
Thomas Robinson,64,58,2016-03-08,24,BRK,A,TOR,-5,0,12:26,1,3,0.333,0,0,NA,0,0,NA,1,4,5,2,2,0,0,3,2,4.4,-3,15.3
Thomas Robinson,65,59,2016-03-11,24,BRK,A,PHI,-6,0,13:45,0,1,0,0,0,NA,2,2,1,0,2,2,1,0,0,0,2,2,1.8,-10,6
Thomas Robinson,66,60,2016-03-13,24,BRK,H,MIL,-9,0,9:34,1,2,0.5,0,0,NA,1,1,1,0,4,4,0,0,1,2,2,3,1.1,-2,9
Thomas Robinson,67,61,2016-03-15,24,BRK,H,PHI,17,0,8:56,0,1,0,0,0,NA,0,0,NA,1,0,1,0,0,0,2,3,0,-3.2,-6,0.3
Thomas Robinson,68,62,2016-03-17,25,BRK,A,CHI,-16,0,17:02,2,6,0.333,0,0,NA,2,4,0.5,3,3,6,0,0,1,3,0,6,2.5,-23,14
Thomas Robinson,69,63,2016-03-19,25,BRK,A,DET,-12,0,22:12,1,4,0.25,0,0,NA,0,2,0,2,3,5,2,0,0,2,2,2,-0.3,-14,10.3
Thomas Robinson,70,64,2016-03-22,25,BRK,H,CHO,-5,0,12:41,0,1,0,0,0,NA,0,2,0,0,4,4,0,0,1,0,2,0,-0.4,3,7
Thomas Robinson,74,65,2016-03-29,25,BRK,A,ORL,-34,1,31:42,8,13,0.615,0,0,NA,2,7,0.286,6,6,12,2,1,1,3,4,18,14.6,-21,40
Thomas Robinson,75,66,2016-03-31,25,BRK,A,CLE,-20,0,22:44,5,13,0.385,0,0,NA,0,3,0,4,7,11,1,1,0,0,1,10,7.9,-13,28.8
Thomas Robinson,76,67,2016-04-01,25,BRK,A,NYK,-14,1,27:13,6,10,0.6,0,0,NA,2,3,0.667,6,7,13,3,5,0,3,2,14,18.6,-12,44.8
Thomas Robinson,77,68,2016-04-03,25,BRK,H,NOP,-19,1,26:57,4,8,0.5,0,0,NA,3,9,0.333,7,8,15,0,0,0,2,3,11,8.7,1,30.3
Thomas Robinson,78,69,2016-04-06,25,BRK,A,WAS,-18,1,30:36,10,16,0.625,0,0,NA,3,5,0.6,6,4,10,4,0,0,1,4,23,20.6,-8,42.5
Thomas Robinson,79,70,2016-04-08,25,BRK,A,CHO,-14,1,31:23,7,16,0.438,0,0,NA,2,8,0.25,12,5,17,0,1,0,1,6,16,12.7,-14,40.3
Thomas Robinson,80,71,2016-04-10,25,BRK,A,IND,-24,1,9:20,1,2,0.5,0,0,NA,0,0,NA,1,1,2,0,0,0,2,1,2,-0.4,-20,3.5
Chris McCullough,53,1,2016-02-08,21,BRK,H,DEN,1,0,10:49,1,3,0.333,0,0,NA,0,0,NA,1,1,2,0,1,1,1,3,2,0.8,-2,8
Chris McCullough,54,2,2016-02-10,21,BRK,H,MEM,-19,0,13:59,2,5,0.4,1,3,0.333,0,0,NA,0,1,1,0,0,0,2,3,5,-0.6,-5,5.8
Chris McCullough,55,3,2016-02-19,21,BRK,H,NYK,11,0,6:04,1,3,0.333,0,0,NA,0,0,NA,0,0,0,0,1,0,0,0,2,1.3,0,4
Chris McCullough,56,4,2016-02-21,21,BRK,H,CHO,-8,0,9:50,1,4,0.25,0,1,0,0,0,NA,1,0,1,0,0,0,0,0,2,0.3,-2,3.3
Chris McCullough,58,5,2016-02-25,21,BRK,A,PHO,10,0,9:11,1,3,0.333,0,0,NA,2,2,1,0,1,1,0,2,0,0,2,4,3.8,-2,9.3
Chris McCullough,60,6,2016-02-29,21,BRK,A,LAC,-10,0,10:13,0,2,0,0,1,0,0,0,NA,0,1,1,0,2,0,1,2,0,-0.9,-2,4.8
Chris McCullough,62,7,2016-03-04,21,BRK,A,DEN,1,0,12:22,3,3,1,0,0,NA,0,0,NA,0,1,1,0,0,2,0,2,6,6,2,11.3
Chris McCullough,63,8,2016-03-05,21,BRK,A,MIN,-14,0,15:51,1,2,0.5,0,1,0,0,0,NA,2,3,5,1,0,0,0,2,2,3.2,3,9.8
Chris McCullough,65,9,2016-03-11,21,BRK,A,PHI,-6,0,8:06,0,2,0,0,0,NA,0,0,NA,1,0,1,0,0,1,0,1,0,-0.4,-5,3.3
Chris McCullough,66,10,2016-03-13,21,BRK,H,MIL,-9,0,11:25,1,1,1,1,1,1,1,2,0.5,0,0,0,0,0,2,0,2,4,3.9,3,8.5
Chris McCullough,67,11,2016-03-15,21,BRK,H,PHI,17,0,6:37,0,1,0,0,0,NA,1,2,0.5,0,1,1,0,1,0,0,2,1,0.4,1,4.3
Chris McCullough,68,12,2016-03-17,21,BRK,A,CHI,-16,0,15:13,2,4,0.5,1,1,1,0,0,NA,2,1,3,1,1,0,0,2,5,5.6,-22,12.8
Chris McCullough,71,13,2016-03-24,21,BRK,H,CLE,9,0,17:09,2,6,0.333,1,2,0.5,0,0,NA,3,3,6,1,2,0,0,2,5,6.5,6,18.5
Chris McCullough,72,14,2016-03-26,21,BRK,H,IND,10,0,12:50,0,4,0,0,0,NA,0,0,NA,0,3,3,0,1,0,0,1,0,-1.3,-2,5.8
Chris McCullough,73,15,2016-03-28,21,BRK,A,MIA,-11,0,17:05,2,6,0.333,1,2,0.5,0,0,NA,1,2,3,0,1,0,2,0,5,1.9,-9,10.3
Chris McCullough,74,16,2016-03-29,21,BRK,A,ORL,-34,0,16:21,2,3,0.667,1,2,0.5,0,0,NA,0,1,1,1,1,1,1,3,5,4.2,-13,11.8
Chris McCullough,75,17,2016-03-31,21,BRK,A,CLE,-20,0,20:11,3,6,0.5,0,1,0,1,2,0.5,2,4,6,1,2,1,1,4,7,7,4,21.5
Chris McCullough,76,18,2016-04-01,21,BRK,A,NYK,-14,0,20:47,2,7,0.286,1,4,0.25,0,0,NA,1,7,8,0,0,0,2,1,5,1.3,-2,14.5
Chris McCullough,77,19,2016-04-03,21,BRK,H,NOP,-19,0,21:03,2,9,0.222,0,3,0,2,2,1,3,2,5,0,0,0,1,2,6,1.4,-20,11.8
Chris McCullough,78,20,2016-04-06,21,BRK,A,WAS,-18,0,24:33,3,6,0.5,1,2,0.5,3,4,0.75,0,3,3,1,5,1,0,2,10,13.1,-7,27.8
Chris McCullough,79,21,2016-04-08,21,BRK,A,CHO,-14,1,24:31,5,9,0.556,2,3,0.667,0,2,0,0,3,3,1,3,0,1,1,12,10.1,-5,23.8
Chris McCullough,80,22,2016-04-10,21,BRK,A,IND,-24,1,12:43,2,4,0.5,2,2,1,0,2,0,2,1,3,1,1,0,1,0,6,5.6,-22,13.8
Chris McCullough,81,23,2016-04-11,21,BRK,H,WAS,-9,1,23:46,5,9,0.556,1,2,0.5,1,5,0.2,4,1,5,0,1,2,1,2,12,9.8,-17,24.3
Chris McCullough,82,24,2016-04-13,21,BRK,H,TOR,-7,1,21:44,3,7,0.429,0,3,0,0,0,NA,2,3,5,1,3,1,1,0,6,8,-1,21.3
Willie Reed,19,1,2015-12-04,25,BRK,A,NYK,-17,0,10:44,3,4,0.75,0,0,NA,2,4,0.5,2,2,4,0,0,1,0,0,8,8.3,8,15
Willie Reed,20,2,2015-12-06,25,BRK,H,GSW,-16,0,9:48,2,3,0.667,0,0,NA,0,2,0,1,2,3,0,0,1,1,2,4,2.1,1,9.3
Willie Reed,22,3,2015-12-10,25,BRK,H,PHI,9,0,12:39,3,4,0.75,0,0,NA,0,0,NA,0,3,3,0,0,0,1,1,6,3.9,-7,9.3
Willie Reed,23,4,2015-12-12,25,BRK,H,LAC,-5,0,7:19,1,1,1,0,0,NA,0,0,NA,0,2,2,0,0,0,1,1,2,0.9,-5,4
Willie Reed,24,5,2015-12-14,25,BRK,H,ORL,-23,0,4:56,1,4,0.25,0,0,NA,0,0,NA,2,2,4,0,0,0,0,0,2,1.6,-1,7
Willie Reed,25,6,2015-12-16,25,BRK,H,MIA,-6,0,8:08,1,2,0.5,0,0,NA,0,0,NA,1,3,4,1,0,2,0,0,2,4.7,7,12.5
Willie Reed,26,7,2015-12-18,25,BRK,A,IND,-7,0,8:39,0,0,NA,0,0,NA,0,0,NA,0,0,0,0,0,1,1,2,0,-1.1,-5,1.5
Willie Reed,27,8,2015-12-20,25,BRK,H,MIN,-15,0,4:08,1,2,0.5,0,0,NA,0,0,NA,0,0,0,0,0,0,0,1,2,0.6,-1,2
Willie Reed,28,9,2015-12-21,25,BRK,A,CHI,3,0,12:50,4,5,0.8,0,0,NA,3,3,1,3,2,5,0,0,0,1,2,11,10,-3,16.8
Willie Reed,29,10,2015-12-23,25,BRK,H,DAL,-1,0,6:37,2,3,0.667,0,0,NA,1,2,0.5,1,1,2,0,0,0,0,2,5,3.5,5,7.5
Willie Reed,30,11,2015-12-26,25,BRK,H,WAS,-15,0,10:18,3,4,0.75,0,0,NA,1,3,0.333,1,2,3,0,0,2,2,3,7,4.1,10,13.8
Willie Reed,31,12,2015-12-28,25,BRK,A,MIA,6,0,12:14,2,3,0.667,0,0,NA,0,2,0,2,1,3,1,0,2,1,2,4,3.9,7,12.8
Willie Reed,32,13,2015-12-30,25,BRK,A,ORL,-7,0,8:47,3,5,0.6,0,0,NA,0,0,NA,1,0,1,0,0,0,0,2,6,3.6,0,7.3
Willie Reed,33,14,2016-01-02,25,BRK,A,BOS,3,0,12:12,3,6,0.5,0,0,NA,0,0,NA,3,4,7,0,0,0,0,1,6,5.9,-2,14.8
Willie Reed,34,15,2016-01-04,25,BRK,H,BOS,-9,0,7:21,0,0,NA,0,0,NA,0,0,NA,0,2,2,0,0,1,0,2,0,0.5,-6,4.5
Willie Reed,35,16,2016-01-06,25,BRK,H,TOR,-17,0,7:43,1,2,0.5,0,0,NA,1,2,0.5,0,1,1,0,0,1,0,1,3,2.2,-8,6.3
Willie Reed,36,17,2016-01-08,25,BRK,H,ORL,-6,0,13:28,1,2,0.5,0,0,NA,0,0,NA,1,3,4,0,0,1,1,1,2,1.9,5,8.5
Willie Reed,37,18,2016-01-09,25,BRK,A,DET,-14,0,17:52,3,5,0.6,0,0,NA,0,0,NA,0,5,5,0,2,0,0,2,6,6.4,-11,16.3
Willie Reed,38,19,2016-01-11,25,BRK,H,SAS,-27,0,7:43,1,2,0.5,0,0,NA,0,0,NA,1,0,1,0,0,0,2,0,2,-0.3,-9,2.3
Willie Reed,39,20,2016-01-13,25,BRK,H,NYK,6,0,6:20,1,3,0.333,0,0,NA,0,0,NA,0,2,2,0,0,0,0,0,2,0.9,6,4.5
Willie Reed,41,21,2016-01-16,25,BRK,A,ATL,-28,0,12:00,1,2,0.5,0,0,NA,1,4,0.25,2,0,2,1,1,0,0,2,3,3.1,-12,9
Willie Reed,42,22,2016-01-18,25,BRK,A,TOR,-12,0,10:24,1,2,0.5,0,0,NA,0,0,NA,0,1,1,0,0,0,0,2,2,0.5,-3,3.3
Willie Reed,43,23,2016-01-20,25,BRK,H,CLE,-13,0,10:29,2,2,1,0,0,NA,2,2,1,1,1,2,0,0,1,1,1,6,5.7,2,10
Willie Reed,44,24,2016-01-22,25,BRK,H,UTA,-22,0,25:25,4,9,0.444,0,0,NA,4,6,0.667,2,1,3,2,0,0,0,2,12,8.8,-12,18.8
Willie Reed,45,25,2016-01-24,25,BRK,H,OKC,10,0,15:12,2,4,0.5,0,0,NA,1,2,0.5,2,4,6,0,0,1,1,2,5,4.1,-8,14
Willie Reed,46,26,2016-01-26,25,BRK,H,MIA,-4,0,3:16,1,1,1,0,0,NA,0,0,NA,0,0,0,0,0,0,0,0,2,1.7,-6,2
Willie Reed,56,27,2016-02-21,25,BRK,H,CHO,-8,0,5:51,2,2,1,0,0,NA,0,0,NA,1,1,2,0,0,1,0,0,4,5.1,9,8.5
Willie Reed,57,28,2016-02-23,25,BRK,A,POR,-8,0,7:29,2,3,0.667,0,0,NA,0,0,NA,1,0,1,0,1,1,1,0,4,4.1,-2,8.8
Willie Reed,58,29,2016-02-25,25,BRK,A,PHO,10,0,6:44,0,1,0,0,0,NA,1,2,0.5,2,2,4,0,0,2,1,2,1,1.5,-4,9.5
Willie Reed,59,30,2016-02-27,25,BRK,A,UTA,2,0,9:44,3,4,0.75,0,0,NA,1,1,1,1,2,3,0,1,1,0,1,7,8,6,14.8
Willie Reed,60,31,2016-02-29,25,BRK,A,LAC,-10,0,0:34,0,0,NA,0,0,NA,0,0,NA,0,0,0,0,0,0,0,0,0,0,-2,0
Willie Reed,61,32,2016-03-01,25,BRK,A,LAL,-6,0,12:40,2,6,0.333,0,0,NA,0,4,0,4,1,5,0,0,2,0,0,4,3.5,-11,14.3
Willie Reed,63,33,2016-03-05,25,BRK,A,MIN,-14,1,31:33,5,11,0.455,0,0,NA,4,5,0.8,5,3,8,3,0,4,0,2,14,16.4,-16,36.5
Willie Reed,64,34,2016-03-08,25,BRK,A,TOR,-5,0,16:05,5,7,0.714,0,0,NA,0,0,NA,2,2,4,2,1,0,0,0,10,11.5,-5,20
Willie Reed,66,35,2016-03-13,25,BRK,H,MIL,-9,0,3:52,0,0,NA,0,0,NA,0,0,NA,0,2,2,0,0,0,0,0,0,0.6,5,2.5
Willie Reed,69,36,2016-03-19,25,BRK,A,DET,-12,1,27:38,3,6,0.5,0,0,NA,7,8,0.875,0,6,6,0,0,2,1,4,13,10.2,-3,24
Willie Reed,74,37,2016-03-29,25,BRK,A,ORL,-34,0,12:15,5,6,0.833,0,0,NA,0,1,0,2,3,5,0,0,1,0,1,10,10,5,18.3
Willie Reed,75,38,2016-03-31,25,BRK,A,CLE,-20,0,6:44,0,0,NA,0,0,NA,0,0,NA,1,4,5,0,0,2,0,0,0,3.3,7,10.3
Willie Reed,77,39,2016-04-03,25,BRK,H,NOP,-19,0,17:55,2,7,0.286,0,0,NA,1,2,0.5,4,3,7,0,0,0,0,3,5,3,-21,13.8
Rondae Hollis-Jefferson,1,1,2015-10-28,20,BRK,H,CHI,-15,0,24:15,4,6,0.667,0,0,NA,0,0,NA,0,5,5,0,2,1,1,0,8,8.6,16,19.8
Rondae Hollis-Jefferson,2,2,2015-10-30,20,BRK,A,SAS,-27,0,26:09,5,7,0.714,0,0,NA,0,0,NA,0,4,4,0,0,2,3,1,10,6.3,0,17.5
Rondae Hollis-Jefferson,3,3,2015-10-31,20,BRK,A,MEM,-10,0,12:56,0,2,0,0,0,NA,0,0,NA,1,2,3,1,0,0,0,2,0,-0.2,-8,5.3
Rondae Hollis-Jefferson,4,4,2015-11-02,20,BRK,H,MIL,-7,0,4:25,0,0,NA,0,0,NA,0,0,NA,0,0,0,0,0,0,0,1,0,-0.4,-1,0
Rondae Hollis-Jefferson,5,5,2015-11-04,20,BRK,A,ATL,-14,0,11:25,0,2,0,0,0,NA,0,0,NA,0,3,3,1,3,0,0,0,0,3.2,13,11.3
Rondae Hollis-Jefferson,6,6,2015-11-06,20,BRK,H,LAL,-6,1,25:22,2,3,0.667,0,0,NA,1,4,0.25,4,7,11,3,1,0,2,5,5,6.5,5,24.3
Rondae Hollis-Jefferson,7,7,2015-11-07,20,BRK,A,MIL,-8,1,23:30,0,2,0,0,0,NA,2,4,0.5,4,3,7,5,3,0,0,2,2,9.2,-10,24.3
Rondae Hollis-Jefferson,8,8,2015-11-11,20,BRK,A,HOU,8,1,12:10,0,2,0,0,0,NA,0,0,NA,2,2,4,1,1,1,3,1,0,-0.4,-1,9
Rondae Hollis-Jefferson,9,9,2015-11-13,20,BRK,A,SAC,-2,1,16:48,2,3,0.667,0,0,NA,0,0,NA,1,6,7,1,0,0,1,3,4,3.7,-2,13.8
Rondae Hollis-Jefferson,10,10,2015-11-14,20,BRK,A,GSW,-8,1,31:54,3,6,0.5,0,1,0,1,2,0.5,4,9,13,2,2,1,1,1,7,11.8,4,31.8
Rondae Hollis-Jefferson,11,11,2015-11-17,20,BRK,H,ATL,2,1,23:13,3,5,0.6,0,0,NA,1,2,0.5,1,1,2,2,1,0,1,1,7,6.3,5,14
Rondae Hollis-Jefferson,12,12,2015-11-18,20,BRK,A,CHO,-5,1,24:34,2,4,0.5,0,0,NA,1,2,0.5,0,2,2,1,1,0,1,4,5,2.3,-8,10.5
Rondae Hollis-Jefferson,13,13,2015-11-20,20,BRK,A,BOS,-25,1,31:23,5,12,0.417,1,4,0.25,2,3,0.667,4,7,11,2,3,0,5,2,13,9.7,-15,35.3
Rondae Hollis-Jefferson,14,14,2015-11-22,20,BRK,H,BOS,10,1,30:37,2,3,0.667,0,0,NA,5,6,0.833,3,4,7,4,5,1,1,5,9,16.1,4,35.3
Rondae Hollis-Jefferson,15,15,2015-11-25,20,BRK,A,OKC,-11,1,28:23,4,7,0.571,0,0,NA,3,3,1,2,9,11,1,0,0,0,3,11,11.3,-3,27.8
Rondae Hollis-Jefferson,16,16,2015-11-28,20,BRK,A,CLE,-2,1,29:45,2,4,0.5,0,0,NA,2,2,1,3,7,10,1,5,1,0,3,6,13.4,-4,32
Rondae Hollis-Jefferson,17,17,2015-11-29,20,BRK,H,DET,4,1,21:20,0,4,0,0,0,NA,2,2,1,1,3,4,0,0,1,0,1,2,1.1,-11,9
Rondae Hollis-Jefferson,18,18,2015-12-01,20,BRK,H,PHO,3,1,22:46,4,5,0.8,0,0,NA,0,0,NA,2,7,9,1,0,0,2,5,8,6.3,-6,19.8
Rondae Hollis-Jefferson,19,19,2015-12-04,20,BRK,A,NYK,-17,1,17:46,1,4,0.25,0,0,NA,0,0,NA,0,3,3,1,0,0,0,2,2,0.4,-23,7.3
Rondae Hollis-Jefferson,70,20,2016-03-22,21,BRK,H,CHO,-5,0,15:24,2,4,0.5,0,1,0,1,2,0.5,0,3,3,2,1,0,1,3,5,3.7,8,13.3
Rondae Hollis-Jefferson,71,21,2016-03-24,21,BRK,H,CLE,9,0,16:31,5,8,0.625,0,0,NA,0,0,NA,1,6,7,2,3,0,0,1,10,12.9,4,27.8
Rondae Hollis-Jefferson,72,22,2016-03-26,21,BRK,H,IND,10,0,16:05,2,3,0.667,0,0,NA,2,2,1,1,2,3,1,1,0,1,2,6,5.9,-15,12.8
Rondae Hollis-Jefferson,73,23,2016-03-28,21,BRK,A,MIA,-11,0,20:14,0,1,0,0,0,NA,2,2,1,0,3,3,3,1,0,1,3,2,3.1,-2,11.8
Rondae Hollis-Jefferson,76,24,2016-04-01,21,BRK,A,NYK,-14,1,14:45,0,5,0,0,1,0,1,2,0.5,1,1,2,1,1,0,0,1,1,-0.6,-11,7
Rondae Hollis-Jefferson,77,25,2016-04-03,21,BRK,H,NOP,-19,1,19:00,2,6,0.333,1,2,0.5,3,4,0.75,1,1,2,0,1,2,1,1,8,6.2,12,16.5
Rondae Hollis-Jefferson,78,26,2016-04-06,21,BRK,A,WAS,-18,1,23:55,2,7,0.286,1,2,0.5,2,2,1,1,2,3,3,1,0,0,3,7,6.1,-5,17.8
Rondae Hollis-Jefferson,79,27,2016-04-08,21,BRK,A,CHO,-14,0,23:29,3,8,0.375,1,3,0.333,0,0,NA,0,6,6,1,0,1,0,2,7,5,-9,18.5
Rondae Hollis-Jefferson,81,28,2016-04-11,21,BRK,H,WAS,-9,0,23:12,5,10,0.5,0,0,NA,4,4,1,2,4,6,2,2,3,0,2,14,16.3,5,34.5
Rondae Hollis-Jefferson,82,29,2016-04-13,21,BRK,H,TOR,-7,0,24:12,3,5,0.6,0,0,NA,2,4,0.5,0,3,3,1,1,2,1,1,8,7.5,-4,18.8
Markel Brown,1,1,2015-10-28,23,BRK,H,CHI,-15,0,9:19,2,4,0.5,0,1,0,2,4,0.5,0,1,1,2,0,0,0,0,6,4.9,-3,10.3
Markel Brown,2,2,2015-10-30,23,BRK,A,SAS,-27,0,8:24,0,4,0,0,3,0,0,0,NA,0,0,0,1,1,0,0,2,0,-1.9,-14,3.5
Markel Brown,3,3,2015-10-31,23,BRK,A,MEM,-10,1,14:13,1,3,0.333,0,1,0,0,0,NA,0,0,0,2,0,0,2,2,2,-1.1,-10,4
Markel Brown,4,4,2015-11-02,23,BRK,H,MIL,-7,1,25:33,3,7,0.429,1,4,0.25,0,0,NA,0,2,2,2,0,1,0,2,7,5.2,3,15
Markel Brown,5,5,2015-11-04,23,BRK,A,ATL,-14,1,19:42,2,6,0.333,2,6,0.333,0,0,NA,0,1,1,0,2,0,2,3,6,1.7,-6,11.3
Markel Brown,12,6,2015-11-18,23,BRK,A,CHO,-5,0,4:34,0,2,0,0,0,NA,0,0,NA,0,0,0,0,0,0,0,0,0,-1.4,6,0
Markel Brown,13,7,2015-11-20,23,BRK,A,BOS,-25,0,5:31,0,3,0,0,0,NA,2,2,1,0,0,0,1,0,0,0,1,2,0.2,0,3.5
Markel Brown,18,8,2015-12-01,23,BRK,H,PHO,3,0,0:02,0,0,NA,0,0,NA,0,0,NA,0,0,0,0,0,0,0,0,0,0,0,0
Markel Brown,19,9,2015-12-04,23,BRK,A,NYK,-17,0,8:38,0,1,0,0,1,0,0,0,NA,0,1,1,3,0,0,0,0,0,1.7,9,5.8
Markel Brown,20,10,2015-12-06,23,BRK,H,GSW,-16,0,25:49,3,6,0.5,1,3,0.333,0,0,NA,0,4,4,1,1,0,1,1,7,5.5,6,15.5
Markel Brown,21,11,2015-12-08,23,BRK,H,HOU,5,0,5:54,1,2,0.5,1,2,0.5,0,0,NA,0,1,1,1,0,0,0,1,3,2.6,-2,6.3
Markel Brown,22,12,2015-12-10,23,BRK,H,PHI,9,0,16:19,2,3,0.667,1,2,0.5,0,0,NA,0,0,0,1,1,0,1,4,5,2.8,8,8.5
Markel Brown,23,13,2015-12-12,23,BRK,H,LAC,-5,0,17:32,2,7,0.286,0,2,0,3,4,0.75,0,5,5,0,0,0,0,2,7,3.2,-8,13.3
Markel Brown,24,14,2015-12-14,23,BRK,H,ORL,-23,0,10:02,1,2,0.5,0,1,0,1,1,1,0,0,0,0,1,0,0,2,3,2.2,-7,5
Markel Brown,25,15,2015-12-16,23,BRK,H,MIA,-6,0,3:52,0,1,0,0,0,NA,0,0,NA,0,0,0,0,0,0,0,0,0,-0.7,-8,0
Markel Brown,26,16,2015-12-18,23,BRK,A,IND,-7,0,2:30,0,2,0,0,1,0,0,0,NA,0,0,0,0,0,0,0,0,0,-1.4,-2,0
Markel Brown,27,17,2015-12-20,23,BRK,H,MIN,-15,0,6:15,0,0,NA,0,0,NA,1,2,0.5,0,0,0,0,0,0,0,2,1,-0.2,0,1
Markel Brown,30,18,2015-12-26,23,BRK,H,WAS,-15,0,2:51,1,1,1,1,1,1,0,0,NA,0,1,1,0,0,0,1,1,3,1.6,4,4.3
Markel Brown,35,19,2016-01-06,23,BRK,H,TOR,-17,0,2:35,0,2,0,0,1,0,0,0,NA,0,0,0,0,0,0,0,0,0,-1.4,-1,0
Markel Brown,36,20,2016-01-08,23,BRK,H,ORL,-6,0,19:42,0,4,0,0,2,0,3,4,0.75,1,2,3,0,0,0,0,2,3,0.3,5,6.8
Markel Brown,37,21,2016-01-09,23,BRK,A,DET,-14,1,14:08,1,4,0.25,0,0,NA,0,0,NA,0,3,3,2,1,0,0,1,2,2.5,-6,10.8
Markel Brown,38,22,2016-01-11,23,BRK,H,SAS,-27,0,12:38,0,3,0,0,2,0,0,0,NA,0,1,1,1,0,0,1,2,0,-2.9,-5,2.3
Markel Brown,40,23,2016-01-15,23,BRK,H,POR,-12,0,7:04,0,0,NA,0,0,NA,0,0,NA,0,0,0,2,0,1,0,0,0,2.1,-3,5
Markel Brown,41,24,2016-01-16,23,BRK,A,ATL,-28,0,15:28,1,5,0.2,1,3,0.333,1,2,0.5,2,3,5,2,1,0,3,1,4,1.8,-18,14.3
Markel Brown,42,25,2016-01-18,23,BRK,A,TOR,-12,0,6:10,0,1,0,0,1,0,2,2,1,0,0,0,0,0,0,0,1,2,0.9,-7,2
Markel Brown,43,26,2016-01-20,23,BRK,H,CLE,-13,0,10:47,0,3,0,0,1,0,0,0,NA,0,3,3,0,0,1,0,3,0,-1.7,-6,5.8
Markel Brown,44,27,2016-01-22,23,BRK,H,UTA,-22,0,18:16,0,0,NA,0,0,NA,4,4,1,0,3,3,5,1,1,1,2,4,8.3,-3,18.8
Markel Brown,47,28,2016-01-29,24,BRK,A,DAL,-12,0,1:00,0,0,NA,0,0,NA,0,0,NA,0,0,0,0,0,0,0,0,0,0,0,0
Markel Brown,48,29,2016-01-30,24,BRK,A,NOP,-2,0,7:42,0,4,0,0,0,NA,0,2,0,0,0,0,0,0,0,0,1,0,-4,-10,0
Markel Brown,49,30,2016-02-01,24,BRK,H,DET,-5,0,18:15,2,3,0.667,1,1,1,4,4,1,1,0,1,1,1,1,2,0,9,8.8,7,15.3
Markel Brown,50,31,2016-02-03,24,BRK,H,IND,-14,0,7:00,1,3,0.333,0,1,0,0,0,NA,1,1,2,0,0,0,0,2,2,0.5,-4,4.5
Markel Brown,51,32,2016-02-05,24,BRK,H,SAC,9,0,5:30,1,1,1,0,0,NA,1,1,1,0,0,0,1,0,0,1,3,3,1.2,-6,4
Markel Brown,52,33,2016-02-06,24,BRK,A,PHI,-5,0,20:08,5,5,1,3,3,1,2,2,1,0,1,1,3,1,0,0,1,15,16.5,6,24.3
Markel Brown,53,34,2016-02-08,24,BRK,H,DEN,1,0,24:00,6,10,0.6,2,4,0.5,5,6,0.833,1,3,4,2,0,0,2,1,19,14.6,0,27
Markel Brown,54,35,2016-02-10,24,BRK,H,MEM,-19,0,24:00,3,7,0.429,3,5,0.6,1,2,0.5,0,0,0,2,0,0,1,2,10,5.5,-13,14
Markel Brown,55,36,2016-02-19,24,BRK,H,NYK,11,0,9:37,1,4,0.25,0,2,0,0,0,NA,1,0,1,0,1,0,0,0,2,1.3,-8,5.3
Markel Brown,56,37,2016-02-21,24,BRK,H,CHO,-8,0,18:43,5,12,0.417,0,3,0,2,3,0.667,1,1,2,3,0,0,1,3,12,6.1,-8,18.5
Markel Brown,57,38,2016-02-23,24,BRK,A,POR,-8,0,21:49,3,6,0.5,1,2,0.5,0,0,NA,0,1,1,0,3,0,2,2,7,4.5,-16,13.8
Markel Brown,58,39,2016-02-25,24,BRK,A,PHO,10,0,24:30,4,7,0.571,2,2,1,6,8,0.75,2,1,3,1,1,0,1,3,16,13.1,11,23.8
Markel Brown,59,40,2016-02-27,24,BRK,A,UTA,2,0,17:57,1,5,0.2,0,2,0,2,2,1,1,4,5,2,3,0,4,1,4,2.8,-2,17.3
Markel Brown,60,41,2016-02-29,24,BRK,A,LAC,-10,0,26:36,3,7,0.429,1,2,0.5,1,3,0.333,0,0,0,5,1,0,1,4,8,5.4,-10,17.5
Markel Brown,61,42,2016-03-01,24,BRK,A,LAL,-6,0,12:59,1,3,0.333,0,1,0,0,0,NA,0,1,1,3,0,0,0,2,2,1.9,-7,7.8
Markel Brown,62,43,2016-03-04,24,BRK,A,DEN,1,0,33:22,8,12,0.667,3,4,0.75,2,2,1,2,6,8,7,0,0,1,1,21,22.5,8,42.5
Markel Brown,63,44,2016-03-05,24,BRK,A,MIN,-14,0,28:36,8,16,0.5,3,9,0.333,4,4,1,1,0,1,1,1,0,0,4,23,15.8,2,29.3
Markel Brown,64,45,2016-03-08,24,BRK,A,TOR,-5,0,19:48,2,6,0.333,0,0,NA,0,0,NA,0,0,0,3,0,0,1,1,4,1.3,-8,8
Markel Brown,65,46,2016-03-11,24,BRK,A,PHI,-6,1,27:50,2,7,0.286,1,2,0.5,0,0,NA,0,3,3,1,0,0,2,1,5,0.1,-16,9.8
Markel Brown,66,47,2016-03-13,24,BRK,H,MIL,-9,1,21:28,2,7,0.286,1,5,0.2,0,0,NA,0,0,0,2,0,0,0,1,5,1.9,-10,8.5
Markel Brown,67,48,2016-03-15,24,BRK,H,PHI,17,0,24:17,2,6,0.333,0,2,0,4,4,1,0,5,5,2,1,0,2,2,8,5.7,-4,18.3
Markel Brown,68,49,2016-03-17,24,BRK,A,CHI,-16,0,16:20,1,7,0.143,0,2,0,0,0,NA,1,1,2,0,0,0,1,1,2,-2.9,-22,4
Markel Brown,70,50,2016-03-22,24,BRK,H,CHO,-5,0,11:46,0,4,0,0,1,0,2,2,1,0,4,4,0,2,0,3,0,2,-0.6,-5,9.5
Markel Brown,71,51,2016-03-24,24,BRK,H,CLE,9,0,13:19,3,4,0.75,1,1,1,2,2,1,1,3,4,1,1,2,0,1,9,11.7,11,22
Markel Brown,72,52,2016-03-26,24,BRK,H,IND,10,0,9:06,2,4,0.5,0,0,NA,0,0,NA,0,1,1,0,1,0,0,1,4,2.9,14,7.3
Markel Brown,73,53,2016-03-28,24,BRK,A,MIA,-11,0,12:05,3,4,0.75,1,1,1,0,0,NA,1,0,1,0,0,0,1,1,7,4.7,-8,8.3
Markel Brown,74,54,2016-03-29,24,BRK,A,ORL,-34,0,20:53,3,6,0.5,0,1,0,5,9,0.556,0,2,2,5,1,0,2,1,11,9.1,-18,22
Markel Brown,75,55,2016-03-31,24,BRK,A,CLE,-20,0,24:01,3,9,0.333,0,3,0,0,0,NA,0,5,5,4,2,1,2,1,6,5.5,-8,23.3
Markel Brown,76,56,2016-04-01,24,BRK,A,NYK,-14,0,28:35,7,16,0.438,1,4,0.25,1,2,0.5,1,3,4,1,2,0,0,2,16,10.7,2,27
Markel Brown,77,57,2016-04-03,24,BRK,H,NOP,-19,0,18:50,4,7,0.571,2,4,0.5,2,2,1,0,1,1,1,0,0,4,6,12,3.3,-20,13.8
Markel Brown,78,58,2016-04-06,24,BRK,A,WAS,-18,0,22:38,5,10,0.5,0,1,0,3,5,0.6,0,1,1,2,0,1,1,0,13,8.6,-9,18.8
Markel Brown,79,59,2016-04-08,24,BRK,A,CHO,-14,0,21:41,2,5,0.4,0,2,0,2,2,1,0,4,4,4,1,0,2,3,6,5.1,-5,18
Markel Brown,80,60,2016-04-10,24,BRK,A,IND,-24,0,33:56,7,14,0.5,3,5,0.6,1,2,0.5,3,8,11,4,6,3,3,5,18,21,-1,57.3
Markel Brown,81,61,2016-04-11,24,BRK,H,WAS,-9,0,28:43,3,11,0.273,0,3,0,0,0,NA,2,2,4,4,0,1,1,1,6,3.6,0,18.5
Markel Brown,82,62,2016-04-13,24,BRK,H,TOR,-7,0,31:31,4,14,0.286,1,5,0.2,0,0,NA,0,6,6,0,0,2,1,1,9,2.6,-10,20.5
Bojan Bogdanovic,1,1,2015-10-28,26,BRK,H,CHI,-15,0,28:44,3,8,0.375,0,2,0,3,3,1,0,1,1,1,0,0,2,1,9,3.2,-2,10.8
Bojan Bogdanovic,2,2,2015-10-30,26,BRK,A,SAS,-27,0,19:34,3,6,0.5,0,2,0,0,2,0,0,4,4,0,0,0,2,1,6,1,-2,10
Bojan Bogdanovic,3,3,2015-10-31,26,BRK,A,MEM,-10,0,33:47,8,15,0.533,0,3,0,3,4,0.75,0,2,2,2,1,0,1,3,19,12.1,0,26
Bojan Bogdanovic,4,4,2015-11-02,26,BRK,H,MIL,-7,0,25:09,5,10,0.5,2,4,0.5,2,3,0.667,1,1,2,1,2,0,3,1,14,8.9,-15,21.5
Bojan Bogdanovic,5,5,2015-11-04,26,BRK,A,ATL,-14,0,24:56,5,11,0.455,2,4,0.5,0,0,NA,0,1,1,2,0,0,2,0,12,6,-19,16.3
Bojan Bogdanovic,6,6,2015-11-06,26,BRK,H,LAL,-6,0,22:09,2,4,0.5,1,3,0.333,0,0,NA,0,1,1,0,1,0,1,2,5,2.5,-15,8.3
Bojan Bogdanovic,7,7,2015-11-07,26,BRK,A,MIL,-8,0,24:16,5,10,0.5,2,3,0.667,1,2,0.5,0,1,1,1,2,0,3,3,13,6.4,-1,19.3
Bojan Bogdanovic,8,8,2015-11-11,26,BRK,A,HOU,8,0,33:58,10,20,0.5,2,5,0.4,0,0,NA,3,6,9,3,0,0,1,0,22,17,-1,38.3
Bojan Bogdanovic,9,9,2015-11-13,26,BRK,A,SAC,-2,0,33:46,7,13,0.538,1,4,0.25,0,0,NA,0,3,3,0,0,0,1,3,15,7.4,-8,18.8
Bojan Bogdanovic,10,10,2015-11-14,26,BRK,A,GSW,-8,0,34:55,1,6,0.167,0,5,0,0,0,NA,0,6,6,2,2,0,0,1,2,3,-12,16.5
Bojan Bogdanovic,11,11,2015-11-17,26,BRK,H,ATL,2,0,22:16,0,4,0,0,2,0,0,0,NA,1,3,4,0,1,0,2,0,0,-2.2,-5,6
Bojan Bogdanovic,12,12,2015-11-18,26,BRK,A,CHO,-5,0,17:53,0,1,0,0,0,NA,2,2,1,0,4,4,1,1,0,0,1,2,3.8,-4,10.5
Bojan Bogdanovic,13,13,2015-11-20,26,BRK,A,BOS,-25,0,16:37,3,7,0.429,2,3,0.667,1,2,0.5,0,1,1,0,0,0,2,1,9,2.8,-10,10.3
Bojan Bogdanovic,14,14,2015-11-22,26,BRK,H,BOS,10,0,18:24,1,6,0.167,1,5,0.2,2,2,1,0,3,3,0,0,0,2,0,5,0.1,-6,8.3
Bojan Bogdanovic,15,15,2015-11-25,26,BRK,A,OKC,-11,0,21:54,2,6,0.333,0,2,0,0,0,NA,1,1,2,0,0,0,0,0,4,1.6,-7,6.5
Bojan Bogdanovic,16,16,2015-11-28,26,BRK,A,CLE,-2,0,13:49,1,4,0.25,0,1,0,0,0,NA,1,3,4,0,0,0,1,1,2,-0.2,-2,6.5
Bojan Bogdanovic,17,17,2015-11-29,26,BRK,H,DET,4,0,21:04,2,6,0.333,0,2,0,0,0,NA,0,2,2,0,0,0,0,0,4,1.2,4,6.5
Bojan Bogdanovic,18,18,2015-12-01,26,BRK,H,PHO,3,0,18:09,3,5,0.6,1,2,0.5,0,0,NA,0,7,7,0,0,0,0,1,7,6.4,3,16.3
Bojan Bogdanovic,19,19,2015-12-04,26,BRK,A,NYK,-17,0,18:54,3,4,0.75,1,1,1,0,0,NA,0,7,7,0,2,0,1,1,7,8.1,-6,19.8
Bojan Bogdanovic,20,20,2015-12-06,26,BRK,H,GSW,-16,1,20:08,2,7,0.286,1,3,0.333,0,0,NA,0,4,4,1,1,0,0,1,5,3.4,-11,14
Bojan Bogdanovic,21,21,2015-12-08,26,BRK,H,HOU,5,1,38:03,8,16,0.5,3,7,0.429,0,2,0,1,4,5,1,2,0,0,1,19,14.4,16,32.3
Bojan Bogdanovic,22,22,2015-12-10,26,BRK,H,PHI,9,1,32:37,4,7,0.571,2,4,0.5,0,0,NA,1,2,3,3,0,0,1,1,10,8.7,6,18.8
Bojan Bogdanovic,23,23,2015-12-12,26,BRK,H,LAC,-5,1,38:43,4,10,0.4,2,6,0.333,5,6,0.833,1,5,6,1,1,1,1,3,15,11.6,2,28.5
Bojan Bogdanovic,24,24,2015-12-14,26,BRK,H,ORL,-23,1,33:53,4,8,0.5,2,5,0.4,0,0,NA,0,0,0,1,0,0,3,2,10,2.9,-16,11
Bojan Bogdanovic,25,25,2015-12-16,26,BRK,H,MIA,-6,1,39:46,3,8,0.375,2,6,0.333,0,0,NA,1,4,5,1,0,0,1,4,8,3.6,4,16.3
Bojan Bogdanovic,26,26,2015-12-18,26,BRK,A,IND,-7,1,30:58,2,7,0.286,1,3,0.333,0,0,NA,0,1,1,2,0,0,2,1,5,0.2,-14,8.8
Bojan Bogdanovic,27,27,2015-12-20,26,BRK,H,MIN,-15,1,37:03,5,12,0.417,3,7,0.429,0,1,0,0,3,3,2,2,0,3,3,13,6.3,-7,23.8
Bojan Bogdanovic,28,28,2015-12-21,26,BRK,A,CHI,3,1,26:53,5,8,0.625,2,4,0.5,0,0,NA,1,1,2,0,0,0,0,1,12,9,14,15.5
Bojan Bogdanovic,29,29,2015-12-23,26,BRK,H,DAL,-1,1,26:21,6,8,0.75,5,5,1,0,0,NA,1,3,4,2,0,0,1,1,17,15.4,16,27
Bojan Bogdanovic,30,30,2015-12-26,26,BRK,H,WAS,-15,1,35:16,6,12,0.5,2,6,0.333,0,0,NA,0,5,5,2,0,0,4,2,14,6.1,-14,22.3
Bojan Bogdanovic,31,31,2015-12-28,26,BRK,A,MIA,6,1,28:02,2,7,0.286,1,4,0.25,4,4,1,2,4,6,0,0,0,0,2,9,6.7,-6,17
Bojan Bogdanovic,32,32,2015-12-30,26,BRK,A,ORL,-7,1,38:22,9,17,0.529,1,6,0.167,1,1,1,1,5,6,3,0,0,1,3,20,13.8,-3,32
Bojan Bogdanovic,33,33,2016-01-02,26,BRK,A,BOS,3,1,32:22,4,11,0.364,1,4,0.25,4,4,1,0,6,6,1,0,0,1,2,13,7.6,6,22
Bojan Bogdanovic,34,34,2016-01-04,26,BRK,H,BOS,-9,1,34:19,3,14,0.214,0,7,0,6,6,1,4,8,12,3,0,2,1,0,12,11.1,-15,36.5
Bojan Bogdanovic,35,35,2016-01-06,26,BRK,H,TOR,-17,1,34:58,4,10,0.4,2,4,0.5,2,2,1,0,2,2,3,0,0,1,2,12,7.5,-3,19.5
Bojan Bogdanovic,36,36,2016-01-08,26,BRK,H,ORL,-6,1,30:07,0,6,0,0,3,0,2,2,1,0,1,1,0,0,0,1,2,2,-3.7,-9,2.8
Bojan Bogdanovic,37,37,2016-01-09,26,BRK,A,DET,-14,0,23:43,0,5,0,0,1,0,0,0,NA,0,2,2,3,0,0,1,2,0,-2.6,-18,6.5
Bojan Bogdanovic,38,38,2016-01-11,26,BRK,H,SAS,-27,0,21:15,0,5,0,0,3,0,0,0,NA,0,1,1,0,1,0,1,3,0,-4.4,-14,2.8
Bojan Bogdanovic,39,39,2016-01-13,26,BRK,H,NYK,6,0,22:56,4,5,0.8,4,5,0.8,2,2,1,0,4,4,0,0,0,1,1,14,11.9,-2,20.5
Bojan Bogdanovic,40,40,2016-01-15,26,BRK,H,POR,-12,0,16:00,1,6,0.167,0,2,0,1,2,0.5,0,2,2,0,0,0,0,0,3,-0.6,-18,5.5
Bojan Bogdanovic,41,41,2016-01-16,26,BRK,A,ATL,-28,0,21:06,3,8,0.375,0,3,0,1,1,1,0,1,1,2,0,0,2,0,7,2.3,-27,10.3
Bojan Bogdanovic,42,42,2016-01-18,26,BRK,A,TOR,-12,0,22:33,3,6,0.5,1,3,0.333,2,2,1,1,1,2,1,1,0,3,3,9,4.5,-14,14
Bojan Bogdanovic,43,43,2016-01-20,26,BRK,H,CLE,-13,0,29:32,3,9,0.333,1,5,0.2,0,0,NA,1,4,5,0,1,0,2,0,7,2.8,-4,14.8
Bojan Bogdanovic,44,44,2016-01-22,26,BRK,H,UTA,-22,0,23:09,5,9,0.556,2,4,0.5,2,2,1,0,1,1,0,0,0,2,3,14,6.8,-4,15.3
Bojan Bogdanovic,45,45,2016-01-24,26,BRK,H,OKC,10,0,28:45,7,12,0.583,4,6,0.667,0,0,NA,2,1,3,3,0,0,2,1,18,13.8,1,27.3
Bojan Bogdanovic,46,46,2016-01-26,26,BRK,H,MIA,-4,0,23:28,3,8,0.375,3,6,0.5,2,2,1,0,2,2,1,0,0,0,0,11,7.9,1,16.5
Bojan Bogdanovic,47,47,2016-01-29,26,BRK,A,DAL,-12,0,19:23,0,4,0,0,3,0,0,0,NA,0,1,1,0,0,0,0,2,0,-3.3,-24,1.3
Bojan Bogdanovic,48,48,2016-01-30,26,BRK,A,NOP,-2,0,20:29,1,3,0.333,1,2,0.5,0,0,NA,0,1,1,1,1,0,0,1,3,2.9,-4,8.3
Bojan Bogdanovic,49,49,2016-02-01,26,BRK,H,DET,-5,0,24:58,3,9,0.333,2,4,0.5,0,0,NA,2,1,3,0,0,0,0,2,8,3.8,-2,12.8
Bojan Bogdanovic,50,50,2016-02-03,26,BRK,H,IND,-14,0,19:58,3,9,0.333,1,3,0.333,0,1,0,0,1,1,1,0,0,1,2,7,0.7,-5,9.8
Bojan Bogdanovic,51,51,2016-02-05,26,BRK,H,SAC,9,0,27:28,8,10,0.8,7,9,0.778,0,0,NA,1,3,4,1,0,0,2,4,23,17.9,14,32
Bojan Bogdanovic,52,52,2016-02-06,26,BRK,A,PHI,-5,0,22:59,3,8,0.375,0,3,0,3,3,1,0,3,3,1,0,0,3,1,9,2.8,-3,12.8
Bojan Bogdanovic,53,53,2016-02-08,26,BRK,H,DEN,1,0,22:57,5,8,0.625,1,2,0.5,1,1,1,0,0,0,2,0,0,0,0,12,9.8,6,15.5
Bojan Bogdanovic,54,54,2016-02-10,26,BRK,H,MEM,-19,0,16:23,3,6,0.5,3,4,0.75,2,2,1,2,0,2,0,0,0,2,0,11,7.4,-24,14
Bojan Bogdanovic,55,55,2016-02-19,26,BRK,H,NYK,11,0,23:45,6,8,0.75,4,5,0.8,0,0,NA,0,1,1,1,1,0,1,2,16,13,-6,22.3
Bojan Bogdanovic,56,56,2016-02-21,26,BRK,H,CHO,-8,0,19:37,1,9,0.111,1,5,0.2,0,0,NA,1,3,4,2,0,0,0,1,3,-0.3,-8,11.5
Bojan Bogdanovic,57,57,2016-02-23,26,BRK,A,POR,-8,0,22:05,1,7,0.143,1,5,0.2,2,2,1,1,0,1,4,0,0,1,1,5,2.6,8,12.3
Bojan Bogdanovic,58,58,2016-02-25,26,BRK,A,PHO,10,1,38:19,8,16,0.5,3,9,0.333,5,5,1,1,1,2,0,0,0,4,2,24,12.2,7,26
Bojan Bogdanovic,59,59,2016-02-27,26,BRK,A,UTA,2,1,23:10,3,11,0.273,2,3,0.667,0,0,NA,0,3,3,0,0,0,2,2,8,-0.4,-7,11.8
Bojan Bogdanovic,60,60,2016-02-29,26,BRK,A,LAC,-10,1,35:37,5,12,0.417,2,5,0.4,7,9,0.778,0,6,6,1,0,0,1,1,19,12.9,-2,28.5
Bojan Bogdanovic,61,61,2016-03-01,26,BRK,A,LAL,-6,1,31:01,7,12,0.583,1,4,0.25,3,4,0.75,0,7,7,3,0,1,1,0,18,15.9,6,33.3
Bojan Bogdanovic,62,62,2016-03-04,26,BRK,A,DEN,1,1,33:14,6,12,0.5,3,6,0.5,2,3,0.667,0,2,2,2,0,0,3,0,17,9.6,1,22.5
Bojan Bogdanovic,63,63,2016-03-05,26,BRK,A,MIN,-14,1,24:23,4,11,0.364,0,3,0,0,0,NA,0,1,1,2,0,0,2,1,8,1.2,-24,11.3
Bojan Bogdanovic,64,64,2016-03-08,26,BRK,A,TOR,-5,1,31:56,5,9,0.556,2,2,1,0,0,NA,0,5,5,2,2,0,2,0,12,10.6,3,25.3
Bojan Bogdanovic,66,65,2016-03-13,26,BRK,H,MIL,-9,1,32:51,4,9,0.444,3,7,0.429,2,4,0.5,0,5,5,7,0,0,7,4,13,5.3,-14,27.8
Bojan Bogdanovic,67,66,2016-03-15,26,BRK,H,PHI,17,1,37:07,17,27,0.63,4,9,0.444,6,7,0.857,2,6,8,2,0,0,3,2,44,32.3,19,57.5
Bojan Bogdanovic,68,67,2016-03-17,26,BRK,A,CHI,-16,1,28:44,10,17,0.588,2,5,0.4,4,4,1,1,2,3,5,1,0,1,4,26,21.3,7,39.8
Bojan Bogdanovic,69,68,2016-03-19,26,BRK,A,DET,-12,1,33:21,7,16,0.438,3,7,0.429,2,2,1,0,5,5,2,0,0,2,2,19,10.7,-5,28.8
Bojan Bogdanovic,70,69,2016-03-22,26,BRK,H,CHO,-5,1,28:58,4,8,0.5,3,6,0.5,9,9,1,0,3,3,0,0,0,1,4,20,14.3,-17,24.8
Bojan Bogdanovic,71,70,2016-03-24,26,BRK,H,CLE,9,1,25:53,4,11,0.364,3,8,0.375,1,2,0.5,0,1,1,0,0,0,3,2,12,2,7,13.3
Bojan Bogdanovic,72,71,2016-03-26,26,BRK,H,IND,10,1,28:11,7,14,0.5,4,7,0.571,0,0,NA,0,2,2,2,0,0,1,5,18,10,22,25
Bojan Bogdanovic,73,72,2016-03-28,26,BRK,A,MIA,-11,1,23:56,4,10,0.4,1,3,0.333,0,0,NA,0,1,1,0,0,0,2,0,9,1.9,-5,9.8
Bojan Bogdanovic,74,73,2016-03-29,26,BRK,A,ORL,-34,1,15:17,2,5,0.4,0,2,0,2,2,1,0,1,1,1,0,0,0,0,6,4.3,-11,8.8
Bojan Bogdanovic,75,74,2016-03-31,26,BRK,A,CLE,-20,1,24:32,5,12,0.417,1,5,0.2,3,4,0.75,0,5,5,3,0,0,4,3,14,5.6,-15,23.3
Bojan Bogdanovic,78,75,2016-04-06,26,BRK,A,WAS,-18,1,20:39,2,12,0.167,0,2,0,0,0,NA,0,2,2,0,0,0,1,1,4,-4.4,-15,6
Bojan Bogdanovic,79,76,2016-04-08,26,BRK,A,CHO,-14,1,20:45,2,12,0.167,0,2,0,0,0,NA,0,1,1,1,0,1,0,0,4,-1.9,-16,8.8
Bojan Bogdanovic,80,77,2016-04-10,26,BRK,A,IND,-24,1,28:54,2,15,0.133,1,7,0.143,5,5,1,0,2,2,1,1,0,1,1,10,1.2,-15,16
Bojan Bogdanovic,81,78,2016-04-11,26,BRK,H,WAS,-9,1,30:15,8,13,0.615,3,6,0.5,1,1,1,1,4,5,1,1,0,2,2,20,14.9,-23,30.3
Bojan Bogdanovic,82,79,2016-04-13,26,BRK,H,TOR,-7,1,37:02,10,17,0.588,7,10,0.7,2,3,0.667,0,6,6,2,1,0,3,3,29,20.7,-5,43.5
Henry Sims,2,1,2016-03-19,25,BRK,A,DET,-12,0,20:17,5,9,0.556,0,0,NA,0,0,NA,3,5,8,0,1,1,1,5,10,8,-9,23.5
Henry Sims,3,2,2016-03-22,25,BRK,H,CHO,-5,0,7:43,0,1,0,0,0,NA,0,0,NA,0,2,2,0,0,0,1,2,0,-1.9,-2,2
Henry Sims,4,3,2016-03-24,25,BRK,H,CLE,9,0,16:26,1,5,0.2,0,0,NA,2,3,0.667,0,2,2,1,0,3,1,1,4,2.5,1,13.5
Henry Sims,5,4,2016-03-26,25,BRK,H,IND,10,0,9:00,2,3,0.667,0,0,NA,1,1,1,1,1,2,0,1,0,0,1,5,5.3,-4,9.5
Henry Sims,6,5,2016-03-28,26,BRK,A,MIA,-11,0,13:14,2,3,0.667,0,0,NA,0,0,NA,3,3,6,1,0,0,1,2,4,4.6,-11,12.5
Henry Sims,7,6,2016-03-29,26,BRK,A,ORL,-34,0,21:01,2,6,0.333,0,0,NA,4,4,1,2,2,4,0,0,2,1,1,8,6.6,-29,16.5
Henry Sims,8,7,2016-03-31,26,BRK,A,CLE,-20,1,18:32,0,3,0,0,0,NA,4,6,0.667,2,3,5,1,2,0,0,4,4,4.5,-14,15.8
Henry Sims,9,8,2016-04-01,26,BRK,A,NYK,-14,0,17:56,1,3,0.333,0,0,NA,5,6,0.833,1,3,4,0,0,1,0,3,7,6,-2,14
Henry Sims,10,9,2016-04-03,26,BRK,H,NOP,-19,1,30:04,5,11,0.455,0,0,NA,2,2,1,2,5,7,1,1,0,2,2,12,8.1,2,23.3
Henry Sims,11,10,2016-04-06,26,BRK,A,WAS,-18,0,20:12,4,6,0.667,0,0,NA,0,0,NA,0,7,7,1,1,1,1,3,8,7.7,-6,21.8
Henry Sims,12,11,2016-04-08,26,BRK,A,CHO,-14,0,16:37,3,7,0.429,0,0,NA,1,2,0.5,1,6,7,1,0,1,2,2,7,4,0,18.3
Henry Sims,13,12,2016-04-10,26,BRK,A,IND,-24,0,18:53,1,4,0.25,0,0,NA,2,2,1,2,1,3,1,2,0,1,4,4,3.4,-14,12.8
Henry Sims,14,13,2016-04-11,26,BRK,H,WAS,-9,1,29:44,2,9,0.222,0,0,NA,4,4,1,2,6,8,1,1,2,1,4,8,6.2,-4,25
Henry Sims,15,14,2016-04-13,26,BRK,H,TOR,-7,1,23:14,5,7,0.714,0,0,NA,0,0,NA,2,5,7,1,0,3,0,3,10,11.6,-2,26.3
Wayne Ellington,1,1,2015-10-28,27,BRK,H,CHI,-15,1,12:03,0,3,0,0,1,0,0,0,NA,0,2,2,1,0,1,0,0,0,-0.1,-17,6
Wayne Ellington,2,2,2015-10-30,28,BRK,A,SAS,-27,1,18:16,1,6,0.167,1,4,0.25,0,0,NA,0,1,1,0,2,0,0,2,3,0.7,-18,8.8
Wayne Ellington,3,3,2015-10-31,28,BRK,A,MEM,-10,0,8:43,2,4,0.5,2,4,0.5,0,0,NA,0,0,0,0,0,0,0,0,6,4,-4,7
Wayne Ellington,4,4,2015-11-02,28,BRK,H,MIL,-7,0,6:48,0,1,0,0,1,0,0,0,NA,0,0,0,0,0,0,0,1,0,-1.1,-3,0
Wayne Ellington,5,5,2015-11-04,28,BRK,A,ATL,-14,0,18:06,4,8,0.5,1,4,0.25,0,0,NA,1,3,4,2,2,0,0,1,9,9.6,-11,21.5
Wayne Ellington,6,6,2015-11-06,28,BRK,H,LAL,-6,0,12:20,1,4,0.25,0,1,0,0,0,NA,0,1,1,0,0,0,0,1,2,-0.5,0,3.3
Wayne Ellington,7,7,2015-11-07,28,BRK,A,MIL,-8,0,15:40,0,3,0,0,0,NA,0,0,NA,0,1,1,1,0,0,0,0,0,-1.1,-4,2.8
Wayne Ellington,8,8,2015-11-11,28,BRK,A,HOU,8,0,18:31,2,8,0.25,1,3,0.333,0,0,NA,1,1,2,1,1,0,0,0,5,2.9,10,11.5
Wayne Ellington,9,9,2015-11-13,28,BRK,A,SAC,-2,0,14:29,2,5,0.4,1,2,0.5,0,0,NA,0,1,1,2,2,0,1,2,5,4.2,5,13.3
Wayne Ellington,10,10,2015-11-14,28,BRK,A,GSW,-8,0,13:18,2,3,0.667,0,0,NA,2,2,1,0,1,1,0,0,0,0,2,6,4.2,-11,7.3
Wayne Ellington,11,11,2015-11-17,28,BRK,H,ATL,2,0,23:08,1,4,0.25,0,2,0,0,0,NA,0,1,1,1,2,0,0,1,2,2.2,-5,8.8
Wayne Ellington,12,12,2015-11-18,28,BRK,A,CHO,-5,0,14:06,2,5,0.4,0,1,0,0,0,NA,0,2,2,1,0,0,0,1,4,2.2,-13,8
Wayne Ellington,13,13,2015-11-20,28,BRK,A,BOS,-25,0,3:07,1,1,1,1,1,1,0,0,NA,0,0,0,0,0,0,0,0,3,2.7,0,3.5
Wayne Ellington,15,14,2015-11-25,28,BRK,A,OKC,-11,0,6:34,0,2,0,0,0,NA,1,2,0.5,0,1,1,1,1,0,0,0,1,1.2,-2,5.8
Wayne Ellington,16,15,2015-11-28,28,BRK,A,CLE,-2,0,10:26,0,4,0,0,4,0,0,0,NA,0,0,0,0,0,0,0,0,0,-2.8,2,0
Wayne Ellington,17,16,2015-11-29,28,BRK,H,DET,4,0,23:32,5,7,0.714,1,1,1,1,1,1,0,6,6,0,0,1,3,0,12,8.6,13,20.5
Wayne Ellington,18,17,2015-12-01,28,BRK,H,PHO,3,0,20:21,5,7,0.714,1,3,0.333,0,0,NA,0,2,2,0,2,0,2,1,11,8.3,9,17
Wayne Ellington,19,18,2015-12-04,28,BRK,A,NYK,-17,0,13:09,2,8,0.25,0,3,0,1,2,0.5,1,1,2,1,0,0,1,0,5,0.5,-8,8.5
Wayne Ellington,20,19,2015-12-06,28,BRK,H,GSW,-16,0,7:43,1,3,0.333,1,2,0.5,0,0,NA,0,0,0,0,0,0,0,0,3,1.3,-5,3.5
Wayne Ellington,21,20,2015-12-08,28,BRK,H,HOU,5,0,16:14,3,8,0.375,1,3,0.333,0,0,NA,1,1,2,0,0,0,1,1,7,2.2,-8,9.5
Wayne Ellington,22,21,2015-12-10,28,BRK,H,PHI,9,0,9:27,1,1,1,1,1,1,0,0,NA,0,2,2,0,1,0,0,1,3,3.9,2,8
Wayne Ellington,23,22,2015-12-12,28,BRK,H,LAC,-5,0,9:58,0,2,0,0,1,0,0,0,NA,0,1,1,0,0,0,0,0,0,-1.1,-1,1.3
Wayne Ellington,24,23,2015-12-14,28,BRK,H,ORL,-23,0,20:14,3,8,0.375,2,4,0.5,3,3,1,1,0,1,0,1,0,1,0,11,7.3,-3,14.8
Wayne Ellington,25,24,2015-12-16,28,BRK,H,MIA,-6,0,26:35,6,13,0.462,0,4,0,0,0,NA,0,2,2,1,3,0,0,2,12,8.8,-9,22
Wayne Ellington,26,25,2015-12-18,28,BRK,A,IND,-7,0,14:50,2,6,0.333,1,2,0.5,0,0,NA,0,2,2,0,0,0,0,2,5,1.4,-2,8
Wayne Ellington,27,26,2015-12-20,28,BRK,H,MIN,-15,0,20:22,4,10,0.4,2,6,0.333,0,0,NA,0,1,1,2,0,0,1,1,10,4.9,-8,14.8
Wayne Ellington,28,27,2015-12-21,28,BRK,A,CHI,3,0,28:00,5,9,0.556,3,5,0.6,0,0,NA,0,4,4,2,1,0,0,1,13,11.9,-14,24.5
Wayne Ellington,29,28,2015-12-23,28,BRK,H,DAL,-1,0,17:28,3,5,0.6,0,0,NA,1,1,1,0,1,1,2,1,0,0,0,7,7.4,-12,13.3
Wayne Ellington,30,29,2015-12-26,28,BRK,H,WAS,-15,0,16:17,3,8,0.375,0,2,0,0,0,NA,1,2,3,0,0,0,1,1,6,1.5,-7,9.3
Wayne Ellington,31,30,2015-12-28,28,BRK,A,MIA,6,0,32:33,9,18,0.5,7,9,0.778,1,2,0.5,0,7,7,2,1,0,2,1,26,18.7,15,42.3
Wayne Ellington,32,31,2015-12-30,28,BRK,A,ORL,-7,0,17:00,3,6,0.5,1,4,0.25,2,2,1,0,1,1,0,0,0,2,1,9,3.9,-5,9.8
Wayne Ellington,33,32,2016-01-02,28,BRK,A,BOS,3,0,22:56,1,4,0.25,0,3,0,3,4,0.75,0,6,6,2,1,0,0,2,5,5.6,1,17.5
Wayne Ellington,34,33,2016-01-04,28,BRK,H,BOS,-9,0,27:13,2,10,0.2,1,8,0.125,3,4,0.75,0,3,3,1,1,0,1,2,8,2.2,2,15.3
Wayne Ellington,35,34,2016-01-06,28,BRK,H,TOR,-17,0,23:15,2,8,0.25,1,4,0.25,0,0,NA,1,2,3,1,1,0,3,3,5,-1,-11,11.3
Wayne Ellington,36,35,2016-01-08,28,BRK,H,ORL,-6,0,16:34,3,7,0.429,2,4,0.5,0,0,NA,1,2,3,1,0,0,0,0,8,6.3,-9,14.3
Wayne Ellington,37,36,2016-01-09,28,BRK,A,DET,-14,0,20:47,1,7,0.143,1,2,0.5,0,1,0,0,1,1,1,1,0,0,2,3,-0.7,-5,8.3
Wayne Ellington,38,37,2016-01-11,28,BRK,H,SAS,-27,1,29:25,3,8,0.375,0,3,0,2,2,1,0,3,3,0,2,0,3,0,8,3.5,-12,14.3
Wayne Ellington,39,38,2016-01-13,28,BRK,H,NYK,6,1,25:57,5,10,0.5,0,2,0,0,0,NA,0,2,2,2,0,0,3,0,10,4,4,14
Wayne Ellington,40,39,2016-01-15,28,BRK,H,POR,-12,1,34:47,4,11,0.364,2,6,0.333,0,0,NA,0,5,5,1,0,0,0,2,10,5.3,1,18.8
Wayne Ellington,41,40,2016-01-16,28,BRK,A,ATL,-28,1,29:45,4,9,0.444,1,4,0.25,0,0,NA,0,3,3,2,0,0,1,0,9,5.6,-9,15.8
Wayne Ellington,42,41,2016-01-18,28,BRK,A,TOR,-12,1,24:00,1,5,0.2,0,2,0,2,2,1,0,0,0,2,0,0,0,3,4,1.1,-1,7
Wayne Ellington,43,42,2016-01-20,28,BRK,H,CLE,-13,1,22:35,1,5,0.2,1,2,0.5,0,0,NA,0,2,2,0,1,1,0,1,3,1.8,-5,10
Wayne Ellington,44,43,2016-01-22,28,BRK,H,UTA,-22,1,29:50,4,11,0.364,1,4,0.25,2,2,1,0,1,1,1,0,0,1,0,11,4.9,-21,13.8
Wayne Ellington,45,44,2016-01-24,28,BRK,H,OKC,10,1,27:19,4,11,0.364,1,5,0.2,0,0,NA,1,5,6,4,1,0,0,2,9,8.1,13,25
Wayne Ellington,46,45,2016-01-26,28,BRK,H,MIA,-4,1,30:01,2,7,0.286,2,4,0.5,2,2,1,0,1,1,2,2,0,0,2,8,6.8,-7,17.3
Wayne Ellington,47,46,2016-01-29,28,BRK,A,DAL,-12,1,31:26,5,11,0.455,2,6,0.333,0,0,NA,1,5,6,0,1,0,0,2,12,8.7,-9,22.5
Wayne Ellington,48,47,2016-01-30,28,BRK,A,NOP,-2,1,33:07,6,13,0.462,5,8,0.625,1,2,0.5,1,2,3,1,0,0,1,1,18,11.5,4,25.3
Wayne Ellington,49,48,2016-02-01,28,BRK,H,DET,-5,1,28:00,4,11,0.364,3,5,0.6,0,0,NA,0,3,3,1,0,0,0,1,11,6.1,-10,17.8
Wayne Ellington,50,49,2016-02-03,28,BRK,H,IND,-14,1,33:08,6,12,0.5,2,8,0.25,2,2,1,0,2,2,0,1,0,3,2,16,7.8,-16,20
Wayne Ellington,51,50,2016-02-05,28,BRK,H,SAC,9,1,26:07,2,10,0.2,1,6,0.167,5,5,1,0,2,2,3,0,0,0,1,10,6.1,-3,17.5
Wayne Ellington,52,51,2016-02-06,28,BRK,A,PHI,-5,1,24:06,4,9,0.444,1,4,0.25,2,2,1,0,2,2,0,0,0,1,2,11,5.1,-7,13.5
Wayne Ellington,53,52,2016-02-08,28,BRK,H,DEN,1,1,19:29,1,4,0.25,1,2,0.5,0,0,NA,0,2,2,2,0,0,0,0,3,2.6,-7,9
Wayne Ellington,54,53,2016-02-10,28,BRK,H,MEM,-19,1,24:39,6,8,0.75,4,5,0.8,2,3,0.667,0,2,2,1,0,0,1,0,18,14.7,-8,23.5
Wayne Ellington,55,54,2016-02-19,28,BRK,H,NYK,11,1,25:36,4,7,0.571,1,3,0.333,2,2,1,0,1,1,2,1,0,0,0,11,10.4,15,17.8
Wayne Ellington,56,55,2016-02-21,28,BRK,H,CHO,-8,1,22:14,5,9,0.556,1,3,0.333,2,2,1,0,3,3,0,0,0,0,0,13,9.6,-7,17.3
Wayne Ellington,57,56,2016-02-23,28,BRK,A,POR,-8,1,18:36,2,7,0.286,0,0,NA,0,0,NA,1,2,3,0,0,0,0,3,4,0,-2,7.8
Wayne Ellington,58,57,2016-02-25,28,BRK,A,PHO,10,1,23:28,3,10,0.3,1,4,0.25,5,5,1,0,3,3,1,0,0,0,1,12,7.4,0,17.8
Wayne Ellington,59,58,2016-02-27,28,BRK,A,UTA,2,1,35:41,6,12,0.5,3,6,0.5,1,2,0.5,0,6,6,2,2,0,1,2,16,13,-3,31.5
Wayne Ellington,60,59,2016-02-29,28,BRK,A,LAC,-10,1,20:50,5,8,0.625,3,6,0.5,0,0,NA,0,0,0,0,0,0,0,3,13,8.2,2,14.5
Wayne Ellington,61,60,2016-03-01,28,BRK,A,LAL,-6,1,28:11,4,6,0.667,2,3,0.667,0,0,NA,0,0,0,1,2,0,0,2,10,9.3,1,16.5
Wayne Ellington,62,61,2016-03-04,28,BRK,A,DEN,1,1,19:41,3,4,0.75,2,2,1,0,0,NA,0,1,1,1,1,0,2,3,8,5.2,-7,12.8
Wayne Ellington,63,62,2016-03-05,28,BRK,A,MIN,-14,1,19:24,4,8,0.5,1,2,0.5,0,0,NA,0,0,0,0,0,0,0,0,9,5,-16,9.5
Wayne Ellington,64,63,2016-03-08,28,BRK,A,TOR,-5,1,29:27,3,7,0.429,2,4,0.5,0,0,NA,1,3,4,2,0,0,0,3,8,6.1,5,17
Wayne Ellington,65,64,2016-03-11,28,BRK,A,PHI,-6,1,28:49,4,11,0.364,2,5,0.4,0,0,NA,1,4,5,4,1,0,1,1,10,8.2,5,24.8
Wayne Ellington,67,65,2016-03-15,28,BRK,H,PHI,17,1,16:32,3,8,0.375,2,6,0.333,0,0,NA,1,4,5,3,2,0,0,1,8,9.2,12,23.8
Wayne Ellington,69,66,2016-03-19,28,BRK,A,DET,-12,1,27:05,0,3,0,0,1,0,1,1,1,0,3,3,3,1,0,0,1,1,2.5,-2,11.3
Wayne Ellington,70,67,2016-03-22,28,BRK,H,CHO,-5,1,13:10,1,4,0.25,0,1,0,0,0,NA,1,2,3,0,0,0,0,1,2,0.5,-13,5.8
Wayne Ellington,74,68,2016-03-29,28,BRK,A,ORL,-34,0,25:26,4,10,0.4,3,5,0.6,1,1,1,0,2,2,1,0,0,1,2,12,6.1,-30,17
Wayne Ellington,75,69,2016-03-31,28,BRK,A,CLE,-20,1,21:20,0,8,0,0,3,0,0,0,NA,0,4,4,1,1,0,0,0,0,-2.7,-11,8.5
Wayne Ellington,76,70,2016-04-01,28,BRK,A,NYK,-14,1,23:35,3,13,0.231,1,6,0.167,1,1,1,2,2,4,1,1,0,0,1,8,3.4,-15,17
Wayne Ellington,77,71,2016-04-03,28,BRK,H,NOP,-19,1,26:51,4,10,0.4,2,7,0.286,0,0,NA,0,1,1,3,1,1,2,0,10,6.7,6,19.8
Wayne Ellington,78,72,2016-04-06,28,BRK,A,WAS,-18,1,23:50,5,10,0.5,4,7,0.571,0,0,NA,1,3,4,2,0,0,1,2,14,10.2,-5,23.5
Wayne Ellington,79,73,2016-04-08,28,BRK,A,CHO,-14,1,26:19,8,12,0.667,5,7,0.714,0,0,NA,1,0,1,1,0,0,0,1,21,16.8,-9,26.3
Wayne Ellington,80,74,2016-04-10,28,BRK,A,IND,-24,1,24:44,0,6,0,0,4,0,0,0,NA,0,3,3,1,1,1,4,1,0,-5.3,-17,7.3
Wayne Ellington,81,75,2016-04-11,28,BRK,H,WAS,-9,1,23:53,2,11,0.182,1,7,0.143,0,0,NA,0,2,2,2,2,0,0,1,5,1.7,-5,15
Wayne Ellington,82,76,2016-04-13,28,BRK,H,TOR,-7,1,16:34,1,6,0.167,0,1,0,3,3,1,0,1,1,4,0,0,0,2,5,3.5,3,12.3
Andrea Bargnani,1,1,2015-10-28,30,BRK,H,CHI,-15,0,22:09,6,13,0.462,0,1,0,5,5,1,2,5,7,0,1,1,1,4,17,12.3,2,29.3
Andrea Bargnani,2,2,2015-10-30,30,BRK,A,SAS,-27,0,16:18,2,4,0.5,1,1,1,0,0,NA,0,1,1,0,0,0,0,0,5,3.3,-8,6.8
Andrea Bargnani,3,3,2015-10-31,30,BRK,A,MEM,-10,0,14:53,2,2,1,0,0,NA,1,2,0.5,0,1,1,0,0,0,2,2,5,1.5,-11,5.3
Andrea Bargnani,4,4,2015-11-02,30,BRK,H,MIL,-7,0,15:41,1,8,0.125,0,1,0,3,3,1,4,1,5,0,0,0,2,3,5,-0.3,-15,10.3
Andrea Bargnani,5,5,2015-11-04,30,BRK,A,ATL,-14,0,10:23,2,2,1,0,0,NA,0,0,NA,0,0,0,0,0,0,2,3,4,0.2,-8,3
Andrea Bargnani,6,6,2015-11-06,30,BRK,H,LAL,-6,0,9:35,0,2,0,0,0,NA,0,0,NA,0,0,0,0,0,0,1,4,0,-4,-3,-0.5
Andrea Bargnani,7,7,2015-11-07,30,BRK,A,MIL,-8,0,7:51,2,4,0.5,0,0,NA,0,0,NA,1,0,1,0,0,0,0,1,4,2.3,3,5.3
Andrea Bargnani,8,8,2015-11-11,30,BRK,A,HOU,8,0,16:53,3,8,0.375,0,1,0,2,2,1,1,1,2,1,0,1,1,2,8,4.2,16,13.5
Andrea Bargnani,9,9,2015-11-13,30,BRK,A,SAC,-2,0,13:55,2,8,0.25,1,1,1,0,0,NA,1,2,3,0,0,0,0,0,5,1.5,-11,9.3
Andrea Bargnani,10,10,2015-11-14,30,BRK,A,GSW,-8,0,8:10,2,4,0.5,0,0,NA,0,0,NA,0,1,1,0,0,0,0,0,4,2.3,-5,5.3
Andrea Bargnani,11,11,2015-11-17,30,BRK,H,ATL,2,0,3:48,0,1,0,0,0,NA,0,0,NA,0,0,0,0,0,0,0,1,0,-1.1,-12,0
Andrea Bargnani,12,12,2015-11-18,30,BRK,A,CHO,-5,0,11:51,4,10,0.4,0,2,0,0,0,NA,0,0,0,0,0,0,0,1,8,2.2,-14,8
Andrea Bargnani,13,13,2015-11-20,30,BRK,A,BOS,-25,0,14:42,2,8,0.25,0,0,NA,1,1,1,1,1,2,1,0,0,0,1,5,1.5,-1,9
Andrea Bargnani,14,14,2015-11-22,30,BRK,H,BOS,10,0,21:25,6,9,0.667,0,0,NA,0,0,NA,1,2,3,0,0,1,1,2,12,8.3,1,17.3
Andrea Bargnani,15,15,2015-11-25,30,BRK,A,OKC,-11,0,15:58,6,12,0.5,0,1,0,1,1,1,0,2,2,0,0,1,0,2,13,7.5,-6,17.5
Andrea Bargnani,16,16,2015-11-28,30,BRK,A,CLE,-2,0,16:29,3,9,0.333,0,1,0,0,0,NA,0,1,1,0,0,0,2,1,6,-1.2,-3,6.3
Andrea Bargnani,17,17,2015-11-29,30,BRK,H,DET,4,0,2:31,0,1,0,0,0,NA,0,0,NA,0,0,0,0,0,0,0,1,0,-1.1,-2,0
Andrea Bargnani,22,18,2015-12-10,30,BRK,H,PHI,9,0,23:15,8,15,0.533,0,0,NA,7,9,0.778,3,3,6,1,0,0,0,0,23,18.6,13,32
Andrea Bargnani,23,19,2015-12-12,30,BRK,H,LAC,-5,0,13:45,3,7,0.429,0,0,NA,5,5,1,1,4,5,1,0,0,1,4,11,7.3,13,18.3
Andrea Bargnani,24,20,2015-12-14,30,BRK,H,ORL,-23,0,20:22,5,8,0.625,0,0,NA,2,3,0.667,0,3,3,0,0,0,2,1,12,6.5,-12,14.8
Andrea Bargnani,25,21,2015-12-16,30,BRK,H,MIA,-6,0,21:03,5,11,0.455,0,0,NA,0,1,0,2,3,5,0,0,0,0,2,10,5.4,0,16.3
Andrea Bargnani,26,22,2015-12-18,30,BRK,A,IND,-7,0,21:49,5,9,0.556,0,0,NA,2,2,1,1,4,5,1,0,1,0,2,12,10.2,-4,21.8
Andrea Bargnani,27,23,2015-12-20,30,BRK,H,MIN,-15,0,19:02,3,6,0.5,0,0,NA,5,6,0.833,1,2,3,1,1,0,1,0,11,9.6,2,17.8
Andrea Bargnani,28,24,2015-12-21,30,BRK,A,CHI,3,0,19:06,3,8,0.375,0,2,0,2,3,0.667,0,5,5,1,0,0,1,1,8,4,2,15.3
Andrea Bargnani,29,25,2015-12-23,30,BRK,H,DAL,-1,0,19:59,6,13,0.462,0,1,0,0,0,NA,2,4,6,0,0,1,4,5,12,2.6,-8,19.5
Andrea Bargnani,30,26,2015-12-26,30,BRK,H,WAS,-15,0,12:32,1,5,0.2,0,0,NA,0,0,NA,2,1,3,1,0,0,0,0,2,1.3,-1,7.3
Andrea Bargnani,31,27,2015-12-28,30,BRK,A,MIA,6,0,5:37,0,1,0,0,0,NA,0,0,NA,0,0,0,0,0,0,0,1,0,-1.1,-2,0
Andrea Bargnani,32,28,2015-12-30,30,BRK,A,ORL,-7,0,14:14,1,4,0.25,0,0,NA,0,0,NA,0,0,0,0,1,0,0,0,2,0.6,-1,4
Andrea Bargnani,33,29,2016-01-02,30,BRK,A,BOS,3,0,8:04,2,3,0.667,0,0,NA,0,0,NA,1,1,2,1,0,0,0,0,4,4.4,-9,8
Andrea Bargnani,34,30,2016-01-04,30,BRK,H,BOS,-9,0,4:27,0,1,0,0,0,NA,0,0,NA,0,0,0,0,0,0,0,0,0,-0.7,-2,0
Andrea Bargnani,35,31,2016-01-06,30,BRK,H,TOR,-17,0,5:44,1,2,0.5,0,0,NA,1,2,0.5,0,2,2,0,0,0,0,0,3,2.2,-6,5.5
Andrea Bargnani,37,32,2016-01-09,30,BRK,A,DET,-14,0,5:47,1,4,0.25,0,0,NA,0,0,NA,0,1,1,0,0,0,0,1,2,-0.5,-2,3.3
Andrea Bargnani,38,33,2016-01-11,30,BRK,H,SAS,-27,0,15:16,3,6,0.5,0,0,NA,1,1,1,1,1,2,0,0,0,0,3,7,3.8,-7,9.5
Andrea Bargnani,39,34,2016-01-13,30,BRK,H,NYK,6,0,13:32,2,6,0.333,0,1,0,0,0,NA,0,1,1,0,0,0,0,2,4,0.1,-14,5.3
Andrea Bargnani,40,35,2016-01-15,30,BRK,H,POR,-12,0,13:36,4,7,0.571,1,1,1,3,4,0.75,0,1,1,0,1,0,1,0,12,8.6,-15,15.3
Andrea Bargnani,41,36,2016-01-16,30,BRK,A,ATL,-28,0,10:13,3,5,0.6,0,1,0,0,0,NA,0,0,0,1,0,0,0,0,6,4.4,-16,7.5
Andrea Bargnani,43,37,2016-01-20,30,BRK,H,CLE,-13,0,13:24,2,4,0.5,0,0,NA,0,0,NA,0,2,2,1,0,0,0,0,4,3.3,-10,8
Andrea Bargnani,44,38,2016-01-22,30,BRK,H,UTA,-22,0,21:14,3,7,0.429,0,1,0,0,0,NA,0,1,1,1,0,1,1,1,6,2.6,-6,10.3
Andrea Bargnani,45,39,2016-01-24,30,BRK,H,OKC,10,0,7:57,2,2,1,0,0,NA,0,0,NA,0,0,0,0,0,0,2,2,4,0.6,3,3
Andrea Bargnani,46,40,2016-01-26,30,BRK,H,MIA,-4,0,24:21,9,12,0.75,0,0,NA,2,3,0.667,0,1,1,1,0,1,0,1,20,16.1,-3,24.8
Andrea Bargnani,47,41,2016-01-29,30,BRK,A,DAL,-12,0,11:21,1,4,0.25,0,0,NA,0,0,NA,1,3,4,0,0,0,1,2,2,-0.6,-18,6.5
Andrea Bargnani,48,42,2016-01-30,30,BRK,A,NOP,-2,0,9:45,0,0,NA,0,0,NA,0,0,NA,0,1,1,1,0,0,0,2,0,0.2,-9,2.8
Andrea Bargnani,49,43,2016-02-01,30,BRK,H,DET,-5,0,24:35,7,12,0.583,0,0,NA,4,4,1,0,4,4,1,0,0,0,0,18,14.3,6,24.5
Andrea Bargnani,50,44,2016-02-03,30,BRK,H,IND,-14,0,12:03,1,2,0.5,0,0,NA,0,0,NA,0,2,2,1,0,0,0,1,2,1.9,-7,6
Andrea Bargnani,51,45,2016-02-05,30,BRK,H,SAC,9,0,10:06,2,5,0.4,0,0,NA,0,0,NA,1,0,1,0,0,1,0,0,4,2.7,-3,7.3
Andrea Bargnani,52,46,2016-02-06,30,BRK,A,PHI,-5,0,8:58,1,5,0.2,0,0,NA,0,0,NA,1,1,2,2,0,0,0,2,2,0.5,2,7.5
Shane Larkin,1,1,2015-10-28,23,BRK,H,CHI,-15,1,23:13,3,8,0.375,0,2,0,0,0,NA,0,0,0,8,3,1,2,3,6,7.7,-3,25
Shane Larkin,2,2,2015-10-30,23,BRK,A,SAS,-27,0,16:26,3,5,0.6,0,0,NA,1,2,0.5,0,0,0,4,0,1,1,0,7,6.8,1,14.5
Shane Larkin,3,3,2015-10-31,23,BRK,A,MEM,-10,0,12:38,1,5,0.2,0,0,NA,0,0,NA,0,1,1,2,0,0,0,1,2,0.2,-4,6.3
Shane Larkin,4,4,2015-11-02,23,BRK,H,MIL,-7,0,18:07,5,5,1,0,0,NA,0,1,0,0,3,3,1,1,0,2,1,10,8.3,-12,16.3
Shane Larkin,5,5,2015-11-04,23,BRK,A,ATL,-14,0,16:31,1,3,0.333,0,0,NA,2,2,1,0,2,2,2,0,0,4,2,4,-0.5,-8,7.5
Shane Larkin,6,6,2015-11-06,23,BRK,H,LAL,-6,0,10:25,0,2,0,0,1,0,0,0,NA,0,1,1,1,0,0,1,4,0,-3,-13,2.3
Shane Larkin,7,7,2015-11-07,23,BRK,A,MIL,-8,0,18:17,2,7,0.286,0,1,0,2,2,1,0,3,3,2,3,0,1,3,6,5,7,18.3
Shane Larkin,8,8,2015-11-11,23,BRK,A,HOU,8,0,22:37,6,9,0.667,3,3,1,0,0,NA,1,7,8,2,0,0,1,0,15,14.3,24,29
Shane Larkin,9,9,2015-11-13,23,BRK,A,SAC,-2,0,14:57,3,4,0.75,2,2,1,0,0,NA,0,2,2,3,2,0,2,2,8,8.3,-3,19
Shane Larkin,10,10,2015-11-14,23,BRK,A,GSW,-8,0,10:59,1,4,0.25,0,2,0,0,0,NA,0,2,2,2,1,0,2,0,2,0.6,-4,8.5
Shane Larkin,11,11,2015-11-17,23,BRK,H,ATL,2,0,13:34,5,11,0.455,4,6,0.667,0,0,NA,0,2,2,1,2,0,1,1,14,10.2,-3,23.5
Shane Larkin,12,12,2015-11-18,23,BRK,A,CHO,-5,0,19:53,3,5,0.6,0,0,NA,0,0,NA,1,1,2,6,1,0,1,3,6,7.7,-8,19
Shane Larkin,13,13,2015-11-20,23,BRK,A,BOS,-25,0,29:41,4,8,0.5,1,3,0.333,1,2,0.5,1,2,3,3,4,0,2,0,10,11,-6,25.8
Shane Larkin,14,14,2015-11-22,23,BRK,H,BOS,10,0,17:50,3,6,0.5,1,2,0.5,0,0,NA,0,0,0,5,1,0,2,1,7,6.1,5,16
Shane Larkin,15,15,2015-11-25,23,BRK,A,OKC,-11,0,25:29,4,7,0.571,2,2,1,0,1,0,0,4,4,6,1,0,2,2,10,9.9,-11,26
Shane Larkin,16,16,2015-11-28,23,BRK,A,CLE,-2,0,12:36,2,5,0.4,0,0,NA,3,4,0.75,0,1,1,3,0,0,2,0,7,4.3,-8,11.8
Shane Larkin,17,17,2015-11-29,23,BRK,H,DET,4,0,21:23,4,10,0.4,1,3,0.333,0,0,NA,0,2,2,2,1,0,1,1,9,5.2,4,16.5
Shane Larkin,18,18,2015-12-01,23,BRK,H,PHO,3,0,30:17,5,9,0.556,1,2,0.5,0,0,NA,0,5,5,8,2,1,0,3,11,15.3,13,35.8
Shane Larkin,19,19,2015-12-04,23,BRK,A,NYK,-17,0,22:36,3,8,0.375,0,1,0,0,0,NA,2,0,2,3,3,1,1,1,6,7.4,2,20.5
Shane Larkin,20,20,2015-12-06,23,BRK,H,GSW,-16,0,27:46,5,9,0.556,1,2,0.5,2,3,0.667,0,1,1,6,4,0,0,2,13,16,-7,31.8
Shane Larkin,21,21,2015-12-08,23,BRK,H,HOU,5,0,15:43,0,2,0,0,0,NA,2,2,1,0,0,0,3,2,0,4,0,2,0.7,-9,8.5
Shane Larkin,22,22,2015-12-10,23,BRK,H,PHI,9,0,26:43,5,10,0.5,0,1,0,4,4,1,0,4,4,6,1,0,2,1,14,13,17,29
Shane Larkin,23,23,2015-12-12,23,BRK,H,LAC,-5,0,6:04,1,1,1,0,0,NA,0,0,NA,0,1,1,1,1,0,1,2,2,1.9,1,6.3
Shane Larkin,24,24,2015-12-14,23,BRK,H,ORL,-23,0,18:59,1,5,0.2,0,1,0,0,0,NA,1,3,4,6,1,0,1,5,2,2.7,-13,17.5
Shane Larkin,29,25,2015-12-23,23,BRK,H,DAL,-1,0,24:04,3,4,0.75,1,1,1,0,0,NA,0,1,1,4,0,0,0,0,7,8.5,-10,14.8
Shane Larkin,30,26,2015-12-26,23,BRK,H,WAS,-15,0,14:53,1,3,0.333,0,0,NA,0,0,NA,0,2,2,3,1,0,1,3,2,1.8,-13,10.5
Shane Larkin,31,27,2015-12-28,23,BRK,A,MIA,6,0,18:33,2,6,0.333,1,2,0.5,3,4,0.75,1,2,3,7,0,0,1,2,8,8.6,10,22.3
Shane Larkin,32,28,2015-12-30,23,BRK,A,ORL,-7,0,23:47,0,3,0,0,0,NA,0,0,NA,0,2,2,5,2,0,2,2,0,1.2,-1,13
Shane Larkin,33,29,2016-01-02,23,BRK,A,BOS,3,0,24:11,0,3,0,0,2,0,2,2,1,0,4,4,4,2,0,4,3,2,0.7,-1,15
Shane Larkin,34,30,2016-01-04,23,BRK,H,BOS,-9,1,26:45,2,7,0.286,0,3,0,0,0,NA,0,2,2,2,0,0,2,3,4,-1.3,-6,8.5
Shane Larkin,35,31,2016-01-06,23,BRK,H,TOR,-17,1,29:43,4,8,0.5,1,4,0.25,0,0,NA,0,5,5,4,3,0,1,4,9,9.7,-10,27.3
Shane Larkin,36,32,2016-01-08,23,BRK,H,ORL,-6,1,29:57,5,8,0.625,1,4,0.25,1,2,0.5,0,4,4,3,1,0,4,1,12,7.9,-12,22
Shane Larkin,37,33,2016-01-09,23,BRK,A,DET,-14,1,24:13,3,8,0.375,0,0,NA,2,2,1,0,1,1,3,0,0,1,0,8,5,-19,13.3
Shane Larkin,38,34,2016-01-11,23,BRK,H,SAS,-27,0,23:55,2,3,0.667,0,0,NA,1,2,0.5,1,1,2,6,1,0,2,1,5,7.1,-13,17.5
Shane Larkin,39,35,2016-01-13,23,BRK,H,NYK,6,0,25:13,6,10,0.6,1,2,0.5,4,4,1,0,2,2,5,0,0,3,2,17,12.7,-2,26
Shane Larkin,40,36,2016-01-15,23,BRK,H,POR,-12,0,15:51,1,6,0.167,0,0,NA,0,0,NA,0,1,1,1,1,2,3,2,2,-2.2,-17,9.3
Shane Larkin,41,37,2016-01-16,23,BRK,A,ATL,-28,0,22:43,2,7,0.286,1,3,0.333,0,0,NA,0,1,1,1,1,1,1,1,5,2.2,-24,11.8
Shane Larkin,42,38,2016-01-18,23,BRK,A,TOR,-12,0,20:30,4,6,0.667,0,0,NA,0,0,NA,0,0,0,3,2,0,3,1,8,6.1,-12,15
Shane Larkin,43,39,2016-01-20,23,BRK,H,CLE,-13,0,23:06,3,10,0.3,1,3,0.333,0,0,NA,0,0,0,7,0,0,0,2,7,5.3,-16,18
Shane Larkin,44,40,2016-01-22,23,BRK,H,UTA,-22,0,13:01,1,5,0.2,0,1,0,0,0,NA,0,0,0,3,1,0,1,0,2,1,-15,8
Shane Larkin,45,41,2016-01-24,23,BRK,H,OKC,10,0,20:54,4,7,0.571,0,1,0,1,1,1,0,3,3,4,4,2,0,0,9,14.8,3,30.8
Shane Larkin,46,42,2016-01-26,23,BRK,H,MIA,-4,0,24:34,1,5,0.2,0,1,0,5,5,1,0,3,3,6,2,0,3,1,7,7.6,1,22.3
Shane Larkin,47,43,2016-01-29,23,BRK,A,DAL,-12,0,17:35,0,5,0,0,2,0,0,0,NA,1,2,3,0,0,0,3,2,0,-6,-10,2.3
Shane Larkin,48,44,2016-01-30,23,BRK,A,NOP,-2,0,26:06,5,8,0.625,1,4,0.25,2,2,1,0,3,3,6,0,0,4,2,13,9.7,-1,24.3
Shane Larkin,49,45,2016-02-01,23,BRK,H,DET,-5,0,22:23,4,5,0.8,0,0,NA,0,0,NA,2,4,6,14,1,0,3,1,8,16.1,8,37
Shane Larkin,50,46,2016-02-03,23,BRK,H,IND,-14,0,15:34,1,4,0.25,0,1,0,1,2,0.5,0,1,1,2,0,0,1,0,3,0.9,-10,6.8
Shane Larkin,51,47,2016-02-05,23,BRK,H,SAC,9,0,17:25,1,3,0.333,1,1,1,0,0,NA,0,1,1,2,1,0,3,4,3,-0.6,7,8.3
Shane Larkin,52,48,2016-02-06,23,BRK,A,PHI,-5,0,26:16,3,7,0.429,0,1,0,0,0,NA,1,3,4,2,1,1,1,1,6,5.6,-7,17.5
Shane Larkin,53,49,2016-02-08,23,BRK,H,DEN,1,0,22:08,4,7,0.571,1,2,0.5,0,0,NA,0,3,3,4,1,0,3,2,9,6.6,2,19.8
Shane Larkin,54,50,2016-02-10,23,BRK,H,MEM,-19,0,24:22,1,5,0.2,0,1,0,2,2,1,0,4,4,6,0,0,2,1,4,3.9,-16,17
Shane Larkin,55,51,2016-02-19,23,BRK,H,NYK,11,0,18:54,0,4,0,0,1,0,2,2,1,0,2,2,4,3,0,0,1,2,5.2,6,16.5
Shane Larkin,56,52,2016-02-21,23,BRK,H,CHO,-8,0,20:58,2,7,0.286,0,3,0,2,2,1,0,1,1,2,0,0,1,2,6,1.8,-6,9.8
Shane Larkin,57,53,2016-02-23,23,BRK,A,POR,-8,0,15:07,3,5,0.6,0,0,NA,1,2,0.5,0,1,1,3,1,0,1,1,7,6.3,-3,14.3
Shane Larkin,58,54,2016-02-25,23,BRK,A,PHO,10,0,24:46,4,7,0.571,1,1,1,2,2,1,0,0,0,6,1,0,5,1,11,7.5,2,20
Shane Larkin,59,55,2016-02-27,23,BRK,A,UTA,2,0,21:10,2,8,0.25,0,1,0,0,0,NA,0,1,1,5,1,0,3,3,4,-0.2,5,13.3
Shane Larkin,60,56,2016-02-29,23,BRK,A,LAC,-10,0,24:26,2,6,0.333,1,1,1,1,4,0.25,1,1,2,6,1,0,2,2,6,4.8,-5,19
Shane Larkin,61,57,2016-03-01,23,BRK,A,LAL,-6,0,17:58,3,8,0.375,0,2,0,0,0,NA,0,1,1,4,1,0,0,1,6,5.3,-11,15.3
Shane Larkin,62,58,2016-03-04,23,BRK,A,DEN,1,0,34:53,4,9,0.444,2,2,1,2,2,1,2,1,3,8,0,0,1,4,12,12,4,28.3
Shane Larkin,63,59,2016-03-05,23,BRK,A,MIN,-14,0,33:46,7,12,0.583,1,4,0.25,3,3,1,1,1,2,5,1,0,3,4,18,13.3,2,29
Shane Larkin,64,60,2016-03-08,23,BRK,A,TOR,-5,0,20:04,2,5,0.4,0,1,0,0,0,NA,0,0,0,3,0,0,2,0,4,1.4,3,7.5
Shane Larkin,65,61,2016-03-11,23,BRK,A,PHI,-6,0,14:30,0,4,0,0,1,0,0,0,NA,0,0,0,3,4,0,3,2,0,-0.5,-7,11
Shane Larkin,66,62,2016-03-13,23,BRK,H,MIL,-9,0,20:24,2,2,1,0,0,NA,0,0,NA,0,2,2,5,0,0,3,1,4,4.1,5,12.5
Shane Larkin,67,63,2016-03-15,23,BRK,H,PHI,17,0,24:00,4,6,0.667,0,0,NA,2,2,1,0,0,0,2,3,0,1,0,10,10.8,3,18.5
Shane Larkin,68,64,2016-03-17,23,BRK,A,CHI,-16,0,18:08,1,5,0.2,0,1,0,0,1,0,0,2,2,4,0,0,0,0,2,1.9,-25,10.5
Shane Larkin,69,65,2016-03-19,23,BRK,A,DET,-12,0,24:00,5,10,0.5,0,2,0,1,2,0.5,0,0,0,5,0,0,1,0,11,8.1,-8,18
Shane Larkin,70,66,2016-03-22,23,BRK,H,CHO,-5,0,21:16,2,4,0.5,1,1,1,2,2,1,0,3,3,5,1,0,1,2,7,8.6,4,20.3
Shane Larkin,71,67,2016-03-24,23,BRK,H,CLE,9,1,30:45,7,10,0.7,1,1,1,1,2,0.5,0,3,3,7,0,0,2,1,16,14.8,-4,29.8
Shane Larkin,72,68,2016-03-26,23,BRK,H,IND,10,1,26:46,4,6,0.667,0,1,0,6,6,1,0,1,1,5,3,0,3,3,14,14,5,27.3
Shane Larkin,73,69,2016-03-28,23,BRK,A,MIA,-11,1,29:09,1,5,0.2,0,0,NA,5,6,0.833,0,3,3,8,3,0,4,0,7,9,-6,26.8
Shane Larkin,74,70,2016-03-29,23,BRK,A,ORL,-34,1,33:01,4,9,0.444,0,0,NA,2,2,1,1,3,4,3,2,0,1,2,10,9.2,-23,23
Shane Larkin,75,71,2016-03-31,23,BRK,A,CLE,-20,1,32:28,4,7,0.571,2,2,1,3,4,0.75,0,5,5,8,2,0,4,2,13,13.6,-18,34.3
Shane Larkin,76,72,2016-04-01,23,BRK,A,NYK,-14,1,30:23,2,5,0.4,0,0,NA,1,2,0.5,3,1,4,5,2,0,2,0,5,7.8,-16,20.5
Shane Larkin,77,73,2016-04-03,23,BRK,H,NOP,-19,1,33:13,3,12,0.25,0,2,0,0,0,NA,2,2,4,9,2,0,2,1,6,6.7,-2,27.5
Shane Larkin,78,74,2016-04-06,23,BRK,A,WAS,-18,1,30:36,4,9,0.444,0,0,NA,1,2,0.5,3,4,7,7,0,1,1,3,9,10.6,-8,29.8
Shane Larkin,79,75,2016-04-08,23,BRK,A,CHO,-14,1,24:41,0,4,0,0,1,0,2,2,1,0,2,2,8,2,1,4,2,2,3.3,-1,20.5
Shane Larkin,80,76,2016-04-10,23,BRK,A,IND,-24,1,35:15,5,12,0.417,2,3,0.667,3,3,1,1,3,4,8,1,0,1,1,15,15.4,-14,34.5
Shane Larkin,81,77,2016-04-11,23,BRK,H,WAS,-9,1,31:18,9,13,0.692,2,4,0.5,0,2,0,2,4,6,7,0,0,5,2,20,15.4,-3,36.5
Shane Larkin,82,78,2016-04-13,23,BRK,H,TOR,-7,1,28:16,3,7,0.429,0,0,NA,0,1,0,0,3,3,4,2,0,2,1,6,5.2,-1,18.8
Jarrett Jack,2,1,2015-10-30,32,BRK,A,SAS,-27,1,26:57,5,13,0.385,2,3,0.667,0,0,NA,0,6,6,7,1,0,2,0,12,10.6,-24,32
Jarrett Jack,3,2,2015-10-31,32,BRK,A,MEM,-10,1,35:22,7,17,0.412,0,3,0,1,1,1,1,2,3,9,0,0,2,3,15,10.3,-6,31.3
Jarrett Jack,4,3,2015-11-02,32,BRK,H,MIL,-7,1,34:34,5,11,0.455,1,1,1,4,5,0.8,0,3,3,4,0,0,5,3,15,6.4,3,22.8
Jarrett Jack,5,4,2015-11-04,32,BRK,A,ATL,-14,1,27:08,3,10,0.3,0,2,0,0,0,NA,2,3,5,5,0,1,2,5,6,2.7,-3,20.8
Jarrett Jack,6,5,2015-11-06,32,BRK,H,LAL,-6,1,37:35,8,22,0.364,1,6,0.167,1,2,0.5,1,6,7,12,1,0,2,4,18,13.7,7,47.8
Jarrett Jack,7,6,2015-11-07,32,BRK,A,MIL,-8,1,29:43,3,10,0.3,1,2,0.5,3,3,1,0,6,6,2,0,0,5,1,10,2,-15,18.5
Jarrett Jack,8,7,2015-11-11,32,BRK,A,HOU,8,1,27:40,3,10,0.3,1,3,0.333,0,0,NA,0,6,6,6,1,0,1,3,7,6,-11,25.5
Jarrett Jack,9,8,2015-11-13,32,BRK,A,SAC,-2,1,33:03,5,10,0.5,1,3,0.333,10,11,0.909,0,1,1,12,1,0,1,1,21,23.9,1,43.8
Jarrett Jack,10,9,2015-11-14,32,BRK,A,GSW,-8,1,43:45,9,20,0.45,2,5,0.4,8,8,1,0,4,4,9,2,0,2,3,28,23.9,-3,50.5
Jarrett Jack,11,10,2015-11-17,32,BRK,H,ATL,2,1,34:29,5,10,0.5,3,5,0.6,1,3,0.333,0,3,3,8,1,0,2,3,14,12.5,5,32.3
Jarrett Jack,12,11,2015-11-18,32,BRK,A,CHO,-5,1,33:24,6,12,0.5,2,4,0.5,2,2,1,0,8,8,9,0,2,3,3,16,15.9,4,43
Jarrett Jack,13,12,2015-11-20,32,BRK,A,BOS,-25,1,23:57,3,8,0.375,1,3,0.333,4,4,1,0,2,2,5,0,0,7,1,11,3.3,-15,18
Jarrett Jack,14,13,2015-11-22,32,BRK,H,BOS,10,1,32:42,7,11,0.636,0,1,0,8,10,0.8,0,4,4,4,1,0,2,3,22,18.1,3,34
Jarrett Jack,15,14,2015-11-25,32,BRK,A,OKC,-11,1,25:43,4,8,0.5,1,2,0.5,0,0,NA,0,2,2,3,1,0,3,5,9,3.7,-4,17
Jarrett Jack,16,15,2015-11-28,32,BRK,A,CLE,-2,1,35:24,3,13,0.231,2,5,0.4,4,4,1,0,5,5,14,0,0,3,2,12,11.6,6,40.3
Jarrett Jack,17,16,2015-11-29,32,BRK,H,DET,4,1,26:42,4,9,0.444,1,2,0.5,2,2,1,0,5,5,4,1,0,5,2,11,5.8,0,23.3
Jarrett Jack,18,17,2015-12-01,32,BRK,H,PHO,3,1,29:35,4,11,0.364,0,2,0,3,3,1,0,4,4,8,3,0,3,3,11,10.5,0,32.5
Jarrett Jack,19,18,2015-12-04,32,BRK,A,NYK,-17,1,23:38,2,6,0.333,1,2,0.5,0,0,NA,0,3,3,1,1,0,2,2,5,1.4,-24,11.8
Jarrett Jack,20,19,2015-12-06,32,BRK,H,GSW,-16,1,37:23,3,13,0.231,0,3,0,5,6,0.833,0,4,4,5,1,0,3,2,11,4.6,-15,24
Jarrett Jack,21,20,2015-12-08,32,BRK,H,HOU,5,1,37:26,4,8,0.5,0,1,0,2,2,1,1,4,5,9,3,0,5,2,10,11.4,8,33.3
Jarrett Jack,22,21,2015-12-10,32,BRK,H,PHI,9,1,27:05,2,7,0.286,1,2,0.5,0,0,NA,1,5,6,8,0,0,3,2,5,4.9,-4,23.5
Jarrett Jack,23,22,2015-12-12,32,BRK,H,LAC,-5,1,37:13,4,10,0.4,1,4,0.25,7,9,0.778,0,5,5,11,1,0,3,3,16,15.8,-12,41.3
Jarrett Jack,24,23,2015-12-14,32,BRK,H,ORL,-23,1,26:18,5,9,0.556,1,3,0.333,4,5,0.8,0,5,5,7,0,0,3,1,15,13.3,-14,30.8
Jarrett Jack,25,24,2015-12-16,32,BRK,H,MIA,-6,1,35:39,7,14,0.5,1,5,0.2,7,8,0.875,0,2,2,10,2,0,2,2,22,21.4,0,44.5
Jarrett Jack,26,25,2015-12-18,32,BRK,A,IND,-7,1,38:55,8,15,0.533,3,6,0.5,7,7,1,0,9,9,6,3,2,3,2,26,26.2,-3,56.3
Jarrett Jack,27,26,2015-12-20,32,BRK,H,MIN,-15,1,29:38,2,9,0.222,0,5,0,0,0,NA,0,3,3,6,1,0,3,5,4,-0.4,-14,17.3
Jarrett Jack,28,27,2015-12-21,32,BRK,A,CHI,3,1,32:00,2,9,0.222,0,2,0,2,2,1,1,2,3,8,1,1,4,0,6,5.1,7,23.8
Jarrett Jack,29,28,2015-12-23,32,BRK,H,DAL,-1,1,45:05,4,14,0.286,2,5,0.4,3,3,1,1,4,5,8,1,0,2,1,13,10.9,7,33.3
Jarrett Jack,30,29,2015-12-26,32,BRK,H,WAS,-15,1,32:27,7,15,0.467,1,4,0.25,0,0,NA,0,2,2,11,3,0,4,4,15,13,-17,40
Jarrett Jack,31,30,2015-12-28,32,BRK,A,MIA,6,1,30:19,4,8,0.5,1,3,0.333,9,9,1,1,3,4,6,2,0,3,2,18,18,-4,35
Jarrett Jack,32,31,2015-12-30,32,BRK,A,ORL,-7,1,33:02,2,11,0.182,0,4,0,1,1,1,0,5,5,10,2,0,3,2,5,4.8,-2,28.8
Jarrett Jack,33,32,2016-01-02,32,BRK,A,BOS,3,1,22:48,0,5,0,0,1,0,2,2,1,0,1,1,9,0,1,1,2,2,4,8,18.3
