Pau Gasol,1,1,2015-10-27,35,CHI,H,CLE,2,1,31:33,1,7,0.143,0,1,0,0,0,NA,0,2,2,0,1,6,0,1,2,2.9,-8,18.5
Pau Gasol,2,2,2015-10-28,35,CHI,A,BRK,15,1,30:14,7,11,0.636,0,0,NA,2,2,1,1,8,9,3,0,1,3,2,16,13.2,23,32.3
Pau Gasol,3,3,2015-10-30,35,CHI,A,DET,-4,1,32:03,7,14,0.5,0,1,0,2,2,1,3,9,12,3,2,3,3,4,16,15.4,-16,45.5
Pau Gasol,4,4,2015-11-01,35,CHI,H,ORL,5,1,23:47,7,14,0.5,0,2,0,2,2,1,3,5,8,1,1,1,1,1,16,13.6,8,31
Pau Gasol,5,5,2015-11-03,35,CHI,A,CHO,-25,1,23:28,6,11,0.545,0,1,0,1,2,0.5,1,7,8,3,0,0,0,0,13,12.2,-6,27.5
Pau Gasol,6,6,2015-11-05,35,CHI,H,OKC,6,1,31:57,5,12,0.417,0,0,NA,1,4,0.25,3,7,10,2,1,1,0,1,11,10.3,-6,32
Pau Gasol,7,7,2015-11-07,35,CHI,H,MIN,-9,1,39:36,8,19,0.421,0,0,NA,5,6,0.833,3,11,14,2,2,1,1,3,21,17.8,-9,48.5
Pau Gasol,8,8,2015-11-09,35,CHI,A,PHI,23,1,29:39,7,17,0.412,0,0,NA,2,2,1,1,8,9,1,0,6,1,3,16,12.7,25,40.3
Pau Gasol,9,9,2015-11-13,35,CHI,H,CHO,5,1,27:31,7,13,0.538,0,0,NA,5,5,1,0,13,13,3,0,2,2,1,19,17.7,-7,44.3
Pau Gasol,10,10,2015-11-16,35,CHI,H,IND,1,1,26:56,2,11,0.182,0,1,0,1,3,0.333,3,10,13,3,0,1,1,1,5,3.8,3,27.3
Pau Gasol,11,11,2015-11-18,35,CHI,A,PHO,6,1,27:52,7,13,0.538,0,0,NA,3,4,0.75,2,6,8,1,2,1,3,1,17,13.5,1,33
Pau Gasol,12,12,2015-11-20,35,CHI,A,GSW,-12,1,26:40,6,12,0.5,0,0,NA,2,2,1,2,8,10,5,1,1,2,3,14,13.8,0,38.5
Pau Gasol,13,13,2015-11-24,35,CHI,A,POR,5,1,28:36,5,15,0.333,0,0,NA,2,2,1,2,12,14,0,0,1,0,1,12,8.8,0,33
Pau Gasol,14,14,2015-11-27,35,CHI,A,IND,-12,1,27:05,4,16,0.25,0,1,0,1,2,0.5,3,8,11,4,0,0,1,4,9,3.7,-9,28.3
Pau Gasol,15,15,2015-11-30,35,CHI,H,SAS,3,1,29:36,6,18,0.333,0,0,NA,6,8,0.75,4,9,13,4,1,3,1,2,18,16.6,-7,49.3
Pau Gasol,16,16,2015-12-02,35,CHI,H,DEN,9,1,36:24,12,19,0.632,0,0,NA,2,4,0.5,2,17,19,3,0,4,3,2,26,24.3,18,62.3
Pau Gasol,17,17,2015-12-05,35,CHI,H,CHO,-6,1,25:55,6,14,0.429,0,0,NA,1,2,0.5,2,9,11,4,0,4,1,4,13,12.3,-6,41.8
Pau Gasol,18,18,2015-12-07,35,CHI,H,PHO,-2,1,25:27,7,13,0.538,1,1,1,7,8,0.875,4,6,10,6,2,3,3,2,22,24.4,0,54
Pau Gasol,19,19,2015-12-09,35,CHI,A,BOS,-5,1,33:14,7,17,0.412,0,1,0,2,3,0.667,5,10,15,4,1,2,4,3,16,13,11,46.3
Pau Gasol,20,20,2015-12-10,35,CHI,H,LAC,3,1,32:49,10,19,0.526,3,3,1,1,1,1,0,6,6,0,2,2,1,2,24,18.1,7,40.5
Pau Gasol,21,21,2015-12-12,35,CHI,H,NOP,4,1,31:11,6,15,0.4,0,1,0,6,8,0.75,2,9,11,2,0,0,3,2,18,10.8,3,34.8
Pau Gasol,22,22,2015-12-14,35,CHI,H,PHI,19,1,25:29,5,7,0.714,0,0,NA,3,3,1,0,7,7,6,0,2,1,1,13,16.4,13,34.3
Pau Gasol,23,23,2015-12-16,35,CHI,H,MEM,13,1,33:25,3,6,0.5,0,1,0,4,4,1,1,13,14,2,0,2,2,1,10,12,5,35
Pau Gasol,24,24,2015-12-18,35,CHI,H,DET,-3,1,48:03,10,23,0.435,0,1,0,10,12,0.833,6,9,15,5,0,5,1,5,30,28,9,67.3
Pau Gasol,26,25,2015-12-21,35,CHI,H,BRK,-3,1,32:59,8,16,0.5,0,0,NA,4,6,0.667,2,7,9,3,0,2,3,2,20,14.4,-6,38.3
Pau Gasol,27,26,2015-12-25,35,CHI,A,OKC,9,1,37:32,8,16,0.5,0,1,0,5,6,0.833,7,6,13,6,0,2,4,2,21,20.1,3,49.8
Pau Gasol,28,27,2015-12-26,35,CHI,A,DAL,-7,1,38:05,7,10,0.7,0,0,NA,4,4,1,4,5,9,3,1,3,0,5,18,21.3,-1,41.8
Pau Gasol,29,28,2015-12-28,35,CHI,H,TOR,7,1,30:02,8,14,0.571,0,0,NA,6,8,0.75,2,5,7,3,1,3,2,2,22,19.9,-4,42.3
Pau Gasol,30,29,2015-12-30,35,CHI,H,IND,2,1,37:26,4,14,0.286,0,1,0,5,6,0.833,2,9,11,1,0,3,4,2,13,6.5,-1,33.8
Pau Gasol,31,30,2016-01-01,35,CHI,H,NYK,27,1,28:52,5,17,0.294,0,0,NA,7,7,1,2,6,8,4,0,2,1,0,17,13.5,5,36.5
Pau Gasol,32,31,2016-01-03,35,CHI,A,TOR,2,1,33:31,7,16,0.438,0,0,NA,5,6,0.833,1,12,13,6,0,4,2,0,19,19.5,13,52.8
Pau Gasol,33,32,2016-01-05,35,CHI,H,MIL,11,1,35:12,10,14,0.714,2,2,1,4,4,1,1,10,11,5,1,3,4,3,26,25.3,11,55.8
Pau Gasol,34,33,2016-01-07,35,CHI,H,BOS,9,1,34:42,8,19,0.421,0,1,0,1,2,0.5,5,13,18,4,0,1,3,0,17,14.4,14,47.5
Pau Gasol,35,34,2016-01-09,35,CHI,A,ATL,-15,1,32:26,4,10,0.4,0,0,NA,2,3,0.667,1,6,7,5,0,1,4,0,10,6.9,-5,26.3
Pau Gasol,36,35,2016-01-11,35,CHI,H,WAS,-14,1,28:30,6,11,0.545,0,0,NA,3,4,0.75,1,9,10,1,0,1,2,0,15,12.1,-10,31.5
Pau Gasol,37,36,2016-01-12,35,CHI,A,MIL,-5,1,35:44,4,12,0.333,1,1,1,1,2,0.5,5,9,14,5,1,4,2,3,10,13.1,3,46
Pau Gasol,39,37,2016-01-15,35,CHI,H,DAL,-6,1,35:48,7,14,0.5,0,0,NA,3,4,0.75,2,6,8,4,1,2,3,3,17,13.8,2,37.5
Pau Gasol,40,38,2016-01-18,35,CHI,A,DET,10,1,35:51,13,18,0.722,1,3,0.333,4,5,0.8,2,10,12,3,1,3,0,3,31,31.6,-1,60.5
Pau Gasol,41,39,2016-01-20,35,CHI,H,GSW,-31,1,23:35,0,8,0,0,0,NA,1,2,0.5,0,8,8,0,0,1,2,2,1,-4.7,-13,12
Pau Gasol,42,40,2016-01-22,35,CHI,A,BOS,-9,1,31:30,7,13,0.538,0,0,NA,4,4,1,3,8,11,3,0,0,5,3,18,12.1,-26,35.3
Pau Gasol,43,41,2016-01-23,35,CHI,A,CLE,13,1,33:03,11,16,0.688,1,2,0.5,2,2,1,2,8,10,6,1,1,2,2,25,25.1,21,51.5
Pau Gasol,44,42,2016-01-25,35,CHI,H,MIA,-5,1,37:08,9,18,0.5,0,0,NA,1,2,0.5,4,13,17,2,0,2,2,1,19,16.7,8,47.8
Pau Gasol,45,43,2016-01-28,35,CHI,A,LAL,23,1,30:33,9,17,0.529,0,0,NA,3,3,1,1,11,12,7,1,1,3,3,21,19.1,26,50.5
Pau Gasol,46,44,2016-01-31,35,CHI,A,LAC,-27,1,29:10,7,10,0.7,0,0,NA,1,1,1,3,11,14,5,0,0,4,1,15,15.3,-6,39.5
Pau Gasol,47,45,2016-02-01,35,CHI,A,UTA,-9,1,39:42,8,13,0.615,0,0,NA,3,4,0.75,0,8,8,3,1,1,2,6,19,14.5,8,36.5
Pau Gasol,48,46,2016-02-03,35,CHI,A,SAC,5,1,36:26,6,16,0.375,2,2,1,2,2,1,2,11,13,4,2,0,6,3,16,9.5,10,41.8
Pau Gasol,50,47,2016-02-06,35,CHI,A,MIN,-7,1,33:47,8,16,0.5,2,4,0.5,7,7,1,1,7,8,3,1,2,1,1,25,22.9,-8,46
Pau Gasol,51,48,2016-02-08,35,CHI,A,CHO,-17,1,32:48,8,13,0.615,3,5,0.6,3,3,1,2,8,10,7,2,3,1,0,22,27.9,-22,57.5
Pau Gasol,52,49,2016-02-10,35,CHI,H,ATL,-23,1,29:56,9,16,0.563,0,2,0,2,3,0.667,2,8,10,5,0,0,2,1,20,16.9,-12,40.5
Pau Gasol,53,50,2016-02-18,35,CHI,A,CLE,-11,1,30:52,6,13,0.462,0,1,0,2,4,0.5,3,6,9,4,0,1,1,3,14,11.7,-14,32.8
Pau Gasol,54,51,2016-02-19,35,CHI,H,TOR,10,1,32:05,6,16,0.375,0,0,NA,6,7,0.857,0,11,11,9,0,1,1,3,18,16.9,4,48.3
Pau Gasol,55,52,2016-02-21,35,CHI,H,LAL,11,1,37:33,7,15,0.467,1,1,1,6,6,1,0,7,7,5,0,5,0,2,21,21.6,19,47.8
Pau Gasol,56,53,2016-02-24,35,CHI,H,WAS,5,1,31:55,3,5,0.6,0,1,0,4,4,1,1,14,15,9,1,0,3,2,10,16.1,15,44.3
Pau Gasol,57,54,2016-02-26,35,CHI,A,ATL,-15,1,32:15,6,22,0.273,0,2,0,4,5,0.8,5,12,17,3,0,0,4,0,16,7.8,-10,41.3
Pau Gasol,58,55,2016-02-27,35,CHI,H,POR,-8,1,37:10,9,16,0.563,0,0,NA,4,5,0.8,3,13,16,14,1,3,3,3,22,28.7,3,74
Pau Gasol,59,56,2016-03-01,35,CHI,A,MIA,-18,1,30:26,6,13,0.462,1,2,0.5,2,2,1,1,8,9,6,0,1,1,2,15,14.5,-16,37.3
Pau Gasol,60,57,2016-03-02,35,CHI,A,ORL,-13,1,27:45,5,13,0.385,0,1,0,2,2,1,0,5,5,1,0,2,1,2,12,6.7,-18,23.3
Pau Gasol,61,58,2016-03-05,35,CHI,H,HOU,8,1,38:15,9,18,0.5,0,2,0,10,14,0.714,6,11,17,6,2,2,8,2,28,23.7,6,63.8
Pau Gasol,62,59,2016-03-07,35,CHI,H,MIL,10,1,35:07,4,14,0.286,0,1,0,4,5,0.8,0,17,17,13,1,5,1,2,12,20.3,15,68.8
Pau Gasol,63,60,2016-03-10,35,CHI,A,SAS,-8,1,34:42,8,16,0.5,1,1,1,4,4,1,4,8,12,4,0,2,7,0,21,15.4,-2,44.5
Pau Gasol,64,61,2016-03-11,35,CHI,H,MIA,-22,1,29:37,7,12,0.583,2,3,0.667,1,2,0.5,3,9,12,9,0,2,6,2,17,16.7,-15,49
Pau Gasol,69,62,2016-03-21,35,CHI,H,SAC,7,1,24:35,4,10,0.4,0,0,NA,6,8,0.75,3,11,14,3,1,3,0,3,14,17.2,15,45.5
Pau Gasol,70,63,2016-03-23,35,CHI,H,NYK,-8,1,25:09,2,7,0.286,0,1,0,0,0,NA,0,5,5,4,1,1,0,2,4,5.1,-14,20.3
Pau Gasol,72,64,2016-03-26,35,CHI,A,ORL,-22,1,22:11,3,6,0.5,0,1,0,1,2,0.5,1,4,5,8,0,1,1,2,7,10,-3,26.8
Pau Gasol,73,65,2016-03-28,35,CHI,H,ATL,-2,1,34:20,8,18,0.444,0,1,0,3,4,0.75,3,9,12,5,1,0,2,3,19,15.3,-4,44
Pau Gasol,74,66,2016-03-29,35,CHI,A,IND,2,1,32:32,4,13,0.308,0,1,0,2,3,0.667,3,8,11,7,0,4,7,2,10,6.5,-7,40.3
Pau Gasol,75,67,2016-03-31,35,CHI,A,HOU,3,1,31:36,6,14,0.429,0,3,0,0,0,NA,0,10,10,3,1,1,6,4,12,3.8,1,31.5
Pau Gasol,76,68,2016-04-02,35,CHI,H,DET,-4,1,33:42,7,19,0.368,2,3,0.667,0,0,NA,2,12,14,3,0,4,0,3,16,14.2,3,48.5
Pau Gasol,77,69,2016-04-03,35,CHI,A,MIL,4,1,33:52,7,11,0.636,1,4,0.25,1,2,0.5,0,8,8,8,1,2,2,2,16,18.3,6,43.5
Pau Gasol,78,70,2016-04-05,35,CHI,A,MEM,-16,1,35:05,7,13,0.538,0,0,NA,3,6,0.5,1,9,10,2,1,4,3,2,17,14.3,-22,42.5
Pau Gasol,79,71,2016-04-07,35,CHI,A,MIA,-8,1,33:09,7,11,0.636,0,1,0,7,8,0.875,3,9,12,2,0,4,2,0,21,22.7,-17,47.5
Pau Gasol,80,72,2016-04-09,35,CHI,H,CLE,3,1,24:38,4,7,0.571,0,0,NA,3,5,0.6,3,9,12,1,1,1,3,4,11,9.5,-9,31.5
Aaron Brooks,1,1,2015-10-27,30,CHI,H,CLE,2,0,15:32,3,9,0.333,0,1,0,0,0,NA,0,2,2,0,0,0,2,1,6,-0.9,3,7.5
Aaron Brooks,2,2,2015-10-28,30,CHI,A,BRK,15,0,16:24,5,9,0.556,2,6,0.333,0,0,NA,0,1,1,3,1,0,1,4,12,8.5,1,20.3
Aaron Brooks,3,3,2015-10-30,30,CHI,A,DET,-4,0,17:58,2,6,0.333,1,4,0.25,0,0,NA,0,4,4,4,0,0,0,1,5,5.2,10,16.5
Aaron Brooks,4,4,2015-11-01,30,CHI,H,ORL,5,0,15:41,3,11,0.273,0,5,0,0,0,NA,2,1,3,1,1,1,1,4,6,1,-1,14.8
Aaron Brooks,5,5,2015-11-03,30,CHI,A,CHO,-25,0,17:00,5,8,0.625,4,5,0.8,0,0,NA,0,0,0,4,1,0,0,4,14,12.6,-11,24
Aaron Brooks,6,6,2015-11-05,30,CHI,H,OKC,6,0,13:02,4,8,0.5,1,3,0.333,0,0,NA,1,1,2,0,0,0,0,1,9,5.6,11,12
Aaron Brooks,7,7,2015-11-07,30,CHI,H,MIN,-9,0,15:29,4,9,0.444,2,5,0.4,0,0,NA,0,0,0,1,0,1,0,1,10,6.3,6,14.5
Aaron Brooks,8,8,2015-11-09,30,CHI,A,PHI,23,0,19:04,3,8,0.375,0,1,0,4,4,1,1,7,8,4,0,0,0,1,10,10.8,9,26
Aaron Brooks,9,9,2015-11-13,30,CHI,H,CHO,5,0,6:00,0,2,0,0,1,0,1,2,0.5,2,1,3,1,0,0,0,0,1,1.6,0,6.3
Aaron Brooks,11,10,2015-11-18,30,CHI,A,PHO,6,0,19:30,5,7,0.714,2,2,1,0,0,NA,0,1,1,5,0,0,4,2,12,8.1,6,19.8
Aaron Brooks,16,11,2015-12-02,30,CHI,H,DEN,9,0,9:04,0,3,0,0,1,0,2,3,0.667,0,2,2,3,0,1,1,3,2,0.7,4,10.5
Aaron Brooks,20,12,2015-12-10,30,CHI,H,LAC,3,0,20:43,3,9,0.333,1,3,0.333,3,3,1,1,1,2,2,0,0,1,1,10,5.9,2,15.5
Aaron Brooks,21,13,2015-12-12,30,CHI,H,NOP,4,0,18:52,6,11,0.545,3,6,0.5,2,2,1,0,1,1,3,0,0,1,1,17,12.7,0,23.8
Aaron Brooks,22,14,2015-12-14,30,CHI,H,PHI,19,0,7:18,1,4,0.25,0,2,0,2,2,1,0,0,0,1,0,0,0,0,4,2.3,-3,5.5
Aaron Brooks,23,15,2015-12-16,30,CHI,H,MEM,13,0,16:49,2,8,0.25,2,4,0.5,1,2,0.5,2,1,3,1,0,1,2,4,7,1.3,-4,14.3
Aaron Brooks,24,16,2015-12-18,30,CHI,H,DET,-3,0,11:30,1,3,0.333,0,0,NA,0,0,NA,1,1,2,2,0,0,1,2,2,0.9,-6,7
Aaron Brooks,25,17,2015-12-19,30,CHI,A,NYK,-16,0,21:08,3,8,0.375,1,4,0.25,4,4,1,0,1,1,3,1,0,1,3,11,7.8,-4,18.8
Aaron Brooks,26,18,2015-12-21,30,CHI,H,BRK,-3,0,14:03,3,6,0.5,2,4,0.5,0,0,NA,0,0,0,2,1,0,1,1,8,6,6,13.5
Aaron Brooks,27,19,2015-12-25,30,CHI,A,OKC,9,0,9:43,2,4,0.5,2,2,1,0,0,NA,0,4,4,1,0,1,0,1,6,6.2,4,15.5
Aaron Brooks,28,20,2015-12-26,30,CHI,A,DAL,-7,0,15:25,3,9,0.333,1,3,0.333,0,0,NA,1,2,3,1,0,0,2,2,7,1.1,8,11.8
Aaron Brooks,29,21,2015-12-28,30,CHI,H,TOR,7,0,26:56,6,13,0.462,1,3,0.333,4,5,0.8,0,3,3,5,0,0,1,3,17,12.1,9,28.3
Aaron Brooks,30,22,2015-12-30,30,CHI,H,IND,2,0,40:55,11,20,0.55,4,7,0.571,3,4,0.75,1,0,1,5,1,0,6,3,29,17,9,38.8
Aaron Brooks,31,23,2016-01-01,30,CHI,H,NYK,27,0,13:20,3,4,0.75,1,1,1,0,0,NA,0,0,0,2,0,0,0,4,7,5.2,0,10.5
Aaron Brooks,32,24,2016-01-03,30,CHI,A,TOR,2,0,24:44,2,6,0.333,1,3,0.333,0,0,NA,1,5,6,2,0,0,1,3,5,3,2,15.5
Aaron Brooks,35,25,2016-01-09,30,CHI,A,ATL,-15,0,4:50,0,2,0,0,1,0,0,0,NA,0,1,1,1,0,0,1,0,0,-1.4,-7,2.3
Aaron Brooks,36,26,2016-01-11,30,CHI,H,WAS,-14,0,15:42,4,7,0.571,2,4,0.5,0,0,NA,0,0,0,3,0,0,0,1,10,8.4,-3,15.5
Aaron Brooks,37,27,2016-01-12,30,CHI,A,MIL,-5,0,17:02,3,7,0.429,2,4,0.5,1,2,0.5,0,2,2,2,0,0,0,3,9,5.7,3,15.5
Aaron Brooks,38,28,2016-01-14,31,CHI,A,PHI,4,0,6:58,1,2,0.5,0,0,NA,0,0,NA,0,0,0,1,0,0,3,2,2,-2.1,-16,2
Aaron Brooks,39,29,2016-01-15,31,CHI,H,DAL,-6,0,7:08,1,4,0.25,0,1,0,0,0,NA,0,0,0,1,0,0,0,0,2,0.3,0,3.5
Aaron Brooks,40,30,2016-01-18,31,CHI,A,DET,10,0,20:34,3,7,0.429,0,1,0,0,0,NA,0,2,2,10,1,0,1,4,6,8.3,18,25
Aaron Brooks,41,31,2016-01-20,31,CHI,H,GSW,-31,0,11:20,1,4,0.25,1,3,0.333,0,0,NA,0,1,1,1,1,0,0,2,3,1.8,-3,8.3
Aaron Brooks,42,32,2016-01-22,31,CHI,A,BOS,-9,0,19:48,2,6,0.333,0,3,0,0,0,NA,0,0,0,0,0,0,1,4,4,-2,-6,3.5
Aaron Brooks,43,33,2016-01-23,31,CHI,A,CLE,13,0,12:44,0,4,0,0,1,0,0,0,NA,1,3,4,2,0,0,1,1,0,-1.2,14,7.5
Aaron Brooks,44,34,2016-01-25,31,CHI,H,MIA,-5,0,32:30,5,12,0.417,2,7,0.286,1,1,1,0,2,2,6,3,0,1,4,13,11.8,-9,31
Aaron Brooks,45,35,2016-01-28,31,CHI,A,LAL,23,0,18:26,2,7,0.286,2,4,0.5,0,0,NA,0,2,2,1,0,1,1,2,6,2.1,9,12.5
Aaron Brooks,46,36,2016-01-31,31,CHI,A,LAC,-27,0,16:54,1,5,0.2,0,2,0,0,0,NA,0,0,0,3,1,0,1,2,2,0.2,-20,8
Aaron Brooks,47,37,2016-02-01,31,CHI,A,UTA,-9,0,7:39,1,4,0.25,0,2,0,0,0,NA,0,0,0,2,1,0,0,1,2,1.6,4,7
Aaron Brooks,48,38,2016-02-03,31,CHI,A,SAC,5,0,10:39,1,6,0.167,1,3,0.333,0,0,NA,0,1,1,1,0,0,0,1,3,-0.2,-2,6.3
Aaron Brooks,49,39,2016-02-05,31,CHI,A,DEN,-5,0,18:02,2,4,0.5,0,1,0,2,2,1,1,0,1,4,0,2,2,3,6,5.7,9,16.3
Aaron Brooks,50,40,2016-02-06,31,CHI,A,MIN,-7,0,8:35,0,2,0,0,0,NA,0,0,NA,0,1,1,1,1,0,2,1,0,-1.8,-6,3.8
Aaron Brooks,51,41,2016-02-08,31,CHI,A,CHO,-17,0,19:30,2,12,0.167,0,1,0,0,0,NA,0,1,1,4,0,1,0,4,4,-1.4,-3,13.3
Aaron Brooks,52,42,2016-02-10,31,CHI,H,ATL,-23,0,12:50,4,7,0.571,1,2,0.5,0,0,NA,0,2,2,0,1,0,2,3,9,4.1,-7,13
Aaron Brooks,53,43,2016-02-18,31,CHI,A,CLE,-11,0,17:39,2,5,0.4,2,3,0.667,2,4,0.5,0,1,1,1,1,0,2,2,8,3.7,4,12.8
Aaron Brooks,54,44,2016-02-19,31,CHI,H,TOR,10,0,13:19,1,8,0.125,0,3,0,1,2,0.5,0,2,2,4,1,0,2,4,3,-1.8,6,12.5
Aaron Brooks,55,45,2016-02-21,31,CHI,H,LAL,11,0,17:11,1,6,0.167,0,3,0,0,0,NA,0,3,3,9,1,0,1,1,2,5,15,20.8
Aaron Brooks,56,46,2016-02-24,31,CHI,H,WAS,5,0,19:46,5,15,0.333,0,5,0,1,2,0.5,0,0,0,2,0,0,1,2,11,1.7,-7,13.5
Aaron Brooks,57,47,2016-02-26,31,CHI,A,ATL,-15,0,26:01,3,6,0.5,1,2,0.5,2,2,1,0,1,1,5,0,0,5,4,9,3.2,5,15.8
Aaron Brooks,58,48,2016-02-27,31,CHI,H,POR,-8,0,10:31,2,7,0.286,2,3,0.667,0,0,NA,0,0,0,3,1,0,2,3,6,1.8,-2,12.5
Aaron Brooks,59,49,2016-03-01,31,CHI,A,MIA,-18,0,21:54,5,15,0.333,3,5,0.6,3,5,0.6,0,2,2,1,0,0,0,2,16,7.2,-4,21.5
Aaron Brooks,60,50,2016-03-02,31,CHI,A,ORL,-13,0,16:38,3,10,0.3,1,4,0.25,0,0,NA,0,4,4,2,1,0,0,1,7,4.4,-5,17.5
Aaron Brooks,62,51,2016-03-07,31,CHI,H,MIL,10,0,4:08,0,1,0,0,1,0,0,0,NA,0,0,0,0,0,0,1,1,0,-2.1,-7,-0.5
Aaron Brooks,64,52,2016-03-11,31,CHI,H,MIA,-22,0,20:55,4,12,0.333,1,3,0.333,2,2,1,0,1,1,3,0,0,1,0,11,5.6,-6,16.8
Aaron Brooks,65,53,2016-03-14,31,CHI,A,TOR,2,0,17:04,2,8,0.25,0,4,0,3,3,1,0,0,0,4,0,0,1,2,7,3.2,-10,12.5
Aaron Brooks,66,54,2016-03-16,31,CHI,A,WAS,-21,0,9:24,3,6,0.5,1,2,0.5,1,2,0.5,1,0,1,2,1,0,3,1,8,4.3,-5,13.3
Aaron Brooks,67,55,2016-03-17,31,CHI,H,BRK,16,0,16:25,5,7,0.714,2,3,0.667,0,0,NA,0,0,0,3,1,0,1,2,12,10.4,13,19
Aaron Brooks,68,56,2016-03-19,31,CHI,H,UTA,7,0,17:22,2,4,0.5,0,2,0,0,0,NA,0,1,1,2,0,0,2,2,4,0.9,2,7.3
Aaron Brooks,69,57,2016-03-21,31,CHI,H,SAC,7,0,14:56,1,4,0.25,0,1,0,0,2,0,1,2,3,6,1,0,2,1,2,2.9,-11,15.8
Aaron Brooks,70,58,2016-03-23,31,CHI,H,NYK,-8,0,16:24,4,6,0.667,2,3,0.667,0,0,NA,0,0,0,5,1,0,2,0,10,9.9,-4,19.5
Aaron Brooks,71,59,2016-03-24,31,CHI,A,NYK,-12,0,17:31,3,7,0.429,0,3,0,0,0,NA,1,2,3,1,1,0,0,0,6,5.3,-8,13.3
Aaron Brooks,72,60,2016-03-26,31,CHI,A,ORL,-22,0,17:52,3,6,0.5,0,1,0,0,0,NA,0,0,0,3,0,0,2,0,6,3.1,-10,9.5
Aaron Brooks,73,61,2016-03-28,31,CHI,H,ATL,-2,0,22:38,7,10,0.7,2,2,1,0,0,NA,2,2,4,6,1,0,2,5,16,15,7,32
Aaron Brooks,74,62,2016-03-29,31,CHI,A,IND,2,0,20:16,3,6,0.5,1,2,0.5,0,0,NA,0,0,0,4,0,0,1,1,7,5.4,16,13
Aaron Brooks,75,63,2016-03-31,31,CHI,A,HOU,3,0,15:50,1,4,0.25,1,1,1,0,0,NA,0,0,0,3,1,0,0,1,3,3.3,-17,10
Aaron Brooks,76,64,2016-04-02,31,CHI,H,DET,-4,0,15:49,5,9,0.556,1,3,0.333,3,3,1,0,1,1,1,1,0,3,2,14,7.9,-12,17.8
Aaron Brooks,77,65,2016-04-03,31,CHI,A,MIL,4,0,19:10,3,4,0.75,0,1,0,1,1,1,0,0,0,2,1,0,2,1,7,5.4,-4,11
Aaron Brooks,78,66,2016-04-05,31,CHI,A,MEM,-16,0,12:27,1,4,0.25,1,4,0.25,0,0,NA,0,0,0,4,0,0,3,0,3,0.4,-12,8
Aaron Brooks,80,67,2016-04-09,31,CHI,H,CLE,3,0,15:55,4,6,0.667,1,2,0.5,0,0,NA,1,0,1,3,1,0,0,1,9,9.8,23,17.3
Aaron Brooks,81,68,2016-04-11,31,CHI,A,NOP,5,0,20:07,2,6,0.333,2,3,0.667,0,0,NA,0,1,1,2,0,1,1,4,6,2.4,-5,12.8
Aaron Brooks,82,69,2016-04-13,31,CHI,H,PHI,10,0,3:11,0,0,NA,0,0,NA,0,0,NA,0,0,0,0,0,0,0,1,0,-0.4,-8,0
Joakim Noah,1,1,2015-10-27,30,CHI,H,CLE,2,0,17:07,0,0,NA,0,0,NA,0,2,0,2,7,9,4,1,0,1,1,0,5.1,1,18.8
Joakim Noah,2,2,2015-10-28,30,CHI,A,BRK,15,0,17:46,0,3,0,0,0,NA,0,2,0,1,5,6,2,2,1,2,5,0,-0.6,-8,15.5
Joakim Noah,3,3,2015-10-30,30,CHI,A,DET,-4,0,17:27,1,1,1,0,0,NA,0,2,0,0,3,3,2,0,1,2,0,2,1.9,2,9.8
Joakim Noah,4,4,2015-11-01,30,CHI,H,ORL,5,0,24:18,3,6,0.5,0,0,NA,2,2,1,3,6,9,4,1,1,2,3,8,10.2,-3,28.3
Joakim Noah,5,5,2015-11-03,30,CHI,A,CHO,-25,0,17:03,0,1,0,0,0,NA,0,0,NA,0,5,5,2,0,0,4,4,0,-3.4,-22,7.3
Joakim Noah,6,6,2015-11-05,30,CHI,H,OKC,6,0,25:57,2,5,0.4,0,0,NA,0,0,NA,4,3,7,5,0,1,1,4,4,6.6,16,21.8
Joakim Noah,7,7,2015-11-07,30,CHI,H,MIN,-9,0,24:41,1,6,0.167,0,0,NA,1,2,0.5,5,6,11,7,1,1,3,4,3,6.1,-2,29.8
Joakim Noah,9,8,2015-11-13,30,CHI,H,CHO,5,0,22:53,1,4,0.25,0,0,NA,1,2,0.5,7,11,18,6,1,1,0,3,3,13.1,11,38.5
Joakim Noah,10,9,2015-11-16,30,CHI,H,IND,1,0,21:04,4,7,0.571,0,0,NA,0,1,0,0,6,6,4,1,0,0,2,8,9.1,-2,23.5
Joakim Noah,11,10,2015-11-18,30,CHI,A,PHO,6,0,20:08,0,2,0,0,0,NA,0,0,NA,2,9,11,2,0,1,3,3,0,0.6,5,17.3
Joakim Noah,12,11,2015-11-20,30,CHI,A,GSW,-12,0,17:13,0,3,0,0,0,NA,0,0,NA,5,2,7,0,1,0,4,2,0,-1.8,-15,8.8
Joakim Noah,13,12,2015-11-24,30,CHI,A,POR,5,0,20:12,3,6,0.5,0,0,NA,1,2,0.5,0,6,6,1,0,2,1,3,7,5.3,5,19.5
Joakim Noah,14,13,2015-11-27,30,CHI,A,IND,-12,0,18:47,0,2,0,0,0,NA,0,0,NA,1,4,5,0,0,2,2,2,0,-0.9,-6,9.3
Joakim Noah,15,14,2015-11-30,30,CHI,H,SAS,3,0,23:06,4,6,0.667,0,0,NA,0,2,0,4,7,11,7,0,0,0,5,8,12.4,10,32.3
Joakim Noah,16,15,2015-12-02,30,CHI,H,DEN,9,0,34:55,3,5,0.6,0,0,NA,3,4,0.75,5,6,11,1,0,4,3,3,9,10.9,-3,30.8
Joakim Noah,17,16,2015-12-05,30,CHI,H,CHO,-6,0,22:05,0,3,0,0,0,NA,2,2,1,2,8,10,6,0,1,2,1,2,6.2,0,24.5
Joakim Noah,18,17,2015-12-07,30,CHI,H,PHO,-2,0,20:48,1,3,0.333,0,0,NA,1,4,0.25,2,7,9,6,1,0,1,0,3,7.8,-1,24.8
Joakim Noah,19,18,2015-12-09,30,CHI,A,BOS,-5,0,20:49,2,5,0.4,0,0,NA,1,2,0.5,2,3,5,6,2,1,2,2,5,8.3,-18,25.3
Joakim Noah,20,19,2015-12-10,30,CHI,H,LAC,3,0,20:08,1,5,0.2,0,0,NA,0,0,NA,6,7,13,2,1,2,3,3,2,4.8,-1,25.8
Joakim Noah,21,20,2015-12-12,30,CHI,H,NOP,4,0,29:33,3,4,0.75,0,0,NA,4,4,1,3,6,9,2,0,4,0,4,10,14.9,6,32.3
Joakim Noah,22,21,2015-12-14,30,CHI,H,PHI,19,0,21:59,2,7,0.286,0,1,0,1,2,0.5,3,12,15,8,1,2,1,3,5,12,14,41.3
Joakim Noah,23,22,2015-12-16,30,CHI,H,MEM,13,0,29:26,1,4,0.25,0,0,NA,1,4,0.25,2,4,6,5,0,1,2,4,3,2.6,7,19
Joakim Noah,24,23,2015-12-18,30,CHI,H,DET,-3,0,25:40,3,5,0.6,0,0,NA,0,0,NA,5,6,11,4,1,0,3,1,6,9.4,-10,26.3
Joakim Noah,25,24,2015-12-19,30,CHI,A,NYK,-16,1,28:32,9,16,0.563,0,0,NA,3,4,0.75,6,4,10,2,1,0,1,1,21,19.4,-15,39.5
Joakim Noah,26,25,2015-12-21,30,CHI,H,BRK,-3,0,15:56,2,4,0.5,0,0,NA,0,0,NA,3,5,8,8,0,2,0,3,4,11.4,1,30
Joakim Noah,36,26,2016-01-11,30,CHI,H,WAS,-14,0,18:49,0,7,0,0,0,NA,0,0,NA,4,5,9,4,1,0,2,3,0,0,-9,18.3
Joakim Noah,37,27,2016-01-12,30,CHI,A,MIL,-5,0,15:02,1,3,0.333,0,0,NA,1,2,0.5,4,3,7,2,0,0,0,3,3,4.8,-5,14.8
Joakim Noah,38,28,2016-01-14,30,CHI,A,PHI,4,1,38:12,3,8,0.375,0,0,NA,0,0,NA,5,11,16,8,2,1,7,3,6,8.5,11,40.5
Joakim Noah,39,29,2016-01-15,30,CHI,H,DAL,-6,0,5:51,1,2,0.5,0,0,NA,0,0,NA,1,1,2,0,0,0,0,2,2,1.2,-4,4.5
Jimmy Butler,1,1,2015-10-27,26,CHI,H,CLE,2,1,36:38,6,14,0.429,0,2,0,5,5,1,1,4,5,2,2,1,0,1,17,15.2,3,32.3
Jimmy Butler,2,2,2015-10-28,26,CHI,A,BRK,15,1,34:19,9,11,0.818,3,3,1,3,3,1,1,3,4,6,2,0,1,0,24,26.7,23,43
Jimmy Butler,3,3,2015-10-30,26,CHI,A,DET,-4,1,42:06,5,19,0.263,1,3,0.333,12,14,0.857,0,11,11,0,3,0,1,3,23,15,-2,44.3
Jimmy Butler,4,4,2015-11-01,26,CHI,H,ORL,5,1,32:51,4,10,0.4,0,2,0,6,8,0.75,0,4,4,5,4,2,0,0,14,17.9,4,38.5
Jimmy Butler,5,5,2015-11-03,26,CHI,A,CHO,-25,1,32:05,10,16,0.625,4,6,0.667,2,5,0.4,0,1,1,1,2,0,0,2,26,19.8,-19,34.8
Jimmy Butler,6,6,2015-11-05,26,CHI,H,OKC,6,1,37:55,8,20,0.4,4,5,0.8,6,6,1,1,3,4,2,1,2,0,4,26,19,-2,42
Jimmy Butler,7,7,2015-11-07,26,CHI,H,MIN,-9,1,41:08,4,15,0.267,0,7,0,3,6,0.5,0,8,8,2,1,2,5,5,11,0.1,-9,27.5
Jimmy Butler,8,8,2015-11-09,26,CHI,A,PHI,23,1,25:39,2,6,0.333,1,3,0.333,2,2,1,1,5,6,5,1,0,3,1,7,6.9,29,23
Jimmy Butler,9,9,2015-11-13,26,CHI,H,CHO,5,1,37:45,8,16,0.5,0,4,0,11,14,0.786,0,5,5,4,1,1,4,1,27,19.4,-4,41.3
Jimmy Butler,10,10,2015-11-16,26,CHI,H,IND,1,1,36:24,6,12,0.5,0,0,NA,5,8,0.625,0,3,3,4,2,1,2,5,17,12.2,-1,31.8
Jimmy Butler,11,11,2015-11-18,26,CHI,A,PHO,6,1,42:49,11,23,0.478,3,7,0.429,7,8,0.875,3,3,6,2,1,0,1,2,32,23.5,4,45.5
Jimmy Butler,12,12,2015-11-20,26,CHI,A,GSW,-12,1,38:50,11,21,0.524,2,4,0.5,4,7,0.571,2,7,9,7,3,0,1,1,28,26.5,-12,56.3
Jimmy Butler,13,13,2015-11-24,26,CHI,A,POR,5,1,36:12,6,13,0.462,2,3,0.667,8,8,1,1,1,2,4,4,0,2,1,22,20.7,8,38.5
Jimmy Butler,14,14,2015-11-27,26,CHI,A,IND,-12,1,39:49,4,10,0.4,2,4,0.5,6,6,1,0,5,5,5,2,2,4,2,16,14.2,-8,36.8
Jimmy Butler,15,15,2015-11-30,26,CHI,H,SAS,3,1,39:45,5,9,0.556,0,2,0,4,4,1,1,2,3,3,1,2,5,3,14,9.3,-11,25.8
Jimmy Butler,16,16,2015-12-02,26,CHI,H,DEN,9,1,39:26,5,16,0.313,1,4,0.25,8,8,1,3,3,6,3,1,1,1,2,19,14.8,7,35
Jimmy Butler,17,17,2015-12-05,26,CHI,H,CHO,-6,1,38:07,8,18,0.444,1,5,0.2,8,10,0.8,4,4,8,2,2,0,3,4,25,17.6,-6,41
Jimmy Butler,18,18,2015-12-07,26,CHI,H,PHO,-2,1,35:45,6,12,0.5,2,3,0.667,5,6,0.833,0,4,4,3,1,1,3,4,19,13,6,32
Jimmy Butler,19,19,2015-12-09,26,CHI,A,BOS,-5,1,38:48,12,24,0.5,0,5,0,12,14,0.857,0,7,7,0,1,0,1,3,36,24.1,3,46.3
Jimmy Butler,20,20,2015-12-10,26,CHI,H,LAC,3,1,37:27,4,14,0.286,0,2,0,6,8,0.75,1,4,5,8,2,2,0,0,14,15.9,-5,40.3
Jimmy Butler,21,21,2015-12-12,26,CHI,H,NOP,4,1,38:21,4,16,0.25,0,1,0,7,9,0.778,0,3,3,0,2,1,1,1,15,6.8,3,24.3
Jimmy Butler,22,22,2015-12-14,26,CHI,H,PHI,19,1,28:30,8,14,0.571,0,1,0,7,7,1,0,3,3,3,2,1,0,0,23,22.1,18,37.3
Jimmy Butler,23,23,2015-12-16,26,CHI,H,MEM,13,1,38:09,10,22,0.455,1,4,0.25,3,3,1,1,3,4,4,1,1,1,1,24,17.3,10,39
Jimmy Butler,24,24,2015-12-18,26,CHI,H,DET,-3,1,55:33,14,29,0.483,1,4,0.25,14,16,0.875,1,7,8,2,2,2,3,5,43,30.1,-5,63
Jimmy Butler,25,25,2015-12-19,26,CHI,A,NYK,-16,1,33:12,4,11,0.364,1,2,0.5,3,4,0.75,1,1,2,5,1,0,1,3,12,8.8,-13,24
Jimmy Butler,26,26,2015-12-21,26,CHI,H,BRK,-3,1,38:29,11,20,0.55,1,6,0.167,1,3,0.333,1,2,3,4,1,1,2,1,24,17,-6,37.3
Jimmy Butler,27,27,2015-12-25,26,CHI,A,OKC,9,1,42:58,9,20,0.45,1,3,0.333,4,4,1,3,3,6,4,4,0,3,2,23,18.6,4,43.5
Jimmy Butler,28,28,2015-12-26,26,CHI,A,DAL,-7,1,37:05,4,11,0.364,2,5,0.4,7,8,0.875,0,4,4,8,3,0,5,2,17,14.5,-14,38.5
Jimmy Butler,29,29,2015-12-28,26,CHI,H,TOR,7,1,35:46,2,7,0.286,0,3,0,1,2,0.5,1,3,4,5,2,2,2,2,5,6.2,-8,24.5
Jimmy Butler,30,30,2015-12-30,26,CHI,H,IND,2,1,43:44,8,16,0.5,1,3,0.333,11,13,0.846,0,4,4,4,2,1,2,3,28,22.7,-2,44.5
Jimmy Butler,31,31,2016-01-01,26,CHI,H,NYK,27,1,34:13,8,18,0.444,0,1,0,7,10,0.7,2,2,4,6,1,1,0,1,23,19.9,16,41
Jimmy Butler,32,32,2016-01-03,26,CHI,A,TOR,2,1,38:42,15,23,0.652,2,3,0.667,10,11,0.909,1,3,4,5,1,1,3,3,42,34.1,11,58
Jimmy Butler,33,33,2016-01-05,26,CHI,H,MIL,11,1,39:23,11,21,0.524,2,5,0.4,8,8,1,0,2,2,10,1,0,2,1,32,27.9,13,53
Jimmy Butler,34,34,2016-01-07,26,CHI,H,BOS,9,1,38:39,5,14,0.357,1,3,0.333,8,9,0.889,0,5,5,10,1,1,3,1,19,17.6,12,44.8
Jimmy Butler,35,35,2016-01-09,26,CHI,A,ATL,-15,1,39:26,8,17,0.471,1,3,0.333,10,12,0.833,4,4,8,2,1,1,3,4,27,20,-9,43
Jimmy Butler,36,36,2016-01-11,26,CHI,H,WAS,-14,1,38:07,6,15,0.4,1,3,0.333,6,7,0.857,2,2,4,7,3,0,2,2,19,17.6,-8,40
Jimmy Butler,37,37,2016-01-12,26,CHI,A,MIL,-5,1,40:31,9,21,0.429,2,5,0.4,10,12,0.833,2,6,8,6,0,1,4,0,30,22.2,-2,50
Jimmy Butler,38,38,2016-01-14,26,CHI,A,PHI,4,1,49:03,15,30,0.5,2,4,0.5,21,25,0.84,4,6,10,6,3,0,4,4,53,42.6,11,81
Jimmy Butler,39,39,2016-01-15,26,CHI,H,DAL,-6,1,36:16,2,11,0.182,0,4,0,0,0,NA,0,5,5,6,2,0,0,1,4,4.4,-7,23.3
Jimmy Butler,40,40,2016-01-18,26,CHI,A,DET,10,1,37:28,5,13,0.385,0,3,0,6,8,0.75,0,3,3,9,2,0,5,2,16,11.5,1,34.8
Jimmy Butler,41,41,2016-01-20,26,CHI,H,GSW,-31,1,35:27,7,16,0.438,0,2,0,9,12,0.75,2,3,5,2,0,0,2,0,23,15.1,-28,31.3
Jimmy Butler,42,42,2016-01-22,26,CHI,A,BOS,-9,1,38:29,10,20,0.5,0,3,0,8,8,1,4,10,14,3,2,0,4,0,28,23.9,-15,53.5
Jimmy Butler,43,43,2016-01-23,26,CHI,A,CLE,13,1,42:28,8,16,0.5,2,3,0.667,2,2,1,2,7,9,1,0,0,0,2,20,15.4,2,33.8
Jimmy Butler,44,44,2016-01-25,26,CHI,H,MIA,-5,1,40:05,5,15,0.333,1,1,1,2,2,1,1,5,6,4,0,0,2,1,13,7.1,-1,26
Jimmy Butler,45,45,2016-01-28,26,CHI,A,LAL,23,1,31:14,11,17,0.647,1,2,0.5,3,3,1,1,4,5,10,4,0,0,1,26,31,31,57.3
Jimmy Butler,46,46,2016-01-31,26,CHI,A,LAC,-27,1,36:47,8,22,0.364,2,4,0.5,5,7,0.714,1,0,1,0,1,0,0,0,23,11.7,-9,27.3
Jimmy Butler,47,47,2016-02-01,26,CHI,A,UTA,-9,1,46:49,10,17,0.588,2,5,0.4,4,7,0.571,0,7,7,6,0,0,3,3,26,19,-4,43.3
Jimmy Butler,49,48,2016-02-05,26,CHI,A,DEN,-5,1,18:29,6,9,0.667,0,0,NA,7,9,0.778,0,2,2,5,2,0,1,0,19,19.4,-1,32.5
Jimmy Butler,61,49,2016-03-05,26,CHI,H,HOU,8,1,33:58,6,13,0.462,1,2,0.5,11,12,0.917,0,11,11,6,1,0,5,6,24,18,28,48.3
Jimmy Butler,65,50,2016-03-14,26,CHI,A,TOR,2,1,33:57,5,18,0.278,0,2,0,3,4,0.75,1,4,5,6,0,2,0,1,13,9.1,-9,32.3
Jimmy Butler,66,51,2016-03-16,26,CHI,A,WAS,-21,1,28:42,4,12,0.333,0,2,0,9,11,0.818,1,5,6,3,3,0,1,1,17,15.3,-26,34.5
Jimmy Butler,67,52,2016-03-17,26,CHI,H,BRK,16,1,31:39,7,12,0.583,0,1,0,8,8,1,0,3,3,7,1,0,1,1,22,21.8,8,37.8
Jimmy Butler,68,53,2016-03-19,26,CHI,H,UTA,7,1,33:03,6,14,0.429,0,0,NA,1,2,0.5,0,5,5,6,0,0,1,1,13,9.5,5,27.8
Jimmy Butler,69,54,2016-03-21,26,CHI,H,SAC,7,1,35:28,3,10,0.3,0,1,0,5,7,0.714,2,1,3,8,5,0,0,0,11,16.7,16,36.8
Jimmy Butler,70,55,2016-03-23,26,CHI,H,NYK,-8,1,35:32,3,11,0.273,0,1,0,1,2,0.5,1,3,4,8,2,1,0,1,7,9.6,-11,30
Jimmy Butler,71,56,2016-03-24,26,CHI,A,NYK,-12,1,38:59,7,15,0.467,1,3,0.333,4,6,0.667,1,2,3,3,3,1,4,3,19,12.4,-11,33.8
Jimmy Butler,72,57,2016-03-26,26,CHI,A,ORL,-22,1,29:31,5,10,0.5,0,1,0,2,4,0.5,0,5,5,1,2,1,1,2,12,9.3,-7,25.3
Jimmy Butler,73,58,2016-03-28,26,CHI,H,ATL,-2,1,35:16,5,16,0.313,2,7,0.286,3,3,1,4,4,8,4,0,0,0,2,15,11.8,-2,32
Jimmy Butler,74,59,2016-03-29,26,CHI,A,IND,2,1,35:30,6,10,0.6,0,2,0,2,2,1,1,3,4,3,2,0,1,4,14,12.5,-12,27
Jimmy Butler,75,60,2016-03-31,26,CHI,A,HOU,3,1,39:01,8,13,0.615,1,2,0.5,4,4,1,1,7,8,6,2,1,3,1,21,21.4,3,45
Jimmy Butler,76,61,2016-04-02,26,CHI,H,DET,-4,1,39:08,10,25,0.4,1,7,0.143,7,8,0.875,5,12,17,12,3,2,3,4,28,29.4,2,80.8
Jimmy Butler,77,62,2016-04-03,26,CHI,A,MIL,4,1,38:04,10,11,0.909,1,2,0.5,4,4,1,1,4,5,8,1,1,2,1,25,28.1,7,46.8
Jimmy Butler,78,63,2016-04-05,26,CHI,A,MEM,-16,1,35:23,2,8,0.25,0,4,0,1,2,0.5,2,2,4,2,1,0,2,0,5,2.2,-12,14
Jimmy Butler,79,64,2016-04-07,26,CHI,A,MIA,-8,1,40:04,7,17,0.412,1,4,0.25,10,10,1,0,1,1,6,0,1,4,1,25,16.7,-13,35.8
Jimmy Butler,80,65,2016-04-09,26,CHI,H,CLE,3,1,38:33,7,17,0.412,2,3,0.667,5,5,1,1,1,2,6,3,0,2,3,21,16.9,-7,38.5
Jimmy Butler,81,66,2016-04-11,26,CHI,A,NOP,5,1,29:01,8,11,0.727,1,1,1,6,7,0.857,0,3,3,11,0,1,4,1,23,23,6,45.3
Jimmy Butler,82,67,2016-04-13,26,CHI,H,PHI,10,1,25:39,4,12,0.333,0,0,NA,2,3,0.667,5,7,12,10,0,1,3,1,10,12.7,14,45
Cameron Bairstow,5,1,2015-11-03,24,CHI,A,CHO,-25,0,5:41,1,2,0.5,0,1,0,0,0,NA,0,1,1,0,0,0,0,1,2,0.9,5,3.3
Cameron Bairstow,8,2,2015-11-09,24,CHI,A,PHI,23,0,4:10,0,2,0,0,1,0,0,0,NA,1,1,2,0,0,0,0,2,0,-1.2,0,2.5
Cameron Bairstow,22,3,2015-12-14,25,CHI,H,PHI,19,0,3:05,1,2,0.5,0,0,NA,0,0,NA,0,0,0,0,0,0,0,0,2,1,-2,2
Cameron Bairstow,25,4,2015-12-19,25,CHI,A,NYK,-16,0,5:31,1,3,0.333,0,0,NA,0,0,NA,1,2,3,0,0,0,0,1,2,1.2,2,5.8
Cameron Bairstow,28,5,2015-12-26,25,CHI,A,DAL,-7,0,1:33,0,0,NA,0,0,NA,0,0,NA,0,0,0,0,0,0,0,0,0,0,-6,0
Cameron Bairstow,31,6,2016-01-01,25,CHI,H,NYK,27,0,2:11,0,2,0,0,0,NA,0,0,NA,1,1,2,0,0,0,0,0,0,-0.4,3,2.5
Cameron Bairstow,35,7,2016-01-09,25,CHI,A,ATL,-15,0,3:05,1,1,1,0,0,NA,0,0,NA,0,1,1,0,1,0,0,0,2,3,2,5.3
Cameron Bairstow,36,8,2016-01-11,25,CHI,H,WAS,-14,0,4:36,0,2,0,0,0,NA,0,0,NA,0,1,1,0,0,0,0,1,0,-1.5,4,1.3
Cameron Bairstow,41,9,2016-01-20,25,CHI,H,GSW,-31,0,3:53,0,1,0,0,0,NA,0,0,NA,1,1,2,0,0,1,1,1,0,-0.4,-7,4
Cameron Bairstow,45,10,2016-01-28,25,CHI,A,LAL,23,0,4:29,1,1,1,0,0,NA,0,0,NA,0,2,2,1,0,0,1,2,2,1.2,3,5.5
Cameron Bairstow,46,11,2016-01-31,25,CHI,A,LAC,-27,0,3:49,0,1,0,0,0,NA,0,0,NA,0,2,2,0,0,0,0,0,0,-0.1,-11,2.5
Cameron Bairstow,49,12,2016-02-05,25,CHI,A,DEN,-5,1,10:25,1,4,0.25,0,1,0,2,2,1,0,4,4,1,0,0,0,5,4,1.5,5,10.5
Cameron Bairstow,51,13,2016-02-08,25,CHI,A,CHO,-17,0,18:33,2,8,0.25,0,1,0,2,2,1,0,2,2,2,0,2,0,2,6,3.8,3,15.5
Cameron Bairstow,52,14,2016-02-10,25,CHI,H,ATL,-23,0,14:13,0,4,0,0,0,NA,0,0,NA,0,3,3,1,1,0,0,1,0,-0.6,-13,7.3
Cameron Bairstow,53,15,2016-02-18,25,CHI,A,CLE,-11,0,3:30,0,1,0,0,0,NA,2,2,1,0,0,0,0,0,0,1,0,2,0.3,4,1.5
Cameron Bairstow,57,16,2016-02-26,25,CHI,A,ATL,-15,0,2:29,1,1,1,1,1,1,0,0,NA,0,0,0,1,0,0,1,1,3,2,2,4.5
Cameron Bairstow,59,17,2016-03-01,25,CHI,A,MIA,-18,0,1:15,0,0,NA,0,0,NA,1,2,0.5,0,1,1,0,0,0,0,0,1,0.9,2,2.3
Cameron Bairstow,60,18,2016-03-02,25,CHI,A,ORL,-13,1,10:08,4,5,0.8,0,0,NA,0,0,NA,0,2,2,0,0,0,0,2,8,5.9,-4,10.5
Justin Holiday,57,27,2016-02-24,26,CHI,H,WAS,5,0,6:54,1,2,0.5,1,2,0.5,0,0,NA,0,1,1,1,0,0,1,1,3,1.6,-5,5.8
Justin Holiday,58,28,2016-02-26,26,CHI,A,ATL,-15,0,20:15,1,4,0.25,1,2,0.5,0,0,NA,0,2,2,2,1,0,0,2,3,2.8,3,11
Justin Holiday,59,29,2016-02-27,26,CHI,H,POR,-8,0,16:14,0,1,0,0,1,0,0,0,NA,0,1,1,0,0,0,0,0,0,-0.4,-12,1.3
Justin Holiday,60,30,2016-03-01,26,CHI,A,MIA,-18,0,16:19,2,6,0.333,1,3,0.333,2,2,1,0,1,1,3,1,1,0,1,7,7.3,-8,17.3
Justin Holiday,61,31,2016-03-02,26,CHI,A,ORL,-13,0,27:57,2,10,0.2,1,3,0.333,1,2,0.5,0,4,4,4,3,0,0,2,6,5.6,4,23.5
Justin Holiday,62,32,2016-03-05,26,CHI,H,HOU,8,0,4:00,0,0,NA,0,0,NA,0,0,NA,0,1,1,0,0,0,0,0,0,0.3,-9,1.3
Justin Holiday,63,33,2016-03-07,26,CHI,H,MIL,10,0,16:59,1,2,0.5,0,0,NA,0,0,NA,1,0,1,1,1,1,4,1,2,-0.3,-4,6.8
Justin Holiday,64,34,2016-03-10,26,CHI,A,SAS,-8,0,20:57,5,8,0.625,2,3,0.667,0,0,NA,1,1,2,1,1,1,3,3,12,7.6,-11,19.5
Justin Holiday,65,35,2016-03-11,26,CHI,H,MIA,-22,1,38:10,6,15,0.4,1,2,0.5,1,1,1,2,2,4,1,2,2,2,2,14,9.2,0,28
Justin Holiday,66,36,2016-03-14,26,CHI,A,TOR,2,1,14:02,2,4,0.5,1,2,0.5,0,0,NA,0,3,3,1,0,1,2,4,5,1.7,13,11.8
Justin Holiday,67,37,2016-03-16,26,CHI,A,WAS,-21,0,29:42,6,10,0.6,1,2,0.5,0,0,NA,1,5,6,1,0,1,3,3,13,7.8,-3,23
Justin Holiday,68,38,2016-03-17,26,CHI,H,BRK,16,0,16:21,2,8,0.25,1,3,0.333,0,0,NA,0,3,3,2,0,0,0,1,5,2.1,8,12.3
Justin Holiday,69,39,2016-03-19,26,CHI,H,UTA,7,0,14:57,1,4,0.25,0,2,0,0,0,NA,0,2,2,1,0,0,1,0,2,-0.1,2,5.5
Justin Holiday,70,40,2016-03-21,26,CHI,H,SAC,7,0,15:02,3,6,0.5,3,4,0.75,0,0,NA,0,1,1,0,0,1,0,1,9,6.6,-11,13.8
Justin Holiday,71,41,2016-03-23,26,CHI,H,NYK,-8,0,12:28,0,2,0,0,1,0,0,0,NA,1,1,2,2,0,1,0,1,0,1.3,3,7.5
Justin Holiday,72,42,2016-03-24,26,CHI,A,NYK,-12,0,13:16,2,4,0.5,1,2,0.5,0,0,NA,0,5,5,1,1,0,0,1,5,5.8,2,15.3
Justin Holiday,73,43,2016-03-26,26,CHI,A,ORL,-22,0,18:29,1,6,0.167,0,3,0,2,2,1,0,1,1,2,0,1,0,4,4,1,-15,10.3
Justin Holiday,74,44,2016-03-28,26,CHI,H,ATL,-2,0,12:28,1,6,0.167,0,0,NA,0,0,NA,0,0,0,0,0,0,0,0,2,-1.8,-6,2
Justin Holiday,75,45,2016-03-29,26,CHI,A,IND,2,0,2:52,0,0,NA,0,0,NA,0,0,NA,0,0,0,0,0,0,0,0,0,0,4,0
Justin Holiday,76,46,2016-03-31,26,CHI,A,HOU,3,0,10:03,2,2,1,1,1,1,3,4,0.75,0,3,3,1,1,0,0,0,8,9.6,3,15.8
Justin Holiday,77,47,2016-04-02,26,CHI,H,DET,-4,0,24:45,1,3,0.333,1,2,0.5,0,0,NA,0,3,3,1,1,0,2,4,3,0.3,-13,9.8
Justin Holiday,78,48,2016-04-03,26,CHI,A,MIL,4,0,24:49,2,8,0.25,0,3,0,1,2,0.5,1,4,5,4,2,0,1,1,5,5.1,-1,20.8
Justin Holiday,79,49,2016-04-05,27,CHI,A,MEM,-16,0,16:43,3,7,0.429,2,3,0.667,1,1,1,0,1,1,1,0,1,2,0,9,5,-7,13.8
Justin Holiday,80,50,2016-04-07,27,CHI,A,MIA,-8,0,30:24,4,8,0.5,1,3,0.333,0,0,NA,0,2,2,3,1,2,1,0,9,9.1,-7,22
Justin Holiday,81,51,2016-04-09,27,CHI,H,CLE,3,0,22:25,1,6,0.167,0,3,0,5,5,1,0,2,2,4,2,1,0,1,7,8.9,12,21.5
Justin Holiday,82,52,2016-04-11,27,CHI,A,NOP,5,1,26:22,6,8,0.75,2,3,0.667,0,0,NA,0,4,4,3,0,0,0,5,14,12.1,8,24.5
Justin Holiday,83,53,2016-04-13,27,CHI,H,PHI,10,1,37:11,9,15,0.6,5,7,0.714,6,8,0.75,1,2,3,5,2,1,4,2,29,24,2,46.8
Taj Gibson,1,1,2015-10-27,30,CHI,H,CLE,2,0,22:06,1,3,0.333,0,0,NA,3,4,0.75,2,8,10,0,0,3,3,6,5,3.4,2,22
Taj Gibson,2,2,2015-10-28,30,CHI,A,BRK,15,0,18:23,1,4,0.25,0,0,NA,1,2,0.5,1,0,1,0,0,0,3,3,3,-3.3,-15,2.8
Taj Gibson,3,3,2015-10-30,30,CHI,A,DET,-4,0,19:34,4,7,0.571,0,0,NA,0,2,0,3,4,7,0,0,3,1,5,8,6.3,1,22.3
Taj Gibson,4,4,2015-11-01,30,CHI,H,ORL,5,0,19:33,2,3,0.667,0,0,NA,2,2,1,1,5,6,1,0,0,1,0,6,6.6,0,14.5
Taj Gibson,5,5,2015-11-03,30,CHI,A,CHO,-25,0,16:06,3,3,1,0,0,NA,0,1,0,1,2,3,1,0,0,1,1,6,5.3,-20,10.8
Taj Gibson,6,6,2015-11-05,30,CHI,H,OKC,6,0,22:07,4,5,0.8,0,0,NA,1,1,1,0,4,4,3,0,2,0,2,9,11,14,22.5
Taj Gibson,7,7,2015-11-07,30,CHI,H,MIN,-9,0,24:42,1,4,0.25,0,0,NA,1,2,0.5,2,1,3,2,1,0,1,3,3,2.1,-12,11.3
Taj Gibson,8,8,2015-11-09,30,CHI,A,PHI,23,0,22:57,2,5,0.4,0,0,NA,3,4,0.75,4,3,7,3,2,1,1,4,7,9.8,5,25.8
Taj Gibson,9,9,2015-11-13,30,CHI,H,CHO,5,0,23:03,6,10,0.6,0,0,NA,0,0,NA,0,2,2,1,0,0,0,1,12,8.3,12,16
Taj Gibson,10,10,2015-11-16,30,CHI,H,IND,1,0,31:27,3,8,0.375,0,0,NA,3,6,0.5,5,6,11,5,0,4,1,3,9,12.8,-5,37.8
Taj Gibson,11,11,2015-11-18,30,CHI,A,PHO,6,0,26:59,3,7,0.429,0,0,NA,0,0,NA,2,5,7,0,0,0,1,3,6,3,7,14.3
Taj Gibson,12,12,2015-11-20,30,CHI,A,GSW,-12,0,16:10,1,4,0.25,0,1,0,1,2,0.5,1,0,1,0,1,1,1,1,3,1.2,-14,7.8
Taj Gibson,13,13,2015-11-24,30,CHI,A,POR,5,0,17:29,4,7,0.571,0,0,NA,2,2,1,1,6,7,1,1,0,0,2,10,10.1,-1,22.3
Taj Gibson,14,14,2015-11-27,30,CHI,A,IND,-12,0,18:51,2,5,0.4,0,1,0,0,0,NA,1,5,6,1,0,1,1,2,4,3.1,-8,14.5
Taj Gibson,15,15,2015-11-30,30,CHI,H,SAS,3,0,19:12,2,5,0.4,0,0,NA,0,0,NA,2,2,4,1,1,0,0,2,4,4.2,8,12.5
Taj Gibson,16,16,2015-12-02,30,CHI,H,DEN,9,0,19:33,4,8,0.5,0,0,NA,0,0,NA,3,8,11,0,1,0,1,3,8,7.3,2,23.3
Taj Gibson,17,17,2015-12-05,30,CHI,H,CHO,-6,0,20:54,3,7,0.429,0,0,NA,2,2,1,2,2,4,3,1,0,2,3,8,6.2,2,18.5
Taj Gibson,18,18,2015-12-07,30,CHI,H,PHO,-2,0,21:45,4,10,0.4,0,0,NA,0,0,NA,5,3,8,3,2,2,3,4,8,7.9,-14,29
Taj Gibson,19,19,2015-12-09,30,CHI,A,BOS,-5,1,19:48,4,6,0.667,0,0,NA,0,0,NA,4,3,7,1,0,0,0,1,8,9.4,-5,18.3
Taj Gibson,20,20,2015-12-10,30,CHI,H,LAC,3,1,28:36,4,9,0.444,0,0,NA,4,4,1,3,5,8,2,0,0,0,0,12,12.3,2,25
Taj Gibson,21,21,2015-12-12,30,CHI,H,NOP,4,1,17:10,1,3,0.333,0,0,NA,2,2,1,1,5,6,0,1,0,1,1,4,4.1,0,13
Taj Gibson,22,22,2015-12-14,30,CHI,H,PHI,19,1,22:23,3,5,0.6,0,0,NA,0,2,0,1,4,5,2,1,2,2,0,6,6.6,17,20.3
Taj Gibson,23,23,2015-12-16,30,CHI,H,MEM,13,1,18:34,3,6,0.5,0,0,NA,2,2,1,3,3,6,1,1,0,1,1,8,8.3,6,18.5
Taj Gibson,24,24,2015-12-18,30,CHI,H,DET,-3,1,44:06,4,7,0.571,0,0,NA,6,7,0.857,6,6,12,0,0,2,2,2,14,14.9,-2,33.5
Taj Gibson,25,25,2015-12-19,30,CHI,A,NYK,-16,1,19:59,3,4,0.75,0,0,NA,0,0,NA,1,1,2,2,0,0,0,0,6,6.8,-4,11.5
Taj Gibson,26,26,2015-12-21,30,CHI,H,BRK,-3,1,32:49,5,9,0.556,0,0,NA,0,0,NA,6,3,9,4,0,1,1,2,10,12.5,-2,28.8
Taj Gibson,27,27,2015-12-25,30,CHI,A,OKC,9,1,34:20,6,8,0.75,0,0,NA,1,1,1,3,7,10,2,1,1,1,2,13,15.3,11,33.5
Taj Gibson,28,28,2015-12-26,30,CHI,A,DAL,-7,1,32:43,6,8,0.75,0,0,NA,0,2,0,4,4,8,1,0,0,1,4,12,10.1,-17,23
Taj Gibson,29,29,2015-12-28,30,CHI,H,TOR,7,1,37:51,2,7,0.286,0,0,NA,0,2,0,6,5,11,2,1,2,1,4,4,6,5,26.3
Taj Gibson,30,30,2015-12-30,30,CHI,H,IND,2,1,37:24,3,7,0.429,0,0,NA,0,0,NA,6,8,14,2,2,1,1,4,6,10.4,-1,32
Taj Gibson,31,31,2016-01-01,30,CHI,H,NYK,27,1,25:17,2,7,0.286,0,0,NA,3,4,0.75,5,4,9,0,1,2,0,2,7,8.8,-4,24.3
Taj Gibson,32,32,2016-01-03,30,CHI,A,TOR,2,1,29:05,4,5,0.8,0,0,NA,1,2,0.5,2,3,5,3,0,2,1,1,9,11.1,-10,23.3
Taj Gibson,33,33,2016-01-05,30,CHI,H,MIL,11,1,37:56,5,6,0.833,0,0,NA,1,1,1,4,10,14,1,1,6,1,1,11,19.1,10,45
Taj Gibson,34,34,2016-01-07,30,CHI,H,BOS,9,1,27:38,5,9,0.556,0,0,NA,0,0,NA,0,5,5,3,1,0,2,5,10,6.3,1,21.8
Taj Gibson,35,35,2016-01-09,30,CHI,A,ATL,-15,1,26:07,4,5,0.8,0,0,NA,2,2,1,1,3,4,0,0,0,2,1,10,7.3,-16,14
Taj Gibson,36,36,2016-01-11,30,CHI,H,WAS,-14,1,18:35,2,4,0.5,0,0,NA,0,0,NA,1,3,4,0,0,0,2,3,4,0.4,0,8
Taj Gibson,37,37,2016-01-12,30,CHI,A,MIL,-5,1,26:26,2,5,0.4,0,0,NA,2,2,1,4,5,9,1,0,0,2,3,6,5.1,-12,17.8
Taj Gibson,38,38,2016-01-14,30,CHI,A,PHI,4,1,35:26,5,9,0.556,0,0,NA,1,2,0.5,7,4,11,0,1,0,1,1,11,12,5,27.8
Taj Gibson,39,39,2016-01-15,30,CHI,H,DAL,-6,1,29:52,4,10,0.4,0,0,NA,1,2,0.5,4,7,11,1,0,0,1,3,9,6.6,-3,23.8
Taj Gibson,40,40,2016-01-18,30,CHI,A,DET,10,1,35:49,4,9,0.444,0,0,NA,0,0,NA,2,8,10,0,0,2,0,3,8,7.3,11,24.5
Taj Gibson,41,41,2016-01-20,30,CHI,H,GSW,-31,1,20:04,2,6,0.333,0,0,NA,0,0,NA,5,2,7,1,0,1,0,1,4,5.7,-6,16.3
Taj Gibson,42,42,2016-01-22,30,CHI,A,BOS,-9,1,22:36,3,6,0.5,0,0,NA,3,4,0.75,4,2,6,1,0,2,0,4,9,9.5,-7,22
Taj Gibson,43,43,2016-01-23,30,CHI,A,CLE,13,1,28:47,6,12,0.5,0,0,NA,3,4,0.75,5,3,8,1,0,2,0,3,15,13.9,3,30.5
Taj Gibson,44,44,2016-01-25,30,CHI,H,MIA,-5,1,29:56,2,3,0.667,0,0,NA,1,2,0.5,2,5,7,0,1,0,3,3,5,3,-5,14.3
Taj Gibson,45,45,2016-01-28,30,CHI,A,LAL,23,1,36:06,4,10,0.4,0,0,NA,1,2,0.5,4,7,11,1,2,2,1,2,9,10.4,15,31.8
Taj Gibson,46,46,2016-01-31,30,CHI,A,LAC,-27,1,29:35,3,8,0.375,0,0,NA,1,2,0.5,5,6,11,1,0,2,0,5,7,7.6,-1,26.3
Taj Gibson,47,47,2016-02-01,30,CHI,A,UTA,-9,1,44:49,2,6,0.333,0,1,0,3,4,0.75,5,6,11,4,1,3,2,5,7,10.4,-16,33.8
Taj Gibson,48,48,2016-02-03,30,CHI,A,SAC,5,1,33:59,5,9,0.556,0,0,NA,2,3,0.667,2,6,8,2,1,0,2,5,12,8.9,3,26
Taj Gibson,49,49,2016-02-05,30,CHI,A,DEN,-5,1,35:59,7,13,0.538,0,0,NA,4,6,0.667,2,5,7,0,0,3,0,2,18,15.1,-11,32.8
Taj Gibson,50,50,2016-02-06,30,CHI,A,MIN,-7,1,31:49,3,6,0.5,0,0,NA,1,2,0.5,4,2,6,3,1,1,3,3,7,6.6,6,21.5
Taj Gibson,51,51,2016-02-08,30,CHI,A,CHO,-17,1,22:19,5,10,0.5,0,0,NA,1,2,0.5,2,5,7,0,0,0,1,2,11,6.7,-9,19.3
Taj Gibson,52,52,2016-02-10,30,CHI,H,ATL,-23,1,22:26,2,3,0.667,0,0,NA,0,0,NA,1,2,3,1,0,2,0,2,4,5.3,-1,13.3
Taj Gibson,53,53,2016-02-18,30,CHI,A,CLE,-11,1,31:49,3,7,0.429,0,0,NA,1,4,0.25,3,5,8,1,0,0,0,3,7,5.2,-17,18.5
Taj Gibson,54,54,2016-02-19,30,CHI,H,TOR,10,1,24:20,4,6,0.667,0,0,NA,1,3,0.333,2,4,6,1,1,1,0,4,9,9,-11,22
Taj Gibson,55,55,2016-02-21,30,CHI,H,LAL,11,1,28:59,2,5,0.4,0,0,NA,1,2,0.5,2,6,8,4,0,1,2,5,5,4.6,3,22
Taj Gibson,56,56,2016-02-24,30,CHI,H,WAS,5,1,29:50,6,10,0.6,0,0,NA,5,6,0.833,3,4,7,7,2,0,1,1,17,20.8,22,39.8
Taj Gibson,57,57,2016-02-26,30,CHI,A,ATL,-15,1,31:29,4,7,0.571,0,0,NA,3,3,1,4,3,7,3,0,1,4,4,11,8.6,-16,24.3
Taj Gibson,58,58,2016-02-27,30,CHI,H,POR,-8,1,20:07,3,5,0.6,0,0,NA,1,1,1,0,3,3,0,0,2,0,5,7,5,-7,14.8
Taj Gibson,59,59,2016-03-01,30,CHI,A,MIA,-18,1,23:03,4,6,0.667,0,0,NA,5,7,0.714,2,1,3,1,1,0,1,2,13,11.2,-8,19.8
Taj Gibson,61,60,2016-03-05,30,CHI,H,HOU,8,1,37:48,2,7,0.286,0,0,NA,0,0,NA,4,3,7,2,2,1,0,0,4,7.7,16,21.8
Taj Gibson,62,61,2016-03-07,30,CHI,H,MIL,10,1,36:45,6,8,0.75,0,0,NA,0,1,0,3,7,10,2,1,3,2,1,12,14.7,5,36
Taj Gibson,63,62,2016-03-10,30,CHI,A,SAS,-8,1,21:55,3,7,0.429,0,0,NA,2,2,1,3,2,5,1,1,0,2,4,8,5.1,-13,16.8
Taj Gibson,64,63,2016-03-11,30,CHI,H,MIA,-22,1,24:53,6,10,0.6,0,0,NA,1,1,1,1,5,6,2,0,1,2,0,13,10.7,-22,24.5
Taj Gibson,65,64,2016-03-14,30,CHI,A,TOR,2,1,34:47,6,8,0.75,0,0,NA,1,1,1,5,5,10,3,1,1,1,3,13,16.4,0,35
Taj Gibson,66,65,2016-03-16,30,CHI,A,WAS,-21,1,7:23,1,4,0.25,0,0,NA,1,1,1,1,4,5,1,1,0,2,2,3,1.4,-18,11.8
Taj Gibson,67,66,2016-03-17,30,CHI,H,BRK,16,1,27:08,6,10,0.6,0,0,NA,0,0,NA,4,2,6,2,1,2,2,2,12,11.8,-4,27.5
Taj Gibson,68,67,2016-03-19,30,CHI,H,UTA,7,1,31:15,7,9,0.778,0,0,NA,1,1,1,6,4,10,3,2,2,1,2,15,20.6,6,41
Taj Gibson,69,68,2016-03-21,30,CHI,H,SAC,7,1,33:04,7,13,0.538,0,0,NA,4,4,1,3,0,3,2,4,1,1,2,18,18.1,12,34.3
Taj Gibson,70,69,2016-03-23,30,CHI,H,NYK,-8,1,20:20,2,4,0.5,0,0,NA,6,7,0.857,1,1,2,0,2,1,0,3,10,10.1,-12,18.5
Taj Gibson,71,70,2016-03-24,30,CHI,A,NYK,-12,1,25:56,4,8,0.5,0,0,NA,2,2,1,1,5,6,1,1,0,0,4,10,8.3,-6,21
Taj Gibson,72,71,2016-03-26,30,CHI,A,ORL,-22,1,25:57,8,9,0.889,0,0,NA,0,0,NA,2,1,3,1,0,0,1,2,16,13.5,-9,20.8
Taj Gibson,73,72,2016-03-28,30,CHI,H,ATL,-2,1,31:19,4,8,0.5,0,0,NA,1,2,0.5,4,8,12,0,0,4,0,2,9,11.8,-10,32
Taj Gibson,74,73,2016-03-29,30,CHI,A,IND,2,1,10:19,0,4,0,0,0,NA,0,0,NA,1,2,3,1,0,0,0,0,0,-0.8,10,5.3
Doug McDermott,1,1,2015-10-27,23,CHI,H,CLE,2,0,16:12,3,4,0.75,1,2,0.5,1,2,0.5,0,4,4,0,0,0,0,0,8,7.2,-2,13.5
Doug McDermott,2,2,2015-10-28,23,CHI,A,BRK,15,0,20:12,3,7,0.429,2,4,0.5,0,0,NA,1,1,2,1,0,0,3,2,8,2.2,-14,11.5
Doug McDermott,3,3,2015-10-30,23,CHI,A,DET,-4,0,14:32,2,4,0.5,2,2,1,0,0,NA,0,1,1,2,0,0,2,3,6,2.5,4,10.3
Doug McDermott,4,4,2015-11-01,23,CHI,H,ORL,5,0,17:57,5,10,0.5,2,4,0.5,0,0,NA,1,0,1,0,0,0,1,2,12,5.9,3,13.8
Doug McDermott,5,5,2015-11-03,23,CHI,A,CHO,-25,0,30:08,6,12,0.5,5,8,0.625,0,0,NA,0,4,4,3,1,0,0,2,17,14.5,-17,31
Doug McDermott,6,6,2015-11-05,23,CHI,H,OKC,6,1,23:03,3,5,0.6,1,3,0.333,2,2,1,0,1,1,0,0,0,0,1,9,6.6,-14,10.8
Doug McDermott,7,7,2015-11-07,23,CHI,H,MIN,-9,1,20:58,4,5,0.8,3,4,0.75,0,0,NA,0,2,2,0,0,0,0,2,11,8.9,-19,15
Doug McDermott,8,8,2015-11-09,23,CHI,A,PHI,23,1,28:07,7,15,0.467,3,6,0.5,1,1,1,1,1,2,0,0,0,0,2,18,10.5,5,22
Doug McDermott,9,9,2015-11-13,23,CHI,H,CHO,5,1,16:29,3,6,0.5,1,2,0.5,1,2,0.5,0,2,2,0,0,0,0,1,8,4.8,-3,11
Doug McDermott,10,10,2015-11-16,23,CHI,H,IND,1,0,16:52,4,9,0.444,1,2,0.5,2,2,1,0,1,1,0,0,1,0,1,11,6.9,5,14.8
Doug McDermott,11,11,2015-11-18,23,CHI,A,PHO,6,0,25:14,4,7,0.571,0,2,0,0,0,NA,1,4,5,2,0,0,1,1,8,6.6,7,16.8
Doug McDermott,12,12,2015-11-20,23,CHI,A,GSW,-12,0,18:09,1,5,0.2,1,4,0.25,0,0,NA,0,1,1,0,0,0,0,0,3,0.2,-13,4.8
Doug McDermott,13,13,2015-11-24,23,CHI,A,POR,5,0,25:19,2,6,0.333,0,2,0,0,0,NA,0,2,2,1,1,0,1,1,4,1.5,4,9.5
Doug McDermott,14,14,2015-11-27,23,CHI,A,IND,-12,0,6:01,0,4,0,0,2,0,0,0,NA,1,0,1,0,0,0,0,0,0,-2.1,-5,1.3
Doug McDermott,15,15,2015-11-30,23,CHI,H,SAS,3,0,30:03,5,12,0.417,1,2,0.5,1,1,1,0,3,3,0,0,0,0,2,12,5.7,10,16.3
Doug McDermott,16,16,2015-12-02,23,CHI,H,DEN,9,0,29:25,5,9,0.556,1,3,0.333,0,0,NA,1,2,3,2,0,0,1,1,11,8,14,17.8
Doug McDermott,17,17,2015-12-05,23,CHI,H,CHO,-6,0,33:12,5,9,0.556,3,5,0.6,0,0,NA,0,1,1,1,0,0,2,1,13,7.3,-1,16.3
Doug McDermott,18,18,2015-12-07,23,CHI,H,PHO,-2,0,22:58,4,7,0.571,0,2,0,0,0,NA,0,0,0,1,0,0,1,2,8,3.6,-11,9
Doug McDermott,19,19,2015-12-09,23,CHI,A,BOS,-5,0,26:17,4,11,0.364,3,4,0.75,0,0,NA,1,6,7,0,0,0,1,2,11,5.6,0,20.8
Doug McDermott,20,20,2015-12-10,23,CHI,H,LAC,3,0,16:20,0,5,0,0,2,0,0,0,NA,0,0,0,0,0,0,0,1,0,-3.9,14,0
Doug McDermott,21,21,2015-12-12,23,CHI,H,NOP,4,0,27:32,5,10,0.5,2,6,0.333,0,0,NA,0,2,2,2,0,0,2,0,12,7,6,17.5
Doug McDermott,22,22,2015-12-14,23,CHI,H,PHI,19,0,23:34,6,16,0.375,1,4,0.25,0,0,NA,4,4,8,2,0,0,0,1,13,9.2,5,26.5
Doug McDermott,23,23,2015-12-16,23,CHI,H,MEM,13,0,23:07,6,12,0.5,4,8,0.5,1,1,1,0,1,1,0,0,1,1,2,17,10.2,10,21.8
Doug McDermott,24,24,2015-12-18,23,CHI,H,DET,-3,0,22:19,1,3,0.333,0,2,0,0,0,NA,0,1,1,0,0,0,0,3,2,-0.6,-10,3.3
Doug McDermott,25,25,2015-12-19,23,CHI,A,NYK,-16,0,9:54,0,3,0,0,2,0,0,0,NA,0,0,0,0,0,0,0,1,0,-2.5,-17,0
Doug McDermott,26,26,2015-12-21,23,CHI,H,BRK,-3,0,25:21,4,9,0.444,3,6,0.5,0,0,NA,1,4,5,2,0,0,2,1,11,7.2,8,20.8
Doug McDermott,27,27,2015-12-25,23,CHI,A,OKC,9,0,23:06,2,7,0.286,1,4,0.25,0,0,NA,1,2,3,1,1,0,1,0,5,2.9,3,12.3
Doug McDermott,28,28,2015-12-26,23,CHI,A,DAL,-7,0,18:16,3,4,0.75,1,2,0.5,0,0,NA,0,0,0,1,0,1,1,0,7,5.8,9,10.5
Doug McDermott,30,29,2015-12-30,23,CHI,H,IND,2,0,20:17,2,6,0.333,0,1,0,1,2,0.5,1,4,5,2,0,0,1,2,5,2.7,3,13.8
Doug McDermott,31,30,2016-01-01,23,CHI,H,NYK,27,0,20:29,5,9,0.556,3,4,0.75,0,0,NA,0,2,2,1,0,0,0,2,13,9.2,24,18.5
Doug McDermott,32,31,2016-01-03,24,CHI,A,TOR,2,0,10:58,0,4,0,0,2,0,0,0,NA,0,0,0,0,0,0,1,2,0,-4.6,-7,-0.5
Doug McDermott,33,32,2016-01-05,24,CHI,H,MIL,11,0,10:44,0,2,0,0,1,0,0,0,NA,0,1,1,0,0,0,0,0,0,-1.1,0,1.3
Doug McDermott,34,33,2016-01-07,24,CHI,H,BOS,9,0,20:11,3,8,0.375,3,4,0.75,0,0,NA,0,1,1,0,1,0,0,1,9,5.5,5,13.8
Doug McDermott,35,34,2016-01-09,24,CHI,A,ATL,-15,0,24:23,3,5,0.6,0,1,0,0,0,NA,0,4,4,0,0,0,1,2,6,3.1,-11,10.5
Doug McDermott,36,35,2016-01-11,24,CHI,H,WAS,-14,0,19:56,2,4,0.5,2,4,0.5,3,3,1,0,2,2,0,0,1,2,2,9,5.5,-15,13.5
Doug McDermott,37,36,2016-01-12,24,CHI,A,MIL,-5,0,5:45,0,2,0,0,0,NA,0,0,NA,1,0,1,0,0,0,0,0,0,-0.7,2,1.3
Doug McDermott,38,37,2016-01-14,24,CHI,A,PHI,4,0,33:00,7,12,0.583,1,2,0.5,2,2,1,1,2,3,0,1,0,0,2,17,12.9,19,23.3
Doug McDermott,39,38,2016-01-15,24,CHI,H,DAL,-6,0,20:41,0,4,0,0,1,0,0,0,NA,1,3,4,0,0,0,0,0,0,-1.2,3,5
Doug McDermott,40,39,2016-01-18,24,CHI,A,DET,10,0,24:54,4,6,0.667,3,4,0.75,0,0,NA,0,2,2,0,1,0,1,2,11,8.2,16,16.5
Doug McDermott,41,40,2016-01-20,24,CHI,H,GSW,-31,0,32:36,1,6,0.167,0,1,0,1,1,1,3,1,4,2,0,0,1,2,3,1.2,-28,10.5
Doug McDermott,42,41,2016-01-22,24,CHI,A,BOS,-9,0,23:10,0,1,0,0,1,0,0,0,NA,0,2,2,0,1,0,2,4,0,-2.7,13,3.5
Doug McDermott,43,42,2016-01-23,24,CHI,A,CLE,13,0,24:04,1,2,0.5,1,2,0.5,0,0,NA,0,4,4,3,0,0,1,4,3,2.7,5,12.5
Doug McDermott,44,43,2016-01-25,24,CHI,H,MIA,-5,0,30:05,3,10,0.3,1,4,0.25,0,0,NA,1,2,3,1,0,0,2,2,7,0.4,-6,11.8
Doug McDermott,45,44,2016-01-28,24,CHI,A,LAL,23,0,24:26,6,15,0.4,3,6,0.5,0,0,NA,0,2,2,1,0,0,1,4,15,5.6,5,20
Doug McDermott,46,45,2016-01-31,24,CHI,A,LAC,-27,0,20:51,2,7,0.286,2,4,0.5,0,0,NA,0,1,1,0,0,0,1,1,6,0.8,-19,7.8
Doug McDermott,47,46,2016-02-01,24,CHI,A,UTA,-9,0,19:05,3,6,0.5,1,3,0.333,0,0,NA,0,2,2,0,0,0,2,2,7,1.8,2,9
Doug McDermott,48,47,2016-02-03,24,CHI,A,SAC,5,0,24:58,4,10,0.4,2,6,0.333,1,2,0.5,0,2,2,0,0,0,0,1,11,5.4,0,14.5
Doug McDermott,49,48,2016-02-05,24,CHI,A,DEN,-5,0,25:24,6,11,0.545,3,4,0.75,0,0,NA,1,1,2,0,0,0,1,3,15,8.5,-2,18.5
Doug McDermott,50,49,2016-02-06,24,CHI,A,MIN,-7,0,26:12,3,8,0.375,0,3,0,2,2,1,0,3,3,0,0,0,0,1,8,4.1,0,11.8
Doug McDermott,51,50,2016-02-08,24,CHI,A,CHO,-17,0,31:52,6,11,0.545,1,3,0.333,1,1,1,0,3,3,0,0,0,0,3,14,8.4,-14,18.3
Doug McDermott,52,51,2016-02-10,24,CHI,H,ATL,-23,0,36:52,6,12,0.5,2,5,0.4,3,3,1,0,3,3,1,1,0,3,1,17,10.2,-29,23.8
Doug McDermott,53,52,2016-02-18,24,CHI,A,CLE,-11,0,23:50,1,6,0.167,1,5,0.2,0,0,NA,0,1,1,0,1,1,1,3,3,-1,-1,8.3
Doug McDermott,54,53,2016-02-19,24,CHI,H,TOR,10,0,30:32,13,17,0.765,4,5,0.8,0,0,NA,2,2,4,1,0,0,0,3,30,24.8,15,38.5
Doug McDermott,55,54,2016-02-21,24,CHI,H,LAL,11,0,21:15,6,9,0.667,3,4,0.75,1,1,1,0,0,0,0,0,0,0,1,16,11.7,-5,17.5
Doug McDermott,56,55,2016-02-24,24,CHI,H,WAS,5,0,28:38,6,11,0.545,0,2,0,2,2,1,0,5,5,2,0,0,1,3,14,9.4,0,22.8
Doug McDermott,57,56,2016-02-26,24,CHI,A,ATL,-15,0,30:34,6,13,0.462,1,4,0.25,7,7,1,3,2,5,0,0,0,0,1,20,15.6,-1,26.8
Doug McDermott,58,57,2016-02-27,24,CHI,H,POR,-8,0,32:04,6,14,0.429,2,5,0.4,4,5,0.8,0,1,1,1,1,0,0,2,18,11.4,-7,23.8
Doug McDermott,59,58,2016-03-01,24,CHI,A,MIA,-18,0,26:24,5,12,0.417,0,2,0,1,1,1,1,0,1,1,1,0,1,0,11,6,-7,15.3
Doug McDermott,60,59,2016-03-02,24,CHI,A,ORL,-13,0,32:45,5,15,0.333,1,5,0.2,0,2,0,2,2,4,0,0,0,0,2,11,2.9,1,16.5
Doug McDermott,61,60,2016-03-05,24,CHI,H,HOU,8,0,21:48,3,9,0.333,1,3,0.333,0,0,NA,1,3,4,0,0,0,2,2,7,0.7,-18,11.5
Doug McDermott,62,61,2016-03-07,24,CHI,H,MIL,10,0,13:02,2,6,0.333,0,2,0,0,0,NA,0,3,3,0,0,0,0,2,4,0.7,-4,7.8
Doug McDermott,63,62,2016-03-10,24,CHI,A,SAS,-8,0,21:56,1,4,0.25,0,1,0,2,2,1,0,2,2,2,0,0,0,1,4,3.2,-2,9.5
Doug McDermott,64,63,2016-03-11,24,CHI,H,MIA,-22,0,22:58,4,9,0.444,2,4,0.5,0,0,NA,0,2,2,1,1,0,1,1,10,6.2,-19,16.5
Doug McDermott,65,64,2016-03-14,24,CHI,A,TOR,2,0,36:30,9,11,0.818,4,5,0.8,7,8,0.875,0,1,1,1,0,1,0,1,29,25.8,5,35.8
Doug McDermott,66,65,2016-03-16,24,CHI,A,WAS,-21,0,30:31,6,10,0.6,3,6,0.5,5,5,1,0,1,1,2,1,0,0,2,20,17.3,-9,27.8
Doug McDermott,67,66,2016-03-17,24,CHI,H,BRK,16,0,28:30,8,16,0.5,5,8,0.625,4,4,1,0,3,3,1,0,0,0,1,25,18.2,24,32.8
Doug McDermott,68,67,2016-03-19,24,CHI,H,UTA,7,0,22:28,3,9,0.333,1,2,0.5,0,0,NA,1,4,5,2,0,0,0,1,7,4.8,0,16.8
Doug McDermott,69,68,2016-03-21,24,CHI,H,SAC,7,0,21:15,6,11,0.545,4,7,0.571,0,0,NA,0,1,1,1,0,0,1,3,16,9.5,-9,20.3
Doug McDermott,70,69,2016-03-23,24,CHI,H,NYK,-8,0,19:46,2,5,0.4,1,4,0.25,2,2,1,0,4,4,1,0,0,0,1,7,5.8,0,14
Doug McDermott,71,70,2016-03-24,24,CHI,A,NYK,-12,0,13:59,0,3,0,0,2,0,1,2,0.5,0,0,0,0,0,0,0,0,1,-1.5,-5,1
Doug McDermott,72,71,2016-03-26,24,CHI,A,ORL,-22,0,20:55,5,10,0.5,2,2,1,0,0,NA,2,1,3,0,0,0,1,0,12,7.7,-13,16.3
Doug McDermott,73,72,2016-03-28,24,CHI,H,ATL,-2,0,19:42,0,2,0,0,1,0,1,2,0.5,0,3,3,0,0,0,0,1,1,-0.3,3,4.8
Doug McDermott,74,73,2016-03-29,24,CHI,A,IND,2,0,15:34,2,6,0.333,1,2,0.5,1,1,1,0,2,2,0,0,0,0,1,6,2.8,10,9
Doug McDermott,75,74,2016-03-31,24,CHI,A,HOU,3,0,37:10,6,14,0.429,1,4,0.25,2,2,1,2,7,9,3,0,0,1,3,15,11,26,30.8
Doug McDermott,76,75,2016-04-02,24,CHI,H,DET,-4,0,15:31,1,5,0.2,0,1,0,2,2,1,0,1,1,0,0,0,0,1,4,0.8,-4,5.3
Doug McDermott,77,76,2016-04-03,24,CHI,A,MIL,4,0,16:51,3,5,0.6,0,1,0,1,1,1,0,1,1,0,0,0,0,2,7,4.2,5,8.3
Doug McDermott,78,77,2016-04-05,24,CHI,A,MEM,-16,0,24:22,3,5,0.6,1,2,0.5,0,0,NA,0,1,1,1,1,0,2,4,7,3.1,-3,11.3
Doug McDermott,79,78,2016-04-07,24,CHI,A,MIA,-8,0,20:44,2,5,0.4,1,2,0.5,1,1,1,0,1,1,0,0,0,1,2,6,1.8,-4,7.3
Doug McDermott,80,79,2016-04-09,24,CHI,H,CLE,3,0,10:52,2,4,0.5,1,1,1,1,2,0.5,0,3,3,0,0,0,1,2,6,2.7,11,9.8
Doug McDermott,81,80,2016-04-11,24,CHI,A,NOP,5,0,24:07,4,10,0.4,0,1,0,2,2,1,1,3,4,4,0,0,0,1,10,8.6,-4,21
Doug McDermott,82,81,2016-04-13,24,CHI,H,PHI,10,0,34:29,7,11,0.636,0,1,0,2,3,0.667,0,1,1,3,0,0,0,2,16,12.3,0,21.8
E'Twaun Moore,1,1,2015-10-27,26,CHI,H,CLE,2,0,14:22,5,8,0.625,1,2,0.5,0,0,NA,0,3,3,1,0,0,0,3,11,7.8,4,16.8
E'Twaun Moore,2,2,2015-10-28,26,CHI,A,BRK,15,0,16:57,4,5,0.8,1,2,0.5,0,0,NA,0,0,0,0,1,0,2,0,9,6.1,-1,10.5
E'Twaun Moore,3,3,2015-10-30,26,CHI,A,DET,-4,0,18:15,0,1,0,0,1,0,0,0,NA,0,2,2,0,0,1,1,0,0,-0.4,-5,4
E'Twaun Moore,4,4,2015-11-01,26,CHI,H,ORL,5,0,18:43,0,7,0,0,2,0,0,0,NA,0,2,2,3,0,0,1,3,0,-4.4,3,6.5
E'Twaun Moore,5,5,2015-11-03,26,CHI,A,CHO,-25,0,15:55,4,7,0.571,0,1,0,0,0,NA,0,0,0,1,0,0,1,1,8,4,-6,9
E'Twaun Moore,6,6,2015-11-05,26,CHI,H,OKC,6,0,21:47,0,1,0,0,0,NA,0,0,NA,0,5,5,0,1,1,0,1,0,2.1,12,10.3
E'Twaun Moore,7,7,2015-11-07,26,CHI,H,MIN,-9,0,15:22,2,4,0.5,1,1,1,0,0,NA,0,0,0,1,0,0,0,0,5,3.7,1,7
E'Twaun Moore,8,8,2015-11-09,26,CHI,A,PHI,23,0,22:46,4,8,0.5,1,1,1,0,0,NA,1,3,4,3,0,0,1,1,9,7.3,-6,18.5
E'Twaun Moore,9,9,2015-11-13,26,CHI,H,CHO,5,0,22:43,5,6,0.833,1,1,1,0,0,NA,0,5,5,0,0,0,0,2,11,9.5,10,17.8
E'Twaun Moore,10,10,2015-11-16,26,CHI,H,IND,1,0,15:32,1,3,0.333,0,2,0,0,0,NA,0,2,2,1,1,0,0,0,2,2.6,4,8
E'Twaun Moore,11,11,2015-11-18,26,CHI,A,PHO,6,0,14:00,1,2,0.5,0,0,NA,2,2,1,0,1,1,1,1,0,1,2,4,3.2,-13,8.3
E'Twaun Moore,12,12,2015-11-20,26,CHI,A,GSW,-12,0,24:16,3,8,0.375,1,1,1,2,4,0.5,0,0,0,2,2,0,1,2,9,5.4,-8,16
E'Twaun Moore,13,13,2015-11-24,26,CHI,A,POR,5,0,8:49,0,1,0,0,0,NA,0,0,NA,0,0,0,0,0,0,0,0,0,-0.7,-5,0
E'Twaun Moore,14,14,2015-11-27,26,CHI,A,IND,-12,0,27:10,3,7,0.429,0,0,NA,1,2,0.5,0,1,1,2,3,0,0,3,7,6.4,-2,17.3
E'Twaun Moore,15,15,2015-11-30,26,CHI,H,SAS,3,0,16:51,3,6,0.5,0,2,0,0,3,0,0,2,2,1,0,0,1,2,6,1.3,9,9.5
E'Twaun Moore,16,16,2015-12-02,26,CHI,H,DEN,9,0,10:30,1,4,0.25,1,2,0.5,0,0,NA,0,1,1,0,0,0,2,0,3,-1.1,-2,3.8
E'Twaun Moore,17,17,2015-12-05,26,CHI,H,CHO,-6,0,12:33,2,4,0.5,1,1,1,0,0,NA,1,0,1,3,0,0,0,0,5,5.8,-2,11.3
E'Twaun Moore,18,18,2015-12-07,26,CHI,H,PHO,-2,0,14:16,2,3,0.667,0,1,0,0,0,NA,0,1,1,0,1,0,1,0,4,3,-12,6.8
E'Twaun Moore,19,19,2015-12-09,26,CHI,A,BOS,-5,0,9:40,0,1,0,0,0,NA,0,0,NA,1,0,1,0,0,0,0,0,0,0,-10,1.3
E'Twaun Moore,22,20,2015-12-14,26,CHI,H,PHI,19,0,8:09,0,1,0,0,0,NA,0,0,NA,0,0,0,1,0,0,1,2,0,-1.8,-9,1
E'Twaun Moore,24,21,2015-12-18,26,CHI,H,DET,-3,0,3:21,1,2,0.5,1,1,1,2,2,1,0,0,0,0,0,0,0,1,5,3.6,0,5.5
E'Twaun Moore,25,22,2015-12-19,26,CHI,A,NYK,-16,0,12:00,2,5,0.4,0,0,NA,0,0,NA,1,2,3,0,1,1,1,1,4,2.9,-7,11.3
E'Twaun Moore,31,23,2016-01-01,26,CHI,H,NYK,27,0,18:13,1,2,0.5,0,0,NA,0,0,NA,1,4,5,3,0,1,2,0,2,3.7,27,13.8
E'Twaun Moore,32,24,2016-01-03,26,CHI,A,TOR,2,0,16:08,2,4,0.5,0,0,NA,0,0,NA,1,0,1,0,1,0,1,1,4,2.3,6,6.8
E'Twaun Moore,35,25,2016-01-09,26,CHI,A,ATL,-15,0,7:41,0,2,0,0,0,NA,2,2,1,0,0,0,0,0,0,0,0,2,0.6,1,2
E'Twaun Moore,36,26,2016-01-11,26,CHI,H,WAS,-14,0,4:42,1,2,0.5,1,2,0.5,0,0,NA,0,2,2,0,0,0,0,1,3,2.2,4,6
E'Twaun Moore,38,27,2016-01-14,26,CHI,A,PHI,4,0,26:24,6,8,0.75,2,2,1,0,0,NA,0,2,2,0,1,0,0,3,14,11.2,15,19.5
E'Twaun Moore,39,28,2016-01-15,26,CHI,H,DAL,-6,0,22:12,4,6,0.667,0,2,0,0,0,NA,0,3,3,1,0,0,1,2,8,5.2,4,12.8
E'Twaun Moore,40,29,2016-01-18,26,CHI,A,DET,10,0,17:54,2,3,0.667,1,2,0.5,1,2,0.5,0,0,0,0,1,0,0,2,6,4.5,13,8.5
E'Twaun Moore,41,30,2016-01-20,26,CHI,H,GSW,-31,0,16:35,6,9,0.667,0,2,0,1,2,0.5,0,3,3,2,2,0,1,2,13,11.2,-16,23.3
E'Twaun Moore,42,31,2016-01-22,26,CHI,A,BOS,-9,0,7:55,0,2,0,0,0,NA,0,0,NA,0,1,1,0,0,0,0,2,0,-1.9,5,1.3
E'Twaun Moore,43,32,2016-01-23,26,CHI,A,CLE,13,0,3:36,0,1,0,0,1,0,0,0,NA,0,1,1,0,0,0,0,0,0,-0.4,7,1.3
E'Twaun Moore,45,33,2016-01-28,26,CHI,A,LAL,23,1,36:10,3,9,0.333,0,3,0,2,2,1,2,0,2,1,2,1,1,0,8,6.7,7,17.5
E'Twaun Moore,46,34,2016-01-31,26,CHI,A,LAC,-27,1,30:28,4,7,0.571,1,2,0.5,1,1,1,0,1,1,5,0,1,0,5,10,9.2,-7,21.3
E'Twaun Moore,47,35,2016-02-01,26,CHI,A,UTA,-9,1,27:10,4,12,0.333,0,3,0,0,0,NA,0,2,2,0,0,2,1,2,8,1.4,-17,14
E'Twaun Moore,48,36,2016-02-03,26,CHI,A,SAC,5,1,37:38,9,16,0.563,4,5,0.8,2,4,0.5,1,4,5,4,2,0,1,5,24,19.3,7,41.8
E'Twaun Moore,49,37,2016-02-05,26,CHI,A,DEN,-5,1,31:04,3,7,0.429,2,2,1,0,0,NA,0,3,3,0,0,1,2,4,8,2.3,4,13.8
E'Twaun Moore,50,38,2016-02-06,26,CHI,A,MIN,-7,1,37:32,7,13,0.538,3,6,0.5,0,0,NA,0,2,2,7,0,0,0,2,17,15.4,-11,31.5
E'Twaun Moore,51,39,2016-02-08,26,CHI,A,CHO,-17,1,31:32,5,10,0.5,2,4,0.5,0,0,NA,0,3,3,2,2,1,2,3,12,8.8,-23,24.8
E'Twaun Moore,52,40,2016-02-10,26,CHI,H,ATL,-23,1,29:01,4,10,0.4,0,1,0,0,2,0,2,4,6,5,2,0,4,2,8,5.1,-10,25
E'Twaun Moore,53,41,2016-02-18,26,CHI,A,CLE,-11,1,21:47,2,7,0.286,0,2,0,1,2,0.5,0,1,1,0,0,1,1,1,5,0.1,-11,7.8
E'Twaun Moore,54,42,2016-02-19,26,CHI,H,TOR,10,1,34:42,3,6,0.5,1,2,0.5,2,2,1,2,5,7,6,1,0,0,3,9,12.9,15,29.3
E'Twaun Moore,55,43,2016-02-21,26,CHI,H,LAL,11,1,41:21,10,14,0.714,4,4,1,0,0,NA,1,3,4,1,1,1,1,1,24,20.8,4,36
E'Twaun Moore,56,44,2016-02-24,26,CHI,H,WAS,5,1,29:09,8,16,0.5,1,3,0.333,0,0,NA,0,3,3,1,2,0,2,2,17,9.8,8,25.8
E'Twaun Moore,57,45,2016-02-26,26,CHI,A,ATL,-15,1,21:59,3,8,0.375,0,1,0,0,0,NA,0,1,1,1,0,0,3,4,6,-2,-20,7.3
E'Twaun Moore,58,46,2016-02-27,26,CHI,H,POR,-8,1,38:16,9,22,0.409,1,3,0.333,0,0,NA,0,3,3,3,1,0,1,1,19,9.8,-5,29.3
E'Twaun Moore,59,47,2016-03-01,27,CHI,A,MIA,-18,1,19:10,3,6,0.5,2,4,0.5,0,0,NA,0,2,2,2,2,0,1,4,8,6.4,-6,18
E'Twaun Moore,60,48,2016-03-02,27,CHI,A,ORL,-13,1,28:07,4,9,0.444,0,1,0,1,1,1,1,2,3,3,0,0,1,1,9,6.3,-22,16.8
E'Twaun Moore,61,49,2016-03-05,27,CHI,H,HOU,8,0,25:30,4,8,0.5,1,2,0.5,0,0,NA,0,3,3,2,1,0,1,4,9,5.7,-3,17.8
E'Twaun Moore,62,50,2016-03-07,27,CHI,H,MIL,10,1,35:48,6,11,0.545,2,4,0.5,2,2,1,0,1,1,7,0,0,0,4,16,14.3,11,28.8
E'Twaun Moore,63,51,2016-03-10,27,CHI,A,SAS,-8,1,35:54,8,12,0.667,4,5,0.8,0,0,NA,0,6,6,4,1,1,3,2,20,17.3,-9,38
E'Twaun Moore,64,52,2016-03-11,27,CHI,H,MIA,-22,1,27:05,3,8,0.375,0,2,0,0,0,NA,0,2,2,5,0,1,2,1,6,4,-16,17
E'Twaun Moore,65,53,2016-03-14,27,CHI,A,TOR,2,1,30:56,8,11,0.727,1,2,0.5,0,0,NA,0,4,4,4,0,1,0,3,17,16,12,30.5
E'Twaun Moore,66,54,2016-03-16,27,CHI,A,WAS,-21,0,19:52,1,4,0.25,0,0,NA,0,0,NA,1,3,4,2,0,0,3,3,2,-1.6,4,8.5
E'Twaun Moore,67,55,2016-03-17,27,CHI,H,BRK,16,0,2:28,0,0,NA,0,0,NA,0,0,NA,0,1,1,0,0,0,0,1,0,-0.1,6,1.3
E'Twaun Moore,74,56,2016-03-29,27,CHI,A,IND,2,0,24:03,2,6,0.333,1,3,0.333,0,0,NA,1,3,4,0,1,1,2,1,5,2.5,11,13.5
E'Twaun Moore,75,57,2016-03-31,27,CHI,A,HOU,3,0,22:10,3,7,0.429,2,2,1,0,0,NA,1,1,2,4,0,0,0,4,8,6.5,9,17.5
E'Twaun Moore,76,58,2016-04-02,27,CHI,H,DET,-4,1,32:04,3,10,0.3,2,5,0.4,0,0,NA,1,3,4,1,0,2,1,2,8,4.1,1,19
E'Twaun Moore,77,59,2016-04-03,27,CHI,A,MIL,4,1,26:55,3,7,0.429,0,1,0,0,0,NA,0,2,2,3,3,0,1,1,6,6.6,3,18.5
Bobby Portis,5,1,2015-11-03,20,CHI,A,CHO,-25,0,9:44,5,7,0.714,0,0,NA,0,0,NA,1,1,2,0,0,0,1,1,10,6.7,8,12
Bobby Portis,8,2,2015-11-09,20,CHI,A,PHI,23,0,10:27,1,3,0.333,0,0,NA,0,0,NA,0,0,0,1,1,1,1,1,2,1.3,-6,7
Bobby Portis,14,3,2015-11-27,20,CHI,A,IND,-12,0,2:08,1,3,0.333,0,1,0,0,0,NA,0,1,1,0,0,0,0,0,2,0.6,3,3.3
Bobby Portis,22,4,2015-12-14,20,CHI,H,PHI,19,0,4:25,3,4,0.75,0,0,NA,1,2,0.5,0,1,1,0,0,0,0,0,7,5.3,-3,8.3
Bobby Portis,25,5,2015-12-19,20,CHI,A,NYK,-16,0,22:46,8,18,0.444,2,3,0.667,2,4,0.5,5,6,11,1,2,0,3,2,20,14,-3,40.3
Bobby Portis,26,6,2015-12-21,20,CHI,H,BRK,-3,0,14:06,3,9,0.333,0,1,0,0,0,NA,0,2,2,1,1,0,0,1,6,2.8,0,12
Bobby Portis,27,7,2015-12-25,20,CHI,A,OKC,9,0,19:53,3,8,0.375,1,1,1,0,0,NA,1,4,5,3,1,0,1,2,7,5.8,3,19.8
Bobby Portis,28,8,2015-12-26,20,CHI,A,DAL,-7,0,10:03,1,3,0.333,0,0,NA,0,0,NA,2,2,4,0,1,0,4,3,2,-1.9,-5,7
Bobby Portis,29,9,2015-12-28,20,CHI,H,TOR,7,0,27:01,6,10,0.6,0,1,0,0,1,0,2,7,9,2,0,0,2,1,12,9.5,16,25.3
Bobby Portis,30,10,2015-12-30,20,CHI,H,IND,2,0,26:00,7,12,0.583,0,1,0,2,2,1,3,4,7,0,1,1,3,2,16,11.6,-4,27.3
Bobby Portis,31,11,2016-01-01,20,CHI,H,NYK,27,0,29:51,6,9,0.667,2,3,0.667,2,2,1,2,8,10,2,0,0,3,4,16,12.7,30,32.5
Bobby Portis,32,12,2016-01-03,20,CHI,A,TOR,2,0,18:02,2,5,0.4,0,1,0,0,0,NA,0,6,6,1,0,1,1,3,4,2.3,-3,14.5
Bobby Portis,33,13,2016-01-05,20,CHI,H,MIL,11,0,21:26,2,4,0.5,0,1,0,4,4,1,2,6,8,0,1,0,1,1,8,8.8,3,19.5
Bobby Portis,34,14,2016-01-07,20,CHI,H,BOS,9,0,23:30,2,9,0.222,0,1,0,0,0,NA,3,5,8,0,0,2,0,3,4,2.3,-11,18
Bobby Portis,35,15,2016-01-09,20,CHI,A,ATL,-15,0,9:00,0,3,0,0,1,0,0,0,NA,2,4,6,0,1,1,2,0,0,0.2,-4,10.5
Bobby Portis,36,16,2016-01-11,20,CHI,H,WAS,-14,0,10:44,1,3,0.333,0,0,NA,4,4,1,1,1,2,0,0,1,1,1,6,4.6,-8,10
Bobby Portis,37,17,2016-01-12,20,CHI,A,MIL,-5,0,4:00,0,0,NA,0,0,NA,0,0,NA,0,0,0,0,0,1,1,2,0,-1.1,-5,1.5
Bobby Portis,38,18,2016-01-14,20,CHI,A,PHI,4,0,8:31,0,1,0,0,0,NA,0,0,NA,0,0,0,0,0,0,0,0,0,-0.7,-18,0
Bobby Portis,39,19,2016-01-15,20,CHI,H,DAL,-6,0,6:14,2,4,0.5,1,1,1,0,0,NA,1,0,1,0,0,0,1,1,5,2.3,-4,6.3
Bobby Portis,40,20,2016-01-18,20,CHI,A,DET,10,0,3:10,0,1,0,0,1,0,0,0,NA,1,1,2,0,0,0,0,0,0,0.3,0,2.5
Bobby Portis,41,21,2016-01-20,20,CHI,H,GSW,-31,0,23:32,7,14,0.5,0,2,0,2,2,1,5,3,8,0,0,1,0,2,16,13.3,-15,28
Bobby Portis,42,22,2016-01-22,20,CHI,A,BOS,-9,0,18:02,4,12,0.333,0,0,NA,0,2,0,1,2,3,0,1,1,1,0,8,2.4,13,15.3
Bobby Portis,43,23,2016-01-23,20,CHI,A,CLE,13,0,8:58,1,3,0.333,0,0,NA,0,0,NA,1,1,2,0,0,0,2,2,2,-1.5,-4,3.5
Bobby Portis,44,24,2016-01-25,20,CHI,H,MIA,-5,0,7:02,1,2,0.5,0,0,NA,0,0,NA,1,1,2,0,0,0,0,4,2,0.4,-8,4.5
Bobby Portis,45,25,2016-01-28,20,CHI,A,LAL,23,0,21:47,1,4,0.25,0,0,NA,2,2,1,4,3,7,1,2,0,0,2,4,7.2,1,18.3
Bobby Portis,46,26,2016-01-31,20,CHI,A,LAC,-27,0,18:25,4,9,0.444,0,2,0,0,0,NA,2,4,6,1,0,0,0,0,8,6.6,-26,17
Bobby Portis,47,27,2016-02-01,20,CHI,A,UTA,-9,0,20:32,3,7,0.429,0,1,0,2,3,0.667,1,4,5,0,0,0,0,0,8,5.8,-12,14.3
Bobby Portis,48,28,2016-02-03,20,CHI,A,SAC,5,0,20:42,4,8,0.5,0,1,0,0,0,NA,1,2,3,1,0,0,1,2,8,4.2,-4,12.8
Bobby Portis,49,29,2016-02-05,20,CHI,A,DEN,-5,0,26:38,4,12,0.333,0,0,NA,0,2,0,4,3,7,2,2,0,0,5,8,5.5,-13,23.8
Bobby Portis,50,30,2016-02-06,20,CHI,A,MIN,-7,0,28:05,7,9,0.778,0,0,NA,1,1,1,1,2,3,0,1,1,0,3,15,13.3,-8,22.8
Bobby Portis,51,31,2016-02-08,20,CHI,A,CHO,-17,0,20:20,2,7,0.286,1,1,1,1,2,0.5,3,3,6,1,0,1,0,5,6,3.9,-7,17.5
Bobby Portis,52,32,2016-02-10,21,CHI,H,ATL,-23,0,23:54,5,11,0.455,0,1,0,2,2,1,4,6,10,1,0,1,2,0,12,10.3,-17,28.5
Bobby Portis,53,33,2016-02-18,21,CHI,A,CLE,-11,0,26:00,6,16,0.375,1,1,1,0,0,NA,7,3,10,1,0,0,2,3,13,7.5,-1,28
Bobby Portis,54,34,2016-02-19,21,CHI,H,TOR,10,0,22:18,4,9,0.444,0,0,NA,0,0,NA,1,7,8,0,1,1,0,1,8,7.4,8,22
Bobby Portis,55,35,2016-02-21,21,CHI,H,LAL,11,0,25:20,6,9,0.667,3,3,1,2,2,1,0,7,7,3,0,0,2,5,17,13.3,-3,30.8
Bobby Portis,56,36,2016-02-24,21,CHI,H,WAS,5,0,19:43,2,8,0.25,0,1,0,1,2,0.5,1,6,7,0,0,0,4,1,5,-2.1,-12,11.8
Bobby Portis,57,37,2016-02-26,21,CHI,A,ATL,-15,0,23:25,3,11,0.273,0,2,0,2,2,1,2,3,5,1,1,0,1,1,8,4.1,-4,17.3
Bobby Portis,58,38,2016-02-27,21,CHI,H,POR,-8,0,28:00,5,12,0.417,0,1,0,0,0,NA,4,12,16,2,0,1,0,1,10,11.7,-8,36.5
Bobby Portis,59,39,2016-03-01,21,CHI,A,MIA,-18,0,26:51,5,8,0.625,1,1,1,0,0,NA,2,5,7,0,4,0,1,4,11,11.7,-6,27.8
Bobby Portis,60,40,2016-03-02,21,CHI,A,ORL,-13,0,26:15,4,11,0.364,0,0,NA,1,2,0.5,0,6,6,5,0,0,1,3,9,5.6,-10,23.5
Bobby Portis,61,41,2016-03-05,21,CHI,H,HOU,8,0,4:10,0,2,0,0,1,0,0,0,NA,1,0,1,1,0,0,1,1,0,-1.4,-6,2.3
Bobby Portis,62,42,2016-03-07,21,CHI,H,MIL,10,0,4:21,0,0,NA,0,0,NA,0,0,NA,0,1,1,0,0,0,0,1,0,-0.1,-10,1.3
Bobby Portis,63,43,2016-03-10,21,CHI,A,SAS,-8,0,11:13,0,3,0,0,0,NA,0,0,NA,0,4,4,0,0,0,0,2,0,-1.7,-5,5
Bobby Portis,64,44,2016-03-11,21,CHI,H,MIA,-22,0,18:23,2,3,0.667,0,1,0,1,2,0.5,1,3,4,2,1,0,0,2,5,6.5,-7,15
Bobby Portis,65,45,2016-03-14,21,CHI,A,TOR,2,0,22:54,3,6,0.5,0,1,0,0,0,NA,1,6,7,1,0,0,0,3,6,5,0,16.3
Bobby Portis,66,46,2016-03-16,21,CHI,A,WAS,-21,0,24:37,3,8,0.375,0,1,0,2,2,1,1,4,5,3,1,1,0,3,8,8.1,-1,22.8
Bobby Portis,67,47,2016-03-17,21,CHI,H,BRK,16,0,27:40,6,16,0.375,0,2,0,0,0,NA,8,6,14,1,0,1,1,2,12,10.2,22,34
Bobby Portis,68,48,2016-03-19,21,CHI,H,UTA,7,0,19:48,3,7,0.429,1,2,0.5,2,3,0.667,3,2,5,2,0,2,0,0,9,10.4,4,22.8
Bobby Portis,69,49,2016-03-21,21,CHI,H,SAC,7,0,14:56,3,6,0.5,0,0,NA,0,0,NA,2,4,6,1,0,0,0,0,6,6.3,-5,15
Bobby Portis,70,50,2016-03-23,21,CHI,H,NYK,-8,0,17:01,3,6,0.5,0,0,NA,0,2,0,1,3,4,3,0,1,2,1,6,4.2,9,16.5
Bobby Portis,71,51,2016-03-24,21,CHI,A,NYK,-12,0,17:12,0,4,0,0,1,0,0,0,NA,2,2,4,1,0,0,1,1,0,-1.5,-1,6
Bobby Portis,72,52,2016-03-26,21,CHI,A,ORL,-22,0,18:31,1,8,0.125,0,1,0,2,2,1,3,4,7,0,0,0,0,2,4,1.3,-16,12.8
Bobby Portis,73,53,2016-03-28,21,CHI,H,ATL,-2,0,13:40,3,7,0.429,1,1,1,1,2,0.5,3,3,6,0,0,0,0,0,8,6.9,2,16
Bobby Portis,74,54,2016-03-29,21,CHI,A,IND,2,0,9:59,3,3,1,0,0,NA,3,3,1,0,1,1,0,0,0,0,1,9,8,-6,10.3
Bobby Portis,75,55,2016-03-31,21,CHI,A,HOU,3,1,10:04,1,4,0.25,0,0,NA,0,0,NA,1,1,2,0,0,0,0,1,2,0.2,-19,4.5
Bobby Portis,76,56,2016-04-02,21,CHI,H,DET,-4,1,13:23,3,5,0.6,0,0,NA,0,0,NA,2,1,3,0,0,0,1,1,6,4,4,9.3
Bobby Portis,77,57,2016-04-03,21,CHI,A,MIL,4,1,12:54,2,4,0.5,0,1,0,0,0,NA,0,1,1,1,0,0,0,1,4,2.6,-3,6.8
Bobby Portis,78,58,2016-04-05,21,CHI,A,MEM,-16,1,18:59,5,11,0.455,0,1,0,2,2,1,6,1,7,1,0,2,0,2,12,12.1,-7,26.3
Bobby Portis,79,59,2016-04-07,21,CHI,A,MIA,-8,0,19:54,3,9,0.333,0,1,0,0,0,NA,6,4,10,2,0,0,0,2,6,6.9,2,21.5
Bobby Portis,80,60,2016-04-09,21,CHI,H,CLE,3,0,28:46,3,10,0.3,0,1,0,0,1,0,5,5,10,0,0,0,1,2,6,3,17,18
Bobby Portis,81,61,2016-04-11,21,CHI,A,NOP,5,0,28:30,5,7,0.714,1,2,0.5,2,2,1,2,6,8,2,1,0,0,0,13,15.7,4,28.5
Bobby Portis,82,62,2016-04-13,21,CHI,H,PHI,10,0,28:22,3,9,0.333,1,1,1,2,2,1,4,10,14,1,1,0,5,0,9,6.4,-9,28
Mike Dunleavy,50,1,2016-02-06,35,CHI,A,MIN,-7,0,14:02,2,4,0.5,1,1,1,0,0,NA,0,0,0,0,0,0,1,2,5,1.2,-1,5
Mike Dunleavy,51,2,2016-02-08,35,CHI,A,CHO,-17,1,16:08,3,7,0.429,2,3,0.667,0,0,NA,0,1,1,2,0,0,1,0,8,5,-3,12.8
Mike Dunleavy,52,3,2016-02-10,35,CHI,H,ATL,-23,1,11:08,0,3,0,0,1,0,2,2,1,0,1,1,1,1,0,0,4,2,0.3,6,6.8
Mike Dunleavy,53,4,2016-02-18,35,CHI,A,CLE,-11,1,17:17,2,9,0.222,1,3,0.333,0,0,NA,0,1,1,0,0,0,1,3,5,-2.4,-14,6.3
Mike Dunleavy,54,5,2016-02-19,35,CHI,H,TOR,10,1,23:05,2,5,0.4,1,2,0.5,0,0,NA,1,2,3,1,0,1,1,3,5,2.8,4,12.3
Mike Dunleavy,55,6,2016-02-21,35,CHI,H,LAL,11,1,24:44,4,6,0.667,2,3,0.667,7,7,1,1,0,1,2,0,0,0,3,17,15.3,14,22.3
Mike Dunleavy,56,7,2016-02-24,35,CHI,H,WAS,5,1,28:06,6,9,0.667,2,4,0.5,0,0,NA,1,3,4,1,0,1,0,5,14,11.1,8,23.5
Mike Dunleavy,57,8,2016-02-26,35,CHI,A,ATL,-15,1,24:48,2,6,0.333,1,3,0.333,1,3,0.333,1,7,8,1,1,1,0,0,6,7,-16,22
Mike Dunleavy,58,9,2016-02-27,35,CHI,H,POR,-8,1,27:56,5,12,0.417,2,7,0.286,1,1,1,0,5,5,5,0,0,3,3,13,7.4,-1,26.3
Mike Dunleavy,59,10,2016-03-01,35,CHI,A,MIA,-18,1,29:24,4,7,0.571,2,4,0.5,0,0,NA,1,1,2,1,0,0,0,3,10,7.2,-7,15
Mike Dunleavy,60,11,2016-03-02,35,CHI,A,ORL,-13,1,21:28,3,9,0.333,2,3,0.667,0,0,NA,2,4,6,1,1,0,1,1,8,5.8,-8,19.5
Mike Dunleavy,61,12,2016-03-05,35,CHI,H,HOU,8,1,29:29,4,7,0.571,2,4,0.5,2,2,1,0,4,4,1,1,0,1,3,12,9.4,20,21
Mike Dunleavy,62,13,2016-03-07,35,CHI,H,MIL,10,1,35:07,7,9,0.778,4,6,0.667,0,0,NA,0,4,4,2,0,0,1,3,18,14.9,14,27.5
Mike Dunleavy,63,14,2016-03-10,35,CHI,A,SAS,-8,1,29:26,2,8,0.25,1,5,0.2,2,3,0.667,0,6,6,3,0,0,1,3,7,3.5,-1,19
Mike Dunleavy,64,15,2016-03-11,35,CHI,H,MIA,-22,1,24:36,3,4,0.75,1,2,0.5,1,1,1,0,2,2,2,1,0,2,1,8,7,-19,15
Mike Dunleavy,66,16,2016-03-16,35,CHI,A,WAS,-21,1,17:52,0,4,0,0,3,0,0,0,NA,0,2,2,0,0,1,1,3,0,-3.7,-16,4
Mike Dunleavy,67,17,2016-03-17,35,CHI,H,BRK,16,1,19:51,1,4,0.25,1,3,0.333,0,0,NA,0,4,4,2,1,1,1,1,3,3.5,-8,15
Mike Dunleavy,68,18,2016-03-19,35,CHI,H,UTA,7,1,25:32,0,3,0,0,3,0,1,1,1,0,3,3,1,1,0,2,1,1,-0.9,7,7.3
Mike Dunleavy,69,19,2016-03-21,35,CHI,H,SAC,7,1,26:45,3,8,0.375,3,6,0.5,0,0,NA,0,1,1,1,1,0,1,3,9,4.4,16,14.8
Mike Dunleavy,70,20,2016-03-23,35,CHI,H,NYK,-8,1,28:14,3,7,0.429,1,4,0.25,0,0,NA,0,4,4,2,0,0,2,0,7,3.9,-8,14.5
Mike Dunleavy,71,21,2016-03-24,35,CHI,A,NYK,-12,1,28:44,3,10,0.3,3,7,0.429,0,0,NA,0,4,4,2,1,0,1,1,9,5.4,-4,20
Mike Dunleavy,72,22,2016-03-26,35,CHI,A,ORL,-22,1,21:51,3,7,0.429,1,2,0.5,3,3,1,1,1,2,3,0,0,1,2,10,7.6,-10,17
Mike Dunleavy,73,23,2016-03-28,35,CHI,H,ATL,-2,1,19:53,2,8,0.25,1,3,0.333,0,0,NA,0,5,5,0,0,0,2,1,5,-0.7,-7,10.8
Mike Dunleavy,74,24,2016-03-29,35,CHI,A,IND,2,1,16:53,1,3,0.333,0,1,0,1,2,0.5,0,0,0,1,1,0,0,3,3,1.4,-10,6.5
Mike Dunleavy,75,25,2016-03-31,35,CHI,A,HOU,3,1,9:10,0,1,0,0,1,0,1,2,0.5,0,0,0,0,0,0,1,1,1,-1.5,-18,0.5
Mike Dunleavy,76,26,2016-04-02,35,CHI,H,DET,-4,1,27:52,1,3,0.333,0,0,NA,0,0,NA,0,0,0,2,1,0,1,3,2,0.5,14,6.5
Mike Dunleavy,77,27,2016-04-03,35,CHI,A,MIL,4,1,18:11,2,4,0.5,2,4,0.5,3,6,0.5,0,1,1,0,1,1,0,3,9,6.6,2,15.3
Mike Dunleavy,78,28,2016-04-05,35,CHI,A,MEM,-16,1,18:55,2,5,0.4,1,3,0.333,0,0,NA,0,1,1,0,1,2,0,4,5,3.4,-4,12.8
Mike Dunleavy,79,29,2016-04-07,35,CHI,A,MIA,-8,1,18:52,0,2,0,0,1,0,2,2,1,0,4,4,0,0,0,0,0,2,1.8,-2,7
Mike Dunleavy,80,30,2016-04-09,35,CHI,H,CLE,3,1,26:00,2,7,0.286,1,5,0.2,1,1,1,0,2,2,1,0,1,0,2,6,3.1,-14,12.5
Mike Dunleavy,81,31,2016-04-11,35,CHI,A,NOP,5,1,21:19,5,7,0.714,1,2,0.5,1,1,1,0,2,2,1,1,1,0,1,12,11.7,0,20.5
Cristiano Felicio,8,1,2015-11-09,23,CHI,A,PHI,23,0,1:23,0,0,NA,0,0,NA,0,0,NA,0,0,0,1,0,0,0,0,0,0.7,0,1.5
Cristiano Felicio,14,2,2015-11-27,23,CHI,A,IND,-12,0,2:08,1,1,1,0,0,NA,0,0,NA,0,0,0,0,0,0,0,0,2,1.7,3,2
Cristiano Felicio,41,3,2016-01-20,23,CHI,H,GSW,-31,0,2:28,0,1,0,0,1,0,0,0,NA,0,1,1,0,0,0,0,0,0,-0.4,-5,1.3
Cristiano Felicio,45,4,2016-01-28,23,CHI,A,LAL,23,0,3:05,0,0,NA,0,0,NA,1,2,0.5,0,0,0,1,0,0,0,0,1,1.3,1,2.5
Cristiano Felicio,49,5,2016-02-05,23,CHI,A,DEN,-5,0,3:36,0,0,NA,0,0,NA,0,0,NA,0,0,0,1,0,0,0,2,0,-0.1,-1,1.5
Cristiano Felicio,51,6,2016-02-08,23,CHI,A,CHO,-17,0,2:00,0,0,NA,0,0,NA,0,0,NA,0,0,0,0,0,0,0,0,0,0,1,0
Cristiano Felicio,52,7,2016-02-10,23,CHI,H,ATL,-23,0,3:50,0,0,NA,0,0,NA,0,0,NA,0,0,0,1,0,0,1,0,0,-0.3,-4,1
Cristiano Felicio,53,8,2016-02-18,23,CHI,A,CLE,-11,0,3:30,0,1,0,0,1,0,1,2,0.5,1,3,4,1,1,0,0,0,1,3.2,4,9.5
Cristiano Felicio,54,9,2016-02-19,23,CHI,H,TOR,10,0,14:12,3,3,1,0,0,NA,2,4,0.5,1,2,3,3,0,1,0,3,8,9.2,12,18.3
Cristiano Felicio,55,10,2016-02-21,23,CHI,H,LAL,11,0,4:08,0,0,NA,0,0,NA,0,0,NA,1,0,1,0,0,0,0,1,0,0.3,3,1.3
Cristiano Felicio,56,11,2016-02-24,23,CHI,H,WAS,5,0,12:21,1,1,1,0,0,NA,0,0,NA,1,3,4,0,1,1,0,1,2,4.6,-17,11
Cristiano Felicio,57,12,2016-02-26,23,CHI,A,ATL,-15,0,6:22,1,2,0.5,0,0,NA,0,0,NA,0,1,1,0,0,0,1,0,2,0.3,-2,2.8
Cristiano Felicio,58,13,2016-02-27,23,CHI,H,POR,-8,0,2:27,0,0,NA,0,0,NA,0,0,NA,0,1,1,1,0,0,0,0,0,1,-2,2.8
Cristiano Felicio,59,14,2016-03-01,23,CHI,A,MIA,-18,0,6:16,0,3,0,0,0,NA,0,0,NA,1,0,1,1,0,0,0,1,0,-1.1,-7,2.8
Cristiano Felicio,60,15,2016-03-02,23,CHI,A,ORL,-13,0,5:03,0,0,NA,0,0,NA,0,0,NA,0,5,5,1,0,0,1,0,0,1.2,8,7.3
Cristiano Felicio,64,16,2016-03-11,23,CHI,H,MIA,-22,0,3:52,0,1,0,0,0,NA,1,2,0.5,0,3,3,0,0,0,0,0,1,0.8,1,4.8
Cristiano Felicio,65,17,2016-03-14,23,CHI,A,TOR,2,0,5:59,0,1,0,0,0,NA,0,0,NA,0,2,2,0,0,0,0,1,0,-0.5,1,2.5
Cristiano Felicio,66,18,2016-03-16,23,CHI,A,WAS,-21,0,16:52,1,4,0.25,0,0,NA,0,0,NA,3,3,6,1,1,0,0,1,2,3.9,-7,13
Cristiano Felicio,67,19,2016-03-17,23,CHI,H,BRK,16,0,20:32,2,3,0.667,0,0,NA,2,2,1,4,6,10,3,1,2,0,1,6,13.4,20,29
Cristiano Felicio,68,20,2016-03-19,23,CHI,H,UTA,7,1,12:10,2,3,0.667,0,0,NA,0,0,NA,0,2,2,0,1,0,1,1,4,2.9,9,8
Cristiano Felicio,71,21,2016-03-24,23,CHI,A,NYK,-12,1,21:06,3,5,0.6,0,0,NA,0,0,NA,0,1,1,0,0,1,0,0,6,4.7,-16,9.3
Cristiano Felicio,72,22,2016-03-26,23,CHI,A,ORL,-22,0,9:28,1,2,0.5,0,0,NA,0,0,NA,0,7,7,0,0,0,1,1,2,1.7,5,10.3
Cristiano Felicio,74,23,2016-03-29,23,CHI,A,IND,2,0,6:38,3,3,1,0,0,NA,2,2,1,4,1,5,0,0,1,0,1,8,10.5,5,16.3
Cristiano Felicio,75,24,2016-03-31,23,CHI,A,HOU,3,0,15:03,2,4,0.5,0,0,NA,1,2,0.5,0,4,4,3,0,1,0,1,5,6.2,6,16.5
Cristiano Felicio,76,25,2016-04-02,23,CHI,H,DET,-4,0,14:11,1,2,0.5,0,0,NA,1,2,0.5,1,3,4,1,0,1,0,2,3,3.8,-7,11.5
Cristiano Felicio,77,26,2016-04-03,23,CHI,A,MIL,4,0,14:08,1,5,0.2,0,0,NA,2,2,1,4,1,5,1,1,0,2,1,4,3.3,-2,12.8
Cristiano Felicio,78,27,2016-04-05,23,CHI,A,MEM,-16,0,13:52,0,0,NA,0,0,NA,2,4,0.5,0,5,5,0,0,1,1,3,2,1.2,2,9.8
Cristiano Felicio,79,28,2016-04-07,23,CHI,A,MIA,-8,0,14:26,3,4,0.75,0,0,NA,2,3,0.667,2,5,7,1,0,0,1,1,8,8.2,9,17.8
Cristiano Felicio,80,29,2016-04-09,23,CHI,H,CLE,3,0,23:28,7,7,1,0,0,NA,2,2,1,2,3,5,1,0,2,2,4,16,14.7,12,26.8
Cristiano Felicio,81,30,2016-04-11,23,CHI,A,NOP,5,1,27:29,6,8,0.75,0,1,0,4,4,1,1,5,6,0,0,0,0,3,16,13.8,1,23.5
Cristiano Felicio,82,31,2016-04-13,23,CHI,H,PHI,10,1,28:38,2,8,0.25,0,1,0,2,2,1,4,5,9,4,0,2,2,2,6,6.9,20,26.3
Kirk Hinrich,2,1,2015-10-28,34,CHI,A,BRK,15,0,4:57,0,0,NA,0,0,NA,0,0,NA,0,0,0,1,0,0,0,0,0,0.7,-7,1.5
Kirk Hinrich,9,2,2015-11-13,34,CHI,H,CHO,5,0,9:05,2,3,0.667,1,1,1,0,0,NA,0,0,0,1,0,0,0,1,5,4,4,7
Kirk Hinrich,10,3,2015-11-16,34,CHI,H,IND,1,0,13:20,2,6,0.333,0,1,0,5,6,0.833,0,1,1,1,2,0,1,2,9,6.4,-5,15.3
Kirk Hinrich,11,4,2015-11-18,34,CHI,A,PHO,6,1,23:32,6,7,0.857,2,2,1,0,0,NA,0,2,2,6,1,0,1,0,14,16.3,5,28
Kirk Hinrich,12,5,2015-11-20,34,CHI,A,GSW,-12,1,34:24,6,11,0.545,3,4,0.75,2,2,1,1,1,2,1,2,0,2,6,17,11,0,25.5
Kirk Hinrich,13,6,2015-11-24,34,CHI,A,POR,5,0,25:34,1,4,0.25,0,1,0,1,1,1,0,1,1,3,0,0,0,4,3,1.4,-2,8.8
Kirk Hinrich,14,7,2015-11-27,34,CHI,A,IND,-12,0,21:38,3,7,0.429,3,4,0.75,2,2,1,0,1,1,2,0,0,1,3,11,6.8,4,16.3
Kirk Hinrich,17,8,2015-12-05,34,CHI,H,CHO,-6,0,13:46,2,6,0.333,0,2,0,0,0,NA,0,3,3,2,1,0,1,2,4,2.1,5,12.3
Kirk Hinrich,18,9,2015-12-07,34,CHI,H,PHO,-2,0,13:48,0,5,0,0,1,0,0,0,NA,0,1,1,0,0,0,1,2,0,-5,-4,0.8
Kirk Hinrich,19,10,2015-12-09,34,CHI,A,BOS,-5,0,11:02,1,1,1,0,0,NA,0,0,NA,0,1,1,0,0,0,1,2,2,0.2,0,2.8
Kirk Hinrich,20,11,2015-12-10,34,CHI,H,LAC,3,0,19:49,1,4,0.25,1,4,0.25,0,0,NA,1,1,2,3,1,0,1,1,3,3.3,9,12
Kirk Hinrich,21,12,2015-12-12,34,CHI,H,NOP,4,0,14:32,1,1,1,1,1,1,0,0,NA,0,2,2,2,1,0,2,0,3,3.7,7,10
Kirk Hinrich,22,13,2015-12-14,34,CHI,H,PHI,19,0,13:25,1,2,0.5,1,1,1,0,0,NA,0,0,0,0,1,0,1,2,3,1.2,23,5
Kirk Hinrich,23,14,2015-12-16,34,CHI,H,MEM,13,0,10:41,2,3,0.667,1,1,1,0,0,NA,0,1,1,2,0,0,1,2,5,3.6,5,9.3
Kirk Hinrich,24,15,2015-12-18,34,CHI,H,DET,-3,0,13:08,0,1,0,0,1,0,0,0,NA,0,0,0,0,0,0,0,3,0,-1.9,2,0
Kirk Hinrich,25,16,2015-12-19,34,CHI,A,NYK,-16,0,20:18,0,2,0,0,1,0,0,0,NA,0,4,4,1,0,0,1,3,0,-1.7,-9,6
Kirk Hinrich,26,17,2015-12-21,34,CHI,H,BRK,-3,0,12:13,1,2,0.5,1,2,0.5,0,0,NA,0,1,1,2,0,0,0,3,3,2.5,-3,7.8
Kirk Hinrich,27,18,2015-12-25,34,CHI,A,OKC,9,0,17:16,1,2,0.5,0,0,NA,0,0,NA,0,0,0,2,0,0,0,2,2,1.6,-1,5
Kirk Hinrich,28,19,2015-12-26,34,CHI,A,DAL,-7,0,10:12,0,3,0,0,3,0,0,0,NA,0,1,1,1,0,0,1,2,0,-2.9,-1,2.3
Kirk Hinrich,29,20,2015-12-28,34,CHI,H,TOR,7,0,9:28,0,0,NA,0,0,NA,0,0,NA,0,0,0,1,0,0,0,0,0,0.7,14,1.5
Kirk Hinrich,30,21,2015-12-30,34,CHI,H,IND,2,1,12:34,1,3,0.333,1,2,0.5,0,0,NA,0,0,0,0,0,1,2,1,3,-0.4,-9,4.5
Kirk Hinrich,31,22,2016-01-01,34,CHI,H,NYK,27,1,16:27,1,2,0.5,0,1,0,0,0,NA,0,5,5,2,0,0,1,0,2,2.9,0,10.8
Kirk Hinrich,32,23,2016-01-03,35,CHI,A,TOR,2,1,20:48,3,4,0.75,2,3,0.667,0,0,NA,1,1,2,4,1,0,0,2,8,10.4,-3,19.5
Kirk Hinrich,33,24,2016-01-05,35,CHI,H,MIL,11,0,13:28,1,2,0.5,0,1,0,0,0,NA,0,1,1,4,0,0,1,1,2,2.7,-4,8.8
Kirk Hinrich,34,25,2016-01-07,35,CHI,H,BOS,9,0,13:33,1,3,0.333,1,2,0.5,0,0,NA,0,1,1,1,0,0,1,2,3,0.5,3,5.8
Kirk Hinrich,37,26,2016-01-12,35,CHI,A,MIL,-5,0,11:52,0,2,0,0,1,0,0,0,NA,0,3,3,1,0,0,0,1,0,-0.2,-8,5.3
Kirk Hinrich,38,27,2016-01-14,35,CHI,A,PHI,4,1,32:18,2,4,0.5,1,3,0.333,0,0,NA,0,4,4,1,1,0,1,1,5,4.5,14,13.5
Kirk Hinrich,39,28,2016-01-15,35,CHI,H,DAL,-6,0,7:30,1,3,0.333,0,2,0,5,5,1,1,1,2,0,1,0,0,1,7,6.9,-9,11.5
Kirk Hinrich,46,29,2016-01-31,35,CHI,A,LAC,-27,0,10:53,0,2,0,0,0,NA,0,0,NA,0,1,1,0,0,0,0,3,0,-2.3,-8,1.3
Kirk Hinrich,47,30,2016-02-01,35,CHI,A,UTA,-9,0,15:20,1,3,0.333,0,1,0,0,0,NA,1,2,3,0,0,0,1,2,2,-0.2,5,5.3
Kirk Hinrich,48,31,2016-02-03,35,CHI,A,SAC,5,0,18:55,1,2,0.5,1,1,1,0,0,NA,1,3,4,5,0,0,0,3,3,5.9,-5,16
Kirk Hinrich,49,32,2016-02-05,35,CHI,A,DEN,-5,0,16:20,0,3,0,0,1,0,0,0,NA,1,3,4,0,0,0,2,2,0,-3.3,-17,4
Kirk Hinrich,50,33,2016-02-06,35,CHI,A,MIN,-7,0,16:56,3,6,0.5,2,3,0.667,0,0,NA,0,3,3,3,0,0,0,0,8,8,6,17.3
Kirk Hinrich,51,34,2016-02-08,35,CHI,A,CHO,-17,1,25:32,1,8,0.125,1,5,0.2,0,0,NA,0,2,2,5,1,0,2,3,3,-0.3,-15,14.5
Kirk Hinrich,52,35,2016-02-10,35,CHI,H,ATL,-23,0,10:26,1,1,1,0,0,NA,0,0,NA,0,0,0,2,0,0,1,1,2,1.7,-7,4.5
Tony Snell,1,1,2015-10-27,23,CHI,H,CLE,2,1,28:48,4,9,0.444,2,5,0.4,1,2,0.5,0,2,2,0,0,0,1,4,11,3.9,-1,14
Tony Snell,2,2,2015-10-28,23,CHI,A,BRK,15,1,21:45,3,7,0.429,2,4,0.5,2,2,1,0,5,5,0,0,0,0,3,10,6.6,25,17.3
Tony Snell,3,3,2015-10-30,23,CHI,A,DET,-4,1,30:05,2,5,0.4,0,2,0,0,0,NA,1,1,2,1,1,0,0,4,4,2.4,-2,10
Tony Snell,4,4,2015-11-01,23,CHI,H,ORL,5,1,26:29,3,6,0.5,2,4,0.5,0,0,NA,0,4,4,0,0,1,1,1,8,5.5,0,15.5
Tony Snell,5,5,2015-11-03,23,CHI,A,CHO,-25,1,25:00,0,4,0,0,0,NA,0,0,NA,0,2,2,4,1,0,1,2,0,-0.2,-6,10
Tony Snell,6,6,2015-11-05,23,CHI,H,OKC,6,0,10:44,1,4,0.25,1,3,0.333,2,2,1,0,5,5,1,0,0,1,1,5,3.4,7,12.8
Tony Snell,7,7,2015-11-07,23,CHI,H,MIN,-9,0,27:56,5,10,0.5,4,6,0.667,0,0,NA,0,6,6,0,0,1,2,2,14,8.7,15,24.5
Tony Snell,8,8,2015-11-09,23,CHI,A,PHI,23,0,19:53,3,7,0.429,2,3,0.667,2,2,1,0,5,5,2,0,1,1,1,10,8.5,18,21.8
Tony Snell,9,9,2015-11-13,24,CHI,H,CHO,5,0,17:19,1,7,0.143,1,3,0.333,0,0,NA,0,1,1,0,0,1,1,2,3,-2.3,10,6.3
Tony Snell,10,10,2015-11-16,24,CHI,H,IND,1,1,28:39,2,5,0.4,2,4,0.5,0,0,NA,0,3,3,2,1,1,2,2,6,4.5,-5,16.8
Tony Snell,11,11,2015-11-18,24,CHI,A,PHO,6,1,18:56,0,3,0,0,1,0,0,0,NA,0,1,1,2,0,0,3,1,0,-3.8,9,2.8
Tony Snell,12,12,2015-11-20,24,CHI,A,GSW,-12,1,28:21,1,7,0.143,0,2,0,0,0,NA,1,2,3,2,0,0,0,1,2,-0.2,-3,8.8
Tony Snell,13,13,2015-11-24,24,CHI,A,POR,5,1,13:58,1,6,0.167,1,5,0.2,2,2,1,0,0,0,0,0,0,0,1,5,0.8,2,5.5
Tony Snell,14,14,2015-11-27,24,CHI,A,IND,-12,1,15:59,2,7,0.286,2,4,0.5,0,0,NA,0,3,3,0,1,0,1,2,6,2,-9,12.3
Tony Snell,15,15,2015-11-30,24,CHI,H,SAS,3,1,23:13,4,5,0.8,3,3,1,0,0,NA,0,6,6,1,0,0,0,1,11,11.2,6,21.5
Tony Snell,16,16,2015-12-02,24,CHI,H,DEN,9,1,19:04,2,6,0.333,2,3,0.667,0,0,NA,0,4,4,1,0,0,0,1,6,4.1,-4,13.5
Tony Snell,17,17,2015-12-05,24,CHI,H,CHO,-6,1,12:08,0,0,NA,0,0,NA,0,0,NA,0,0,0,1,0,0,0,0,0,0.7,-3,1.5
Tony Snell,18,18,2015-12-07,24,CHI,H,PHO,-2,1,23:01,4,6,0.667,2,3,0.667,0,0,NA,0,2,2,1,0,0,0,1,10,8.3,13,15
Tony Snell,19,19,2015-12-09,24,CHI,A,BOS,-5,1,21:43,0,5,0,0,2,0,0,0,NA,1,1,2,3,2,0,3,2,0,-2.2,-5,9.5
Tony Snell,20,20,2015-12-10,24,CHI,H,LAC,3,1,22:09,1,3,0.333,0,1,0,0,0,NA,1,3,4,0,0,0,2,3,2,-1.3,-8,6
Tony Snell,21,21,2015-12-12,24,CHI,H,NOP,4,1,16:00,0,2,0,0,2,0,0,0,NA,0,1,1,1,1,1,2,0,0,-0.7,-4,5.8
Tony Snell,22,22,2015-12-14,24,CHI,H,PHI,19,1,36:38,5,10,0.5,1,5,0.2,5,6,0.833,2,9,11,1,2,0,2,2,16,14.6,18,36.3
Tony Snell,23,23,2015-12-16,24,CHI,H,MEM,13,1,22:08,1,4,0.25,0,1,0,0,0,NA,0,6,6,0,0,0,1,0,2,0.4,8,9
Tony Snell,24,24,2015-12-18,24,CHI,H,DET,-3,1,38:11,1,7,0.143,1,7,0.143,0,0,NA,1,3,4,0,1,0,2,5,3,-2.9,9,9.5
Tony Snell,25,25,2015-12-19,24,CHI,A,NYK,-16,1,20:55,3,6,0.5,1,2,0.5,0,0,NA,1,5,6,2,0,0,0,1,7,7.2,2,18
Tony Snell,27,26,2015-12-25,24,CHI,A,OKC,9,0,9:12,1,4,0.25,1,1,1,0,0,NA,0,1,1,0,0,0,1,0,3,-0.1,-12,4.3
Tony Snell,29,27,2015-12-28,24,CHI,H,TOR,7,0,27:26,8,14,0.571,4,5,0.8,2,2,1,0,7,7,1,0,1,0,0,22,18.9,13,36.3
Tony Snell,30,28,2015-12-30,24,CHI,H,IND,2,0,26:45,1,6,0.167,0,2,0,0,0,NA,1,6,7,0,0,2,1,2,2,0.3,14,14.3
Tony Snell,31,29,2016-01-01,24,CHI,H,NYK,27,0,20:13,2,7,0.286,0,0,NA,0,0,NA,1,3,4,0,0,1,0,2,4,1.4,9,11
Tony Snell,32,30,2016-01-03,24,CHI,A,TOR,2,0,19:25,3,6,0.5,1,3,0.333,0,0,NA,0,2,2,1,0,0,0,1,7,4.9,1,11.5
Tony Snell,33,31,2016-01-05,24,CHI,H,MIL,11,0,18:47,4,7,0.571,0,1,0,0,0,NA,0,1,1,1,0,0,0,2,8,4.9,1,10.8
Tony Snell,34,32,2016-01-07,24,CHI,H,BOS,9,0,20:07,3,6,0.5,2,3,0.667,2,2,1,0,1,1,1,0,0,3,1,10,4.6,-7,12.3
Tony Snell,35,33,2016-01-09,24,CHI,A,ATL,-15,0,19:16,3,6,0.5,1,3,0.333,0,0,NA,0,2,2,2,1,0,1,1,7,5.6,-1,14.5
Tony Snell,36,34,2016-01-11,24,CHI,H,WAS,-14,0,20:31,1,5,0.2,0,3,0,2,2,1,0,1,1,0,0,0,1,2,4,-0.6,-1,4.8
Tony Snell,37,35,2016-01-12,24,CHI,A,MIL,-5,0,29:49,7,11,0.636,3,7,0.429,0,0,NA,1,6,7,1,1,0,3,4,17,11.7,7,29.3
Tony Snell,38,36,2016-01-14,24,CHI,A,PHI,4,0,11:21,0,1,0,0,1,0,0,0,NA,0,2,2,1,0,0,2,1,0,-1.8,-18,3
Tony Snell,39,37,2016-01-15,24,CHI,H,DAL,-6,1,20:28,1,6,0.167,1,4,0.25,0,0,NA,0,5,5,0,0,0,1,2,3,-1.1,-12,9.3
Tony Snell,40,38,2016-01-18,24,CHI,A,DET,10,1,15:44,1,4,0.25,1,3,0.333,0,0,NA,0,3,3,1,0,1,0,0,3,2.9,-10,10.8
Tony Snell,41,39,2016-01-20,24,CHI,H,GSW,-31,1,25:59,1,8,0.125,0,4,0,0,0,NA,0,5,5,2,0,0,0,0,2,-0.3,-8,11.3
Tony Snell,42,40,2016-01-22,24,CHI,A,BOS,-9,1,16:49,1,1,1,0,0,NA,0,0,NA,0,1,1,1,1,0,0,0,2,3.7,-7,6.8
Tony Snell,43,41,2016-01-23,24,CHI,A,CLE,13,1,25:52,1,3,0.333,0,2,0,0,0,NA,0,5,5,3,0,1,0,1,2,4.2,12,14.8
Tony Snell,44,42,2016-01-25,24,CHI,H,MIA,-5,1,28:19,2,11,0.182,0,4,0,2,2,1,0,4,4,2,0,0,1,3,6,-0.5,3,13.5
Tony Snell,45,43,2016-01-28,24,CHI,A,LAL,23,0,5:02,3,3,1,0,0,NA,0,0,NA,0,1,1,0,0,0,1,1,6,4,2,6.8
Tony Snell,46,44,2016-01-31,24,CHI,A,LAC,-27,0,10:05,1,5,0.2,0,1,0,0,0,NA,0,0,0,0,0,1,0,1,2,-0.8,-14,4
Tony Snell,47,45,2016-02-01,24,CHI,A,UTA,-9,0,7:04,1,1,1,1,1,1,0,0,NA,0,1,1,0,0,0,0,1,3,2.6,-1,4.8
Tony Snell,48,46,2016-02-03,24,CHI,A,SAC,5,1,21:19,4,6,0.667,1,2,0.5,0,0,NA,1,6,7,0,1,0,0,0,9,9.9,9,20.3
Tony Snell,49,47,2016-02-05,24,CHI,A,DEN,-5,0,18:43,1,3,0.333,0,0,NA,0,0,NA,0,1,1,0,0,1,0,4,2,-0.3,9,5.3
Tony Snell,50,48,2016-02-06,24,CHI,A,MIN,-7,1,10:06,1,1,1,0,0,NA,0,0,NA,0,0,0,0,0,0,1,1,2,0.3,-10,1.5
Tony Snell,51,49,2016-02-08,24,CHI,A,CHO,-17,0,19:26,1,4,0.25,0,2,0,3,4,0.75,1,5,6,2,0,0,0,0,5,5.8,7,15.5
Tony Snell,52,50,2016-02-10,24,CHI,H,ATL,-23,0,16:36,1,1,1,0,0,NA,0,0,NA,0,2,2,0,0,0,1,0,2,1.3,-7,4
Tony Snell,53,51,2016-02-18,24,CHI,A,CLE,-11,0,33:25,4,9,0.444,1,2,0.5,0,0,NA,1,6,7,2,0,1,1,1,9,7.5,6,22.8
Tony Snell,54,52,2016-02-19,24,CHI,H,TOR,10,0,10:46,0,3,0,0,2,0,0,0,NA,0,2,2,1,0,1,1,2,0,-1.9,-7,5.5
Tony Snell,55,53,2016-02-21,24,CHI,H,LAL,11,0,8:40,0,0,NA,0,0,NA,0,0,NA,0,0,0,0,0,0,0,0,0,0,9,0
Tony Snell,56,54,2016-02-24,24,CHI,H,WAS,5,1,33:38,6,11,0.545,4,5,0.8,0,0,NA,0,4,4,3,0,0,2,4,16,10.4,13,26.5
Tony Snell,57,55,2016-02-26,24,CHI,A,ATL,-15,1,20:23,2,8,0.25,0,3,0,0,0,NA,2,0,2,2,0,0,1,3,4,-0.2,-16,9
Tony Snell,58,56,2016-02-27,24,CHI,H,POR,-8,1,27:15,0,5,0,0,2,0,0,0,NA,3,1,4,4,0,0,0,3,0,0.5,1,11
Tony Snell,59,57,2016-03-01,24,CHI,A,MIA,-18,0,14:48,1,3,0.333,0,1,0,0,0,NA,0,0,0,1,0,0,1,3,2,-1.2,-4,3
Tony Snell,60,58,2016-03-02,24,CHI,A,ORL,-13,0,19:03,1,3,0.333,1,2,0.5,0,0,NA,0,5,5,1,0,0,0,3,3,2.3,3,11.3
Tony Snell,64,59,2016-03-11,24,CHI,H,MIA,-22,0,10:16,2,3,0.667,1,2,0.5,0,0,NA,0,0,0,1,1,0,1,3,5,3.2,-6,8.5
Tony Snell,65,60,2016-03-14,24,CHI,A,TOR,2,0,11:38,1,4,0.25,0,1,0,0,0,NA,0,1,1,1,0,0,1,1,2,-0.8,-2,4.3
Tony Snell,66,61,2016-03-16,24,CHI,A,WAS,-21,0,2:20,0,0,NA,0,0,NA,0,0,NA,0,0,0,0,0,0,0,0,0,0,-3,0
Tony Snell,72,62,2016-03-26,24,CHI,A,ORL,-22,0,5:56,1,3,0.333,1,2,0.5,0,0,NA,0,0,0,0,0,0,0,1,3,0.9,2,3.5
Tony Snell,81,63,2016-04-11,24,CHI,A,NOP,5,0,25:56,2,5,0.4,1,3,0.333,2,2,1,0,3,3,3,1,0,0,2,7,7.5,7,17.8
Tony Snell,82,64,2016-04-13,24,CHI,H,PHI,10,1,43:30,4,11,0.364,2,3,0.667,3,3,1,0,7,7,0,0,1,1,1,13,8.3,22,24.3
Derrick Rose,1,1,2015-10-27,27,CHI,H,CLE,2,1,32:28,8,22,0.364,0,2,0,2,4,0.5,0,1,1,5,1,0,2,0,18,7.8,-1,27.8
Derrick Rose,2,2,2015-10-28,27,CHI,A,BRK,15,1,29:26,5,11,0.455,0,1,0,5,5,1,0,2,2,3,1,0,2,2,15,10.2,18,23
Derrick Rose,3,3,2015-10-30,27,CHI,A,DET,-4,1,34:29,4,13,0.308,0,1,0,0,0,NA,0,2,2,6,0,0,5,3,8,-0.9,-14,17
Derrick Rose,4,4,2015-11-01,27,CHI,H,ORL,5,1,32:19,2,8,0.25,0,1,0,2,2,1,0,7,7,8,0,0,3,1,6,5.5,6,25.3
Derrick Rose,5,5,2015-11-03,27,CHI,A,CHO,-25,1,23:52,2,8,0.25,0,3,0,0,0,NA,0,2,2,5,0,0,2,0,4,1.3,-16,13
Derrick Rose,6,6,2015-11-05,27,CHI,H,OKC,6,1,37:29,12,25,0.48,0,1,0,5,6,0.833,1,4,5,6,0,0,2,1,29,19.6,4,43.3
Derrick Rose,7,7,2015-11-07,27,CHI,H,MIN,-9,1,38:07,3,13,0.231,1,4,0.25,4,5,0.8,0,3,3,5,1,0,5,1,11,2.7,-21,22.3
Derrick Rose,8,8,2015-11-09,27,CHI,A,PHI,23,1,27:33,6,14,0.429,0,3,0,0,1,0,2,3,5,8,0,1,2,0,12,10.8,14,31.3
Derrick Rose,9,9,2015-11-13,27,CHI,H,CHO,5,1,34:39,4,14,0.286,0,2,0,2,2,1,0,1,1,8,1,1,3,2,10,5.6,-2,25.8
Derrick Rose,10,10,2015-11-16,27,CHI,H,IND,1,1,33:13,9,18,0.5,2,2,1,3,4,0.75,1,1,2,6,2,1,0,3,23,20.3,5,41.5
Derrick Rose,13,11,2015-11-24,27,CHI,A,POR,5,1,34:31,7,20,0.35,1,3,0.333,2,2,1,0,4,4,6,0,0,2,3,17,8,11,30.5
Derrick Rose,14,12,2015-11-27,27,CHI,A,IND,-12,1,31:15,4,16,0.25,2,5,0.4,0,0,NA,1,5,6,5,1,1,3,1,10,4.4,-19,28.5
Derrick Rose,15,13,2015-11-30,27,CHI,H,SAS,3,1,34:08,5,17,0.294,0,2,0,1,2,0.5,0,4,4,6,1,1,1,1,11,6.4,-5,28.5
Derrick Rose,16,14,2015-12-02,27,CHI,H,DEN,9,1,37:00,3,17,0.176,0,2,0,6,8,0.75,0,2,2,9,0,0,2,2,12,4.6,9,27
Derrick Rose,17,15,2015-12-05,27,CHI,H,CHO,-6,1,34:14,8,17,0.471,3,6,0.5,0,1,0,0,7,7,5,0,0,2,2,19,12.7,-11,35.8
Derrick Rose,18,16,2015-12-07,27,CHI,H,PHO,-2,1,34:12,7,18,0.389,0,3,0,0,0,NA,1,5,6,4,3,1,5,3,14,6.7,2,33
Derrick Rose,19,17,2015-12-09,27,CHI,A,BOS,-5,1,36:30,5,11,0.455,1,3,0.333,1,4,0.25,0,2,2,6,0,1,3,0,12,7.6,-3,24.5
Derrick Rose,20,18,2015-12-10,27,CHI,H,LAC,3,1,27:32,5,11,0.455,1,3,0.333,0,0,NA,0,3,3,2,1,0,3,0,11,5.6,-3,18.8
Derrick Rose,21,19,2015-12-12,27,CHI,H,NOP,4,1,28:43,4,10,0.4,0,0,NA,1,2,0.5,0,3,3,3,1,0,1,0,9,6.2,0,18.8
Derrick Rose,22,20,2015-12-14,27,CHI,H,PHI,19,1,26:26,2,3,0.667,0,0,NA,2,2,1,0,1,1,4,0,0,2,1,6,5.4,5,12.3
Derrick Rose,23,21,2015-12-16,27,CHI,H,MEM,13,1,33:06,9,19,0.474,0,3,0,1,3,0.333,0,2,2,5,1,0,3,1,19,10.2,10,29.5
Derrick Rose,24,22,2015-12-18,27,CHI,H,DET,-3,1,54:13,14,34,0.412,1,3,0.333,5,5,1,0,4,4,8,1,0,4,5,34,17.6,5,51.5
Derrick Rose,25,23,2015-12-19,27,CHI,A,NYK,-16,1,21:02,3,10,0.3,0,2,0,0,1,0,2,0,2,1,0,0,2,0,6,-0.1,-2,9
Derrick Rose,26,24,2015-12-21,27,CHI,H,BRK,-3,1,32:31,3,11,0.273,1,3,0.333,1,2,0.5,1,3,4,5,2,0,3,1,8,4.8,-9,23.5
Derrick Rose,27,25,2015-12-25,27,CHI,A,OKC,9,1,30:04,7,18,0.389,0,1,0,5,6,0.833,1,3,4,1,0,0,4,6,19,4.7,10,23.5
Derrick Rose,28,26,2015-12-26,27,CHI,A,DAL,-7,1,36:34,12,20,0.6,0,1,0,1,1,1,1,4,5,4,0,0,3,1,25,17.1,-5,35.8
Derrick Rose,29,27,2015-12-28,27,CHI,H,TOR,7,1,28:48,7,16,0.438,3,5,0.6,3,4,0.75,0,1,1,4,0,1,1,1,20,13.6,0,30.3
Derrick Rose,33,28,2016-01-05,27,CHI,H,MIL,11,1,34:32,8,17,0.471,0,4,0,0,0,NA,0,1,1,6,0,0,5,1,16,6.4,15,23.8
Derrick Rose,34,29,2016-01-07,27,CHI,H,BOS,9,1,34:27,9,16,0.563,0,1,0,0,0,NA,2,5,7,3,0,0,2,4,18,11.8,6,30.3
Derrick Rose,35,30,2016-01-09,27,CHI,A,ATL,-15,1,35:29,5,15,0.333,0,0,NA,7,8,0.875,2,1,3,5,2,1,6,1,17,9.6,-9,31.3
Derrick Rose,36,31,2016-01-11,27,CHI,H,WAS,-14,1,31:03,8,13,0.615,2,3,0.667,5,5,1,0,0,0,1,0,1,4,0,23,14.5,-25,25.5
Derrick Rose,37,32,2016-01-12,27,CHI,A,MIL,-5,1,22:29,3,9,0.333,1,3,0.333,2,2,1,1,0,1,3,1,0,3,2,9,3.9,-9,15.8
Derrick Rose,39,33,2016-01-15,27,CHI,H,DAL,-6,1,33:22,8,18,0.444,0,2,0,2,2,1,1,3,4,2,2,0,1,1,18,12.2,3,29.5
Derrick Rose,40,34,2016-01-18,27,CHI,A,DET,10,1,27:26,9,17,0.529,1,2,0.5,1,1,1,0,1,1,4,0,0,1,0,20,13.8,-8,27.3
Derrick Rose,41,35,2016-01-20,27,CHI,H,GSW,-31,1,30:10,12,22,0.545,0,2,0,5,5,1,0,1,1,2,0,0,2,3,29,16.9,-10,32.3
Derrick Rose,42,36,2016-01-22,27,CHI,A,BOS,-9,1,36:08,10,21,0.476,3,4,0.75,4,4,1,2,5,7,3,0,0,4,2,27,16.5,-15,39.8
Derrick Rose,43,37,2016-01-23,27,CHI,A,CLE,13,1,35:16,5,21,0.238,0,1,0,2,2,1,1,3,4,4,0,1,1,1,12,3,-1,24.5
Derrick Rose,44,38,2016-01-25,27,CHI,H,MIA,-5,1,13:01,2,6,0.333,0,0,NA,0,0,NA,0,0,0,1,0,0,0,0,4,1.3,-2,5.5
Derrick Rose,45,39,2016-01-28,27,CHI,A,LAL,23,1,28:42,7,12,0.583,0,2,0,2,2,1,0,7,7,5,1,0,1,2,16,15.2,15,33.8
Derrick Rose,46,40,2016-01-31,27,CHI,A,LAC,-27,1,33:03,10,17,0.588,0,0,NA,0,0,NA,0,5,5,4,0,0,3,2,20,12.6,-14,30.8
Derrick Rose,47,41,2016-02-01,27,CHI,A,UTA,-9,1,36:50,6,21,0.286,1,4,0.25,1,2,0.5,1,2,3,4,1,1,3,3,14,2.9,-14,26.8
Derrick Rose,48,42,2016-02-03,27,CHI,A,SAC,5,1,35:24,6,15,0.4,0,1,0,9,10,0.9,2,4,6,9,2,0,7,1,21,16,7,42.5
Derrick Rose,49,43,2016-02-05,27,CHI,A,DEN,-5,1,35:20,13,27,0.481,0,3,0,4,6,0.667,2,7,9,8,1,0,2,1,30,23.2,-7,54.3
Derrick Rose,50,44,2016-02-06,27,CHI,A,MIN,-7,1,32:57,6,20,0.3,0,3,0,6,7,0.857,3,2,5,10,1,0,3,3,18,12.5,-3,41.3
Derrick Rose,52,45,2016-02-10,27,CHI,H,ATL,-23,1,28:48,6,18,0.333,2,2,1,0,0,NA,2,3,5,3,1,0,2,2,14,6.4,-14,26.8
Derrick Rose,53,46,2016-02-18,27,CHI,A,CLE,-11,1,30:21,11,19,0.579,2,3,0.667,4,4,1,0,7,7,2,1,0,3,0,28,20.6,-15,41.3
Derrick Rose,54,47,2016-02-19,27,CHI,H,TOR,10,1,34:41,12,20,0.6,1,2,0.5,1,2,0.5,2,1,3,6,0,0,4,1,26,17.9,4,37.3
Derrick Rose,55,48,2016-02-21,27,CHI,H,LAL,11,1,30:49,8,15,0.533,0,1,0,8,8,1,3,4,7,6,0,0,2,2,24,21.4,-4,40.8
Derrick Rose,59,49,2016-03-01,27,CHI,A,MIA,-18,1,24:10,6,11,0.545,1,1,1,4,7,0.571,0,0,0,3,1,0,3,0,17,10.6,-19,22.5
Derrick Rose,60,50,2016-03-02,27,CHI,A,ORL,-13,1,24:51,7,14,0.5,0,0,NA,2,2,1,0,4,4,6,1,0,2,0,16,13.4,-14,31
Derrick Rose,61,51,2016-03-05,27,CHI,H,HOU,8,1,29:15,6,10,0.6,2,4,0.5,3,4,0.75,0,3,3,9,0,1,6,1,17,13.5,6,34.3
Derrick Rose,62,52,2016-03-07,27,CHI,H,MIL,10,1,38:56,9,18,0.5,2,6,0.333,2,2,1,1,0,1,7,1,0,6,1,22,13.2,20,33.8
Derrick Rose,63,53,2016-03-10,27,CHI,A,SAS,-8,1,35:47,9,21,0.429,1,2,0.5,2,2,1,2,1,3,6,0,0,2,0,21,13.8,-1,33.3
Derrick Rose,66,54,2016-03-16,27,CHI,A,WAS,-21,1,29:04,7,19,0.368,0,1,0,2,2,1,0,3,3,4,2,0,4,0,16,7.2,-5,27.8
Derrick Rose,67,55,2016-03-17,27,CHI,H,BRK,16,1,29:07,5,12,0.417,1,1,1,1,1,1,0,3,3,5,1,0,1,1,12,9.6,-3,25.3
Derrick Rose,68,56,2016-03-19,27,CHI,H,UTA,7,1,30:38,10,15,0.667,2,2,1,0,0,NA,1,2,3,4,0,0,3,2,22,15.8,5,31.3
Derrick Rose,69,57,2016-03-21,27,CHI,H,SAC,7,1,33:04,9,15,0.6,0,1,0,0,2,0,0,5,5,4,1,0,1,0,18,14.6,18,31.8
Derrick Rose,70,58,2016-03-23,27,CHI,H,NYK,-8,1,31:36,9,17,0.529,2,5,0.4,1,1,1,0,3,3,4,0,0,0,1,21,16,-4,31.8
Derrick Rose,71,59,2016-03-24,27,CHI,A,NYK,-12,1,38:58,13,24,0.542,1,4,0.25,3,4,0.75,0,2,2,3,2,0,1,1,30,21.3,-6,41
Derrick Rose,72,60,2016-03-26,27,CHI,A,ORL,-22,1,29:26,4,14,0.286,1,4,0.25,0,2,0,2,1,3,2,0,0,4,0,9,-0.9,-13,14.3
Derrick Rose,73,61,2016-03-28,27,CHI,H,ATL,-2,1,34:03,8,25,0.32,2,4,0.5,2,2,1,2,3,5,5,2,1,1,1,20,12.8,-1,40.3
Derrick Rose,74,62,2016-03-29,27,CHI,A,IND,2,1,28:52,4,15,0.267,0,2,0,0,0,NA,0,1,1,4,0,0,0,2,8,1.4,-13,15.3
Derrick Rose,75,63,2016-03-31,27,CHI,A,HOU,3,1,11:57,0,0,NA,0,0,NA,0,0,NA,0,0,0,2,0,0,3,0,0,-1.6,-1,1.5
Derrick Rose,78,64,2016-04-05,27,CHI,A,MEM,-16,1,35:13,5,15,0.333,0,3,0,2,2,1,2,3,5,8,1,0,5,1,12,7,-6,29.8
Derrick Rose,79,65,2016-04-07,27,CHI,A,MIA,-8,1,35:42,7,16,0.438,0,0,NA,3,4,0.75,1,2,3,3,2,0,2,0,17,11.6,3,28.3
Derrick Rose,80,66,2016-04-09,27,CHI,H,CLE,3,1,32:05,5,14,0.357,0,2,0,0,0,NA,0,2,2,3,0,0,2,0,10,2.9,-20,16
Nikola Mirotic,1,1,2015-10-27,24,CHI,H,CLE,2,1,25:14,6,11,0.545,3,4,0.75,4,4,1,2,7,9,1,1,0,4,5,19,12.9,9,33.3
Nikola Mirotic,2,2,2015-10-28,24,CHI,A,BRK,15,1,29:37,5,10,0.5,4,8,0.5,4,4,1,0,9,9,1,2,1,2,3,18,15.9,30,37.8
Nikola Mirotic,3,3,2015-10-30,24,CHI,A,DET,-4,1,38:30,7,14,0.5,3,8,0.375,5,6,0.833,1,5,6,0,2,0,4,1,22,14.4,2,33
Nikola Mirotic,4,4,2015-11-01,24,CHI,H,ORL,5,1,28:23,4,12,0.333,3,8,0.375,5,6,0.833,1,2,3,0,0,2,2,1,16,9.1,5,24.3
Nikola Mirotic,5,5,2015-11-03,24,CHI,A,CHO,-25,1,23:58,2,11,0.182,1,5,0.2,0,0,NA,1,4,5,2,0,0,2,1,5,-1,-15,13.8
Nikola Mirotic,6,6,2015-11-05,24,CHI,H,OKC,6,1,15:59,1,5,0.2,0,3,0,0,0,NA,1,3,4,1,0,0,2,1,2,-1.2,-12,7.5
Nikola Mirotic,7,7,2015-11-07,24,CHI,H,MIN,-9,1,17:02,1,8,0.125,0,5,0,2,2,1,0,3,3,0,1,0,1,5,4,-2.3,5,9.3
Nikola Mirotic,8,8,2015-11-09,24,CHI,A,PHI,23,1,28:22,6,11,0.545,3,7,0.429,5,7,0.714,1,9,10,0,2,0,4,3,20,14.1,22,37.5
Nikola Mirotic,9,9,2015-11-13,24,CHI,H,CHO,5,1,22:33,0,3,0,0,2,0,3,4,0.75,1,6,7,3,1,0,1,2,3,4.3,-6,17.8
Nikola Mirotic,10,10,2015-11-16,24,CHI,H,IND,1,1,16:33,2,7,0.286,1,3,0.333,1,2,0.5,1,5,6,0,0,0,1,1,6,2.3,6,13.5
Nikola Mirotic,11,11,2015-11-18,24,CHI,A,PHO,6,1,21:01,4,12,0.333,2,5,0.4,0,0,NA,1,4,5,3,2,0,1,2,10,7.4,-1,25.3
Nikola Mirotic,12,12,2015-11-20,24,CHI,A,GSW,-12,1,35:57,6,17,0.353,0,6,0,6,6,1,3,7,10,5,1,0,1,3,18,15,5,41
Nikola Mirotic,13,13,2015-11-24,24,CHI,A,POR,5,1,29:20,4,8,0.5,3,4,0.75,2,4,0.5,2,6,8,3,0,0,4,2,13,8.7,3,27
Nikola Mirotic,14,14,2015-11-27,24,CHI,A,IND,-12,1,29:09,8,14,0.571,2,4,0.5,7,8,0.875,2,5,7,2,0,1,2,4,25,19.4,-4,38.8
Nikola Mirotic,15,15,2015-11-30,24,CHI,H,SAS,3,1,24:06,3,8,0.375,2,5,0.4,0,0,NA,1,4,5,2,0,0,2,3,8,3.7,-5,17.3
Nikola Mirotic,16,16,2015-12-02,24,CHI,H,DEN,9,1,4:39,1,2,0.5,1,2,0.5,0,0,NA,1,2,3,0,1,0,0,0,3,4.3,0,9.3
Nikola Mirotic,17,17,2015-12-05,24,CHI,H,CHO,-6,1,27:06,3,11,0.273,1,6,0.167,0,2,0,1,6,7,2,1,0,1,2,7,2.8,-8,20.8
Nikola Mirotic,18,18,2015-12-07,24,CHI,H,PHO,-2,1,28:00,6,13,0.462,1,7,0.143,0,0,NA,4,3,7,4,1,1,2,1,13,12.1,11,31.3
Nikola Mirotic,19,19,2015-12-09,24,CHI,A,BOS,-5,0,22:09,4,10,0.4,2,6,0.333,0,0,NA,1,2,3,2,1,1,1,3,10,6.8,2,21.3
Nikola Mirotic,20,20,2015-12-10,24,CHI,H,LAC,3,0,14:27,2,8,0.25,1,5,0.2,0,0,NA,0,11,11,1,1,0,0,1,5,4.8,-2,22.8
Nikola Mirotic,21,21,2015-12-12,24,CHI,H,NOP,4,0,18:06,3,6,0.5,2,3,0.667,2,2,1,1,9,10,2,0,0,0,1,10,11.4,-1,28
Nikola Mirotic,22,22,2015-12-14,24,CHI,H,PHI,19,0,18:39,6,10,0.6,5,8,0.625,0,0,NA,0,2,2,0,0,1,3,3,17,9.5,-1,22.5
Nikola Mirotic,23,23,2015-12-16,24,CHI,H,MEM,13,0,14:35,1,2,0.5,1,2,0.5,0,0,NA,0,2,2,2,2,0,0,1,3,5.6,8,13
Nikola Mirotic,24,24,2015-12-18,24,CHI,H,DET,-3,0,23:56,1,6,0.167,1,3,0.333,2,2,1,0,5,5,0,0,0,0,3,5,1.5,-7,11.8
Nikola Mirotic,25,25,2015-12-19,24,CHI,A,NYK,-16,0,24:43,1,8,0.125,0,5,0,0,0,NA,0,3,3,0,1,0,3,4,2,-5.9,-10,6.3
Nikola Mirotic,26,26,2015-12-21,24,CHI,H,BRK,-3,1,21:34,3,9,0.333,1,4,0.25,1,2,0.5,1,3,4,1,3,2,1,0,8,8.2,-4,24.5
Nikola Mirotic,27,27,2015-12-25,24,CHI,A,OKC,9,1,15:56,1,5,0.2,1,5,0.2,3,3,1,0,7,7,2,1,2,1,2,6,7,20,23.8
Nikola Mirotic,28,28,2015-12-26,24,CHI,A,DAL,-7,1,40:04,6,10,0.6,4,7,0.571,7,11,0.636,1,6,7,1,2,3,0,4,23,22.5,-3,45.3
Nikola Mirotic,29,29,2015-12-28,24,CHI,H,TOR,7,1,16:43,1,6,0.167,0,4,0,0,0,NA,0,7,7,0,0,1,1,2,2,-0.8,-10,12.3
Nikola Mirotic,30,30,2015-12-30,24,CHI,H,IND,2,1,19:55,0,2,0,0,1,0,0,0,NA,0,4,4,1,0,1,1,0,0,0.2,1,8
Nikola Mirotic,31,31,2016-01-01,24,CHI,H,NYK,27,1,30:54,6,8,0.75,4,6,0.667,1,2,0.5,0,5,5,7,2,2,0,4,17,21.6,25,43.8
Nikola Mirotic,32,32,2016-01-03,24,CHI,A,TOR,2,1,28:36,4,9,0.444,3,6,0.5,6,6,1,1,2,3,1,1,0,1,2,17,13.5,0,25.3
Nikola Mirotic,33,33,2016-01-05,24,CHI,H,MIL,11,1,28:32,5,10,0.5,1,4,0.25,3,3,1,0,6,6,0,1,1,1,1,14,11.1,6,25.5
Nikola Mirotic,34,34,2016-01-07,24,CHI,H,BOS,9,1,27:13,3,10,0.3,2,7,0.286,3,4,0.75,2,6,8,1,1,1,2,1,11,8,22,26.5
Nikola Mirotic,35,35,2016-01-09,24,CHI,A,ATL,-15,1,38:17,8,17,0.471,5,9,0.556,3,4,0.75,2,8,10,1,1,2,1,4,24,19.2,-16,47.5
Nikola Mirotic,36,36,2016-01-11,24,CHI,H,WAS,-14,1,28:46,3,8,0.375,1,3,0.333,0,2,0,1,8,9,2,1,2,0,0,7,8.7,1,27.8
Nikola Mirotic,37,37,2016-01-12,24,CHI,A,MIL,-5,1,31:20,6,13,0.462,3,8,0.375,2,2,1,2,3,5,1,0,2,2,4,17,11.1,1,29.3
Nikola Mirotic,38,38,2016-01-14,24,CHI,A,PHI,4,1,23:45,2,13,0.154,1,5,0.2,2,2,1,0,5,5,0,0,1,5,3,7,-5.3,-3,13.3
Nikola Mirotic,39,39,2016-01-15,24,CHI,H,DAL,-6,0,14:38,0,4,0,0,2,0,2,2,1,1,1,2,1,0,0,0,3,2,-0.3,-3,6
Nikola Mirotic,40,40,2016-01-18,24,CHI,A,DET,10,0,21:10,3,6,0.5,2,2,1,2,4,0.5,1,2,3,1,0,0,2,0,10,6.2,10,15.3
Nikola Mirotic,41,41,2016-01-20,24,CHI,H,GSW,-31,0,14:21,0,5,0,0,3,0,0,0,NA,0,4,4,2,1,0,1,2,0,-1.7,-16,9.5
Nikola Mirotic,42,42,2016-01-22,24,CHI,A,BOS,-9,0,25:33,1,7,0.143,0,2,0,3,4,0.75,1,4,5,0,2,1,3,0,5,1.7,0,15.8
Nikola Mirotic,43,43,2016-01-23,24,CHI,A,CLE,13,0,25:12,5,9,0.556,3,5,0.6,4,5,0.8,1,5,6,1,1,0,0,2,17,15.4,6,29.5
Nikola Mirotic,44,44,2016-01-25,24,CHI,H,MIA,-5,0,21:54,6,11,0.545,1,2,0.5,2,3,0.667,3,5,8,2,1,1,2,0,15,14,-5,31.5
Nikola Mirotic,61,45,2016-03-05,25,CHI,H,HOU,8,0,15:47,2,5,0.4,2,3,0.667,1,2,0.5,0,2,2,1,1,0,1,2,7,4.4,0,13.5
Nikola Mirotic,62,46,2016-03-07,25,CHI,H,MIL,10,0,19:47,4,9,0.444,2,5,0.4,4,5,0.8,1,5,6,3,1,2,3,2,14,11.8,10,31.5
Nikola Mirotic,63,47,2016-03-10,25,CHI,A,SAS,-8,0,28:10,3,7,0.429,2,5,0.4,0,0,NA,1,9,10,2,2,1,3,3,8,7.6,4,29
Nikola Mirotic,64,48,2016-03-11,25,CHI,H,MIA,-22,0,19:15,1,4,0.25,0,2,0,4,4,1,0,3,3,1,1,0,1,2,6,4.4,-1,12.8
Nikola Mirotic,65,49,2016-03-14,25,CHI,A,TOR,2,1,32:13,5,12,0.417,3,8,0.375,4,4,1,1,4,5,2,1,1,3,3,17,11.4,0,30.3
Nikola Mirotic,66,50,2016-03-16,25,CHI,A,WAS,-21,1,23:41,3,6,0.5,1,3,0.333,0,0,NA,0,1,1,1,0,0,1,1,7,3.6,-16,9.8
Nikola Mirotic,67,51,2016-03-17,25,CHI,H,BRK,16,1,20:20,4,6,0.667,1,3,0.333,0,0,NA,0,3,3,0,0,2,2,3,9,5.5,-6,16.3
Nikola Mirotic,68,52,2016-03-19,25,CHI,H,UTA,7,0,32:47,5,12,0.417,2,6,0.333,3,4,0.75,0,6,6,3,0,2,0,2,15,12.7,-5,32
Nikola Mirotic,69,53,2016-03-21,25,CHI,H,SAC,7,0,20:55,2,8,0.25,2,4,0.5,0,0,NA,0,3,3,2,0,2,3,3,6,0.7,-6,16.3
Nikola Mirotic,70,54,2016-03-23,25,CHI,H,NYK,-8,0,33:30,10,17,0.588,9,13,0.692,6,7,0.857,2,4,6,0,1,0,0,2,35,29.5,1,49
Nikola Mirotic,71,55,2016-03-24,25,CHI,A,NYK,-12,0,24:19,2,9,0.222,0,3,0,4,4,1,2,4,6,3,0,0,1,3,8,5,-5,19.5
Nikola Mirotic,72,56,2016-03-26,25,CHI,A,ORL,-22,0,19:53,1,7,0.143,1,7,0.143,1,2,0.5,0,4,4,0,0,0,1,0,4,-0.7,-21,9
Nikola Mirotic,73,57,2016-03-28,25,CHI,H,ATL,-2,0,16:41,2,6,0.333,1,3,0.333,0,0,NA,0,3,3,2,0,0,0,2,5,3.1,8,12.3
Nikola Mirotic,74,58,2016-03-29,25,CHI,A,IND,2,0,36:31,9,18,0.5,7,13,0.538,3,3,1,2,8,10,2,1,0,4,3,28,20,2,48.5
Nikola Mirotic,75,59,2016-03-31,25,CHI,A,HOU,3,0,37:56,8,14,0.571,5,10,0.5,7,8,0.875,0,4,4,3,0,1,1,4,28,22.4,22,41.5
Nikola Mirotic,76,60,2016-04-02,25,CHI,H,DET,-4,0,23:35,2,7,0.286,2,4,0.5,0,0,NA,0,0,0,0,0,1,0,3,6,1.4,-8,9
Nikola Mirotic,77,61,2016-04-03,25,CHI,A,MIL,4,0,35:06,6,15,0.4,3,9,0.333,4,4,1,0,6,6,3,0,0,1,3,19,12.6,7,32
Nikola Mirotic,78,62,2016-04-05,25,CHI,A,MEM,-16,0,29:01,6,9,0.667,6,9,0.667,2,2,1,2,6,8,3,1,1,2,4,20,19.5,-9,40.5
Nikola Mirotic,79,63,2016-04-07,25,CHI,A,MIA,-8,1,26:45,2,6,0.333,0,2,0,0,0,NA,0,1,1,1,3,0,1,6,4,1.2,-11,12.3
Nikola Mirotic,80,64,2016-04-09,25,CHI,H,CLE,3,1,17:18,5,11,0.455,3,7,0.429,0,0,NA,1,5,6,0,1,1,1,3,13,9,-10,25.5
Nikola Mirotic,81,65,2016-04-11,25,CHI,A,NOP,5,1,37:09,6,15,0.4,2,7,0.286,6,8,0.75,1,3,4,3,2,0,4,3,20,11.6,8,32.5
Nikola Mirotic,82,66,2016-04-13,25,CHI,H,PHI,10,1,39:00,10,17,0.588,7,11,0.636,5,6,0.833,2,5,7,4,5,3,2,4,32,32.9,9,65.3
