Courtney Lee,55,52,2016-02-21,30,CHO,A,BRK,8,1,21:25,2,4,0.5,1,1,1,0,0,NA,0,1,1,1,0,0,1,3,5,1.8,-8,7.8
Courtney Lee,56,53,2016-02-24,30,CHO,A,CLE,-11,1,29:39,4,7,0.571,0,3,0,0,0,NA,1,4,5,2,1,1,0,2,8,8.9,-21,21.3
Courtney Lee,57,54,2016-02-26,30,CHO,A,IND,1,1,39:05,3,10,0.3,1,5,0.2,0,0,NA,0,4,4,2,3,0,1,1,7,5.4,1,21
Courtney Lee,58,55,2016-02-28,30,CHO,A,ATL,-11,1,22:11,3,6,0.5,1,2,0.5,2,2,1,1,2,3,2,1,0,0,1,9,9.3,-9,18.3
Courtney Lee,59,56,2016-03-01,30,CHO,H,PHO,34,1,23:39,3,5,0.6,1,2,0.5,1,1,1,0,1,1,2,1,0,2,3,8,5.2,34,13.8
Courtney Lee,60,57,2016-03-02,30,CHO,A,PHI,20,1,28:30,2,5,0.4,1,2,0.5,4,4,1,0,3,3,3,1,0,2,4,9,6.7,13,18.8
Courtney Lee,61,58,2016-03-04,30,CHO,H,IND,7,1,34:22,1,4,0.25,1,2,0.5,1,2,0.5,0,2,2,1,0,1,1,1,4,1.8,0,10
Courtney Lee,62,59,2016-03-07,30,CHO,H,MIN,5,1,27:04,2,7,0.286,0,1,0,0,0,NA,0,3,3,2,0,0,1,2,4,0.4,-11,10.3
Courtney Lee,63,60,2016-03-09,30,CHO,H,NOP,9,1,29:05,6,12,0.5,4,5,0.8,0,0,NA,1,5,6,1,1,0,0,2,16,13.1,2,29
Courtney Lee,64,61,2016-03-11,30,CHO,H,DET,15,1,34:40,7,9,0.778,0,0,NA,1,1,1,0,6,6,1,1,1,1,4,15,13.1,23,27.5
Courtney Lee,65,62,2016-03-12,30,CHO,H,HOU,16,1,25:47,5,9,0.556,2,4,0.5,0,0,NA,0,2,2,1,0,0,0,0,12,9,9,17
Courtney Lee,66,63,2016-03-14,30,CHO,H,DAL,-11,1,30:33,4,7,0.571,2,4,0.5,2,2,1,1,2,3,0,2,0,1,1,12,10.6,-9,20.3
Courtney Lee,67,64,2016-03-16,30,CHO,H,ORL,8,1,27:49,2,9,0.222,1,5,0.2,1,1,1,0,1,1,5,0,1,2,2,6,2.2,20,16.3
Courtney Lee,68,65,2016-03-17,30,CHO,A,MIA,3,1,37:04,3,6,0.5,2,3,0.667,5,6,0.833,0,3,3,1,0,0,1,4,13,8.6,-8,18.8
Courtney Lee,69,66,2016-03-19,30,CHO,H,DEN,-8,1,28:44,3,10,0.3,1,4,0.25,0,0,NA,1,3,4,3,1,2,1,2,7,5.5,5,22.5
Courtney Lee,70,67,2016-03-21,30,CHO,H,SAS,3,1,33:03,8,13,0.615,1,2,0.5,0,0,NA,0,2,2,2,4,0,1,1,17,15.7,12,30.5
Courtney Lee,71,68,2016-03-22,30,CHO,A,BRK,5,1,27:19,3,7,0.429,1,3,0.333,0,0,NA,0,5,5,3,3,0,0,2,7,9.1,20,24.3
Courtney Lee,72,69,2016-03-25,30,CHO,A,DET,-7,1,27:34,3,6,0.5,2,4,0.5,0,0,NA,0,1,1,1,1,0,1,1,8,5.6,-14,13.3
Courtney Lee,73,70,2016-03-26,30,CHO,A,MIL,24,1,34:44,5,9,0.556,2,4,0.5,0,0,NA,1,3,4,5,0,1,0,1,12,13.1,18,27.5
Courtney Lee,74,71,2016-03-29,30,CHO,A,PHI,15,1,36:57,6,10,0.6,2,2,1,1,1,1,0,6,6,3,2,1,3,1,15,13.6,12,32.5
Courtney Lee,75,72,2016-04-01,30,CHO,H,PHI,9,1,36:15,1,7,0.143,0,2,0,2,2,1,2,3,5,2,2,0,1,3,4,3,10,16.8
Courtney Lee,76,73,2016-04-03,30,CHO,A,CLE,-9,1,37:56,5,13,0.385,1,3,0.333,0,0,NA,1,0,1,3,3,1,0,2,11,9.6,-6,25.3
Courtney Lee,77,74,2016-04-05,30,CHO,A,TOR,-6,1,36:15,5,11,0.455,0,3,0,1,2,0.5,0,2,2,2,1,1,1,5,11,5.6,-13,20
Courtney Lee,78,75,2016-04-06,30,CHO,A,NYK,14,1,35:51,2,4,0.5,0,1,0,0,0,NA,0,5,5,6,0,1,0,0,4,8.4,6,21.3
Courtney Lee,79,76,2016-04-08,30,CHO,H,BRK,14,1,24:22,3,4,0.75,0,1,0,0,0,NA,0,2,2,2,1,0,0,2,6,6.6,15,13.5
Courtney Lee,80,77,2016-04-10,30,CHO,A,WAS,-15,1,28:26,2,11,0.182,2,6,0.333,2,2,1,1,2,3,0,2,1,1,3,8,2.9,-21,18.3
Courtney Lee,81,78,2016-04-11,30,CHO,A,BOS,14,1,32:44,2,6,0.333,1,2,0.5,0,0,NA,0,3,3,2,0,0,1,2,5,2.1,13,11.8
Courtney Lee,82,79,2016-04-13,30,CHO,H,ORL,14,1,14:08,3,9,0.333,1,3,0.333,0,0,NA,0,1,1,2,2,0,0,0,7,5.6,13,15.8
Jorge Gutierrez,2,1,2016-02-24,27,CHO,A,CLE,-11,0,4:00,1,1,1,0,0,NA,2,2,1,0,0,0,2,1,0,0,0,4,6.1,9,9
Jorge Gutierrez,5,2,2016-03-01,27,CHO,H,PHO,34,0,7:49,1,1,1,0,0,NA,3,3,1,0,0,0,1,0,0,2,0,5,3.4,-8,5.5
Jorge Gutierrez,6,3,2016-03-02,27,CHO,A,PHI,20,0,1:45,0,0,NA,0,0,NA,0,0,NA,0,0,0,0,0,0,0,0,0,0,0,0
Jorge Gutierrez,10,4,2016-03-11,27,CHO,H,DET,15,0,2:42,0,1,0,0,0,NA,0,0,NA,0,1,1,1,0,0,1,1,0,-1.1,0,2.3
Jorge Gutierrez,11,5,2016-03-12,27,CHO,H,HOU,16,0,2:46,0,0,NA,0,0,NA,0,0,NA,0,1,1,1,0,0,0,0,0,1,-4,2.8
Jorge Gutierrez,18,6,2016-03-25,27,CHO,A,DET,-7,0,5:23,1,1,1,0,0,NA,1,2,0.5,0,0,0,2,2,0,0,1,3,5.3,16,10
Jorge Gutierrez,19,7,2016-03-26,27,CHO,A,MIL,24,0,2:41,0,0,NA,0,0,NA,0,0,NA,0,0,0,1,0,0,0,0,0,0.7,-2,1.5
Jorge Gutierrez,20,8,2016-03-29,27,CHO,A,PHI,15,0,12:19,1,1,1,0,0,NA,0,0,NA,0,1,1,3,0,0,2,0,2,2.1,0,6.8
Jorge Gutierrez,25,9,2016-04-08,27,CHO,H,BRK,14,0,2:07,0,0,NA,0,0,NA,0,0,NA,0,0,0,0,0,0,0,0,0,0,-6,0
Jorge Gutierrez,26,10,2016-04-10,27,CHO,A,WAS,-15,0,2:45,0,0,NA,0,0,NA,4,4,1,0,0,0,1,0,0,0,0,4,4.7,-1,5.5
Jorge Gutierrez,27,11,2016-04-11,27,CHO,A,BOS,14,0,1:12,0,0,NA,0,0,NA,0,0,NA,0,0,0,1,0,0,0,0,0,0.7,-2,1.5
Jorge Gutierrez,28,12,2016-04-13,27,CHO,H,ORL,14,0,17:49,2,6,0.333,0,2,0,0,0,NA,0,4,4,4,0,0,1,1,4,3.2,6,14.5
Troy Daniels,4,1,2015-11-03,24,CHO,H,CHI,25,0,5:41,1,3,0.333,1,2,0.5,0,0,NA,0,1,1,0,0,0,1,1,3,0.2,-5,4.3
Troy Daniels,5,2,2015-11-05,24,CHO,A,DAL,14,0,2:48,0,2,0,0,1,0,0,0,NA,0,2,2,0,0,0,0,0,0,-0.8,-4,2.5
Troy Daniels,6,3,2015-11-07,24,CHO,A,SAS,-20,0,3:51,0,0,NA,0,0,NA,0,0,NA,0,0,0,1,0,0,0,0,0,0.7,4,1.5
Troy Daniels,9,4,2015-11-13,24,CHO,A,CHI,-5,0,2:03,1,1,1,1,1,1,1,2,0.5,0,0,0,0,0,0,0,0,4,3.3,1,4.5
Troy Daniels,13,5,2015-11-20,24,CHO,H,PHI,25,0,2:22,0,0,NA,0,0,NA,0,0,NA,0,0,0,0,0,0,0,0,0,0,7,0
Troy Daniels,18,6,2015-12-02,24,CHO,H,GSW,-17,0,8:22,1,5,0.2,1,3,0.333,2,2,1,0,1,1,0,1,0,0,0,5,3.2,9,8.8
Troy Daniels,20,7,2015-12-07,24,CHO,H,DET,20,0,3:44,0,0,NA,0,0,NA,0,0,NA,0,0,0,0,0,0,0,1,0,-0.4,-2,0
Troy Daniels,21,8,2015-12-09,24,CHO,H,MIA,18,0,8:52,2,4,0.5,1,3,0.333,0,0,NA,0,0,0,1,1,0,0,1,5,4.3,-12,9
Troy Daniels,22,9,2015-12-11,24,CHO,A,MEM,24,0,3:31,1,2,0.5,1,1,1,0,0,NA,0,0,0,0,0,0,1,0,3,1,-1,3
Troy Daniels,24,10,2015-12-16,24,CHO,A,ORL,-15,0,6:40,3,4,0.75,3,3,1,0,0,NA,0,1,1,0,0,0,0,1,9,7.3,5,11.8
Troy Daniels,25,11,2015-12-17,24,CHO,H,TOR,10,0,12:02,0,2,0,0,1,0,0,0,NA,0,0,0,1,0,0,1,1,0,-2.1,-4,1
Troy Daniels,27,12,2015-12-21,24,CHO,A,HOU,-7,0,2:29,1,2,0.5,1,2,0.5,0,0,NA,0,0,0,0,0,0,1,0,3,1,1,3
Troy Daniels,31,13,2015-12-30,24,CHO,H,LAC,-5,0,1:32,0,1,0,0,1,0,0,0,NA,0,0,0,0,0,0,0,0,0,-0.7,-5,0
Troy Daniels,33,14,2016-01-02,24,CHO,H,OKC,-19,0,17:59,1,3,0.333,1,2,0.5,0,0,NA,0,4,4,0,1,0,0,2,3,2.7,-5,10.5
Troy Daniels,35,15,2016-01-06,24,CHO,A,PHO,-9,0,23:11,5,9,0.556,3,7,0.429,0,0,NA,0,3,3,2,1,0,0,1,13,11.6,0,23.3
Troy Daniels,38,16,2016-01-13,24,CHO,H,ATL,23,0,13:59,2,6,0.333,1,4,0.25,0,0,NA,1,0,1,1,1,0,0,1,5,3.6,-3,10.3
Troy Daniels,39,17,2016-01-15,24,CHO,A,NOP,-2,0,14:42,2,4,0.5,2,4,0.5,0,0,NA,0,3,3,0,0,0,2,1,6,2.5,-15,9.8
Troy Daniels,40,18,2016-01-16,24,CHO,H,MIL,-13,0,3:50,1,1,1,1,1,1,0,0,NA,0,2,2,0,0,0,0,0,3,3.3,8,6
Troy Daniels,41,19,2016-01-18,24,CHO,H,UTA,5,0,13:35,1,4,0.25,1,3,0.333,0,0,NA,0,0,0,0,1,0,1,1,3,0.2,1,5
Troy Daniels,42,20,2016-01-20,24,CHO,A,OKC,-14,0,16:55,4,7,0.571,3,5,0.6,0,0,NA,0,2,2,0,0,0,1,1,11,6.9,5,14.5
Troy Daniels,43,21,2016-01-22,24,CHO,A,ORL,4,0,32:19,7,15,0.467,3,5,0.6,0,0,NA,2,1,3,2,0,1,1,4,17,10.5,20,26.8
Troy Daniels,44,22,2016-01-23,24,CHO,H,NYK,13,0,9:08,2,5,0.4,1,3,0.333,0,0,NA,0,0,0,0,0,0,0,4,5,0.7,0,5.5
Troy Daniels,45,23,2016-01-25,24,CHO,A,SAC,1,0,31:04,10,15,0.667,8,11,0.727,0,2,0,2,5,7,0,0,0,0,2,28,22.8,-2,40.8
Troy Daniels,46,24,2016-01-27,24,CHO,A,UTA,-29,0,22:00,2,7,0.286,0,2,0,1,2,0.5,0,1,1,0,0,0,5,3,5,-5.4,-22,3.8
Troy Daniels,47,25,2016-01-29,24,CHO,A,POR,-18,0,8:02,2,2,1,1,1,1,0,0,NA,0,0,0,0,0,0,2,2,5,1.6,-4,4.5
Troy Daniels,48,26,2016-01-31,24,CHO,A,LAL,19,0,13:55,4,10,0.4,1,4,0.25,0,0,NA,0,5,5,1,0,0,1,0,9,4.8,5,16.8
Troy Daniels,53,27,2016-02-10,24,CHO,A,IND,22,0,1:37,1,1,1,0,0,NA,0,0,NA,0,0,0,1,0,0,0,0,2,2.4,0,3.5
Troy Daniels,56,28,2016-02-24,24,CHO,A,CLE,-11,0,4:00,2,2,1,1,1,1,0,0,NA,0,0,0,0,0,0,0,0,5,4.4,9,5.5
Troy Daniels,59,29,2016-03-01,24,CHO,H,PHO,34,0,12:00,2,6,0.333,2,4,0.5,0,0,NA,0,2,2,1,0,1,0,1,6,4.2,-3,13
Troy Daniels,60,30,2016-03-02,24,CHO,A,PHI,20,0,1:45,1,2,0.5,1,2,0.5,0,0,NA,0,0,0,0,0,0,0,0,3,2,0,3.5
Troy Daniels,64,31,2016-03-11,24,CHO,H,DET,15,0,2:42,1,1,1,0,0,NA,0,0,NA,0,0,0,1,0,0,0,0,2,2.4,0,3.5
Troy Daniels,65,32,2016-03-12,24,CHO,H,HOU,16,0,12:36,2,4,0.5,2,3,0.667,0,0,NA,1,1,2,1,1,0,0,1,6,6.3,10,13
Troy Daniels,66,33,2016-03-14,24,CHO,H,DAL,-11,0,14:56,2,4,0.5,2,4,0.5,0,0,NA,0,1,1,1,1,1,0,1,6,6.3,-6,13.8
Troy Daniels,67,34,2016-03-16,24,CHO,H,ORL,8,0,14:54,1,6,0.167,0,5,0,0,0,NA,1,3,4,0,0,0,0,0,2,-0.2,-8,7
Troy Daniels,68,35,2016-03-17,24,CHO,A,MIA,3,0,8:11,1,2,0.5,1,1,1,0,0,NA,0,1,1,0,0,0,0,0,3,2.3,-12,4.8
Troy Daniels,69,36,2016-03-19,24,CHO,H,DEN,-8,0,14:23,1,4,0.25,0,3,0,0,0,NA,0,1,1,2,0,0,1,0,2,0.3,-12,5.8
Troy Daniels,72,37,2016-03-25,24,CHO,A,DET,-7,0,9:20,1,5,0.2,1,3,0.333,1,1,1,0,1,1,0,0,0,0,1,4,0.8,19,5.8
Troy Daniels,73,38,2016-03-26,24,CHO,A,MIL,24,0,3:15,3,3,1,1,1,1,0,0,NA,0,0,0,0,0,0,0,0,7,6.1,-1,7.5
Troy Daniels,74,39,2016-03-29,24,CHO,A,PHI,15,0,1:16,1,1,1,0,0,NA,0,0,NA,0,0,0,0,0,0,0,0,2,1.7,-3,2
Troy Daniels,79,40,2016-04-08,24,CHO,H,BRK,14,0,24:55,6,10,0.6,5,7,0.714,0,0,NA,0,3,3,0,1,0,2,2,17,11.5,1,24.3
Troy Daniels,80,41,2016-04-10,24,CHO,A,WAS,-15,0,21:40,2,7,0.286,2,7,0.286,0,0,NA,0,2,2,1,1,0,1,4,6,1.6,-5,12.5
Troy Daniels,81,42,2016-04-11,24,CHO,A,BOS,14,0,16:44,4,6,0.667,3,4,0.75,0,0,NA,0,1,1,0,0,0,1,2,11,6.9,-17,13.3
Troy Daniels,82,43,2016-04-13,24,CHO,H,ORL,14,0,27:26,5,9,0.556,3,7,0.429,0,0,NA,0,3,3,4,1,0,2,1,13,11,3,25.3
Kemba Walker,1,1,2015-10-28,25,CHO,A,MIA,-10,1,34:41,5,16,0.313,1,4,0.25,8,9,0.889,1,3,4,4,2,1,0,2,19,15.7,-14,36.5
Kemba Walker,2,2,2015-10-30,25,CHO,A,ATL,-3,1,34:36,5,15,0.333,1,5,0.2,2,2,1,0,4,4,6,1,0,3,3,13,6.7,6,28
Kemba Walker,3,3,2015-11-01,25,CHO,H,ATL,-2,1,31:16,4,9,0.444,2,3,0.667,7,8,0.875,2,4,6,6,2,0,2,3,17,17.5,-1,37.5
Kemba Walker,4,4,2015-11-03,25,CHO,H,CHI,25,1,26:04,6,12,0.5,1,2,0.5,0,0,NA,1,1,2,5,0,2,2,0,13,10.9,8,26.5
Kemba Walker,5,5,2015-11-05,25,CHO,A,DAL,14,1,29:47,4,11,0.364,1,5,0.2,5,6,0.833,0,2,2,7,1,0,1,2,14,12.2,10,29
Kemba Walker,6,6,2015-11-07,25,CHO,A,SAS,-20,1,29:17,11,15,0.733,2,2,1,3,4,0.75,0,1,1,4,2,0,3,0,27,22.6,4,37.8
Kemba Walker,7,7,2015-11-10,25,CHO,A,MIN,9,1,35:02,4,12,0.333,0,5,0,2,3,0.667,0,0,0,6,2,0,3,0,10,6,-14,21.5
Kemba Walker,8,8,2015-11-11,25,CHO,H,NYK,2,1,27:17,2,11,0.182,1,2,0.5,4,4,1,0,2,2,3,1,0,0,0,9,5.8,-9,18.5
Kemba Walker,9,9,2015-11-13,25,CHO,A,CHI,-5,1,36:48,5,18,0.278,1,4,0.25,2,2,1,1,8,9,7,3,2,2,1,13,12.4,9,44.3
Kemba Walker,10,10,2015-11-15,25,CHO,H,POR,12,1,36:28,5,12,0.417,2,5,0.4,2,2,1,0,4,4,5,2,0,2,2,14,11.5,2,30.5
Kemba Walker,11,11,2015-11-17,25,CHO,A,NYK,-8,1,37:59,12,21,0.571,2,5,0.4,5,8,0.625,0,4,4,1,3,1,1,0,31,24.5,-17,46
Kemba Walker,12,12,2015-11-18,25,CHO,H,BRK,5,1,29:11,5,9,0.556,3,4,0.75,5,10,0.5,2,5,7,7,1,0,2,3,18,17.3,-2,39.8
Kemba Walker,13,13,2015-11-20,25,CHO,H,PHI,25,1,34:53,7,12,0.583,2,5,0.4,4,4,1,0,2,2,7,3,0,2,1,20,20.5,18,39
Kemba Walker,14,14,2015-11-23,25,CHO,H,SAC,5,1,46:43,16,23,0.696,4,6,0.667,3,4,0.75,2,4,6,5,2,3,2,0,39,37.1,11,65
Kemba Walker,15,15,2015-11-25,25,CHO,H,WAS,14,1,40:57,8,17,0.471,0,3,0,0,0,NA,0,2,2,5,0,2,5,1,16,7.4,5,27.5
Kemba Walker,16,16,2015-11-27,25,CHO,H,CLE,-5,1,34:47,6,16,0.375,1,4,0.25,5,5,1,1,3,4,4,3,2,3,0,18,15,-4,38
Kemba Walker,17,17,2015-11-29,25,CHO,H,MIL,5,1,39:38,7,13,0.538,3,4,0.75,5,6,0.833,1,1,2,3,3,1,2,1,22,19.7,-9,37.5
Kemba Walker,18,18,2015-12-02,25,CHO,H,GSW,-17,1,30:49,2,16,0.125,0,5,0,0,0,NA,1,2,3,2,0,0,0,2,4,-4.5,-19,10.8
Kemba Walker,19,19,2015-12-05,25,CHO,A,CHI,6,1,37:59,7,16,0.438,2,6,0.333,1,2,0.5,2,4,6,5,3,1,3,4,17,13.4,2,39.5
Kemba Walker,20,20,2015-12-07,25,CHO,H,DET,20,1,24:53,3,9,0.333,1,3,0.333,7,8,0.875,0,9,9,2,1,1,2,1,14,11.9,12,31.8
Kemba Walker,21,21,2015-12-09,25,CHO,H,MIA,18,1,31:19,8,13,0.615,1,2,0.5,1,2,0.5,0,5,5,4,5,0,0,2,18,20.2,20,40.8
Kemba Walker,22,22,2015-12-11,25,CHO,A,MEM,24,1,35:15,12,19,0.632,5,8,0.625,4,5,0.8,1,4,5,6,0,0,3,2,33,26.4,21,49.3
Kemba Walker,23,23,2015-12-12,25,CHO,H,BOS,-5,1,33:49,5,15,0.333,2,4,0.5,4,4,1,3,3,6,4,0,0,1,2,16,11.5,-21,30
Kemba Walker,24,24,2015-12-16,25,CHO,A,ORL,-15,1,27:26,4,12,0.333,0,3,0,4,6,0.667,0,4,4,9,1,0,3,1,12,9.5,-11,31
Kemba Walker,25,25,2015-12-17,25,CHO,H,TOR,10,1,44:12,10,24,0.417,0,3,0,7,8,0.875,2,4,6,7,1,2,3,0,27,20.7,11,49.5
Kemba Walker,26,26,2015-12-19,25,CHO,A,WAS,-8,1,40:52,6,18,0.333,1,7,0.143,5,5,1,0,3,3,2,3,0,4,3,18,7.9,-6,29.3
Kemba Walker,27,27,2015-12-21,25,CHO,A,HOU,-7,1,41:07,3,10,0.3,2,6,0.333,6,6,1,1,4,5,6,0,0,4,5,14,8.3,-4,28.3
Kemba Walker,28,28,2015-12-23,25,CHO,H,BOS,-13,1,41:03,4,12,0.333,0,4,0,2,4,0.5,0,3,3,4,1,1,4,2,10,3,-15,21.8
Kemba Walker,29,29,2015-12-26,25,CHO,H,MEM,6,1,39:34,6,12,0.5,4,6,0.667,6,6,1,1,5,6,8,1,0,3,1,22,21.4,8,46
Kemba Walker,30,30,2015-12-28,25,CHO,H,LAL,10,1,42:06,14,25,0.56,3,6,0.5,7,7,1,1,5,6,5,3,2,2,1,38,33.8,14,63.5
Kemba Walker,31,31,2015-12-30,25,CHO,H,LAC,-5,1,37:08,9,19,0.474,2,5,0.4,9,9,1,1,2,3,7,2,0,1,3,29,25.3,2,47.8
Kemba Walker,32,32,2016-01-01,25,CHO,A,TOR,-10,1,36:26,7,21,0.333,2,8,0.25,2,2,1,0,4,4,3,4,1,2,1,18,11.7,-4,37.5
Kemba Walker,33,33,2016-01-02,25,CHO,H,OKC,-19,1,35:50,10,24,0.417,1,5,0.2,11,12,0.917,0,3,3,5,3,1,1,2,32,25.1,-11,51.3
Kemba Walker,34,34,2016-01-04,25,CHO,A,GSW,-10,1,39:12,9,21,0.429,1,4,0.25,3,3,1,2,5,7,3,1,0,3,0,22,13.9,-6,36.3
Kemba Walker,35,35,2016-01-06,25,CHO,A,PHO,-9,1,34:25,9,24,0.375,2,5,0.4,5,6,0.833,2,2,4,6,2,1,3,0,25,17.3,11,44.5
Kemba Walker,36,36,2016-01-09,25,CHO,A,LAC,-14,1,38:09,4,16,0.25,0,4,0,3,5,0.6,1,1,2,3,0,0,4,3,11,-1.5,-19,16
Kemba Walker,37,37,2016-01-10,25,CHO,A,DEN,-3,1,36:58,3,12,0.25,1,4,0.25,4,4,1,1,2,3,6,0,1,1,1,11,8.6,-14,25.8
Kemba Walker,38,38,2016-01-13,25,CHO,H,ATL,23,1,26:28,9,13,0.692,4,6,0.667,1,1,1,1,2,3,5,3,1,1,0,23,25,34,43.8
Kemba Walker,39,39,2016-01-15,25,CHO,A,NOP,-2,1,41:43,9,17,0.529,5,7,0.714,2,2,1,0,4,4,4,0,0,1,1,25,19.3,3,38
Kemba Walker,40,40,2016-01-16,25,CHO,H,MIL,-13,1,33:52,4,14,0.286,2,7,0.286,2,2,1,1,0,1,6,2,0,0,2,12,9.9,-11,27.3
Kemba Walker,41,41,2016-01-18,25,CHO,H,UTA,5,1,46:37,16,33,0.485,6,11,0.545,14,15,0.933,1,8,9,8,2,0,3,3,52,41.4,4,80.8
Kemba Walker,42,42,2016-01-20,25,CHO,A,OKC,-14,1,30:07,8,15,0.533,2,4,0.5,3,3,1,0,2,2,2,2,0,3,2,21,13.9,-18,30
Kemba Walker,43,43,2016-01-22,25,CHO,A,ORL,4,1,46:22,14,28,0.5,2,7,0.286,10,12,0.833,0,7,7,9,4,1,2,0,40,36.3,7,72.3
Kemba Walker,44,44,2016-01-23,25,CHO,H,NYK,13,1,42:06,7,25,0.28,3,9,0.333,9,9,1,2,4,6,5,1,1,3,0,26,16.1,10,45
Kemba Walker,45,45,2016-01-25,25,CHO,A,SAC,1,1,45:06,5,25,0.2,1,8,0.125,13,15,0.867,0,4,4,8,4,1,2,2,24,16.4,-6,50.5
Kemba Walker,46,46,2016-01-27,25,CHO,A,UTA,-29,1,30:05,7,11,0.636,1,3,0.333,0,1,0,2,3,5,1,1,0,4,0,15,9.7,-9,23.3
Kemba Walker,47,47,2016-01-29,25,CHO,A,POR,-18,1,24:19,4,13,0.308,2,6,0.333,4,4,1,1,2,3,4,4,0,3,0,14,11.6,-3,31.3
Kemba Walker,48,48,2016-01-31,25,CHO,A,LAL,19,1,33:04,3,14,0.214,2,7,0.286,4,5,0.8,0,7,7,6,0,0,3,0,12,6.3,20,29.3
Kemba Walker,50,49,2016-02-05,25,CHO,H,MIA,-3,1,36:10,7,18,0.389,4,8,0.5,2,2,1,0,5,5,6,2,0,2,1,20,15.5,5,40.3
Kemba Walker,51,50,2016-02-06,25,CHO,H,WAS,4,1,35:22,8,20,0.4,4,10,0.4,3,4,0.75,0,5,5,5,1,0,1,2,23,16,12,40.3
Kemba Walker,52,51,2016-02-08,25,CHO,H,CHI,17,1,36:23,8,19,0.421,4,9,0.444,10,13,0.769,3,4,7,8,3,0,2,1,30,28.2,22,57.8
Kemba Walker,53,52,2016-02-10,25,CHO,A,IND,22,1,39:47,10,21,0.476,0,3,0,5,7,0.714,2,5,7,3,2,1,3,0,25,18.2,14,42.8
Kemba Walker,54,53,2016-02-19,25,CHO,A,MIL,3,1,40:16,8,16,0.5,4,9,0.444,5,7,0.714,0,6,6,4,2,0,3,1,25,19.4,0,43
Kemba Walker,55,54,2016-02-21,25,CHO,A,BRK,8,1,38:48,11,18,0.611,4,10,0.4,2,2,1,0,2,2,3,2,0,4,2,28,19.7,2,39
Kemba Walker,56,55,2016-02-24,25,CHO,A,CLE,-11,1,36:04,7,13,0.538,3,6,0.5,3,3,1,0,2,2,6,1,0,3,2,20,15.7,-2,33.5
Kemba Walker,57,56,2016-02-26,25,CHO,A,IND,1,1,37:24,8,21,0.381,3,7,0.429,3,4,0.75,0,3,3,10,1,0,1,5,22,16,8,45.3
Kemba Walker,58,57,2016-02-28,25,CHO,A,ATL,-11,1,41:36,3,15,0.2,0,7,0,3,4,0.75,2,4,6,5,0,1,0,1,9,5.7,-8,26
Kemba Walker,59,58,2016-03-01,25,CHO,H,PHO,34,1,29:51,9,16,0.563,3,5,0.6,5,5,1,1,5,6,9,1,0,1,0,26,26.9,36,50
Kemba Walker,60,59,2016-03-02,25,CHO,A,PHI,20,1,37:33,10,21,0.476,2,5,0.4,8,12,0.667,0,7,7,2,2,0,1,1,30,21.8,17,46.3
Kemba Walker,61,60,2016-03-04,25,CHO,H,IND,7,1,36:42,9,17,0.529,4,10,0.4,11,11,1,0,2,2,10,0,0,2,0,33,30.3,3,53
Kemba Walker,62,61,2016-03-07,25,CHO,H,MIN,5,1,40:44,12,20,0.6,6,9,0.667,4,6,0.667,1,6,7,6,0,0,3,1,34,27.3,8,53.3
Kemba Walker,63,62,2016-03-09,25,CHO,H,NOP,9,1,35:56,9,18,0.5,5,10,0.5,12,16,0.75,1,6,7,7,2,0,0,2,35,33,11,60.8
Kemba Walker,64,63,2016-03-11,25,CHO,H,DET,15,1,32:08,3,11,0.273,1,5,0.2,9,9,1,0,1,1,8,1,0,3,2,16,12.6,5,30.3
Kemba Walker,65,64,2016-03-12,25,CHO,H,HOU,16,1,33:10,11,16,0.688,4,7,0.571,0,0,NA,0,5,5,6,0,0,2,2,26,22.1,32,42.3
Kemba Walker,66,65,2016-03-14,25,CHO,H,DAL,-11,1,39:48,8,18,0.444,2,8,0.25,7,9,0.778,1,3,4,9,2,1,5,2,25,19.6,-3,48
Kemba Walker,67,66,2016-03-16,25,CHO,H,ORL,8,1,37:56,6,16,0.375,3,6,0.5,1,2,0.5,0,8,8,1,0,0,1,2,16,8.1,2,28.5
Kemba Walker,68,67,2016-03-17,25,CHO,A,MIA,3,1,42:44,7,18,0.389,4,9,0.444,3,3,1,1,6,7,7,0,0,1,4,21,16,13,41.8
Kemba Walker,69,68,2016-03-19,25,CHO,H,DEN,-8,1,36:25,6,18,0.333,1,9,0.111,2,2,1,2,5,7,5,2,0,1,3,15,11,-1,35.3
Kemba Walker,70,69,2016-03-21,25,CHO,H,SAS,3,1,29:38,2,11,0.182,0,4,0,2,3,0.667,0,1,1,2,2,0,3,2,6,-1.4,-13,12.8
Kemba Walker,71,70,2016-03-22,25,CHO,A,BRK,5,1,36:44,4,14,0.286,1,5,0.2,5,6,0.833,0,3,3,4,2,0,2,0,14,9.1,2,27.3
Kemba Walker,72,71,2016-03-25,25,CHO,A,DET,-7,1,29:53,9,18,0.5,6,9,0.667,5,5,1,0,2,2,5,0,0,0,1,29,23.7,-17,42
Kemba Walker,73,72,2016-03-26,25,CHO,A,MIL,24,1,30:16,5,11,0.455,3,6,0.5,5,5,1,0,0,0,6,0,0,2,0,18,14.5,28,27.5
Kemba Walker,74,73,2016-03-29,25,CHO,A,PHI,15,1,35:41,5,19,0.263,4,12,0.333,2,2,1,0,5,5,2,2,0,2,0,16,7.6,15,30.3
Kemba Walker,75,74,2016-04-01,25,CHO,H,PHI,9,1,35:45,8,18,0.444,4,9,0.444,7,9,0.778,2,9,11,4,1,0,2,1,27,22.3,8,51.3
Kemba Walker,76,75,2016-04-03,25,CHO,A,CLE,-9,1,41:09,9,19,0.474,1,7,0.143,10,11,0.909,1,5,6,7,4,1,4,0,29,26.7,2,55.5
Kemba Walker,77,76,2016-04-05,25,CHO,A,TOR,-6,1,35:39,4,16,0.25,1,8,0.125,2,3,0.667,0,2,2,4,1,1,1,3,11,3.9,-16,23.5
Kemba Walker,78,77,2016-04-06,25,CHO,A,NYK,14,1,35:27,11,18,0.611,7,10,0.7,5,5,1,0,5,5,2,2,0,3,2,34,26.9,4,49.3
Kemba Walker,79,78,2016-04-08,25,CHO,H,BRK,14,1,29:48,7,17,0.412,4,11,0.364,4,4,1,0,4,4,4,1,3,0,1,22,19.6,17,43
Kemba Walker,80,79,2016-04-10,25,CHO,A,WAS,-15,1,33:12,4,11,0.364,1,7,0.143,7,9,0.778,0,3,3,7,1,1,2,0,16,14.6,1,33.8
Kemba Walker,81,80,2016-04-11,25,CHO,A,BOS,14,1,35:38,6,15,0.4,2,5,0.4,4,5,0.8,1,4,5,6,1,1,4,1,18,12.9,11,36.3
Kemba Walker,82,81,2016-04-13,25,CHO,H,ORL,14,1,17:47,1,6,0.167,0,4,0,0,0,NA,0,1,1,8,0,0,0,1,2,3.7,16,15.3
Michael Kidd-Gilchrist,47,1,2016-01-29,22,CHO,A,POR,-18,1,33:33,5,8,0.625,0,0,NA,3,6,0.5,1,6,7,1,0,0,2,0,13,9.4,-2,22.3
Michael Kidd-Gilchrist,48,2,2016-01-31,22,CHO,A,LAL,19,1,27:57,6,7,0.857,2,2,1,5,8,0.625,4,8,12,3,1,0,1,2,19,21.8,24,42.5
Michael Kidd-Gilchrist,49,3,2016-02-03,22,CHO,H,CLE,9,1,36:51,5,14,0.357,0,1,0,1,2,0.5,2,11,13,0,0,0,1,2,11,5.7,7,28.3
Michael Kidd-Gilchrist,50,4,2016-02-05,22,CHO,H,MIA,-3,1,30:22,4,7,0.571,0,0,NA,1,1,1,0,3,3,1,0,1,0,2,9,7.2,3,16.3
Michael Kidd-Gilchrist,51,5,2016-02-06,22,CHO,H,WAS,4,1,27:13,3,7,0.429,0,2,0,3,4,0.75,0,0,0,2,1,0,2,3,9,4.1,6,13
Michael Kidd-Gilchrist,52,6,2016-02-08,22,CHO,H,CHI,17,1,29:53,7,14,0.5,1,2,0.5,5,6,0.833,3,4,7,0,0,2,0,0,20,17.3,16,33.3
Michael Kidd-Gilchrist,53,7,2016-02-10,22,CHO,A,IND,22,1,18:55,3,4,0.75,0,0,NA,2,2,1,2,1,3,2,1,0,2,0,8,8.5,4,15.8
P.J. Hairston,1,1,2015-10-28,22,CHO,A,MIA,-10,1,18:26,1,5,0.2,1,4,0.25,0,0,NA,0,0,0,2,0,0,0,1,3,0.9,-6,6.5
P.J. Hairston,2,2,2015-10-30,22,CHO,A,ATL,-3,1,16:36,1,5,0.2,1,4,0.25,0,0,NA,0,1,1,0,0,1,0,1,3,0.5,-6,6.8
P.J. Hairston,3,3,2015-11-01,22,CHO,H,ATL,-2,1,23:12,2,6,0.333,0,4,0,3,3,1,0,4,4,1,0,0,2,1,7,3.1,4,12.5
P.J. Hairston,4,4,2015-11-03,22,CHO,H,CHI,25,1,19:54,3,5,0.6,2,3,0.667,2,2,1,0,5,5,0,0,0,0,3,10,8,4,17.3
P.J. Hairston,5,5,2015-11-05,22,CHO,A,DAL,14,1,22:13,2,5,0.4,0,2,0,0,0,NA,0,3,3,0,1,0,0,4,4,1.6,12,9.8
P.J. Hairston,6,6,2015-11-07,22,CHO,A,SAS,-20,1,16:44,1,5,0.2,0,3,0,2,2,1,0,3,3,0,0,0,1,2,4,0,16,7.3
P.J. Hairston,7,7,2015-11-10,22,CHO,A,MIN,9,1,7:38,1,3,0.333,1,2,0.5,1,2,0.5,0,0,0,1,0,0,0,2,4,1.8,-5,6
P.J. Hairston,8,8,2015-11-11,22,CHO,H,NYK,2,1,25:51,2,8,0.25,1,5,0.2,0,0,NA,0,3,3,2,0,1,0,3,5,2,-8,14.3
P.J. Hairston,9,9,2015-11-13,22,CHO,A,CHI,-5,1,15:12,2,4,0.5,2,4,0.5,0,0,NA,0,1,1,0,0,0,0,3,6,3.1,3,8.3
P.J. Hairston,10,10,2015-11-15,22,CHO,H,POR,12,1,9:28,1,2,0.5,0,1,0,0,0,NA,1,0,1,0,1,0,0,0,2,2.7,5,5.3
P.J. Hairston,14,11,2015-11-23,22,CHO,H,SAC,5,1,19:27,2,5,0.4,1,4,0.25,0,0,NA,0,6,6,1,0,1,1,2,5,3.7,-6,16
P.J. Hairston,15,12,2015-11-25,22,CHO,H,WAS,14,1,16:12,1,4,0.25,1,4,0.25,2,2,1,0,3,3,2,0,0,1,3,5,2.7,-4,11.8
P.J. Hairston,16,13,2015-11-27,22,CHO,H,CLE,-5,1,19:28,1,5,0.2,0,3,0,0,0,NA,0,2,2,1,1,0,0,4,2,-0.4,1,8
P.J. Hairston,17,14,2015-11-29,22,CHO,H,MIL,5,1,14:42,1,3,0.333,1,1,1,0,0,NA,0,1,1,0,0,0,0,0,3,1.6,-13,4.8
P.J. Hairston,18,15,2015-12-02,22,CHO,H,GSW,-17,1,4:45,0,0,NA,0,0,NA,0,0,NA,0,0,0,1,0,1,0,0,0,1.4,-9,3.5
P.J. Hairston,19,16,2015-12-05,22,CHO,A,CHI,6,1,18:52,0,3,0,0,3,0,0,0,NA,0,0,0,0,1,0,1,0,0,-2.1,5,1.5
P.J. Hairston,20,17,2015-12-07,22,CHO,H,DET,20,1,16:05,2,6,0.333,1,3,0.333,1,1,1,0,3,3,1,0,0,0,5,6,2.2,13,11.8
P.J. Hairston,21,18,2015-12-09,22,CHO,H,MIA,18,1,16:25,2,3,0.667,2,2,1,0,0,NA,0,2,2,0,0,0,0,1,6,4.9,11,9.5
P.J. Hairston,22,19,2015-12-11,22,CHO,A,MEM,24,1,17:36,1,4,0.25,0,3,0,0,0,NA,1,4,5,3,0,0,1,4,2,1,0,12.3
P.J. Hairston,23,20,2015-12-12,22,CHO,H,BOS,-5,1,21:35,2,7,0.286,2,5,0.4,0,0,NA,0,4,4,0,0,1,0,0,6,3.8,-12,14
P.J. Hairston,24,21,2015-12-16,22,CHO,A,ORL,-15,1,21:57,5,11,0.455,3,7,0.429,1,1,1,1,1,2,0,1,0,2,1,14,7.9,-14,19
P.J. Hairston,25,22,2015-12-17,22,CHO,H,TOR,10,1,34:06,5,10,0.5,4,7,0.571,0,0,NA,1,3,4,0,0,0,2,4,14,7,8,20
P.J. Hairston,26,23,2015-12-19,22,CHO,A,WAS,-8,1,18:40,3,6,0.5,2,3,0.667,2,2,1,3,3,6,2,0,0,1,1,10,10,-10,21
P.J. Hairston,27,24,2015-12-21,22,CHO,A,HOU,-7,1,19:44,2,12,0.167,2,9,0.222,1,2,0.5,2,0,2,0,1,0,0,3,7,0.2,-1,12.5
P.J. Hairston,28,25,2015-12-23,22,CHO,H,BOS,-13,1,12:40,1,5,0.2,1,4,0.25,2,2,1,0,1,1,0,2,0,0,1,5,3.8,-18,10.8
P.J. Hairston,29,26,2015-12-26,23,CHO,H,MEM,6,1,17:56,5,6,0.833,4,5,0.8,0,0,NA,0,0,0,1,2,0,0,4,14,12.9,8,21.5
P.J. Hairston,30,27,2015-12-28,23,CHO,H,LAL,10,1,19:17,5,12,0.417,2,6,0.333,1,1,1,0,0,0,1,0,0,0,4,13,5.7,1,15.5
P.J. Hairston,31,28,2015-12-30,23,CHO,H,LAC,-5,1,21:58,2,9,0.222,1,6,0.167,0,0,NA,1,3,4,1,0,0,0,5,5,-0.2,-2,12
P.J. Hairston,32,29,2016-01-01,23,CHO,A,TOR,-10,1,20:33,1,5,0.2,0,3,0,0,0,NA,1,5,6,0,0,0,0,0,2,1.1,-6,9.5
P.J. Hairston,33,30,2016-01-02,23,CHO,H,OKC,-19,1,21:28,3,6,0.5,2,4,0.5,2,2,1,0,1,1,1,1,0,0,4,10,7.4,-11,15.8
P.J. Hairston,34,31,2016-01-04,23,CHO,A,GSW,-10,1,20:16,2,7,0.286,2,3,0.667,1,2,0.5,1,1,2,1,0,0,1,2,7,2.4,-8,11.5
P.J. Hairston,35,32,2016-01-06,23,CHO,A,PHO,-9,1,35:15,3,7,0.429,2,5,0.4,3,5,0.6,0,5,5,0,1,0,0,4,11,7.4,-12,20.3
P.J. Hairston,36,33,2016-01-09,23,CHO,A,LAC,-14,1,21:00,1,4,0.25,0,1,0,0,0,NA,0,3,3,0,1,0,0,1,2,1.1,-18,7.8
P.J. Hairston,37,34,2016-01-10,23,CHO,A,DEN,-3,1,18:16,3,8,0.375,1,5,0.2,0,0,NA,0,3,3,1,0,0,0,4,7,2.6,-13,12.8
P.J. Hairston,38,35,2016-01-13,23,CHO,H,ATL,23,1,25:49,1,6,0.167,1,5,0.2,2,2,1,2,3,5,0,0,0,3,4,5,-1.1,18,10.3
P.J. Hairston,39,36,2016-01-15,23,CHO,A,NOP,-2,1,26:58,3,6,0.5,1,3,0.333,0,0,NA,0,2,2,0,0,0,0,2,7,3.8,0,10
P.J. Hairston,40,37,2016-01-16,23,CHO,H,MIL,-13,1,26:30,4,10,0.4,1,5,0.2,2,4,0.5,2,2,4,2,0,0,1,2,11,6.4,-12,19
P.J. Hairston,41,38,2016-01-18,23,CHO,H,UTA,5,1,19:07,0,2,0,0,1,0,0,0,NA,0,6,6,0,0,1,0,2,0,0.3,10,9.5
P.J. Hairston,42,39,2016-01-20,23,CHO,A,OKC,-14,1,22:02,5,11,0.455,1,4,0.25,0,0,NA,0,2,2,0,2,0,1,3,11,5.7,-19,17.5
P.J. Hairston,43,40,2016-01-22,23,CHO,A,ORL,4,1,18:01,3,5,0.6,1,2,0.5,0,0,NA,0,1,1,1,3,0,0,2,7,7.9,-17,16.3
P.J. Hairston,44,41,2016-01-23,23,CHO,H,NYK,13,1,34:19,7,14,0.5,2,7,0.286,4,4,1,1,9,10,1,2,0,1,4,20,16.5,14,40
P.J. Hairston,45,42,2016-01-25,23,CHO,A,SAC,1,1,32:45,2,7,0.286,1,4,0.25,0,1,0,0,2,2,0,2,0,0,3,5,1.9,-4,12
P.J. Hairston,46,43,2016-01-27,23,CHO,A,UTA,-29,1,28:00,1,5,0.2,0,2,0,2,2,1,0,3,3,0,0,0,1,2,4,0,-5,7.3
P.J. Hairston,47,44,2016-01-29,23,CHO,A,POR,-18,0,14:27,0,2,0,0,1,0,0,0,NA,0,2,2,0,0,1,1,0,0,-1.1,-16,4
P.J. Hairston,48,45,2016-01-31,23,CHO,A,LAL,19,0,20:03,3,8,0.375,3,6,0.5,0,0,NA,1,2,3,1,2,0,1,2,9,6.8,-5,19.3
P.J. Hairston,49,46,2016-02-03,23,CHO,H,CLE,9,0,11:09,1,3,0.333,1,3,0.333,0,0,NA,0,0,0,1,0,0,1,1,3,0.6,2,4.5
P.J. Hairston,50,47,2016-02-05,23,CHO,H,MIA,-3,0,13:24,0,1,0,0,1,0,0,0,NA,0,2,2,0,0,0,1,2,0,-1.9,0,2
P.J. Hairston,53,48,2016-02-10,23,CHO,A,IND,22,0,1:37,0,0,NA,0,0,NA,0,0,NA,0,0,0,0,0,0,0,0,0,0,0,0
Tyler Hansbrough,4,1,2015-11-03,30,CHO,H,CHI,25,0,7:08,1,4,0.25,0,0,NA,4,4,1,3,0,3,0,0,0,1,1,6,4.3,-2,9.3
Tyler Hansbrough,5,2,2015-11-05,30,CHO,A,DAL,14,0,2:48,0,1,0,0,0,NA,0,0,NA,0,0,0,0,0,0,0,1,0,-1.1,-4,0
Tyler Hansbrough,6,3,2015-11-07,30,CHO,A,SAS,-20,0,3:51,0,0,NA,0,0,NA,0,0,NA,0,0,0,0,0,0,0,0,0,0,4,0
Tyler Hansbrough,13,4,2015-11-20,30,CHO,H,PHI,25,0,2:28,2,3,0.667,1,1,1,0,0,NA,0,1,1,1,1,0,0,0,5,5.7,9,10.3
Tyler Hansbrough,17,5,2015-11-29,30,CHO,H,MIL,5,0,8:55,1,1,1,0,0,NA,0,0,NA,1,1,2,1,0,2,0,3,2,3.6,3,10
Tyler Hansbrough,18,6,2015-12-02,30,CHO,H,GSW,-17,0,10:40,3,3,1,0,0,NA,2,4,0.5,1,2,3,1,2,1,1,0,8,10,5,18.8
Tyler Hansbrough,19,7,2015-12-05,30,CHO,A,CHI,6,0,2:40,1,1,1,0,0,NA,0,0,NA,0,0,0,0,0,0,0,0,2,1.7,2,2
Tyler Hansbrough,20,8,2015-12-07,30,CHO,H,DET,20,0,3:44,1,1,1,0,0,NA,1,4,0.25,0,2,2,0,0,0,0,0,3,2.1,-2,5.5
Tyler Hansbrough,21,9,2015-12-09,30,CHO,H,MIA,18,0,10:10,2,4,0.5,0,0,NA,0,0,NA,1,0,1,0,0,0,1,3,4,0.5,-8,4.8
Tyler Hansbrough,22,10,2015-12-11,30,CHO,A,MEM,24,0,6:15,1,2,0.5,1,1,1,1,2,0.5,0,2,2,1,0,1,0,1,4,4.2,-2,10.5
Tyler Hansbrough,24,11,2015-12-16,30,CHO,A,ORL,-15,0,10:34,0,2,0,0,0,NA,0,0,NA,1,2,3,0,0,0,0,2,0,-0.9,3,3.8
Tyler Hansbrough,25,12,2015-12-17,30,CHO,H,TOR,10,0,8:20,0,1,0,0,0,NA,0,0,NA,1,1,2,0,0,0,0,0,0,0.3,4,2.5
Tyler Hansbrough,26,13,2015-12-19,30,CHO,A,WAS,-8,0,3:37,0,1,0,0,0,NA,0,0,NA,0,1,1,0,0,0,2,1,0,-2.8,-8,0.3
Tyler Hansbrough,28,14,2015-12-23,30,CHO,H,BOS,-13,0,8:16,0,0,NA,0,0,NA,0,0,NA,1,2,3,0,0,0,0,1,0,0.9,7,3.8
Tyler Hansbrough,29,15,2015-12-26,30,CHO,H,MEM,6,0,4:25,0,0,NA,0,0,NA,0,0,NA,0,1,1,1,0,0,1,3,0,-1.2,-5,2.3
Tyler Hansbrough,31,16,2015-12-30,30,CHO,H,LAC,-5,0,15:00,1,1,1,0,0,NA,2,6,0.333,4,1,5,0,0,0,1,1,4,3.8,-8,9.8
Tyler Hansbrough,32,17,2016-01-01,30,CHO,A,TOR,-10,0,12:56,1,6,0.167,0,0,NA,0,0,NA,3,1,4,0,0,0,1,3,2,-1.6,-3,6.5
Tyler Hansbrough,33,18,2016-01-02,30,CHO,H,OKC,-19,0,14:43,1,1,1,0,0,NA,2,4,0.5,2,1,3,0,0,1,0,3,4,4.1,-6,9.8
Tyler Hansbrough,35,19,2016-01-06,30,CHO,A,PHO,-9,0,0:37,0,0,NA,0,0,NA,0,0,NA,0,1,1,0,0,0,0,0,0,0.3,2,1.3
Tyler Hansbrough,38,20,2016-01-13,30,CHO,H,ATL,23,0,5:34,1,2,0.5,0,0,NA,1,4,0.25,0,2,2,0,0,0,0,2,3,0.6,-11,5.5
Tyler Hansbrough,40,21,2016-01-16,30,CHO,H,MIL,-13,0,3:50,0,1,0,0,1,0,2,2,1,0,0,0,0,1,0,0,0,2,2.3,8,4
Tyler Hansbrough,42,22,2016-01-20,30,CHO,A,OKC,-14,0,7:12,0,2,0,0,0,NA,0,0,NA,3,0,3,0,1,0,3,2,0,-2.1,4,4.3
Tyler Hansbrough,43,23,2016-01-22,30,CHO,A,ORL,4,0,18:03,3,7,0.429,0,0,NA,0,0,NA,2,2,4,0,0,0,0,1,6,3.9,-4,11
Tyler Hansbrough,44,24,2016-01-23,30,CHO,H,NYK,13,0,13:32,0,0,NA,0,0,NA,1,2,0.5,0,2,2,1,0,0,0,2,1,1.1,2,5
Tyler Hansbrough,45,25,2016-01-25,30,CHO,A,SAC,1,0,19:35,1,3,0.333,0,0,NA,0,0,NA,4,2,6,0,0,0,0,6,2,1.3,1,9.5
Tyler Hansbrough,46,26,2016-01-27,30,CHO,A,UTA,-29,0,21:35,0,0,NA,0,0,NA,0,0,NA,1,2,3,1,2,0,0,2,0,3.2,-23,9.3
Tyler Hansbrough,47,27,2016-01-29,30,CHO,A,POR,-18,0,22:47,2,5,0.4,0,0,NA,8,10,0.8,6,8,14,0,2,1,0,2,12,17,-1,37
Tyler Hansbrough,48,28,2016-01-31,30,CHO,A,LAL,19,0,20:23,1,4,0.25,0,0,NA,2,5,0.4,1,2,3,0,2,1,0,3,4,3.2,4,13.8
Tyler Hansbrough,53,29,2016-02-10,30,CHO,A,IND,22,0,1:37,1,1,1,0,0,NA,0,0,NA,0,0,0,0,0,0,0,0,2,1.7,0,2
Tyler Hansbrough,54,30,2016-02-19,30,CHO,A,MIL,3,0,9:13,0,1,0,0,0,NA,0,0,NA,0,0,0,0,0,0,0,2,0,-1.5,-2,0
Tyler Hansbrough,55,31,2016-02-21,30,CHO,A,BRK,8,0,2:25,0,0,NA,0,0,NA,0,0,NA,0,0,0,0,0,0,0,0,0,0,-7,0
Tyler Hansbrough,56,32,2016-02-24,30,CHO,A,CLE,-11,0,4:11,0,0,NA,0,0,NA,2,4,0.5,0,2,2,0,0,0,0,1,2,1.4,9,4.5
Tyler Hansbrough,59,33,2016-03-01,30,CHO,H,PHO,34,0,7:49,0,1,0,0,0,NA,1,2,0.5,2,2,4,0,1,0,0,1,1,2.5,-8,8
Tyler Hansbrough,60,34,2016-03-02,30,CHO,A,PHI,20,0,1:45,0,0,NA,0,0,NA,0,0,NA,0,0,0,0,0,0,0,0,0,0,0,0
Tyler Hansbrough,64,35,2016-03-11,30,CHO,H,DET,15,0,2:42,2,2,1,0,0,NA,0,0,NA,0,1,1,0,0,0,0,0,4,3.7,0,5.3
Tyler Hansbrough,65,36,2016-03-12,30,CHO,H,HOU,16,0,2:46,1,1,1,0,0,NA,0,0,NA,0,1,1,0,0,0,0,0,2,2,-4,3.3
Tyler Hansbrough,68,37,2016-03-17,30,CHO,A,MIA,3,0,6:34,1,1,1,0,0,NA,0,0,NA,1,0,1,0,0,0,0,1,2,2,-4,3.3
Tyler Hansbrough,72,38,2016-03-25,30,CHO,A,DET,-7,0,7:42,1,2,0.5,0,0,NA,3,4,0.75,2,1,3,0,0,0,0,3,5,4.1,19,8.8
Tyler Hansbrough,73,39,2016-03-26,30,CHO,A,MIL,24,0,3:15,0,1,0,0,0,NA,0,0,NA,0,0,0,0,0,0,0,1,0,-1.1,-1,0
Tyler Hansbrough,74,40,2016-03-29,30,CHO,A,PHI,15,0,1:16,0,1,0,0,0,NA,0,0,NA,0,1,1,0,0,0,0,0,0,-0.4,-3,1.3
Tyler Hansbrough,79,41,2016-04-08,30,CHO,H,BRK,14,0,5:50,1,1,1,0,0,NA,2,2,1,0,0,0,0,0,0,0,0,4,3.7,-8,4
Tyler Hansbrough,80,42,2016-04-10,30,CHO,A,WAS,-15,0,2:45,0,0,NA,0,0,NA,0,0,NA,0,0,0,0,0,0,0,0,0,0,-1,0
Tyler Hansbrough,81,43,2016-04-11,30,CHO,A,BOS,14,0,1:12,0,0,NA,0,0,NA,0,0,NA,0,1,1,0,0,0,0,1,0,-0.1,-2,1.3
Tyler Hansbrough,82,44,2016-04-13,30,CHO,H,ORL,14,0,12:00,2,3,0.667,0,0,NA,4,6,0.667,0,1,1,1,0,0,1,2,8,5.1,7,10.3
Marvin Williams,1,1,2015-10-28,29,CHO,A,MIA,-10,1,37:52,4,10,0.4,0,5,0,2,2,1,2,8,10,3,0,0,1,1,10,9.1,4,28
Marvin Williams,2,2,2015-10-30,29,CHO,A,ATL,-3,1,35:36,5,11,0.455,3,5,0.6,0,0,NA,3,9,12,3,0,1,2,2,13,12.1,6,36.5
Marvin Williams,3,3,2015-11-01,29,CHO,H,ATL,-2,1,32:58,5,10,0.5,5,8,0.625,0,0,NA,0,5,5,1,0,3,2,0,15,12.3,4,30.3
Marvin Williams,4,4,2015-11-03,29,CHO,H,CHI,25,1,25:02,2,6,0.333,0,2,0,0,0,NA,2,8,10,3,0,0,0,0,4,6.5,22,21
Marvin Williams,5,5,2015-11-05,29,CHO,A,DAL,14,1,32:09,6,11,0.545,3,5,0.6,2,3,0.667,2,10,12,2,0,1,1,3,17,15.6,16,39.5
Marvin Williams,6,6,2015-11-07,29,CHO,A,SAS,-20,1,26:55,4,7,0.571,1,2,0.5,0,0,NA,0,4,4,0,1,0,0,1,9,7.5,7,16.5
Marvin Williams,7,7,2015-11-10,29,CHO,A,MIN,9,1,35:25,2,6,0.333,1,4,0.25,2,2,1,1,9,10,0,2,2,2,4,7,6.8,3,27
Marvin Williams,8,8,2015-11-11,29,CHO,H,NYK,2,1,29:01,3,6,0.5,1,3,0.333,1,2,0.5,1,1,2,1,1,3,0,1,8,9,-10,20.5
Marvin Williams,9,9,2015-11-13,29,CHO,A,CHI,-5,1,34:55,5,11,0.455,3,6,0.5,1,1,1,1,4,5,2,1,1,1,3,14,11.1,-8,28.3
Marvin Williams,10,10,2015-11-15,29,CHO,H,POR,12,1,34:28,3,8,0.375,0,3,0,1,2,0.5,0,8,8,2,1,2,1,2,7,6.6,9,25.5
Marvin Williams,11,11,2015-11-17,29,CHO,A,NYK,-8,1,29:52,1,4,0.25,0,2,0,0,0,NA,0,1,1,1,1,1,0,2,2,1.5,-2,8.8
Marvin Williams,12,12,2015-11-18,29,CHO,H,BRK,5,1,35:55,4,9,0.444,2,5,0.4,4,4,1,4,5,9,2,1,1,1,1,14,15.3,4,32.8
Marvin Williams,13,13,2015-11-20,29,CHO,H,PHI,25,1,28:31,3,7,0.429,2,3,0.667,3,3,1,3,6,9,0,1,2,1,2,11,11.8,18,28.8
Marvin Williams,14,14,2015-11-23,29,CHO,H,SAC,5,1,19:26,4,6,0.667,1,2,0.5,0,0,NA,1,1,2,0,1,0,1,4,9,5.8,-17,13.5
Marvin Williams,15,15,2015-11-25,29,CHO,H,WAS,14,1,32:57,5,7,0.714,2,3,0.667,2,2,1,4,7,11,0,1,1,2,0,14,15.7,11,33.3
Marvin Williams,16,16,2015-11-27,29,CHO,H,CLE,-5,1,33:23,3,8,0.375,2,6,0.333,2,2,1,1,1,2,3,0,2,0,5,10,8.1,8,22
Marvin Williams,17,17,2015-11-29,29,CHO,H,MIL,5,1,37:13,4,10,0.4,3,7,0.429,1,1,1,1,6,7,2,0,1,0,0,12,11.2,0,27.3
Marvin Williams,18,18,2015-12-02,29,CHO,H,GSW,-17,1,30:09,2,9,0.222,0,4,0,2,2,1,3,3,6,1,1,1,0,0,6,5.9,-17,19
Marvin Williams,19,19,2015-12-05,29,CHO,A,CHI,6,1,30:48,3,12,0.25,1,6,0.167,0,0,NA,2,7,9,3,2,0,0,2,7,6.6,5,27.3
Marvin Williams,20,20,2015-12-07,29,CHO,H,DET,20,1,27:43,6,8,0.75,2,4,0.5,0,0,NA,5,7,12,0,0,0,0,1,14,16,14,31.5
Marvin Williams,21,21,2015-12-09,29,CHO,H,MIA,18,1,22:52,7,11,0.636,4,6,0.667,0,0,NA,0,4,4,0,0,1,0,0,18,15,16,27
Marvin Williams,22,22,2015-12-11,29,CHO,A,MEM,24,1,30:41,3,7,0.429,1,5,0.2,0,0,NA,0,6,6,0,1,1,2,1,7,4.4,18,18
Marvin Williams,23,23,2015-12-12,29,CHO,H,BOS,-5,1,28:46,1,8,0.125,0,6,0,0,0,NA,1,6,7,1,0,1,1,1,2,-0.7,-16,13.8
Marvin Williams,24,24,2015-12-16,29,CHO,A,ORL,-15,1,26:15,2,7,0.286,2,5,0.4,0,0,NA,0,5,5,2,0,3,2,1,6,4.5,-19,21.3
Marvin Williams,25,25,2015-12-17,29,CHO,H,TOR,10,1,31:57,2,6,0.333,2,5,0.4,4,4,1,1,9,10,3,1,1,0,0,10,13.8,12,33.5
Marvin Williams,26,26,2015-12-19,29,CHO,A,WAS,-8,1,34:23,4,14,0.286,1,5,0.2,0,0,NA,6,3,9,1,1,1,1,3,9,6.1,-3,25.8
Marvin Williams,27,27,2015-12-21,29,CHO,A,HOU,-7,1,25:36,2,9,0.222,2,5,0.4,6,6,1,2,4,6,0,0,1,0,3,12,8.6,-8,22.5
Marvin Williams,28,28,2015-12-23,29,CHO,H,BOS,-13,1,16:58,1,5,0.2,1,3,0.333,0,0,NA,0,0,0,1,1,0,0,2,3,0.8,-13,7
Marvin Williams,29,29,2015-12-26,29,CHO,H,MEM,6,1,23:50,2,5,0.4,1,4,0.25,4,4,1,0,4,4,0,0,3,1,2,9,7.8,-6,20
Marvin Williams,30,30,2015-12-28,29,CHO,H,LAL,10,1,27:40,1,4,0.25,0,2,0,0,0,NA,2,9,11,3,0,0,0,1,2,5.4,11,20.3
Marvin Williams,31,31,2015-12-30,29,CHO,H,LAC,-5,1,24:19,2,8,0.25,1,4,0.25,0,0,NA,1,4,5,0,0,2,1,1,5,2.1,-1,15.3
Marvin Williams,32,32,2016-01-01,29,CHO,A,TOR,-10,1,26:24,6,12,0.5,3,6,0.5,2,2,1,1,3,4,1,0,1,1,2,17,12.2,-3,26.5
Marvin Williams,33,33,2016-01-02,29,CHO,H,OKC,-19,1,27:37,2,5,0.4,0,1,0,0,0,NA,2,6,8,1,0,2,0,1,4,6.2,-12,19.5
Marvin Williams,34,34,2016-01-04,29,CHO,A,GSW,-10,1,30:03,3,7,0.429,2,3,0.667,0,0,NA,0,6,6,1,0,0,0,0,8,6.8,-6,18
Marvin Williams,35,35,2016-01-06,29,CHO,A,PHO,-9,1,28:54,5,6,0.833,3,3,1,2,2,1,1,2,3,4,1,1,2,1,15,16.2,0,29.3
Marvin Williams,36,36,2016-01-09,29,CHO,A,LAC,-14,1,30:00,3,12,0.25,1,7,0.143,0,0,NA,2,1,3,1,0,1,0,1,7,2.5,-20,14.8
Marvin Williams,37,37,2016-01-10,29,CHO,A,DEN,-3,1,19:58,3,3,1,3,3,1,2,2,1,1,3,4,2,0,0,0,2,11,12.3,-2,20.5
Marvin Williams,38,38,2016-01-13,29,CHO,H,ATL,23,1,18:45,3,9,0.333,2,5,0.4,0,0,NA,0,7,7,2,1,1,0,2,8,7.3,28,24.8
Marvin Williams,39,39,2016-01-15,29,CHO,A,NOP,-2,1,27:05,3,6,0.5,1,3,0.333,3,4,0.75,0,3,3,4,0,1,1,5,10,8,9,21.8
Marvin Williams,40,40,2016-01-16,29,CHO,H,MIL,-13,1,25:16,5,11,0.455,2,6,0.333,2,2,1,4,3,7,2,1,1,1,0,14,14.1,-11,30.3
Marvin Williams,41,41,2016-01-18,29,CHO,H,UTA,5,1,44:18,5,8,0.625,3,4,0.75,6,6,1,0,7,7,1,1,0,2,3,19,16,5,31.8
Marvin Williams,42,42,2016-01-20,29,CHO,A,OKC,-14,1,24:19,1,4,0.25,0,2,0,1,2,0.5,0,3,3,1,1,1,1,0,3,2.5,-18,11.8
Marvin Williams,43,43,2016-01-22,29,CHO,A,ORL,4,1,33:40,3,11,0.273,0,4,0,5,5,1,3,11,14,2,2,1,1,1,11,12.6,0,38.5
Marvin Williams,44,44,2016-01-23,29,CHO,H,NYK,13,1,34:48,1,8,0.125,0,4,0,2,3,0.667,4,8,12,0,0,0,0,2,4,2.8,-3,19
Marvin Williams,45,45,2016-01-25,29,CHO,A,SAC,1,1,33:03,8,17,0.471,3,7,0.429,2,2,1,4,1,5,3,1,1,1,6,21,15.8,-4,36.8
Marvin Williams,46,46,2016-01-27,29,CHO,A,UTA,-29,1,22:38,3,10,0.3,0,3,0,3,3,1,1,4,5,1,1,0,1,1,9,5.4,0,18.3
Marvin Williams,47,47,2016-01-29,29,CHO,A,POR,-18,1,34:19,8,14,0.571,4,7,0.571,0,3,0,3,6,9,0,1,1,1,1,20,16.4,4,36.8
Marvin Williams,48,48,2016-01-31,29,CHO,A,LAL,19,1,24:47,7,13,0.538,4,8,0.5,1,2,0.5,4,8,12,2,1,3,2,1,19,19.6,19,47.5
Marvin Williams,49,49,2016-02-03,29,CHO,H,CLE,9,1,24:19,5,7,0.714,3,5,0.6,3,3,1,0,4,4,0,1,0,0,0,16,15.3,-3,24.5
Marvin Williams,50,50,2016-02-05,29,CHO,H,MIA,-3,1,32:26,12,17,0.706,2,4,0.5,1,1,1,0,4,4,2,0,1,0,2,27,22.4,3,38
Marvin Williams,51,51,2016-02-06,29,CHO,H,WAS,4,1,28:30,5,6,0.833,2,3,0.667,1,2,0.5,2,8,10,1,0,0,0,2,13,14.1,-1,29.5
Marvin Williams,52,52,2016-02-08,29,CHO,H,CHI,17,1,29:33,3,7,0.429,3,6,0.5,0,0,NA,1,4,5,0,1,2,0,1,9,9.2,18,22.8
Marvin Williams,53,53,2016-02-10,29,CHO,A,IND,22,1,18:04,3,7,0.429,2,4,0.5,0,0,NA,0,0,0,1,0,1,0,2,8,4.9,2,12.5
Marvin Williams,54,54,2016-02-19,29,CHO,A,MIL,3,1,29:22,5,15,0.333,2,7,0.286,3,4,0.75,1,4,5,0,1,2,1,2,15,8.6,-9,27.8
Marvin Williams,55,55,2016-02-21,29,CHO,A,BRK,8,1,30:46,3,6,0.5,1,2,0.5,2,2,1,3,9,12,4,2,0,1,1,9,14.2,4,34
Marvin Williams,56,56,2016-02-24,29,CHO,A,CLE,-11,1,24:31,2,8,0.25,1,5,0.2,4,4,1,0,10,10,2,2,0,2,3,9,7.4,-5,28
Marvin Williams,57,57,2016-02-26,29,CHO,A,IND,1,1,34:53,9,13,0.692,5,9,0.556,3,4,0.75,2,11,13,1,1,2,1,2,26,26.1,1,53.3
Marvin Williams,58,58,2016-02-28,29,CHO,A,ATL,-11,1,31:33,6,18,0.333,4,9,0.444,0,0,NA,2,7,9,1,0,0,1,0,16,9,-10,30.3
Marvin Williams,59,59,2016-03-01,29,CHO,H,PHO,34,1,28:14,2,5,0.4,1,3,0.333,0,0,NA,0,6,6,2,3,0,2,1,5,6.1,34,21
Marvin Williams,60,60,2016-03-02,29,CHO,A,PHI,20,1,29:50,6,11,0.545,2,4,0.5,0,0,NA,3,6,9,0,1,2,1,1,14,13.6,15,31.8
Marvin Williams,61,61,2016-03-04,29,CHO,H,IND,7,1,27:20,2,4,0.5,1,3,0.333,0,0,NA,1,5,6,0,0,0,1,3,5,3,-8,12.5
Marvin Williams,62,62,2016-03-07,29,CHO,H,MIN,5,1,30:15,6,12,0.5,3,6,0.5,0,0,NA,1,6,7,1,1,3,1,1,15,13.9,-6,34.3
Marvin Williams,63,63,2016-03-09,29,CHO,H,NOP,9,1,29:55,5,9,0.556,2,5,0.4,2,2,1,1,4,5,4,1,0,1,1,14,14,9,28.8
Marvin Williams,64,64,2016-03-11,29,CHO,H,DET,15,1,25:20,7,12,0.583,5,8,0.625,3,4,0.75,3,3,6,0,0,0,1,4,22,16.4,0,31.5
Marvin Williams,65,65,2016-03-12,29,CHO,H,HOU,16,1,27:24,9,16,0.563,3,5,0.6,4,4,1,3,1,4,0,2,0,1,2,25,20,15,35
Marvin Williams,66,66,2016-03-14,29,CHO,H,DAL,-11,1,32:55,8,17,0.471,1,5,0.2,2,4,0.5,0,7,7,0,0,1,1,4,19,9.7,-5,29.8
Marvin Williams,67,67,2016-03-16,29,CHO,H,ORL,8,1,30:14,10,21,0.476,4,10,0.4,2,2,1,4,5,9,2,1,1,0,1,26,22.3,14,46.3
Marvin Williams,68,68,2016-03-17,29,CHO,A,MIA,3,1,31:57,4,8,0.5,4,5,0.8,0,2,0,2,3,5,1,2,0,0,1,12,11.8,16,25.8
Marvin Williams,69,69,2016-03-19,29,CHO,H,DEN,-8,1,31:34,2,9,0.222,0,4,0,1,2,0.5,2,3,5,1,1,2,1,1,5,3.1,-6,18.3
Marvin Williams,70,70,2016-03-21,29,CHO,H,SAS,3,1,21:50,2,7,0.286,2,4,0.5,0,0,NA,0,2,2,2,0,1,1,1,6,3.2,-5,14
Marvin Williams,72,71,2016-03-25,29,CHO,A,DET,-7,1,22:05,2,6,0.333,0,2,0,3,3,1,0,2,2,2,0,0,0,0,7,5.6,-5,12.5
Marvin Williams,73,72,2016-03-26,29,CHO,A,MIL,24,1,33:37,8,12,0.667,4,7,0.571,1,2,0.5,1,7,8,1,0,3,1,2,21,19.2,33,40
Marvin Williams,74,73,2016-03-29,29,CHO,A,PHI,15,1,30:54,3,10,0.3,0,4,0,2,2,1,5,4,9,2,0,0,0,0,8,8.3,23,22.3
Marvin Williams,75,74,2016-04-01,29,CHO,H,PHI,9,1,30:13,3,9,0.333,0,4,0,1,3,0.333,0,5,5,1,0,1,1,0,7,3,10,16.3
Marvin Williams,76,75,2016-04-03,29,CHO,A,CLE,-9,1,37:49,8,11,0.727,4,6,0.667,2,2,1,1,5,6,3,1,1,3,4,22,18.9,8,38.5
Marvin Williams,77,76,2016-04-05,29,CHO,A,TOR,-6,1,31:19,5,11,0.455,3,6,0.5,2,2,1,3,3,6,1,2,0,0,2,15,14.2,7,29.5
Marvin Williams,78,77,2016-04-06,29,CHO,A,NYK,14,1,31:10,4,11,0.364,1,3,0.333,4,4,1,1,2,3,2,2,0,0,4,13,10,10,24.3
Marvin Williams,79,78,2016-04-08,29,CHO,H,BRK,14,1,21:55,4,7,0.571,1,4,0.25,3,4,0.75,2,1,3,1,3,1,0,4,12,12.8,8,25.8
Marvin Williams,80,79,2016-04-10,29,CHO,A,WAS,-15,1,20:19,5,11,0.455,2,4,0.5,2,2,1,3,3,6,3,0,0,2,2,14,10.6,-5,26
Marvin Williams,81,80,2016-04-11,29,CHO,A,BOS,14,1,28:46,6,13,0.462,4,8,0.5,0,1,0,1,0,1,1,1,2,1,1,16,11.3,21,26.3
Marvin Williams,82,81,2016-04-13,29,CHO,H,ORL,14,1,9:48,4,5,0.8,2,3,0.667,1,1,1,0,4,4,0,0,0,0,0,11,10.3,12,17
Frank Kaminsky,1,1,2015-10-28,22,CHO,A,MIA,-10,0,6:07,0,2,0,0,1,0,0,0,NA,0,1,1,0,0,0,0,0,0,-1.1,-4,1.3
Frank Kaminsky,2,2,2015-10-30,22,CHO,A,ATL,-3,0,13:31,2,5,0.4,1,2,0.5,0,0,NA,0,3,3,1,0,0,0,1,5,3.5,8,10.8
Frank Kaminsky,3,3,2015-11-01,22,CHO,H,ATL,-2,0,5:59,1,1,1,1,1,1,0,0,NA,0,0,0,0,0,0,0,0,3,2.7,2,3.5
Frank Kaminsky,4,4,2015-11-03,22,CHO,H,CHI,25,0,20:31,2,6,0.333,2,2,1,0,0,NA,1,2,3,3,1,0,0,0,6,7,-2,17.3
Frank Kaminsky,5,5,2015-11-05,22,CHO,A,DAL,14,0,4:53,0,0,NA,0,0,NA,0,0,NA,0,0,0,0,0,0,0,1,0,-0.4,-4,0
Frank Kaminsky,6,6,2015-11-07,22,CHO,A,SAS,-20,0,9:20,2,3,0.667,1,1,1,3,4,0.75,0,0,0,2,0,0,0,1,8,7.3,9,11.5
Frank Kaminsky,7,7,2015-11-10,22,CHO,A,MIN,9,0,2:37,0,0,NA,0,0,NA,0,0,NA,0,0,0,0,0,0,1,0,0,-1,-5,-0.5
Frank Kaminsky,8,8,2015-11-11,22,CHO,H,NYK,2,0,9:31,1,2,0.5,0,1,0,0,0,NA,0,2,2,1,3,0,0,0,2,5.3,14,12
Frank Kaminsky,9,9,2015-11-13,22,CHO,A,CHI,-5,0,19:47,2,9,0.222,1,3,0.333,0,0,NA,1,2,3,1,0,1,0,3,5,1,-4,12.8
Frank Kaminsky,11,10,2015-11-17,22,CHO,A,NYK,-8,0,23:52,1,5,0.2,0,1,0,0,0,NA,1,4,5,1,0,2,0,2,2,2.1,3,13.8
Frank Kaminsky,12,11,2015-11-18,22,CHO,H,BRK,5,0,22:36,4,6,0.667,1,2,0.5,2,2,1,1,2,3,1,1,1,3,0,11,9.1,5,19.3
Frank Kaminsky,13,12,2015-11-20,22,CHO,H,PHI,25,0,19:29,4,4,1,1,1,1,0,0,NA,0,3,3,3,0,2,0,3,9,11,7,21.8
Frank Kaminsky,14,13,2015-11-23,22,CHO,H,SAC,5,0,20:53,4,8,0.5,1,4,0.25,0,0,NA,2,3,5,0,0,0,0,0,9,7.3,23,15.8
Frank Kaminsky,15,14,2015-11-25,22,CHO,H,WAS,14,0,17:27,1,4,0.25,0,1,0,0,0,NA,1,1,2,0,0,0,1,1,2,-0.8,-6,4
Frank Kaminsky,16,15,2015-11-27,22,CHO,H,CLE,-5,0,18:38,1,4,0.25,0,1,0,1,2,0.5,1,1,2,1,0,0,1,3,3,-0.3,-9,6.5
Frank Kaminsky,17,16,2015-11-29,22,CHO,H,MIL,5,0,17:11,2,8,0.25,0,2,0,0,0,NA,0,4,4,2,1,1,0,1,4,3.1,19,16
Frank Kaminsky,18,17,2015-12-02,22,CHO,H,GSW,-17,0,26:40,5,8,0.625,3,3,1,3,5,0.6,1,0,1,1,0,1,0,4,16,12.1,-7,22.3
Frank Kaminsky,19,18,2015-12-05,22,CHO,A,CHI,6,0,10:51,1,6,0.167,0,3,0,0,0,NA,0,3,3,0,0,0,0,1,2,-1.3,-8,5.8
Frank Kaminsky,20,19,2015-12-07,22,CHO,H,DET,20,0,30:51,3,5,0.6,1,2,0.5,0,0,NA,0,4,4,1,0,1,2,4,7,3.7,12,15
Frank Kaminsky,21,20,2015-12-09,22,CHO,H,MIA,18,0,28:48,2,6,0.333,0,2,0,1,2,0.5,0,7,7,6,1,0,1,3,5,6.3,6,24.3
Frank Kaminsky,22,21,2015-12-11,22,CHO,A,MEM,24,0,27:09,4,6,0.667,1,2,0.5,6,6,1,1,5,6,3,0,0,0,3,15,15.5,15,27.5
Frank Kaminsky,23,22,2015-12-12,22,CHO,H,BOS,-5,0,22:39,1,1,1,1,1,1,0,0,NA,0,6,6,2,0,1,1,0,3,5.6,14,15.5
Frank Kaminsky,24,23,2015-12-16,22,CHO,A,ORL,-15,0,26:07,4,8,0.5,1,4,0.25,0,0,NA,1,4,5,0,2,0,2,2,9,6.1,-9,18.8
Frank Kaminsky,25,24,2015-12-17,22,CHO,H,TOR,10,0,27:18,1,6,0.167,0,4,0,4,6,0.667,0,6,6,1,0,3,1,1,6,4.6,0,20.5
Frank Kaminsky,26,25,2015-12-19,22,CHO,A,WAS,-8,0,18:35,2,4,0.5,1,3,0.333,1,2,0.5,2,3,5,1,0,1,0,2,6,6.5,-3,16.3
Frank Kaminsky,27,26,2015-12-21,22,CHO,A,HOU,-7,0,22:33,4,8,0.5,2,5,0.4,2,3,0.667,0,5,5,0,0,1,0,0,12,9.8,-1,21.3
Frank Kaminsky,28,27,2015-12-23,22,CHO,H,BOS,-13,0,31:02,9,20,0.45,2,7,0.286,3,6,0.5,2,5,7,2,0,1,1,3,23,14.2,0,37.3
Frank Kaminsky,29,28,2015-12-26,22,CHO,H,MEM,6,0,25:58,2,8,0.25,1,4,0.25,5,6,0.833,0,2,2,0,2,2,1,3,10,6.6,7,20
Frank Kaminsky,30,29,2015-12-28,22,CHO,H,LAL,10,0,20:20,1,4,0.25,0,1,0,4,4,1,1,3,4,1,0,2,0,2,6,6.5,-1,16.5
Frank Kaminsky,31,30,2015-12-30,22,CHO,H,LAC,-5,0,28:33,5,15,0.333,2,6,0.333,8,8,1,2,2,4,1,0,0,3,3,20,10,0,26
Frank Kaminsky,32,31,2016-01-01,22,CHO,A,TOR,-10,0,27:14,5,10,0.5,1,5,0.2,2,2,1,2,2,4,2,3,0,1,4,13,11.8,-7,27
Frank Kaminsky,33,32,2016-01-02,22,CHO,H,OKC,-19,0,32:54,2,11,0.182,0,2,0,2,4,0.5,0,6,6,2,0,0,2,2,6,-1.3,-8,15.5
Frank Kaminsky,34,33,2016-01-04,22,CHO,A,GSW,-10,0,25:31,3,7,0.429,0,0,NA,0,0,NA,2,3,5,3,0,0,0,0,6,6.7,-5,16.8
Frank Kaminsky,35,34,2016-01-06,22,CHO,A,PHO,-9,0,23:13,1,8,0.125,0,3,0,1,2,0.5,1,4,5,2,0,1,2,0,3,-0.6,-13,13.3
Frank Kaminsky,36,35,2016-01-09,22,CHO,A,LAC,-14,0,18:00,1,6,0.167,0,1,0,2,2,1,1,4,5,2,0,0,2,1,4,1.1,6,12.3
Frank Kaminsky,37,36,2016-01-10,22,CHO,A,DEN,-3,0,25:39,4,12,0.333,2,5,0.4,4,5,0.8,1,4,5,2,1,1,1,2,14,10,0,27.8
Frank Kaminsky,38,37,2016-01-13,22,CHO,H,ATL,23,0,29:15,2,7,0.286,2,4,0.5,0,0,NA,0,8,8,2,2,1,1,3,6,6.2,-5,25.5
Frank Kaminsky,39,38,2016-01-15,22,CHO,A,NOP,-2,0,24:45,7,9,0.778,2,2,1,2,4,0.5,1,5,6,1,0,0,1,1,18,15.2,-9,27.5
Frank Kaminsky,40,39,2016-01-16,22,CHO,H,MIL,-13,0,29:35,5,12,0.417,2,6,0.333,0,0,NA,0,5,5,0,1,0,0,2,12,7.3,-10,21.3
Frank Kaminsky,41,40,2016-01-18,22,CHO,H,UTA,5,0,24:39,7,12,0.583,1,1,1,2,3,0.667,3,4,7,0,0,1,3,1,17,11.6,-5,26.8
Frank Kaminsky,42,41,2016-01-20,22,CHO,A,OKC,-14,0,31:28,6,12,0.5,2,4,0.5,1,2,0.5,1,5,6,4,0,1,0,2,15,13.5,4,31.5
Frank Kaminsky,43,42,2016-01-22,22,CHO,A,ORL,4,0,26:46,2,9,0.222,1,1,1,0,0,NA,4,2,6,1,1,0,1,0,5,3.6,3,16
Frank Kaminsky,44,43,2016-01-23,22,CHO,H,NYK,13,0,17:45,2,4,0.5,1,1,1,4,7,0.571,0,3,3,1,0,0,1,3,9,5.2,14,14.3
Frank Kaminsky,45,44,2016-01-25,22,CHO,A,SAC,1,0,29:11,1,10,0.1,0,4,0,2,2,1,3,5,8,3,2,0,1,1,4,3.7,-1,22
Frank Kaminsky,46,45,2016-01-27,22,CHO,A,UTA,-29,0,25:22,2,6,0.333,0,3,0,4,4,1,0,1,1,1,0,0,1,1,8,4.2,-29,10.3
Frank Kaminsky,47,46,2016-01-29,22,CHO,A,POR,-18,0,13:41,1,4,0.25,0,3,0,0,0,NA,1,0,1,0,0,0,0,0,2,0.3,-22,3.3
Frank Kaminsky,48,47,2016-01-31,22,CHO,A,LAL,19,0,23:13,5,9,0.556,0,1,0,1,3,0.333,1,2,3,3,0,2,0,2,11,9.9,0,23.3
Frank Kaminsky,49,48,2016-02-03,22,CHO,H,CLE,9,0,23:41,7,8,0.875,1,2,0.5,0,0,NA,3,3,6,1,0,0,0,1,15,15.5,12,24.5
Frank Kaminsky,50,49,2016-02-05,22,CHO,H,MIA,-3,0,15:34,0,2,0,0,1,0,0,0,NA,0,3,3,3,0,0,2,2,0,-1.2,-6,7.3
Frank Kaminsky,51,50,2016-02-06,22,CHO,H,WAS,4,0,19:30,2,5,0.4,1,1,1,0,0,NA,0,3,3,1,0,2,2,2,5,2.5,5,13.8
Frank Kaminsky,52,51,2016-02-08,22,CHO,H,CHI,17,0,18:48,0,3,0,0,2,0,5,6,0.833,0,4,4,0,0,0,1,2,5,1.9,-1,9.5
Frank Kaminsky,53,52,2016-02-10,22,CHO,A,IND,22,0,29:56,4,11,0.364,2,7,0.286,0,0,NA,1,7,8,2,0,1,2,3,10,5.6,20,25
Frank Kaminsky,54,53,2016-02-19,22,CHO,A,MIL,3,1,24:00,2,6,0.333,0,1,0,0,0,NA,2,3,5,0,0,0,2,2,4,0.1,-10,9.3
Frank Kaminsky,55,54,2016-02-21,22,CHO,A,BRK,8,0,17:14,1,3,0.333,0,2,0,0,0,NA,0,3,3,1,1,0,0,2,2,2.1,4,9.3
Frank Kaminsky,56,55,2016-02-24,22,CHO,A,CLE,-11,0,23:29,5,9,0.556,3,6,0.5,3,4,0.75,0,4,4,1,0,0,1,1,16,11.8,-6,23.5
Frank Kaminsky,57,56,2016-02-26,22,CHO,A,IND,1,0,13:07,0,2,0,0,1,0,0,0,NA,1,2,3,0,1,1,1,1,0,0.2,0,7.3
Frank Kaminsky,58,57,2016-02-28,22,CHO,A,ATL,-11,0,18:20,2,6,0.333,0,4,0,0,0,NA,1,2,3,2,1,0,1,2,4,2.5,1,12.3
Frank Kaminsky,59,58,2016-03-01,22,CHO,H,PHO,34,0,19:46,3,8,0.375,2,3,0.667,1,2,0.5,3,4,7,2,0,2,0,4,9,8.7,0,25.8
Frank Kaminsky,60,59,2016-03-02,22,CHO,A,PHI,20,0,17:43,3,5,0.6,1,3,0.333,0,0,NA,1,7,8,3,1,0,0,2,7,9.8,8,24
Frank Kaminsky,61,60,2016-03-04,22,CHO,H,IND,7,0,20:40,2,4,0.5,2,3,0.667,2,2,1,1,4,5,2,1,1,0,0,8,11,15,22.3
Frank Kaminsky,62,61,2016-03-07,22,CHO,H,MIN,5,0,18:12,1,4,0.25,0,2,0,0,0,NA,1,1,2,0,3,0,0,2,2,2.8,9,10.5
Frank Kaminsky,63,62,2016-03-09,22,CHO,H,NOP,9,0,18:05,4,8,0.5,2,3,0.667,0,0,NA,0,5,5,1,2,1,0,1,10,10.5,0,24.8
Frank Kaminsky,64,63,2016-03-11,22,CHO,H,DET,15,0,24:36,4,6,0.667,1,1,1,1,2,0.5,1,3,4,0,0,2,1,1,10,8.6,10,19
Frank Kaminsky,65,64,2016-03-12,22,CHO,H,HOU,16,0,20:36,2,6,0.333,1,5,0.2,0,0,NA,1,1,2,1,0,0,3,4,5,-1.3,1,8
Frank Kaminsky,66,65,2016-03-14,22,CHO,H,DAL,-11,0,15:05,2,7,0.286,0,1,0,1,3,0.333,1,6,7,1,0,0,0,3,5,2.1,-6,15.3
Frank Kaminsky,67,66,2016-03-16,22,CHO,H,ORL,8,0,17:46,1,5,0.2,0,1,0,4,4,1,2,5,7,1,2,0,1,2,6,6.7,-6,19.8
Frank Kaminsky,68,67,2016-03-17,22,CHO,A,MIA,3,0,16:24,3,4,0.75,0,0,NA,0,0,NA,0,1,1,1,0,0,0,1,6,5,-13,8.8
Frank Kaminsky,69,68,2016-03-19,22,CHO,H,DEN,-8,0,16:26,1,2,0.5,0,0,NA,2,2,1,0,2,2,1,0,0,0,1,4,3.9,-2,8
Frank Kaminsky,70,69,2016-03-21,22,CHO,H,SAS,3,0,26:10,2,9,0.222,0,3,0,1,2,0.5,0,1,1,0,1,0,0,0,5,0.4,8,8.3
Frank Kaminsky,71,70,2016-03-22,22,CHO,A,BRK,5,1,27:40,5,11,0.455,2,5,0.4,2,2,1,1,6,7,1,0,2,1,2,14,11.1,1,28.8
Frank Kaminsky,72,71,2016-03-25,22,CHO,A,DET,-7,0,16:35,1,3,0.333,1,2,0.5,0,0,NA,0,1,1,0,0,0,0,2,3,0.8,-21,4.8
Frank Kaminsky,73,72,2016-03-26,22,CHO,A,MIL,24,0,16:35,2,3,0.667,0,0,NA,0,0,NA,0,1,1,1,0,0,0,0,4,3.7,-12,6.8
Frank Kaminsky,74,73,2016-03-29,22,CHO,A,PHI,15,0,17:06,2,5,0.4,0,1,0,2,2,1,1,3,4,0,0,0,0,0,6,4.9,-8,11
Frank Kaminsky,75,74,2016-04-01,22,CHO,H,PHI,9,0,17:47,3,7,0.429,1,4,0.25,1,2,0.5,0,6,6,0,1,1,3,3,8,3.2,-1,18.5
Frank Kaminsky,76,75,2016-04-03,22,CHO,A,CLE,-9,0,24:10,2,4,0.5,1,2,0.5,0,0,NA,1,3,4,1,1,1,1,1,5,5.6,-9,15.5
Frank Kaminsky,77,76,2016-04-05,23,CHO,A,TOR,-6,0,29:45,3,10,0.3,2,7,0.286,1,2,0.5,1,5,6,1,0,1,0,2,9,5.6,-5,21
Frank Kaminsky,78,77,2016-04-06,23,CHO,A,NYK,14,1,23:48,7,13,0.538,2,5,0.4,0,1,0,2,2,4,3,1,0,0,1,16,14,6,28.5
Frank Kaminsky,79,78,2016-04-08,23,CHO,H,BRK,14,0,21:18,5,8,0.625,1,2,0.5,1,1,1,1,3,4,1,1,0,0,1,12,11.3,9,21
Frank Kaminsky,80,79,2016-04-10,23,CHO,A,WAS,-15,0,30:19,4,8,0.5,3,3,1,7,9,0.778,2,9,11,0,0,0,0,2,18,16.5,-12,34.8
Frank Kaminsky,81,80,2016-04-11,23,CHO,A,BOS,14,0,19:14,2,5,0.4,1,2,0.5,3,4,0.75,2,5,7,1,0,1,0,1,8,8.8,-7,20.8
Frank Kaminsky,82,81,2016-04-13,23,CHO,H,ORL,14,0,20:13,1,5,0.2,0,1,0,1,2,0.5,0,2,2,1,0,0,1,0,3,-0.2,5,6.5
Spencer Hawes,1,1,2015-10-28,27,CHO,A,MIA,-10,0,18:19,3,5,0.6,0,1,0,1,2,0.5,0,3,3,0,0,0,0,2,7,4.4,-14,10.8
Spencer Hawes,2,2,2015-10-30,27,CHO,A,ATL,-3,0,17:51,4,6,0.667,0,0,NA,0,3,0,1,3,4,4,2,0,2,5,8,6.6,-9,22
Spencer Hawes,3,3,2015-11-01,27,CHO,H,ATL,-2,0,18:24,1,8,0.125,0,2,0,0,0,NA,1,3,4,2,1,1,1,4,2,-1.1,-2,13.5
Spencer Hawes,4,4,2015-11-03,27,CHO,H,CHI,25,0,19:35,5,6,0.833,3,3,1,0,0,NA,0,3,3,2,0,0,1,1,13,11.7,24,20.8
Spencer Hawes,5,5,2015-11-05,27,CHO,A,DAL,14,0,18:24,0,4,0,0,2,0,0,0,NA,0,4,4,3,0,1,2,3,0,-2,8,10.5
Spencer Hawes,6,6,2015-11-07,27,CHO,A,SAS,-20,0,13:55,2,3,0.667,0,0,NA,0,0,NA,0,2,2,0,0,0,2,1,4,0.9,-28,5.5
Spencer Hawes,7,7,2015-11-10,27,CHO,A,MIN,9,0,19:03,1,6,0.167,0,2,0,0,0,NA,0,2,2,2,1,0,1,3,2,-1,22,9
Spencer Hawes,8,8,2015-11-11,27,CHO,H,NYK,2,0,19:08,0,2,0,0,2,0,0,0,NA,1,3,4,5,0,0,0,1,0,3.3,11,12.5
Spencer Hawes,9,9,2015-11-13,27,CHO,A,CHI,-5,0,17:17,1,5,0.2,0,1,0,0,0,NA,1,3,4,1,0,0,0,2,2,0.4,-15,8.5
Spencer Hawes,10,10,2015-11-15,27,CHO,H,POR,12,0,17:33,0,2,0,0,1,0,2,2,1,0,2,2,4,0,1,1,2,2,2.9,2,12
Spencer Hawes,11,11,2015-11-17,27,CHO,A,NYK,-8,0,17:24,4,10,0.4,2,4,0.5,4,4,1,3,2,5,1,0,1,1,2,14,10.9,5,24.3
Spencer Hawes,12,12,2015-11-18,27,CHO,H,BRK,5,0,17:37,5,7,0.714,2,2,1,0,0,NA,0,4,4,2,0,0,0,1,12,11.3,13,21
Spencer Hawes,13,13,2015-11-20,27,CHO,H,PHI,25,0,14:52,1,6,0.167,0,4,0,2,2,1,0,5,5,2,0,0,2,3,4,-0.1,-2,12.3
Spencer Hawes,14,14,2015-11-23,27,CHO,H,SAC,5,0,7:39,0,1,0,0,1,0,0,0,NA,0,2,2,2,0,0,1,1,0,-0.1,-6,5
Spencer Hawes,16,15,2015-11-27,27,CHO,H,CLE,-5,0,5:24,2,2,1,0,0,NA,0,0,NA,0,0,0,1,0,0,0,2,4,3.3,1,5.5
Spencer Hawes,17,16,2015-11-29,27,CHO,H,MIL,5,0,16:24,1,4,0.25,1,1,1,2,2,1,0,8,8,0,0,0,2,2,5,2.2,4,14.5
Spencer Hawes,18,17,2015-12-02,27,CHO,H,GSW,-17,0,20:11,5,9,0.556,0,2,0,2,2,1,2,3,5,2,0,0,1,1,12,10,-8,20.8
Spencer Hawes,19,18,2015-12-05,27,CHO,A,CHI,6,0,22:35,4,6,0.667,3,4,0.75,3,4,0.75,4,3,7,4,0,0,2,2,14,14.7,-1,29.3
Spencer Hawes,20,19,2015-12-07,27,CHO,H,DET,20,0,15:53,4,8,0.5,0,2,0,0,0,NA,0,3,3,1,0,0,0,0,8,5.6,2,13.3
Spencer Hawes,21,20,2015-12-09,27,CHO,H,MIA,18,0,17:12,2,4,0.5,1,1,1,0,0,NA,0,3,3,0,0,0,1,4,5,1.3,14,8.8
Spencer Hawes,22,21,2015-12-11,27,CHO,A,MEM,24,0,16:40,0,2,0,0,0,NA,8,8,1,0,2,2,1,0,0,3,2,8,4.1,16,10.5
Spencer Hawes,23,22,2015-12-12,27,CHO,H,BOS,-5,0,20:36,4,6,0.667,2,3,0.667,0,0,NA,1,7,8,3,0,0,1,1,10,10.9,19,25
Spencer Hawes,24,23,2015-12-16,27,CHO,A,ORL,-15,0,18:08,1,4,0.25,0,1,0,0,0,NA,0,1,1,0,0,0,1,1,2,-1.5,-8,2.8
Spencer Hawes,25,24,2015-12-17,27,CHO,H,TOR,10,0,23:13,2,2,1,1,1,1,0,0,NA,0,10,10,4,3,1,1,5,5,10.9,12,31.5
Spencer Hawes,26,25,2015-12-19,27,CHO,A,WAS,-8,0,18:17,4,8,0.5,1,2,0.5,0,0,NA,1,3,4,2,0,0,1,1,9,6.6,6,17
Spencer Hawes,27,26,2015-12-21,27,CHO,A,HOU,-7,0,21:25,1,5,0.2,1,2,0.5,0,0,NA,0,1,1,2,3,1,1,3,3,3.1,-2,15.3
Spencer Hawes,28,27,2015-12-23,27,CHO,H,BOS,-13,0,5:53,0,2,0,0,0,NA,0,0,NA,0,1,1,0,0,0,2,1,0,-3.5,-4,0.3
Spencer Hawes,34,28,2016-01-04,27,CHO,A,GSW,-10,0,20:03,1,6,0.167,0,2,0,4,4,1,0,4,4,4,0,0,2,2,6,3.4,-10,16
Spencer Hawes,35,29,2016-01-06,27,CHO,A,PHO,-9,0,9:06,0,5,0,0,1,0,0,0,NA,1,3,4,1,0,0,0,1,0,-1.6,-11,6.5
Spencer Hawes,36,30,2016-01-09,27,CHO,A,LAC,-14,0,14:54,2,5,0.4,1,2,0.5,2,2,1,1,3,4,1,0,0,1,0,7,5.6,5,13.5
Spencer Hawes,37,31,2016-01-10,27,CHO,A,DEN,-3,0,16:56,2,6,0.333,2,2,1,2,2,1,1,3,4,3,2,1,2,1,8,8.6,3,23.5
Spencer Hawes,38,32,2016-01-13,27,CHO,H,ATL,23,0,15:19,1,3,0.333,1,3,0.333,0,0,NA,1,4,5,1,0,1,1,1,3,3.2,14,12.8
Spencer Hawes,39,33,2016-01-15,27,CHO,A,NOP,-2,0,11:17,2,5,0.4,0,2,0,0,0,NA,1,2,3,2,0,0,1,2,4,2.2,-6,10.3
Spencer Hawes,40,34,2016-01-16,27,CHO,H,MIL,-13,0,21:02,3,7,0.429,0,2,0,1,2,0.5,3,6,9,3,0,0,0,2,7,8.1,-11,22.8
Spencer Hawes,41,35,2016-01-18,27,CHO,H,UTA,5,0,15:56,0,1,0,0,1,0,0,0,NA,0,0,0,1,0,1,0,0,0,0.7,-6,3.5
Spencer Hawes,42,36,2016-01-20,27,CHO,A,OKC,-14,0,26:46,2,8,0.25,0,2,0,2,2,1,1,5,6,3,0,0,1,1,6,4.1,-3,17.5
Spencer Hawes,43,37,2016-01-22,27,CHO,A,ORL,4,1,32:23,7,14,0.5,1,4,0.25,1,1,1,3,7,10,3,0,1,0,3,16,14.8,11,37
Spencer Hawes,44,38,2016-01-23,27,CHO,H,NYK,13,1,34:28,1,7,0.143,0,2,0,0,0,NA,3,7,10,3,2,1,0,2,2,5.7,11,25
Spencer Hawes,45,39,2016-01-25,27,CHO,A,SAC,1,1,30:06,7,10,0.7,4,5,0.8,0,0,NA,2,5,7,0,2,0,1,6,18,15.3,2,32.3
Spencer Hawes,46,40,2016-01-27,27,CHO,A,UTA,-29,1,26:25,3,7,0.429,2,3,0.667,1,2,0.5,1,3,4,2,0,0,1,2,9,6.1,-6,17.5
Spencer Hawes,47,41,2016-01-29,27,CHO,A,POR,-18,1,25:13,2,6,0.333,1,3,0.333,0,0,NA,0,5,5,4,1,0,0,3,5,5.7,-17,19.8
Spencer Hawes,48,42,2016-01-31,27,CHO,A,LAL,19,1,27:37,2,8,0.25,0,3,0,0,0,NA,1,5,6,5,1,2,1,1,4,5.9,15,24.5
Spencer Hawes,49,43,2016-02-03,27,CHO,H,CLE,9,0,20:08,3,5,0.6,0,2,0,0,0,NA,0,4,4,4,2,1,3,2,6,6.6,3,21.5
Spencer Hawes,50,44,2016-02-05,27,CHO,H,MIA,-3,0,22:35,1,5,0.2,0,3,0,0,0,NA,1,5,6,1,1,2,2,1,2,1.8,-17,16
Spencer Hawes,51,45,2016-02-06,27,CHO,H,WAS,4,0,18:12,4,6,0.667,1,1,1,5,6,0.833,2,2,4,0,0,2,1,3,14,12.2,-17,23
Spencer Hawes,52,46,2016-02-08,27,CHO,H,CHI,17,0,28:00,5,9,0.556,1,3,0.333,2,2,1,1,7,8,0,0,1,2,6,13,7.8,4,24.5
Spencer Hawes,53,47,2016-02-10,27,CHO,A,IND,22,0,23:24,1,4,0.25,1,2,0.5,3,4,0.75,1,3,4,2,0,1,2,2,6,4.1,13,15.5
Spencer Hawes,71,48,2016-03-22,27,CHO,A,BRK,5,0,19:55,1,5,0.2,0,1,0,0,0,NA,1,4,5,1,0,1,1,3,2,0,5,11.3
Spencer Hawes,72,49,2016-03-25,27,CHO,A,DET,-7,0,9:20,2,6,0.333,1,1,1,0,0,NA,1,3,4,2,0,0,0,0,5,4.6,19,13.5
Spencer Hawes,73,50,2016-03-26,27,CHO,A,MIL,24,0,5:52,0,2,0,0,0,NA,0,0,NA,0,0,0,2,0,1,0,0,0,0.7,2,5
Spencer Hawes,76,51,2016-04-03,27,CHO,A,CLE,-9,0,19:22,3,8,0.375,1,1,1,2,2,1,5,4,9,2,1,0,1,1,9,10.3,-7,25.3
Spencer Hawes,77,52,2016-04-05,27,CHO,A,TOR,-6,0,8:29,1,3,0.333,0,1,0,0,0,NA,0,2,2,1,0,1,1,1,2,0.9,-7,7.5
Spencer Hawes,78,53,2016-04-06,27,CHO,A,NYK,14,0,17:48,1,5,0.2,0,1,0,2,3,0.667,1,1,2,1,0,1,1,0,4,1.9,12,9.5
Spencer Hawes,79,54,2016-04-08,27,CHO,H,BRK,14,0,13:19,1,3,0.333,0,1,0,2,2,1,1,1,2,3,0,1,0,2,4,5.3,-6,13
Spencer Hawes,80,55,2016-04-10,27,CHO,A,WAS,-15,0,4:34,1,3,0.333,0,0,NA,0,0,NA,0,2,2,1,0,0,2,3,2,-1.6,0,5
Spencer Hawes,81,56,2016-04-11,27,CHO,A,BOS,14,0,19:40,3,5,0.6,2,2,1,1,2,0.5,1,4,5,0,0,1,1,3,9,6.7,-7,17.8
Spencer Hawes,82,57,2016-04-13,27,CHO,H,ORL,14,0,17:59,5,6,0.833,2,2,1,0,0,NA,2,3,5,3,0,1,0,1,12,14.5,-3,25.8
Jeremy Lamb,2,1,2015-10-30,23,CHO,A,ATL,-3,0,14:38,4,8,0.5,3,5,0.6,0,0,NA,0,2,2,1,0,2,1,0,11,8.7,-9,20
Jeremy Lamb,3,2,2015-11-01,23,CHO,H,ATL,-2,0,18:16,4,11,0.364,1,4,0.25,0,0,NA,0,4,4,2,0,2,0,1,9,6.5,-5,21.5
Jeremy Lamb,4,3,2015-11-03,23,CHO,H,CHI,25,0,25:34,9,10,0.9,2,3,0.667,0,1,0,0,4,4,3,2,0,1,0,20,20.5,22,34
Jeremy Lamb,5,4,2015-11-05,23,CHO,A,DAL,14,0,24:05,7,11,0.636,2,4,0.5,0,0,NA,2,2,4,0,0,0,0,2,16,12.3,3,22
Jeremy Lamb,6,5,2015-11-07,23,CHO,A,SAS,-20,0,23:11,2,8,0.25,0,3,0,0,2,0,2,2,4,0,0,0,2,2,4,-2.4,-29,8
Jeremy Lamb,7,6,2015-11-10,23,CHO,A,MIN,9,0,22:55,8,10,0.8,2,3,0.667,0,0,NA,0,4,4,0,1,0,1,1,18,15,13,25.5
Jeremy Lamb,8,7,2015-11-11,23,CHO,H,NYK,2,0,23:42,6,10,0.6,2,4,0.5,0,0,NA,0,4,4,0,2,0,1,0,14,11.6,13,23.5
Jeremy Lamb,9,8,2015-11-13,23,CHO,A,CHI,-5,0,32:00,5,14,0.357,2,7,0.286,3,4,0.75,2,7,9,2,0,0,1,2,15,9.9,-12,29.8
Jeremy Lamb,10,9,2015-11-15,23,CHO,H,POR,12,0,27:56,6,10,0.6,1,5,0.2,0,0,NA,0,5,5,3,0,2,1,2,13,11.6,21,27.8
Jeremy Lamb,11,10,2015-11-17,23,CHO,A,NYK,-8,0,22:52,5,7,0.714,0,2,0,2,2,1,1,5,6,3,0,0,0,2,12,12.6,11,24
Jeremy Lamb,12,11,2015-11-18,23,CHO,H,BRK,5,0,21:26,2,7,0.286,0,2,0,2,2,1,0,3,3,1,0,1,0,0,6,4.2,6,13.3
Jeremy Lamb,13,12,2015-11-20,23,CHO,H,PHI,25,0,30:09,4,10,0.4,2,4,0.5,3,3,1,0,3,3,2,1,0,1,3,13,8.7,14,22.3
Jeremy Lamb,14,13,2015-11-23,23,CHO,H,SAC,5,0,25:54,5,9,0.556,0,2,0,1,2,0.5,0,5,5,2,1,0,1,5,11,7.2,-11,21.8
Jeremy Lamb,15,14,2015-11-25,23,CHO,H,WAS,14,0,31:48,6,12,0.5,2,5,0.4,4,4,1,0,7,7,3,1,1,3,2,18,14.1,18,34.8
Jeremy Lamb,16,15,2015-11-27,23,CHO,H,CLE,-5,0,23:46,5,12,0.417,0,2,0,1,3,0.333,1,7,8,0,0,1,1,2,11,5.5,-8,22.5
Jeremy Lamb,17,16,2015-11-29,23,CHO,H,MIL,5,0,27:16,5,10,0.5,3,6,0.5,1,2,0.5,1,8,9,2,0,0,0,0,14,13.1,21,29.8
Jeremy Lamb,18,17,2015-12-02,23,CHO,H,GSW,-17,0,21:16,5,13,0.385,2,5,0.4,1,2,0.5,2,2,4,0,0,0,2,0,13,5.5,-8,18
Jeremy Lamb,19,18,2015-12-05,23,CHO,A,CHI,6,0,22:24,4,10,0.4,0,2,0,2,2,1,1,0,1,1,0,0,0,1,10,5.6,0,12.8
Jeremy Lamb,20,19,2015-12-07,23,CHO,H,DET,20,0,21:20,3,11,0.273,0,2,0,0,2,0,3,4,7,3,0,1,1,3,6,2.6,13,20.8
Jeremy Lamb,21,20,2015-12-09,23,CHO,H,MIA,18,0,18:40,5,12,0.417,0,4,0,0,1,0,1,3,4,1,0,1,0,1,10,5.8,10,18.5
Jeremy Lamb,22,21,2015-12-11,23,CHO,A,MEM,24,0,16:55,4,8,0.5,1,3,0.333,1,1,1,1,3,4,0,0,0,0,3,10,6.4,6,15.5
Jeremy Lamb,23,22,2015-12-12,23,CHO,H,BOS,-5,0,15:24,3,11,0.273,2,5,0.4,1,1,1,0,3,3,2,1,0,1,0,9,4.8,16,18.3
Jeremy Lamb,24,23,2015-12-16,23,CHO,A,ORL,-15,0,24:01,7,10,0.7,1,2,0.5,1,1,1,1,4,5,4,4,0,2,1,16,18.1,-3,35.8
Jeremy Lamb,25,24,2015-12-17,23,CHO,H,TOR,10,0,14:58,2,6,0.333,1,3,0.333,2,2,1,0,2,2,0,0,0,1,2,7,2.4,2,9.5
Jeremy Lamb,26,25,2015-12-19,23,CHO,A,WAS,-8,0,11:42,4,8,0.5,1,4,0.25,0,0,NA,1,3,4,0,0,0,0,3,9,5.4,3,14.5
Jeremy Lamb,27,26,2015-12-21,23,CHO,A,HOU,-7,0,19:27,3,9,0.333,1,5,0.2,3,3,1,1,1,2,3,0,0,0,0,10,8,-4,17.5
Jeremy Lamb,28,27,2015-12-23,23,CHO,H,BOS,-13,0,18:57,2,4,0.5,1,1,1,7,8,0.875,1,4,5,0,0,1,3,2,12,8.4,4,19.3
Jeremy Lamb,29,28,2015-12-26,23,CHO,H,MEM,6,0,15:16,0,3,0,0,3,0,0,0,NA,1,3,4,0,0,1,2,1,0,-2.2,-6,6
Jeremy Lamb,30,29,2015-12-28,23,CHO,H,LAL,10,0,11:53,1,3,0.333,0,1,0,0,1,0,0,2,2,1,2,0,0,2,2,2.4,3,10
Jeremy Lamb,31,30,2015-12-30,23,CHO,H,LAC,-5,0,22:31,7,13,0.538,1,1,1,4,4,1,2,3,5,2,0,0,0,6,19,14,-5,28.8
Jeremy Lamb,32,31,2016-01-01,23,CHO,A,TOR,-10,0,27:47,2,10,0.2,1,4,0.25,0,0,NA,2,4,6,1,0,1,0,1,5,2.4,-1,16.5
Jeremy Lamb,33,32,2016-01-02,23,CHO,H,OKC,-19,0,25:12,3,12,0.25,1,3,0.333,2,2,1,1,2,3,4,1,1,1,4,9,5,-12,22.8
Jeremy Lamb,34,33,2016-01-04,23,CHO,A,GSW,-10,0,29:34,9,14,0.643,0,3,0,4,4,1,0,3,3,1,3,0,1,1,22,19,2,32.8
Jeremy Lamb,35,34,2016-01-06,23,CHO,A,PHO,-9,0,7:29,1,3,0.333,0,0,NA,0,0,NA,0,1,1,0,1,0,0,0,2,1.6,-10,5.3
Jeremy Lamb,36,35,2016-01-09,23,CHO,A,LAC,-14,0,34:10,8,14,0.571,2,4,0.5,0,0,NA,3,10,13,0,1,1,1,1,18,16.8,5,40.3
Jeremy Lamb,37,36,2016-01-10,23,CHO,A,DEN,-3,0,29:44,6,14,0.429,1,5,0.2,2,2,1,1,7,8,1,3,0,2,2,15,11.3,10,32
Jeremy Lamb,38,37,2016-01-13,23,CHO,H,ATL,23,0,14:16,3,4,0.75,0,1,0,0,0,NA,1,4,5,2,0,1,3,1,6,5,-2,15.8
Jeremy Lamb,43,38,2016-01-22,23,CHO,A,ORL,4,0,4:12,0,1,0,0,0,NA,0,0,NA,0,0,0,0,0,0,0,3,0,-1.9,-5,0
Jeremy Lamb,49,39,2016-02-03,23,CHO,H,CLE,9,0,17:03,3,10,0.3,1,3,0.333,0,0,NA,2,2,4,2,1,0,0,2,7,4.8,4,17.5
Jeremy Lamb,50,40,2016-02-05,23,CHO,H,MIA,-3,0,9:00,2,6,0.333,0,2,0,0,0,NA,0,2,2,0,1,1,0,0,4,2.9,-8,10.5
Jeremy Lamb,51,41,2016-02-06,23,CHO,H,WAS,4,0,14:20,1,6,0.167,0,0,NA,1,1,1,0,1,1,3,1,0,0,1,3,2.2,-9,10.8
Jeremy Lamb,52,42,2016-02-08,23,CHO,H,CHI,17,0,16:06,1,5,0.2,1,3,0.333,2,2,1,0,1,1,1,0,0,0,1,5,2.5,1,8.3
Jeremy Lamb,53,43,2016-02-10,23,CHO,A,IND,22,0,14:24,7,8,0.875,2,3,0.667,0,0,NA,0,1,1,0,0,0,0,1,16,13.1,15,18.3
Jeremy Lamb,54,44,2016-02-19,23,CHO,A,MIL,3,0,23:25,6,10,0.6,2,6,0.333,0,0,NA,0,3,3,2,3,0,2,4,14,11.1,18,26.8
Jeremy Lamb,55,45,2016-02-21,23,CHO,A,BRK,8,0,15:46,2,7,0.286,1,3,0.333,0,0,NA,1,2,3,4,0,0,0,2,5,4.2,7,15.3
Jeremy Lamb,56,46,2016-02-24,23,CHO,A,CLE,-11,0,8:46,0,3,0,0,2,0,1,2,0.5,1,0,1,0,1,0,1,1,1,-1.2,-16,3.8
Jeremy Lamb,57,47,2016-02-26,23,CHO,A,IND,1,0,12:58,2,6,0.333,1,2,0.5,0,0,NA,0,2,2,0,0,0,1,4,5,-0.4,-5,7.5
Jeremy Lamb,58,48,2016-02-28,23,CHO,A,ATL,-11,0,20:06,4,8,0.5,1,3,0.333,0,2,0,0,1,1,2,2,1,0,1,9,8.2,2,19.8
Jeremy Lamb,59,49,2016-03-01,23,CHO,H,PHO,34,0,14:41,6,10,0.6,2,4,0.5,1,1,1,2,4,6,0,0,0,0,2,15,12.2,8,23.5
Jeremy Lamb,60,50,2016-03-02,23,CHO,A,PHI,20,0,16:19,3,6,0.5,0,1,0,0,0,NA,0,2,2,0,1,0,1,1,6,3.2,8,10
Jeremy Lamb,61,51,2016-03-04,23,CHO,H,IND,7,0,11:27,1,2,0.5,0,1,0,1,2,0.5,0,2,2,0,1,0,1,1,3,1.8,4,7
Jeremy Lamb,62,52,2016-03-07,23,CHO,H,MIN,5,0,16:10,3,6,0.5,1,3,0.333,0,0,NA,1,3,4,1,0,0,0,2,7,5.5,18,14
Jeremy Lamb,63,53,2016-03-09,23,CHO,H,NOP,9,0,15:42,1,5,0.2,0,2,0,0,0,NA,0,1,1,2,0,0,1,3,2,-1.6,7,5.8
Jeremy Lamb,64,54,2016-03-11,23,CHO,H,DET,15,0,7:55,1,5,0.2,0,2,0,0,0,NA,1,3,4,0,0,0,0,0,2,0.5,-6,7
Jeremy Lamb,65,55,2016-03-12,23,CHO,H,HOU,16,0,7:48,1,1,1,0,0,NA,0,0,NA,0,1,1,0,1,2,1,1,2,3,-5,8.8
Jeremy Lamb,70,56,2016-03-21,23,CHO,H,SAS,3,0,15:32,1,5,0.2,1,1,1,1,2,0.5,1,6,7,2,1,2,0,2,4,6,10,22.3
Jeremy Lamb,71,57,2016-03-22,23,CHO,A,BRK,5,0,11:16,2,4,0.5,1,3,0.333,1,2,0.5,1,1,2,0,0,1,1,2,6,3.5,3,10.5
Jeremy Lamb,72,58,2016-03-25,23,CHO,A,DET,-7,0,22:09,3,6,0.5,2,3,0.667,3,6,0.5,0,5,5,1,3,0,0,3,11,10.8,5,25.8
Jeremy Lamb,73,59,2016-03-26,23,CHO,A,MIL,24,0,8:02,0,1,0,0,0,NA,0,0,NA,0,2,2,0,0,1,1,2,0,-1.2,-3,4
Jeremy Lamb,74,60,2016-03-29,23,CHO,A,PHI,15,0,20:12,2,7,0.286,0,2,0,3,4,0.75,0,7,7,4,0,1,2,1,7,5.7,3,22.8
Jeremy Lamb,75,61,2016-04-01,23,CHO,H,PHI,9,0,14:43,2,5,0.4,0,1,0,1,1,1,1,3,4,1,0,0,1,2,5,2.8,-6,11
Jeremy Lamb,76,62,2016-04-03,23,CHO,A,CLE,-9,0,3:53,0,0,NA,0,0,NA,0,0,NA,0,0,0,0,0,0,0,1,0,-0.4,-4,0
Jeremy Lamb,77,63,2016-04-05,23,CHO,A,TOR,-6,0,18:53,3,11,0.273,1,4,0.25,0,0,NA,0,4,4,0,0,0,0,0,7,1.7,5,12.5
Jeremy Lamb,78,64,2016-04-06,23,CHO,A,NYK,14,0,14:56,1,4,0.25,0,1,0,2,2,1,0,1,1,0,1,1,0,1,4,3.2,15,9.3
Jeremy Lamb,80,65,2016-04-10,23,CHO,A,WAS,-15,0,2:45,1,1,1,1,1,1,0,0,NA,0,0,0,0,0,0,0,0,3,2.7,-1,3.5
Jeremy Lamb,82,66,2016-04-13,23,CHO,H,ORL,14,0,30:21,6,10,0.6,0,3,0,0,0,NA,1,8,9,2,1,3,3,2,12,11.2,-4,32.8
Aaron Harrison,13,1,2015-11-20,21,CHO,H,PHI,25,0,2:22,0,0,NA,0,0,NA,0,0,NA,0,1,1,0,0,0,0,0,0,0.3,7,1.3
Aaron Harrison,18,2,2015-12-02,21,CHO,H,GSW,-17,0,6:31,1,1,1,0,0,NA,0,2,0,0,1,1,0,0,0,0,0,2,1.2,2,3.3
Aaron Harrison,20,3,2015-12-07,21,CHO,H,DET,20,0,3:44,0,1,0,0,0,NA,0,0,NA,1,0,1,0,0,0,1,0,0,-1,-2,0.8
Aaron Harrison,21,4,2015-12-09,21,CHO,H,MIA,18,0,6:30,0,0,NA,0,0,NA,2,4,0.5,0,1,1,0,1,0,0,0,2,2.5,-5,5.3
Aaron Harrison,22,5,2015-12-11,21,CHO,A,MEM,24,0,3:31,1,1,1,1,1,1,0,0,NA,0,0,0,0,0,0,0,0,3,2.7,-1,3.5
Aaron Harrison,33,6,2016-01-02,21,CHO,H,OKC,-19,0,3:49,0,1,0,0,1,0,0,0,NA,1,0,1,0,0,0,0,0,0,0,0,1.3
Aaron Harrison,38,7,2016-01-13,21,CHO,H,ATL,23,0,5:12,0,3,0,0,1,0,0,0,NA,1,0,1,0,0,0,0,1,0,-1.8,-12,1.3
Aaron Harrison,40,8,2016-01-16,21,CHO,H,MIL,-13,0,3:50,0,0,NA,0,0,NA,0,0,NA,0,1,1,0,0,0,0,0,0,0.3,8,1.3
Aaron Harrison,42,9,2016-01-20,21,CHO,A,OKC,-14,0,3:29,0,0,NA,0,0,NA,0,0,NA,0,1,1,0,1,0,0,0,0,1.3,5,3.3
Aaron Harrison,44,10,2016-01-23,21,CHO,H,NYK,13,0,2:39,0,0,NA,0,0,NA,0,0,NA,0,0,0,0,0,0,0,0,0,0,0,0
Aaron Harrison,45,11,2016-01-25,21,CHO,A,SAC,1,0,5:47,0,0,NA,0,0,NA,0,0,NA,0,0,0,0,0,0,0,0,0,0,7,0
Aaron Harrison,46,12,2016-01-27,21,CHO,A,UTA,-29,0,4:39,0,1,0,0,0,NA,0,0,NA,0,0,0,0,1,0,1,1,0,-1.1,-4,1.5
Aaron Harrison,48,13,2016-01-31,21,CHO,A,LAL,19,0,3:03,0,2,0,0,0,NA,0,0,NA,0,0,0,0,1,0,0,1,0,-0.8,-5,2
Aaron Harrison,56,14,2016-02-24,21,CHO,A,CLE,-11,0,4:00,0,0,NA,0,0,NA,0,0,NA,0,1,1,0,0,0,0,0,0,0.3,9,1.3
Aaron Harrison,59,15,2016-03-01,21,CHO,H,PHO,34,0,7:49,0,3,0,0,3,0,2,4,0.5,0,0,0,0,0,0,0,2,2,-1.7,-8,2
Aaron Harrison,60,16,2016-03-02,21,CHO,A,PHI,20,0,1:45,1,1,1,1,1,1,0,0,NA,1,0,1,0,0,0,0,1,3,3,0,4.8
Aaron Harrison,64,17,2016-03-11,21,CHO,H,DET,15,0,2:42,0,0,NA,0,0,NA,0,0,NA,0,0,0,1,0,0,1,0,0,-0.3,0,1
Aaron Harrison,65,18,2016-03-12,21,CHO,H,HOU,16,0,2:46,0,1,0,0,1,0,0,0,NA,0,0,0,0,0,0,0,1,0,-1.1,-4,0
Aaron Harrison,79,19,2016-04-08,21,CHO,H,BRK,14,0,2:14,0,1,0,0,1,0,0,0,NA,0,0,0,0,1,0,0,0,0,0.3,-5,2
Aaron Harrison,81,20,2016-04-11,21,CHO,A,BOS,14,0,1:12,0,0,NA,0,0,NA,0,0,NA,0,0,0,0,0,0,1,0,0,-1,-2,-0.5
Aaron Harrison,82,21,2016-04-13,21,CHO,H,ORL,14,0,15:44,2,3,0.667,1,1,1,1,2,0.5,0,5,5,1,1,0,0,3,6,6.3,3,16.3
Nicolas Batum,1,1,2015-10-28,26,CHO,A,MIA,-10,1,32:30,3,12,0.25,2,6,0.333,1,2,0.5,2,4,6,3,0,0,3,3,9,1.9,-3,20.5
Nicolas Batum,2,2,2015-10-30,26,CHO,A,ATL,-3,1,33:22,6,10,0.6,1,4,0.25,1,1,1,2,9,11,4,1,0,7,2,14,9.5,6,34.3
Nicolas Batum,3,3,2015-11-01,26,CHO,H,ATL,-2,1,36:15,5,14,0.357,4,9,0.444,2,2,1,3,2,5,8,2,2,2,2,16,17.1,3,43.3
Nicolas Batum,4,4,2015-11-03,26,CHO,H,CHI,25,1,28:27,4,11,0.364,1,2,0.5,9,9,1,0,8,8,3,0,0,1,1,18,15,17,32.5
Nicolas Batum,5,5,2015-11-05,26,CHO,A,DAL,14,1,34:04,3,10,0.3,0,5,0,2,2,1,1,6,7,4,2,1,1,1,8,8.8,11,28.3
Nicolas Batum,6,6,2015-11-07,26,CHO,A,SAS,-20,1,32:28,2,6,0.333,1,2,0.5,5,5,1,1,3,4,4,3,0,4,3,10,8.8,-20,25.5
Nicolas Batum,7,7,2015-11-10,26,CHO,A,MIN,9,1,35:08,6,11,0.545,3,5,0.6,2,2,1,0,6,6,3,0,2,4,3,17,11.8,-5,32.5
Nicolas Batum,8,8,2015-11-11,26,CHO,H,NYK,2,1,36:21,10,18,0.556,2,5,0.4,2,5,0.4,1,4,5,1,1,0,2,0,24,15.8,1,33.8
Nicolas Batum,9,9,2015-11-13,26,CHO,A,CHI,-5,1,34:42,10,17,0.588,5,6,0.833,3,3,1,3,5,8,2,2,0,2,1,28,24.7,6,46.5
Nicolas Batum,10,10,2015-11-15,26,CHO,H,POR,12,1,38:53,11,19,0.579,5,10,0.5,6,7,0.857,0,5,5,6,0,0,2,2,33,26.6,5,49.8
Nicolas Batum,11,11,2015-11-17,26,CHO,A,NYK,-8,1,35:11,1,9,0.111,1,4,0.25,1,2,0.5,0,6,6,0,0,0,1,2,4,-2.3,-19,11.5
Nicolas Batum,12,12,2015-11-18,26,CHO,H,BRK,5,1,40:36,7,12,0.583,3,6,0.5,7,7,1,0,1,1,8,1,2,4,1,24,22.3,4,42.8
Nicolas Batum,13,13,2015-11-20,26,CHO,H,PHI,25,1,31:50,4,9,0.444,3,4,0.75,3,3,1,1,3,4,3,0,0,4,2,14,8.2,16,23
Nicolas Batum,14,14,2015-11-23,26,CHO,H,SAC,5,1,43:18,5,16,0.313,1,7,0.143,7,7,1,1,9,10,8,2,1,5,1,18,15.1,5,48
Nicolas Batum,15,15,2015-11-25,26,CHO,H,WAS,14,1,33:43,5,15,0.333,3,7,0.429,3,3,1,1,6,7,11,2,0,2,1,16,17.3,16,47.3
Nicolas Batum,16,16,2015-11-27,26,CHO,H,CLE,-5,1,38:40,6,13,0.462,1,7,0.143,4,5,0.8,2,6,8,4,1,0,3,2,17,13.1,-7,34
Nicolas Batum,17,17,2015-11-29,26,CHO,H,MIL,5,1,33:39,4,13,0.308,3,8,0.375,4,5,0.8,2,3,5,5,2,1,9,1,15,6.2,-8,31.8
Nicolas Batum,18,18,2015-12-02,26,CHO,H,GSW,-17,1,30:12,6,15,0.4,1,6,0.167,4,5,0.8,2,6,8,3,3,2,2,2,17,15.4,-16,41
Nicolas Batum,19,19,2015-12-05,26,CHO,A,CHI,6,1,35:19,8,16,0.5,4,6,0.667,4,6,0.667,0,11,11,5,0,1,3,1,24,19.3,10,49.3
Nicolas Batum,20,20,2015-12-07,26,CHO,H,DET,20,1,33:42,4,15,0.267,2,7,0.286,3,3,1,1,6,7,8,2,0,4,0,13,10.2,16,36.8
Nicolas Batum,21,21,2015-12-09,26,CHO,H,MIA,18,1,27:53,3,9,0.333,1,4,0.25,3,4,0.75,0,11,11,11,1,1,3,1,10,13.8,22,47.8
Nicolas Batum,22,22,2015-12-11,26,CHO,A,MEM,24,1,30:16,7,11,0.636,5,8,0.625,1,1,1,1,3,4,2,0,0,0,1,20,17.7,15,30.5
Nicolas Batum,23,23,2015-12-12,26,CHO,H,BOS,-5,1,37:52,9,21,0.429,2,10,0.2,1,1,1,0,8,8,2,0,0,4,2,21,8.9,-11,33
Nicolas Batum,24,24,2015-12-16,27,CHO,A,ORL,-15,1,19:45,2,7,0.286,2,4,0.5,0,0,NA,2,0,2,2,1,0,3,4,6,1.1,-11,13
Nicolas Batum,26,25,2015-12-19,27,CHO,A,WAS,-8,1,31:41,5,12,0.417,1,7,0.143,3,4,0.75,0,6,6,8,3,1,4,1,14,13.9,-7,40
Nicolas Batum,27,26,2015-12-21,27,CHO,A,HOU,-7,1,33:40,3,11,0.273,0,3,0,3,4,0.75,0,5,5,3,1,0,2,2,9,3.9,-12,20.8
Nicolas Batum,28,27,2015-12-23,27,CHO,H,BOS,-13,1,39:10,6,15,0.4,3,8,0.375,2,4,0.5,0,6,6,7,0,0,1,3,17,12.6,-13,36
Nicolas Batum,29,28,2015-12-26,27,CHO,H,MEM,6,1,40:04,7,14,0.5,2,7,0.286,4,4,1,2,9,11,8,1,2,4,0,20,21.1,16,52.3
Nicolas Batum,30,29,2015-12-28,27,CHO,H,LAL,10,1,36:07,7,17,0.412,0,6,0,1,2,0.5,1,4,5,11,1,0,2,1,15,13.7,7,40.3
Nicolas Batum,31,30,2015-12-30,27,CHO,H,LAC,-5,1,42:11,6,11,0.545,2,4,0.5,5,5,1,2,6,8,6,1,0,3,3,19,17.9,-2,39.5
Nicolas Batum,32,31,2016-01-01,27,CHO,A,TOR,-10,1,41:39,4,9,0.444,3,4,0.75,3,4,0.75,0,4,4,7,0,1,5,2,14,9.9,-6,30.5
Nicolas Batum,37,32,2016-01-10,27,CHO,A,DEN,-3,1,37:50,3,8,0.375,2,7,0.286,1,1,1,0,6,6,7,0,0,1,3,9,9.1,7,27.5
Nicolas Batum,38,33,2016-01-13,27,CHO,H,ATL,23,1,25:14,2,5,0.4,1,4,0.25,1,1,1,1,1,2,10,0,0,4,4,6,5.7,31,22
Nicolas Batum,39,34,2016-01-15,27,CHO,A,NOP,-2,1,40:44,11,22,0.5,2,9,0.222,1,1,1,0,4,4,8,0,0,3,1,25,17.4,-2,41.5
Nicolas Batum,40,35,2016-01-16,27,CHO,H,MIL,-13,1,35:35,2,10,0.2,1,5,0.2,1,2,0.5,2,1,3,9,0,1,2,2,6,5.3,-15,24.8
Nicolas Batum,41,36,2016-01-18,27,CHO,H,UTA,5,1,47:26,4,13,0.308,2,5,0.4,0,0,NA,1,8,9,4,1,0,5,3,10,3.2,8,27.8
Nicolas Batum,42,37,2016-01-20,27,CHO,A,OKC,-14,1,23:44,0,4,0,0,3,0,0,0,NA,0,6,6,3,0,0,3,1,0,-2.3,-12,10.5
Nicolas Batum,46,38,2016-01-27,27,CHO,A,UTA,-29,1,29:52,2,9,0.222,1,5,0.2,1,2,0.5,0,10,10,2,0,0,2,2,6,1.7,-14,21
Nicolas Batum,47,39,2016-01-29,27,CHO,A,POR,-18,1,39:58,1,11,0.091,1,4,0.25,0,0,NA,1,3,4,8,1,1,6,2,3,-2.2,-14,21.5
Nicolas Batum,49,40,2016-02-03,27,CHO,H,CLE,9,1,30:57,3,8,0.375,1,6,0.167,3,3,1,0,5,5,5,0,1,4,1,10,6.9,5,24.3
Nicolas Batum,50,41,2016-02-05,27,CHO,H,MIA,-3,1,39:00,7,12,0.583,4,7,0.571,3,3,1,1,5,6,7,0,3,4,1,21,20.2,5,45
Nicolas Batum,51,42,2016-02-06,27,CHO,H,WAS,4,1,43:47,9,20,0.45,3,9,0.333,5,6,0.833,1,10,11,9,1,1,6,2,26,20.1,-1,57.3
Nicolas Batum,52,43,2016-02-08,27,CHO,H,CHI,17,1,43:31,8,13,0.615,3,6,0.5,0,0,NA,0,13,13,8,2,0,4,1,19,20.2,11,52.3
Nicolas Batum,53,44,2016-02-10,27,CHO,A,IND,22,1,38:15,4,12,0.333,3,7,0.429,0,0,NA,1,5,6,5,0,2,1,1,11,9.9,25,31
Nicolas Batum,54,45,2016-02-19,27,CHO,A,MIL,3,1,35:51,3,11,0.273,1,5,0.2,0,0,NA,0,5,5,2,2,3,4,2,7,2.7,-1,24.8
Nicolas Batum,55,46,2016-02-21,27,CHO,A,BRK,8,1,37:30,5,10,0.5,3,8,0.375,3,3,1,0,7,7,8,1,0,4,2,16,14.9,13,38.3
Nicolas Batum,56,47,2016-02-24,27,CHO,A,CLE,-11,1,32:42,4,9,0.444,1,4,0.25,0,0,NA,0,5,5,6,1,1,3,2,9,7.9,-4,27.3
Nicolas Batum,57,48,2016-02-26,27,CHO,A,IND,1,1,32:48,2,6,0.333,0,3,0,2,2,1,0,2,2,7,2,1,5,3,6,4.6,9,22.5
Nicolas Batum,58,49,2016-02-28,27,CHO,A,ATL,-11,1,38:48,1,6,0.167,0,4,0,0,0,NA,0,4,4,1,2,1,1,0,2,1.8,-8,14
Nicolas Batum,59,50,2016-03-01,27,CHO,H,PHO,34,1,31:01,6,10,0.6,2,3,0.667,1,1,1,1,8,9,4,1,0,3,1,15,13.9,35,33.8
Nicolas Batum,60,51,2016-03-02,27,CHO,A,PHI,20,1,36:36,5,14,0.357,2,6,0.333,0,0,NA,0,4,4,7,2,0,2,1,12,9.9,7,31.5
Nicolas Batum,61,52,2016-03-04,27,CHO,H,IND,7,1,38:42,12,22,0.545,4,10,0.4,3,4,0.75,3,4,7,4,0,2,3,4,31,22.9,-1,50.3
Nicolas Batum,62,53,2016-03-07,27,CHO,H,MIN,5,1,37:31,5,15,0.333,1,5,0.2,0,0,NA,1,4,5,4,2,3,2,2,11,8.5,-14,32.8
Nicolas Batum,63,54,2016-03-09,27,CHO,H,NOP,9,1,41:18,6,13,0.462,2,7,0.286,1,1,1,0,6,6,5,0,0,1,1,15,12.2,4,30.5
Nicolas Batum,64,55,2016-03-11,27,CHO,H,DET,15,1,36:56,6,15,0.4,1,5,0.2,4,5,0.8,0,5,5,11,2,0,2,1,17,17.3,18,44.8
Nicolas Batum,65,56,2016-03-12,27,CHO,H,HOU,16,1,33:31,5,10,0.5,2,4,0.5,2,2,1,0,8,8,8,1,1,1,1,14,17.3,1,40.5
Nicolas Batum,66,57,2016-03-14,27,CHO,H,DAL,-11,1,39:46,7,14,0.5,3,7,0.429,3,4,0.75,0,3,3,7,2,2,4,0,20,17.8,-11,41.8
Nicolas Batum,67,58,2016-03-16,27,CHO,H,ORL,8,1,38:21,10,17,0.588,3,6,0.5,3,4,0.75,2,5,7,9,0,0,1,0,26,25.9,14,49.3
Nicolas Batum,68,59,2016-03-17,27,CHO,A,MIA,3,1,38:28,7,19,0.368,2,7,0.286,3,3,1,0,5,5,7,0,0,3,1,19,11.5,14,35.3
Nicolas Batum,69,60,2016-03-19,27,CHO,H,DEN,-8,1,39:56,9,18,0.5,5,10,0.5,1,2,0.5,1,7,8,9,1,1,4,1,24,21,-5,52
Nicolas Batum,70,61,2016-03-21,27,CHO,H,SAS,3,1,34:30,5,9,0.556,0,1,0,5,7,0.714,2,4,6,3,1,1,5,3,15,10.1,-9,28.5
Nicolas Batum,71,62,2016-03-22,27,CHO,A,BRK,5,1,38:53,7,16,0.438,4,9,0.444,5,5,1,0,2,2,2,1,0,0,4,23,16,-2,32.5
Nicolas Batum,72,63,2016-03-25,27,CHO,A,DET,-7,1,26:32,4,12,0.333,1,3,0.333,1,1,1,0,7,7,7,1,0,2,1,10,8.8,-10,30.8
Nicolas Batum,73,64,2016-03-26,27,CHO,A,MIL,24,1,34:51,8,15,0.533,5,9,0.556,4,4,1,1,6,7,8,1,0,0,1,25,26.4,35,50.3
Nicolas Batum,74,65,2016-03-29,27,CHO,A,PHI,15,1,37:35,8,16,0.5,1,4,0.25,2,2,1,2,9,11,12,1,0,3,2,19,20.7,18,56.3
Nicolas Batum,75,66,2016-04-01,27,CHO,H,PHI,9,1,33:17,8,17,0.471,2,7,0.286,1,2,0.5,0,4,4,7,0,0,2,1,19,13.6,15,34.5
Nicolas Batum,76,67,2016-04-03,27,CHO,A,CLE,-9,1,20:07,2,6,0.333,0,3,0,1,1,1,0,0,0,5,0,0,1,1,5,3.7,-12,12
Nicolas Batum,79,68,2016-04-08,27,CHO,H,BRK,14,1,26:35,6,11,0.545,2,6,0.333,0,0,NA,2,4,6,6,0,1,4,2,14,11.4,20,31.5
Nicolas Batum,80,69,2016-04-10,27,CHO,A,WAS,-15,1,33:41,3,11,0.273,1,2,0.5,3,3,1,1,4,5,4,2,0,3,2,10,6.4,-16,25.3
Nicolas Batum,81,70,2016-04-11,27,CHO,A,BOS,14,1,17:17,3,6,0.5,0,3,0,0,0,NA,0,3,3,5,1,0,1,0,6,7.4,31,18.8
Cody Zeller,1,1,2015-10-28,23,CHO,A,MIA,-10,0,29:59,2,4,0.5,0,0,NA,3,4,0.75,4,8,12,0,1,0,1,2,7,9,-7,23.5
Cody Zeller,2,2,2015-10-30,23,CHO,A,ATL,-3,0,16:51,2,5,0.4,0,1,0,1,1,1,1,1,2,0,1,0,0,3,5,3.1,-27,9.5
Cody Zeller,3,3,2015-11-01,23,CHO,H,ATL,-2,0,22:49,3,6,0.5,0,0,NA,0,0,NA,2,3,5,0,1,1,1,0,6,6,-15,15.8
Cody Zeller,4,4,2015-11-03,23,CHO,H,CHI,25,0,16:19,2,5,0.4,0,1,0,2,2,1,2,3,5,1,1,0,1,0,6,6.3,18,15.3
Cody Zeller,5,5,2015-11-05,23,CHO,A,DAL,14,0,18:43,4,6,0.667,0,0,NA,3,4,0.75,0,3,3,0,2,1,0,3,11,10.4,12,20.8
Cody Zeller,6,6,2015-11-07,23,CHO,A,SAS,-20,0,24:24,0,4,0,0,1,0,2,4,0.5,2,3,5,1,1,0,1,2,2,0.6,-38,11.3
Cody Zeller,7,7,2015-11-10,23,CHO,A,MIN,9,0,24:18,5,8,0.625,0,0,NA,4,6,0.667,3,3,6,1,2,0,1,4,14,12.7,23,26.5
Cody Zeller,8,8,2015-11-11,23,CHO,H,NYK,2,0,25:27,2,6,0.333,0,0,NA,8,15,0.533,2,2,4,3,0,1,0,1,12,10.2,-3,23.5
Cody Zeller,10,9,2015-11-15,23,CHO,H,POR,12,0,21:17,0,4,0,0,2,0,1,2,0.5,3,3,6,2,0,2,1,1,1,2.2,7,15
Cody Zeller,11,10,2015-11-17,23,CHO,A,NYK,-8,1,18:25,3,5,0.6,0,0,NA,0,1,0,2,3,5,1,0,1,2,3,6,3.8,-9,14.8
Cody Zeller,12,11,2015-11-18,23,CHO,H,BRK,5,1,13:51,0,1,0,0,0,NA,0,0,NA,0,5,5,0,0,1,0,3,0,0.3,-6,8.3
Cody Zeller,14,12,2015-11-23,23,CHO,H,SAC,5,0,28:02,4,8,0.5,0,0,NA,4,4,1,1,5,6,0,1,0,1,4,12,8.6,16,21
Cody Zeller,15,13,2015-11-25,23,CHO,H,WAS,14,0,21:46,5,7,0.714,0,2,0,1,1,1,0,8,8,0,0,0,2,3,11,7.3,11,20
Cody Zeller,16,14,2015-11-27,23,CHO,H,CLE,-5,0,15:05,1,2,0.5,0,0,NA,5,6,0.833,0,2,2,1,1,1,1,4,7,6,-7,14.5
Cody Zeller,17,15,2015-11-29,23,CHO,H,MIL,5,0,15:50,1,3,0.333,0,1,0,0,0,NA,1,0,1,1,0,0,0,4,2,0.1,6,4.8
Cody Zeller,18,16,2015-12-02,23,CHO,H,GSW,-17,1,17:09,2,6,0.333,0,0,NA,2,2,1,1,2,3,0,0,0,1,1,6,2.5,-14,9.3
Cody Zeller,19,17,2015-12-05,23,CHO,A,CHI,6,1,31:52,6,10,0.6,0,1,0,5,7,0.714,2,6,8,2,1,1,0,4,17,16.3,9,34
Cody Zeller,20,18,2015-12-07,23,CHO,H,DET,20,1,28:23,5,9,0.556,0,0,NA,10,13,0.769,4,2,6,1,0,2,3,3,20,15.8,20,31.5
Cody Zeller,21,19,2015-12-09,23,CHO,H,MIA,18,1,23:40,4,8,0.5,0,0,NA,1,2,0.5,1,1,2,2,0,1,0,3,9,6.5,14,16.5
Cody Zeller,22,20,2015-12-11,23,CHO,A,MEM,24,1,21:47,1,5,0.2,0,0,NA,0,0,NA,0,2,2,3,3,0,1,5,2,1.6,9,14.5
Cody Zeller,23,21,2015-12-12,23,CHO,H,BOS,-5,1,27:24,6,9,0.667,0,0,NA,0,0,NA,1,4,5,1,0,0,1,3,12,8.5,-24,19.3
Cody Zeller,24,22,2015-12-16,23,CHO,A,ORL,-15,1,23:02,3,3,1,0,0,NA,5,5,1,0,2,2,2,3,0,0,2,11,14.3,-1,22.5
Cody Zeller,25,23,2015-12-17,23,CHO,H,TOR,10,1,21:27,2,6,0.333,0,0,NA,1,2,0.5,1,5,6,3,0,0,1,6,5,2.1,-6,16.5
Cody Zeller,26,24,2015-12-19,23,CHO,A,WAS,-8,1,26:06,5,9,0.556,0,0,NA,1,2,0.5,4,3,7,0,1,1,1,3,11,9.5,-6,23.3
Cody Zeller,27,25,2015-12-21,23,CHO,A,HOU,-7,1,26:26,5,9,0.556,0,0,NA,0,0,NA,2,5,7,0,2,0,1,6,10,7.2,-3,22.3
Cody Zeller,28,26,2015-12-23,23,CHO,H,BOS,-13,1,33:51,3,7,0.429,0,0,NA,1,2,0.5,4,6,10,2,2,1,1,2,7,9.8,-16,28
Cody Zeller,29,27,2015-12-26,23,CHO,H,MEM,6,1,27:33,3,6,0.5,0,0,NA,2,2,1,2,4,6,0,2,2,1,3,8,8.8,26,23
Cody Zeller,30,28,2015-12-28,23,CHO,H,LAL,10,1,33:24,8,10,0.8,0,0,NA,0,2,0,1,7,8,2,0,0,1,2,16,13.8,10,28.5
Cody Zeller,31,29,2015-12-30,23,CHO,H,LAC,-5,1,28:19,4,6,0.667,0,0,NA,4,4,1,4,4,8,1,3,1,1,1,12,16.4,-1,31
Cody Zeller,32,30,2016-01-01,23,CHO,A,TOR,-10,1,30:02,5,7,0.714,0,0,NA,5,6,0.833,4,5,9,1,0,3,0,3,15,17.6,-7,33.8
Cody Zeller,33,31,2016-01-02,23,CHO,H,OKC,-19,1,22:49,2,5,0.4,0,0,NA,3,4,0.75,1,3,4,0,0,1,0,4,7,4.6,-14,14
Cody Zeller,34,32,2016-01-04,23,CHO,A,GSW,-10,1,27:57,2,7,0.286,0,0,NA,4,4,1,3,7,10,0,2,1,2,2,8,8,0,25.5
Cody Zeller,35,33,2016-01-06,23,CHO,A,PHO,-9,1,33:41,6,9,0.667,0,0,NA,1,2,0.5,3,8,11,0,3,1,1,5,13,13.9,7,35.8
Cody Zeller,36,34,2016-01-09,23,CHO,A,LAC,-14,1,33:06,2,7,0.286,0,0,NA,2,4,0.5,3,10,13,0,0,1,2,4,6,3.3,-19,23.3
Cody Zeller,37,35,2016-01-10,23,CHO,A,DEN,-3,1,31:04,6,11,0.545,0,0,NA,3,4,0.75,4,2,6,0,0,0,3,1,15,9.3,-6,21
Cody Zeller,38,36,2016-01-13,23,CHO,H,ATL,23,1,27:07,6,10,0.6,0,0,NA,7,8,0.875,1,9,10,1,1,3,1,2,19,19.4,20,42
Cody Zeller,39,37,2016-01-15,23,CHO,A,NOP,-2,1,22:53,2,7,0.286,0,0,NA,1,1,1,1,7,8,1,0,0,1,3,5,2.2,4,16
Cody Zeller,40,38,2016-01-16,23,CHO,H,MIL,-13,1,23:08,2,6,0.333,0,0,NA,2,2,1,1,1,2,1,0,0,0,5,6,2.3,-10,10
Cody Zeller,41,39,2016-01-18,23,CHO,H,UTA,5,1,41:52,4,9,0.444,0,0,NA,6,8,0.75,1,5,6,1,0,1,1,5,14,9.1,5,24.5
Cody Zeller,42,40,2016-01-20,23,CHO,A,OKC,-14,1,14:02,0,3,0,0,0,NA,3,4,0.75,1,1,2,0,1,0,1,4,3,-0.1,-15,7
Cody Zeller,49,41,2016-02-03,23,CHO,H,CLE,9,1,27:52,3,7,0.429,0,0,NA,0,0,NA,2,5,7,2,0,1,0,3,6,6.1,6,19.8
Cody Zeller,50,42,2016-02-05,23,CHO,H,MIA,-3,1,25:25,2,7,0.286,0,0,NA,2,3,0.667,1,7,8,0,1,1,1,3,6,3.8,14,19.5
Cody Zeller,51,43,2016-02-06,23,CHO,H,WAS,4,1,29:48,3,6,0.5,0,0,NA,2,2,1,2,7,9,1,3,0,1,3,8,10,21,26.3
Cody Zeller,52,44,2016-02-08,23,CHO,H,CHI,17,1,19:39,2,3,0.667,1,1,1,0,2,0,2,6,8,1,0,2,3,6,5,2.8,13,19.5
Cody Zeller,53,45,2016-02-10,23,CHO,A,IND,22,1,22:59,4,7,0.571,0,0,NA,3,3,1,2,9,11,3,0,0,1,2,11,12.1,9,30.3
Cody Zeller,54,46,2016-02-19,23,CHO,A,MIL,3,1,31:21,9,12,0.75,0,0,NA,5,5,1,5,3,8,2,0,0,0,0,23,24,5,36
Cody Zeller,55,47,2016-02-21,23,CHO,A,BRK,8,1,21:30,4,8,0.5,0,0,NA,2,2,1,0,1,1,0,0,0,3,4,10,1.7,9,9.8
Cody Zeller,56,48,2016-02-24,23,CHO,A,CLE,-11,1,22:31,3,6,0.5,0,0,NA,1,2,0.5,3,3,6,0,0,0,1,3,7,4.4,5,14
Cody Zeller,57,49,2016-02-26,23,CHO,A,IND,1,1,27:27,5,5,1,0,0,NA,4,7,0.571,2,3,5,0,0,1,2,2,14,11.5,11,21.3
Cody Zeller,58,50,2016-02-28,23,CHO,A,ATL,-11,1,22:54,1,4,0.25,0,0,NA,4,6,0.667,2,5,7,0,1,0,2,2,6,3.9,-4,15.8
Cody Zeller,59,51,2016-03-01,23,CHO,H,PHO,34,1,21:08,4,6,0.667,0,0,NA,1,1,1,4,3,7,4,1,0,0,4,9,12.3,16,25.8
Cody Zeller,60,52,2016-03-02,23,CHO,A,PHI,20,1,27:43,3,6,0.5,0,0,NA,9,10,0.9,2,4,6,2,0,4,1,3,15,16.2,4,33
Cody Zeller,61,53,2016-03-04,23,CHO,H,IND,7,1,27:14,2,7,0.286,0,0,NA,0,0,NA,2,9,11,2,0,2,1,3,4,4.6,3,24.3
Cody Zeller,62,54,2016-03-07,23,CHO,H,MIN,5,1,21:17,2,4,0.5,0,0,NA,2,2,1,0,3,3,2,1,1,3,6,6,2.6,-21,15.3
Cody Zeller,63,55,2016-03-09,23,CHO,H,NOP,9,1,29:54,3,4,0.75,0,0,NA,7,9,0.778,1,7,8,0,0,1,2,3,13,10.9,5,24
Cody Zeller,64,56,2016-03-11,23,CHO,H,DET,15,1,23:55,3,4,0.75,0,0,NA,4,4,1,3,1,4,2,2,2,0,1,10,15.2,17,26
Cody Zeller,65,57,2016-03-12,23,CHO,H,HOU,16,1,15:11,3,4,0.75,0,0,NA,1,2,0.5,2,2,4,3,0,0,2,3,7,5.9,2,15.5
Cody Zeller,66,58,2016-03-14,23,CHO,H,DAL,-11,1,26:38,0,3,0,0,0,NA,1,2,0.5,4,5,9,0,1,0,2,4,1,0.2,-4,13.3
Cody Zeller,67,59,2016-03-16,23,CHO,H,ORL,8,1,29:19,5,7,0.714,0,0,NA,3,4,0.75,3,10,13,0,0,1,1,2,13,13.7,14,32.3
Cody Zeller,68,60,2016-03-17,23,CHO,A,MIA,3,1,14:20,3,6,0.5,0,0,NA,0,0,NA,1,2,3,0,0,0,0,1,6,3.9,11,9.8
Cody Zeller,69,61,2016-03-19,23,CHO,H,DEN,-8,1,29:00,3,6,0.5,0,0,NA,4,6,0.667,1,1,2,0,0,5,0,3,10,9.5,-6,22.5
Cody Zeller,70,62,2016-03-21,23,CHO,H,SAS,3,1,28:39,3,6,0.5,0,0,NA,0,0,NA,4,10,14,3,1,0,0,1,6,11.5,-2,30
Cody Zeller,71,63,2016-03-22,23,CHO,A,BRK,5,1,23:36,4,5,0.8,0,0,NA,0,0,NA,0,6,6,2,0,1,1,4,8,7.4,8,20
Cody Zeller,72,64,2016-03-25,23,CHO,A,DET,-7,1,20:44,4,5,0.8,0,0,NA,0,0,NA,3,3,6,0,0,1,0,3,8,8.6,-4,17.5
Cody Zeller,73,65,2016-03-26,23,CHO,A,MIL,24,1,20:22,2,4,0.5,0,0,NA,0,0,NA,1,2,3,1,0,2,0,3,4,4.2,14,13.3
Cody Zeller,74,66,2016-03-29,23,CHO,A,PHI,15,1,25:42,7,8,0.875,0,0,NA,4,4,1,0,11,11,0,0,2,2,2,18,17.1,10,36.3
Cody Zeller,75,67,2016-04-01,23,CHO,H,PHI,9,1,26:54,3,5,0.6,0,0,NA,2,2,1,3,6,9,2,3,1,0,0,8,14.7,8,30.3
Cody Zeller,76,68,2016-04-03,23,CHO,A,CLE,-9,1,28:38,2,6,0.333,0,0,NA,4,4,1,2,4,6,1,5,0,0,1,8,12.5,-2,27
Cody Zeller,77,69,2016-04-05,23,CHO,A,TOR,-6,1,19:21,4,6,0.667,0,0,NA,1,2,0.5,1,5,6,0,0,2,0,2,9,8.8,3,20.5
Cody Zeller,78,70,2016-04-06,23,CHO,A,NYK,14,1,19:08,3,5,0.6,0,0,NA,0,0,NA,5,0,5,1,1,0,1,3,6,6.7,8,15.3
Cody Zeller,79,71,2016-04-08,23,CHO,H,BRK,14,1,23:11,1,2,0.5,0,0,NA,3,4,0.75,0,4,4,1,1,5,1,1,5,8.6,19,23
Cody Zeller,80,72,2016-04-10,23,CHO,A,WAS,-15,1,16:38,2,3,0.667,0,0,NA,2,2,1,1,5,6,1,0,0,0,3,6,6.4,1,15
Cody Zeller,82,73,2016-04-13,23,CHO,H,ORL,14,1,12:37,1,2,0.5,0,0,NA,1,2,0.5,1,2,3,0,1,0,0,1,3,3.5,6,8.8
Brian Roberts,1,1,2015-10-28,29,CHO,A,MIA,-10,0,13:19,2,6,0.333,0,0,NA,1,1,1,0,1,1,1,0,0,0,1,5,2.2,4,7.8
Brian Roberts,4,2,2015-11-03,29,CHO,H,CHI,25,0,5:41,1,3,0.333,0,1,0,0,0,NA,0,0,0,0,0,0,0,0,2,0.3,-5,2
Brian Roberts,5,3,2015-11-05,29,CHO,A,DAL,14,0,6:11,0,2,0,0,0,NA,0,0,NA,0,1,1,0,0,0,0,0,0,-1.1,-7,1.3
Brian Roberts,6,4,2015-11-07,29,CHO,A,SAS,-20,0,3:51,0,1,0,0,1,0,1,2,0.5,0,0,0,0,0,0,0,0,1,-0.1,4,1
Brian Roberts,7,5,2015-11-10,29,CHO,A,MIN,9,0,6:04,2,2,1,0,0,NA,0,0,NA,0,1,1,0,0,0,1,0,4,2.7,9,4.8
Brian Roberts,10,6,2015-11-15,29,CHO,H,POR,12,0,3:16,0,0,NA,0,0,NA,0,0,NA,1,0,1,1,0,0,0,0,0,1.4,-7,2.8
Brian Roberts,13,7,2015-11-20,29,CHO,H,PHI,25,0,13:07,1,3,0.333,0,0,NA,0,0,NA,0,0,0,3,0,0,0,1,2,2,7,6.5
Brian Roberts,18,8,2015-12-02,29,CHO,H,GSW,-17,0,19:52,2,7,0.286,1,1,1,0,0,NA,0,6,6,5,2,0,0,1,5,7.8,8,24.5
Brian Roberts,20,9,2015-12-07,30,CHO,H,DET,20,0,3:44,0,1,0,0,0,NA,0,0,NA,0,0,0,0,0,0,0,0,0,-0.7,-2,0
Brian Roberts,21,10,2015-12-09,30,CHO,H,MIA,18,0,7:49,1,2,0.5,0,0,NA,0,0,NA,0,0,0,0,0,0,3,1,2,-2.4,-8,0.5
Brian Roberts,22,11,2015-12-11,30,CHO,A,MEM,24,0,3:31,0,1,0,0,0,NA,0,0,NA,0,1,1,2,0,0,0,0,0,1,-1,4.3
Brian Roberts,24,12,2015-12-16,30,CHO,A,ORL,-15,0,6:40,2,2,1,1,1,1,0,0,NA,0,1,1,0,0,0,0,0,5,4.7,5,6.8
Brian Roberts,27,13,2015-12-21,30,CHO,A,HOU,-7,0,5:47,1,2,0.5,0,1,0,0,0,NA,0,1,1,1,1,0,1,0,2,2,2,6.3
Brian Roberts,31,14,2015-12-30,30,CHO,H,LAC,-5,0,18:29,2,5,0.4,0,3,0,0,0,NA,0,0,0,2,2,0,1,3,4,2.5,-3,10.5
Brian Roberts,32,15,2016-01-01,30,CHO,A,TOR,-10,0,16:59,3,5,0.6,0,2,0,2,2,1,1,1,2,0,0,0,0,0,8,6.7,-13,10.5
Brian Roberts,33,16,2016-01-02,30,CHO,H,OKC,-19,0,3:49,0,1,0,0,0,NA,0,0,NA,0,0,0,1,0,0,0,0,0,0,0,1.5
Brian Roberts,34,17,2016-01-04,30,CHO,A,GSW,-10,0,16:28,4,5,0.8,1,1,1,0,0,NA,0,1,1,1,1,0,1,2,9,7.3,-3,13.8
Brian Roberts,35,18,2016-01-06,30,CHO,A,PHO,-9,0,14:51,2,7,0.286,0,2,0,1,1,1,0,2,2,1,0,1,0,1,5,2.5,-10,11
Brian Roberts,36,19,2016-01-09,30,CHO,A,LAC,-14,0,9:51,1,4,0.25,0,0,NA,0,0,NA,0,0,0,3,1,0,3,0,2,-0.3,5,7
Brian Roberts,38,20,2016-01-13,30,CHO,H,ATL,23,0,6:17,1,3,0.333,0,0,NA,2,2,1,0,0,0,1,0,0,0,0,4,3,-11,5.5
Brian Roberts,40,21,2016-01-16,30,CHO,H,MIL,-13,0,11:38,1,2,0.5,0,0,NA,2,2,1,0,1,1,3,0,0,1,2,4,3.6,-1,9.3
Brian Roberts,42,22,2016-01-20,30,CHO,A,OKC,-14,0,12:00,2,4,0.5,1,2,0.5,4,4,1,0,0,0,2,0,0,0,1,9,8,4,12.5
Brian Roberts,43,23,2016-01-22,30,CHO,A,ORL,4,0,23:38,4,5,0.8,1,2,0.5,2,2,1,0,2,2,1,0,0,1,2,11,8.6,16,15
Brian Roberts,44,24,2016-01-23,30,CHO,H,NYK,13,0,10:50,1,2,0.5,0,0,NA,2,2,1,0,1,1,1,0,0,1,0,4,3,-6,6.3
Brian Roberts,45,25,2016-01-25,30,CHO,A,SAC,1,0,12:54,2,4,0.5,1,1,1,2,2,1,0,0,0,2,0,0,1,1,7,5,7,10
Brian Roberts,46,26,2016-01-27,30,CHO,A,UTA,-29,0,12:00,3,4,0.75,2,2,1,5,5,1,0,1,1,1,0,0,1,0,13,11.4,-10,16.3
Brian Roberts,47,27,2016-01-29,30,CHO,A,POR,-18,0,23:41,6,15,0.4,1,4,0.25,4,5,0.8,1,1,2,0,0,0,1,2,17,7.7,-15,19.5
Brian Roberts,48,28,2016-01-31,30,CHO,A,LAL,19,0,24:00,3,11,0.273,0,2,0,2,2,1,0,3,3,2,0,0,0,2,8,3,6,14.8
Brian Roberts,49,29,2016-02-03,30,CHO,H,CLE,9,0,15:35,2,4,0.5,0,1,0,4,4,1,1,0,1,3,0,0,0,2,8,8,6,13.8
Brian Roberts,53,30,2016-02-10,30,CHO,A,IND,22,0,1:37,2,2,1,0,0,NA,0,1,0,0,0,0,1,0,0,0,1,4,3.3,0,5.5
Al Jefferson,1,1,2015-10-28,30,CHO,A,MIA,-10,1,21:46,8,14,0.571,0,0,NA,1,3,0.333,2,3,5,1,1,0,1,1,17,12.2,-8,26.3
Al Jefferson,2,2,2015-10-30,30,CHO,A,ATL,-3,1,29:52,5,15,0.333,0,0,NA,0,0,NA,4,7,11,0,1,2,0,1,10,8.4,7,31.3
Al Jefferson,3,3,2015-11-01,30,CHO,H,ATL,-2,1,29:24,5,12,0.417,0,0,NA,0,0,NA,0,10,10,2,0,2,0,1,10,9,2,31
Al Jefferson,4,4,2015-11-03,30,CHO,H,CHI,25,1,21:17,7,12,0.583,0,0,NA,0,0,NA,2,1,3,2,2,1,0,3,14,13,3,26.8
Al Jefferson,5,5,2015-11-05,30,CHO,A,DAL,14,1,26:48,15,18,0.833,0,0,NA,1,1,1,3,6,9,1,0,1,2,3,31,26.5,10,44.8
Al Jefferson,6,6,2015-11-07,30,CHO,A,SAS,-20,1,30:14,6,11,0.545,0,0,NA,1,2,0.5,1,6,7,1,0,0,0,4,13,8.9,4,23.3
Al Jefferson,7,7,2015-11-10,30,CHO,A,MIN,9,1,25:54,3,9,0.333,0,0,NA,3,4,0.75,0,4,4,2,0,1,2,2,9,4,-14,18
Al Jefferson,8,8,2015-11-11,30,CHO,H,NYK,2,1,22:33,2,10,0.2,0,0,NA,0,0,NA,2,3,5,2,0,0,0,1,4,1.1,-10,13.3
Al Jefferson,9,9,2015-11-13,30,CHO,A,CHI,-5,1,30:43,3,9,0.333,0,0,NA,0,0,NA,0,5,5,5,1,0,0,4,6,5.3,10,21.8
Al Jefferson,10,10,2015-11-15,30,CHO,H,POR,12,1,30:27,13,17,0.765,0,0,NA,3,4,0.75,2,3,5,3,1,1,2,4,29,24.4,10,42.8
Al Jefferson,11,11,2015-11-17,30,CHO,A,NYK,-8,1,26:00,5,12,0.417,0,0,NA,0,2,0,0,5,5,2,3,1,0,1,10,9,-15,27.3
Al Jefferson,12,12,2015-11-18,30,CHO,H,BRK,5,1,29:56,7,16,0.438,0,0,NA,4,7,0.571,1,7,8,2,0,2,1,4,18,11.4,-7,34.5
Al Jefferson,13,13,2015-11-20,30,CHO,H,PHI,25,1,30:40,11,19,0.579,0,0,NA,4,5,0.8,1,9,10,2,1,5,1,5,26,23,18,54.5
Al Jefferson,14,14,2015-11-23,30,CHO,H,SAC,5,1,22:57,4,10,0.4,0,0,NA,2,4,0.5,0,3,3,3,1,1,3,1,10,5.1,-8,20.8
Al Jefferson,15,15,2015-11-25,30,CHO,H,WAS,14,1,29:54,6,13,0.462,0,0,NA,2,2,1,3,8,11,1,1,0,0,2,14,12.7,11,32.8
Al Jefferson,16,16,2015-11-27,30,CHO,H,CLE,-5,1,30:56,5,12,0.417,0,0,NA,1,2,0.5,1,5,6,1,1,1,0,1,11,8.4,0,24
Al Jefferson,17,17,2015-11-29,30,CHO,H,MIL,5,1,6:51,0,1,0,0,0,NA,1,2,0.5,0,1,1,0,0,0,0,1,1,-0.2,-8,2.3
Al Jefferson,29,18,2015-12-26,30,CHO,H,MEM,6,0,17:33,1,8,0.125,0,0,NA,0,2,0,1,3,4,0,1,2,0,6,2,-2.4,-16,13
Al Jefferson,30,19,2015-12-28,30,CHO,H,LAL,10,0,14:36,1,4,0.25,0,0,NA,1,2,0.5,0,4,4,0,0,0,2,1,3,-1,0,7
Al Jefferson,54,20,2016-02-19,31,CHO,A,MIL,3,0,23:20,3,7,0.429,0,0,NA,0,0,NA,0,5,5,1,1,1,2,2,6,3.4,6,16.8
Al Jefferson,55,21,2016-02-21,31,CHO,A,BRK,8,0,24:05,9,13,0.692,0,0,NA,0,0,NA,1,6,7,0,0,0,2,3,18,11.8,6,25.8
Al Jefferson,56,22,2016-02-24,31,CHO,A,CLE,-11,0,21:18,5,9,0.556,0,0,NA,2,3,0.667,2,4,6,0,0,0,1,3,12,7.7,-25,19
Al Jefferson,57,23,2016-02-26,31,CHO,A,IND,1,0,20:33,4,12,0.333,0,0,NA,1,2,0.5,1,2,3,1,0,2,1,1,9,3.8,-10,17.8
Al Jefferson,58,24,2016-02-28,31,CHO,A,ATL,-11,0,23:13,3,11,0.273,0,0,NA,0,2,0,2,5,7,2,0,0,0,1,6,2.6,-9,17.8
Al Jefferson,59,25,2016-03-01,31,CHO,H,PHO,34,0,19:03,8,15,0.533,0,0,NA,3,3,1,2,5,7,0,0,1,0,1,19,14.9,26,29.8
Al Jefferson,60,26,2016-03-02,31,CHO,A,PHI,20,0,18:59,2,4,0.5,0,0,NA,2,3,0.667,0,6,6,1,1,1,1,3,6,5.6,13,18.5
Al Jefferson,61,27,2016-03-04,31,CHO,H,IND,7,0,20:46,6,10,0.6,0,0,NA,1,2,0.5,0,4,4,1,2,2,0,4,13,11.7,4,27.5
Al Jefferson,62,28,2016-03-07,31,CHO,H,MIN,5,0,25:53,9,14,0.643,0,0,NA,2,3,0.667,1,5,6,2,0,0,0,0,20,17,28,30.5
Al Jefferson,63,29,2016-03-09,31,CHO,H,NOP,9,0,18:06,1,3,0.333,0,0,NA,3,4,0.75,0,3,3,1,0,1,0,5,5,3.2,4,12.3
Al Jefferson,64,30,2016-03-11,31,CHO,H,DET,15,0,21:23,5,10,0.5,0,0,NA,2,4,0.5,0,4,4,1,1,0,0,5,12,7.1,-2,20.5
Al Jefferson,65,31,2016-03-12,31,CHO,H,HOU,16,0,30:03,5,11,0.455,0,0,NA,0,0,NA,2,8,10,3,0,2,1,5,10,8.6,18,32
Al Jefferson,66,32,2016-03-14,31,CHO,H,DAL,-11,0,21:22,1,3,0.333,0,0,NA,5,6,0.833,0,4,4,0,1,1,1,0,7,6.8,-7,15.5
Al Jefferson,67,33,2016-03-16,31,CHO,H,ORL,8,0,18:41,3,12,0.25,0,0,NA,1,2,0.5,3,5,8,3,0,0,0,1,7,4.7,-6,21.5
Al Jefferson,68,34,2016-03-17,31,CHO,A,MIA,3,0,26:51,10,16,0.625,0,0,NA,1,3,0.333,3,7,10,1,1,0,1,2,21,17.1,-4,38
Al Jefferson,69,35,2016-03-19,31,CHO,H,DEN,-8,0,19:00,4,6,0.667,0,0,NA,2,2,1,1,5,6,1,0,3,1,5,10,9.4,-2,24.5
Al Jefferson,70,36,2016-03-21,31,CHO,H,SAS,3,0,19:21,1,9,0.111,0,0,NA,1,2,0.5,3,3,6,2,0,1,1,1,3,0.4,5,15
Al Jefferson,71,37,2016-03-22,31,CHO,A,BRK,5,0,24:24,5,8,0.625,0,0,NA,0,0,NA,0,4,4,4,0,0,0,3,10,9.2,-3,21
Al Jefferson,72,38,2016-03-25,31,CHO,A,DET,-7,0,19:34,4,12,0.333,0,0,NA,0,0,NA,1,6,7,1,1,0,1,4,8,2.8,-22,19.8
Al Jefferson,73,39,2016-03-26,31,CHO,A,MIL,24,0,21:46,4,8,0.5,0,0,NA,7,10,0.7,1,5,6,1,0,0,0,1,15,12.3,8,24
Al Jefferson,74,40,2016-03-29,31,CHO,A,PHI,15,0,21:02,3,9,0.333,0,0,NA,1,1,1,1,8,9,0,1,2,1,1,7,6,8,23.8
Al Jefferson,75,41,2016-04-01,31,CHO,H,PHI,9,0,21:06,4,8,0.5,0,0,NA,5,5,1,0,7,7,0,1,2,0,3,13,12.3,1,27.8
Al Jefferson,77,42,2016-04-05,31,CHO,A,TOR,-6,0,20:10,2,9,0.222,0,0,NA,1,2,0.5,5,6,11,4,0,0,0,3,5,6,-2,24.8
Al Jefferson,78,43,2016-04-06,31,CHO,A,NYK,14,0,28:52,11,21,0.524,0,0,NA,2,2,1,0,8,8,1,2,0,1,2,24,17,6,39
Al Jefferson,79,44,2016-04-08,31,CHO,H,BRK,14,0,17:18,3,8,0.375,0,0,NA,0,0,NA,2,7,9,5,2,0,1,2,6,8.8,5,28.3
Al Jefferson,80,45,2016-04-10,31,CHO,A,WAS,-15,0,21:25,4,9,0.444,0,0,NA,2,2,1,1,6,7,0,0,0,1,4,10,5.2,-13,18.3
Al Jefferson,81,46,2016-04-11,31,CHO,A,BOS,14,1,27:08,8,11,0.727,0,0,NA,0,0,NA,2,9,11,2,2,1,3,5,16,14.7,23,38.8
Al Jefferson,82,47,2016-04-13,31,CHO,H,ORL,14,0,23:23,11,15,0.733,0,0,NA,4,6,0.667,0,4,4,2,0,1,0,1,26,22,1,36
Jeremy Lin,1,1,2015-10-28,27,CHO,A,MIA,-10,0,27:01,5,10,0.5,2,3,0.667,5,6,0.833,0,1,1,2,0,0,2,3,17,10.1,-2,21.3
Jeremy Lin,2,2,2015-10-30,27,CHO,A,ATL,-3,0,27:07,2,8,0.25,2,4,0.5,6,6,1,2,2,4,4,1,0,3,2,12,9.2,3,24.5
Jeremy Lin,3,3,2015-11-01,27,CHO,H,ATL,-2,0,21:28,2,9,0.222,1,6,0.167,2,2,1,1,1,2,5,1,2,1,2,7,6.6,-2,23
Jeremy Lin,4,4,2015-11-03,27,CHO,H,CHI,25,0,18:47,4,8,0.5,2,2,1,5,5,1,1,4,5,4,0,1,1,1,15,15,21,29.8
Jeremy Lin,5,5,2015-11-05,27,CHO,A,DAL,14,0,17:07,3,8,0.375,0,3,0,1,1,1,0,1,1,2,2,1,4,2,7,2.2,7,15.3
Jeremy Lin,6,6,2015-11-07,27,CHO,A,SAS,-20,0,21:59,4,10,0.4,1,4,0.25,3,6,0.5,0,3,3,2,0,0,2,2,12,4.9,-37,18.3
Jeremy Lin,7,7,2015-11-10,27,CHO,A,MIN,9,0,25:56,6,11,0.545,1,5,0.2,6,8,0.75,0,1,1,3,0,0,0,1,19,14.9,18,25.3
Jeremy Lin,8,8,2015-11-11,27,CHO,H,NYK,2,0,21:08,7,11,0.636,1,1,1,2,2,1,0,2,2,3,3,0,2,2,17,15,11,29.5
Jeremy Lin,9,9,2015-11-13,27,CHO,A,CHI,-5,0,16:33,2,7,0.286,0,1,0,0,0,NA,0,1,1,1,2,0,0,2,4,2.1,-15,10.8
Jeremy Lin,10,10,2015-11-15,27,CHO,H,POR,12,0,20:14,2,9,0.222,1,4,0.25,0,0,NA,0,0,0,3,1,1,1,1,5,1.9,6,13.5
Jeremy Lin,11,11,2015-11-17,27,CHO,A,NYK,-8,0,28:25,4,9,0.444,0,2,0,5,6,0.833,1,4,5,3,0,0,2,2,13,9.1,3,22.8
Jeremy Lin,12,12,2015-11-18,27,CHO,H,BRK,5,0,28:52,5,13,0.385,0,4,0,3,4,0.75,1,8,9,4,1,0,4,3,13,7.2,8,30.3
Jeremy Lin,13,13,2015-11-20,27,CHO,H,PHI,25,1,29:17,3,8,0.375,1,3,0.333,2,2,1,0,3,3,2,0,1,0,1,9,7.2,6,18.3
Jeremy Lin,14,14,2015-11-23,27,CHO,H,SAC,5,0,30:41,5,12,0.417,1,3,0.333,3,5,0.6,1,2,3,3,2,1,4,1,14,8.5,18,26.8
Jeremy Lin,15,15,2015-11-25,27,CHO,H,WAS,14,0,15:16,2,4,0.5,0,1,0,1,1,1,0,0,0,0,0,2,3,4,5,-0.2,8,7.5
Jeremy Lin,16,16,2015-11-27,27,CHO,H,CLE,-5,0,19:53,3,6,0.5,1,2,0.5,0,0,NA,0,4,4,4,0,0,2,2,7,5.2,0,17.5
Jeremy Lin,17,17,2015-11-29,27,CHO,H,MIL,5,0,22:21,1,4,0.25,1,1,1,4,4,1,0,3,3,4,0,0,0,3,7,7.1,10,17.3
Jeremy Lin,18,18,2015-12-02,27,CHO,H,GSW,-17,0,13:24,1,2,0.5,1,2,0.5,2,4,0.5,0,0,0,3,1,1,1,2,5,5.2,-11,13.5
Jeremy Lin,19,19,2015-12-05,27,CHO,A,CHI,6,0,26:40,3,9,0.333,0,3,0,3,4,0.75,2,3,5,3,3,0,0,3,9,9.7,6,25.8
Jeremy Lin,20,20,2015-12-07,27,CHO,H,DET,20,0,26:14,5,10,0.5,1,3,0.333,2,4,0.5,0,3,3,4,2,0,1,2,13,11.1,6,26.8
Jeremy Lin,21,21,2015-12-09,27,CHO,H,MIA,18,0,19:50,2,5,0.4,1,3,0.333,0,2,0,0,0,0,2,0,1,1,1,5,2.2,10,10
Jeremy Lin,22,22,2015-12-11,27,CHO,A,MEM,24,0,26:53,4,10,0.4,2,5,0.4,6,7,0.857,2,2,4,2,1,3,2,2,16,13.9,25,32
Jeremy Lin,23,23,2015-12-12,27,CHO,H,BOS,-5,0,31:55,5,10,0.5,0,1,0,4,4,1,1,4,5,2,0,2,1,3,14,11.5,10,26.8
Jeremy Lin,24,24,2015-12-16,27,CHO,A,ORL,-15,0,29:25,3,9,0.333,1,4,0.25,1,2,0.5,1,1,2,4,0,0,1,3,8,4.1,-12,16.5
Jeremy Lin,25,25,2015-12-17,27,CHO,H,TOR,10,1,47:27,13,22,0.591,2,5,0.4,7,9,0.778,0,5,5,4,0,2,3,4,35,25.1,11,50.8
Jeremy Lin,26,26,2015-12-19,27,CHO,A,WAS,-8,0,36:07,6,13,0.462,2,2,1,1,1,1,1,5,6,7,0,0,3,2,15,11.6,-6,32.5
Jeremy Lin,27,27,2015-12-21,27,CHO,A,HOU,-7,0,21:46,4,6,0.667,1,3,0.333,4,7,0.571,1,0,1,5,0,0,1,5,13,10.4,-3,21.8
Jeremy Lin,28,28,2015-12-23,27,CHO,H,BOS,-13,0,32:10,3,11,0.273,0,1,0,6,6,1,4,4,8,3,0,2,4,1,12,8.6,3,28.5
Jeremy Lin,29,29,2015-12-26,27,CHO,H,MEM,6,0,27:50,2,7,0.286,2,3,0.667,7,8,0.875,0,5,5,3,1,1,3,1,13,10.4,-2,27.3
Jeremy Lin,30,30,2015-12-28,27,CHO,H,LAL,10,0,34:37,5,10,0.5,1,3,0.333,2,3,0.667,1,5,6,4,1,2,3,2,13,11.2,5,31.5
Jeremy Lin,33,31,2016-01-02,27,CHO,H,OKC,-19,1,33:50,5,15,0.333,1,4,0.25,4,6,0.667,0,1,1,4,1,1,0,5,15,8.5,-16,26.8
Jeremy Lin,34,32,2016-01-04,27,CHO,A,GSW,-10,1,30:56,5,12,0.417,1,5,0.2,2,2,1,0,3,3,1,0,0,1,3,13,6,-14,18.3
Jeremy Lin,35,33,2016-01-06,27,CHO,A,PHO,-9,1,29:18,6,9,0.667,1,2,0.5,2,4,0.5,1,4,5,4,0,0,5,2,15,9.2,-9,25.3
Jeremy Lin,36,34,2016-01-09,27,CHO,A,LAC,-14,1,40:50,9,16,0.563,3,4,0.75,5,6,0.833,0,4,4,4,1,0,2,5,26,19,-15,39.5
Jeremy Lin,37,35,2016-01-10,27,CHO,A,DEN,-3,0,23:35,0,9,0,0,5,0,2,4,0.5,0,1,1,2,0,1,2,2,2,-5.5,0,7.3
Jeremy Lin,38,36,2016-01-13,27,CHO,H,ATL,23,0,26:45,5,11,0.455,1,6,0.167,8,8,1,2,3,5,1,0,1,2,3,19,13.8,14,28.3
Jeremy Lin,39,37,2016-01-15,27,CHO,A,NOP,-2,0,29:53,3,10,0.3,1,5,0.2,0,0,NA,0,5,5,1,1,0,1,1,7,3,6,16.8
Jeremy Lin,40,38,2016-01-16,27,CHO,H,MIL,-13,0,21:54,6,13,0.462,0,3,0,3,4,0.75,0,0,0,1,3,0,0,3,15,10.4,-8,22.5
Jeremy Lin,41,39,2016-01-18,27,CHO,H,UTA,5,0,36:30,4,6,0.667,1,1,1,0,0,NA,1,5,6,5,1,0,1,0,9,12.1,3,26
Jeremy Lin,42,40,2016-01-20,27,CHO,A,OKC,-14,0,27:56,6,11,0.545,0,1,0,4,4,1,0,1,1,2,0,0,2,4,16,8.8,-7,19.3
Jeremy Lin,43,41,2016-01-22,27,CHO,A,ORL,4,1,29:36,2,6,0.333,1,2,0.5,2,2,1,0,1,1,4,0,0,3,3,7,2.5,-11,13.3
Jeremy Lin,44,42,2016-01-23,27,CHO,H,NYK,13,1,40:25,7,17,0.412,2,5,0.4,10,10,1,1,4,5,5,0,1,5,3,26,16.8,23,40.3
Jeremy Lin,45,43,2016-01-25,27,CHO,A,SAC,1,1,50:29,8,19,0.421,2,4,0.5,2,2,1,1,6,7,11,0,0,3,4,20,15.5,5,46.3
Jeremy Lin,46,44,2016-01-27,27,CHO,A,UTA,-29,0,17:24,2,8,0.25,0,2,0,0,0,NA,0,2,2,1,1,0,1,1,4,0.1,-23,9.5
Jeremy Lin,48,45,2016-01-31,27,CHO,A,LAL,19,1,21:58,2,10,0.2,1,3,0.333,1,1,1,2,3,5,5,0,0,1,2,6,3.8,12,19.8
Jeremy Lin,49,46,2016-02-03,27,CHO,H,CLE,9,1,32:25,7,13,0.538,2,4,0.5,8,11,0.727,1,4,5,8,0,0,5,0,24,19,3,40.8
Jeremy Lin,50,47,2016-02-05,27,CHO,H,MIA,-3,0,16:04,1,6,0.167,0,0,NA,4,5,0.8,0,2,2,3,0,1,0,2,6,4.4,-14,15
Jeremy Lin,51,48,2016-02-06,27,CHO,H,WAS,4,0,23:18,3,5,0.6,1,1,1,0,0,NA,0,0,0,1,0,0,2,3,7,2.2,4,8
Jeremy Lin,52,49,2016-02-08,27,CHO,H,CHI,17,0,18:07,1,7,0.143,0,4,0,0,0,NA,0,3,3,2,0,1,1,1,2,-0.9,1,10.3
Jeremy Lin,53,50,2016-02-10,27,CHO,A,IND,22,0,27:48,5,9,0.556,2,2,1,2,2,1,1,4,5,4,3,2,2,1,14,16.4,8,36.3
Jeremy Lin,54,51,2016-02-19,27,CHO,A,MIL,3,0,23:12,1,8,0.125,0,3,0,2,2,1,0,0,0,2,4,0,3,1,4,0.8,8,13.5
Jeremy Lin,55,52,2016-02-21,27,CHO,A,BRK,8,0,30:31,3,10,0.3,0,1,0,5,6,0.833,1,4,5,2,1,1,0,2,11,9,10,24.3
Jeremy Lin,56,53,2016-02-24,27,CHO,A,CLE,-11,0,24:49,4,9,0.444,1,2,0.5,1,3,0.333,1,0,1,4,0,0,2,2,10,5.2,-17,16.8
Jeremy Lin,57,54,2016-02-26,27,CHO,A,IND,1,0,21:45,3,8,0.375,1,1,1,0,0,NA,0,3,3,2,0,0,1,2,7,3.1,-10,13.8
Jeremy Lin,58,55,2016-02-28,27,CHO,A,ATL,-11,0,21:19,4,7,0.571,1,3,0.333,6,7,0.857,0,1,1,1,0,1,1,4,15,10.4,-10,19.8
Jeremy Lin,59,56,2016-03-01,27,CHO,H,PHO,34,0,17:10,1,7,0.143,0,0,NA,4,4,1,0,3,3,2,0,2,2,1,6,2.8,8,15.8
Jeremy Lin,60,57,2016-03-02,27,CHO,A,PHI,20,0,19:47,4,6,0.667,0,1,0,6,6,1,1,3,4,2,0,0,3,4,14,9.8,15,20.5
Jeremy Lin,61,58,2016-03-04,27,CHO,H,IND,7,0,22:47,3,9,0.333,1,2,0.5,0,0,NA,0,2,2,0,0,1,2,3,7,0,15,11
Jeremy Lin,62,59,2016-03-07,27,CHO,H,MIN,5,0,22:54,1,8,0.125,1,4,0.25,6,6,1,0,5,5,2,1,0,3,1,9,4.3,14,19.3
Jeremy Lin,63,60,2016-03-09,27,CHO,H,NOP,9,0,21:59,3,10,0.3,0,3,0,6,6,1,0,2,2,0,0,0,0,0,12,6.8,3,14.5
Jeremy Lin,64,61,2016-03-11,27,CHO,H,DET,15,0,22:19,3,7,0.429,2,4,0.5,0,0,NA,1,0,1,2,2,0,0,0,8,8.4,10,17.3
Jeremy Lin,65,62,2016-03-12,27,CHO,H,HOU,16,0,25:36,4,9,0.444,1,2,0.5,7,8,0.875,1,3,4,4,1,0,0,5,16,14.3,9,29.5
Jeremy Lin,66,63,2016-03-14,27,CHO,H,DAL,-11,0,18:57,0,3,0,0,1,0,1,4,0.25,0,2,2,0,0,1,1,1,1,-2.4,-4,5
Jeremy Lin,67,64,2016-03-16,27,CHO,H,ORL,8,0,25:01,2,7,0.286,0,4,0,1,2,0.5,0,2,2,2,0,1,2,2,5,0.4,-4,11.5
Jeremy Lin,68,65,2016-03-17,27,CHO,A,MIA,3,0,17:27,1,6,0.167,0,1,0,4,4,1,1,2,3,1,0,0,2,4,6,0.6,2,10.3
Jeremy Lin,69,66,2016-03-19,27,CHO,H,DEN,-8,0,24:32,6,10,0.6,2,2,1,2,4,0.5,0,3,3,0,1,0,2,2,16,9.7,-11,21.8
Jeremy Lin,70,67,2016-03-21,27,CHO,H,SAS,3,0,31:17,11,18,0.611,4,4,1,3,3,1,0,7,7,2,1,0,3,1,29,21.9,9,43.3
Jeremy Lin,71,68,2016-03-22,27,CHO,A,BRK,5,0,30:13,8,12,0.667,1,2,0.5,4,6,0.667,0,2,2,4,1,0,2,1,21,17,-9,31
Jeremy Lin,72,69,2016-03-25,27,CHO,A,DET,-7,0,23:09,2,11,0.182,0,3,0,0,0,NA,0,3,3,3,0,1,3,1,4,-2.6,-20,12.8
Jeremy Lin,73,70,2016-03-26,27,CHO,A,MIL,24,0,24:44,4,5,0.8,1,2,0.5,0,0,NA,0,4,4,4,5,0,4,0,9,12.1,1,28.5
Jeremy Lin,75,71,2016-04-01,27,CHO,H,PHI,9,0,24:00,4,8,0.5,0,0,NA,1,1,1,0,4,4,6,1,1,1,1,9,10.7,0,26.5
Jeremy Lin,76,72,2016-04-03,27,CHO,A,CLE,-9,0,26:56,3,9,0.333,1,4,0.25,7,7,1,0,3,3,1,0,0,5,2,14,4.7,-15,17.3
Jeremy Lin,77,73,2016-04-05,27,CHO,A,TOR,-6,1,40:09,5,11,0.455,4,6,0.667,7,8,0.875,1,3,4,7,1,0,3,4,21,17.8,-2,39
Jeremy Lin,78,74,2016-04-06,27,CHO,A,NYK,14,0,33:00,2,9,0.222,2,5,0.4,0,0,NA,2,3,5,3,0,0,2,1,6,2.5,3,16.8
Jeremy Lin,79,75,2016-04-08,27,CHO,H,BRK,14,0,27:08,4,11,0.364,1,4,0.25,2,3,0.667,2,3,5,3,0,1,4,0,11,5.6,1,22.3
Jeremy Lin,80,76,2016-04-10,27,CHO,A,WAS,-15,0,21:31,0,6,0,0,3,0,1,2,0.5,0,1,1,3,1,0,3,2,1,-4,-2,7.3
Jeremy Lin,81,77,2016-04-11,27,CHO,A,BOS,14,0,39:13,7,14,0.5,1,6,0.167,10,10,1,0,7,7,5,5,1,1,4,25,26.7,8,53.3
Jeremy Lin,82,78,2016-04-13,27,CHO,H,ORL,14,1,20:45,4,7,0.571,2,3,0.667,0,0,NA,1,3,4,4,0,0,1,1,10,9.7,5,21.5
