Kevin Love,1,1,2015-10-27,27,CLE,A,CHI,-2,1,34:49,6,17,0.353,3,7,0.429,3,3,1,4,4,8,4,0,2,2,0,18,14.7,1,38.5
Kevin Love,2,2,2015-10-28,27,CLE,A,MEM,30,1,28:51,7,14,0.5,2,7,0.286,1,1,1,2,11,13,3,0,0,3,2,17,13,18,38.8
Kevin Love,3,3,2015-10-30,27,CLE,H,MIA,10,1,33:07,6,15,0.4,3,7,0.429,9,9,1,6,8,14,5,0,1,0,2,24,25.9,3,54
Kevin Love,4,4,2015-11-02,27,CLE,A,PHI,7,1,28:34,7,14,0.5,0,4,0,1,1,1,1,7,8,2,0,0,2,2,15,9.4,24,27
Kevin Love,5,5,2015-11-04,27,CLE,H,NYK,10,1,32:21,4,13,0.308,2,6,0.333,1,2,0.5,2,10,12,1,0,0,1,0,11,7.2,10,29.5
Kevin Love,6,6,2015-11-06,27,CLE,H,PHI,6,1,33:47,5,16,0.313,2,10,0.2,0,0,NA,5,9,14,2,2,0,5,2,12,6.6,14,36.5
Kevin Love,7,7,2015-11-08,27,CLE,H,IND,4,1,39:03,9,18,0.5,2,6,0.333,2,2,1,4,15,19,2,0,3,2,3,22,20.6,14,56.3
Kevin Love,8,8,2015-11-10,27,CLE,H,UTA,4,1,39:58,6,16,0.375,4,10,0.4,6,6,1,2,6,8,3,2,0,2,2,22,17.7,3,41.5
Kevin Love,9,9,2015-11-13,27,CLE,A,NYK,6,1,34:11,2,10,0.2,1,5,0.2,2,4,0.5,6,5,11,2,1,0,3,3,7,3.9,5,24.8
Kevin Love,10,10,2015-11-14,27,CLE,A,MIL,-3,1,44:00,8,18,0.444,4,9,0.444,4,6,0.667,2,12,14,2,1,0,2,2,24,18.4,-5,49
Kevin Love,11,11,2015-11-17,27,CLE,A,DET,-5,1,33:48,7,13,0.538,1,4,0.25,4,4,1,0,9,9,3,1,0,4,4,19,12.9,0,35.3
Kevin Love,12,12,2015-11-19,27,CLE,H,MIL,15,1,34:23,7,15,0.467,3,5,0.6,5,5,1,5,10,15,1,1,1,4,3,22,18,15,47.3
Kevin Love,13,13,2015-11-21,27,CLE,H,ATL,12,1,31:10,9,15,0.6,2,7,0.286,5,6,0.833,2,9,11,2,1,1,3,4,25,20.3,11,46.8
Kevin Love,14,14,2015-11-23,27,CLE,H,ORL,14,1,33:57,11,18,0.611,6,9,0.667,6,7,0.857,0,8,8,4,0,1,2,1,34,28.9,25,54
Kevin Love,15,15,2015-11-25,27,CLE,A,TOR,-4,1,35:11,7,14,0.5,5,8,0.625,2,4,0.5,3,10,13,2,0,0,3,5,21,14.7,-7,42.8
Kevin Love,16,16,2015-11-27,27,CLE,A,CHO,5,1,30:18,7,12,0.583,2,3,0.667,2,2,1,4,12,16,1,0,0,2,0,18,17.5,-7,41
Kevin Love,17,17,2015-11-28,27,CLE,H,BRK,2,1,34:00,8,14,0.571,6,11,0.545,4,4,1,0,7,7,2,0,1,3,4,26,19,5,41.3
Kevin Love,18,18,2015-12-01,27,CLE,H,WAS,-12,1,32:44,2,9,0.222,0,3,0,4,4,1,1,7,8,0,1,0,0,0,8,6.3,-24,20
Kevin Love,19,19,2015-12-04,27,CLE,A,NOP,-6,1,37:14,6,16,0.375,0,5,0,3,5,0.6,3,7,10,1,2,0,1,1,15,10.9,4,34
Kevin Love,20,20,2015-12-05,27,CLE,A,MIA,-15,1,22:16,2,11,0.182,0,4,0,1,1,1,3,5,8,2,0,0,3,2,5,-0.7,-10,16.5
Kevin Love,21,21,2015-12-08,27,CLE,H,POR,5,1,29:54,5,12,0.417,0,1,0,8,10,0.8,2,2,4,4,4,0,1,0,18,18.6,-2,36.5
Kevin Love,22,22,2015-12-11,27,CLE,A,ORL,35,1,27:52,2,6,0.333,1,3,0.333,3,4,0.75,3,10,13,6,2,0,0,0,8,15.5,28,37.8
Kevin Love,23,23,2015-12-15,27,CLE,A,BOS,12,1,34:01,7,16,0.438,3,7,0.429,3,4,0.75,1,7,8,5,1,2,2,0,20,17.9,20,44
Kevin Love,24,24,2015-12-17,27,CLE,H,OKC,4,1,32:29,4,10,0.4,2,5,0.4,1,1,1,1,6,7,5,2,0,3,2,11,9.8,-10,30.8
Kevin Love,25,25,2015-12-20,27,CLE,H,PHI,22,1,21:36,2,4,0.5,1,2,0.5,5,6,0.833,0,5,5,1,1,0,2,4,10,7.2,12,19.3
Kevin Love,26,26,2015-12-23,27,CLE,H,NYK,7,1,34:07,8,17,0.471,2,6,0.333,5,7,0.714,2,11,13,2,0,0,1,1,23,18.2,6,44.3
Kevin Love,27,27,2015-12-25,27,CLE,A,GSW,-6,1,39:17,5,16,0.313,0,5,0,0,0,NA,3,15,18,4,0,2,1,2,10,9.8,2,43.5
Kevin Love,28,28,2015-12-26,27,CLE,A,POR,-29,1,19:47,4,9,0.444,4,7,0.571,1,3,0.333,1,4,5,0,0,0,2,0,13,7.4,-21,20.3
Kevin Love,29,29,2015-12-28,27,CLE,A,PHO,4,1,25:07,6,11,0.545,3,6,0.5,1,1,1,2,5,7,4,0,0,1,4,16,13.8,15,31.8
Kevin Love,30,30,2015-12-29,27,CLE,A,DEN,6,1,36:20,4,16,0.25,0,5,0,0,2,0,1,13,14,1,2,0,1,2,8,3.1,16,30.5
Kevin Love,31,31,2016-01-02,27,CLE,H,ORL,25,1,28:56,2,5,0.4,1,2,0.5,5,8,0.625,1,12,13,2,1,0,1,1,10,11.4,19,32.8
Kevin Love,32,32,2016-01-04,27,CLE,H,TOR,22,1,33:07,4,11,0.364,2,5,0.4,4,4,1,4,5,9,2,2,3,1,3,14,15.5,14,38.8
Kevin Love,33,33,2016-01-06,27,CLE,A,WAS,6,1,28:41,4,10,0.4,0,1,0,0,0,NA,5,4,9,0,2,1,2,3,8,6.8,2,24.3
Kevin Love,34,34,2016-01-08,27,CLE,A,MIN,26,1,30:57,4,11,0.364,2,4,0.5,10,11,0.909,1,8,9,4,0,1,0,1,20,19.7,16,40.3
Kevin Love,35,35,2016-01-10,27,CLE,A,PHI,10,1,37:05,5,11,0.455,1,4,0.25,4,7,0.571,4,11,15,6,2,0,3,3,15,16.2,18,47.3
Kevin Love,36,36,2016-01-12,27,CLE,A,DAL,3,1,37:16,5,19,0.263,3,9,0.333,2,2,1,6,5,11,0,0,2,0,3,15,9.6,-6,35.8
Kevin Love,37,37,2016-01-14,27,CLE,A,SAS,-4,1,37:09,4,10,0.4,2,4,0.5,0,0,NA,0,12,12,1,0,0,2,3,10,5.7,6,28
Kevin Love,38,38,2016-01-15,27,CLE,A,HOU,14,1,32:35,4,13,0.308,3,8,0.375,0,0,NA,3,10,13,1,3,0,5,2,11,6.5,7,35.3
Kevin Love,39,39,2016-01-18,27,CLE,H,GSW,-34,1,21:14,1,5,0.2,1,3,0.333,0,0,NA,1,5,6,2,0,1,1,1,3,2.8,-18,15.5
Kevin Love,40,40,2016-01-20,27,CLE,A,BRK,13,1,31:19,5,10,0.5,1,3,0.333,6,8,0.75,0,18,18,0,2,0,4,3,17,13.4,18,43.5
Kevin Love,41,41,2016-01-21,27,CLE,H,LAC,13,1,33:29,4,10,0.4,3,6,0.5,7,8,0.875,2,14,16,2,1,0,5,3,18,14,11,43.5
Kevin Love,42,42,2016-01-23,27,CLE,H,CHI,-13,1,33:03,6,12,0.5,1,5,0.2,1,4,0.25,1,4,5,2,1,0,1,3,14,8.9,-7,25.3
Kevin Love,43,43,2016-01-25,27,CLE,H,MIN,7,1,36:09,5,11,0.455,1,7,0.143,0,1,0,1,5,6,2,2,0,1,3,11,8.3,10,25.5
Kevin Love,44,44,2016-01-27,27,CLE,H,PHO,22,1,27:30,8,17,0.471,3,8,0.375,2,2,1,3,8,11,4,2,2,1,2,21,21.2,12,51.3
Kevin Love,45,45,2016-01-29,27,CLE,A,DET,8,1,37:15,9,19,0.474,5,7,0.714,6,6,1,0,6,6,3,0,0,0,3,29,22,17,43.5
Kevin Love,46,46,2016-01-30,27,CLE,H,SAS,14,1,31:21,8,13,0.615,3,6,0.5,2,2,1,3,8,11,3,0,1,1,2,21,20.6,4,43.8
Kevin Love,47,47,2016-02-01,27,CLE,A,IND,5,1,41:48,7,15,0.467,2,5,0.4,3,4,0.75,0,8,8,2,2,2,2,4,19,14.5,1,40
Kevin Love,48,48,2016-02-03,27,CLE,A,CHO,-9,1,36:01,4,12,0.333,2,7,0.286,2,2,1,1,11,12,1,2,2,1,1,12,11.9,0,38.5
Kevin Love,49,49,2016-02-05,27,CLE,H,BOS,-1,1,21:40,4,10,0.4,2,6,0.333,0,0,NA,1,4,5,2,0,1,0,0,10,8.6,-2,22.3
Kevin Love,51,50,2016-02-08,27,CLE,H,SAC,20,1,27:56,2,10,0.2,2,6,0.333,5,6,0.833,1,5,6,2,0,0,2,2,11,5.2,13,21.5
Kevin Love,52,51,2016-02-10,27,CLE,H,LAL,9,1,19:40,2,9,0.222,2,5,0.4,2,2,1,0,6,6,3,1,0,0,2,8,6.6,16,23
Kevin Love,53,52,2016-02-18,27,CLE,H,CHI,11,1,29:31,5,10,0.5,2,6,0.333,3,4,0.75,1,13,14,2,0,1,0,2,15,15.5,15,40
Kevin Love,54,53,2016-02-21,27,CLE,A,OKC,23,1,37:39,9,18,0.5,0,4,0,11,12,0.917,3,8,11,4,0,0,0,0,29,26.9,24,50.3
Kevin Love,55,54,2016-02-22,27,CLE,H,DET,-8,1,35:32,8,15,0.533,3,7,0.429,5,5,1,0,7,7,3,0,0,2,2,24,18.1,-11,37.8
Kevin Love,56,55,2016-02-24,27,CLE,H,CHO,11,1,26:00,4,11,0.364,0,3,0,0,0,NA,0,2,2,2,2,0,2,3,8,2.7,12,16.5
Kevin Love,57,56,2016-02-26,27,CLE,A,TOR,-2,1,35:08,5,15,0.333,2,5,0.4,8,10,0.8,3,6,9,5,1,0,0,3,20,17.9,3,41.8
Kevin Love,58,57,2016-02-28,27,CLE,A,WAS,-14,1,23:33,4,11,0.364,0,1,0,4,4,1,2,3,5,1,0,0,2,0,12,6.9,-14,18.8
Kevin Love,59,58,2016-02-29,27,CLE,H,IND,4,1,40:23,4,14,0.286,1,5,0.2,4,4,1,1,7,8,6,0,1,1,3,13,10.3,2,34
Kevin Love,61,59,2016-03-05,27,CLE,H,BOS,17,1,30:04,1,6,0.167,0,3,0,8,9,0.889,1,3,4,3,1,0,1,1,10,9.1,8,21
Kevin Love,62,60,2016-03-07,27,CLE,H,MEM,-3,1,32:59,2,9,0.222,0,3,0,10,10,1,4,7,11,3,0,1,4,0,14,12.2,-4,33.8
Kevin Love,63,61,2016-03-09,27,CLE,A,SAC,9,1,34:58,4,13,0.308,2,8,0.25,7,7,1,1,9,10,3,2,1,4,3,17,12.5,19,40.5
Kevin Love,65,62,2016-03-13,27,CLE,A,LAC,24,1,24:32,5,11,0.455,0,4,0,2,4,0.5,0,9,9,1,0,0,0,0,12,8.9,1,24.8
Kevin Love,66,63,2016-03-14,27,CLE,A,UTA,-9,1,34:15,4,11,0.364,2,7,0.286,2,2,1,1,8,9,2,0,0,3,2,12,6.6,-4,25.8
Kevin Love,67,64,2016-03-16,27,CLE,H,DAL,1,1,33:37,8,19,0.421,2,6,0.333,5,6,0.833,4,14,18,1,0,2,2,3,23,18.4,16,52.5
Kevin Love,68,65,2016-03-18,27,CLE,A,ORL,6,1,23:05,5,10,0.5,3,5,0.6,1,2,0.5,1,5,6,2,0,0,3,3,14,8,-5,24.5
Kevin Love,69,66,2016-03-19,27,CLE,A,MIA,-21,1,16:18,3,7,0.429,1,4,0.25,0,0,NA,0,1,1,1,0,0,1,3,7,2.1,-13,9.8
Kevin Love,71,67,2016-03-23,27,CLE,H,MIL,9,1,31:11,8,14,0.571,4,10,0.4,4,5,0.8,2,8,10,4,1,2,4,3,24,20.8,14,50
Kevin Love,72,68,2016-03-24,27,CLE,A,BRK,-9,1,33:16,5,14,0.357,0,5,0,1,2,0.5,3,9,12,3,0,1,2,1,11,8,-8,33
Kevin Love,73,69,2016-03-26,27,CLE,A,NYK,14,1,34:27,10,19,0.526,4,9,0.444,4,6,0.667,3,9,12,2,0,0,0,1,28,23.7,13,49.5
Kevin Love,74,70,2016-03-29,27,CLE,H,HOU,-6,1,29:31,5,14,0.357,2,6,0.333,1,2,0.5,1,10,11,0,0,0,1,3,13,6.3,-16,28.8
Kevin Love,75,71,2016-03-31,27,CLE,H,BRK,20,1,24:53,6,10,0.6,4,8,0.5,3,4,0.75,3,7,10,2,1,1,3,0,19,18.3,20,40.5
Kevin Love,76,72,2016-04-01,27,CLE,A,ATL,2,1,33:48,5,11,0.455,3,9,0.333,2,4,0.5,0,6,6,4,1,0,3,5,15,9.1,8,30.5
Kevin Love,77,73,2016-04-03,27,CLE,H,CHO,9,1,32:12,10,18,0.556,5,8,0.625,0,0,NA,2,7,9,4,0,1,3,4,25,18.8,-5,45.3
Kevin Love,78,74,2016-04-05,27,CLE,A,MIL,29,1,25:28,6,11,0.545,3,6,0.5,2,2,1,0,9,9,3,0,0,2,1,17,14.1,17,33.3
Kevin Love,79,75,2016-04-06,27,CLE,A,IND,-14,1,18:32,5,13,0.385,3,5,0.6,10,10,1,0,5,5,0,0,0,1,3,23,15.2,0,30.3
Kevin Love,80,76,2016-04-09,27,CLE,A,CHI,-3,1,35:40,6,17,0.353,4,9,0.444,4,5,0.8,3,10,13,3,0,0,3,3,20,13.1,11,42.8
Kevin Love,81,77,2016-04-11,27,CLE,H,ATL,15,1,29:28,2,8,0.25,2,5,0.4,4,4,1,1,13,14,2,2,0,1,2,10,11.4,9,36.5
James Jones,1,1,2015-10-27,35,CLE,A,CHI,-2,0,3:49,0,2,0,0,2,0,0,0,NA,0,0,0,0,0,1,0,1,0,-1.1,-7,2
James Jones,2,2,2015-10-28,35,CLE,A,MEM,30,0,5:15,1,2,0.5,1,1,1,0,0,NA,0,0,0,0,0,0,1,1,3,0.6,2,3
James Jones,3,3,2015-10-30,35,CLE,H,MIA,10,0,1:28,0,0,NA,0,0,NA,0,0,NA,0,1,1,0,0,0,0,0,0,0.3,-4,1.3
James Jones,4,4,2015-11-02,35,CLE,A,PHI,7,0,15:03,4,6,0.667,4,5,0.8,0,0,NA,0,1,1,0,0,0,0,0,12,9.7,-5,15.3
James Jones,5,5,2015-11-04,35,CLE,H,NYK,10,0,11:03,1,3,0.333,0,2,0,3,3,1,0,0,0,0,0,0,0,1,5,2.9,-3,5
James Jones,6,6,2015-11-06,35,CLE,H,PHI,6,0,12:35,1,6,0.167,1,4,0.25,0,0,NA,2,2,4,2,0,0,1,1,3,1.2,-4,11
James Jones,7,7,2015-11-08,35,CLE,H,IND,4,0,3:05,0,0,NA,0,0,NA,0,0,NA,0,0,0,0,0,0,1,2,0,-1.8,1,-0.5
James Jones,8,8,2015-11-10,35,CLE,H,UTA,4,0,3:27,0,1,0,0,1,0,0,0,NA,0,0,0,0,0,0,0,0,0,-0.7,-5,0
James Jones,9,9,2015-11-13,35,CLE,A,NYK,6,0,10:15,0,2,0,0,2,0,0,0,NA,0,3,3,0,0,0,0,3,0,-1.7,4,3.8
James Jones,10,10,2015-11-14,35,CLE,A,MIL,-3,0,3:44,0,0,NA,0,0,NA,0,0,NA,0,0,0,0,0,0,0,0,0,0,-3,0
James Jones,11,11,2015-11-17,35,CLE,A,DET,-5,0,13:44,1,2,0.5,1,2,0.5,1,3,0.333,0,3,3,1,2,0,0,4,4,4.2,-3,13.8
James Jones,12,12,2015-11-19,35,CLE,H,MIL,15,0,11:08,3,5,0.6,2,4,0.5,1,2,0.5,0,0,0,1,0,0,0,0,9,7,-1,11.5
James Jones,13,13,2015-11-21,35,CLE,H,ATL,12,0,5:00,2,3,0.667,2,2,1,0,0,NA,0,1,1,0,0,1,0,1,6,5.3,1,10.3
James Jones,14,14,2015-11-23,35,CLE,H,ORL,14,0,14:03,1,5,0.2,1,3,0.333,0,0,NA,0,0,0,1,0,0,0,3,3,-0.6,-11,5
James Jones,15,15,2015-11-25,35,CLE,A,TOR,-4,0,15:18,2,3,0.667,2,3,0.667,0,0,NA,0,2,2,1,0,0,0,1,6,5.6,6,11
James Jones,16,16,2015-11-27,35,CLE,A,CHO,5,0,7:49,0,4,0,0,3,0,0,0,NA,0,0,0,0,0,0,0,1,0,-3.2,2,0
James Jones,17,17,2015-11-28,35,CLE,H,BRK,2,0,6:01,1,1,1,1,1,1,0,0,NA,0,1,1,0,0,2,0,0,3,4.4,0,8.8
James Jones,18,18,2015-12-01,35,CLE,H,WAS,-12,0,13:50,0,3,0,0,3,0,0,0,NA,0,0,0,0,1,0,1,1,0,-2.5,0,1.5
James Jones,19,19,2015-12-04,35,CLE,A,NOP,-6,0,14:43,1,5,0.2,1,5,0.2,4,4,1,0,2,2,1,1,0,1,2,7,4.4,-3,13
James Jones,20,20,2015-12-05,35,CLE,A,MIA,-15,0,14:27,2,5,0.4,2,4,0.5,0,0,NA,2,0,2,1,1,0,0,2,6,5.6,6,13
James Jones,22,21,2015-12-11,35,CLE,A,ORL,35,0,18:22,5,10,0.5,4,8,0.5,1,2,0.5,0,1,1,0,1,0,1,4,15,8.3,3,19.8
James Jones,25,22,2015-12-20,35,CLE,H,PHI,22,0,15:49,1,5,0.2,0,2,0,0,0,NA,0,5,5,1,0,1,0,1,2,1.4,-9,11.8
James Jones,26,23,2015-12-23,35,CLE,H,NYK,7,0,4:32,0,0,NA,0,0,NA,0,0,NA,0,0,0,0,0,0,0,0,0,0,-1,0
James Jones,27,24,2015-12-25,35,CLE,A,GSW,-6,0,1:34,0,0,NA,0,0,NA,0,0,NA,0,2,2,0,0,0,0,0,0,0.6,0,2.5
James Jones,28,25,2015-12-26,35,CLE,A,POR,-29,0,18:06,3,8,0.375,1,4,0.25,0,1,0,0,2,2,0,0,0,0,2,7,2,2,10
James Jones,29,26,2015-12-28,35,CLE,A,PHO,4,0,12:56,1,4,0.25,1,4,0.25,0,0,NA,0,3,3,1,1,0,2,2,3,0.4,-5,9.8
James Jones,30,27,2015-12-29,35,CLE,A,DEN,6,0,0:11,0,0,NA,0,0,NA,0,0,NA,0,0,0,0,0,0,0,0,0,0,1,0
James Jones,31,28,2016-01-02,35,CLE,H,ORL,25,0,18:25,3,6,0.5,1,4,0.25,3,3,1,2,1,3,1,0,0,0,0,10,9.4,8,15.8
James Jones,32,29,2016-01-04,35,CLE,H,TOR,22,0,7:35,1,1,1,1,1,1,2,2,1,0,0,0,0,0,0,0,1,5,4.3,1,5.5
James Jones,34,30,2016-01-08,35,CLE,A,MIN,26,0,4:41,0,0,NA,0,0,NA,0,0,NA,0,0,0,0,0,0,0,0,0,0,0,0
James Jones,39,31,2016-01-18,35,CLE,H,GSW,-34,0,11:13,3,5,0.6,1,3,0.333,1,1,1,0,0,0,1,0,0,1,4,8,3.8,-4,9.5
James Jones,40,32,2016-01-20,35,CLE,A,BRK,13,0,16:41,0,3,0,0,3,0,0,0,NA,0,1,1,0,1,0,0,1,0,-1.2,-5,3.3
James Jones,41,33,2016-01-21,35,CLE,H,LAC,13,0,13:23,0,0,NA,0,0,NA,0,0,NA,0,0,0,1,0,0,1,4,0,-1.9,0,1
James Jones,42,34,2016-01-23,35,CLE,H,CHI,-13,0,6:30,0,0,NA,0,0,NA,0,0,NA,0,0,0,0,0,1,0,1,0,0.3,-3,2
James Jones,45,35,2016-01-29,35,CLE,A,DET,8,0,1:38,0,0,NA,0,0,NA,0,0,NA,0,0,0,0,0,0,0,0,0,0,-7,0
James Jones,54,36,2016-02-21,35,CLE,A,OKC,23,0,5:46,1,2,0.5,0,0,NA,0,0,NA,0,1,1,0,0,0,0,0,2,1.3,7,3.3
James Jones,56,37,2016-02-24,35,CLE,H,CHO,11,0,1:49,0,1,0,0,1,0,0,0,NA,0,0,0,0,0,0,0,0,0,-0.7,-5,0
James Jones,60,38,2016-03-04,35,CLE,H,WAS,25,0,12:00,2,3,0.667,1,1,1,0,0,NA,0,1,1,0,0,1,0,1,5,4.3,5,8.8
James Jones,64,39,2016-03-10,35,CLE,A,LAL,12,0,18:20,2,5,0.4,1,3,0.333,0,0,NA,1,1,2,0,0,0,0,0,5,3.3,-9,8
James Jones,65,40,2016-03-13,35,CLE,A,LAC,24,0,3:17,1,1,1,1,1,1,0,0,NA,0,0,0,0,0,0,0,0,3,2.7,1,3.5
James Jones,69,41,2016-03-19,35,CLE,A,MIA,-21,0,10:48,2,4,0.5,2,3,0.667,1,1,1,0,1,1,0,0,0,0,0,7,5.3,7,9.3
James Jones,70,42,2016-03-21,35,CLE,H,DEN,33,0,8:15,2,2,1,2,2,1,0,0,NA,0,1,1,0,0,1,0,0,6,6.4,10,10.3
James Jones,74,43,2016-03-29,35,CLE,H,HOU,-6,0,8:03,2,5,0.4,2,5,0.4,4,4,1,0,1,1,0,1,0,0,0,10,8.6,15,14.3
James Jones,75,44,2016-03-31,35,CLE,H,BRK,20,0,6:44,1,2,0.5,1,2,0.5,0,0,NA,0,1,1,0,1,0,0,0,3,3.3,-7,6.8
James Jones,78,45,2016-04-05,35,CLE,A,MIL,29,0,8:34,2,4,0.5,2,4,0.5,0,0,NA,0,0,0,0,0,0,0,0,6,4,0,7
James Jones,79,46,2016-04-06,35,CLE,A,IND,-14,0,5:08,2,3,0.667,1,1,1,0,0,NA,0,0,0,0,0,1,0,0,5,4.4,4,7.5
James Jones,81,47,2016-04-11,35,CLE,H,ATL,15,0,1:34,0,0,NA,0,0,NA,0,0,NA,0,0,0,0,0,0,0,0,0,0,0,0
James Jones,82,48,2016-04-13,35,CLE,H,DET,-2,0,35:45,4,10,0.4,1,5,0.2,0,0,NA,1,4,5,1,1,1,3,5,9,2.9,-4,19.8
LeBron James,1,1,2015-10-27,30,CLE,A,CHI,-2,1,36:04,12,22,0.545,1,5,0.2,0,3,0,0,10,10,5,1,0,1,3,25,18.5,1,48.5
LeBron James,2,2,2015-10-28,30,CLE,A,MEM,30,1,30:48,4,13,0.308,0,3,0,4,8,0.5,1,6,7,5,3,0,3,1,12,8.5,10,32.8
LeBron James,3,3,2015-10-30,30,CLE,H,MIA,10,1,33:56,13,19,0.684,0,2,0,3,5,0.6,2,3,5,4,1,0,4,3,29,21,7,41.3
LeBron James,4,4,2015-11-02,30,CLE,A,PHI,7,1,33:20,9,19,0.474,0,3,0,4,4,1,0,9,9,11,4,2,3,3,22,23.9,21,61.8
LeBron James,5,5,2015-11-04,30,CLE,H,NYK,10,1,35:04,9,23,0.391,1,5,0.2,4,7,0.571,2,3,5,3,4,1,3,1,23,15,14,42.8
LeBron James,6,6,2015-11-06,30,CLE,H,PHI,6,1,36:20,12,22,0.545,3,5,0.6,4,6,0.667,0,4,4,13,2,0,2,1,31,29.5,24,61.5
LeBron James,7,7,2015-11-08,30,CLE,H,IND,4,1,35:01,10,23,0.435,0,3,0,9,14,0.643,0,6,6,4,0,0,2,0,29,17.5,1,41.5
LeBron James,8,8,2015-11-10,30,CLE,H,UTA,4,1,37:51,11,19,0.579,1,3,0.333,8,12,0.667,3,4,7,8,2,0,5,2,31,25.6,4,53.8
LeBron James,9,9,2015-11-13,30,CLE,A,NYK,6,1,39:23,12,21,0.571,0,2,0,7,10,0.7,0,3,3,6,2,1,3,4,31,23.1,17,48.3
LeBron James,10,10,2015-11-14,30,CLE,A,MIL,-3,1,45:03,13,27,0.481,5,11,0.455,6,12,0.5,4,8,12,5,1,3,7,3,37,24.5,-2,68
LeBron James,11,11,2015-11-17,30,CLE,A,DET,-5,1,39:48,11,21,0.524,4,7,0.571,4,5,0.8,0,6,6,3,0,0,4,3,30,18,-6,42
LeBron James,12,12,2015-11-19,30,CLE,H,MIL,15,1,34:59,9,13,0.692,1,1,1,8,9,0.889,3,6,9,6,0,0,4,3,27,24,13,45.8
LeBron James,13,13,2015-11-21,30,CLE,H,ATL,12,1,33:20,8,15,0.533,1,2,0.5,2,2,1,2,9,11,8,0,2,3,1,19,19.4,17,49.3
LeBron James,14,14,2015-11-23,30,CLE,H,ORL,14,1,34:58,7,14,0.5,0,2,0,1,5,0.2,0,6,6,13,1,0,2,0,15,16.3,29,44.5
LeBron James,15,15,2015-11-25,30,CLE,A,TOR,-4,1,39:46,6,16,0.375,1,5,0.2,11,12,0.917,2,4,6,8,0,0,2,1,24,20.6,13,43
LeBron James,16,16,2015-11-27,30,CLE,A,CHO,5,1,38:13,8,20,0.4,2,5,0.4,7,9,0.778,2,11,13,5,0,0,3,2,25,17.8,1,49.8
LeBron James,17,17,2015-11-28,30,CLE,H,BRK,2,1,35:43,10,22,0.455,1,6,0.167,5,6,0.833,2,7,9,5,1,0,2,0,26,20.2,-1,46.3
LeBron James,18,18,2015-12-01,30,CLE,H,WAS,-12,1,37:23,8,20,0.4,0,3,0,8,8,1,4,9,13,4,1,1,9,3,24,13,-12,47.3
LeBron James,19,19,2015-12-04,30,CLE,A,NOP,-6,1,44:47,13,29,0.448,1,5,0.2,10,11,0.909,2,5,7,8,1,1,5,4,37,25.1,-4,59.8
LeBron James,21,20,2015-12-08,30,CLE,H,POR,5,1,40:20,14,24,0.583,1,3,0.333,4,4,1,1,9,10,3,2,3,2,3,33,28.2,7,61
LeBron James,22,21,2015-12-11,30,CLE,A,ORL,35,1,29:25,10,15,0.667,0,1,0,5,8,0.625,0,3,3,8,4,0,4,0,25,23.8,36,46.8
LeBron James,23,22,2015-12-15,30,CLE,A,BOS,12,1,35:42,10,20,0.5,0,3,0,4,4,1,1,6,7,3,2,1,6,3,24,14.1,17,40.3
LeBron James,24,23,2015-12-17,30,CLE,H,OKC,4,1,39:37,12,27,0.444,2,5,0.4,7,8,0.875,2,7,9,11,2,0,7,2,33,23.9,5,63.8
LeBron James,25,24,2015-12-20,30,CLE,H,PHI,22,1,25:19,10,17,0.588,0,3,0,3,4,0.75,0,5,5,4,3,1,2,0,23,20.7,33,42.3
LeBron James,26,25,2015-12-23,30,CLE,H,NYK,7,1,37:43,9,22,0.409,0,3,0,6,7,0.857,1,8,9,5,0,0,1,2,24,16.6,7,42.3
LeBron James,27,26,2015-12-25,30,CLE,A,GSW,-6,1,38:33,10,26,0.385,1,5,0.2,4,9,0.444,2,7,9,2,1,2,4,0,25,12.1,-9,43.8
LeBron James,28,27,2015-12-26,30,CLE,A,POR,-29,1,26:27,4,13,0.308,0,3,0,4,5,0.8,0,4,4,5,0,0,3,2,12,5,-29,23
LeBron James,29,28,2015-12-28,30,CLE,A,PHO,4,1,35:23,4,10,0.4,1,5,0.2,5,9,0.556,0,4,4,7,2,1,2,3,14,12.6,3,35
LeBron James,30,29,2015-12-29,30,CLE,A,DEN,6,1,34:23,13,24,0.542,1,3,0.333,7,8,0.875,3,3,6,2,2,1,5,2,34,23.3,3,48.5
LeBron James,31,30,2016-01-02,31,CLE,H,ORL,25,1,29:13,11,18,0.611,4,7,0.571,3,4,0.75,0,5,5,3,2,0,0,2,29,25.2,28,45.8
LeBron James,32,31,2016-01-04,31,CLE,H,TOR,22,1,30:41,7,11,0.636,1,2,0.5,5,8,0.625,0,2,2,7,3,0,2,1,20,20,11,38.5
LeBron James,33,32,2016-01-06,31,CLE,A,WAS,6,1,39:42,12,22,0.545,4,9,0.444,6,8,0.75,0,10,10,4,1,1,2,3,34,26.9,2,59
LeBron James,34,33,2016-01-08,31,CLE,A,MIN,26,1,32:14,5,12,0.417,0,4,0,3,4,0.75,0,12,12,8,1,2,3,1,13,14.4,21,46
LeBron James,35,34,2016-01-10,31,CLE,A,PHI,10,1,37:00,15,22,0.682,3,5,0.6,4,6,0.667,0,7,7,9,2,0,2,1,37,34.8,11,63.8
LeBron James,36,35,2016-01-12,31,CLE,A,DAL,3,1,41:43,9,17,0.529,3,6,0.5,6,8,0.75,3,7,10,7,2,0,4,2,27,24.2,2,55
LeBron James,37,36,2016-01-14,31,CLE,A,SAS,-4,1,37:20,9,17,0.529,1,3,0.333,3,4,0.75,2,5,7,5,0,0,4,4,22,14.1,9,36.8
LeBron James,38,37,2016-01-15,31,CLE,A,HOU,14,1,36:23,7,14,0.5,1,2,0.5,4,6,0.667,2,5,7,7,0,2,4,1,19,16,10,40.8
LeBron James,39,38,2016-01-18,31,CLE,H,GSW,-34,1,32:53,7,16,0.438,0,3,0,2,2,1,1,4,5,5,1,1,3,1,16,11.3,-34,32.3
LeBron James,40,39,2016-01-20,31,CLE,A,BRK,13,1,29:03,7,12,0.583,1,1,1,2,4,0.5,0,1,1,5,1,1,4,1,17,11.7,15,28.3
LeBron James,41,40,2016-01-21,31,CLE,H,LAC,13,1,35:11,9,17,0.529,1,4,0.25,3,5,0.6,1,4,5,12,0,0,0,4,22,21.6,21,48.3
LeBron James,42,41,2016-01-23,31,CLE,H,CHI,-13,1,39:44,11,27,0.407,0,5,0,4,7,0.571,3,10,13,9,2,1,1,3,26,22.2,-2,62.8
LeBron James,43,42,2016-01-25,31,CLE,H,MIN,7,1,38:01,11,15,0.733,1,1,1,2,3,0.667,0,4,4,9,1,1,5,2,25,21.9,1,45.5
LeBron James,44,43,2016-01-27,31,CLE,H,PHO,22,1,31:01,7,8,0.875,0,1,0,7,7,1,0,3,3,9,0,0,2,2,21,22.6,16,37.3
LeBron James,45,44,2016-01-29,31,CLE,A,DET,8,1,35:48,7,16,0.438,0,2,0,6,7,0.857,1,8,9,8,1,0,1,3,20,18.7,19,44.8
LeBron James,46,45,2016-01-30,31,CLE,H,SAS,14,1,34:09,10,17,0.588,0,2,0,9,11,0.818,1,4,5,7,2,2,2,2,29,27.7,14,52.8
LeBron James,47,46,2016-02-01,31,CLE,A,IND,5,1,43:35,9,22,0.409,0,5,0,6,10,0.6,2,10,12,6,2,1,1,2,24,20.1,-1,55
LeBron James,48,47,2016-02-03,31,CLE,A,CHO,-9,1,39:08,10,21,0.476,0,3,0,3,5,0.6,0,6,6,6,1,2,1,1,23,18.5,-9,45
LeBron James,49,48,2016-02-05,31,CLE,H,BOS,-1,1,38:05,9,23,0.391,0,5,0,12,17,0.706,3,4,7,4,2,1,6,2,30,17.5,-7,47.8
LeBron James,50,49,2016-02-06,31,CLE,H,NOP,15,1,36:42,11,20,0.55,2,5,0.4,3,3,1,0,3,3,8,1,0,2,2,27,22.1,8,44.8
LeBron James,51,50,2016-02-08,31,CLE,H,SAC,20,1,30:54,8,16,0.5,1,2,0.5,4,5,0.8,1,9,10,10,2,1,4,1,21,21.3,16,57.5
LeBron James,52,51,2016-02-10,31,CLE,H,LAL,9,1,36:40,12,22,0.545,3,6,0.5,2,5,0.4,1,6,7,11,1,0,1,1,29,27,16,58.8
LeBron James,53,52,2016-02-18,31,CLE,H,CHI,11,1,34:37,11,19,0.579,0,2,0,3,3,1,2,7,9,9,0,1,2,3,25,23.4,13,50.8
LeBron James,54,53,2016-02-21,31,CLE,A,OKC,23,1,37:30,11,22,0.5,2,5,0.4,1,1,1,3,4,7,11,3,0,5,3,25,21.8,22,56.3
LeBron James,55,54,2016-02-22,31,CLE,H,DET,-8,1,37:30,5,18,0.278,0,4,0,2,2,1,1,7,8,5,3,0,6,2,12,3.9,-4,32.5
LeBron James,56,55,2016-02-24,31,CLE,H,CHO,11,1,30:19,8,13,0.615,2,4,0.5,5,8,0.625,1,6,7,7,2,0,2,1,23,22.9,4,46.3
LeBron James,57,56,2016-02-26,31,CLE,A,TOR,-2,1,40:29,9,18,0.5,2,4,0.5,5,9,0.556,1,7,8,7,1,0,6,2,25,16.3,10,45.5
LeBron James,59,57,2016-02-29,31,CLE,H,IND,4,1,36:49,14,22,0.636,2,4,0.5,3,5,0.6,0,5,5,4,2,0,5,2,33,22.9,12,47.8
LeBron James,60,58,2016-03-04,31,CLE,H,WAS,25,1,30:23,7,18,0.389,1,4,0.25,4,4,1,1,12,13,8,3,0,1,1,19,20.7,15,54.8
LeBron James,61,59,2016-03-05,31,CLE,H,BOS,17,1,36:00,11,20,0.55,1,4,0.25,5,9,0.556,4,7,11,8,2,1,4,2,28,25.2,4,59.8
LeBron James,62,60,2016-03-07,31,CLE,H,MEM,-3,1,37:38,11,19,0.579,2,4,0.5,4,5,0.8,2,7,9,5,1,0,4,2,28,21.9,-9,47.8
LeBron James,63,61,2016-03-09,31,CLE,A,SAC,9,1,36:33,8,19,0.421,1,5,0.2,8,9,0.889,4,7,11,6,0,0,5,1,25,18.2,16,47.3
LeBron James,64,62,2016-03-10,31,CLE,A,LAL,12,1,34:50,9,18,0.5,1,4,0.25,5,8,0.625,2,3,5,7,0,2,3,2,24,18.6,6,43.8
LeBron James,65,63,2016-03-13,31,CLE,A,LAC,24,1,30:43,9,15,0.6,3,4,0.75,6,7,0.857,1,5,6,5,1,0,2,2,27,23.6,16,44.5
LeBron James,66,64,2016-03-14,31,CLE,A,UTA,-9,1,36:53,10,20,0.5,2,6,0.333,1,2,0.5,6,6,12,3,1,0,3,0,23,18.7,6,45.5
LeBron James,68,65,2016-03-18,31,CLE,A,ORL,6,1,35:44,6,15,0.4,0,3,0,6,6,1,1,6,7,8,1,1,4,3,18,14.5,-5,40.8
LeBron James,69,66,2016-03-19,31,CLE,A,MIA,-21,1,26:38,13,20,0.65,0,3,0,0,0,NA,0,3,3,3,1,0,3,1,26,17.8,-23,34.8
LeBron James,70,67,2016-03-21,31,CLE,H,DEN,33,1,33:26,12,19,0.632,1,2,0.5,8,11,0.727,3,8,11,11,0,0,3,2,33,31.7,38,66.8
LeBron James,71,68,2016-03-23,31,CLE,H,MIL,9,1,36:55,9,22,0.409,1,4,0.25,7,10,0.7,5,1,6,8,2,1,2,0,26,23.1,12,51
LeBron James,72,69,2016-03-24,31,CLE,A,BRK,-9,1,35:04,13,16,0.813,1,2,0.5,3,4,0.75,1,5,6,5,1,0,4,2,30,25.5,-8,45.5
LeBron James,73,70,2016-03-26,31,CLE,A,NYK,14,1,35:46,10,21,0.476,2,3,0.667,5,6,0.833,3,8,11,11,1,2,2,4,27,26.9,20,67.8
LeBron James,75,71,2016-03-31,31,CLE,H,BRK,20,1,30:40,8,11,0.727,0,0,NA,8,10,0.8,0,4,4,11,2,1,6,0,24,24.3,28,50
LeBron James,76,72,2016-04-01,31,CLE,A,ATL,2,1,44:25,12,26,0.462,1,5,0.2,4,5,0.8,3,13,16,9,3,1,3,4,29,26.6,6,71
LeBron James,77,73,2016-04-03,31,CLE,H,CHO,9,1,40:50,14,22,0.636,0,0,NA,3,3,1,3,5,8,12,2,0,5,4,31,28.6,10,62
LeBron James,78,74,2016-04-05,31,CLE,A,MIL,29,1,28:04,7,9,0.778,1,2,0.5,2,2,1,0,5,5,9,0,1,4,0,17,18,22,37.3
LeBron James,80,75,2016-04-09,31,CLE,A,CHI,-3,1,38:33,13,17,0.765,4,5,0.8,3,4,0.75,3,4,7,3,0,1,4,1,33,27.6,7,48.3
LeBron James,81,76,2016-04-11,31,CLE,H,ATL,15,1,32:25,13,16,0.813,3,4,0.75,5,5,1,1,5,6,6,2,1,4,2,34,32.3,13,56
Kyrie Irving,25,1,2015-12-20,23,CLE,H,PHI,22,1,17:04,5,12,0.417,2,2,1,0,0,NA,0,1,1,4,2,0,1,1,12,9.3,16,23.8
Kyrie Irving,26,2,2015-12-23,23,CLE,H,NYK,7,1,18:57,1,7,0.143,0,1,0,3,3,1,1,0,1,4,0,0,2,2,5,1.2,-5,11.3
Kyrie Irving,27,3,2015-12-25,23,CLE,A,GSW,-6,1,26:14,4,15,0.267,0,6,0,5,5,1,3,0,3,2,1,0,2,1,13,6.2,7,20.8
Kyrie Irving,29,4,2015-12-28,23,CLE,A,PHO,4,1,24:10,7,16,0.438,2,7,0.286,6,6,1,0,1,1,2,1,0,1,0,22,15.3,10,28.8
Kyrie Irving,31,5,2016-01-02,23,CLE,H,ORL,25,1,21:26,4,12,0.333,0,4,0,5,7,0.714,1,1,2,5,0,0,1,1,13,8.5,16,22.5
Kyrie Irving,32,6,2016-01-04,23,CLE,H,TOR,22,1,28:44,10,16,0.625,2,5,0.4,3,3,1,2,4,6,8,0,0,1,1,25,24.6,23,45
Kyrie Irving,33,7,2016-01-06,23,CLE,A,WAS,6,1,33:53,14,22,0.636,1,4,0.25,3,5,0.6,2,3,5,3,2,1,4,1,32,24.1,6,47.3
Kyrie Irving,34,8,2016-01-08,23,CLE,A,MIN,26,1,27:00,5,12,0.417,1,3,0.333,2,2,1,2,0,2,2,0,0,4,3,13,4.2,9,17
Kyrie Irving,35,9,2016-01-10,23,CLE,A,PHI,10,1,30:49,3,15,0.2,1,6,0.167,1,1,1,0,5,5,2,2,1,2,2,8,1.5,12,22.8
Kyrie Irving,36,10,2016-01-12,23,CLE,A,DAL,3,1,38:50,8,20,0.4,3,8,0.375,3,4,0.75,0,2,2,9,1,0,3,2,22,14.9,-4,40
Kyrie Irving,37,11,2016-01-14,23,CLE,A,SAS,-4,1,32:26,6,17,0.353,2,5,0.4,2,2,1,0,2,2,4,1,0,3,1,16,7.5,-7,26
Kyrie Irving,38,12,2016-01-15,23,CLE,A,HOU,14,1,29:34,9,17,0.529,1,5,0.2,4,5,0.8,0,4,4,1,0,1,1,2,23,15.1,7,31.5
Kyrie Irving,39,13,2016-01-18,23,CLE,H,GSW,-34,1,22:36,3,11,0.273,1,3,0.333,1,1,1,2,3,5,3,0,0,2,0,8,3.9,-21,18.3
Kyrie Irving,40,14,2016-01-20,23,CLE,A,BRK,13,1,21:17,4,7,0.571,1,2,0.5,0,0,NA,0,1,1,5,0,0,2,0,9,7.5,8,17.3
Kyrie Irving,41,15,2016-01-21,23,CLE,H,LAC,13,1,28:32,8,18,0.444,2,4,0.5,3,3,1,1,1,2,4,1,0,1,3,21,14.2,15,32
Kyrie Irving,42,16,2016-01-23,23,CLE,H,CHI,-13,1,31:11,5,16,0.313,0,2,0,1,1,1,2,1,3,3,2,1,0,1,11,7.9,0,25.3
Kyrie Irving,43,17,2016-01-25,23,CLE,H,MIN,7,1,27:58,7,18,0.389,1,4,0.25,2,2,1,3,6,9,4,0,0,4,1,17,9.5,-9,32.8
Kyrie Irving,44,18,2016-01-27,23,CLE,H,PHO,22,1,22:25,4,11,0.364,0,3,0,0,0,NA,1,3,4,3,3,0,3,0,8,5.6,9,22
Kyrie Irving,45,19,2016-01-29,23,CLE,A,DET,8,1,32:25,11,19,0.579,0,3,0,6,7,0.857,0,4,4,2,1,0,1,2,28,20.5,13,37.5
Kyrie Irving,46,20,2016-01-30,23,CLE,H,SAS,14,1,36:29,9,17,0.529,0,2,0,3,4,0.75,1,0,1,6,2,0,1,2,21,17.4,13,34.8
Kyrie Irving,47,21,2016-02-01,23,CLE,A,IND,5,1,40:59,10,20,0.5,1,4,0.25,4,4,1,0,3,3,7,0,0,3,2,25,17,-3,38.3
Kyrie Irving,48,22,2016-02-03,23,CLE,A,CHO,-9,1,36:37,10,17,0.588,1,4,0.25,5,5,1,0,1,1,5,1,0,1,4,26,20.3,-4,36.8
Kyrie Irving,49,23,2016-02-05,23,CLE,H,BOS,-1,1,37:29,7,15,0.467,0,2,0,5,6,0.833,0,3,3,6,0,0,2,3,19,12.8,-4,30.8
Kyrie Irving,50,24,2016-02-06,23,CLE,H,NOP,15,1,37:03,11,21,0.524,3,9,0.333,4,4,1,0,4,4,3,2,0,3,1,29,20.6,19,42.5
Kyrie Irving,51,25,2016-02-08,23,CLE,H,SAC,20,1,35:00,13,21,0.619,5,8,0.625,1,1,1,2,1,3,12,0,1,2,5,32,29.3,22,58.8
Kyrie Irving,52,26,2016-02-10,23,CLE,H,LAL,9,1,35:50,15,24,0.625,3,6,0.5,2,4,0.5,1,2,3,7,2,0,1,5,35,28.6,7,54.3
Kyrie Irving,53,27,2016-02-18,23,CLE,H,CHI,11,1,31:26,6,18,0.333,1,3,0.333,6,6,1,1,0,1,4,2,0,2,3,19,11.1,13,29.8
Kyrie Irving,54,28,2016-02-21,23,CLE,A,OKC,23,1,9:16,1,5,0.2,0,1,0,0,0,NA,0,1,1,1,0,0,0,1,2,-0.5,-3,4.8
Kyrie Irving,55,29,2016-02-22,23,CLE,H,DET,-8,1,37:42,11,21,0.524,3,7,0.429,5,6,0.833,0,1,1,5,2,0,2,5,30,21.1,-8,43.3
Kyrie Irving,56,30,2016-02-24,23,CLE,H,CHO,11,1,32:09,10,17,0.588,1,4,0.25,2,4,0.5,3,3,6,5,1,1,1,2,23,20.7,15,42
Kyrie Irving,57,31,2016-02-26,23,CLE,A,TOR,-2,1,31:11,4,11,0.364,0,2,0,2,2,1,1,0,1,1,1,0,2,2,10,3.5,-2,13.8
Kyrie Irving,58,32,2016-02-28,23,CLE,A,WAS,-14,1,32:11,9,20,0.45,4,8,0.5,6,6,1,0,1,1,6,0,0,4,4,28,16.5,-22,38.3
Kyrie Irving,59,33,2016-02-29,23,CLE,H,IND,4,1,35:21,5,13,0.385,1,2,0.5,11,11,1,1,2,3,6,1,0,4,3,22,16.2,4,35.3
Kyrie Irving,60,34,2016-03-04,23,CLE,H,WAS,25,1,31:40,8,18,0.444,3,6,0.5,2,2,1,1,4,5,8,1,0,1,1,21,18.7,25,42.3
Kyrie Irving,61,35,2016-03-05,23,CLE,H,BOS,17,1,30:08,7,13,0.538,3,6,0.5,3,4,0.75,0,3,3,4,0,2,3,5,20,13.4,2,33.8
Kyrie Irving,62,36,2016-03-07,23,CLE,H,MEM,-3,1,37:24,9,16,0.563,3,7,0.429,6,7,0.857,0,2,2,5,4,1,7,4,27,19.2,2,45
Kyrie Irving,63,37,2016-03-09,23,CLE,A,SAC,9,1,38:45,11,22,0.5,3,10,0.3,5,6,0.833,0,1,1,4,1,0,2,0,30,20.7,8,39.8
Kyrie Irving,64,38,2016-03-10,23,CLE,A,LAL,12,1,37:06,11,20,0.55,2,7,0.286,2,2,1,1,1,2,9,0,1,2,2,26,21.6,19,44
Kyrie Irving,65,39,2016-03-13,23,CLE,A,LAC,24,1,31:11,7,17,0.412,2,7,0.286,1,1,1,0,2,2,5,1,0,2,3,17,9.8,11,29
Kyrie Irving,66,40,2016-03-14,23,CLE,A,UTA,-9,1,33:41,7,23,0.304,1,10,0.1,0,0,NA,2,2,4,3,2,1,0,2,15,7.7,-17,31
Kyrie Irving,67,41,2016-03-16,23,CLE,H,DAL,1,1,38:31,13,28,0.464,3,10,0.3,4,4,1,1,4,5,1,1,1,4,2,33,18.1,5,44.3
Kyrie Irving,68,42,2016-03-18,23,CLE,A,ORL,6,1,39:42,9,17,0.529,2,3,0.667,6,6,1,0,1,1,5,0,0,5,1,26,16.1,7,33.3
Kyrie Irving,69,43,2016-03-19,23,CLE,A,MIA,-21,1,27:25,5,8,0.625,1,2,0.5,3,3,1,0,0,0,4,3,0,4,0,14,12.2,-21,24.5
Kyrie Irving,70,44,2016-03-21,23,CLE,H,DEN,33,1,23:56,4,12,0.333,0,1,0,0,0,NA,1,1,2,3,0,0,2,1,8,1.9,6,14
Kyrie Irving,71,45,2016-03-23,24,CLE,H,MIL,9,1,38:20,5,10,0.5,1,4,0.25,5,5,1,1,7,8,8,1,0,2,2,16,17.6,10,39.5
Kyrie Irving,72,46,2016-03-24,24,CLE,A,BRK,-9,1,36:11,6,22,0.273,1,8,0.125,0,0,NA,1,4,5,4,0,0,0,3,13,3.5,-3,25.8
Kyrie Irving,74,47,2016-03-29,24,CLE,H,HOU,-6,1,37:14,9,23,0.391,5,11,0.455,8,9,0.889,0,2,2,8,1,1,5,3,31,19.8,-10,49.5
Kyrie Irving,75,48,2016-03-31,24,CLE,H,BRK,20,1,24:19,4,14,0.286,0,5,0,2,2,1,0,2,2,3,1,1,1,2,10,4.4,4,20.5
Kyrie Irving,76,49,2016-04-01,24,CLE,A,ATL,2,1,41:39,5,23,0.217,2,7,0.286,8,10,0.8,2,4,6,7,2,2,1,2,20,14.2,-13,46.5
Kyrie Irving,78,50,2016-04-05,24,CLE,A,MIL,29,1,26:54,5,9,0.556,3,4,0.75,2,3,0.667,0,3,3,6,0,0,3,2,15,11.6,16,27.8
Kyrie Irving,79,51,2016-04-06,24,CLE,A,IND,-14,1,30:13,11,18,0.611,1,5,0.2,3,4,0.75,0,2,2,6,3,1,4,2,26,21.1,-12,44
Kyrie Irving,80,52,2016-04-09,24,CLE,A,CHI,-3,1,38:35,5,17,0.294,1,2,0.5,0,0,NA,2,2,4,8,2,0,4,2,11,5.9,4,30.5
Kyrie Irving,81,53,2016-04-11,24,CLE,H,ATL,15,1,40:13,14,28,0.5,4,8,0.5,3,3,1,2,2,4,4,2,1,6,2,35,21.7,11,51
Joe Harris,2,1,2015-10-28,24,CLE,A,MEM,30,0,5:15,0,1,0,0,1,0,0,0,NA,0,2,2,1,0,0,0,0,0,0.6,2,4
Joe Harris,3,2,2015-10-30,24,CLE,H,MIA,10,0,1:28,1,1,1,1,1,1,0,0,NA,0,0,0,0,0,0,0,0,3,2.7,-4,3.5
Joe Harris,4,3,2015-11-02,24,CLE,A,PHI,7,0,4:39,0,1,0,0,1,0,0,0,NA,0,0,0,1,0,0,0,0,0,0,-14,1.5
Joe Harris,6,4,2015-11-06,24,CLE,H,PHI,6,0,2:41,0,0,NA,0,0,NA,0,0,NA,0,1,1,0,0,0,0,0,0,0.3,-4,1.3
Joe Harris,14,5,2015-11-23,24,CLE,H,ORL,14,0,1:03,0,1,0,0,1,0,0,0,NA,0,0,0,0,0,0,1,1,0,-2.1,-1,-0.5
Jared Cunningham,1,1,2015-10-27,24,CLE,A,CHI,-2,0,3:11,0,2,0,0,0,NA,0,0,NA,0,0,0,0,0,0,0,0,0,-1.4,-8,0
Jared Cunningham,2,2,2015-10-28,24,CLE,A,MEM,30,0,15:09,4,5,0.8,1,1,1,3,4,0.75,0,1,1,1,0,1,1,2,12,9.6,13,16.8
Jared Cunningham,3,3,2015-10-30,24,CLE,H,MIA,10,0,9:12,2,4,0.5,0,1,0,0,0,NA,0,0,0,2,0,0,0,1,4,3,2,7
Jared Cunningham,4,4,2015-11-02,24,CLE,A,PHI,7,0,17:03,1,3,0.333,0,0,NA,2,4,0.5,0,2,2,0,0,0,0,2,4,1.3,-8,6.5
Jared Cunningham,5,5,2015-11-04,24,CLE,H,NYK,10,0,10:09,0,0,NA,0,0,NA,1,4,0.25,0,0,0,0,0,0,0,1,1,-0.6,-1,1
Jared Cunningham,6,6,2015-11-06,24,CLE,H,PHI,6,1,20:13,0,1,0,0,0,NA,0,0,NA,0,1,1,1,1,0,1,2,0,-0.5,16,4.3
Jared Cunningham,7,7,2015-11-08,24,CLE,H,IND,4,0,8:53,2,5,0.4,1,3,0.333,0,0,NA,0,0,0,0,0,0,0,0,5,2.3,-7,5.5
Jared Cunningham,10,8,2015-11-14,24,CLE,A,MIL,-3,0,3:23,0,0,NA,0,0,NA,0,0,NA,0,0,0,0,0,0,0,1,0,-0.4,3,0
Jared Cunningham,11,9,2015-11-17,24,CLE,A,DET,-5,0,2:24,0,1,0,0,0,NA,0,0,NA,0,0,0,0,0,0,0,0,0,-0.7,5,0
Jared Cunningham,12,10,2015-11-19,24,CLE,H,MIL,15,0,17:17,1,2,0.5,0,1,0,5,6,0.833,0,3,3,4,0,0,2,2,7,6.5,-3,15.8
Jared Cunningham,13,11,2015-11-21,24,CLE,H,ATL,12,0,19:49,3,9,0.333,1,3,0.333,1,2,0.5,0,4,4,0,2,0,2,3,8,2.5,-12,16.5
Jared Cunningham,14,12,2015-11-23,24,CLE,H,ORL,14,0,27:17,1,8,0.125,1,4,0.25,1,2,0.5,1,2,3,2,2,1,2,3,4,0.6,-6,16.3
Jared Cunningham,15,13,2015-11-25,24,CLE,A,TOR,-4,1,20:43,2,10,0.2,2,4,0.5,0,0,NA,0,3,3,2,1,0,2,2,6,0.3,-5,14.8
Jared Cunningham,16,14,2015-11-27,24,CLE,A,CHO,5,0,0:08,0,0,NA,0,0,NA,0,0,NA,0,0,0,0,0,0,0,0,0,0,0,0
Jared Cunningham,17,15,2015-11-28,24,CLE,H,BRK,2,0,0:59,0,0,NA,0,0,NA,0,0,NA,0,0,0,0,0,0,0,0,0,0,3,0
Jared Cunningham,18,16,2015-12-01,24,CLE,H,WAS,-12,0,1:09,0,0,NA,0,0,NA,0,0,NA,0,0,0,0,0,0,0,0,0,0,0,0
Jared Cunningham,20,17,2015-12-05,24,CLE,A,MIA,-15,0,32:02,3,8,0.375,1,3,0.333,4,4,1,0,0,0,1,2,0,2,3,11,6.1,1,16
Jared Cunningham,21,18,2015-12-08,24,CLE,H,POR,5,0,34:32,2,3,0.667,1,2,0.5,2,4,0.5,0,1,1,0,1,0,0,3,7,5,7,10.8
Jared Cunningham,22,19,2015-12-11,24,CLE,A,ORL,35,1,23:12,1,5,0.2,1,2,0.5,3,6,0.5,1,2,3,2,0,0,1,3,6,2.2,16,12.8
Jared Cunningham,23,20,2015-12-15,24,CLE,A,BOS,12,0,0:16,0,0,NA,0,0,NA,0,0,NA,0,0,0,0,0,0,0,0,0,0,-2,0
Jared Cunningham,24,21,2015-12-17,24,CLE,H,OKC,4,0,13:25,2,3,0.667,1,2,0.5,0,0,NA,0,1,1,0,1,0,2,4,5,1.4,13,7.8
Jared Cunningham,25,22,2015-12-20,24,CLE,H,PHI,22,0,12:41,1,4,0.25,0,2,0,1,2,0.5,0,1,1,1,0,0,0,0,3,1.2,-6,5.8
Jared Cunningham,28,23,2015-12-26,24,CLE,A,POR,-29,0,12:00,2,4,0.5,0,0,NA,2,4,0.5,0,0,0,2,1,0,0,0,6,5.6,2,11
Jared Cunningham,30,24,2015-12-29,24,CLE,A,DEN,6,0,1:52,0,0,NA,0,0,NA,0,0,NA,0,0,0,0,0,0,0,0,0,0,2,0
Jared Cunningham,31,25,2016-01-02,24,CLE,H,ORL,25,0,6:51,1,3,0.333,0,0,NA,0,0,NA,0,2,2,0,0,0,1,1,2,-0.5,-4,4
Jared Cunningham,32,26,2016-01-04,24,CLE,H,TOR,22,0,1:46,0,0,NA,0,0,NA,0,0,NA,0,0,0,0,0,0,0,0,0,0,1,0
Jared Cunningham,33,27,2016-01-06,24,CLE,A,WAS,6,0,0:17,0,0,NA,0,0,NA,0,0,NA,0,0,0,0,0,0,0,0,0,0,0,0
Jared Cunningham,34,28,2016-01-08,24,CLE,A,MIN,26,0,4:41,1,2,0.5,0,0,NA,2,2,1,0,1,1,0,0,0,0,0,4,3.3,0,5.3
Jared Cunningham,35,29,2016-01-10,24,CLE,A,PHI,10,0,0:45,0,0,NA,0,0,NA,0,0,NA,0,0,0,0,0,0,0,0,0,0,-2,0
Jared Cunningham,37,30,2016-01-14,24,CLE,A,SAS,-4,0,0:18,0,0,NA,0,0,NA,0,0,NA,0,0,0,0,0,0,0,0,0,0,0,0
Jared Cunningham,38,31,2016-01-15,24,CLE,A,HOU,14,0,3:00,0,2,0,0,1,0,0,0,NA,0,0,0,0,0,0,0,0,0,-1.4,-6,0
Jared Cunningham,39,32,2016-01-18,24,CLE,H,GSW,-34,0,12:00,3,5,0.6,0,1,0,3,4,0.75,1,2,3,1,0,0,0,1,9,7.9,3,14.3
Jared Cunningham,40,33,2016-01-20,24,CLE,A,BRK,13,0,2:37,0,0,NA,0,0,NA,0,0,NA,0,0,0,0,0,0,0,2,0,-0.8,-4,0
Jared Cunningham,41,34,2016-01-21,24,CLE,H,LAC,13,0,2:23,0,0,NA,0,0,NA,0,0,NA,0,0,0,0,0,0,0,0,0,0,-6,0
Jared Cunningham,44,35,2016-01-27,24,CLE,H,PHO,22,0,4:54,0,0,NA,0,0,NA,0,0,NA,0,0,0,0,0,0,0,0,0,0,-4,0
Jared Cunningham,45,36,2016-01-29,24,CLE,A,DET,8,0,1:38,0,0,NA,0,0,NA,0,0,NA,0,0,0,0,0,0,0,1,0,-0.4,-7,0
Jared Cunningham,46,37,2016-01-30,24,CLE,H,SAS,14,0,2:12,0,1,0,0,1,0,0,0,NA,0,0,0,0,0,0,0,0,0,-0.7,-5,0
Jared Cunningham,50,38,2016-02-06,24,CLE,H,NOP,15,0,1:26,0,0,NA,0,0,NA,0,0,NA,0,0,0,0,0,0,0,0,0,0,0,0
Jared Cunningham,51,39,2016-02-08,24,CLE,H,SAC,20,0,3:02,0,1,0,0,1,0,0,0,NA,0,0,0,0,1,0,2,0,0,-1.7,-4,1
Jared Cunningham,52,40,2016-02-10,24,CLE,H,LAL,9,0,0:37,0,0,NA,0,0,NA,0,0,NA,0,0,0,0,0,0,0,0,0,0,-2,0
Anderson Varejao,1,1,2015-10-27,33,CLE,A,CHI,-2,0,11:33,0,1,0,0,0,NA,2,2,1,1,1,2,0,0,1,0,1,2,2.6,9,6.5
Anderson Varejao,2,2,2015-10-28,33,CLE,A,MEM,30,0,10:52,2,6,0.333,0,0,NA,0,0,NA,2,3,5,2,0,0,1,2,4,2.5,17,12.8
Anderson Varejao,3,3,2015-10-30,33,CLE,H,MIA,10,0,15:50,1,2,0.5,0,0,NA,0,0,NA,2,6,8,0,0,0,0,1,2,3.8,11,12
Anderson Varejao,4,4,2015-11-02,33,CLE,A,PHI,7,0,3:59,0,1,0,0,1,0,0,0,NA,0,0,0,0,0,0,2,0,0,-2.7,-9,-1
Anderson Varejao,5,5,2015-11-04,33,CLE,H,NYK,10,0,5:05,0,0,NA,0,0,NA,0,0,NA,0,2,2,0,1,0,1,1,0,0.2,5,4
Anderson Varejao,6,6,2015-11-06,33,CLE,H,PHI,6,0,6:55,1,1,1,0,0,NA,0,0,NA,0,0,0,0,1,0,1,1,2,1.3,-4,3.5
Anderson Varejao,8,7,2015-11-10,33,CLE,H,UTA,4,0,5:33,1,3,0.333,0,0,NA,0,0,NA,0,1,1,0,0,1,0,1,2,0.9,9,5.3
Anderson Varejao,9,8,2015-11-13,33,CLE,A,NYK,6,0,3:24,0,3,0,0,0,NA,0,0,NA,2,1,3,0,0,0,0,0,0,-0.4,-5,3.8
Anderson Varejao,10,9,2015-11-14,33,CLE,A,MIL,-3,0,5:09,1,2,0.5,0,0,NA,0,0,NA,1,0,1,1,0,0,0,0,2,2.4,6,4.8
Anderson Varejao,12,10,2015-11-19,33,CLE,H,MIL,15,0,11:07,4,4,1,0,0,NA,1,2,0.5,1,1,2,1,0,0,0,2,9,8.3,1,13
Anderson Varejao,13,11,2015-11-21,33,CLE,H,ATL,12,0,19:06,2,4,0.5,0,0,NA,3,3,1,0,3,3,1,0,0,1,1,7,5.2,3,11.8
Anderson Varejao,14,12,2015-11-23,33,CLE,H,ORL,14,0,12:38,2,2,1,0,0,NA,0,2,0,3,5,8,0,0,0,0,0,4,6.2,-8,14
Anderson Varejao,15,13,2015-11-25,33,CLE,A,TOR,-4,0,8:07,0,1,0,0,0,NA,0,0,NA,0,0,0,0,0,0,0,1,0,-1.1,-8,0
Anderson Varejao,17,14,2015-11-28,33,CLE,H,BRK,2,0,4:16,0,0,NA,0,0,NA,0,0,NA,0,3,3,0,0,0,1,0,0,-0.1,0,3.3
Anderson Varejao,18,15,2015-12-01,33,CLE,H,WAS,-12,0,9:20,1,2,0.5,0,0,NA,0,0,NA,0,2,2,1,0,0,0,1,2,1.9,6,6
Anderson Varejao,19,16,2015-12-04,33,CLE,A,NOP,-6,0,3:51,0,0,NA,0,0,NA,2,2,1,0,0,0,0,0,0,0,0,2,2,-6,2
Anderson Varejao,20,17,2015-12-05,33,CLE,A,MIA,-15,0,14:07,0,1,0,0,0,NA,0,0,NA,0,6,6,0,1,0,0,1,0,1.7,16,9.5
Anderson Varejao,21,18,2015-12-08,33,CLE,H,POR,5,0,6:02,0,0,NA,0,0,NA,0,0,NA,1,1,2,2,0,1,1,1,0,1.7,0,7
Anderson Varejao,22,19,2015-12-11,33,CLE,A,ORL,35,0,10:25,1,3,0.333,0,0,NA,2,2,1,2,1,3,1,1,0,1,1,4,4.3,1,10.8
Anderson Varejao,23,20,2015-12-15,33,CLE,A,BOS,12,0,7:08,2,3,0.667,0,0,NA,0,0,NA,0,2,2,0,0,0,0,2,4,2.5,-4,6.5
Anderson Varejao,24,21,2015-12-17,33,CLE,H,OKC,4,0,3:34,0,2,0,0,0,NA,0,0,NA,0,0,0,0,0,0,0,0,0,-1.4,-3,0
Anderson Varejao,25,22,2015-12-20,33,CLE,H,PHI,22,0,12:53,0,4,0,0,0,NA,0,0,NA,1,2,3,1,1,0,0,3,0,-1,-9,7.3
Anderson Varejao,28,23,2015-12-26,33,CLE,A,POR,-29,0,14:06,2,2,1,0,0,NA,0,0,NA,0,5,5,1,0,0,2,2,4,2.8,3,10.8
Anderson Varejao,31,24,2016-01-02,33,CLE,H,ORL,25,0,6:51,0,1,0,0,0,NA,0,0,NA,0,3,3,1,0,0,0,1,0,0.5,-4,5.3
Anderson Varejao,38,25,2016-01-15,33,CLE,A,HOU,14,0,7:38,1,5,0.2,0,0,NA,2,2,1,1,1,2,2,1,0,0,2,4,3.5,15,11.5
Anderson Varejao,39,26,2016-01-18,33,CLE,H,GSW,-34,0,17:08,2,4,0.5,0,0,NA,1,2,0.5,0,4,4,3,1,0,1,1,5,5.5,4,16
Anderson Varejao,44,27,2016-01-27,33,CLE,H,PHO,22,0,11:28,3,4,0.75,0,0,NA,0,0,NA,2,1,3,0,1,0,1,0,6,6.1,2,11.3
Anderson Varejao,48,28,2016-02-03,33,CLE,A,CHO,-9,0,6:57,1,1,1,0,0,NA,0,0,NA,0,0,0,0,0,0,0,0,2,1.7,-7,2
Anderson Varejao,50,29,2016-02-06,33,CLE,H,NOP,15,0,27:25,1,4,0.25,0,0,NA,0,0,NA,1,9,10,3,2,2,1,4,2,5.9,8,26.5
Anderson Varejao,51,30,2016-02-08,33,CLE,H,SAC,20,0,8:49,1,2,0.5,0,0,NA,1,2,0.5,1,1,2,0,1,0,0,1,3,3.2,5,7.5
Anderson Varejao,52,31,2016-02-10,33,CLE,H,LAL,9,0,18:34,3,8,0.375,0,0,NA,2,2,1,3,3,6,0,0,0,2,4,8,3,-5,14.5
Mo Williams,1,1,2015-10-27,32,CLE,A,CHI,-2,1,37:09,7,15,0.467,3,7,0.429,2,3,0.667,0,4,4,7,1,1,1,2,19,16.9,5,39.5
Mo Williams,2,2,2015-10-28,32,CLE,A,MEM,30,1,22:38,3,8,0.375,3,6,0.5,0,0,NA,0,2,2,5,0,0,2,1,9,6.3,1,19.5
Mo Williams,3,3,2015-10-30,32,CLE,H,MIA,10,1,25:48,2,10,0.2,0,4,0,2,2,1,0,0,0,3,1,0,1,3,6,0.7,-4,12
Mo Williams,4,4,2015-11-02,32,CLE,A,PHI,7,1,27:56,8,10,0.8,2,3,0.667,3,3,1,0,1,1,3,1,0,2,2,21,17.8,19,28.8
Mo Williams,5,5,2015-11-04,32,CLE,H,NYK,10,1,36:05,8,19,0.421,2,8,0.25,4,4,1,0,6,6,4,0,0,1,2,22,14.7,3,36
Mo Williams,6,6,2015-11-06,32,CLE,H,PHI,6,1,30:32,8,12,0.667,0,2,0,0,0,NA,0,2,2,8,2,0,2,2,16,16.2,2,33.5
Mo Williams,7,7,2015-11-08,32,CLE,H,IND,4,1,37:43,4,15,0.267,2,5,0.4,0,0,NA,1,4,5,8,0,0,2,2,10,5.8,11,28.3
Mo Williams,8,8,2015-11-10,32,CLE,H,UTA,4,1,35:44,8,9,0.889,4,4,1,9,10,0.9,0,6,6,6,2,0,5,1,29,28.1,12,49
Mo Williams,9,9,2015-11-13,32,CLE,A,NYK,6,1,32:02,7,13,0.538,2,6,0.333,4,4,1,0,2,2,3,0,0,3,2,20,12.6,7,26.5
Mo Williams,10,10,2015-11-14,32,CLE,A,MIL,-3,1,29:22,2,8,0.25,0,3,0,0,0,NA,2,3,5,4,0,0,3,3,4,0.1,-1,14.8
Mo Williams,11,11,2015-11-17,32,CLE,A,DET,-5,1,28:48,6,13,0.462,2,8,0.25,1,2,0.5,0,5,5,7,0,0,2,3,15,11.1,-4,31.8
Mo Williams,15,12,2015-11-25,32,CLE,A,TOR,-4,0,31:37,7,12,0.583,1,3,0.333,0,0,NA,0,3,3,3,0,1,3,1,15,9.7,-1,24.3
Mo Williams,16,13,2015-11-27,32,CLE,A,CHO,5,1,20:48,3,4,0.75,0,0,NA,0,0,NA,0,1,1,3,0,1,3,4,6,2.9,-3,12.3
Mo Williams,17,14,2015-11-28,32,CLE,H,BRK,2,1,28:26,7,13,0.538,0,1,0,0,0,NA,0,2,2,1,2,1,3,3,14,7.5,-1,22.5
Mo Williams,18,15,2015-12-01,32,CLE,H,WAS,-12,1,27:52,5,10,0.5,2,3,0.667,0,0,NA,0,3,3,3,0,0,1,1,12,8.6,-18,20.8
Mo Williams,19,16,2015-12-04,32,CLE,A,NOP,-6,0,22:35,4,10,0.4,0,2,0,0,0,NA,0,1,1,3,0,0,1,2,8,3.2,-13,13.3
Mo Williams,20,17,2015-12-05,32,CLE,A,MIA,-15,0,11:41,2,7,0.286,1,2,0.5,0,0,NA,0,0,0,1,0,0,1,4,5,-1,-10,6.5
Mo Williams,21,18,2015-12-08,32,CLE,H,POR,5,0,21:26,5,10,0.5,1,3,0.333,2,2,1,0,2,2,2,0,0,2,1,13,7.6,-2,18
Mo Williams,22,19,2015-12-11,32,CLE,A,ORL,35,0,23:52,2,6,0.333,0,0,NA,1,1,1,0,5,5,4,0,0,3,2,5,2.1,1,15.8
Mo Williams,23,20,2015-12-15,32,CLE,A,BOS,12,0,18:57,4,10,0.4,1,4,0.25,1,1,1,0,1,1,3,0,0,3,2,10,3.2,1,14.8
Mo Williams,26,21,2015-12-23,33,CLE,H,NYK,7,0,14:53,2,4,0.5,0,1,0,0,0,NA,0,2,2,0,1,1,1,2,4,2.5,-3,10
Mo Williams,27,22,2015-12-25,33,CLE,A,GSW,-6,0,4:39,0,1,0,0,0,NA,3,3,1,0,0,0,1,0,0,0,0,3,3,4,4.5
Mo Williams,28,23,2015-12-26,33,CLE,A,POR,-29,0,10:25,0,6,0,0,0,NA,0,0,NA,1,1,2,2,0,0,1,1,0,-3.2,-15,5
Mo Williams,30,24,2015-12-29,33,CLE,A,DEN,6,0,18:45,3,4,0.75,0,0,NA,1,2,0.5,0,1,1,4,1,0,3,2,7,5.3,-10,14.8
Mo Williams,31,25,2016-01-02,33,CLE,H,ORL,25,0,7:48,2,6,0.333,1,4,0.25,3,3,1,0,1,1,1,0,0,0,1,8,5.2,-2,11.3
Mo Williams,40,26,2016-01-20,33,CLE,A,BRK,13,0,6:22,1,7,0.143,0,1,0,0,0,NA,0,0,0,0,0,0,1,0,2,-3.5,-8,1.5
Mo Williams,42,27,2016-01-23,33,CLE,H,CHI,-13,0,2:58,0,1,0,0,0,NA,0,0,NA,0,1,1,0,0,0,0,0,0,-0.4,-7,1.3
Mo Williams,43,28,2016-01-25,33,CLE,H,MIN,7,0,5:22,0,0,NA,0,0,NA,0,0,NA,0,0,0,2,0,0,0,1,0,1,2,3
Mo Williams,44,29,2016-01-27,33,CLE,H,PHO,22,0,6:11,2,5,0.4,0,1,0,0,0,NA,0,1,1,0,0,0,0,0,4,1.6,-4,5.3
Mo Williams,48,30,2016-02-03,33,CLE,A,CHO,-9,0,11:23,2,7,0.286,1,2,0.5,0,0,NA,0,0,0,1,0,0,1,2,5,-0.2,-5,6.5
Mo Williams,49,31,2016-02-05,33,CLE,H,BOS,-1,0,5:49,2,3,0.667,0,0,NA,0,0,NA,0,0,0,0,0,0,1,1,4,1.3,-3,3.5
Mo Williams,50,32,2016-02-06,33,CLE,H,NOP,15,0,16:23,3,7,0.429,1,2,0.5,0,0,NA,0,1,1,1,0,0,2,1,7,1.9,-3,9.3
Mo Williams,51,33,2016-02-08,33,CLE,H,SAC,20,0,16:19,3,7,0.429,0,1,0,2,2,1,0,0,0,0,0,0,0,2,8,3.5,-1,8
Mo Williams,52,34,2016-02-10,33,CLE,H,LAL,9,0,8:55,0,4,0,0,2,0,0,0,NA,0,0,0,0,0,0,0,0,0,-2.8,1,0
Mo Williams,56,35,2016-02-24,33,CLE,H,CHO,11,0,4:00,0,2,0,0,2,0,0,0,NA,1,0,1,0,0,0,0,1,0,-1.1,-9,1.3
Mo Williams,73,36,2016-03-26,33,CLE,A,NYK,14,0,13:16,3,6,0.5,2,2,1,0,0,NA,1,1,2,2,1,0,0,1,8,8,13,16.5
Mo Williams,74,37,2016-03-29,33,CLE,H,HOU,-6,0,5:51,2,2,1,2,2,1,0,0,NA,0,0,0,0,0,0,0,1,6,5,9,7
Mo Williams,75,38,2016-03-31,33,CLE,H,BRK,20,0,9:06,2,5,0.4,1,2,0.5,0,0,NA,0,1,1,1,0,0,2,0,5,1.3,-6,7.3
Mo Williams,77,39,2016-04-03,33,CLE,H,CHO,9,0,13:13,2,4,0.5,2,3,0.667,0,0,NA,0,1,1,1,1,0,0,0,6,6,3,11.8
Mo Williams,78,40,2016-04-05,33,CLE,A,MIL,29,0,9:55,0,2,0,0,0,NA,0,0,NA,0,1,1,1,1,0,1,1,0,-0.8,0,4.3
Mo Williams,79,41,2016-04-06,33,CLE,A,IND,-14,0,5:14,1,5,0.2,0,3,0,0,0,NA,0,1,1,0,0,0,0,0,2,-0.8,-11,3.3
Timofey Mozgov,1,1,2015-10-27,29,CLE,A,CHI,-2,1,20:54,2,6,0.333,0,0,NA,1,2,0.5,2,3,5,2,0,2,3,2,5,2.5,-1,16.8
Timofey Mozgov,2,2,2015-10-28,29,CLE,A,MEM,30,1,25:04,4,8,0.5,0,1,0,1,1,1,1,3,4,0,0,0,2,2,9,3.8,3,13
Timofey Mozgov,3,3,2015-10-30,29,CLE,H,MIA,10,1,18:04,4,6,0.667,0,0,NA,1,1,1,1,4,5,0,0,1,1,2,9,7.2,0,16.8
Timofey Mozgov,4,4,2015-11-02,29,CLE,A,PHI,7,1,22:06,2,7,0.286,0,0,NA,2,2,1,3,4,7,1,0,4,2,2,6,5.9,-1,23.3
Timofey Mozgov,5,5,2015-11-04,29,CLE,H,NYK,10,1,21:55,3,6,0.5,0,0,NA,4,4,1,0,3,3,2,0,0,0,1,10,8.9,-7,16.8
Timofey Mozgov,6,6,2015-11-06,29,CLE,H,PHI,6,1,18:51,6,7,0.857,0,0,NA,1,2,0.5,2,4,6,0,0,0,1,2,13,10.9,12,20
Timofey Mozgov,7,7,2015-11-08,29,CLE,H,IND,4,1,22:58,2,5,0.4,1,2,0.5,4,5,0.8,2,4,6,0,0,1,0,3,9,8,-12,19
Timofey Mozgov,8,8,2015-11-10,29,CLE,H,UTA,4,1,19:02,0,1,0,0,0,NA,3,4,0.75,1,1,2,0,0,1,1,3,3,1.4,-4,7
Timofey Mozgov,9,9,2015-11-13,29,CLE,A,NYK,6,1,26:38,4,5,0.8,0,0,NA,3,5,0.6,1,6,7,0,1,0,1,1,11,10.4,-2,21.3
Timofey Mozgov,10,10,2015-11-14,29,CLE,A,MIL,-3,1,15:37,1,5,0.2,0,0,NA,6,6,1,2,2,4,0,0,3,0,3,8,7.8,-3,19
Timofey Mozgov,11,11,2015-11-17,29,CLE,A,DET,-5,1,27:30,4,6,0.667,0,0,NA,2,4,0.5,1,5,6,1,2,1,2,2,10,9.4,-4,24
Timofey Mozgov,12,12,2015-11-19,29,CLE,H,MIL,15,1,11:15,1,2,0.5,0,0,NA,0,0,NA,0,0,0,0,0,0,1,2,2,-0.8,12,1.5
Timofey Mozgov,16,13,2015-11-27,29,CLE,A,CHO,5,1,18:25,3,9,0.333,0,0,NA,2,2,1,2,1,3,0,1,0,3,1,8,2.2,0,12.3
Timofey Mozgov,17,14,2015-11-28,29,CLE,H,BRK,2,1,17:16,1,7,0.143,0,1,0,0,0,NA,3,3,6,2,2,1,3,3,2,0.4,5,17
Timofey Mozgov,18,15,2015-12-01,29,CLE,H,WAS,-12,1,8:55,0,3,0,0,0,NA,0,0,NA,1,1,2,0,0,0,4,2,0,-5.9,-12,0.5
Timofey Mozgov,19,16,2015-12-04,29,CLE,A,NOP,-6,1,16:37,4,5,0.8,0,0,NA,0,0,NA,1,2,3,0,0,0,1,2,8,5.6,-1,11.3
Timofey Mozgov,20,17,2015-12-05,29,CLE,A,MIA,-15,1,21:16,4,6,0.667,0,0,NA,0,0,NA,0,4,4,0,2,0,1,1,8,7.2,-28,16.5
Timofey Mozgov,21,18,2015-12-08,29,CLE,H,POR,5,1,7:01,0,0,NA,0,0,NA,0,0,NA,0,0,0,0,0,0,0,0,0,0,-12,0
Timofey Mozgov,22,19,2015-12-11,29,CLE,A,ORL,35,1,19:42,8,9,0.889,0,0,NA,1,1,1,2,2,4,1,0,0,2,3,17,13.4,27,22.5
Timofey Mozgov,23,20,2015-12-15,29,CLE,A,BOS,12,1,24:08,4,5,0.8,0,0,NA,1,1,1,0,10,10,0,0,3,0,1,9,11.8,11,27.5
Timofey Mozgov,24,21,2015-12-17,29,CLE,H,OKC,4,1,20:51,3,5,0.6,0,0,NA,0,0,NA,0,0,0,1,0,0,1,2,6,2.6,0,7
Timofey Mozgov,25,22,2015-12-20,29,CLE,H,PHI,22,1,23:59,3,6,0.5,0,1,0,2,2,1,1,6,7,1,0,1,0,2,8,8.1,14,20.3
Timofey Mozgov,26,23,2015-12-23,29,CLE,H,NYK,7,1,13:41,3,6,0.5,0,0,NA,0,0,NA,2,2,4,1,0,1,0,0,6,6.4,-3,14.5
Timofey Mozgov,27,24,2015-12-25,29,CLE,A,GSW,-6,1,14:23,0,5,0,0,0,NA,0,0,NA,3,0,3,0,0,0,1,3,0,-3.6,-15,3.3
Timofey Mozgov,28,25,2015-12-26,29,CLE,A,POR,-29,1,14:06,1,4,0.25,0,0,NA,0,0,NA,2,2,4,0,0,1,1,2,2,0.5,-13,8.5
Timofey Mozgov,29,26,2015-12-28,29,CLE,A,PHO,4,0,15:56,2,5,0.4,0,0,NA,0,0,NA,1,3,4,0,1,3,0,1,4,5.6,0,17
Timofey Mozgov,30,27,2015-12-29,29,CLE,A,DEN,6,0,15:15,2,5,0.4,0,1,0,0,0,NA,1,3,4,0,0,0,1,4,4,0.3,-3,8.5
Timofey Mozgov,31,28,2016-01-02,29,CLE,H,ORL,25,0,12:57,2,4,0.5,0,0,NA,3,3,1,1,4,5,2,1,0,0,2,7,8.5,10,18.3
Timofey Mozgov,32,29,2016-01-04,29,CLE,H,TOR,22,0,16:34,2,2,1,0,0,NA,0,0,NA,1,2,3,0,0,0,2,4,4,1.1,10,6.8
Timofey Mozgov,33,30,2016-01-06,29,CLE,A,WAS,6,0,4:31,1,3,0.333,0,0,NA,0,0,NA,1,1,2,0,0,0,1,2,2,-0.5,-3,4
Timofey Mozgov,34,31,2016-01-08,29,CLE,A,MIN,26,0,23:58,3,4,0.75,0,0,NA,1,2,0.5,3,6,9,1,0,2,2,3,7,7.8,18,22.8
Timofey Mozgov,35,32,2016-01-10,29,CLE,A,PHI,10,0,8:54,1,4,0.25,0,1,0,0,0,NA,2,2,4,0,0,0,1,2,2,-0.2,-2,6.5
Timofey Mozgov,36,33,2016-01-12,29,CLE,A,DAL,3,0,20:40,4,6,0.667,0,0,NA,2,2,1,5,4,9,0,2,1,0,1,10,14.4,18,27.3
Timofey Mozgov,37,34,2016-01-14,29,CLE,A,SAS,-4,0,15:15,0,0,NA,0,0,NA,0,0,NA,1,1,2,0,0,0,1,4,0,-1.6,-6,2
Timofey Mozgov,38,35,2016-01-15,29,CLE,A,HOU,14,1,17:35,1,2,0.5,0,0,NA,0,0,NA,0,2,2,1,0,1,0,3,2,1.8,2,8
Timofey Mozgov,39,36,2016-01-18,29,CLE,H,GSW,-34,1,14:42,3,6,0.5,0,0,NA,0,0,NA,1,2,3,0,0,1,1,5,6,2,-19,11.3
Timofey Mozgov,40,37,2016-01-20,29,CLE,A,BRK,13,1,20:13,5,9,0.556,0,0,NA,1,2,0.5,2,3,5,0,0,0,0,2,11,7.8,-1,17.3
Timofey Mozgov,41,38,2016-01-21,29,CLE,H,LAC,13,1,22:20,5,6,0.833,0,0,NA,1,2,0.5,2,3,5,1,2,2,0,2,11,14,2,26.8
Timofey Mozgov,42,39,2016-01-23,29,CLE,H,CHI,-13,1,21:07,3,8,0.375,0,0,NA,0,2,0,4,2,6,0,0,1,0,0,6,4.9,3,15.5
Timofey Mozgov,43,40,2016-01-25,29,CLE,H,MIN,7,0,15:10,2,2,1,0,0,NA,0,0,NA,0,3,3,0,0,0,1,2,4,2.5,-3,7.3
Timofey Mozgov,44,41,2016-01-27,29,CLE,H,PHO,22,0,15:37,5,7,0.714,0,0,NA,0,0,NA,0,1,1,1,0,0,0,3,10,6.9,7,12.8
Timofey Mozgov,45,42,2016-01-29,29,CLE,A,DET,8,0,18:54,5,6,0.833,0,0,NA,2,2,1,4,4,8,1,0,0,1,2,12,12.7,-6,23
Timofey Mozgov,46,43,2016-01-30,29,CLE,H,SAS,14,0,10:36,3,6,0.5,0,0,NA,0,0,NA,1,2,3,0,0,0,1,4,6,1.7,-1,9.3
Timofey Mozgov,47,44,2016-02-01,29,CLE,A,IND,5,0,12:00,3,4,0.75,0,0,NA,0,0,NA,0,2,2,0,0,0,0,3,6,3.8,-2,8.5
Timofey Mozgov,48,45,2016-02-03,29,CLE,A,CHO,-9,0,7:22,2,2,1,0,0,NA,0,0,NA,0,0,0,0,0,0,0,1,4,3,-5,4
Timofey Mozgov,49,46,2016-02-05,29,CLE,H,BOS,-1,0,17:54,3,6,0.5,0,0,NA,0,3,0,1,5,6,3,0,0,0,2,6,5.3,8,18
Timofey Mozgov,50,47,2016-02-06,29,CLE,H,NOP,15,1,22:10,3,5,0.6,0,0,NA,0,0,NA,2,4,6,1,0,2,1,2,6,6.6,7,18.5
Timofey Mozgov,51,48,2016-02-08,29,CLE,H,SAC,20,0,20:46,2,4,0.5,0,0,NA,0,0,NA,0,2,2,0,0,2,0,3,4,2.8,11,10.5
Timofey Mozgov,52,49,2016-02-10,29,CLE,H,LAL,9,0,18:42,3,3,1,0,0,NA,0,2,0,1,4,5,0,1,0,0,1,6,6.8,-11,14.3
Timofey Mozgov,53,50,2016-02-18,29,CLE,H,CHI,11,0,25:50,5,8,0.625,0,0,NA,1,1,1,4,3,7,0,0,4,0,2,11,13.1,-3,27.8
Timofey Mozgov,54,51,2016-02-21,29,CLE,A,OKC,23,0,17:37,5,7,0.714,0,0,NA,1,2,0.5,2,3,5,0,0,0,3,5,11,5,4,15.8
Timofey Mozgov,55,52,2016-02-22,29,CLE,H,DET,-8,0,17:46,2,3,0.667,0,0,NA,0,0,NA,1,6,7,0,0,1,1,1,4,4.5,11,14.3
Timofey Mozgov,56,53,2016-02-24,29,CLE,H,CHO,11,0,24:36,3,8,0.375,0,0,NA,0,0,NA,3,6,9,0,1,0,1,6,6,3.1,14,18.8
Timofey Mozgov,57,54,2016-02-26,29,CLE,A,TOR,-2,0,9:19,2,3,0.667,0,0,NA,0,0,NA,1,1,2,0,0,0,0,1,4,3.3,-8,6.5
Timofey Mozgov,58,55,2016-02-28,29,CLE,A,WAS,-14,0,24:49,4,6,0.667,0,0,NA,2,2,1,3,7,10,0,0,2,5,3,10,6.8,1,25.5
Timofey Mozgov,59,56,2016-02-29,29,CLE,H,IND,4,1,15:44,0,1,0,0,0,NA,1,2,0.5,3,5,8,0,0,0,0,1,1,3.1,-6,11
Timofey Mozgov,60,57,2016-03-04,29,CLE,H,WAS,25,1,19:38,7,11,0.636,0,0,NA,0,1,0,3,2,5,0,0,0,0,2,14,10.6,17,20.3
Timofey Mozgov,61,58,2016-03-05,29,CLE,H,BOS,17,1,10:43,4,4,1,0,0,NA,2,2,1,0,3,3,0,0,0,1,1,10,8.3,-7,13.3
Timofey Mozgov,62,59,2016-03-07,29,CLE,H,MEM,-3,1,10:44,1,3,0.333,0,0,NA,0,0,NA,4,2,6,1,1,0,2,2,2,2.6,-12,12
Timofey Mozgov,64,60,2016-03-10,29,CLE,A,LAL,12,0,12:59,1,3,0.333,0,0,NA,0,0,NA,0,0,0,0,0,2,0,2,2,0.9,-7,6
Timofey Mozgov,65,61,2016-03-13,29,CLE,A,LAC,24,1,14:18,1,4,0.25,0,0,NA,0,0,NA,0,3,3,1,1,0,1,1,2,0.8,-12,8.8
Timofey Mozgov,66,62,2016-03-14,29,CLE,A,UTA,-9,1,16:08,3,3,1,0,0,NA,1,2,0.5,3,0,3,0,1,0,1,2,7,7,-6,12.3
Timofey Mozgov,68,63,2016-03-18,29,CLE,A,ORL,6,1,13:29,3,4,0.75,0,0,NA,1,2,0.5,2,2,4,0,0,0,1,2,7,5.2,-14,11.5
Timofey Mozgov,69,64,2016-03-19,29,CLE,A,MIA,-21,0,11:10,2,2,1,0,0,NA,0,0,NA,1,3,4,0,0,3,1,2,4,5.3,7,14.5
Timofey Mozgov,70,65,2016-03-21,29,CLE,H,DEN,33,1,21:12,3,4,0.75,0,0,NA,3,3,1,2,2,4,0,2,0,2,1,9,9,26,17
Timofey Mozgov,71,66,2016-03-23,29,CLE,H,MIL,9,1,20:56,5,6,0.833,0,0,NA,0,0,NA,1,2,3,2,0,1,1,1,10,9.8,12,18.3
Timofey Mozgov,72,67,2016-03-24,29,CLE,A,BRK,-9,1,20:24,3,5,0.6,0,0,NA,1,1,1,1,3,4,0,1,0,1,3,7,5.1,4,13.5
Timofey Mozgov,73,68,2016-03-26,29,CLE,A,NYK,14,1,24:22,1,4,0.25,0,0,NA,3,4,0.75,2,4,6,0,0,1,1,0,5,4.5,7,14
Timofey Mozgov,74,69,2016-03-29,29,CLE,H,HOU,-6,1,8:41,1,2,0.5,0,0,NA,0,0,NA,2,3,5,0,0,0,0,5,2,1.3,-4,8.3
Timofey Mozgov,75,70,2016-03-31,29,CLE,H,BRK,20,1,17:27,4,6,0.667,0,0,NA,2,3,0.667,2,5,7,0,0,2,1,3,10,9.1,6,22.3
Timofey Mozgov,76,71,2016-04-01,29,CLE,A,ATL,2,1,11:55,1,2,0.5,0,0,NA,0,0,NA,0,5,5,1,0,0,1,0,2,2.2,-15,9.3
Timofey Mozgov,77,72,2016-04-03,29,CLE,H,CHO,9,1,14:22,1,1,1,0,0,NA,0,2,0,1,2,3,1,0,0,1,2,2,1.1,-4,6.8
Timofey Mozgov,78,73,2016-04-05,29,CLE,A,MIL,29,1,21:43,2,4,0.5,0,0,NA,0,0,NA,0,4,4,1,0,3,0,1,4,5.6,11,16.5
Timofey Mozgov,79,74,2016-04-06,29,CLE,A,IND,-14,1,15:49,0,0,NA,0,0,NA,4,4,1,1,3,4,0,0,0,0,2,4,4.8,-9,9
Timofey Mozgov,80,75,2016-04-09,29,CLE,A,CHI,-3,0,8:02,0,0,NA,0,0,NA,2,2,1,0,0,0,0,0,1,1,1,2,1.3,-11,3.5
Timofey Mozgov,82,76,2016-04-13,29,CLE,H,DET,-2,0,36:33,7,12,0.583,0,0,NA,0,0,NA,1,11,12,3,0,2,1,2,14,14.1,1,38.5
Tristan Thompson,1,1,2015-10-27,24,CLE,A,CHI,-2,0,24:55,1,4,0.25,0,0,NA,0,0,NA,2,10,12,0,1,0,1,4,2,2.4,-6,18.5
Tristan Thompson,2,2,2015-10-28,24,CLE,A,MEM,30,0,19:59,2,2,1,0,0,NA,1,2,0.5,3,5,8,1,0,0,2,4,5,4.7,19,15.5
Tristan Thompson,3,3,2015-10-30,24,CLE,H,MIA,10,0,26:03,6,9,0.667,0,0,NA,1,2,0.5,2,7,9,1,0,1,0,1,13,13.2,14,27.8
Tristan Thompson,4,4,2015-11-02,24,CLE,A,PHI,7,0,26:18,4,7,0.571,0,0,NA,0,2,0,0,9,9,1,0,3,0,2,8,8.6,5,26.8
Tristan Thompson,5,5,2015-11-04,24,CLE,H,NYK,10,0,25:36,4,6,0.667,0,0,NA,2,2,1,4,9,13,1,0,1,1,1,10,12.9,15,30.8
Tristan Thompson,6,6,2015-11-06,24,CLE,H,PHI,6,0,23:07,1,1,1,0,0,NA,1,2,0.5,2,9,11,0,0,0,0,2,3,5.6,-3,16.8
Tristan Thompson,7,7,2015-11-08,24,CLE,H,IND,4,0,30:27,7,8,0.875,0,0,NA,2,4,0.5,3,5,8,1,2,0,0,3,16,17.5,6,31.5
Tristan Thompson,8,8,2015-11-10,24,CLE,H,UTA,4,0,27:34,2,5,0.4,0,0,NA,4,5,0.8,4,3,7,0,0,3,1,2,8,8.9,5,22.3
Tristan Thompson,9,9,2015-11-13,24,CLE,A,NYK,6,0,20:31,1,4,0.25,0,0,NA,2,6,0.333,2,8,10,1,1,0,1,1,4,4.1,9,19.5
Tristan Thompson,10,10,2015-11-14,24,CLE,A,MIL,-3,0,25:30,3,4,0.75,0,0,NA,0,0,NA,0,4,4,0,0,0,0,3,6,4.4,-7,11
Tristan Thompson,11,11,2015-11-17,24,CLE,A,DET,-5,0,20:58,2,5,0.4,0,0,NA,0,0,NA,1,8,9,0,1,0,0,1,4,5,-3,17.3
Tristan Thompson,12,12,2015-11-19,24,CLE,H,MIL,15,0,25:38,5,7,0.714,0,0,NA,2,3,0.667,4,7,11,1,1,0,2,4,12,11.7,2,29.8
Tristan Thompson,13,13,2015-11-21,24,CLE,H,ATL,12,1,40:18,4,9,0.444,0,0,NA,1,2,0.5,6,10,16,5,0,2,2,2,9,13.2,9,39.5
Tristan Thompson,14,14,2015-11-23,24,CLE,H,ORL,14,1,34:19,3,4,0.75,0,0,NA,3,4,0.75,3,11,14,1,0,0,1,4,9,10.5,23,27.5
Tristan Thompson,15,15,2015-11-25,24,CLE,A,TOR,-4,1,37:24,4,8,0.5,0,0,NA,0,0,NA,3,8,11,2,1,1,0,4,8,10,1,28.8
Tristan Thompson,16,16,2015-11-27,24,CLE,A,CHO,5,0,29:35,3,7,0.429,0,0,NA,1,2,0.5,3,9,12,1,1,0,3,5,7,4.4,5,24
Tristan Thompson,17,17,2015-11-28,24,CLE,H,BRK,2,0,31:37,4,11,0.364,0,0,NA,2,5,0.4,6,5,11,2,0,0,2,3,10,6.6,1,27.3
Tristan Thompson,18,18,2015-12-01,24,CLE,H,WAS,-12,0,27:18,2,6,0.333,0,0,NA,2,4,0.5,3,8,11,0,0,0,2,2,6,3.5,8,18.8
Tristan Thompson,19,19,2015-12-04,24,CLE,A,NOP,-6,0,32:02,2,4,0.5,0,0,NA,1,2,0.5,4,6,10,1,1,0,1,3,5,6.7,-5,20.5
Tristan Thompson,20,20,2015-12-05,24,CLE,A,MIA,-15,0,22:20,3,4,0.75,0,0,NA,0,2,0,2,4,6,0,1,0,0,4,6,5.6,-16,15.5
Tristan Thompson,21,21,2015-12-08,24,CLE,H,POR,5,0,19:16,1,3,0.333,0,0,NA,0,0,NA,1,5,6,0,0,0,1,2,2,0.7,8,9
Tristan Thompson,22,22,2015-12-11,24,CLE,A,ORL,35,0,19:39,1,3,0.333,0,0,NA,0,0,NA,1,5,6,0,1,0,0,0,2,3.5,11,11.5
Tristan Thompson,23,23,2015-12-15,24,CLE,A,BOS,12,0,22:27,0,2,0,0,0,NA,0,0,NA,1,8,9,0,0,0,0,0,0,1.7,-4,11.3
Tristan Thompson,24,24,2015-12-17,24,CLE,H,OKC,4,0,34:51,7,10,0.7,0,0,NA,0,2,0,11,4,15,1,0,1,1,3,14,17.1,13,37.3
Tristan Thompson,25,25,2015-12-20,24,CLE,H,PHI,22,0,21:43,2,4,0.5,0,0,NA,2,2,1,2,4,6,1,0,1,0,2,6,7.2,36,17
Tristan Thompson,26,26,2015-12-23,24,CLE,H,NYK,7,0,29:28,2,5,0.4,0,0,NA,6,6,1,7,7,14,0,0,0,0,1,10,13.9,7,29
Tristan Thompson,27,27,2015-12-25,24,CLE,A,GSW,-6,0,26:50,3,6,0.5,0,0,NA,2,2,1,3,7,10,1,1,0,0,5,8,8.9,9,24
Tristan Thompson,28,28,2015-12-26,24,CLE,A,POR,-29,0,21:54,2,3,0.667,0,0,NA,0,0,NA,4,7,11,1,0,0,1,3,4,6.1,-18,18.8
Tristan Thompson,29,29,2015-12-28,24,CLE,A,PHO,4,1,31:36,2,3,0.667,0,0,NA,1,3,0.333,4,6,10,0,0,0,1,1,5,6.1,-1,17
Tristan Thompson,30,30,2015-12-29,24,CLE,A,DEN,6,1,34:39,4,7,0.571,0,0,NA,1,6,0.167,2,5,7,0,1,1,0,1,9,7.9,5,21.8
Tristan Thompson,31,31,2016-01-02,24,CLE,H,ORL,25,1,28:51,4,6,0.667,0,0,NA,2,8,0.25,6,6,12,0,0,0,0,0,10,11,17,26.5
Tristan Thompson,32,32,2016-01-04,24,CLE,H,TOR,22,1,31:26,4,6,0.667,0,0,NA,6,6,1,4,7,11,0,0,1,2,3,14,13.8,12,30.3
Tristan Thompson,33,33,2016-01-06,24,CLE,A,WAS,6,1,35:41,4,7,0.571,0,0,NA,4,6,0.667,1,2,3,1,0,0,0,3,12,8.7,-3,17.3
Tristan Thompson,34,34,2016-01-08,24,CLE,A,MIN,26,1,29:05,2,3,0.667,0,0,NA,2,2,1,4,3,7,1,0,0,1,1,6,7.7,11,15.8
Tristan Thompson,35,35,2016-01-10,24,CLE,A,PHI,10,1,37:24,2,5,0.4,0,0,NA,6,8,0.75,7,3,10,1,0,0,0,5,10,11,12,25.5
Tristan Thompson,36,36,2016-01-12,24,CLE,A,DAL,3,1,23:02,1,2,0.5,0,0,NA,0,0,NA,1,5,6,1,0,0,0,2,2,3.1,-19,11
Tristan Thompson,37,37,2016-01-14,24,CLE,A,SAS,-4,1,35:24,7,11,0.636,0,0,NA,4,5,0.8,4,10,14,1,1,0,2,3,18,17,1,39.5
Tristan Thompson,38,38,2016-01-15,24,CLE,A,HOU,14,0,22:24,4,4,1,0,0,NA,2,2,1,3,2,5,1,0,1,0,4,10,11.3,7,19.8
Tristan Thompson,39,39,2016-01-18,24,CLE,H,GSW,-34,0,12:21,0,1,0,0,0,NA,2,2,1,1,1,2,0,0,0,0,4,2,0.7,-15,4.5
Tristan Thompson,40,40,2016-01-20,24,CLE,A,BRK,13,0,27:47,6,8,0.75,0,0,NA,2,2,1,3,7,10,1,0,0,0,0,14,15.7,14,29.5
Tristan Thompson,41,41,2016-01-21,24,CLE,H,LAC,13,0,23:45,2,6,0.333,0,0,NA,4,6,0.667,5,7,12,0,0,0,2,4,8,5.8,7,22
Tristan Thompson,42,42,2016-01-23,24,CLE,H,CHI,-13,0,21:46,0,2,0,0,0,NA,1,4,0.25,4,1,5,0,0,0,1,4,1,-1.1,-19,6.8
Tristan Thompson,43,43,2016-01-25,24,CLE,H,MIN,7,1,34:04,8,10,0.8,0,0,NA,3,7,0.429,7,5,12,2,0,0,0,2,19,20.6,9,38.5
Tristan Thompson,44,44,2016-01-27,24,CLE,H,PHO,22,1,28:26,2,4,0.5,0,0,NA,1,2,0.5,2,3,5,0,0,1,1,1,5,4.2,12,12.8
Tristan Thompson,45,45,2016-01-29,24,CLE,A,DET,8,1,31:25,3,5,0.6,0,0,NA,5,5,1,3,11,14,0,0,1,1,2,11,13,16,31.5
Tristan Thompson,46,46,2016-01-30,24,CLE,H,SAS,14,1,34:42,3,4,0.75,0,0,NA,4,4,1,2,5,7,1,0,1,1,1,10,11.3,15,21.8
Tristan Thompson,47,47,2016-02-01,24,CLE,A,IND,5,1,40:55,7,7,1,0,0,NA,0,1,0,7,5,12,0,0,0,3,3,14,13.7,5,29
Tristan Thompson,48,48,2016-02-03,24,CLE,A,CHO,-9,1,34:07,2,4,0.5,0,0,NA,0,0,NA,2,2,4,0,0,0,0,2,4,3.2,-6,9
Tristan Thompson,49,49,2016-02-05,24,CLE,H,BOS,-1,1,31:59,1,3,0.333,0,0,NA,1,2,0.5,4,6,10,0,1,2,0,3,3,6.7,-4,21.5
Tristan Thompson,50,50,2016-02-06,24,CLE,H,NOP,15,1,32:51,0,4,0,0,0,NA,0,0,NA,7,8,15,1,0,0,1,4,0,2.6,0,19.8
Tristan Thompson,51,51,2016-02-08,24,CLE,H,SAC,20,1,21:33,1,2,0.5,0,0,NA,0,0,NA,3,7,10,0,1,1,1,3,2,4.7,8,18
Tristan Thompson,52,52,2016-02-10,24,CLE,H,LAL,9,1,34:24,6,6,1,0,0,NA,3,3,1,7,6,13,4,0,1,0,2,15,22.6,18,40.8
Tristan Thompson,53,53,2016-02-18,24,CLE,H,CHI,11,1,30:48,8,10,0.8,0,0,NA,0,1,0,1,9,10,0,3,2,0,3,16,18.4,14,40
Tristan Thompson,54,54,2016-02-21,24,CLE,A,OKC,23,1,35:57,4,6,0.667,0,0,NA,6,8,0.75,5,9,14,1,0,1,0,2,14,17.4,19,36.5
Tristan Thompson,55,55,2016-02-22,24,CLE,H,DET,-8,1,21:13,0,2,0,0,0,NA,0,0,NA,2,4,6,0,0,1,1,1,0,0.5,-22,9
Tristan Thompson,56,56,2016-02-24,24,CLE,H,CHO,11,1,23:15,3,6,0.5,0,0,NA,0,0,NA,4,6,10,2,0,0,1,2,6,7.2,-3,21
Tristan Thompson,57,57,2016-02-26,24,CLE,A,TOR,-2,1,28:52,3,6,0.5,0,0,NA,0,0,NA,3,7,10,2,0,0,1,3,6,6.4,7,21
Tristan Thompson,58,58,2016-02-28,24,CLE,A,WAS,-14,1,21:28,1,4,0.25,0,0,NA,0,2,0,0,2,2,2,0,0,0,2,2,0,-16,7.5
Tristan Thompson,59,59,2016-02-29,24,CLE,H,IND,4,0,31:01,6,7,0.857,0,0,NA,2,3,0.667,3,8,11,0,0,1,0,2,14,15.5,7,31.3
Tristan Thompson,60,60,2016-03-04,24,CLE,H,WAS,25,0,22:26,4,9,0.444,0,0,NA,2,2,1,2,5,7,0,1,2,0,1,10,10.2,10,24.8
Tristan Thompson,61,61,2016-03-05,24,CLE,H,BOS,17,0,27:32,4,6,0.667,0,0,NA,4,5,0.8,4,1,5,0,1,0,3,3,12,8.9,15,18.8
Tristan Thompson,62,62,2016-03-07,24,CLE,H,MEM,-3,0,26:55,5,6,0.833,0,0,NA,1,3,0.333,0,6,6,0,0,3,2,3,11,8.7,11,23.5
Tristan Thompson,63,63,2016-03-09,24,CLE,A,SAC,9,1,37:21,6,8,0.75,0,0,NA,6,8,0.75,7,8,15,0,1,0,2,5,18,18.3,12,39.3
Tristan Thompson,64,64,2016-03-10,24,CLE,A,LAL,12,1,34:04,3,5,0.6,0,0,NA,4,6,0.667,4,10,14,1,1,0,1,0,10,13.4,21,32
Tristan Thompson,65,65,2016-03-13,25,CLE,A,LAC,24,0,26:20,3,6,0.5,0,0,NA,4,6,0.667,6,5,11,2,0,2,0,1,10,14.3,23,32.3
Tristan Thompson,66,66,2016-03-14,25,CLE,A,UTA,-9,0,19:50,1,1,1,0,0,NA,0,0,NA,1,2,3,0,0,0,0,3,2,1.8,-10,5.8
Tristan Thompson,67,67,2016-03-16,25,CLE,H,DAL,1,1,37:25,0,2,0,0,0,NA,0,0,NA,4,4,8,2,0,0,1,5,0,1,-17,12.5
Tristan Thompson,68,68,2016-03-18,25,CLE,A,ORL,6,0,27:42,3,6,0.5,0,0,NA,5,9,0.556,4,11,15,1,4,2,2,2,11,15.8,14,43.8
Tristan Thompson,69,69,2016-03-19,25,CLE,A,MIA,-21,0,17:58,1,2,0.5,0,0,NA,0,0,NA,1,1,2,1,0,0,0,4,2,1.1,-9,6
Tristan Thompson,70,70,2016-03-21,25,CLE,H,DEN,33,0,21:30,4,5,0.8,0,0,NA,0,0,NA,1,6,7,1,2,1,0,3,8,10.8,2,24.3
Tristan Thompson,71,71,2016-03-23,25,CLE,H,MIL,9,0,30:28,6,9,0.667,0,0,NA,1,1,1,5,5,10,0,0,2,0,2,13,14.7,-5,31
Tristan Thompson,72,72,2016-03-24,25,CLE,A,BRK,-9,0,25:50,3,5,0.6,0,0,NA,0,0,NA,3,1,4,3,0,0,1,2,6,6.4,-16,15
Tristan Thompson,73,73,2016-03-26,25,CLE,A,NYK,14,0,22:07,0,0,NA,0,0,NA,6,8,0.75,2,5,7,0,0,1,0,4,6,7.2,5,16.8
Tristan Thompson,74,74,2016-03-29,25,CLE,H,HOU,-6,0,39:19,4,8,0.5,0,0,NA,8,9,0.889,5,5,10,0,1,1,3,5,16,13.3,-2,32.5
Tristan Thompson,75,75,2016-03-31,25,CLE,H,BRK,20,0,23:49,2,4,0.5,0,0,NA,0,0,NA,2,4,6,0,2,1,1,1,4,5.9,21,17
Tristan Thompson,76,76,2016-04-01,25,CLE,A,ATL,2,0,33:32,4,4,1,0,0,NA,1,6,0.167,5,9,14,1,1,2,0,4,9,13.5,4,34
Tristan Thompson,77,77,2016-04-03,25,CLE,H,CHO,9,0,28:07,1,2,0.5,0,0,NA,2,6,0.333,5,1,6,0,2,0,1,1,4,5.8,12,15
Tristan Thompson,78,78,2016-04-05,25,CLE,A,MIL,29,0,17:43,5,6,0.833,0,0,NA,1,1,1,2,5,7,1,0,2,0,1,11,13.4,18,25.3
Tristan Thompson,79,79,2016-04-06,25,CLE,A,IND,-14,0,22:27,4,5,0.8,0,0,NA,1,2,0.5,2,3,5,0,0,0,2,1,9,6.6,-11,14.3
Tristan Thompson,80,80,2016-04-09,25,CLE,A,CHI,-3,1,30:52,1,3,0.333,0,0,NA,1,4,0.25,3,5,8,3,0,3,0,4,3,6.3,3,23.5
Tristan Thompson,81,81,2016-04-11,25,CLE,H,ATL,15,1,36:04,2,6,0.333,0,0,NA,5,7,0.714,2,8,10,1,3,1,0,2,9,12.2,5,31
Tristan Thompson,82,82,2016-04-13,25,CLE,H,DET,-2,1,0:04,0,0,NA,0,0,NA,0,0,NA,0,0,0,0,0,0,0,1,0,-0.4,0,0
J.R. Smith,1,1,2015-10-27,30,CLE,A,CHI,-2,1,30:27,3,10,0.3,0,2,0,2,4,0.5,1,4,5,3,1,0,0,4,8,4.8,0,20.8
J.R. Smith,2,2,2015-10-28,30,CLE,A,MEM,30,1,33:51,4,10,0.4,1,2,0.5,0,0,NA,2,5,7,7,1,0,1,2,9,10.6,16,30.3
J.R. Smith,3,3,2015-10-30,30,CLE,H,MIA,10,1,22:15,1,8,0.125,0,3,0,0,0,NA,0,2,2,0,0,1,2,4,2,-5.5,-3,5.5
J.R. Smith,4,4,2015-11-02,30,CLE,A,PHI,7,1,4:57,0,1,0,0,0,NA,0,0,NA,0,0,0,0,0,0,2,2,0,-3.5,-1,-1
J.R. Smith,8,5,2015-11-10,30,CLE,H,UTA,4,1,22:09,3,7,0.429,1,2,0.5,0,0,NA,1,0,1,3,0,0,2,4,7,2.5,1,12.3
J.R. Smith,9,6,2015-11-13,30,CLE,A,NYK,6,1,26:46,3,10,0.3,2,7,0.286,0,2,0,1,4,5,0,0,0,1,0,8,2.3,-11,14.8
J.R. Smith,10,7,2015-11-14,30,CLE,A,MIL,-3,1,50:30,4,14,0.286,2,8,0.25,0,0,NA,2,7,9,2,1,2,3,3,10,4.9,0,29.8
J.R. Smith,11,8,2015-11-17,30,CLE,A,DET,-5,1,36:15,6,10,0.6,3,6,0.5,0,2,0,1,0,1,0,2,1,0,5,15,11,-15,23.8
J.R. Smith,12,9,2015-11-19,30,CLE,H,MIL,15,1,39:25,7,12,0.583,4,8,0.5,0,0,NA,0,2,2,1,0,0,0,3,18,12.5,15,24
J.R. Smith,13,10,2015-11-21,30,CLE,H,ATL,12,1,37:41,5,18,0.278,4,12,0.333,1,1,1,1,1,2,5,0,1,2,3,15,6.4,5,28
J.R. Smith,14,11,2015-11-23,30,CLE,H,ORL,14,1,37:46,10,16,0.625,6,10,0.6,0,0,NA,0,0,0,2,1,1,1,1,26,20.5,17,35.5
J.R. Smith,15,12,2015-11-25,30,CLE,A,TOR,-4,1,35:33,6,13,0.462,3,5,0.6,0,0,NA,1,1,2,4,2,0,0,4,15,12.5,2,29
J.R. Smith,16,13,2015-11-27,30,CLE,A,CHO,5,1,31:03,4,10,0.4,1,5,0.2,2,2,1,1,2,3,1,1,0,1,4,11,6,2,18.3
J.R. Smith,17,14,2015-11-28,30,CLE,H,BRK,2,1,38:48,3,12,0.25,0,4,0,0,2,0,0,5,5,1,3,4,2,5,6,2,0,26.8
J.R. Smith,18,15,2015-12-01,30,CLE,H,WAS,-12,1,36:12,3,15,0.2,3,11,0.273,4,5,0.8,0,4,4,3,2,1,1,4,13,6.7,-2,29.5
J.R. Smith,19,16,2015-12-04,30,CLE,A,NOP,-6,1,36:55,6,14,0.429,6,13,0.462,0,0,NA,0,4,4,0,0,0,1,5,18,8.8,1,25.5
J.R. Smith,20,17,2015-12-05,30,CLE,A,MIA,-15,1,26:44,4,12,0.333,1,5,0.2,3,4,0.75,2,0,2,2,0,0,2,4,12,4,-19,17
J.R. Smith,21,18,2015-12-08,30,CLE,H,POR,5,1,25:07,3,9,0.333,2,4,0.5,0,0,NA,1,1,2,2,2,0,0,2,8,6.5,7,18.5
J.R. Smith,23,19,2015-12-15,30,CLE,A,BOS,12,1,35:46,4,9,0.444,1,3,0.333,0,0,NA,3,3,6,0,1,0,0,4,9,6.7,8,19
J.R. Smith,24,20,2015-12-17,30,CLE,H,OKC,4,1,24:47,5,12,0.417,1,5,0.2,0,0,NA,0,3,3,0,1,0,0,4,11,4.9,-8,17.3
J.R. Smith,25,21,2015-12-20,30,CLE,H,PHI,22,1,21:51,3,5,0.6,1,1,1,1,1,1,0,2,2,4,1,0,0,1,8,9.7,29,19
J.R. Smith,26,22,2015-12-23,30,CLE,H,NYK,7,1,24:56,2,7,0.286,0,2,0,0,0,NA,0,0,0,3,3,0,1,3,4,2.8,1,14
J.R. Smith,27,23,2015-12-25,30,CLE,A,GSW,-6,1,28:38,4,9,0.444,4,8,0.5,2,3,0.667,0,1,1,0,1,0,2,3,14,7,-11,18.3
J.R. Smith,28,24,2015-12-26,30,CLE,A,POR,-29,1,20:53,1,6,0.167,1,5,0.2,0,0,NA,0,0,0,1,1,0,0,2,3,0.1,-25,7
J.R. Smith,29,25,2015-12-28,30,CLE,A,PHO,4,1,30:21,5,11,0.455,5,11,0.455,2,2,1,2,1,3,1,1,0,2,1,17,12.3,15,25.8
J.R. Smith,30,26,2015-12-29,30,CLE,A,DEN,6,1,25:40,4,11,0.364,1,6,0.167,2,2,1,0,2,2,3,2,0,0,1,11,9.2,5,22.5
J.R. Smith,31,27,2016-01-02,30,CLE,H,ORL,25,1,19:42,1,7,0.143,1,5,0.2,0,0,NA,1,1,2,1,1,1,0,2,3,1.1,8,11.5
J.R. Smith,32,28,2016-01-04,30,CLE,H,TOR,22,1,29:51,8,17,0.471,8,14,0.571,0,0,NA,0,3,3,1,0,0,0,2,24,16.1,13,33.3
J.R. Smith,33,29,2016-01-06,30,CLE,A,WAS,6,1,34:41,10,16,0.625,5,10,0.5,0,0,NA,0,3,3,1,3,0,0,4,25,20.8,9,38.8
J.R. Smith,34,30,2016-01-08,30,CLE,A,MIN,26,1,19:06,10,12,0.833,5,6,0.833,2,2,1,0,0,0,0,2,0,0,4,27,23,14,33.5
J.R. Smith,35,31,2016-01-10,30,CLE,A,PHI,10,1,33:53,5,18,0.278,4,12,0.333,0,0,NA,0,3,3,0,1,0,0,0,14,5.3,17,21.8
J.R. Smith,36,32,2016-01-12,30,CLE,A,DAL,3,1,39:40,4,7,0.571,2,5,0.4,0,0,NA,0,1,1,3,3,0,0,1,10,11.7,3,22.8
J.R. Smith,37,33,2016-01-14,30,CLE,A,SAS,-4,1,32:34,7,13,0.538,3,7,0.429,0,0,NA,0,1,1,0,0,1,1,4,17,9.1,4,21.3
J.R. Smith,38,34,2016-01-15,30,CLE,A,HOU,14,1,25:58,5,15,0.333,2,12,0.167,1,2,0.5,1,4,5,0,1,0,1,3,13,4.8,9,21.8
J.R. Smith,39,35,2016-01-18,30,CLE,H,GSW,-34,1,20:54,6,9,0.667,0,0,NA,2,6,0.333,1,1,2,1,1,0,1,1,14,9.8,-29,19.5
J.R. Smith,40,36,2016-01-20,30,CLE,A,BRK,13,1,24:58,2,9,0.222,0,2,0,0,0,NA,0,3,3,0,0,0,1,1,4,-2,-1,7.3
J.R. Smith,41,37,2016-01-21,30,CLE,H,LAC,13,1,32:58,8,12,0.667,6,7,0.857,0,0,NA,1,1,2,2,0,0,0,5,22,17.2,30,30.5
J.R. Smith,42,38,2016-01-23,30,CLE,H,CHI,-13,1,38:36,7,17,0.412,2,7,0.286,2,4,0.5,1,10,11,1,0,1,0,2,18,12.4,-5,37.8
J.R. Smith,43,39,2016-01-25,30,CLE,H,MIN,7,1,35:21,3,14,0.214,2,8,0.25,3,4,0.75,0,2,2,2,3,1,1,2,11,5.9,5,25
J.R. Smith,44,40,2016-01-27,30,CLE,H,PHO,22,1,23:07,7,11,0.636,4,6,0.667,0,0,NA,1,2,3,4,4,0,1,4,18,18.6,20,37.3
J.R. Smith,45,41,2016-01-29,30,CLE,A,DET,8,1,32:39,2,10,0.2,2,6,0.333,0,0,NA,0,2,2,2,0,0,1,2,6,0,14,12
J.R. Smith,46,42,2016-01-30,30,CLE,H,SAS,14,1,25:45,4,9,0.444,2,4,0.5,0,0,NA,1,2,3,1,0,0,1,3,10,5.1,10,15.8
J.R. Smith,47,43,2016-02-01,30,CLE,A,IND,5,1,42:06,7,14,0.5,4,7,0.571,1,2,0.5,0,3,3,0,2,0,2,2,19,11.7,7,27.8
J.R. Smith,48,44,2016-02-03,30,CLE,A,CHO,-9,1,37:10,5,14,0.357,4,9,0.444,0,0,NA,0,3,3,0,4,1,0,5,14,9.8,-8,29.8
J.R. Smith,49,45,2016-02-05,30,CLE,H,BOS,-1,1,33:15,7,15,0.467,5,10,0.5,1,2,0.5,1,2,3,1,0,1,3,6,20,9.2,6,28.3
J.R. Smith,50,46,2016-02-06,30,CLE,H,NOP,15,1,33:04,7,18,0.389,6,16,0.375,0,0,NA,0,4,4,3,1,0,0,1,20,14.1,20,34.5
J.R. Smith,51,47,2016-02-08,30,CLE,H,SAC,20,1,30:49,8,18,0.444,6,13,0.462,0,0,NA,1,3,4,2,1,0,0,2,22,15.8,23,35
J.R. Smith,52,48,2016-02-10,30,CLE,H,LAL,9,1,32:48,3,9,0.333,3,7,0.429,0,0,NA,0,1,1,1,0,0,0,1,9,4.5,14,13.3
J.R. Smith,53,49,2016-02-18,30,CLE,H,CHI,11,1,28:52,1,9,0.111,1,5,0.2,0,0,NA,0,2,2,4,0,0,1,1,3,-0.9,10,11.5
J.R. Smith,54,50,2016-02-21,30,CLE,A,OKC,23,1,39:02,5,12,0.417,5,8,0.625,0,0,NA,0,3,3,1,0,0,1,3,15,8,14,22.3
J.R. Smith,55,51,2016-02-22,30,CLE,H,DET,-8,1,36:13,3,7,0.429,1,3,0.333,0,0,NA,1,3,4,0,0,0,2,2,7,2.1,-14,11.5
J.R. Smith,56,52,2016-02-24,30,CLE,H,CHO,11,1,34:02,6,11,0.545,2,3,0.667,2,2,1,0,5,5,2,3,0,0,1,16,16.2,12,32.3
J.R. Smith,57,53,2016-02-26,30,CLE,A,TOR,-2,1,32:08,5,8,0.625,3,6,0.5,0,0,NA,0,3,3,0,0,0,0,3,13,9.1,4,18.3
J.R. Smith,58,54,2016-02-28,30,CLE,A,WAS,-14,1,18:13,4,8,0.5,0,0,NA,0,0,NA,0,4,4,1,2,0,1,4,8,5.3,-9,18
J.R. Smith,59,55,2016-02-29,30,CLE,H,IND,4,1,33:47,4,14,0.286,3,10,0.3,0,0,NA,1,2,3,0,1,0,0,1,11,4.7,10,18.3
J.R. Smith,60,56,2016-03-04,30,CLE,H,WAS,25,1,30:41,3,5,0.6,2,4,0.5,2,2,1,0,1,1,3,2,0,0,3,10,10.9,13,20.8
J.R. Smith,61,57,2016-03-05,30,CLE,H,BOS,17,1,34:13,5,15,0.333,4,10,0.4,0,0,NA,0,3,3,3,0,0,0,1,14,8.1,3,24.3
J.R. Smith,62,58,2016-03-07,30,CLE,H,MEM,-3,1,34:34,2,11,0.182,1,8,0.125,1,2,0.5,1,4,5,1,0,1,1,3,6,-0.2,-6,15.8
J.R. Smith,63,59,2016-03-09,30,CLE,A,SAC,9,1,28:01,6,13,0.462,3,9,0.333,0,0,NA,2,3,5,0,1,0,0,5,15,9.6,-2,24.8
J.R. Smith,64,60,2016-03-10,30,CLE,A,LAL,12,1,33:33,5,10,0.5,4,7,0.571,3,4,0.75,0,2,2,2,2,1,0,4,17,14.7,7,30.5
J.R. Smith,65,61,2016-03-13,30,CLE,A,LAC,24,1,23:19,6,9,0.667,5,8,0.625,0,0,NA,0,1,1,1,0,0,0,3,17,12.9,11,22.3
J.R. Smith,66,62,2016-03-14,30,CLE,A,UTA,-9,1,29:28,2,12,0.167,1,8,0.125,0,0,NA,0,1,1,1,1,0,1,2,5,-2.4,-9,9.8
J.R. Smith,67,63,2016-03-16,30,CLE,H,DAL,1,1,39:51,6,17,0.353,1,8,0.125,0,0,NA,1,3,4,4,3,0,1,3,13,8.7,-16,30
J.R. Smith,68,64,2016-03-18,30,CLE,A,ORL,6,1,23:32,3,7,0.429,2,5,0.4,0,0,NA,0,0,0,2,0,0,1,2,8,3.9,-3,11.5
J.R. Smith,69,65,2016-03-19,30,CLE,A,MIA,-21,1,19:11,1,2,0.5,0,1,0,0,0,NA,0,0,0,0,1,0,0,1,2,1.6,-18,4
J.R. Smith,70,66,2016-03-21,30,CLE,H,DEN,33,1,28:47,6,12,0.5,3,6,0.5,0,0,NA,1,3,4,5,4,0,1,3,15,15.9,21,36.5
J.R. Smith,71,67,2016-03-23,30,CLE,H,MIL,9,1,36:42,5,10,0.5,3,7,0.429,0,0,NA,3,0,3,4,1,0,1,3,13,11.7,2,25.8
J.R. Smith,72,68,2016-03-24,30,CLE,A,BRK,-9,1,31:35,3,10,0.3,2,8,0.25,0,0,NA,0,2,2,2,1,0,2,2,8,2.4,-1,15.5
J.R. Smith,73,69,2016-03-26,30,CLE,A,NYK,14,1,30:50,5,11,0.455,3,8,0.375,0,0,NA,1,2,3,2,0,0,1,3,13,7.8,18,20.8
J.R. Smith,74,70,2016-03-29,30,CLE,H,HOU,-6,1,34:31,1,6,0.167,0,3,0,2,2,1,0,3,3,2,0,1,1,5,4,0.2,-9,12.3
J.R. Smith,75,71,2016-03-31,30,CLE,H,BRK,20,1,24:53,3,8,0.375,2,7,0.286,0,0,NA,0,3,3,3,2,0,1,2,8,6.8,20,20.8
J.R. Smith,76,72,2016-04-01,30,CLE,A,ATL,2,1,39:02,4,12,0.333,4,9,0.444,0,0,NA,1,1,2,3,0,0,0,1,12,7.9,9,21
J.R. Smith,77,73,2016-04-03,30,CLE,H,CHO,9,1,33:07,10,16,0.625,6,9,0.667,1,2,0.5,2,3,5,3,1,0,1,1,27,23.4,3,42.3
J.R. Smith,78,74,2016-04-05,30,CLE,A,MIL,29,1,26:27,7,12,0.583,7,11,0.636,0,0,NA,0,2,2,1,1,0,1,2,21,15.9,18,30
J.R. Smith,79,75,2016-04-06,30,CLE,A,IND,-14,1,24:04,4,7,0.571,0,1,0,2,2,1,0,0,0,2,0,1,0,2,10,8,-15,15
J.R. Smith,80,76,2016-04-09,30,CLE,A,CHI,-3,1,36:56,8,16,0.5,7,14,0.5,1,3,0.333,1,5,6,4,1,0,1,2,24,19.4,8,42.5
J.R. Smith,81,77,2016-04-11,30,CLE,H,ATL,15,1,32:16,1,5,0.2,0,3,0,0,0,NA,0,1,1,0,0,0,1,1,2,-2.2,17,2.8
Richard Jefferson,1,1,2015-10-27,35,CLE,A,CHI,-2,0,16:57,4,7,0.571,2,4,0.5,0,0,NA,0,0,0,1,1,0,1,3,10,6.2,-5,14
Richard Jefferson,2,2,2015-10-28,35,CLE,A,MEM,30,0,18:20,5,6,0.833,3,3,1,1,1,1,0,3,3,0,0,0,2,3,14,9.5,19,18.3
Richard Jefferson,3,3,2015-10-30,35,CLE,H,MIA,10,0,24:23,2,7,0.286,1,3,0.333,0,0,NA,0,0,0,0,1,0,3,1,5,-1.5,9,6
Richard Jefferson,4,4,2015-11-02,35,CLE,A,PHI,7,0,21:43,2,4,0.5,1,2,0.5,2,2,1,0,1,1,0,0,0,0,2,7,4.5,-4,8.8
Richard Jefferson,5,5,2015-11-04,35,CLE,H,NYK,10,1,35:17,2,6,0.333,1,5,0.2,4,6,0.667,0,4,4,3,0,0,1,2,9,6.3,1,18.5
Richard Jefferson,6,6,2015-11-06,35,CLE,H,PHI,6,0,29:04,7,11,0.636,3,3,1,0,0,NA,0,1,1,2,0,0,2,3,17,10.6,-8,21.8
Richard Jefferson,7,7,2015-11-08,35,CLE,H,IND,4,1,30:15,2,6,0.333,1,3,0.333,0,0,NA,1,0,1,1,2,0,1,4,5,2.4,-7,11.8
Richard Jefferson,8,8,2015-11-10,35,CLE,H,UTA,4,0,25:43,2,6,0.333,0,3,0,3,6,0.5,0,2,2,1,1,1,0,3,7,4.2,3,15
Richard Jefferson,9,9,2015-11-13,35,CLE,A,NYK,6,0,19:12,0,2,0,0,2,0,0,0,NA,0,1,1,0,1,0,0,3,0,-1.3,-7,3.3
Richard Jefferson,10,10,2015-11-14,35,CLE,A,MIL,-3,0,39:04,5,10,0.5,3,6,0.5,1,3,0.333,1,2,3,0,1,0,1,4,14,7.9,-1,20.8
Richard Jefferson,11,11,2015-11-17,35,CLE,A,DET,-5,0,16:28,0,3,0,0,2,0,0,0,NA,0,1,1,1,0,0,1,1,0,-2.5,8,2.3
Richard Jefferson,12,12,2015-11-19,35,CLE,H,MIL,15,0,16:18,1,5,0.2,0,1,0,0,0,NA,0,0,0,1,1,1,1,3,2,-0.9,5,7
Richard Jefferson,13,13,2015-11-21,35,CLE,H,ATL,12,0,23:49,4,6,0.667,0,2,0,0,0,NA,0,1,1,3,0,1,1,2,8,6.7,3,15.3
Richard Jefferson,14,14,2015-11-23,35,CLE,H,ORL,14,0,19:05,3,5,0.6,0,0,NA,1,1,1,0,1,1,2,0,0,1,1,7,5,-12,10.8
Richard Jefferson,15,15,2015-11-25,35,CLE,A,TOR,-4,0,16:21,2,5,0.4,0,1,0,0,0,NA,0,2,2,0,0,0,0,1,4,1.5,-21,6.5
Richard Jefferson,16,16,2015-11-27,35,CLE,A,CHO,5,0,30:12,4,8,0.5,2,5,0.4,3,6,0.5,0,1,1,1,0,0,1,2,13,7,14,16.3
Richard Jefferson,17,17,2015-11-28,35,CLE,H,BRK,2,0,17:32,0,2,0,0,1,0,0,0,NA,0,1,1,1,1,2,0,0,0,2,-2,8.8
Richard Jefferson,18,18,2015-12-01,35,CLE,H,WAS,-12,0,17:51,2,6,0.333,1,4,0.25,0,0,NA,1,1,2,3,1,0,0,1,5,5.3,-7,14.5
Richard Jefferson,19,19,2015-12-04,35,CLE,A,NOP,-6,0,14:13,0,1,0,0,0,NA,0,0,NA,2,2,4,0,2,0,0,4,0,1.7,-9,9
Richard Jefferson,20,20,2015-12-05,35,CLE,A,MIA,-15,1,38:23,6,18,0.333,0,7,0,4,9,0.444,0,3,3,2,1,0,1,2,16,5.3,-10,24.3
Richard Jefferson,21,21,2015-12-08,35,CLE,H,POR,5,0,19:40,3,6,0.5,1,3,0.333,0,0,NA,0,0,0,2,0,0,0,2,7,4.6,8,10.5
Richard Jefferson,22,22,2015-12-11,35,CLE,A,ORL,35,0,12:42,1,1,1,1,1,1,0,0,NA,0,3,3,0,2,0,3,1,3,2.2,-6,9.8
Richard Jefferson,23,23,2015-12-15,35,CLE,A,BOS,12,0,20:34,2,3,0.667,1,1,1,0,0,NA,0,1,1,1,0,0,1,0,5,3.7,-4,7.8
Richard Jefferson,24,24,2015-12-17,35,CLE,H,OKC,4,0,31:41,5,9,0.556,3,6,0.5,0,0,NA,0,2,2,1,0,0,1,2,13,8.2,9,18
Richard Jefferson,25,25,2015-12-20,35,CLE,H,PHI,22,0,22:41,3,6,0.5,3,5,0.6,0,0,NA,0,1,1,1,0,0,0,3,9,5.8,-11,13.3
Richard Jefferson,26,26,2015-12-23,35,CLE,H,NYK,7,0,4:23,0,0,NA,0,0,NA,0,0,NA,0,1,1,0,0,0,0,0,0,0.3,2,1.3
Richard Jefferson,28,27,2015-12-26,35,CLE,A,POR,-29,0,25:46,3,6,0.5,2,4,0.5,2,2,1,0,2,2,0,1,0,1,3,10,6.4,-1,15
Richard Jefferson,29,28,2015-12-28,35,CLE,A,PHO,4,0,19:02,2,4,0.5,2,4,0.5,1,2,0.5,0,1,1,0,1,4,1,1,7,7.3,-4,18.8
Richard Jefferson,30,29,2015-12-29,35,CLE,A,DEN,6,0,12:36,0,1,0,0,1,0,0,0,NA,0,0,0,0,0,1,0,1,0,-0.4,-4,2
Richard Jefferson,31,30,2016-01-02,35,CLE,H,ORL,25,0,18:47,2,5,0.4,2,4,0.5,0,3,0,0,0,0,1,1,0,0,3,6,2.6,-3,10.5
Richard Jefferson,32,31,2016-01-04,35,CLE,H,TOR,22,0,5:19,0,1,0,0,0,NA,0,0,NA,0,0,0,0,0,0,0,1,0,-1.1,1,0
Richard Jefferson,33,32,2016-01-06,35,CLE,A,WAS,6,0,4:31,0,0,NA,0,0,NA,0,0,NA,0,2,2,0,0,0,0,1,0,0.2,-3,2.5
Richard Jefferson,34,33,2016-01-08,35,CLE,A,MIN,26,0,15:46,0,1,0,0,1,0,2,2,1,0,0,0,4,1,0,1,4,2,2.5,5,9.5
Richard Jefferson,35,34,2016-01-10,35,CLE,A,PHI,10,0,12:37,1,2,0.5,0,0,NA,1,1,1,0,1,1,0,0,0,0,1,3,1.9,-8,4.3
Richard Jefferson,36,35,2016-01-12,35,CLE,A,DAL,3,0,13:04,1,4,0.25,0,2,0,0,0,NA,0,3,3,1,0,0,0,2,2,0.4,5,7.3
Richard Jefferson,37,36,2016-01-14,35,CLE,A,SAS,-4,0,11:16,0,3,0,0,2,0,0,0,NA,1,1,2,0,0,1,0,0,0,-0.4,-12,4.5
Richard Jefferson,38,37,2016-01-15,35,CLE,A,HOU,14,0,12:15,1,2,0.5,1,2,0.5,1,2,0.5,1,1,2,0,0,0,0,2,4,2.8,7,7
Richard Jefferson,39,38,2016-01-18,35,CLE,H,GSW,-34,0,18:03,1,1,1,1,1,1,3,4,0.75,0,3,3,0,0,1,1,1,6,5.5,-8,11.8
Richard Jefferson,40,39,2016-01-20,35,CLE,A,BRK,13,0,9:34,1,2,0.5,1,2,0.5,0,0,NA,0,0,0,0,0,0,0,1,3,1.6,-1,3.5
Richard Jefferson,44,40,2016-01-27,35,CLE,H,PHO,22,0,22:51,4,4,1,2,2,1,4,5,0.8,0,0,0,3,0,0,0,2,14,13.7,15,19.5
Richard Jefferson,45,41,2016-01-29,35,CLE,A,DET,8,0,12:04,0,2,0,0,2,0,0,0,NA,0,0,0,0,1,0,0,4,0,-2,-9,2
Richard Jefferson,46,42,2016-01-30,35,CLE,H,SAS,14,0,12:39,1,2,0.5,1,1,1,0,0,NA,0,3,3,1,0,0,0,2,3,2.8,2,8.8
Richard Jefferson,47,43,2016-02-01,35,CLE,A,IND,5,0,9:25,0,0,NA,0,0,NA,0,0,NA,0,0,0,1,0,0,0,1,0,0.3,6,1.5
Richard Jefferson,48,44,2016-02-03,35,CLE,A,CHO,-9,0,8:52,1,1,1,1,1,1,0,0,NA,0,1,1,1,0,0,0,1,3,3.3,0,6.3
Richard Jefferson,49,45,2016-02-05,35,CLE,H,BOS,-1,0,19:15,3,6,0.5,0,2,0,1,3,0.333,2,3,5,2,0,0,1,4,7,4.3,-4,15.8
Richard Jefferson,50,46,2016-02-06,35,CLE,H,NOP,15,0,9:50,1,4,0.25,1,3,0.333,0,0,NA,0,2,2,0,0,0,0,1,3,0.8,5,6
Richard Jefferson,51,47,2016-02-08,35,CLE,H,SAC,20,0,17:06,4,6,0.667,2,4,0.5,0,0,NA,1,3,4,0,1,0,1,1,10,8.6,4,17.5
Richard Jefferson,52,48,2016-02-10,35,CLE,H,LAL,9,0,15:23,2,3,0.667,2,3,0.667,0,0,NA,0,1,1,0,0,0,0,0,6,5,-5,8.3
Richard Jefferson,53,49,2016-02-18,35,CLE,H,CHI,11,0,14:14,2,4,0.5,1,3,0.333,0,0,NA,0,1,1,0,1,0,1,2,5,2.5,-1,8.3
Richard Jefferson,54,50,2016-02-21,35,CLE,A,OKC,23,0,25:28,4,5,0.8,3,4,0.75,4,4,1,0,6,6,0,1,0,0,3,15,14.7,16,26
Richard Jefferson,55,51,2016-02-22,35,CLE,H,DET,-8,0,15:08,1,2,0.5,0,1,0,0,0,NA,0,2,2,2,1,0,0,1,2,3.6,5,9.5
Richard Jefferson,56,52,2016-02-24,35,CLE,H,CHO,11,0,19:46,3,5,0.6,1,1,1,0,0,NA,0,0,0,0,0,0,0,1,7,4.3,0,7.5
Richard Jefferson,57,53,2016-02-26,35,CLE,A,TOR,-2,0,7:31,2,2,1,2,2,1,0,0,NA,0,0,0,0,0,0,1,1,6,4,-12,6.5
Richard Jefferson,58,54,2016-02-28,35,CLE,A,WAS,-14,1,33:09,1,3,0.333,1,3,0.333,7,7,1,0,5,5,1,0,0,0,2,10,9.7,2,18.3
Richard Jefferson,59,55,2016-02-29,35,CLE,H,IND,4,0,8:29,0,0,NA,0,0,NA,0,0,NA,0,2,2,0,0,0,0,0,0,0.6,-6,2.5
Richard Jefferson,60,56,2016-03-04,35,CLE,H,WAS,25,0,25:36,2,6,0.333,1,3,0.333,0,2,0,0,4,4,1,0,0,3,2,5,-1.1,8,10.5
Richard Jefferson,61,57,2016-03-05,35,CLE,H,BOS,17,0,5:41,1,3,0.333,0,1,0,0,0,NA,0,2,2,1,0,0,1,0,2,0.6,4,5.5
Richard Jefferson,62,58,2016-03-07,35,CLE,H,MEM,-3,0,7:07,1,3,0.333,0,1,0,0,0,NA,1,1,2,2,1,0,0,2,2,2.9,2,9.5
Richard Jefferson,63,59,2016-03-09,35,CLE,A,SAC,9,0,11:04,0,2,0,0,2,0,1,2,0.5,1,1,2,1,0,0,0,2,1,0.1,-9,5
Richard Jefferson,65,60,2016-03-13,35,CLE,A,LAC,24,0,11:28,0,2,0,0,2,0,0,0,NA,0,0,0,0,0,1,0,1,0,-1.1,5,2
Richard Jefferson,66,61,2016-03-14,35,CLE,A,UTA,-9,0,8:56,2,3,0.667,1,2,0.5,0,0,NA,0,0,0,0,0,0,0,1,5,3.3,-7,5.5
Richard Jefferson,67,62,2016-03-16,35,CLE,H,DAL,1,0,18:08,2,5,0.4,1,4,0.25,1,1,1,0,5,5,1,0,0,2,1,6,3.1,16,13.3
Richard Jefferson,68,63,2016-03-18,35,CLE,A,ORL,6,0,12:51,1,1,1,0,0,NA,0,0,NA,0,0,0,0,1,0,0,2,2,1.9,9,4
Richard Jefferson,69,64,2016-03-19,35,CLE,A,MIA,-21,0,29:12,7,10,0.7,3,4,0.75,3,3,1,0,4,4,1,1,0,0,4,20,17.1,-5,30
Richard Jefferson,70,65,2016-03-21,35,CLE,H,DEN,33,0,21:33,4,9,0.444,1,5,0.2,0,0,NA,0,2,2,2,0,0,2,2,9,3.5,2,14
Richard Jefferson,72,66,2016-03-24,35,CLE,A,BRK,-9,0,10:09,2,3,0.667,2,3,0.667,0,0,NA,0,3,3,0,0,0,1,2,6,3.8,-9,10.3
Richard Jefferson,73,67,2016-03-26,35,CLE,A,NYK,14,0,11:16,1,3,0.333,0,2,0,0,0,NA,1,1,2,0,2,0,1,2,2,1.5,-4,8
Richard Jefferson,74,68,2016-03-29,35,CLE,H,HOU,-6,0,11:30,1,2,0.5,1,1,1,0,0,NA,0,0,0,1,1,0,0,1,3,3.3,5,7
Richard Jefferson,75,69,2016-03-31,35,CLE,H,BRK,20,0,12:00,2,4,0.5,1,3,0.333,0,0,NA,0,0,0,0,0,0,0,0,5,3,-6,5.5
Richard Jefferson,78,70,2016-04-05,35,CLE,A,MIL,29,0,19:56,0,3,0,0,3,0,0,0,NA,0,1,1,2,0,1,0,1,0,-0.1,7,6.3
Richard Jefferson,79,71,2016-04-06,35,CLE,A,IND,-14,0,31:11,3,7,0.429,1,5,0.2,3,4,0.75,0,4,4,1,2,0,0,1,10,9.4,-6,21
Richard Jefferson,80,72,2016-04-09,35,CLE,A,CHI,-3,0,9:51,0,1,0,0,0,NA,0,0,NA,0,1,1,0,1,0,1,1,0,-0.8,-13,2.8
Richard Jefferson,81,73,2016-04-11,35,CLE,H,ATL,15,0,23:34,1,4,0.25,0,2,0,0,0,NA,2,4,6,0,0,0,1,1,2,0.8,9,9
Richard Jefferson,82,74,2016-04-13,35,CLE,H,DET,-2,1,32:58,5,11,0.455,1,2,0.5,5,6,0.833,0,2,2,2,0,0,1,3,16,9.7,-12,21.5
Iman Shumpert,22,1,2015-12-11,25,CLE,A,ORL,35,0,24:36,5,7,0.714,2,3,0.667,2,3,0.667,0,3,3,0,0,0,0,2,14,10.8,19,18.8
Iman Shumpert,23,2,2015-12-15,25,CLE,A,BOS,12,0,13:32,2,4,0.5,2,3,0.667,0,0,NA,0,1,1,1,0,1,1,1,6,4.3,4,11.3
Iman Shumpert,25,3,2015-12-20,25,CLE,H,PHI,22,0,15:40,1,5,0.2,0,1,0,1,2,0.5,0,2,2,4,1,0,0,0,3,3.9,3,13.5
Iman Shumpert,26,4,2015-12-23,25,CLE,H,NYK,7,0,26:30,2,7,0.286,2,5,0.4,2,2,1,1,3,4,1,1,2,0,2,8,7.8,15,21.5
Iman Shumpert,27,5,2015-12-25,25,CLE,A,GSW,-6,0,29:21,0,6,0,0,3,0,0,0,NA,1,3,4,1,1,0,0,4,0,-2.5,-5,8.5
Iman Shumpert,28,6,2015-12-26,25,CLE,A,POR,-29,0,24:57,2,8,0.25,1,4,0.25,0,0,NA,0,4,4,2,1,0,3,1,5,0.4,-13,14
Iman Shumpert,29,7,2015-12-28,25,CLE,A,PHO,4,0,21:28,2,3,0.667,1,2,0.5,0,0,NA,1,2,3,1,0,0,3,4,5,1.1,-7,9.3
Iman Shumpert,30,8,2015-12-29,25,CLE,A,DEN,6,0,31:04,7,13,0.538,2,5,0.4,0,0,NA,1,2,3,2,2,0,0,1,16,14,-1,27.8
Iman Shumpert,31,9,2016-01-02,25,CLE,H,ORL,25,0,21:27,1,3,0.333,1,2,0.5,0,0,NA,0,2,2,1,0,0,0,2,3,1.8,21,7.5
Iman Shumpert,32,10,2016-01-04,25,CLE,H,TOR,22,0,30:11,2,5,0.4,1,3,0.333,0,0,NA,0,3,3,3,1,0,2,4,5,2.7,18,14.8
Iman Shumpert,33,11,2016-01-06,25,CLE,A,WAS,6,0,29:49,2,4,0.5,1,3,0.333,0,0,NA,1,5,6,3,1,0,0,1,5,7.9,19,19.5
Iman Shumpert,34,12,2016-01-08,25,CLE,A,MIN,26,0,28:54,9,19,0.474,3,6,0.5,2,2,1,0,3,3,1,4,0,0,1,23,18.5,12,37.8
Iman Shumpert,35,13,2016-01-10,25,CLE,A,PHI,10,0,16:44,1,5,0.2,0,2,0,0,0,NA,0,2,2,0,0,1,0,0,2,0.2,-5,6.5
Iman Shumpert,36,14,2016-01-12,25,CLE,A,DAL,3,0,23:17,4,11,0.364,2,7,0.286,0,0,NA,0,2,2,2,3,1,2,4,10,6,-5,23.5
Iman Shumpert,37,15,2016-01-14,25,CLE,A,SAS,-4,0,18:46,3,3,1,1,1,1,0,0,NA,0,1,1,1,2,0,2,1,7,6.7,-13,13.3
Iman Shumpert,38,16,2016-01-15,25,CLE,A,HOU,14,0,27:32,1,7,0.143,0,3,0,0,0,NA,2,1,3,3,2,1,1,2,2,2.2,7,15.8
Iman Shumpert,39,17,2016-01-18,25,CLE,H,GSW,-34,0,29:07,4,6,0.667,0,1,0,2,3,0.667,0,2,2,0,0,0,3,6,10,2.2,-16,11
Iman Shumpert,40,18,2016-01-20,25,CLE,A,BRK,13,0,29:58,2,7,0.286,1,3,0.333,1,2,0.5,1,2,3,1,2,2,1,0,6,5.9,15,19.3
Iman Shumpert,41,19,2016-01-21,25,CLE,H,LAC,13,0,20:30,3,6,0.5,1,3,0.333,0,0,NA,1,1,2,1,0,0,1,4,7,3.1,-7,11
Iman Shumpert,42,20,2016-01-23,25,CLE,H,CHI,-13,0,22:26,1,6,0.167,0,3,0,0,0,NA,1,2,3,1,0,0,1,2,2,-1.6,-9,6.8
Iman Shumpert,43,21,2016-01-25,25,CLE,H,MIN,7,0,22:47,3,7,0.429,2,3,0.667,1,1,1,0,3,3,2,0,1,1,3,9,6.1,4,18.3
Iman Shumpert,44,22,2016-01-27,25,CLE,H,PHO,22,0,27:06,2,4,0.5,1,2,0.5,0,0,NA,0,3,3,3,2,0,3,0,5,5,8,16.3
Iman Shumpert,45,23,2016-01-29,25,CLE,A,DET,8,0,15:18,1,2,0.5,1,2,0.5,0,0,NA,0,1,1,0,0,0,1,3,3,0.1,-1,4.3
Iman Shumpert,46,24,2016-01-30,25,CLE,H,SAS,14,0,27:41,1,3,0.333,0,2,0,0,0,NA,0,5,5,2,0,0,0,2,2,2.4,9,11.3
Iman Shumpert,47,25,2016-02-01,25,CLE,A,IND,5,0,22:05,1,2,0.5,0,0,NA,2,2,1,1,3,4,2,0,0,1,0,4,5,2,11.5
Iman Shumpert,48,26,2016-02-03,25,CLE,A,CHO,-9,0,22:23,1,4,0.25,1,2,0.5,1,2,0.5,0,1,1,2,1,0,3,2,4,0.1,-1,9.3
Iman Shumpert,49,27,2016-02-05,25,CLE,H,BOS,-1,0,34:34,1,6,0.167,1,5,0.2,1,2,0.5,3,5,8,3,5,1,1,4,4,8.6,5,30.5
Iman Shumpert,50,28,2016-02-06,25,CLE,H,NOP,15,0,23:06,2,7,0.286,1,6,0.167,0,0,NA,0,4,4,1,0,2,2,1,5,1.8,11,15
Iman Shumpert,51,29,2016-02-08,25,CLE,H,SAC,20,0,24:44,3,7,0.429,0,0,NA,0,1,0,2,9,11,1,0,0,2,4,6,3.1,7,20.3
Iman Shumpert,52,30,2016-02-10,25,CLE,H,LAL,9,0,18:27,2,6,0.333,0,2,0,0,0,NA,0,4,4,0,1,0,2,4,4,-0.8,-4,10
Iman Shumpert,53,31,2016-02-18,25,CLE,H,CHI,11,0,25:33,2,6,0.333,1,2,0.5,0,0,NA,1,6,7,1,2,0,2,3,5,3.6,3,18.8
Iman Shumpert,57,32,2016-02-26,25,CLE,A,TOR,-2,0,22:05,1,2,0.5,0,0,NA,0,0,NA,0,3,3,3,0,0,1,5,2,1,-12,9.8
Iman Shumpert,58,33,2016-02-28,25,CLE,A,WAS,-14,0,34:18,4,12,0.333,1,6,0.167,3,4,0.75,1,4,5,3,3,0,1,3,12,9.6,-8,28.8
Iman Shumpert,59,34,2016-02-29,25,CLE,H,IND,4,0,16:52,0,6,0,0,3,0,0,0,NA,0,0,0,1,0,0,0,2,0,-4.3,-4,1.5
Iman Shumpert,60,35,2016-03-04,25,CLE,H,WAS,25,1,30:25,0,3,0,0,2,0,2,2,1,0,3,3,3,1,1,1,2,2,2.8,25,13.8
Iman Shumpert,61,36,2016-03-05,25,CLE,H,BOS,17,0,34:42,4,8,0.5,2,4,0.5,2,2,1,6,10,16,4,2,0,2,5,12,16,26,43.5
Iman Shumpert,62,37,2016-03-07,25,CLE,H,MEM,-3,0,21:34,3,5,0.6,1,2,0.5,2,2,1,0,4,4,1,2,0,0,1,9,10.2,3,20
Iman Shumpert,63,38,2016-03-09,25,CLE,A,SAC,9,0,18:39,1,4,0.25,1,3,0.333,1,2,0.5,0,5,5,2,0,0,0,2,4,3.3,6,13.8
Iman Shumpert,64,39,2016-03-10,25,CLE,A,LAL,12,0,25:46,1,4,0.25,0,2,0,0,0,NA,0,5,5,1,0,0,1,4,2,-0.8,3,9.3
Iman Shumpert,65,40,2016-03-13,25,CLE,A,LAC,24,0,26:30,2,4,0.5,0,2,0,0,0,NA,1,6,7,1,0,0,0,1,4,4.8,17,14.3
Iman Shumpert,66,41,2016-03-14,25,CLE,A,UTA,-9,0,18:32,1,3,0.333,1,2,0.5,0,0,NA,0,1,1,2,1,0,0,0,3,4,0,9.8
Iman Shumpert,67,42,2016-03-16,25,CLE,H,DAL,1,1,31:40,1,2,0.5,0,0,NA,0,0,NA,2,2,4,5,3,1,2,3,2,7,-5,21.5
Iman Shumpert,68,43,2016-03-18,25,CLE,A,ORL,6,0,22:20,3,6,0.5,2,5,0.4,0,0,NA,1,2,3,2,1,0,1,1,8,7.3,12,17.3
Iman Shumpert,69,44,2016-03-19,25,CLE,A,MIA,-21,1,22:18,1,4,0.25,0,2,0,2,2,1,1,2,3,4,0,0,0,2,4,4.9,-10,13.8
Iman Shumpert,70,45,2016-03-21,25,CLE,H,DEN,33,0,23:08,2,4,0.5,1,2,0.5,0,0,NA,0,4,4,4,1,1,1,3,5,6.5,10,20
Iman Shumpert,71,46,2016-03-23,25,CLE,H,MIL,9,0,14:15,1,4,0.25,1,3,0.333,2,2,1,0,2,2,0,1,1,0,1,5,4.5,1,12
Iman Shumpert,72,47,2016-03-24,25,CLE,A,BRK,-9,0,16:25,1,3,0.333,1,3,0.333,0,0,NA,1,4,5,0,0,0,0,2,3,2.4,-8,9.8
Iman Shumpert,73,48,2016-03-26,25,CLE,A,NYK,14,0,21:18,1,3,0.333,0,1,0,0,0,NA,0,2,2,1,1,1,1,2,2,1.5,-8,9.5
Iman Shumpert,74,49,2016-03-29,25,CLE,H,HOU,-6,1,34:41,4,14,0.286,2,6,0.333,1,2,0.5,1,2,3,2,1,2,1,4,11,4.9,-6,24.3
Iman Shumpert,75,50,2016-03-31,25,CLE,H,BRK,20,0,19:45,1,4,0.25,0,2,0,4,5,0.8,0,8,8,2,1,0,1,1,6,6.6,20,20.5
Iman Shumpert,76,51,2016-04-01,25,CLE,A,ATL,2,0,28:52,4,10,0.4,1,3,0.333,2,2,1,0,5,5,0,2,0,0,1,11,8.7,-3,21.8
Iman Shumpert,77,52,2016-04-03,25,CLE,H,CHO,9,0,31:50,4,6,0.667,0,1,0,0,0,NA,1,1,2,3,1,0,1,1,8,8.1,13,16.5
Iman Shumpert,78,53,2016-04-05,25,CLE,A,MIL,29,0,15:52,1,1,1,0,0,NA,0,0,NA,0,3,3,1,0,0,3,1,2,-0.1,10,5.8
Iman Shumpert,79,54,2016-04-06,25,CLE,A,IND,-14,1,35:00,0,4,0,0,3,0,4,4,1,0,3,3,1,1,0,2,4,4,0.2,5,10.3
Jordan McRae,9,8,2016-02-28,24,CLE,A,WAS,-14,0,6:59,2,4,0.5,1,2,0.5,3,3,1,0,1,1,0,0,0,0,0,8,6.3,15,NA
Jordan McRae,11,9,2016-03-04,24,CLE,H,WAS,25,0,5:50,2,4,0.5,1,2,0.5,0,0,NA,0,0,0,0,0,0,1,1,5,1.6,-2,5
Jordan McRae,12,10,2016-03-05,24,CLE,H,BOS,17,0,1:26,0,0,NA,0,0,NA,0,0,NA,0,0,0,0,0,0,0,0,0,0,2,0
Jordan McRae,15,11,2016-03-10,24,CLE,A,LAL,12,0,1:25,1,1,1,0,0,NA,0,0,NA,0,0,0,0,0,0,0,0,2,1.7,0,2
Jordan McRae,16,12,2016-03-13,24,CLE,A,LAC,24,0,3:17,0,1,0,0,0,NA,0,0,NA,0,1,1,1,0,1,0,1,0,0.6,1,4.8
Jordan McRae,20,13,2016-03-19,24,CLE,A,MIA,-21,0,15:48,0,3,0,0,0,NA,1,2,0.5,0,3,3,2,0,0,2,1,1,-1.6,8,6.8
Jordan McRae,21,14,2016-03-21,24,CLE,H,DEN,33,0,5:18,1,1,1,1,1,1,0,0,NA,0,0,0,2,0,0,1,0,3,3.1,5,6
Jordan McRae,22,15,2016-03-23,24,CLE,H,MIL,9,0,0:12,0,0,NA,0,0,NA,0,0,NA,0,0,0,0,0,0,0,0,0,0,-2,0
Jordan McRae,23,16,2016-03-24,24,CLE,A,BRK,-9,0,0:23,1,1,1,1,1,1,0,0,NA,0,0,0,0,0,0,0,0,3,2.7,3,3.5
Jordan McRae,24,17,2016-03-26,24,CLE,A,NYK,14,0,1:14,0,1,0,0,0,NA,0,0,NA,0,0,0,0,0,0,0,0,0,-0.7,0,0
Jordan McRae,26,18,2016-03-31,25,CLE,H,BRK,20,0,6:44,0,3,0,0,0,NA,0,0,NA,0,0,0,0,0,0,0,2,0,-2.9,-7,0
Jordan McRae,29,19,2016-04-05,25,CLE,A,MIL,29,0,5:41,1,1,1,0,0,NA,0,0,NA,0,0,0,1,0,0,0,0,2,2.4,1,3.5
Jordan McRae,30,20,2016-04-06,25,CLE,A,IND,-14,0,5:08,0,0,NA,0,0,NA,0,0,NA,0,0,0,1,0,0,0,0,0,0.7,4,1.5
Jordan McRae,32,21,2016-04-11,25,CLE,H,ATL,15,0,6:58,1,3,0.333,0,0,NA,0,0,NA,1,2,3,1,0,0,0,0,2,2.3,0,7.3
Jordan McRae,33,22,2016-04-13,25,CLE,H,DET,-2,1,47:06,14,29,0.483,3,5,0.6,5,8,0.625,1,3,4,7,0,0,5,5,36,19.6,3,50.5
Channing Frye,53,45,2016-02-22,32,CLE,H,DET,-8,0,9:08,1,3,0.333,0,2,0,0,0,NA,0,4,4,1,0,0,1,2,2,0.4,-1,8
Channing Frye,54,46,2016-02-24,32,CLE,H,CHO,11,0,17:35,5,9,0.556,4,8,0.5,1,2,0.5,0,6,6,1,1,0,0,2,15,13,2,28
Channing Frye,55,47,2016-02-26,32,CLE,A,TOR,-2,0,12:09,1,4,0.25,1,2,0.5,0,0,NA,1,2,3,0,1,0,0,3,3,1.7,1,9.3
Channing Frye,56,48,2016-02-28,32,CLE,A,WAS,-14,0,24:27,0,5,0,0,4,0,0,0,NA,0,6,6,2,0,0,0,5,0,-2.3,0,10.5
Channing Frye,58,49,2016-03-04,32,CLE,H,WAS,25,0,5:44,1,2,0.5,1,2,0.5,0,0,NA,0,2,2,0,0,0,0,1,3,2.2,-2,6
Channing Frye,60,50,2016-03-07,32,CLE,H,MEM,-3,0,4:56,1,2,0.5,0,1,0,0,0,NA,1,1,2,2,0,1,1,1,2,2.7,4,9
Channing Frye,61,51,2016-03-09,32,CLE,A,SAC,9,0,10:03,1,3,0.333,1,3,0.333,0,0,NA,0,2,2,0,0,0,0,1,3,1.5,-6,6
Channing Frye,62,52,2016-03-10,32,CLE,A,LAL,12,1,24:25,8,10,0.8,5,7,0.714,0,0,NA,1,6,7,1,1,0,0,3,21,20.2,23,35.8
Channing Frye,63,53,2016-03-13,32,CLE,A,LAC,24,0,20:11,5,8,0.625,5,7,0.714,0,0,NA,0,5,5,2,0,0,1,3,15,12.1,22,26.3
Channing Frye,64,54,2016-03-14,32,CLE,A,UTA,-9,0,18:55,3,6,0.5,1,3,0.333,0,0,NA,0,4,4,2,0,2,0,3,7,6.8,0,19.5
Channing Frye,65,55,2016-03-16,32,CLE,H,DAL,1,0,18:05,5,7,0.714,3,5,0.6,1,1,1,1,2,3,0,1,0,1,2,14,11.6,1,20.8
Channing Frye,66,56,2016-03-18,32,CLE,A,ORL,6,0,20:52,5,8,0.625,4,6,0.667,0,0,NA,0,1,1,2,0,1,0,3,14,11.6,9,22.3
Channing Frye,67,57,2016-03-19,32,CLE,A,MIA,-21,0,15:57,1,2,0.5,1,2,0.5,0,0,NA,0,4,4,0,0,0,1,2,3,1.4,-6,8
Channing Frye,68,58,2016-03-21,32,CLE,H,DEN,33,1,25:06,5,9,0.556,3,7,0.429,1,2,0.5,0,3,3,2,0,1,0,2,14,11.5,20,24.3
Channing Frye,69,59,2016-03-23,32,CLE,H,MIL,9,0,13:25,0,5,0,0,5,0,0,0,NA,0,0,0,1,0,1,0,2,0,-2.9,-3,3.5
Channing Frye,70,60,2016-03-24,32,CLE,A,BRK,-9,0,14:29,1,7,0.143,1,6,0.167,2,2,1,1,1,2,1,0,0,0,1,5,1.8,2,9.5
Channing Frye,71,61,2016-03-26,32,CLE,A,NYK,14,0,13:33,3,7,0.429,0,3,0,0,0,NA,2,2,4,1,1,0,1,3,6,3.8,1,14
Channing Frye,72,62,2016-03-29,32,CLE,H,HOU,-6,0,10:26,0,3,0,0,3,0,0,0,NA,1,0,1,0,0,0,0,2,0,-2.2,-5,1.3
Channing Frye,73,63,2016-03-31,32,CLE,H,BRK,20,0,23:07,5,10,0.5,3,6,0.5,0,0,NA,2,6,8,2,0,0,1,2,13,10.8,0,27
Channing Frye,74,64,2016-04-01,32,CLE,A,ATL,2,0,13:18,2,6,0.333,1,4,0.25,1,2,0.5,0,1,1,0,0,0,1,1,6,1.1,1,7.3
Channing Frye,75,65,2016-04-03,32,CLE,H,CHO,9,0,15:20,1,7,0.143,1,5,0.2,0,0,NA,0,7,7,1,0,0,2,2,3,-1.5,12,12.8
Channing Frye,76,66,2016-04-05,32,CLE,A,MIL,29,0,22:32,5,12,0.417,2,6,0.333,0,0,NA,0,6,6,1,1,1,1,2,12,8,12,25.5
Channing Frye,77,67,2016-04-06,32,CLE,A,IND,-14,0,20:37,2,5,0.4,2,5,0.4,4,4,1,1,2,3,0,1,0,0,3,10,8.4,-14,16.8
Channing Frye,78,68,2016-04-09,32,CLE,A,CHI,-3,0,14:49,2,6,0.333,2,5,0.4,0,0,NA,0,1,1,0,0,0,0,2,6,2.1,-14,8.3
Channing Frye,79,69,2016-04-11,32,CLE,H,ATL,15,0,15:32,2,5,0.4,1,4,0.25,0,0,NA,0,2,2,0,0,1,2,2,5,0.8,-2,9
Channing Frye,80,70,2016-04-13,32,CLE,H,DET,-2,1,41:04,6,10,0.6,1,3,0.333,1,1,1,1,5,6,4,1,0,0,1,14,15,-5,30
Matthew Dellavedova,1,1,2015-10-27,25,CLE,A,CHI,-2,0,20:12,3,8,0.375,0,2,0,0,0,NA,1,3,4,4,0,0,1,1,6,4.6,1,16.5
Matthew Dellavedova,2,2,2015-10-28,25,CLE,A,MEM,30,0,17:59,5,9,0.556,2,4,0.5,0,0,NA,0,1,1,3,2,0,0,2,12,11.3,29,22.8
Matthew Dellavedova,3,3,2015-10-30,25,CLE,H,MIA,10,0,26:58,1,5,0.2,1,4,0.25,2,2,1,1,4,5,10,1,0,0,0,5,11.8,23,28.8
Matthew Dellavedova,4,4,2015-11-02,25,CLE,A,PHI,7,0,34:22,5,8,0.625,1,3,0.333,1,2,0.5,3,2,5,9,0,0,3,2,12,13.2,8,30.8
Matthew Dellavedova,5,5,2015-11-04,25,CLE,H,NYK,10,0,27:25,2,7,0.286,1,1,1,0,0,NA,1,2,3,7,0,0,3,2,5,3.3,13,18.3
Matthew Dellavedova,6,6,2015-11-06,25,CLE,H,PHI,6,0,25:54,4,11,0.364,1,2,0.5,2,2,1,0,1,1,1,1,0,2,4,11,3.3,-15,15.3
Matthew Dellavedova,7,7,2015-11-08,25,CLE,H,IND,4,0,32:35,2,3,0.667,1,2,0.5,0,0,NA,0,3,3,9,1,0,2,3,5,8.7,13,23.8
Matthew Dellavedova,8,8,2015-11-10,25,CLE,H,UTA,4,0,22:59,4,7,0.571,1,1,1,0,0,NA,0,1,1,3,2,0,0,3,9,8.9,-8,19.3
Matthew Dellavedova,9,9,2015-11-13,25,CLE,A,NYK,6,0,27:38,4,8,0.5,1,4,0.25,0,0,NA,0,4,4,0,0,0,0,2,9,5.4,13,14.5
Matthew Dellavedova,10,10,2015-11-14,25,CLE,A,MIL,-3,0,28:38,0,3,0,0,1,0,0,0,NA,0,2,2,7,2,0,4,2,0,0.6,-2,15
Matthew Dellavedova,11,11,2015-11-17,25,CLE,A,DET,-5,0,20:18,1,6,0.167,0,4,0,0,0,NA,0,0,0,5,0,0,1,2,2,-0.1,-3,9
Matthew Dellavedova,12,12,2015-11-19,25,CLE,H,MIL,15,1,38:30,2,6,0.333,1,4,0.25,2,3,0.667,0,1,1,13,0,0,3,2,7,8.8,16,26.8
Matthew Dellavedova,13,13,2015-11-21,25,CLE,H,ATL,12,1,28:06,4,6,0.667,1,1,1,3,3,1,0,2,2,3,1,0,0,5,12,11.1,27,21.5
Matthew Dellavedova,14,14,2015-11-23,25,CLE,H,ORL,14,1,23:51,5,8,0.625,4,6,0.667,1,1,1,0,0,0,9,1,0,0,1,15,18.3,15,32.5
Matthew Dellavedova,16,15,2015-11-27,25,CLE,A,CHO,5,0,33:29,2,7,0.286,1,4,0.25,2,2,1,0,1,1,5,0,1,0,3,7,6.2,11,18.3
Matthew Dellavedova,17,16,2015-11-28,25,CLE,H,BRK,2,0,25:23,1,5,0.2,1,2,0.5,0,0,NA,1,3,4,6,0,0,3,1,3,2.3,0,16
Matthew Dellavedova,18,17,2015-12-01,25,CLE,H,WAS,-12,0,27:26,5,9,0.556,3,3,1,2,2,1,0,2,2,1,2,1,0,3,15,13.5,1,26.5
Matthew Dellavedova,19,18,2015-12-04,25,CLE,A,NOP,-6,1,42:02,3,5,0.6,2,3,0.667,0,0,NA,0,2,2,4,1,0,3,3,8,5.9,6,18
Matthew Dellavedova,20,19,2015-12-05,25,CLE,A,MIA,-15,1,28:17,4,11,0.364,1,3,0.333,2,2,1,0,2,2,5,0,1,3,2,11,5.9,-15,22
Matthew Dellavedova,21,20,2015-12-08,25,CLE,H,POR,5,1,36:42,7,12,0.583,3,5,0.6,0,0,NA,0,3,3,3,1,0,1,4,17,12.8,4,28.3
Matthew Dellavedova,22,21,2015-12-11,25,CLE,A,ORL,35,1,24:08,5,7,0.714,2,3,0.667,0,0,NA,0,1,1,6,0,0,2,3,12,10.4,34,22.3
Matthew Dellavedova,23,22,2015-12-15,25,CLE,A,BOS,12,1,27:30,1,6,0.167,0,2,0,0,0,NA,0,1,1,4,1,0,1,4,2,-0.3,13,10.8
Matthew Dellavedova,24,23,2015-12-17,25,CLE,H,OKC,4,1,38:45,3,10,0.3,3,6,0.5,2,2,1,2,3,5,10,0,0,1,3,11,12.3,1,34.8
Matthew Dellavedova,25,24,2015-12-20,25,CLE,H,PHI,22,0,22:48,7,10,0.7,4,6,0.667,2,2,1,0,0,0,2,2,2,4,1,20,16.2,13,31
Matthew Dellavedova,26,25,2015-12-23,25,CLE,H,NYK,7,0,30:50,3,8,0.375,1,4,0.25,0,0,NA,0,0,0,7,1,0,1,2,7,6.7,9,19.5
Matthew Dellavedova,27,26,2015-12-25,25,CLE,A,GSW,-6,0,30:31,4,11,0.364,0,3,0,2,3,0.667,2,3,5,1,1,0,1,4,10,4.9,-12,19.3
Matthew Dellavedova,28,27,2015-12-26,25,CLE,A,POR,-29,1,25:35,4,8,0.5,2,4,0.5,0,0,NA,0,1,1,6,0,0,1,2,10,8.7,-16,20.8
Matthew Dellavedova,29,28,2015-12-28,25,CLE,A,PHO,4,0,24:01,2,4,0.5,2,2,1,2,2,1,0,1,1,5,1,0,4,1,8,6.4,-6,17.8
Matthew Dellavedova,30,29,2015-12-29,25,CLE,A,DEN,6,1,29:15,1,5,0.2,0,1,0,2,2,1,1,6,7,5,2,0,2,2,4,6.1,16,23.3
Matthew Dellavedova,31,30,2016-01-02,25,CLE,H,ORL,25,0,18:46,1,6,0.167,1,5,0.2,0,0,NA,0,3,3,6,0,0,1,1,3,2.9,11,15.8
Matthew Dellavedova,32,31,2016-01-04,25,CLE,H,TOR,22,0,24:46,3,4,0.75,2,3,0.667,3,3,1,0,3,3,4,0,0,3,2,11,9.3,6,20.3
Matthew Dellavedova,33,32,2016-01-06,25,CLE,A,WAS,6,0,28:15,1,5,0.2,1,2,0.5,0,0,NA,3,1,4,4,0,0,1,2,3,3.3,1,14
Matthew Dellavedova,34,33,2016-01-08,25,CLE,A,MIN,26,0,23:38,4,5,0.8,2,3,0.667,0,0,NA,0,0,0,2,0,0,0,1,10,9.1,24,14
Matthew Dellavedova,35,34,2016-01-10,25,CLE,A,PHI,10,0,24:49,2,8,0.25,0,2,0,0,0,NA,0,4,4,2,2,0,2,2,4,1,-3,15
Matthew Dellavedova,36,35,2016-01-12,25,CLE,A,DAL,3,0,27:28,4,11,0.364,4,7,0.571,0,0,NA,2,0,2,5,1,0,0,4,12,10.2,21,26
Matthew Dellavedova,37,36,2016-01-14,25,CLE,A,SAS,-4,0,19:32,2,8,0.25,1,4,0.25,0,0,NA,1,1,2,3,0,0,2,3,5,0.1,-2,11.5
Matthew Dellavedova,38,37,2016-01-15,25,CLE,A,HOU,14,0,22:56,1,6,0.167,0,2,0,1,2,0.5,3,2,5,3,3,0,2,3,3,3.4,9,18.8
Matthew Dellavedova,39,38,2016-01-18,25,CLE,H,GSW,-34,0,27:49,4,8,0.5,3,4,0.75,0,0,NA,0,1,1,6,0,0,1,0,11,10.5,-13,22.3
Matthew Dellavedova,40,39,2016-01-20,25,CLE,A,BRK,13,0,20:11,3,3,1,0,0,NA,2,2,1,0,3,3,3,0,0,0,2,8,9.3,15,16.3
Matthew Dellavedova,41,40,2016-01-21,25,CLE,H,LAC,13,0,27:29,3,8,0.375,0,4,0,0,0,NA,1,2,3,6,1,0,3,2,6,4.3,-8,19.3
Matthew Dellavedova,42,41,2016-01-23,25,CLE,H,CHI,-13,0,22:39,2,5,0.4,1,2,0.5,0,0,NA,0,1,1,1,0,0,0,2,5,2.5,-16,8.3
Matthew Dellavedova,43,42,2016-01-25,25,CLE,H,MIN,7,0,25:08,6,12,0.5,4,8,0.5,2,2,1,1,3,4,7,1,0,2,2,18,16.7,16,36.5
Matthew Dellavedova,44,43,2016-01-27,25,CLE,H,PHO,22,0,19:24,1,6,0.167,1,5,0.2,0,0,NA,1,2,3,7,0,0,1,3,3,3.2,17,17.3
Matthew Dellavedova,45,44,2016-01-29,25,CLE,A,DET,8,0,20:56,1,4,0.25,1,1,1,2,2,1,2,1,3,4,1,0,1,3,5,5.9,-9,16.8
Matthew Dellavedova,46,45,2016-01-30,25,CLE,H,SAS,14,0,24:26,6,10,0.6,3,5,0.6,0,0,NA,1,4,5,3,0,0,2,3,15,11.2,9,26.3
Matthew Dellavedova,47,46,2016-02-01,25,CLE,A,IND,5,0,12:07,0,4,0,0,1,0,0,0,NA,0,1,1,4,2,0,4,2,0,-2.5,10,9.3
Matthew Dellavedova,53,47,2016-02-18,25,CLE,H,CHI,11,0,16:34,2,7,0.286,1,3,0.333,2,2,1,1,0,1,1,0,0,2,2,7,1.5,-2,9.3
Matthew Dellavedova,54,48,2016-02-21,25,CLE,A,OKC,23,0,29:07,1,3,0.333,0,1,0,0,0,NA,0,1,1,7,0,0,3,2,2,1.7,10,12.3
Matthew Dellavedova,55,49,2016-02-22,25,CLE,H,DET,-8,0,29:20,3,8,0.375,1,2,0.5,0,0,NA,0,1,1,3,2,0,2,5,7,3,2,16.3
Matthew Dellavedova,56,50,2016-02-24,25,CLE,H,CHO,11,0,26:20,3,8,0.375,3,6,0.5,1,1,1,0,1,1,7,1,0,2,1,10,9.4,13,24.3
Matthew Dellavedova,57,51,2016-02-26,25,CLE,A,TOR,-2,0,21:08,3,5,0.6,2,3,0.667,0,0,NA,0,0,0,3,0,0,3,3,8,3.6,-1,12
Matthew Dellavedova,58,52,2016-02-28,25,CLE,A,WAS,-14,0,20:53,3,7,0.429,2,5,0.4,1,2,0.5,0,0,0,4,1,0,1,3,9,6.5,-19,17.5
Matthew Dellavedova,59,53,2016-02-29,25,CLE,H,IND,4,0,21:34,2,6,0.333,2,5,0.4,0,0,NA,0,0,0,5,0,0,1,1,6,4.7,1,14
Matthew Dellavedova,60,54,2016-03-04,25,CLE,H,WAS,25,0,21:17,5,10,0.5,2,3,0.667,0,0,NA,0,3,3,1,1,0,2,3,12,6.4,14,19.3
Matthew Dellavedova,61,55,2016-03-05,25,CLE,H,BOS,17,0,28:05,4,6,0.667,0,2,0,2,3,0.667,0,0,0,4,2,1,0,3,10,11.3,26,22
Matthew Dellavedova,62,56,2016-03-07,25,CLE,H,MEM,-3,0,26:10,1,6,0.167,0,3,0,0,0,NA,0,2,2,3,0,0,4,4,2,-4.7,-6,7
Matthew Dellavedova,63,57,2016-03-09,25,CLE,A,SAC,9,0,24:36,2,6,0.333,2,4,0.5,1,1,1,0,0,0,1,0,0,0,2,7,3.5,1,9.5
Matthew Dellavedova,64,58,2016-03-10,25,CLE,A,LAL,12,0,16:35,4,9,0.444,3,5,0.6,0,0,NA,0,1,1,1,0,0,1,3,11,5.1,-1,14.8
Matthew Dellavedova,65,59,2016-03-13,25,CLE,A,LAC,24,0,22:46,2,5,0.4,2,2,1,1,2,0.5,0,2,2,4,0,0,1,3,7,5.1,25,16
Matthew Dellavedova,66,60,2016-03-14,25,CLE,A,UTA,-9,0,23:22,2,6,0.333,1,5,0.2,0,0,NA,0,2,2,5,0,0,0,1,5,5.3,2,15.5
Matthew Dellavedova,67,61,2016-03-16,25,CLE,H,DAL,1,0,22:44,4,8,0.5,0,4,0,0,1,0,0,1,1,7,1,0,3,0,8,6.8,5,20.3
Matthew Dellavedova,68,62,2016-03-18,25,CLE,A,ORL,6,0,20:43,0,2,0,0,1,0,1,2,0.5,0,4,4,1,0,0,2,2,1,-1.7,6,6.5
Matthew Dellavedova,69,63,2016-03-19,25,CLE,A,MIA,-21,0,24:37,4,12,0.333,2,3,0.667,0,0,NA,0,1,1,3,0,0,2,2,10,2.8,-24,15.8
Matthew Dellavedova,70,64,2016-03-21,25,CLE,H,DEN,33,0,22:31,3,7,0.429,3,5,0.6,1,1,1,0,3,3,7,0,0,0,2,10,11.3,20,25.8
Matthew Dellavedova,71,65,2016-03-23,25,CLE,H,MIL,9,0,17:35,1,3,0.333,0,1,0,4,4,1,0,0,0,2,0,0,2,3,6,2.5,4,8
Matthew Dellavedova,72,66,2016-03-24,25,CLE,A,BRK,-9,0,16:14,1,3,0.333,1,2,0.5,0,0,NA,0,2,2,4,0,1,3,2,3,1.6,-1,12.5
Matthew Dellavedova,73,67,2016-03-26,25,CLE,A,NYK,14,1,30:36,3,8,0.375,3,6,0.5,1,1,1,0,4,4,2,0,0,2,3,10,5,5,18.5
Matthew Dellavedova,74,68,2016-03-29,25,CLE,H,HOU,-6,0,20:13,2,7,0.286,0,3,0,0,0,NA,0,2,2,8,0,0,0,2,4,5.3,-7,18.5
Matthew Dellavedova,75,69,2016-03-31,25,CLE,H,BRK,20,0,16:33,0,6,0,0,3,0,0,0,NA,0,0,0,5,0,1,0,4,0,-1.6,7,9.5
Matthew Dellavedova,76,70,2016-04-01,25,CLE,A,ATL,2,0,18:29,2,4,0.5,0,1,0,2,2,1,0,2,2,2,0,1,3,5,6,1.7,13,12
Matthew Dellavedova,77,71,2016-04-03,25,CLE,H,CHO,9,1,30:59,2,7,0.286,2,3,0.667,0,0,NA,1,4,5,9,0,0,3,4,6,5.5,1,25.3
Matthew Dellavedova,78,72,2016-04-05,25,CLE,A,MIL,29,0,11:11,0,1,0,0,0,NA,2,2,1,0,0,0,3,1,0,1,2,2,2.6,13,8
Matthew Dellavedova,79,73,2016-04-06,25,CLE,A,IND,-14,0,21:29,2,6,0.333,0,1,0,0,0,NA,3,0,3,4,0,0,1,1,4,4.1,-9,13.3
Matthew Dellavedova,80,74,2016-04-09,25,CLE,A,CHI,-3,0,26:42,1,6,0.167,1,5,0.2,0,0,NA,0,2,2,3,1,0,1,2,3,1.1,-10,12
Matthew Dellavedova,81,75,2016-04-11,25,CLE,H,ATL,15,0,20:22,4,8,0.5,1,3,0.333,1,1,1,0,1,1,3,0,0,0,2,10,7.6,13,16.3
Matthew Dellavedova,82,76,2016-04-13,25,CLE,H,DET,-2,1,6:09,3,5,0.6,0,1,0,0,0,NA,1,3,4,2,0,0,0,0,6,6.7,3,14
Sasha Kaun,2,1,2015-10-28,30,CLE,A,MEM,30,0,5:59,0,0,NA,0,0,NA,0,0,NA,1,0,1,1,1,1,1,3,0,0.9,1,6.3
Sasha Kaun,3,2,2015-10-30,30,CLE,H,MIA,10,0,1:28,0,0,NA,0,0,NA,0,0,NA,0,0,0,0,0,0,0,1,0,-0.4,-4,0
Sasha Kaun,13,3,2015-11-21,30,CLE,H,ATL,12,0,1:41,0,0,NA,0,0,NA,0,0,NA,0,0,0,0,0,0,0,0,0,0,-4,0
Sasha Kaun,14,4,2015-11-23,30,CLE,H,ORL,14,0,1:03,0,0,NA,0,0,NA,0,0,NA,1,0,1,0,0,0,0,0,0,0.7,-1,1.3
Sasha Kaun,20,5,2015-12-05,30,CLE,A,MIA,-15,0,8:27,1,2,0.5,0,0,NA,2,2,1,2,1,3,0,0,0,1,1,4,3.3,10,7.3
Sasha Kaun,22,6,2015-12-11,30,CLE,A,ORL,35,0,6:05,0,0,NA,0,0,NA,0,0,NA,0,0,0,0,1,0,1,0,0,0,5,1.5
Sasha Kaun,25,7,2015-12-20,30,CLE,H,PHI,22,0,5:56,2,3,0.667,0,0,NA,0,0,NA,2,0,2,0,0,0,1,1,4,2.7,-11,6
Sasha Kaun,28,8,2015-12-26,30,CLE,A,POR,-29,0,5:58,0,0,NA,0,0,NA,0,0,NA,1,1,2,1,0,1,2,0,0,0.4,-1,5
Sasha Kaun,38,9,2016-01-15,30,CLE,A,HOU,14,0,2:09,0,0,NA,0,0,NA,0,2,0,1,0,1,0,0,0,0,0,0,-0.1,-4,1.3
Sasha Kaun,51,10,2016-02-08,30,CLE,H,SAC,20,0,3:02,0,0,NA,0,0,NA,1,2,0.5,0,1,1,0,0,0,0,1,1,0.5,-4,2.3
Sasha Kaun,53,11,2016-02-18,30,CLE,H,CHI,11,0,2:35,0,0,NA,0,0,NA,0,0,NA,0,0,0,0,0,0,0,1,0,-0.4,-7,0
Sasha Kaun,54,12,2016-02-21,30,CLE,A,OKC,23,0,2:39,0,0,NA,0,0,NA,0,0,NA,0,0,0,0,0,0,0,2,0,-0.8,2,0
Sasha Kaun,55,13,2016-02-22,30,CLE,H,DET,-8,0,0:28,0,0,NA,0,0,NA,0,0,NA,0,0,0,0,0,0,0,0,0,0,2,0
Sasha Kaun,56,14,2016-02-24,30,CLE,H,CHO,11,0,0:10,0,0,NA,0,0,NA,0,0,NA,0,0,0,0,0,0,0,0,0,0,0,0
Sasha Kaun,60,15,2016-03-04,30,CLE,H,WAS,25,0,4:19,1,1,1,0,0,NA,0,1,0,1,2,3,0,0,1,0,1,2,2.9,-3,7.8
Sasha Kaun,61,16,2016-03-05,30,CLE,H,BOS,17,0,1:26,1,1,1,0,0,NA,0,0,NA,0,0,0,0,0,0,0,0,2,1.7,2,2
Sasha Kaun,64,17,2016-03-10,30,CLE,A,LAL,12,0,0:57,0,0,NA,0,0,NA,0,0,NA,0,0,0,0,0,0,0,0,0,0,-2,0
Sasha Kaun,65,18,2016-03-13,30,CLE,A,LAC,24,0,2:08,0,1,0,0,0,NA,0,0,NA,1,1,2,0,0,0,1,0,0,-0.7,-1,2
Sasha Kaun,66,18,2016-03-14,30,CLE,A,UTA,-9,0,0:00,0,0,NA,0,0,NA,1,2,0.5,0,0,0,0,0,0,0,0,1,0.6,0,NA
Sasha Kaun,69,19,2016-03-19,30,CLE,A,MIA,-21,0,2:40,0,0,NA,0,0,NA,1,2,0.5,0,0,0,0,0,0,0,0,1,0.6,2,1
Sasha Kaun,70,20,2016-03-21,30,CLE,H,DEN,33,0,5:18,2,2,1,0,0,NA,0,0,NA,0,2,2,1,1,0,0,0,4,5.7,5,10
Sasha Kaun,73,21,2016-03-26,30,CLE,A,NYK,14,0,1:14,0,0,NA,0,0,NA,0,0,NA,0,0,0,0,0,0,0,0,0,0,0,0
Sasha Kaun,79,22,2016-04-06,30,CLE,A,IND,-14,0,5:08,1,1,1,0,0,NA,0,0,NA,0,3,3,0,0,0,0,0,2,2.6,4,5.8
Sasha Kaun,81,23,2016-04-11,30,CLE,H,ATL,15,0,1:34,0,0,NA,0,0,NA,0,0,NA,0,0,0,0,0,0,0,0,0,0,0,0
Sasha Kaun,82,24,2016-04-13,30,CLE,H,DET,-2,0,23:01,1,6,0.167,0,0,NA,0,0,NA,2,3,5,0,1,2,0,0,2,2.9,5,14.3
