Randy Foye,1,1,2015-10-28,32,DEN,A,HOU,20,0,18:00,1,6,0.167,1,6,0.167,0,0,NA,0,4,4,2,2,0,1,1,3,2.4,-5,15
Randy Foye,2,2,2015-10-30,32,DEN,H,MIN,-17,0,8:22,0,2,0,0,2,0,0,0,NA,0,0,0,0,0,0,1,0,0,-2.4,-7,-0.5
Randy Foye,3,3,2015-11-01,32,DEN,A,OKC,-24,0,16:09,1,6,0.167,1,5,0.2,0,0,NA,0,0,0,1,0,0,0,0,3,-0.1,-1,5
Randy Foye,4,4,2015-11-03,32,DEN,A,LAL,11,0,16:09,3,7,0.429,0,3,0,0,0,NA,0,0,0,1,0,1,1,2,6,1.9,4,9
Randy Foye,5,5,2015-11-05,32,DEN,H,UTA,-12,0,17:28,3,9,0.333,3,8,0.375,2,2,1,0,2,2,1,0,0,0,0,11,7.2,-2,16.5
Randy Foye,6,6,2015-11-06,32,DEN,A,GSW,-15,0,18:25,0,5,0,0,2,0,0,0,NA,0,3,3,3,0,0,2,0,0,-2.5,-6,7.3
Randy Foye,7,7,2015-11-09,32,DEN,H,POR,4,0,19:40,4,6,0.667,3,4,0.75,2,2,1,0,1,1,3,0,0,2,1,13,10.4,8,19.3
Randy Foye,8,8,2015-11-11,32,DEN,H,MIL,1,0,17:06,2,5,0.4,0,2,0,0,0,NA,1,2,3,0,1,0,1,4,4,1,-4,9.3
Randy Foye,9,9,2015-11-13,32,DEN,H,HOU,9,0,25:41,3,6,0.5,1,4,0.25,2,4,0.5,0,1,1,3,2,0,0,1,9,9.2,0,19.3
Randy Foye,10,10,2015-11-14,32,DEN,A,PHO,-24,0,22:42,4,13,0.308,0,4,0,0,0,NA,0,0,0,3,0,1,0,2,8,2.5,-18,14.5
Randy Foye,11,11,2015-11-17,32,DEN,A,NOP,17,0,25:10,2,8,0.25,0,5,0,1,1,1,0,4,4,2,0,0,3,0,5,-0.2,1,11.5
Randy Foye,12,12,2015-11-18,32,DEN,A,SAS,-11,0,16:24,0,5,0,0,2,0,0,0,NA,0,0,0,1,0,0,2,2,0,-5.6,-5,0.5
Randy Foye,13,13,2015-11-20,32,DEN,H,PHO,-7,0,13:09,1,3,0.333,0,1,0,0,0,NA,1,0,1,0,0,0,0,3,2,-0.2,-13,3.3
Randy Foye,14,14,2015-11-22,32,DEN,H,GSW,-13,0,13:56,0,2,0,0,1,0,0,0,NA,0,0,0,1,1,0,0,1,0,-0.1,3,3.5
Randy Foye,15,15,2015-11-24,32,DEN,H,LAC,-17,0,12:34,1,4,0.25,1,3,0.333,0,0,NA,2,1,3,2,0,0,1,2,3,1.9,-6,9.8
Randy Foye,16,16,2015-11-27,32,DEN,H,SAS,-11,0,21:38,3,4,0.75,0,1,0,0,0,NA,0,1,1,3,2,0,2,0,6,6.8,12,14.8
Randy Foye,17,17,2015-11-28,32,DEN,A,DAL,-11,1,36:44,2,9,0.222,1,4,0.25,0,0,NA,1,0,1,3,0,0,1,2,5,0.5,-6,10.8
Randy Foye,18,18,2015-11-30,32,DEN,A,MIL,-18,1,24:07,1,7,0.143,1,3,0.333,2,2,1,3,4,7,1,0,1,3,1,5,1.8,-23,16.3
Randy Foye,19,19,2015-12-02,32,DEN,A,CHI,-9,1,21:04,1,5,0.2,1,3,0.333,2,2,1,0,1,1,4,1,2,0,2,5,6.6,6,18.8
Randy Foye,20,20,2015-12-03,32,DEN,A,TOR,1,1,36:15,3,9,0.333,1,4,0.25,5,5,1,0,2,2,4,0,0,4,2,12,5.5,-2,19
Randy Foye,21,21,2015-12-05,32,DEN,A,PHI,3,1,35:30,4,10,0.4,0,4,0,3,3,1,1,4,5,1,1,0,1,4,11,6.6,4,20.3
Randy Foye,22,22,2015-12-08,32,DEN,H,ORL,-11,1,17:16,2,3,0.667,1,2,0.5,0,0,NA,0,2,2,1,0,0,2,2,5,2.2,-18,8.5
Randy Foye,23,23,2015-12-11,32,DEN,H,MIN,3,0,3:03,0,2,0,0,1,0,0,0,NA,0,0,0,1,0,0,0,1,0,-1.1,-2,1.5
Randy Foye,24,24,2015-12-14,32,DEN,H,HOU,6,0,12:17,0,3,0,0,2,0,3,4,0.75,0,3,3,3,0,0,2,0,3,1.5,-1,10.3
Randy Foye,25,25,2015-12-15,32,DEN,A,MIN,12,0,25:06,7,9,0.778,5,6,0.833,0,0,NA,0,2,2,2,2,0,1,1,19,18.1,12,30.5
Randy Foye,26,26,2015-12-18,32,DEN,A,UTA,-9,0,14:40,0,1,0,0,1,0,0,0,NA,0,0,0,2,3,0,1,2,0,1.9,4,8.5
Randy Foye,27,27,2015-12-20,32,DEN,H,NOP,-5,0,21:08,6,10,0.6,5,7,0.714,0,0,NA,0,2,2,3,1,0,1,3,17,13.9,12,28
Randy Foye,28,28,2015-12-22,32,DEN,H,LAL,-4,0,29:16,4,12,0.333,1,3,0.333,0,0,NA,2,4,6,4,0,1,1,3,9,6.1,-7,24.5
Randy Foye,29,29,2015-12-23,32,DEN,A,PHO,8,1,40:19,12,27,0.444,7,16,0.438,0,1,0,0,2,2,6,0,0,4,3,31,16.1,9,44
Randy Foye,30,30,2015-12-26,32,DEN,A,SAS,-15,0,27:15,3,9,0.333,1,3,0.333,2,2,1,0,1,1,5,1,0,2,0,9,6.7,1,19.3
Randy Foye,31,31,2015-12-27,32,DEN,A,OKC,-10,0,22:41,2,5,0.4,0,2,0,0,0,NA,0,2,2,3,0,0,1,2,4,2.2,7,10.5
Randy Foye,32,32,2015-12-29,32,DEN,H,CLE,-6,0,25:28,3,9,0.333,1,3,0.333,0,0,NA,0,3,3,2,1,0,1,2,7,3.4,3,15.8
Randy Foye,33,33,2015-12-30,32,DEN,A,POR,-7,0,15:16,1,7,0.143,0,3,0,4,4,1,0,2,2,0,1,0,1,1,6,1.7,-9,10
Randy Foye,34,34,2016-01-02,32,DEN,A,GSW,-3,0,20:56,1,3,0.333,0,1,0,0,0,NA,1,0,1,4,1,0,0,0,2,4.8,10,11.3
Randy Foye,35,35,2016-01-03,32,DEN,H,POR,-6,0,17:24,1,6,0.167,0,2,0,2,2,1,0,0,0,2,0,2,1,1,4,1.6,-14,10.5
Randy Foye,36,36,2016-01-06,32,DEN,A,MIN,4,0,27:44,2,7,0.286,0,2,0,0,0,NA,1,2,3,3,0,0,0,2,4,2.5,16,12.3
Randy Foye,37,37,2016-01-08,32,DEN,A,MEM,-7,0,17:39,1,6,0.167,0,3,0,0,0,NA,0,2,2,1,0,0,2,0,2,-2.5,-10,5
Randy Foye,38,38,2016-01-10,32,DEN,H,CHO,3,0,21:26,3,4,0.75,1,2,0.5,2,2,1,1,0,1,2,0,2,0,4,9,9.3,0,17.8
Randy Foye,39,39,2016-01-13,32,DEN,H,GSW,2,0,6:05,0,1,0,0,1,0,0,0,NA,0,1,1,1,0,0,0,0,0,0.3,-4,2.8
Randy Foye,40,40,2016-01-15,32,DEN,H,MIA,-3,0,6:56,0,1,0,0,1,0,0,0,NA,0,1,1,1,0,0,0,0,0,0.3,5,2.8
Randy Foye,41,41,2016-01-17,32,DEN,H,IND,3,0,16:34,4,8,0.5,2,4,0.5,2,4,0.5,0,3,3,6,0,1,0,1,12,12.6,1,27.8
Randy Foye,42,42,2016-01-19,32,DEN,H,OKC,-6,0,14:46,1,5,0.2,0,1,0,1,2,0.5,0,3,3,1,1,1,2,4,3,-0.8,-5,11.3
Randy Foye,43,43,2016-01-21,32,DEN,H,MEM,-1,0,20:37,2,7,0.286,0,2,0,2,3,0.667,0,0,0,1,0,0,0,2,6,1.4,-5,7.5
Randy Foye,44,44,2016-01-23,32,DEN,H,DET,3,0,13:29,3,7,0.429,2,3,0.667,0,0,NA,0,2,2,1,0,0,1,1,8,4.2,-13,12.5
Randy Foye,45,45,2016-01-25,32,DEN,H,ATL,-14,0,17:36,0,4,0,0,1,0,0,0,NA,2,2,4,1,0,0,2,2,0,-2.9,-3,5.5
Randy Foye,46,46,2016-01-27,32,DEN,A,BOS,-8,0,21:49,2,9,0.222,1,4,0.25,2,2,1,0,2,2,1,0,1,1,2,7,1.7,-1,13
Randy Foye,47,47,2016-01-28,32,DEN,A,WAS,4,0,13:19,1,2,0.5,0,1,0,0,0,NA,0,1,1,2,0,1,2,0,2,1.4,-2,7.3
Randy Foye,48,48,2016-01-30,32,DEN,A,IND,-4,0,12:25,1,3,0.333,0,2,0,0,0,NA,0,1,1,0,0,0,0,0,2,0.6,-6,3.3
Randy Foye,49,49,2016-02-01,32,DEN,H,TOR,19,0,24:08,6,7,0.857,4,5,0.8,0,0,NA,0,5,5,3,1,2,3,4,16,14.9,10,33.3
Randy Foye,50,50,2016-02-03,32,DEN,A,UTA,-4,0,15:29,0,3,0,0,1,0,0,0,NA,0,2,2,0,1,0,0,2,0,-1.3,-4,4.5
Randy Foye,51,51,2016-02-05,32,DEN,H,CHI,5,0,22:32,3,5,0.6,0,2,0,0,0,NA,0,2,2,6,2,0,0,1,6,10.1,17,21.5
Randy Foye,52,52,2016-02-07,32,DEN,A,NYK,5,0,16:45,1,2,0.5,0,1,0,0,0,NA,0,2,2,1,1,0,1,2,2,1.5,8,7.5
Randy Foye,53,53,2016-02-08,32,DEN,A,BRK,-1,0,31:10,4,11,0.364,3,7,0.429,0,0,NA,0,3,3,2,0,0,1,3,11,5,-2,18.8
Randy Foye,54,54,2016-02-10,32,DEN,A,DET,11,0,20:43,2,4,0.5,2,3,0.667,0,0,NA,0,2,2,2,0,0,0,2,6,5.2,6,12.5
Mike Miller,1,1,2015-10-28,35,DEN,A,HOU,20,0,1:29,0,0,NA,0,0,NA,0,0,NA,0,0,0,0,0,0,0,1,0,-0.4,2,0
Mike Miller,2,2,2015-10-30,35,DEN,H,MIN,-17,0,9:20,0,1,0,0,1,0,0,0,NA,0,2,2,0,0,0,1,0,0,-1.1,5,2
Mike Miller,3,3,2015-11-01,35,DEN,A,OKC,-24,0,2:45,0,0,NA,0,0,NA,0,0,NA,0,0,0,1,0,0,0,0,0,0.7,3,1.5
Mike Miller,4,4,2015-11-03,35,DEN,A,LAL,11,0,8:20,3,4,0.75,3,4,0.75,0,0,NA,0,2,2,0,0,0,0,1,9,7.6,5,13
Mike Miller,5,5,2015-11-05,35,DEN,H,UTA,-12,0,1:33,0,1,0,0,1,0,0,0,NA,0,0,0,0,0,0,0,0,0,-0.7,2,0
Mike Miller,6,6,2015-11-06,35,DEN,A,GSW,-15,0,7:37,0,1,0,0,1,0,0,0,NA,0,2,2,0,2,0,0,1,0,1.5,-10,6.5
Mike Miller,9,7,2015-11-13,35,DEN,H,HOU,9,0,0:05,0,0,NA,0,0,NA,0,0,NA,0,0,0,0,0,0,0,0,0,0,2,0
Mike Miller,10,8,2015-11-14,35,DEN,A,PHO,-24,0,1:50,1,1,1,1,1,1,0,0,NA,0,1,1,1,0,0,0,0,3,3.7,4,6.3
Mike Miller,11,9,2015-11-17,35,DEN,A,NOP,17,0,3:34,0,1,0,0,1,0,0,0,NA,0,0,0,0,0,0,0,0,0,-0.7,-8,0
Mike Miller,15,10,2015-11-24,35,DEN,H,LAC,-17,0,13:20,3,4,0.75,3,4,0.75,0,0,NA,0,1,1,0,1,0,0,3,9,7.5,-9,13.8
Mike Miller,16,11,2015-11-27,35,DEN,H,SAS,-11,0,20:20,1,3,0.333,1,3,0.333,0,0,NA,0,3,3,2,2,0,3,4,3,1,-3,12.8
Mike Miller,17,12,2015-11-28,35,DEN,A,DAL,-11,0,12:55,0,0,NA,0,0,NA,0,0,NA,0,2,2,2,0,0,0,2,0,1.2,-3,5.5
Mike Miller,18,13,2015-11-30,35,DEN,A,MIL,-18,0,1:06,0,0,NA,0,0,NA,0,0,NA,0,0,0,1,0,0,0,0,0,0.7,1,1.5
Mike Miller,19,14,2015-12-02,35,DEN,A,CHI,-9,0,13:52,1,2,0.5,0,1,0,0,0,NA,0,3,3,0,0,1,0,1,2,2.2,-7,7.8
Mike Miller,20,15,2015-12-03,35,DEN,A,TOR,1,0,11:49,1,4,0.25,1,3,0.333,0,0,NA,0,1,1,0,0,0,0,1,3,0.5,7,4.8
Mike Miller,21,16,2015-12-05,35,DEN,A,PHI,3,0,16:01,3,3,1,2,2,1,0,0,NA,0,1,1,6,0,0,1,2,8,9.8,-1,18.8
Mike Miller,22,17,2015-12-08,35,DEN,H,ORL,-11,0,10:25,0,2,0,0,2,0,0,0,NA,1,1,2,2,1,0,1,2,0,0.2,-3,7
Mike Miller,23,18,2015-12-11,35,DEN,H,MIN,3,0,14:56,0,0,NA,0,0,NA,0,0,NA,0,3,3,0,0,0,0,1,0,0.5,-1,3.8
Mike Miller,24,19,2015-12-14,35,DEN,H,HOU,6,0,8:45,1,3,0.333,1,3,0.333,0,0,NA,0,0,0,2,0,0,0,1,3,2.3,-4,6.5
Mike Miller,25,20,2015-12-15,35,DEN,A,MIN,12,0,9:38,0,1,0,0,1,0,0,0,NA,0,0,0,2,1,0,0,1,0,1.3,6,5
Mike Miller,27,21,2015-12-20,35,DEN,H,NOP,-5,0,11:11,0,1,0,0,1,0,0,0,NA,0,1,1,2,1,1,0,3,0,1.5,5,8.3
Mike Miller,29,22,2015-12-23,35,DEN,A,PHO,8,1,17:43,0,2,0,0,2,0,0,0,NA,1,5,6,4,1,0,3,1,0,1.2,-13,14
Mike Miller,30,23,2015-12-26,35,DEN,A,SAS,-15,0,13:15,0,0,NA,0,0,NA,0,0,NA,0,3,3,0,0,0,0,0,0,0.9,-10,3.8
Mike Miller,32,24,2015-12-29,35,DEN,H,CLE,-6,0,7:11,0,1,0,0,1,0,0,0,NA,1,0,1,0,0,0,2,0,0,-2,-1,0.3
Mike Miller,33,25,2015-12-30,35,DEN,A,POR,-7,0,11:59,0,0,NA,0,0,NA,0,0,NA,0,2,2,0,1,0,0,2,0,0.8,8,4.5
Mike Miller,34,26,2016-01-02,35,DEN,A,GSW,-3,0,11:50,0,3,0,0,2,0,0,0,NA,2,1,3,1,0,0,0,4,0,-1.3,0,5.3
Mike Miller,36,27,2016-01-06,35,DEN,A,MIN,4,0,0:02,0,0,NA,0,0,NA,0,0,NA,0,0,0,0,0,0,0,0,0,0,2,0
Mike Miller,37,28,2016-01-08,35,DEN,A,MEM,-7,0,12:45,0,1,0,0,1,0,0,0,NA,0,0,0,2,0,0,0,2,0,-0.1,-6,3
Mike Miller,38,29,2016-01-10,35,DEN,H,CHO,3,0,7:20,2,2,1,2,2,1,0,0,NA,0,2,2,1,0,1,0,2,6,6.6,3,13
Mike Miller,39,30,2016-01-13,35,DEN,H,GSW,2,0,4:23,0,1,0,0,1,0,0,0,NA,0,0,0,0,0,0,1,1,0,-2.1,-3,-0.5
Mike Miller,43,31,2016-01-21,35,DEN,H,MEM,-1,0,0:01,0,0,NA,0,0,NA,0,0,NA,0,0,0,1,0,0,0,0,0,0.7,3,1.5
Mike Miller,44,32,2016-01-23,35,DEN,H,DET,3,0,10:13,0,1,0,0,1,0,0,0,NA,0,0,0,1,0,0,0,0,0,0,-20,1.5
Mike Miller,45,33,2016-01-25,35,DEN,H,ATL,-14,0,3:32,0,1,0,0,0,NA,0,0,NA,1,1,2,1,0,0,0,0,0,1,8,4
Mike Miller,46,34,2016-01-27,35,DEN,A,BOS,-8,0,15:29,0,1,0,0,0,NA,0,0,NA,0,1,1,1,0,0,2,3,0,-2.9,-4,1.8
Mike Miller,47,35,2016-01-28,35,DEN,A,WAS,4,0,0:04,0,0,NA,0,0,NA,0,0,NA,0,0,0,0,0,0,0,0,0,0,3,0
Mike Miller,49,36,2016-02-01,35,DEN,H,TOR,19,0,2:28,0,0,NA,0,0,NA,0,0,NA,0,0,0,1,0,0,0,2,0,-0.1,-4,1.5
Mike Miller,52,37,2016-02-07,35,DEN,A,NYK,5,0,5:05,0,0,NA,0,0,NA,0,0,NA,0,0,0,0,0,0,0,1,0,-0.4,-1,0
Mike Miller,53,38,2016-02-08,35,DEN,A,BRK,-1,0,5:46,0,2,0,0,1,0,0,0,NA,0,1,1,0,0,0,1,2,0,-2.9,-10,0.8
Mike Miller,56,39,2016-02-21,36,DEN,H,BOS,-20,0,9:21,0,1,0,0,0,NA,0,0,NA,0,2,2,0,0,1,1,2,0,-1.2,-5,4
Mike Miller,59,40,2016-02-26,36,DEN,A,DAL,-6,0,5:02,1,1,1,1,1,1,0,0,NA,0,0,0,0,0,0,0,2,3,1.9,5,3.5
Mike Miller,62,40,2016-03-04,36,DEN,H,BRK,-1,0,0:00,0,0,NA,0,0,NA,0,0,NA,0,0,0,0,0,0,0,0,0,0,NA,NA
Mike Miller,63,41,2016-03-06,36,DEN,H,DAL,2,0,8:41,1,2,0.5,1,2,0.5,0,0,NA,0,0,0,2,1,0,0,1,3,4,-6,8.5
Mike Miller,64,42,2016-03-08,36,DEN,H,NYK,16,0,3:37,0,0,NA,0,0,NA,0,0,NA,0,0,0,0,0,0,0,0,0,0,-1,0
Mike Miller,71,43,2016-03-21,36,DEN,A,CLE,-33,0,5:18,1,2,0.5,1,2,0.5,0,0,NA,0,0,0,0,0,0,1,0,3,1,-5,3
Mike Miller,76,44,2016-03-30,36,DEN,A,MEM,4,0,0:01,0,0,NA,0,0,NA,0,0,NA,0,0,0,0,0,0,0,0,0,0,1,0
Mike Miller,80,45,2016-04-08,36,DEN,H,SAS,4,0,12:44,1,3,0.333,1,3,0.333,0,0,NA,0,2,2,1,0,0,0,2,3,1.8,-18,7.5
Mike Miller,82,46,2016-04-13,36,DEN,A,POR,-8,1,18:17,2,6,0.333,1,4,0.25,0,0,NA,0,4,4,3,2,0,0,2,5,6.1,-9,19
Kostas Papanikolaou,1,1,2015-11-05,25,DEN,H,UTA,-12,0,1:12,0,0,NA,0,0,NA,0,0,NA,0,0,0,0,0,0,0,0,0,0,0,NA
Kostas Papanikolaou,2,2,2015-11-06,25,DEN,A,GSW,-15,0,1:46,0,0,NA,0,0,NA,0,0,NA,0,1,1,0,0,0,0,0,0,0.3,2,NA
Kostas Papanikolaou,3,3,2015-11-09,25,DEN,H,POR,4,0,12:35,2,2,1,1,1,1,0,0,NA,1,2,3,1,1,0,0,1,5,7,1,12.8
Kostas Papanikolaou,4,4,2015-11-11,25,DEN,H,MIL,1,0,10:26,1,2,0.5,1,2,0.5,0,0,NA,1,2,3,0,0,0,1,1,3,1.9,9,6.8
Kostas Papanikolaou,5,5,2015-11-13,25,DEN,H,HOU,9,0,3:51,0,1,0,0,1,0,0,0,NA,0,1,1,0,0,0,1,0,0,-1.4,-4,0.8
Kostas Papanikolaou,6,6,2015-11-14,25,DEN,A,PHO,-24,0,19:58,4,7,0.571,0,2,0,1,2,0.5,0,1,1,1,1,0,0,2,9,6.5,7,13.8
Kostas Papanikolaou,7,7,2015-11-17,25,DEN,A,NOP,17,0,13:08,2,4,0.5,0,1,0,0,0,NA,1,2,3,0,0,1,1,1,4,2.6,-12,9.3
Kostas Papanikolaou,8,8,2015-11-18,25,DEN,A,SAS,-11,0,0:54,0,0,NA,0,0,NA,0,0,NA,0,0,0,0,0,0,0,0,0,0,3,0
Kostas Papanikolaou,9,9,2015-11-20,25,DEN,H,PHO,-7,0,5:39,0,1,0,0,1,0,0,0,NA,0,0,0,0,0,0,0,0,0,-0.7,-8,0
Kostas Papanikolaou,10,10,2015-11-22,25,DEN,H,GSW,-13,0,2:10,0,0,NA,0,0,NA,0,0,NA,0,0,0,0,1,0,0,0,0,1,1,2
Kostas Papanikolaou,11,11,2015-11-24,25,DEN,H,LAC,-17,0,1:54,0,0,NA,0,0,NA,0,0,NA,0,0,0,0,0,0,1,0,0,-1,1,-0.5
Kostas Papanikolaou,12,12,2015-11-27,25,DEN,H,SAS,-11,0,3:32,0,1,0,0,1,0,0,0,NA,0,1,1,0,0,0,0,0,0,-0.4,6,1.3
Kostas Papanikolaou,13,13,2015-11-28,25,DEN,A,DAL,-11,0,2:26,0,0,NA,0,0,NA,2,2,1,0,0,0,0,0,0,0,0,2,2,6,2
Kostas Papanikolaou,14,14,2015-11-30,25,DEN,A,MIL,-18,0,9:35,0,4,0,0,1,0,0,0,NA,1,1,2,1,0,0,1,2,0,-2.9,1,3.5
Kostas Papanikolaou,20,15,2015-12-14,25,DEN,H,HOU,6,0,13:48,2,4,0.5,1,2,0.5,0,0,NA,1,0,1,0,1,1,2,3,5,2.2,-1,9.8
Kostas Papanikolaou,21,16,2015-12-15,25,DEN,A,MIN,12,0,19:49,3,6,0.5,0,1,0,2,2,1,0,2,2,2,0,0,1,3,8,4.8,12,13
Kostas Papanikolaou,22,17,2015-12-18,25,DEN,A,UTA,-9,0,11:28,0,1,0,0,1,0,1,2,0.5,0,2,2,0,1,0,2,0,1,-0.5,0,4.5
Kostas Papanikolaou,23,18,2015-12-20,25,DEN,H,NOP,-5,0,20:22,0,3,0,0,1,0,0,0,NA,0,2,2,2,0,0,0,2,0,-0.9,0,5.5
Kostas Papanikolaou,24,19,2015-12-22,25,DEN,H,LAL,-4,1,11:14,3,5,0.6,3,4,0.75,0,0,NA,0,0,0,0,1,0,0,2,9,6.9,-7,12.5
Kostas Papanikolaou,25,20,2015-12-23,25,DEN,A,PHO,8,1,32:37,2,6,0.333,2,3,0.667,3,6,0.5,1,4,5,3,2,2,1,2,9,10,9,28.3
Kostas Papanikolaou,26,21,2015-12-26,25,DEN,A,SAS,-15,1,25:24,1,5,0.2,0,1,0,0,0,NA,1,3,4,2,3,1,3,1,2,2.2,-10,16.5
Kostas Papanikolaou,27,22,2015-12-27,25,DEN,A,OKC,-10,1,13:20,1,2,0.5,1,2,0.5,0,0,NA,0,0,0,3,2,0,2,0,3,4.1,-7,11
Kostas Papanikolaou,28,23,2015-12-29,25,DEN,H,CLE,-6,1,21:55,0,3,0,0,2,0,0,0,NA,1,4,5,1,0,0,2,2,0,-2.3,-8,6.8
Kostas Papanikolaou,29,24,2015-12-30,25,DEN,A,POR,-7,1,11:55,0,2,0,0,2,0,0,0,NA,0,2,2,0,0,0,2,0,0,-2.8,-6,1.5
Kostas Papanikolaou,31,25,2016-01-03,25,DEN,H,POR,-6,0,12:06,1,3,0.333,1,2,0.5,0,0,NA,0,0,0,0,0,0,0,2,3,0.5,-9,3.5
Kostas Papanikolaou,32,26,2016-01-06,25,DEN,A,MIN,4,0,10:56,2,4,0.5,0,1,0,0,0,NA,0,2,2,0,0,0,1,0,4,1.6,5,6
Will Barton,1,1,2015-10-28,24,DEN,A,HOU,20,0,19:34,5,10,0.5,1,2,0.5,0,0,NA,1,3,4,0,1,0,0,0,11,8.6,4,18.5
Will Barton,2,2,2015-10-30,24,DEN,H,MIN,-17,0,29:41,4,14,0.286,1,4,0.25,5,6,0.833,1,3,4,1,2,1,0,4,14,8.8,-5,27
Will Barton,3,3,2015-11-01,24,DEN,A,OKC,-24,0,24:15,6,12,0.5,1,3,0.333,2,3,0.667,0,3,3,1,2,0,0,0,15,12.2,5,24.8
Will Barton,4,4,2015-11-03,24,DEN,A,LAL,11,0,21:28,3,6,0.5,0,2,0,4,4,1,1,3,4,1,1,1,0,2,10,10.2,3,20.5
Will Barton,5,5,2015-11-05,24,DEN,H,UTA,-12,0,20:16,3,7,0.429,0,2,0,6,6,1,1,3,4,1,1,1,0,1,12,11.9,-5,22.5
Will Barton,6,6,2015-11-06,24,DEN,A,GSW,-15,1,39:09,7,16,0.438,2,4,0.5,3,3,1,0,8,8,5,2,1,3,2,19,15.4,-3,42
Will Barton,7,7,2015-11-09,24,DEN,H,POR,4,0,23:02,4,7,0.571,1,2,0.5,2,2,1,0,3,3,1,0,0,1,1,11,7.9,4,16.3
Will Barton,8,8,2015-11-11,24,DEN,H,MIL,1,0,17:06,3,5,0.6,0,1,0,0,0,NA,0,2,2,1,0,0,1,2,6,3.2,-4,9.5
Will Barton,9,9,2015-11-13,24,DEN,H,HOU,9,0,30:43,8,14,0.571,4,5,0.8,6,7,0.857,0,5,5,1,2,0,2,0,26,21.2,9,38.8
Will Barton,10,10,2015-11-14,24,DEN,A,PHO,-24,0,36:35,8,16,0.5,3,6,0.5,0,0,NA,1,11,12,4,2,1,1,1,19,19.1,-16,48.5
Will Barton,11,11,2015-11-17,24,DEN,A,NOP,17,0,37:16,7,12,0.583,3,4,0.75,0,0,NA,2,5,7,2,1,2,1,1,17,16.7,10,35.8
Will Barton,12,12,2015-11-18,24,DEN,A,SAS,-11,0,21:40,4,10,0.4,0,1,0,1,2,0.5,1,3,4,5,1,1,0,1,9,9.6,0,25.5
Will Barton,13,13,2015-11-20,24,DEN,H,PHO,-7,0,25:31,5,10,0.5,1,4,0.25,3,3,1,0,4,4,2,2,0,0,2,14,12.8,0,26.5
Will Barton,14,14,2015-11-22,24,DEN,H,GSW,-13,0,27:29,7,10,0.7,0,1,0,5,5,1,1,5,6,3,1,1,4,0,19,16.8,-1,33
Will Barton,15,15,2015-11-24,24,DEN,H,LAC,-17,0,19:37,0,6,0,0,2,0,1,2,0.5,1,2,3,0,0,0,2,3,1,-5.5,-14,3.8
Will Barton,16,16,2015-11-27,24,DEN,H,SAS,-11,0,29:28,5,10,0.5,1,3,0.333,1,2,0.5,2,7,9,2,2,0,5,0,12,8.5,-13,28.3
Will Barton,17,17,2015-11-28,24,DEN,A,DAL,-11,0,30:15,4,13,0.308,4,8,0.5,2,2,1,1,7,8,3,1,1,2,1,14,10.7,-6,33.5
Will Barton,18,18,2015-11-30,24,DEN,A,MIL,-18,0,29:32,4,8,0.5,2,2,1,0,0,NA,0,6,6,1,0,0,2,2,10,5.7,-7,19
Will Barton,19,19,2015-12-02,24,DEN,A,CHI,-9,0,26:56,6,12,0.5,1,3,0.333,3,4,0.75,1,7,8,2,0,0,0,2,16,13,-15,29.5
Will Barton,20,20,2015-12-03,24,DEN,A,TOR,1,0,31:18,6,13,0.462,3,6,0.5,7,7,1,1,3,4,4,0,1,2,4,22,16.8,-4,35.5
Will Barton,21,21,2015-12-05,24,DEN,A,PHI,3,0,33:24,5,11,0.455,1,5,0.2,5,6,0.833,0,9,9,1,1,0,2,0,16,12.3,2,30.3
Will Barton,22,22,2015-12-08,24,DEN,H,ORL,-11,0,37:32,9,23,0.391,3,10,0.3,2,4,0.5,0,4,4,1,4,1,1,3,23,14.1,-7,40.5
Will Barton,23,23,2015-12-11,24,DEN,H,MIN,3,0,34:34,6,14,0.429,1,4,0.25,0,0,NA,0,9,9,3,2,0,2,2,13,9.6,4,32.3
Will Barton,24,24,2015-12-14,24,DEN,H,HOU,6,0,33:07,8,18,0.444,2,6,0.333,5,5,1,2,7,9,3,3,0,2,1,23,19.8,10,44.8
Will Barton,25,25,2015-12-15,24,DEN,A,MIN,12,0,30:31,5,11,0.455,1,2,0.5,3,4,0.75,2,5,7,5,0,0,3,3,14,10.1,8,29.3
Will Barton,26,26,2015-12-18,24,DEN,A,UTA,-9,0,23:19,5,13,0.385,1,6,0.167,5,6,0.833,0,3,3,2,1,0,2,2,16,9,-1,24.3
Will Barton,27,27,2015-12-20,24,DEN,H,NOP,-5,0,36:11,12,25,0.48,7,11,0.636,1,1,1,2,8,10,6,0,0,1,2,32,25.5,7,58
Will Barton,28,28,2015-12-22,24,DEN,H,LAL,-4,0,38:16,10,21,0.476,2,6,0.333,3,3,1,1,7,8,2,0,1,1,3,25,17,15,40.5
Will Barton,29,29,2015-12-23,24,DEN,A,PHO,8,0,34:33,7,15,0.467,3,5,0.6,0,1,0,0,9,9,5,1,0,3,3,17,11.9,13,37.8
Will Barton,30,30,2015-12-26,24,DEN,A,SAS,-15,0,28:00,7,14,0.5,2,5,0.4,0,0,NA,1,4,5,3,1,0,1,1,16,12.6,-5,29.3
Will Barton,31,31,2015-12-27,24,DEN,A,OKC,-10,0,34:40,8,16,0.5,1,6,0.167,2,3,0.667,2,3,5,5,0,0,0,2,19,15.6,-3,33.3
Will Barton,32,32,2015-12-29,24,DEN,H,CLE,-6,0,34:17,11,20,0.55,3,8,0.375,4,4,1,0,7,7,1,0,2,3,0,29,20.6,1,43.3
Will Barton,33,33,2015-12-30,24,DEN,A,POR,-7,0,36:05,12,22,0.545,4,6,0.667,3,4,0.75,2,3,5,4,1,0,1,3,31,23.9,-1,46.8
Will Barton,34,34,2016-01-02,24,DEN,A,GSW,-3,0,49:30,8,25,0.32,1,8,0.125,4,7,0.571,1,12,13,7,2,0,5,3,21,10.5,11,51.3
Will Barton,35,35,2016-01-03,24,DEN,H,POR,-6,0,25:06,2,10,0.2,1,5,0.2,0,0,NA,0,2,2,2,0,0,1,3,5,-1.4,-17,10.5
Will Barton,36,36,2016-01-06,25,DEN,A,MIN,4,0,25:38,2,6,0.333,1,2,0.5,2,2,1,2,4,6,1,0,0,3,3,7,2.7,15,15
Will Barton,37,37,2016-01-08,25,DEN,A,MEM,-7,0,20:38,3,11,0.273,0,1,0,0,0,NA,2,7,9,0,0,0,0,2,6,2.2,-12,17.3
Will Barton,38,38,2016-01-10,25,DEN,H,CHO,3,0,29:44,3,11,0.273,2,5,0.4,2,2,1,2,6,8,3,0,0,3,3,10,4.6,-10,24
Will Barton,39,39,2016-01-13,25,DEN,H,GSW,2,0,26:02,7,11,0.636,2,5,0.4,5,6,0.833,0,6,6,2,0,0,1,1,21,17.5,-2,32
Will Barton,40,40,2016-01-15,25,DEN,H,MIA,-3,0,27:29,2,8,0.25,1,3,0.333,4,4,1,2,6,8,3,0,1,2,2,9,7.4,0,25
Will Barton,41,41,2016-01-17,25,DEN,H,IND,3,0,31:27,8,17,0.471,3,6,0.5,2,2,1,2,4,6,3,0,1,1,3,21,15.5,-2,36
Will Barton,42,42,2016-01-19,25,DEN,H,OKC,-6,0,18:57,1,6,0.167,0,0,NA,4,4,1,1,2,3,2,0,1,2,1,6,3.2,-12,13.8
Will Barton,43,43,2016-01-21,25,DEN,H,MEM,-1,0,29:13,5,10,0.5,1,5,0.2,3,3,1,1,5,6,2,2,0,4,2,14,9.8,5,27
Will Barton,44,44,2016-01-23,25,DEN,H,DET,3,0,19:07,2,10,0.2,1,4,0.25,2,2,1,1,1,2,1,0,0,0,1,7,2.1,-22,11.5
Will Barton,45,45,2016-01-25,25,DEN,H,ATL,-14,0,34:28,6,15,0.4,1,3,0.333,8,9,0.889,1,7,8,2,2,0,0,1,21,18.3,-8,38.5
Will Barton,46,46,2016-01-27,25,DEN,A,BOS,-8,0,26:15,8,12,0.667,3,4,0.75,4,6,0.667,0,5,5,4,0,1,3,3,23,17.8,-7,37.3
Will Barton,47,47,2016-01-28,25,DEN,A,WAS,4,0,25:53,5,11,0.455,0,2,0,5,5,1,0,3,3,0,2,1,1,3,15,10.7,1,24.3
Will Barton,48,48,2016-01-30,25,DEN,A,IND,-4,0,17:19,3,7,0.429,0,1,0,0,0,NA,0,2,2,1,0,0,3,2,6,-0.2,-6,8.5
Will Barton,49,49,2016-02-01,25,DEN,H,TOR,19,0,33:15,8,16,0.5,2,3,0.667,2,2,1,1,6,7,3,0,1,3,3,20,13.1,17,34.8
Will Barton,50,50,2016-02-03,25,DEN,A,UTA,-4,0,23:25,5,8,0.625,0,1,0,0,0,NA,1,9,10,0,2,1,3,0,10,9.5,-1,28.5
Will Barton,51,51,2016-02-05,25,DEN,H,CHI,5,0,29:40,7,16,0.438,2,5,0.4,0,0,NA,2,3,5,1,0,1,1,3,16,9.1,9,26.3
Will Barton,52,52,2016-02-07,25,DEN,A,NYK,5,0,28:37,7,12,0.583,0,1,0,5,6,0.833,0,11,11,5,1,1,0,2,19,20.7,11,45.8
Will Barton,53,53,2016-02-08,25,DEN,A,BRK,-1,0,20:55,4,7,0.571,1,4,0.25,0,0,NA,0,3,3,3,0,1,1,1,9,8,-4,19.3
Will Barton,54,54,2016-02-10,25,DEN,A,DET,11,0,21:38,7,12,0.583,1,3,0.333,5,6,0.833,1,4,5,2,2,1,1,0,20,19,7,35.3
Will Barton,55,55,2016-02-19,25,DEN,A,SAC,-6,0,31:18,7,13,0.538,1,5,0.2,2,3,0.667,1,8,9,3,1,0,3,5,17,11.5,0,33.8
Will Barton,56,56,2016-02-21,25,DEN,H,BOS,-20,0,31:08,2,12,0.167,1,5,0.2,5,7,0.714,0,5,5,3,2,1,3,2,10,4.1,-23,25.8
Will Barton,57,57,2016-02-23,25,DEN,H,SAC,-4,0,26:48,6,18,0.333,2,7,0.286,4,6,0.667,0,6,6,4,0,0,0,3,18,10.4,6,32.5
Will Barton,58,58,2016-02-24,25,DEN,A,LAC,6,0,25:36,1,6,0.167,0,1,0,2,2,1,0,6,6,2,2,1,5,2,4,0.3,-1,18
Will Barton,59,59,2016-02-26,25,DEN,A,DAL,-6,0,43:05,9,24,0.375,0,7,0,4,5,0.8,2,7,9,3,0,0,4,1,22,9.6,-7,35.8
Will Barton,60,60,2016-02-29,25,DEN,H,MEM,-7,0,34:02,3,9,0.333,0,4,0,3,4,0.75,0,6,6,4,0,0,3,2,9,4.3,-4,21
Will Barton,61,61,2016-03-02,25,DEN,H,LAL,10,0,24:03,2,8,0.25,2,4,0.5,5,9,0.556,0,7,7,3,0,1,4,0,11,5.5,-17,25.3
Will Barton,62,62,2016-03-04,25,DEN,H,BRK,-1,0,33:30,4,17,0.235,1,6,0.167,0,0,NA,0,2,2,3,1,1,1,1,9,1.7,6,20
Will Barton,63,63,2016-03-06,25,DEN,H,DAL,2,0,30:14,7,14,0.5,0,2,0,6,7,0.857,0,8,8,0,0,0,0,4,20,13.4,-13,30
Will Barton,64,64,2016-03-08,25,DEN,H,NYK,16,0,20:49,3,8,0.375,0,0,NA,0,2,0,2,3,5,3,2,0,0,2,6,6.4,-7,20.8
Will Barton,65,65,2016-03-10,25,DEN,H,PHO,18,0,30:12,6,12,0.5,1,2,0.5,4,5,0.8,0,8,8,3,1,1,0,1,17,16.4,15,36
Will Barton,66,66,2016-03-12,25,DEN,H,WAS,16,0,29:56,6,12,0.5,1,3,0.333,1,2,0.5,1,9,10,2,1,1,2,1,14,11.7,23,34.5
Will Barton,67,67,2016-03-14,25,DEN,A,MIA,-5,0,20:12,0,6,0,0,2,0,0,0,NA,0,4,4,0,0,0,1,2,0,-4.8,-20,4.5
Will Barton,68,68,2016-03-15,25,DEN,A,ORL,-6,0,31:37,5,8,0.625,0,1,0,5,6,0.833,1,3,4,0,0,0,2,1,15,10.2,4,19
Will Barton,69,69,2016-03-17,25,DEN,A,ATL,-18,0,30:38,2,7,0.286,2,2,1,0,0,NA,0,6,6,6,1,0,4,3,6,3.7,6,23.5
Will Barton,70,70,2016-03-19,25,DEN,A,CHO,8,0,22:37,5,11,0.455,1,3,0.333,1,2,0.5,1,5,6,2,1,0,1,1,12,9.1,11,24.5
Will Barton,71,71,2016-03-21,25,DEN,A,CLE,-33,0,25:42,9,12,0.75,4,5,0.8,5,6,0.833,1,3,4,1,2,0,4,2,27,21.3,-3,37.5
Will Barton,72,72,2016-03-23,25,DEN,H,PHI,1,0,25:49,0,3,0,0,1,0,2,2,1,1,3,4,3,0,0,5,1,2,-1.8,-12,9
Will Barton,73,73,2016-03-25,25,DEN,A,LAL,11,0,27:38,7,12,0.583,1,3,0.333,1,2,0.5,0,5,5,4,0,0,1,2,16,12.5,17,28.3
Will Barton,74,74,2016-03-27,25,DEN,A,LAC,-15,0,30:16,6,11,0.545,1,3,0.333,0,1,0,0,3,3,3,1,2,1,2,13,10.9,1,27.3
Will Barton,75,75,2016-03-28,25,DEN,H,DAL,-9,0,31:40,7,14,0.5,5,9,0.556,4,4,1,0,8,8,2,0,0,1,1,23,18.4,-14,38
Will Barton,76,76,2016-03-30,25,DEN,A,MEM,4,0,32:56,6,12,0.5,4,7,0.571,9,12,0.75,0,6,6,3,0,1,1,3,25,20.2,-3,40.5
Will Barton,77,77,2016-03-31,25,DEN,A,NOP,-6,0,30:16,0,8,0,0,4,0,6,7,0.857,0,3,3,4,1,1,3,2,6,1.6,-11,18.3
Will Barton,78,78,2016-04-02,25,DEN,H,SAC,-9,0,20:51,0,9,0,0,5,0,2,2,1,0,1,1,3,1,1,0,0,2,-0.2,-14,11.8
Will Barton,79,79,2016-04-05,25,DEN,H,OKC,-22,0,30:24,3,12,0.25,1,5,0.2,1,2,0.5,1,3,4,4,1,0,1,2,8,4,-10,21
Will Barton,80,80,2016-04-08,25,DEN,H,SAS,4,0,32:34,5,12,0.417,0,4,0,1,2,0.5,0,1,1,2,2,0,0,4,11,6.3,-13,19.3
Will Barton,81,81,2016-04-10,25,DEN,H,UTA,-16,0,34:29,4,10,0.4,1,4,0.25,1,2,0.5,0,7,7,3,3,2,3,1,10,9.4,-7,32.3
Will Barton,82,82,2016-04-13,25,DEN,A,POR,-8,0,25:26,3,8,0.375,1,5,0.2,1,1,1,1,2,3,2,0,0,0,0,8,6.3,3,15.3
Danilo Gallinari,1,1,2015-10-28,27,DEN,A,HOU,20,1,35:36,7,15,0.467,3,5,0.6,6,6,1,2,6,8,3,1,3,0,1,23,23.3,20,47
Danilo Gallinari,2,2,2015-10-30,27,DEN,H,MIN,-17,1,33:23,4,13,0.308,0,3,0,2,2,1,0,2,2,1,0,0,1,4,10,1.2,-25,13.5
Danilo Gallinari,3,3,2015-11-01,27,DEN,A,OKC,-24,1,27:19,3,13,0.231,2,5,0.4,7,8,0.875,2,2,4,0,1,0,1,2,15,7.9,-31,22.5
Danilo Gallinari,4,4,2015-11-03,27,DEN,A,LAL,11,1,34:33,6,12,0.5,0,0,NA,9,10,0.9,4,4,8,3,1,1,0,1,21,22,9,39.5
Danilo Gallinari,5,5,2015-11-05,27,DEN,H,UTA,-12,1,36:53,6,12,0.5,0,2,0,6,9,0.667,2,3,5,1,0,2,0,2,18,14.4,-8,29.8
Danilo Gallinari,6,6,2015-11-06,27,DEN,A,GSW,-15,1,34:29,7,13,0.538,2,4,0.5,9,9,1,1,2,3,1,0,0,1,1,25,19.3,-11,30.8
Danilo Gallinari,7,7,2015-11-09,27,DEN,H,POR,4,1,35:25,2,10,0.2,0,5,0,2,2,1,0,5,5,3,1,0,4,1,6,0,3,16.8
Danilo Gallinari,8,8,2015-11-11,27,DEN,H,MIL,1,1,37:34,7,17,0.412,4,8,0.5,7,7,1,3,4,7,1,1,0,3,0,25,17.9,-8,37.8
Danilo Gallinari,9,9,2015-11-13,27,DEN,H,HOU,9,1,35:33,7,9,0.778,3,4,0.75,10,10,1,1,0,1,3,1,0,2,3,27,24.1,9,35.3
Danilo Gallinari,10,10,2015-11-14,27,DEN,A,PHO,-24,1,23:55,2,12,0.167,1,5,0.2,3,3,1,2,2,4,2,0,1,0,4,8,2.9,-28,18.5
Danilo Gallinari,11,11,2015-11-17,27,DEN,A,NOP,17,1,36:54,12,19,0.632,5,8,0.625,3,4,0.75,1,7,8,8,0,0,3,1,32,28.1,27,55
Danilo Gallinari,12,12,2015-11-18,27,DEN,A,SAS,-11,1,30:56,2,9,0.222,1,2,0.5,4,4,1,3,5,8,3,0,1,0,2,9,9.1,-3,26
Danilo Gallinari,13,13,2015-11-20,27,DEN,H,PHO,-7,1,38:37,4,14,0.286,1,6,0.167,6,8,0.75,2,8,10,4,0,2,1,2,15,12.2,0,39
Danilo Gallinari,14,14,2015-11-22,27,DEN,H,GSW,-13,1,34:28,4,16,0.25,1,4,0.25,10,11,0.909,2,4,6,2,1,0,4,3,19,8.8,-16,30
Danilo Gallinari,15,15,2015-11-24,27,DEN,H,LAC,-17,1,36:40,2,10,0.2,0,5,0,16,17,0.941,0,18,18,3,0,0,2,3,20,17.7,-11,47.5
Danilo Gallinari,16,16,2015-11-27,27,DEN,H,SAS,-11,1,35:07,5,15,0.333,2,4,0.5,4,4,1,1,9,10,2,0,0,0,0,16,12.3,-14,34
Danilo Gallinari,17,17,2015-11-28,27,DEN,A,DAL,-11,1,33:42,4,12,0.333,2,6,0.333,2,2,1,1,8,9,1,1,1,3,0,12,7.7,-16,28.3
Danilo Gallinari,18,18,2015-11-30,27,DEN,A,MIL,-18,1,34:25,3,8,0.375,2,4,0.5,5,5,1,0,4,4,3,1,1,4,2,13,8.8,-16,25.5
Danilo Gallinari,19,19,2015-12-02,27,DEN,A,CHI,-9,1,34:59,5,15,0.333,1,3,0.333,2,4,0.5,1,4,5,4,1,0,0,1,13,9,-2,27.8
Danilo Gallinari,20,20,2015-12-03,27,DEN,A,TOR,1,1,35:28,7,13,0.538,3,7,0.429,4,4,1,1,4,5,3,0,0,0,4,21,17.1,0,33.3
Danilo Gallinari,21,21,2015-12-05,27,DEN,A,PHI,3,1,39:15,7,14,0.5,3,9,0.333,7,9,0.778,2,5,7,1,1,1,0,4,24,19.9,2,39.8
Danilo Gallinari,22,22,2015-12-08,27,DEN,H,ORL,-11,1,37:58,5,14,0.357,1,4,0.25,2,2,1,1,5,6,2,1,1,1,0,13,9.5,-7,27.5
Danilo Gallinari,23,23,2015-12-11,27,DEN,H,MIN,3,1,42:23,6,14,0.429,3,5,0.6,8,8,1,1,6,7,4,1,0,0,1,23,21.5,4,41.3
Danilo Gallinari,24,24,2015-12-14,27,DEN,H,HOU,6,1,32:03,4,8,0.5,1,3,0.333,6,7,0.857,0,5,5,7,2,0,2,0,15,17,3,35.3
Danilo Gallinari,25,25,2015-12-15,27,DEN,A,MIN,12,1,28:11,3,7,0.429,1,2,0.5,8,11,0.727,1,2,3,5,0,0,1,2,15,13.1,0,26.3
Danilo Gallinari,26,26,2015-12-18,27,DEN,A,UTA,-9,1,33:43,3,10,0.3,1,4,0.25,4,4,1,0,1,1,2,0,0,0,1,11,6.5,-11,15.8
Danilo Gallinari,27,27,2015-12-20,27,DEN,H,NOP,-5,1,22:54,3,10,0.3,1,2,0.5,11,12,0.917,0,2,2,3,0,0,0,0,18,14.5,1,25.5
Danilo Gallinari,34,28,2016-01-02,27,DEN,A,GSW,-3,1,41:09,9,18,0.5,1,5,0.2,5,8,0.625,3,3,6,2,2,0,0,2,24,19.4,-2,39
Danilo Gallinari,35,29,2016-01-03,27,DEN,H,POR,-6,1,35:54,8,13,0.615,2,4,0.5,11,16,0.688,0,5,5,3,1,1,0,2,29,25.6,3,44.8
Danilo Gallinari,36,30,2016-01-06,27,DEN,A,MIN,4,1,35:18,6,15,0.4,2,2,1,6,7,0.857,0,7,7,4,0,0,2,1,20,14,0,34.8
Danilo Gallinari,37,31,2016-01-08,27,DEN,A,MEM,-7,1,35:29,8,18,0.444,2,6,0.333,11,11,1,2,6,8,3,0,0,2,2,29,22.1,1,43.5
Danilo Gallinari,38,32,2016-01-10,27,DEN,H,CHO,3,1,33:51,7,18,0.389,2,8,0.25,11,13,0.846,0,6,6,0,1,1,2,1,27,17.5,4,38.5
Danilo Gallinari,39,33,2016-01-13,27,DEN,H,GSW,2,1,38:27,5,14,0.357,1,2,0.5,17,19,0.895,0,5,5,2,1,0,0,1,28,22.9,1,39.8
Danilo Gallinari,40,34,2016-01-15,27,DEN,H,MIA,-3,1,37:32,2,10,0.2,1,5,0.2,6,6,1,0,4,4,2,0,0,3,2,11,3.6,-4,18
Danilo Gallinari,41,35,2016-01-17,27,DEN,H,IND,3,1,23:06,6,11,0.545,1,4,0.25,10,10,1,2,2,4,2,2,0,4,6,23,16.7,5,33.5
Danilo Gallinari,42,36,2016-01-19,27,DEN,H,OKC,-6,1,39:10,10,21,0.476,4,9,0.444,3,5,0.6,0,3,3,1,2,0,2,3,27,15.9,-4,37.3
Danilo Gallinari,43,37,2016-01-21,27,DEN,H,MEM,-1,1,31:07,5,15,0.333,3,9,0.333,4,4,1,1,2,3,0,0,0,1,2,17,8,10,21.8
Danilo Gallinari,44,38,2016-01-23,27,DEN,H,DET,3,1,38:14,8,15,0.533,1,3,0.333,13,16,0.813,0,6,6,2,2,0,1,0,30,25.7,21,44.5
Danilo Gallinari,45,39,2016-01-25,27,DEN,H,ATL,-14,1,32:03,3,10,0.3,0,2,0,9,10,0.9,1,2,3,2,0,0,3,0,15,8.5,-19,20.3
Danilo Gallinari,46,40,2016-01-27,27,DEN,A,BOS,-8,1,31:49,8,16,0.5,1,4,0.25,6,7,0.857,3,4,7,1,0,1,1,1,23,17.9,-7,35.3
Danilo Gallinari,47,41,2016-01-28,27,DEN,A,WAS,4,1,34:41,8,15,0.533,4,5,0.8,6,8,0.75,0,5,5,6,1,0,2,0,26,22.6,6,44.3
Danilo Gallinari,48,42,2016-01-30,27,DEN,A,IND,-4,1,41:03,8,17,0.471,1,4,0.25,6,6,1,0,3,3,2,1,0,2,0,23,15.6,2,31.3
Danilo Gallinari,49,43,2016-02-01,27,DEN,H,TOR,19,1,29:11,4,7,0.571,1,2,0.5,4,5,0.8,0,4,4,4,1,0,4,1,13,9.9,12,24.5
Danilo Gallinari,50,44,2016-02-03,27,DEN,A,UTA,-4,1,36:43,5,16,0.313,2,7,0.286,12,14,0.857,0,2,2,0,1,0,2,3,24,12.4,-6,28.5
Danilo Gallinari,51,45,2016-02-05,27,DEN,H,CHI,5,1,34:56,7,12,0.583,1,3,0.333,18,18,1,0,3,3,2,1,1,1,3,33,29.2,-5,43.8
Danilo Gallinari,52,46,2016-02-07,27,DEN,A,NYK,5,1,36:35,4,13,0.308,2,7,0.286,9,10,0.9,0,4,4,1,1,0,0,3,19,12.8,4,28.5
Danilo Gallinari,53,47,2016-02-08,27,DEN,A,BRK,-1,1,41:26,7,16,0.438,4,7,0.571,6,7,0.857,1,2,3,7,2,0,1,1,24,22,9,43.8
Danilo Gallinari,54,48,2016-02-10,27,DEN,A,DET,11,1,38:49,3,14,0.214,1,5,0.2,8,9,0.889,1,6,7,4,2,0,2,2,15,10.5,15,33.3
Danilo Gallinari,55,49,2016-02-19,27,DEN,A,SAC,-6,1,37:26,6,11,0.545,3,5,0.6,12,13,0.923,0,3,3,2,3,0,3,1,27,23.2,-7,39.8
Danilo Gallinari,56,50,2016-02-21,27,DEN,H,BOS,-20,1,31:21,5,11,0.455,0,1,0,7,10,0.7,0,3,3,2,1,0,2,2,17,10.6,-15,24.8
Danilo Gallinari,57,51,2016-02-23,27,DEN,H,SAC,-4,1,37:10,5,14,0.357,1,4,0.25,6,7,0.857,0,1,1,1,1,0,0,0,17,10.8,-9,22.3
Danilo Gallinari,58,52,2016-02-24,27,DEN,A,LAC,6,1,35:50,6,15,0.4,1,4,0.25,3,6,0.5,1,7,8,2,1,0,2,1,16,9.5,12,30.5
Danilo Gallinari,59,53,2016-02-26,27,DEN,A,DAL,-6,1,27:57,4,11,0.364,1,3,0.333,3,5,0.6,3,4,7,3,0,1,2,2,12,8.4,-1,26.8
J.J. Hickson,3,1,2015-11-01,27,DEN,A,OKC,-24,0,2:55,0,0,NA,0,0,NA,1,2,0.5,0,1,1,0,1,0,0,0,1,1.9,3,4.3
J.J. Hickson,4,2,2015-11-03,27,DEN,A,LAL,11,1,24:41,8,9,0.889,0,0,NA,1,3,0.333,1,6,7,2,0,2,0,4,17,16.8,10,32.8
J.J. Hickson,5,3,2015-11-05,27,DEN,H,UTA,-12,1,24:36,4,9,0.444,0,0,NA,0,4,0,2,5,7,1,0,1,4,2,8,1.2,1,18.3
J.J. Hickson,6,4,2015-11-06,27,DEN,A,GSW,-15,0,6:46,2,3,0.667,0,0,NA,1,2,0.5,1,0,1,0,0,1,2,2,5,1.9,-7,7.3
J.J. Hickson,7,5,2015-11-09,27,DEN,H,POR,4,1,29:39,7,11,0.636,0,0,NA,5,11,0.455,2,11,13,1,0,3,0,4,19,17.6,4,44.3
J.J. Hickson,8,6,2015-11-11,27,DEN,H,MIL,1,1,28:50,5,8,0.625,0,0,NA,2,2,1,0,2,2,1,1,1,1,2,12,9.6,-6,19.5
J.J. Hickson,9,7,2015-11-13,27,DEN,H,HOU,9,1,23:06,5,9,0.556,0,0,NA,0,2,0,2,4,6,2,1,0,1,4,10,7.3,-10,22
J.J. Hickson,10,8,2015-11-14,27,DEN,A,PHO,-24,1,17:33,0,2,0,0,0,NA,0,0,NA,0,4,4,0,0,0,1,1,0,-1.6,-4,4.5
J.J. Hickson,11,9,2015-11-17,27,DEN,A,NOP,17,1,6:21,1,2,0.5,0,0,NA,0,0,NA,1,1,2,0,0,0,0,0,2,2,2,4.5
J.J. Hickson,12,10,2015-11-18,27,DEN,A,SAS,-11,1,16:06,2,10,0.2,0,0,NA,2,2,1,3,4,7,1,1,0,0,2,6,4,-9,18.3
J.J. Hickson,13,11,2015-11-20,27,DEN,H,PHO,-7,0,14:26,4,6,0.667,0,0,NA,2,2,1,0,2,2,3,1,1,0,1,10,11.4,5,21
J.J. Hickson,14,12,2015-11-22,27,DEN,H,GSW,-13,0,9:56,1,3,0.333,0,0,NA,0,2,0,0,3,3,2,0,0,0,1,2,1.4,1,8.8
J.J. Hickson,15,13,2015-11-24,27,DEN,H,LAC,-17,0,19:17,4,7,0.571,0,0,NA,3,4,0.75,1,4,5,0,1,0,1,1,11,8.8,-4,18.8
J.J. Hickson,16,14,2015-11-27,27,DEN,H,SAS,-11,0,16:30,3,6,0.5,0,0,NA,3,4,0.75,1,0,1,0,0,2,0,2,9,6.9,-11,14.3
J.J. Hickson,19,15,2015-12-02,27,DEN,A,CHI,-9,0,15:40,2,5,0.4,0,0,NA,1,2,0.5,2,4,6,1,3,0,1,4,5,5.6,0,19.5
J.J. Hickson,21,16,2015-12-05,27,DEN,A,PHI,3,0,7:18,2,4,0.5,0,0,NA,3,9,0.333,1,3,4,2,1,0,0,1,7,6.2,3,17
J.J. Hickson,22,17,2015-12-08,27,DEN,H,ORL,-11,1,28:42,4,10,0.4,0,0,NA,2,6,0.333,3,8,11,0,0,1,4,2,10,3.4,-7,25.3
J.J. Hickson,37,18,2016-01-08,27,DEN,A,MEM,-7,0,11:00,1,5,0.2,0,0,NA,1,2,0.5,2,3,5,0,0,0,1,2,3,0,-11,8.8
J.J. Hickson,46,19,2016-01-27,27,DEN,A,BOS,-8,0,0:50,0,0,NA,0,0,NA,0,0,NA,0,0,0,0,0,0,0,0,0,0,2,0
J.J. Hickson,51,20,2016-02-05,27,DEN,H,CHI,5,0,1:06,0,0,NA,0,0,NA,0,0,NA,0,0,0,0,0,0,0,0,0,0,-1,0
Axel Toupane,1,1,2016-03-04,23,DEN,H,BRK,-1,0,5:28,0,0,NA,0,0,NA,0,0,NA,0,1,1,0,0,0,0,2,0,-0.5,-1,NA
Axel Toupane,2,2,2016-03-06,23,DEN,H,DAL,2,0,13:09,0,4,0,0,2,0,0,0,NA,0,1,1,1,0,0,0,2,0,-2.6,-11,2.8
Axel Toupane,3,3,2016-03-08,23,DEN,H,NYK,16,0,14:18,2,5,0.4,0,3,0,1,1,1,0,0,0,1,1,0,0,3,5,2.8,-2,8.5
Axel Toupane,4,4,2016-03-10,23,DEN,H,PHO,18,0,14:56,3,7,0.429,2,4,0.5,2,2,1,2,0,2,2,0,0,0,3,10,7.9,8,16.5
Axel Toupane,5,5,2016-03-12,23,DEN,H,WAS,16,0,19:03,2,5,0.4,2,4,0.5,2,2,1,0,0,0,1,3,2,0,4,8,8.8,24,20.5
Axel Toupane,6,6,2016-03-14,23,DEN,A,MIA,-5,0,12:31,1,2,0.5,1,1,1,1,2,0.5,0,1,1,1,0,0,0,0,4,3.6,-11,7.3
Axel Toupane,7,7,2016-03-15,23,DEN,A,ORL,-6,0,12:40,1,4,0.25,1,2,0.5,0,0,NA,0,1,1,0,0,0,0,0,3,0.9,-3,4.8
Axel Toupane,8,8,2016-03-17,23,DEN,A,ATL,-18,0,16:10,0,4,0,0,3,0,0,0,NA,0,2,2,0,1,0,1,2,0,-3,1,4
Axel Toupane,9,9,2016-03-19,23,DEN,A,CHO,8,0,9:49,0,2,0,0,1,0,0,0,NA,1,0,1,1,0,0,0,1,0,-0.4,7,2.8
Axel Toupane,10,10,2016-03-21,23,DEN,A,CLE,-33,0,19:36,0,1,0,0,1,0,0,0,NA,1,2,3,0,0,1,0,2,0,0.5,-13,5.8
Axel Toupane,11,11,2016-03-23,23,DEN,H,PHI,1,0,14:35,1,4,0.25,1,3,0.333,0,0,NA,0,2,2,1,0,0,1,2,3,0.1,-15,7
Axel Toupane,12,12,2016-03-25,23,DEN,A,LAL,11,0,22:44,3,5,0.6,2,4,0.5,0,0,NA,1,1,2,1,0,1,0,4,8,6.5,26,15
Axel Toupane,13,13,2016-03-27,23,DEN,A,LAC,-15,0,25:25,1,1,1,0,0,NA,0,0,NA,2,0,2,1,0,0,1,3,2,1.6,2,5.5
Axel Toupane,14,14,2016-03-28,23,DEN,H,DAL,-9,0,6:48,1,1,1,0,0,NA,0,0,NA,0,0,0,0,0,0,0,2,2,0.9,-6,2
Axel Toupane,15,15,2016-03-30,23,DEN,A,MEM,4,0,13:33,0,1,0,0,1,0,0,0,NA,0,0,0,2,0,0,0,1,0,0.3,5,3
Axel Toupane,16,16,2016-03-31,23,DEN,A,NOP,-6,0,15:31,1,2,0.5,0,1,0,0,0,NA,0,3,3,0,1,0,1,2,2,1.1,7,7.3
Axel Toupane,17,17,2016-04-02,23,DEN,H,SAC,-9,0,19:13,4,6,0.667,1,2,0.5,5,6,0.833,1,2,3,0,0,0,1,3,14,10.1,-8,17.8
Axel Toupane,18,18,2016-04-05,23,DEN,H,OKC,-22,0,23:54,4,8,0.5,2,3,0.667,0,2,0,0,2,2,2,1,0,0,2,10,7.4,-2,18.5
Axel Toupane,19,19,2016-04-08,23,DEN,H,SAS,4,0,9:13,1,4,0.25,1,1,1,2,2,1,0,1,1,0,0,1,0,1,5,3.2,-14,8.8
Axel Toupane,20,20,2016-04-10,23,DEN,H,UTA,-16,0,10:33,0,2,0,0,2,0,0,0,NA,0,3,3,1,0,1,1,0,0,-0.1,2,6.8
Axel Toupane,21,21,2016-04-13,23,DEN,A,POR,-8,0,6:17,0,2,0,0,2,0,0,0,NA,0,1,1,0,0,0,0,1,0,-1.5,-13,1.3
Sean Kilpatrick,2,1,2016-01-15,26,DEN,H,MIA,-3,0,0:03,0,0,NA,0,0,NA,0,0,NA,0,0,0,0,0,0,0,0,0,0,0,0
Sean Kilpatrick,3,2,2016-01-17,26,DEN,H,IND,3,0,5:01,0,2,0,0,2,0,0,0,NA,1,0,1,0,0,0,1,2,0,-2.5,-3,0.8
Sean Kilpatrick,4,3,2016-01-19,26,DEN,H,OKC,-6,0,7:46,1,3,0.333,1,3,0.333,2,2,1,0,1,1,0,0,0,0,0,5,3.6,0,6.8
Sean Kilpatrick,5,4,2016-01-21,26,DEN,H,MEM,-1,0,11:30,1,4,0.25,1,4,0.25,1,2,0.5,0,0,0,1,1,0,0,0,4,2.9,-3,8
Sean Kilpatrick,6,5,2016-01-23,26,DEN,H,DET,3,0,10:04,1,2,0.5,1,2,0.5,0,0,NA,0,0,0,0,1,0,0,1,3,2.6,-12,5.5
Sean Kilpatrick,7,6,2016-01-25,26,DEN,H,ATL,-14,0,15:26,3,5,0.6,1,3,0.333,4,4,1,1,2,3,0,0,0,0,2,11,9.2,2,15.3
Sean Kilpatrick,8,7,2016-01-27,26,DEN,A,BOS,-8,0,15:25,1,2,0.5,0,1,0,0,0,NA,0,0,0,2,0,0,1,1,2,1,2,4.5
Sean Kilpatrick,11,8,2016-02-01,26,DEN,H,TOR,19,0,16:50,1,3,0.333,0,2,0,0,0,NA,0,1,1,0,0,0,2,1,2,-1.8,3,2.3
Darrell Arthur,1,1,2015-10-28,27,DEN,A,HOU,20,0,15:41,2,5,0.4,1,1,1,0,0,NA,1,1,2,1,0,2,1,1,5,4,-3,13
Darrell Arthur,2,2,2015-10-30,27,DEN,H,MIN,-17,0,26:26,1,7,0.143,1,3,0.333,0,0,NA,3,6,9,2,0,1,1,5,3,1.5,-6,19.3
Darrell Arthur,3,3,2015-11-01,27,DEN,A,OKC,-24,0,24:08,3,7,0.429,0,0,NA,0,0,NA,2,2,4,1,1,1,0,5,6,4.7,-15,16.5
Darrell Arthur,4,4,2015-11-03,27,DEN,A,LAL,11,0,15:56,1,5,0.2,0,1,0,0,0,NA,0,4,4,1,0,1,0,2,2,0.7,-1,10.5
Darrell Arthur,5,5,2015-11-05,27,DEN,H,UTA,-12,0,13:58,1,5,0.2,0,1,0,0,0,NA,2,2,4,1,2,0,0,2,2,2.8,-14,12.5
Darrell Arthur,6,6,2015-11-06,27,DEN,A,GSW,-15,0,12:22,1,5,0.2,0,1,0,2,2,1,2,1,3,1,1,0,0,4,4,2.7,6,11.3
Darrell Arthur,7,7,2015-11-09,27,DEN,H,POR,4,0,19:32,1,5,0.2,0,1,0,0,0,NA,0,3,3,1,0,2,1,3,2,-0.3,2,10.8
Darrell Arthur,8,8,2015-11-11,27,DEN,H,MIL,1,0,17:42,1,3,0.333,0,1,0,0,0,NA,0,1,1,3,0,2,0,2,2,3.3,8,11.8
Darrell Arthur,9,9,2015-11-13,27,DEN,H,HOU,9,0,12:26,0,2,0,0,0,NA,0,0,NA,0,3,3,1,1,0,0,2,0,0.4,9,7.3
Darrell Arthur,10,10,2015-11-14,27,DEN,A,PHO,-24,0,8:26,1,3,0.333,0,0,NA,0,0,NA,0,1,1,0,0,1,0,2,2,0.5,-4,5.3
Darrell Arthur,12,11,2015-11-18,27,DEN,A,SAS,-11,0,18:16,4,9,0.444,1,2,0.5,0,0,NA,2,3,5,0,0,0,1,1,9,5.2,-7,15.3
Darrell Arthur,13,12,2015-11-20,27,DEN,H,PHO,-7,0,18:42,4,9,0.444,0,0,NA,0,0,NA,3,0,3,1,0,0,0,2,8,5.3,6,13.3
Darrell Arthur,14,13,2015-11-22,27,DEN,H,GSW,-13,1,33:55,9,12,0.75,1,1,1,2,4,0.5,3,5,8,0,1,0,1,3,21,17.8,-3,33
Darrell Arthur,15,14,2015-11-24,27,DEN,H,LAC,-17,1,29:38,5,10,0.5,0,0,NA,1,2,0.5,1,4,5,1,0,0,3,5,11,3.2,-10,17.3
Darrell Arthur,16,15,2015-11-27,27,DEN,H,SAS,-11,1,25:29,1,6,0.167,0,0,NA,0,0,NA,2,3,5,0,1,0,0,2,2,0.7,-6,10.3
Darrell Arthur,17,16,2015-11-28,27,DEN,A,DAL,-11,1,31:27,8,13,0.615,0,0,NA,0,0,NA,3,2,5,1,2,2,3,3,16,12.7,-10,30.3
Darrell Arthur,18,17,2015-11-30,27,DEN,A,MIL,-18,0,20:53,2,5,0.4,0,0,NA,0,0,NA,1,2,3,0,2,0,2,2,4,1.8,-1,10.8
Darrell Arthur,19,18,2015-12-02,27,DEN,A,CHI,-9,0,19:24,6,10,0.6,0,0,NA,1,2,0.5,2,0,2,0,1,1,0,2,13,10.3,-7,19.5
Darrell Arthur,20,19,2015-12-03,27,DEN,A,TOR,1,1,26:58,8,14,0.571,3,3,1,0,0,NA,1,5,6,2,2,2,0,3,19,18.2,-3,39
Darrell Arthur,21,20,2015-12-05,27,DEN,A,PHI,3,1,20:48,3,6,0.5,2,4,0.5,0,0,NA,1,2,3,2,2,1,1,6,8,7,-5,21.3
Darrell Arthur,22,21,2015-12-08,27,DEN,H,ORL,-11,0,7:21,0,1,0,0,0,NA,0,0,NA,0,1,1,0,1,0,0,0,0,0.6,3,3.3
Darrell Arthur,25,22,2015-12-15,27,DEN,A,MIN,12,0,15:28,3,6,0.5,0,1,0,0,0,NA,0,0,0,0,2,1,1,1,6,4.3,2,11.5
Darrell Arthur,26,23,2015-12-18,27,DEN,A,UTA,-9,0,17:40,3,7,0.429,0,0,NA,0,0,NA,0,1,1,0,2,2,0,0,6,6,1,15.3
Darrell Arthur,27,24,2015-12-20,27,DEN,H,NOP,-5,0,5:40,1,1,1,0,0,NA,0,0,NA,0,0,0,0,0,0,0,0,2,1.7,3,2
Darrell Arthur,28,25,2015-12-22,27,DEN,H,LAL,-4,0,20:19,4,8,0.5,1,2,0.5,0,0,NA,1,2,3,1,0,0,0,4,9,5.4,4,14.8
Darrell Arthur,29,26,2015-12-23,27,DEN,A,PHO,8,0,28:24,9,14,0.643,1,2,0.5,0,0,NA,1,9,10,3,1,2,3,3,19,16.5,11,42.5
Darrell Arthur,30,27,2015-12-26,27,DEN,A,SAS,-15,0,20:06,3,6,0.5,0,0,NA,0,0,NA,0,1,1,1,0,0,1,5,6,1,9,8.3
Darrell Arthur,31,28,2015-12-27,27,DEN,A,OKC,-10,0,19:12,1,5,0.2,1,2,0.5,2,2,1,2,0,2,1,1,0,1,1,5,3.6,-2,11
Darrell Arthur,32,29,2015-12-29,27,DEN,H,CLE,-6,0,20:06,3,6,0.5,0,1,0,0,0,NA,1,2,3,0,1,2,1,1,6,5.3,-7,15.3
Darrell Arthur,33,30,2015-12-30,27,DEN,A,POR,-7,0,13:09,1,4,0.25,1,2,0.5,0,0,NA,1,1,2,0,0,1,0,1,3,1.9,-5,8
Darrell Arthur,34,31,2016-01-02,27,DEN,A,GSW,-3,0,17:28,6,9,0.667,0,0,NA,0,1,0,3,1,4,0,0,0,1,3,12,7.9,12,16.5
Darrell Arthur,35,32,2016-01-03,27,DEN,H,POR,-6,0,19:42,3,6,0.5,1,3,0.333,0,0,NA,1,0,1,1,2,0,2,4,7,3.8,-13,13.3
Darrell Arthur,36,33,2016-01-06,27,DEN,A,MIN,4,0,29:50,3,8,0.375,1,4,0.25,0,0,NA,3,3,6,5,1,2,0,3,7,10.3,13,28.5
Darrell Arthur,37,34,2016-01-08,27,DEN,A,MEM,-7,1,25:34,6,12,0.5,0,1,0,0,0,NA,3,6,9,2,0,2,4,3,12,7.5,1,28.3
Darrell Arthur,38,35,2016-01-10,27,DEN,H,CHO,3,1,27:47,3,5,0.6,1,1,1,2,2,1,0,6,6,1,1,0,2,2,9,7.4,4,19.5
Darrell Arthur,39,36,2016-01-13,27,DEN,H,GSW,2,0,26:07,8,11,0.727,0,0,NA,2,2,1,2,9,11,1,0,0,3,1,18,14.9,11,33.3
Darrell Arthur,40,37,2016-01-15,27,DEN,H,MIA,-3,1,30:24,8,12,0.667,0,0,NA,2,2,1,1,7,8,1,2,0,1,4,18,15.7,-4,33
Darrell Arthur,41,38,2016-01-17,27,DEN,H,IND,3,0,22:45,3,8,0.375,1,1,1,0,0,NA,2,3,5,2,2,0,0,2,7,7.5,-1,20.8
Darrell Arthur,42,39,2016-01-19,27,DEN,H,OKC,-6,0,28:32,0,3,0,0,1,0,4,4,1,1,6,7,4,0,2,2,3,4,5.4,-3,21.8
Darrell Arthur,43,40,2016-01-21,27,DEN,H,MEM,-1,0,24:39,1,4,0.25,0,1,0,2,2,1,0,4,4,4,0,0,1,2,4,3.8,-1,14.5
Darrell Arthur,44,41,2016-01-23,27,DEN,H,DET,3,1,34:18,2,4,0.5,0,0,NA,0,0,NA,0,5,5,3,4,0,0,4,4,8,28,22.8
Darrell Arthur,45,42,2016-01-25,27,DEN,H,ATL,-14,0,18:51,1,7,0.143,0,1,0,0,0,NA,0,2,2,1,0,0,0,3,2,-2.4,-16,6
Darrell Arthur,46,43,2016-01-27,27,DEN,A,BOS,-8,0,9:54,0,3,0,0,2,0,0,0,NA,0,2,2,1,0,0,1,2,0,-2.6,-5,3.5
Darrell Arthur,47,44,2016-01-28,27,DEN,A,WAS,4,0,21:19,4,6,0.667,1,1,1,4,5,0.8,1,3,4,2,0,0,1,3,13,10.8,-8,21
Darrell Arthur,48,45,2016-01-30,27,DEN,A,IND,-4,0,18:20,2,6,0.333,0,3,0,2,2,1,2,3,5,4,1,0,1,1,6,7.3,-13,19.8
Darrell Arthur,49,46,2016-02-01,27,DEN,H,TOR,19,0,18:10,0,2,0,0,2,0,0,0,NA,0,2,2,1,0,0,1,2,0,-1.9,10,3.5
Darrell Arthur,55,47,2016-02-19,27,DEN,A,SAC,-6,0,16:48,2,7,0.286,0,2,0,0,2,0,1,3,4,2,1,0,1,2,4,1.3,3,13.5
Darrell Arthur,56,48,2016-02-21,27,DEN,H,BOS,-20,0,11:57,1,2,0.5,0,0,NA,0,0,NA,0,1,1,0,0,2,2,3,2,-0.5,-9,6.3
Darrell Arthur,57,49,2016-02-23,27,DEN,H,SAC,-4,0,25:00,5,8,0.625,4,4,1,0,0,NA,1,4,5,4,2,0,1,5,14,14.1,3,31.8
Darrell Arthur,58,50,2016-02-24,27,DEN,A,LAC,6,0,18:36,0,4,0,0,3,0,0,0,NA,0,4,4,1,1,0,1,2,0,-1.7,-3,8
Darrell Arthur,59,51,2016-02-26,27,DEN,A,DAL,-6,0,29:36,5,9,0.556,1,2,0.5,2,2,1,2,6,8,1,1,1,1,4,13,11.7,-1,28.5
Darrell Arthur,60,52,2016-02-29,27,DEN,H,MEM,-7,0,27:10,4,7,0.571,1,4,0.25,0,0,NA,2,2,4,3,1,0,1,3,9,8.6,-5,20.5
Darrell Arthur,61,53,2016-03-02,27,DEN,H,LAL,10,0,24:05,2,5,0.4,1,3,0.333,0,0,NA,1,2,3,0,1,2,0,3,5,4.8,0,15.3
Darrell Arthur,62,54,2016-03-04,27,DEN,H,BRK,-1,0,25:18,0,1,0,0,1,0,0,0,NA,1,3,4,4,1,1,1,4,0,2.8,-2,14.5
Darrell Arthur,63,55,2016-03-06,27,DEN,H,DAL,2,0,8:46,1,3,0.333,0,0,NA,0,0,NA,1,0,1,1,0,0,0,2,2,0.9,-4,4.8
Darrell Arthur,64,56,2016-03-08,27,DEN,H,NYK,16,0,24:18,4,6,0.667,2,3,0.667,0,0,NA,0,0,0,1,0,0,0,5,10,6.1,8,12.5
Darrell Arthur,65,57,2016-03-10,27,DEN,H,PHO,18,0,28:43,5,9,0.556,2,4,0.5,1,2,0.5,2,3,5,3,0,1,0,2,13,12.6,19,26.8
Darrell Arthur,66,58,2016-03-12,27,DEN,H,WAS,16,0,28:44,6,12,0.5,3,5,0.6,2,2,1,3,3,6,2,1,1,1,2,17,15.3,34,32.5
Darrell Arthur,67,59,2016-03-14,27,DEN,A,MIA,-5,0,26:33,3,4,0.75,1,2,0.5,0,0,NA,1,4,5,0,1,0,0,4,7,6.7,-14,15.8
Darrell Arthur,68,60,2016-03-15,27,DEN,A,ORL,-6,0,27:46,6,11,0.545,1,4,0.25,0,0,NA,0,4,4,2,1,0,0,4,13,9.7,0,23.5
Darrell Arthur,69,61,2016-03-17,27,DEN,A,ATL,-18,1,17:35,3,8,0.375,0,3,0,0,0,NA,1,0,1,0,0,0,2,1,6,-0.1,-24,6.3
Darrell Arthur,70,62,2016-03-19,27,DEN,A,CHO,8,1,34:57,5,10,0.5,2,3,0.667,1,2,0.5,0,8,8,3,2,2,1,2,13,13.7,2,36
Darrell Arthur,71,63,2016-03-21,27,DEN,A,CLE,-33,1,26:55,1,4,0.25,0,1,0,2,4,0.5,2,3,5,3,0,0,1,3,4,3,-14,14.3
Darrell Arthur,72,64,2016-03-23,27,DEN,H,PHI,1,1,31:43,5,13,0.385,1,2,0.5,0,0,NA,2,5,7,0,2,2,3,2,11,6.4,12,26.8
Darrell Arthur,73,65,2016-03-25,28,DEN,A,LAL,11,1,23:28,1,8,0.125,0,1,0,2,2,1,0,3,3,3,0,2,1,1,4,1.8,0,15.8
Darrell Arthur,74,66,2016-03-27,28,DEN,A,LAC,-15,1,22:46,2,13,0.154,0,4,0,2,2,1,9,3,12,1,0,1,4,1,6,1.9,-18,22.5
Darrell Arthur,75,67,2016-03-28,28,DEN,H,DAL,-9,0,25:38,4,7,0.571,1,3,0.333,0,0,NA,0,1,1,1,0,0,3,3,9,2.5,0,10.8
Darrell Arthur,76,68,2016-03-30,28,DEN,A,MEM,4,0,22:42,4,10,0.4,2,3,0.667,2,2,1,2,5,7,2,1,2,0,4,12,11.7,-11,30.8
Darrell Arthur,77,69,2016-03-31,28,DEN,A,NOP,-6,0,21:46,10,15,0.667,4,5,0.8,0,1,0,1,8,9,1,0,1,1,3,24,19.4,2,40.3
Darrell Arthur,81,70,2016-04-10,28,DEN,H,UTA,-16,0,11:58,2,8,0.25,1,5,0.2,0,0,NA,0,3,3,0,0,0,0,5,5,-0.9,0,9.3
Erick Green,1,1,2015-10-28,24,DEN,A,HOU,20,0,1:29,0,0,NA,0,0,NA,0,0,NA,0,0,0,1,0,0,0,0,0,0.7,2,1.5
Erick Green,2,2,2015-10-30,24,DEN,H,MIN,-17,0,1:32,0,0,NA,0,0,NA,0,0,NA,0,0,0,0,0,0,0,0,0,0,-2,0
Erick Green,3,3,2015-11-01,24,DEN,A,OKC,-24,0,4:27,0,1,0,0,1,0,0,0,NA,0,1,1,0,0,0,0,0,0,-0.4,1,1.3
Kenneth Faried,1,1,2015-10-28,25,DEN,A,HOU,20,1,30:50,8,10,0.8,0,0,NA,2,6,0.333,3,6,9,1,1,3,2,5,18,16.3,21,37.8
Kenneth Faried,2,2,2015-10-30,25,DEN,H,MIN,-17,1,26:47,3,10,0.3,0,0,NA,3,4,0.75,6,9,15,1,1,0,2,1,9,9,-24,30.3
Kenneth Faried,3,3,2015-11-01,25,DEN,A,OKC,-24,1,14:10,4,6,0.667,0,0,NA,0,1,0,2,0,2,1,0,2,1,1,8,7.1,-18,15.5
Kenneth Faried,4,4,2015-11-03,25,DEN,A,LAL,11,1,39:52,10,13,0.769,0,0,NA,8,8,1,4,11,15,1,0,0,4,2,28,24.9,6,47.8
Kenneth Faried,5,5,2015-11-05,25,DEN,H,UTA,-12,1,30:06,4,8,0.5,0,0,NA,1,2,0.5,2,8,10,2,0,0,0,4,9,8.2,-8,24.5
Kenneth Faried,6,6,2015-11-06,25,DEN,A,GSW,-15,1,21:23,4,9,0.444,0,0,NA,0,0,NA,3,8,11,1,0,1,1,2,8,7.4,-5,24.8
Kenneth Faried,7,7,2015-11-09,25,DEN,H,POR,4,1,30:42,8,13,0.615,0,0,NA,1,4,0.25,4,4,8,1,1,0,2,2,17,12.8,3,29.5
Kenneth Faried,8,8,2015-11-11,25,DEN,H,MIL,1,1,33:24,8,9,0.889,0,0,NA,3,6,0.5,5,4,9,1,2,3,2,0,19,22.2,-5,40.8
Kenneth Faried,9,9,2015-11-13,25,DEN,H,HOU,9,1,30:04,6,16,0.375,0,0,NA,2,2,1,4,7,11,1,0,2,0,3,14,11,3,34.8
Kenneth Faried,10,10,2015-11-14,25,DEN,A,PHO,-24,1,14:15,1,3,0.333,0,0,NA,0,0,NA,4,3,7,0,1,0,2,1,2,2.6,-22,11.8
Kenneth Faried,11,11,2015-11-17,25,DEN,A,NOP,17,1,25:46,5,6,0.833,0,0,NA,1,1,1,1,6,7,0,0,1,1,5,11,9,24,21.3
Kenneth Faried,12,12,2015-11-18,25,DEN,A,SAS,-11,1,28:50,7,12,0.583,0,0,NA,1,1,1,0,7,7,3,1,0,0,2,15,13.8,-7,30.3
Kenneth Faried,13,13,2015-11-20,26,DEN,H,PHO,-7,1,24:45,2,4,0.5,0,0,NA,0,2,0,3,4,7,1,1,0,3,3,4,2,-6,14.8
Kenneth Faried,17,14,2015-11-28,26,DEN,A,DAL,-11,0,14:08,4,5,0.8,0,0,NA,2,3,0.667,2,3,5,0,2,1,3,4,10,8.1,4,20.8
Kenneth Faried,18,15,2015-11-30,26,DEN,A,MIL,-18,1,22:40,5,9,0.556,0,0,NA,1,1,1,2,5,7,1,0,0,2,2,11,7.5,-5,20.3
Kenneth Faried,19,16,2015-12-02,26,DEN,A,CHI,-9,1,28:36,7,10,0.7,0,0,NA,0,2,0,5,4,9,3,0,1,4,3,14,11.3,-2,29.8
Kenneth Faried,21,17,2015-12-05,26,DEN,A,PHI,3,0,21:39,4,8,0.5,0,0,NA,4,9,0.444,5,4,9,2,0,2,3,1,12,10.1,7,28.8
Kenneth Faried,22,18,2015-12-08,26,DEN,H,ORL,-11,1,35:42,2,12,0.167,0,0,NA,3,6,0.5,2,9,11,3,1,2,2,3,7,3.6,-7,30.3
Kenneth Faried,23,19,2015-12-11,26,DEN,H,MIN,3,1,37:33,4,8,0.5,0,0,NA,6,15,0.4,3,9,12,0,1,1,1,3,14,10.7,4,34
Kenneth Faried,24,20,2015-12-14,26,DEN,H,HOU,6,1,19:48,5,8,0.625,0,0,NA,1,2,0.5,5,4,9,1,0,2,1,1,11,12.4,-11,27.3
Kenneth Faried,25,21,2015-12-15,26,DEN,A,MIN,12,1,28:16,7,12,0.583,0,0,NA,5,8,0.625,3,7,10,1,0,3,0,5,19,17.2,-3,40.5
Kenneth Faried,26,22,2015-12-18,26,DEN,A,UTA,-9,1,28:47,4,11,0.364,0,0,NA,0,2,0,4,3,7,0,0,0,2,4,8,1.2,-7,15.8
Kenneth Faried,27,23,2015-12-20,26,DEN,H,NOP,-5,1,24:14,8,14,0.571,0,1,0,5,7,0.714,9,4,13,0,0,0,1,5,21,18.1,-13,38.3
Kenneth Faried,28,24,2015-12-22,26,DEN,H,LAL,-4,1,29:37,4,9,0.444,0,0,NA,6,6,1,3,6,9,3,0,1,1,1,14,14.6,-9,31.3
Kenneth Faried,29,25,2015-12-23,26,DEN,A,PHO,8,1,27:13,5,7,0.714,0,0,NA,1,3,0.333,3,3,6,0,0,3,1,2,11,10.6,-1,24
Kenneth Faried,30,26,2015-12-26,26,DEN,A,SAS,-15,1,23:35,4,7,0.571,0,0,NA,0,0,NA,0,2,2,0,0,1,1,2,8,4.2,-24,12
Kenneth Faried,31,27,2015-12-27,26,DEN,A,OKC,-10,1,28:48,12,20,0.6,0,0,NA,1,2,0.5,8,3,11,1,0,2,1,2,25,22.2,-8,45.3
Kenneth Faried,32,28,2015-12-29,26,DEN,H,CLE,-6,1,27:54,4,8,0.5,0,0,NA,1,2,0.5,3,5,8,0,1,0,0,3,9,8,1,21
Kenneth Faried,33,29,2015-12-30,26,DEN,A,POR,-7,1,29:31,4,12,0.333,0,0,NA,0,0,NA,3,9,12,2,0,2,4,3,8,3.6,-2,28
Kenneth Faried,34,30,2016-01-02,26,DEN,A,GSW,-3,1,28:52,7,12,0.583,0,0,NA,1,1,1,9,3,12,4,0,0,1,3,15,17.2,-9,37
Kenneth Faried,35,31,2016-01-03,26,DEN,H,POR,-6,1,27:28,6,14,0.429,0,0,NA,1,5,0.2,6,3,9,1,0,1,1,2,13,8.7,5,27.3
Kenneth Faried,36,32,2016-01-06,26,DEN,A,MIN,4,1,18:08,1,8,0.125,0,0,NA,1,2,0.5,2,5,7,0,2,0,0,2,3,1.5,-11,15.8
Kenneth Faried,39,33,2016-01-13,26,DEN,H,GSW,2,1,20:03,2,4,0.5,0,0,NA,1,2,0.5,2,2,4,2,0,1,0,3,5,5.5,-1,15
Kenneth Faried,40,34,2016-01-15,26,DEN,H,MIA,-3,1,26:14,4,9,0.444,0,0,NA,6,7,0.857,0,5,5,1,1,2,2,3,14,10.3,-3,26.8
Kenneth Faried,41,35,2016-01-17,26,DEN,H,IND,3,1,26:54,5,7,0.714,0,0,NA,3,5,0.6,6,3,9,1,1,0,0,1,13,15.7,3,27.8
Kenneth Faried,42,36,2016-01-19,26,DEN,H,OKC,-6,1,28:22,6,13,0.462,0,0,NA,5,6,0.833,7,8,15,1,0,1,1,5,17,15.6,-1,40.3
Kenneth Faried,43,37,2016-01-21,26,DEN,H,MEM,-1,1,23:52,8,12,0.667,0,0,NA,1,3,0.333,3,9,12,0,0,1,0,2,17,15.7,-1,35.5
Kenneth Faried,45,38,2016-01-25,26,DEN,H,ATL,-14,1,16:36,2,5,0.4,0,0,NA,0,0,NA,2,3,5,1,0,1,1,3,4,2.8,-6,13.3
Kenneth Faried,46,39,2016-01-27,26,DEN,A,BOS,-8,1,28:16,7,13,0.538,0,0,NA,1,2,0.5,6,9,15,4,1,1,0,2,15,18.9,9,45.3
Kenneth Faried,47,40,2016-01-28,26,DEN,A,WAS,4,1,26:38,2,3,0.667,0,0,NA,3,4,0.75,0,5,5,2,1,1,1,3,7,7.7,9,19.8
Kenneth Faried,48,41,2016-01-30,26,DEN,A,IND,-4,1,35:04,6,10,0.6,0,0,NA,4,4,1,3,9,12,0,1,0,3,5,16,12.2,6,33
Kenneth Faried,49,42,2016-02-01,26,DEN,H,TOR,19,1,23:53,5,6,0.833,0,0,NA,3,3,1,0,7,7,2,1,0,2,1,13,12.9,13,25.8
Kenneth Faried,50,43,2016-02-03,26,DEN,A,UTA,-4,1,27:04,5,8,0.625,0,0,NA,4,5,0.8,2,3,5,0,0,1,2,3,14,9.8,-3,21.3
Kenneth Faried,51,44,2016-02-05,26,DEN,H,CHI,5,1,26:16,4,5,0.8,0,0,NA,3,9,0.333,3,8,11,3,0,0,3,3,11,9.1,11,29.3
Kenneth Faried,52,45,2016-02-07,26,DEN,A,NYK,5,1,26:10,7,10,0.7,0,0,NA,0,0,NA,3,3,6,0,0,1,1,1,14,12.1,-8,23
Kenneth Faried,53,46,2016-02-08,26,DEN,A,BRK,-1,1,28:54,10,16,0.625,0,0,NA,2,2,1,6,7,13,2,0,1,0,2,22,22.4,8,44.8
Kenneth Faried,54,47,2016-02-10,26,DEN,A,DET,11,1,18:23,6,9,0.667,0,0,NA,0,1,0,2,4,6,1,0,0,2,4,12,7.4,-1,20
Kenneth Faried,55,48,2016-02-19,26,DEN,A,SAC,-6,1,23:07,3,8,0.375,0,0,NA,0,2,0,2,7,9,1,0,2,0,1,6,6,-9,22.8
Kenneth Faried,56,49,2016-02-21,26,DEN,H,BOS,-20,1,13:13,0,0,NA,0,0,NA,0,0,NA,0,1,1,1,0,0,0,2,0,0.2,-6,2.8
Kenneth Faried,57,50,2016-02-23,26,DEN,H,SAC,-4,1,21:56,6,9,0.667,0,0,NA,1,2,0.5,3,4,7,1,1,1,0,3,13,13.2,-5,27.3
Kenneth Faried,58,51,2016-02-24,26,DEN,A,LAC,6,1,22:44,10,15,0.667,0,0,NA,1,1,1,6,5,11,1,1,0,0,2,21,21.1,7,39.8
Kenneth Faried,59,52,2016-02-26,26,DEN,A,DAL,-6,1,33:45,8,12,0.667,0,0,NA,4,6,0.667,6,6,12,0,1,1,1,4,20,19.1,-20,40
Kenneth Faried,60,53,2016-02-29,26,DEN,H,MEM,-7,1,28:24,8,12,0.667,0,0,NA,0,0,NA,4,7,11,4,1,0,1,3,16,17.3,-5,38.8
Kenneth Faried,61,54,2016-03-02,26,DEN,H,LAL,10,1,17:57,4,5,0.8,0,0,NA,2,2,1,0,3,3,1,0,0,0,4,10,8.1,8,15.3
Kenneth Faried,62,55,2016-03-04,26,DEN,H,BRK,-1,1,27:42,6,9,0.667,0,0,NA,5,6,0.833,4,6,10,1,0,1,2,1,17,16.3,1,33.5
Kenneth Faried,63,56,2016-03-06,26,DEN,H,DAL,2,1,36:09,11,18,0.611,0,0,NA,3,6,0.5,11,9,20,1,1,1,0,2,25,27.6,17,57
Kenneth Faried,64,57,2016-03-08,26,DEN,H,NYK,16,1,27:50,10,16,0.625,0,0,NA,4,5,0.8,6,4,10,0,1,1,1,1,24,22.1,22,41.5
Kenneth Faried,65,58,2016-03-10,26,DEN,H,PHO,18,1,14:38,2,9,0.222,0,0,NA,0,0,NA,3,2,5,1,1,1,2,2,4,0.8,-4,14.8
Kenneth Faried,66,59,2016-03-12,26,DEN,H,WAS,16,1,20:50,4,6,0.667,0,0,NA,2,2,1,1,4,5,0,0,0,2,1,10,6.9,-15,15.3
Kenneth Faried,67,60,2016-03-14,26,DEN,A,MIA,-5,1,25:41,11,11,1,0,0,NA,2,3,0.667,6,5,11,2,0,1,3,3,24,23.9,8,42.8
Kenneth Faried,68,61,2016-03-15,26,DEN,A,ORL,-6,1,14:49,3,5,0.6,0,0,NA,1,2,0.5,1,4,5,1,0,0,2,2,7,4.1,-11,13.8
Kenneth Faried,75,62,2016-03-28,26,DEN,H,DAL,-9,1,22:22,3,7,0.429,0,0,NA,3,4,0.75,4,7,11,0,0,2,4,3,9,6,-9,24.8
Kenneth Faried,76,63,2016-03-30,26,DEN,A,MEM,4,1,24:11,2,7,0.286,0,0,NA,2,2,1,2,3,5,2,0,0,2,5,6,1.6,18,14.3
Kenneth Faried,77,64,2016-03-31,26,DEN,A,NOP,-6,1,24:49,3,11,0.273,0,0,NA,4,6,0.667,5,7,12,2,2,0,1,0,10,10.7,-1,33
Kenneth Faried,78,65,2016-04-02,26,DEN,H,SAC,-9,1,16:13,4,8,0.5,0,0,NA,0,0,NA,2,5,7,2,0,2,0,1,8,9.3,4,23.8
Kenneth Faried,79,66,2016-04-05,26,DEN,H,OKC,-22,1,22:46,1,6,0.167,0,0,NA,2,2,1,1,1,2,2,1,0,1,3,4,1.4,-14,11
Kenneth Faried,82,67,2016-04-13,26,DEN,A,POR,-8,0,19:19,4,9,0.444,1,1,1,3,5,0.6,5,3,8,0,1,2,2,3,12,10.1,-1,27.5
Jameer Nelson,1,1,2015-10-28,33,DEN,A,HOU,20,0,24:30,4,9,0.444,2,5,0.4,0,0,NA,0,5,5,3,1,0,3,6,10,4.5,6,22.3
Jameer Nelson,2,2,2015-10-30,33,DEN,H,MIN,-17,0,25:42,1,10,0.1,1,4,0.25,0,0,NA,0,2,2,4,1,0,1,2,3,-1,2,13.5
Jameer Nelson,3,3,2015-11-01,33,DEN,A,OKC,-24,0,27:03,5,13,0.385,2,5,0.4,1,1,1,1,0,1,7,1,0,2,3,13,9.3,-6,26.8
Jameer Nelson,4,4,2015-11-03,33,DEN,A,LAL,11,0,25:50,1,7,0.143,0,3,0,2,2,1,0,4,4,9,0,0,3,4,4,2.4,9,21
Jameer Nelson,5,5,2015-11-05,33,DEN,H,UTA,-12,0,19:00,1,4,0.25,0,2,0,2,3,0.667,0,1,1,4,1,0,2,0,4,3.3,-12,12.3
Jameer Nelson,6,6,2015-11-06,33,DEN,A,GSW,-15,0,21:25,4,8,0.5,2,6,0.333,0,0,NA,0,1,1,4,2,0,4,3,10,5.9,-12,20.3
Jameer Nelson,9,7,2015-11-13,33,DEN,H,HOU,9,0,27:55,5,8,0.625,0,1,0,3,5,0.6,1,4,5,3,0,0,1,2,13,10.8,15,23.3
Jameer Nelson,10,8,2015-11-14,33,DEN,A,PHO,-24,0,25:51,2,11,0.182,0,5,0,2,2,1,0,0,0,1,0,0,1,2,6,-2,-20,7
Jameer Nelson,11,9,2015-11-17,33,DEN,A,NOP,17,0,25:58,6,11,0.545,4,6,0.667,0,0,NA,1,3,4,4,1,0,0,4,16,14.5,9,31
Jameer Nelson,12,10,2015-11-18,33,DEN,A,SAS,-11,0,21:10,3,8,0.375,1,4,0.25,0,0,NA,0,2,2,4,0,0,1,3,7,3.8,7,15.5
Jameer Nelson,13,11,2015-11-20,33,DEN,H,PHO,-7,0,24:10,1,8,0.125,0,4,0,0,0,NA,1,1,2,7,0,0,0,2,2,1.9,0,15
Jameer Nelson,14,12,2015-11-22,33,DEN,H,GSW,-13,0,23:59,2,4,0.5,0,1,0,0,0,NA,0,2,2,2,0,0,4,3,4,-1.2,-12,7.5
Jameer Nelson,15,13,2015-11-24,33,DEN,H,LAC,-17,0,24:26,1,5,0.2,0,1,0,0,0,NA,0,1,1,3,0,0,1,1,2,-0.1,1,7.3
Jameer Nelson,16,14,2015-11-27,33,DEN,H,SAS,-11,0,21:37,5,10,0.5,2,4,0.5,0,0,NA,0,1,1,2,0,0,1,3,12,6.5,-4,16.8
Jameer Nelson,17,15,2015-11-28,33,DEN,A,DAL,-11,0,17:13,1,4,0.25,0,2,0,0,0,NA,0,2,2,3,1,0,2,1,2,0.9,-5,10
Jameer Nelson,18,16,2015-11-30,33,DEN,A,MIL,-18,0,24:44,3,7,0.429,0,3,0,0,0,NA,0,1,1,4,2,0,2,5,6,3.4,-7,16.3
Jameer Nelson,19,17,2015-12-02,33,DEN,A,CHI,-9,0,17:43,0,2,0,0,1,0,0,0,NA,0,2,2,3,0,0,0,3,0,0.1,-11,7
Jameer Nelson,20,18,2015-12-03,33,DEN,A,TOR,1,0,28:10,1,3,0.333,0,1,0,0,0,NA,1,4,5,7,0,0,2,1,2,4.7,-8,17.8
Jameer Nelson,21,19,2015-12-05,33,DEN,A,PHI,3,0,25:35,4,9,0.444,2,4,0.5,0,0,NA,0,2,2,3,0,0,1,1,10,6.6,2,17.5
Jameer Nelson,22,20,2015-12-08,33,DEN,H,ORL,-11,0,26:01,2,8,0.25,2,5,0.4,0,0,NA,0,3,3,5,2,1,1,2,6,6.5,-5,23.8
Jameer Nelson,23,21,2015-12-11,33,DEN,H,MIN,3,0,37:47,7,12,0.583,4,7,0.571,2,2,1,1,5,6,7,2,0,3,5,20,18.5,13,42.5
Jameer Nelson,24,22,2015-12-14,33,DEN,H,HOU,6,1,37:13,4,13,0.308,2,6,0.333,0,0,NA,2,3,5,7,0,0,4,3,10,4.5,9,25.8
Jameer Nelson,25,23,2015-12-15,33,DEN,A,MIN,12,1,22:54,4,7,0.571,2,3,0.667,0,0,NA,0,3,3,4,2,0,2,4,10,8.8,0,23.8
Jameer Nelson,26,24,2015-12-18,33,DEN,A,UTA,-9,1,33:20,5,8,0.625,1,4,0.25,4,4,1,2,3,5,6,1,1,2,4,15,16,-13,33.8
Jameer Nelson,27,25,2015-12-20,33,DEN,H,NOP,-5,1,36:34,6,12,0.5,3,6,0.5,0,0,NA,0,2,2,6,0,0,2,4,15,10.2,-13,27
Jameer Nelson,28,26,2015-12-22,33,DEN,H,LAL,-4,1,29:49,2,9,0.222,0,4,0,1,2,0.5,0,3,3,8,0,0,2,2,5,2.8,-5,19.8
Jameer Nelson,30,27,2015-12-26,33,DEN,A,SAS,-15,1,20:45,2,7,0.286,0,3,0,0,0,NA,0,5,5,3,0,0,2,2,4,0.7,-16,13.8
Jameer Nelson,31,28,2015-12-27,33,DEN,A,OKC,-10,1,42:32,5,11,0.455,3,6,0.5,2,2,1,1,7,8,5,0,0,2,4,15,12,-13,33
Jameer Nelson,32,29,2015-12-29,33,DEN,H,CLE,-6,1,23:52,0,6,0,0,1,0,0,0,NA,0,4,4,8,1,1,1,2,0,2.5,-9,20.5
Jameer Nelson,33,30,2015-12-30,33,DEN,A,POR,-7,1,40:30,6,12,0.5,2,6,0.333,0,0,NA,0,3,3,8,2,0,1,3,14,14.3,-10,34.3
Jameer Nelson,34,31,2016-01-02,33,DEN,A,GSW,-3,1,45:46,8,18,0.444,2,10,0.2,2,2,1,4,4,8,7,0,0,2,4,20,15.9,-5,40.5
Jameer Nelson,35,32,2016-01-03,33,DEN,H,POR,-6,1,32:41,4,8,0.5,0,2,0,9,10,0.9,2,2,4,7,1,0,1,1,17,19.1,8,34
Jameer Nelson,36,33,2016-01-06,33,DEN,A,MIN,4,1,20:18,2,8,0.25,2,4,0.5,0,0,NA,0,0,0,3,0,0,2,1,6,0.9,-10,10.5
Jameer Nelson,37,34,2016-01-08,33,DEN,A,MEM,-7,1,30:21,0,3,0,0,2,0,0,0,NA,0,3,3,9,1,1,1,0,0,5.8,3,20.8
Jameer Nelson,39,35,2016-01-13,33,DEN,H,GSW,2,1,32:13,1,10,0.1,1,6,0.167,0,0,NA,1,1,2,9,2,0,3,1,3,2.3,-3,22
Jameer Nelson,40,36,2016-01-15,33,DEN,H,MIA,-3,1,30:30,3,6,0.5,1,2,0.5,0,0,NA,1,2,3,4,1,1,2,4,7,6.2,-8,20.3
Jameer Nelson,47,37,2016-01-28,33,DEN,A,WAS,4,0,17:02,2,5,0.4,2,4,0.5,0,0,NA,0,1,1,4,0,0,2,3,6,3.2,0,13.3
Jameer Nelson,48,38,2016-01-30,33,DEN,A,IND,-4,0,16:25,0,2,0,0,1,0,0,0,NA,0,3,3,3,0,0,0,1,0,1.2,-5,8.3
Jameer Nelson,75,39,2016-03-28,34,DEN,H,DAL,-9,0,7:07,0,1,0,0,0,NA,0,0,NA,0,1,1,0,0,0,0,1,0,-0.8,-4,1.3
Emmanuel Mudiay,1,1,2015-10-28,19,DEN,A,HOU,20,1,37:54,6,13,0.462,3,5,0.6,2,4,0.5,0,5,5,9,0,0,11,4,17,4.7,13,32.8
Emmanuel Mudiay,2,2,2015-10-30,19,DEN,H,MIN,-17,1,26:30,5,15,0.333,2,5,0.4,3,6,0.5,0,2,2,2,2,2,4,2,15,5.9,-13,27.5
Emmanuel Mudiay,3,3,2015-11-01,19,DEN,A,OKC,-24,1,26:52,3,14,0.214,0,3,0,0,0,NA,1,3,4,5,1,0,4,1,6,-0.9,-20,18.5
Emmanuel Mudiay,4,4,2015-11-03,19,DEN,A,LAL,11,1,31:28,3,13,0.231,3,4,0.75,3,3,1,1,1,2,10,1,1,6,4,12,6.2,10,33.5
Emmanuel Mudiay,5,5,2015-11-05,19,DEN,H,UTA,-12,1,29:34,2,8,0.25,1,3,0.333,3,4,0.75,1,6,7,3,0,0,3,2,8,3.6,-9,20.3
Emmanuel Mudiay,6,6,2015-11-06,19,DEN,A,GSW,-15,1,30:23,6,20,0.3,0,4,0,1,2,0.5,1,3,4,5,4,1,4,3,13,5.6,-11,33.5
Emmanuel Mudiay,7,7,2015-11-09,19,DEN,H,POR,4,1,28:20,6,12,0.5,1,3,0.333,5,7,0.714,1,5,6,5,0,2,2,3,18,15.1,-4,36.5
Emmanuel Mudiay,8,8,2015-11-11,19,DEN,H,MIL,1,1,35:18,5,16,0.313,1,6,0.167,5,8,0.625,1,2,3,11,1,0,1,1,16,14.2,2,39.8
Emmanuel Mudiay,9,9,2015-11-13,19,DEN,H,HOU,9,1,33:22,1,10,0.1,0,3,0,0,0,NA,1,3,4,11,2,2,9,2,2,-1.7,7,27
Emmanuel Mudiay,10,10,2015-11-14,19,DEN,A,PHO,-24,1,24:22,6,18,0.333,1,7,0.143,0,0,NA,0,5,5,1,0,1,3,0,13,2.7,-4,21.8
Emmanuel Mudiay,11,11,2015-11-17,19,DEN,A,NOP,17,1,33:23,5,14,0.357,0,1,0,2,3,0.667,1,2,3,8,1,2,2,1,12,10.7,17,32.8
Emmanuel Mudiay,12,12,2015-11-18,19,DEN,A,SAS,-11,1,26:50,2,12,0.167,0,0,NA,1,1,1,1,2,3,7,0,0,2,2,5,0.8,-18,18.3
Emmanuel Mudiay,13,13,2015-11-20,19,DEN,H,PHO,-7,1,29:04,10,16,0.625,1,3,0.333,5,7,0.714,1,2,3,5,3,1,6,2,26,19.7,-8,42.8
Emmanuel Mudiay,14,14,2015-11-22,19,DEN,H,GSW,-13,1,32:42,6,21,0.286,1,4,0.25,4,4,1,1,1,2,8,1,1,3,2,17,9.2,-10,34.5
Emmanuel Mudiay,15,15,2015-11-24,19,DEN,H,LAC,-17,1,23:34,3,8,0.375,1,3,0.333,0,0,NA,1,2,3,4,1,0,3,4,7,3.1,-18,17.8
Emmanuel Mudiay,16,16,2015-11-27,19,DEN,H,SAS,-11,1,28:50,3,14,0.214,0,1,0,3,3,1,1,2,3,3,0,0,2,3,9,0.6,-13,16.3
Emmanuel Mudiay,17,17,2015-11-28,19,DEN,A,DAL,-11,1,34:17,5,15,0.333,0,3,0,2,4,0.5,0,5,5,4,1,0,2,4,12,4.4,-5,25.3
Emmanuel Mudiay,18,18,2015-11-30,19,DEN,A,MIL,-18,1,28:31,3,11,0.273,1,5,0.2,3,4,0.75,0,1,1,4,1,0,5,2,10,1.4,-11,17.3
Emmanuel Mudiay,19,19,2015-12-02,19,DEN,A,CHI,-9,1,30:17,2,13,0.154,0,2,0,0,2,0,1,2,3,7,2,1,2,1,4,1.4,2,23.3
Emmanuel Mudiay,20,20,2015-12-03,19,DEN,A,TOR,1,1,31:35,2,9,0.222,1,2,0.5,0,0,NA,0,3,3,9,0,0,3,2,5,2.9,12,21.3
Emmanuel Mudiay,21,21,2015-12-05,19,DEN,A,PHI,3,1,31:27,4,12,0.333,1,3,0.333,1,2,0.5,2,3,5,6,1,0,7,1,10,2.9,-3,24.3
Emmanuel Mudiay,22,22,2015-12-08,19,DEN,H,ORL,-11,1,21:59,2,5,0.4,0,1,0,2,2,1,2,1,3,4,1,1,5,1,6,4.1,-6,17.3
Emmanuel Mudiay,23,23,2015-12-11,19,DEN,H,MIN,3,1,12:10,1,5,0.2,0,2,0,0,0,NA,0,2,2,1,0,0,2,2,2,-2.6,-8,5
Emmanuel Mudiay,38,24,2016-01-10,19,DEN,H,CHO,3,1,38:50,5,15,0.333,1,3,0.333,0,0,NA,0,4,4,6,2,1,4,0,11,6.6,-2,29.5
Emmanuel Mudiay,39,25,2016-01-13,19,DEN,H,GSW,2,0,16:47,1,7,0.143,0,2,0,2,2,1,0,2,2,2,1,0,1,2,4,0.7,-1,11
Emmanuel Mudiay,40,26,2016-01-15,19,DEN,H,MIA,-3,0,25:39,5,11,0.455,2,3,0.667,4,4,1,0,1,1,4,0,1,2,0,16,12.1,2,25.3
Emmanuel Mudiay,41,27,2016-01-17,19,DEN,H,IND,3,1,36:48,4,10,0.4,0,1,0,2,8,0.25,0,4,4,6,3,1,7,5,10,2.3,4,28.5
Emmanuel Mudiay,42,28,2016-01-19,19,DEN,H,OKC,-6,1,33:14,5,14,0.357,0,1,0,3,7,0.429,0,3,3,9,0,0,3,2,13,7,-1,28.8
Emmanuel Mudiay,43,29,2016-01-21,19,DEN,H,MEM,-1,1,32:56,6,13,0.462,2,5,0.4,0,2,0,0,3,3,8,0,0,1,2,14,11.2,-3,30.3
Emmanuel Mudiay,44,30,2016-01-23,19,DEN,H,DET,3,1,34:31,6,15,0.4,1,4,0.25,5,6,0.833,0,4,4,4,1,1,4,3,18,10,16,31.5
Emmanuel Mudiay,45,31,2016-01-25,19,DEN,H,ATL,-14,1,30:24,4,13,0.308,1,3,0.333,1,2,0.5,0,1,1,6,1,0,3,2,10,3.8,-11,21.3
Emmanuel Mudiay,46,32,2016-01-27,19,DEN,A,BOS,-8,1,26:11,4,10,0.4,1,2,0.5,4,4,1,0,2,2,4,0,0,5,3,13,4.8,-7,19.5
Emmanuel Mudiay,47,33,2016-01-28,19,DEN,A,WAS,4,1,31:12,7,14,0.5,1,2,0.5,5,6,0.833,0,4,4,4,2,0,4,4,20,13,3,33.5
Emmanuel Mudiay,48,34,2016-01-30,19,DEN,A,IND,-4,1,36:35,4,10,0.4,0,1,0,3,5,0.6,0,5,5,8,0,0,4,2,11,7.1,1,27.3
Emmanuel Mudiay,49,35,2016-02-01,19,DEN,H,TOR,19,1,23:52,2,6,0.333,0,2,0,0,0,NA,0,0,0,8,2,1,1,1,4,7.5,9,21.5
Emmanuel Mudiay,50,36,2016-02-03,19,DEN,A,UTA,-4,1,32:31,3,10,0.3,0,0,NA,3,6,0.5,0,1,1,6,2,0,3,1,9,5.1,0,21.8
Emmanuel Mudiay,51,37,2016-02-05,19,DEN,H,CHI,5,1,38:51,8,18,0.444,1,2,0.5,5,11,0.455,0,0,0,5,2,2,2,1,22,14.7,4,37
Emmanuel Mudiay,52,38,2016-02-07,19,DEN,A,NYK,5,1,31:46,6,18,0.333,2,6,0.333,1,4,0.25,0,4,4,9,0,0,0,0,15,11.1,-6,34.5
Emmanuel Mudiay,53,39,2016-02-08,19,DEN,A,BRK,-1,1,35:28,3,10,0.3,0,1,0,1,2,0.5,1,5,6,8,2,0,4,1,7,6.2,-4,28.5
Emmanuel Mudiay,54,40,2016-02-10,19,DEN,A,DET,11,1,33:59,6,12,0.5,1,3,0.333,1,3,0.333,0,4,4,6,2,1,2,1,14,12.9,15,33.5
Emmanuel Mudiay,55,41,2016-02-19,19,DEN,A,SAC,-6,1,30:15,4,14,0.286,0,3,0,0,0,NA,0,2,2,4,3,0,5,2,8,0.4,-6,20
Emmanuel Mudiay,56,42,2016-02-21,19,DEN,H,BOS,-20,1,30:35,5,9,0.556,2,4,0.5,6,6,1,1,4,5,3,2,0,4,3,18,14.5,-9,31.8
Emmanuel Mudiay,57,43,2016-02-23,19,DEN,H,SAC,-4,1,26:20,5,13,0.385,1,4,0.25,0,0,NA,0,0,0,4,1,1,0,2,11,7.6,-7,21.5
Emmanuel Mudiay,58,44,2016-02-24,19,DEN,A,LAC,6,1,30:26,1,12,0.083,0,2,0,2,2,1,1,4,5,6,1,0,0,2,4,2.3,8,21.3
Emmanuel Mudiay,59,45,2016-02-26,19,DEN,A,DAL,-6,1,26:19,1,5,0.2,0,1,0,2,2,1,0,2,2,6,1,0,4,3,4,1.5,-4,15.5
Emmanuel Mudiay,60,46,2016-02-29,19,DEN,H,MEM,-7,1,32:56,3,9,0.333,2,4,0.5,0,0,NA,0,5,5,7,0,2,4,3,8,5.5,-5,27.8
Emmanuel Mudiay,61,47,2016-03-02,19,DEN,H,LAL,10,1,33:37,10,20,0.5,2,4,0.5,0,2,0,2,2,4,7,0,1,2,2,22,16,25,39.5
Emmanuel Mudiay,62,48,2016-03-04,19,DEN,H,BRK,-1,1,32:56,9,16,0.563,1,3,0.333,6,7,0.857,3,3,6,7,2,1,3,4,25,23,2,48
Emmanuel Mudiay,63,49,2016-03-06,20,DEN,H,DAL,2,1,39:43,6,21,0.286,3,7,0.429,1,2,0.5,0,4,4,8,2,2,2,2,16,10.7,18,41.5
Emmanuel Mudiay,64,50,2016-03-08,20,DEN,H,NYK,16,1,30:50,6,19,0.316,1,4,0.25,2,2,1,0,7,7,5,0,0,1,1,15,8.3,17,31.3
Emmanuel Mudiay,65,51,2016-03-10,20,DEN,H,PHO,18,1,34:19,13,20,0.65,4,7,0.571,0,1,0,0,2,2,5,0,1,4,4,30,20,20,42
Emmanuel Mudiay,66,52,2016-03-12,20,DEN,H,WAS,16,1,22:14,4,9,0.444,0,2,0,2,2,1,0,0,0,2,1,0,4,4,10,2.1,-11,13
Emmanuel Mudiay,67,53,2016-03-14,20,DEN,A,MIA,-5,1,32:52,9,19,0.474,2,4,0.5,3,5,0.6,0,3,3,10,0,0,5,2,23,14.6,4,41.8
Emmanuel Mudiay,68,54,2016-03-15,20,DEN,A,ORL,-6,1,27:23,5,12,0.417,2,5,0.4,2,2,1,0,2,2,4,0,0,3,3,14,6.8,-13,22
Emmanuel Mudiay,69,55,2016-03-17,20,DEN,A,ATL,-18,1,23:13,3,11,0.273,1,4,0.25,5,6,0.833,0,2,2,2,1,0,1,1,12,6.7,-23,19.5
Emmanuel Mudiay,70,56,2016-03-19,20,DEN,A,CHO,8,1,34:19,4,16,0.25,1,2,0.5,2,4,0.5,2,5,7,4,0,0,1,1,11,4.9,0,25.8
Emmanuel Mudiay,71,57,2016-03-21,20,DEN,A,CLE,-33,1,26:27,1,11,0.091,1,3,0.333,2,2,1,1,2,3,3,1,0,2,1,5,-0.3,-26,14.8
Emmanuel Mudiay,72,58,2016-03-23,20,DEN,H,PHI,1,1,42:02,10,23,0.435,3,5,0.6,4,5,0.8,1,10,11,4,0,1,1,1,27,20.3,16,51.3
Emmanuel Mudiay,73,59,2016-03-25,20,DEN,A,LAL,11,1,21:09,3,8,0.375,0,1,0,3,4,0.75,0,3,3,3,1,0,1,0,9,7.2,-7,18.8
Emmanuel Mudiay,74,60,2016-03-27,20,DEN,A,LAC,-15,1,22:35,2,15,0.133,0,5,0,0,0,NA,1,1,2,1,1,1,2,2,4,-5.1,-17,11
Emmanuel Mudiay,75,61,2016-03-28,20,DEN,H,DAL,-9,1,35:27,5,11,0.455,1,3,0.333,5,6,0.833,0,6,6,7,1,0,4,3,16,12.4,2,34.5
Emmanuel Mudiay,76,62,2016-03-30,20,DEN,A,MEM,4,1,30:53,6,15,0.4,3,7,0.429,2,2,1,0,2,2,5,0,1,5,2,17,7.9,-3,28
Emmanuel Mudiay,77,63,2016-03-31,20,DEN,A,NOP,-6,1,25:52,5,12,0.417,3,6,0.5,0,0,NA,0,2,2,4,1,0,0,2,13,10.2,-1,25
Emmanuel Mudiay,78,64,2016-04-02,20,DEN,H,SAC,-9,1,29:10,6,17,0.353,2,6,0.333,1,2,0.5,1,2,3,6,0,0,4,6,15,4.2,1,26.8
Emmanuel Mudiay,79,65,2016-04-05,20,DEN,H,OKC,-22,1,27:03,6,14,0.429,1,6,0.167,2,4,0.5,0,2,2,4,1,0,5,2,15,5.4,-28,23.5
Emmanuel Mudiay,80,66,2016-04-08,20,DEN,H,SAS,4,1,36:19,8,15,0.533,3,6,0.5,1,1,1,0,6,6,5,1,1,3,1,20,16.3,23,39
Emmanuel Mudiay,81,67,2016-04-10,20,DEN,H,UTA,-16,1,37:31,8,16,0.5,3,6,0.5,0,0,NA,0,3,3,5,1,0,2,2,19,13.6,-14,32.8
Emmanuel Mudiay,82,68,2016-04-13,20,DEN,A,POR,-8,1,36:53,11,23,0.478,1,4,0.25,2,2,1,0,4,4,6,0,0,4,1,25,14.3,-1,37.5
Joffrey Lauvergne,1,1,2015-10-28,24,DEN,A,HOU,20,1,21:33,4,5,0.8,1,1,1,2,2,1,2,5,7,1,0,1,1,3,11,11.2,16,23.3
Joffrey Lauvergne,2,2,2015-10-30,24,DEN,H,MIN,-17,1,16:15,4,7,0.571,0,1,0,2,2,1,3,2,5,2,0,0,0,3,10,9.6,-5,19.3
Joffrey Lauvergne,3,3,2015-11-01,24,DEN,A,OKC,-24,1,18:50,4,6,0.667,2,2,1,1,1,1,2,5,7,3,1,0,1,3,11,12.2,-17,26.8
Joffrey Lauvergne,17,4,2015-11-28,24,DEN,A,DAL,-11,0,8:19,0,1,0,0,1,0,0,0,NA,0,2,2,0,0,0,1,2,0,-1.9,-7,2
Joffrey Lauvergne,18,5,2015-11-30,24,DEN,A,MIL,-18,0,19:05,3,9,0.333,0,0,NA,1,2,0.5,2,4,6,1,0,0,0,1,7,4.4,-8,16
Joffrey Lauvergne,19,6,2015-12-02,24,DEN,A,CHI,-9,0,21:21,3,13,0.231,1,1,1,4,4,1,1,6,7,2,0,1,0,2,11,6.9,-8,25.3
Joffrey Lauvergne,20,7,2015-12-03,24,DEN,A,TOR,1,1,24:33,6,9,0.667,0,1,0,2,2,1,1,9,10,1,0,1,0,2,14,14.1,0,31.5
Joffrey Lauvergne,21,8,2015-12-05,24,DEN,A,PHI,3,1,9:03,1,4,0.25,0,0,NA,0,0,NA,1,1,2,1,1,0,1,1,2,0.9,4,7.5
Joffrey Lauvergne,23,9,2015-12-11,24,DEN,H,MIN,3,1,13:41,4,6,0.667,0,1,0,0,0,NA,0,3,3,0,0,0,0,2,8,5.5,-10,11.8
Joffrey Lauvergne,24,10,2015-12-14,24,DEN,H,HOU,6,1,21:05,7,11,0.636,0,1,0,0,0,NA,4,7,11,1,0,0,2,4,14,11.1,-11,29.8
Joffrey Lauvergne,25,11,2015-12-15,24,DEN,A,MIN,12,1,16:00,4,5,0.8,1,1,1,2,2,1,1,6,7,1,0,0,2,2,11,9.5,8,20.8
Joffrey Lauvergne,26,12,2015-12-18,24,DEN,A,UTA,-9,1,26:59,5,12,0.417,2,4,0.5,0,0,NA,6,7,13,1,0,0,0,1,12,12.2,-4,32.3
Joffrey Lauvergne,27,13,2015-12-20,24,DEN,H,NOP,-5,1,12:33,2,4,0.5,1,2,0.5,0,0,NA,0,2,2,1,0,1,0,2,5,4.2,-17,11.5
Joffrey Lauvergne,28,14,2015-12-22,24,DEN,H,LAL,-4,1,16:05,0,4,0,0,1,0,0,0,NA,0,4,4,2,0,1,1,4,0,-2.1,-6,9.5
Joffrey Lauvergne,30,15,2015-12-26,24,DEN,A,SAS,-15,1,21:51,4,9,0.444,1,2,0.5,0,0,NA,1,5,6,1,0,0,0,0,9,7.2,-22,18.5
Joffrey Lauvergne,31,16,2015-12-27,24,DEN,A,OKC,-10,1,30:39,8,15,0.533,0,1,0,2,2,1,3,1,4,1,0,0,0,1,18,13.4,-14,24.5
Joffrey Lauvergne,32,17,2015-12-29,24,DEN,H,CLE,-6,1,24:19,7,12,0.583,0,2,0,0,0,NA,3,4,7,3,1,0,4,1,14,10.4,-15,27.3
Joffrey Lauvergne,33,18,2015-12-30,24,DEN,A,POR,-7,1,22:37,4,11,0.364,1,2,0.5,3,3,1,1,5,6,3,2,0,2,2,12,9.4,-11,27.5
Joffrey Lauvergne,35,19,2016-01-03,24,DEN,H,POR,-6,0,5:43,0,0,NA,0,0,NA,0,0,NA,0,0,0,1,0,0,0,0,0,0.7,-9,1.5
Joffrey Lauvergne,37,20,2016-01-08,24,DEN,A,MEM,-7,0,19:05,3,10,0.3,0,0,NA,0,1,0,3,4,7,0,0,0,2,5,6,-0.9,-2,13.8
Joffrey Lauvergne,38,21,2016-01-10,24,DEN,H,CHO,3,0,8:16,0,1,0,0,0,NA,0,0,NA,0,2,2,0,0,0,0,1,0,-0.5,-5,2.5
Joffrey Lauvergne,41,22,2016-01-17,24,DEN,H,IND,3,0,15:21,2,5,0.4,1,2,0.5,0,0,NA,2,2,4,0,0,1,1,2,5,3.2,-2,12
Joffrey Lauvergne,42,23,2016-01-19,24,DEN,H,OKC,-6,0,19:35,6,6,1,0,0,NA,0,0,NA,1,3,4,0,1,1,1,1,12,12.1,-9,20.5
Joffrey Lauvergne,43,24,2016-01-21,24,DEN,H,MEM,-1,0,28:01,3,3,1,1,1,1,2,2,1,3,5,8,3,0,0,2,6,9,9.4,2,23
Joffrey Lauvergne,44,25,2016-01-23,24,DEN,H,DET,3,0,16:10,2,3,0.667,0,1,0,0,1,0,1,3,4,1,0,0,1,2,4,2.8,-3,10
Joffrey Lauvergne,45,26,2016-01-25,24,DEN,H,ATL,-14,0,15:00,2,4,0.5,0,1,0,4,4,1,0,4,4,0,1,0,2,1,8,5.8,-6,14
Joffrey Lauvergne,49,27,2016-02-01,24,DEN,H,TOR,19,0,2:54,2,2,1,0,0,NA,0,0,NA,0,0,0,0,0,0,0,0,4,3.4,-4,4
Joffrey Lauvergne,50,28,2016-02-03,24,DEN,A,UTA,-4,0,19:20,0,4,0,0,2,0,0,0,NA,1,3,4,0,1,0,1,1,0,-1.6,-4,6.5
Joffrey Lauvergne,51,29,2016-02-05,24,DEN,H,CHI,5,0,13:53,1,6,0.167,0,1,0,1,2,0.5,1,2,3,0,0,0,0,4,3,-1.5,0,6.8
Joffrey Lauvergne,52,30,2016-02-07,24,DEN,A,NYK,5,0,28:55,5,11,0.455,0,3,0,2,2,1,4,6,10,1,0,1,3,5,12,7.3,12,28
Joffrey Lauvergne,53,31,2016-02-08,24,DEN,A,BRK,-1,0,5:25,2,2,1,0,0,NA,0,0,NA,1,0,1,0,0,0,1,1,4,2.7,-10,4.8
Joffrey Lauvergne,54,32,2016-02-10,24,DEN,A,DET,11,0,20:55,1,2,0.5,0,0,NA,2,2,1,1,3,4,2,0,0,0,0,4,6,6,12
Joffrey Lauvergne,55,33,2016-02-19,24,DEN,A,SAC,-6,0,24:53,10,14,0.714,1,1,1,1,2,0.5,2,5,7,1,0,1,1,2,22,18.3,3,34.3
Joffrey Lauvergne,56,34,2016-02-21,24,DEN,H,BOS,-20,0,2:20,0,0,NA,0,0,NA,0,0,NA,0,0,0,0,0,0,0,0,0,0,-2,0
Joffrey Lauvergne,57,35,2016-02-23,24,DEN,H,SAC,-4,0,22:50,5,11,0.455,0,1,0,0,0,NA,2,4,6,0,0,0,2,2,10,4.1,3,16.5
Joffrey Lauvergne,58,36,2016-02-24,24,DEN,A,LAC,6,0,21:47,4,6,0.667,0,1,0,4,4,1,0,6,6,0,0,0,0,0,12,11.2,-2,19.5
Joffrey Lauvergne,59,37,2016-02-26,24,DEN,A,DAL,-6,0,3:24,0,0,NA,0,0,NA,0,0,NA,0,1,1,0,0,0,0,1,0,-0.1,8,1.3
Joffrey Lauvergne,60,38,2016-02-29,24,DEN,H,MEM,-7,0,19:18,5,8,0.625,0,1,0,1,1,1,1,2,3,2,0,0,1,2,11,8.3,-5,17.3
Joffrey Lauvergne,61,39,2016-03-02,24,DEN,H,LAL,10,0,25:35,3,7,0.429,0,1,0,1,2,0.5,1,9,10,1,0,0,1,2,7,5.2,-5,20.5
Joffrey Lauvergne,62,40,2016-03-04,24,DEN,H,BRK,-1,0,19:08,6,10,0.6,0,1,0,2,2,1,2,3,5,1,0,0,2,2,14,9.6,0,20.8
Joffrey Lauvergne,63,41,2016-03-06,24,DEN,H,DAL,2,0,14:12,1,4,0.25,0,0,NA,0,0,NA,2,2,4,0,0,0,1,5,2,-1.4,-9,6.5
Joffrey Lauvergne,64,42,2016-03-08,24,DEN,H,NYK,16,0,13:42,1,3,0.333,0,0,NA,0,0,NA,0,6,6,4,1,0,0,5,2,3.9,-5,17.5
Joffrey Lauvergne,65,43,2016-03-10,24,DEN,H,PHO,18,0,19:24,2,5,0.4,0,0,NA,2,2,1,0,2,2,0,1,1,2,3,6,2.4,1,11.5
Joffrey Lauvergne,66,44,2016-03-12,24,DEN,H,WAS,16,0,9:12,1,3,0.333,0,0,NA,0,0,NA,1,4,5,0,1,0,1,2,2,1.4,-3,9.8
Joffrey Lauvergne,67,45,2016-03-14,24,DEN,A,MIA,-5,0,12:22,4,7,0.571,0,0,NA,2,2,1,2,1,3,0,0,0,0,2,10,7.6,-13,13.8
Joffrey Lauvergne,68,46,2016-03-15,24,DEN,A,ORL,-6,0,22:41,6,9,0.667,0,1,0,0,0,NA,1,7,8,1,0,0,0,2,12,10.8,-1,23.5
Joffrey Lauvergne,69,47,2016-03-17,24,DEN,A,ATL,-18,0,30:25,6,8,0.75,0,1,0,4,4,1,1,5,6,1,0,1,0,0,16,16.4,6,27
Joffrey Lauvergne,70,48,2016-03-19,24,DEN,A,CHO,8,0,13:03,0,0,NA,0,0,NA,0,0,NA,1,3,4,0,1,0,0,2,0,1.8,6,7
Joffrey Lauvergne,71,49,2016-03-21,24,DEN,A,CLE,-33,0,18:35,3,7,0.429,0,1,0,3,3,1,1,3,4,0,0,0,1,0,9,5.9,1,13.5
Joffrey Lauvergne,72,50,2016-03-23,24,DEN,H,PHI,1,0,3:54,1,2,0.5,0,0,NA,0,0,NA,0,0,0,0,0,0,1,1,2,-0.4,-15,1.5
Joffrey Lauvergne,73,51,2016-03-25,24,DEN,A,LAL,11,0,24:32,4,10,0.4,0,2,0,1,1,1,4,6,10,0,0,0,0,3,9,7,11,21.5
Joffrey Lauvergne,74,52,2016-03-27,24,DEN,A,LAC,-15,0,17:46,5,7,0.714,0,1,0,0,0,NA,1,3,4,1,0,0,1,3,10,7.2,0,16
Joffrey Lauvergne,75,53,2016-03-28,24,DEN,H,DAL,-9,0,22:36,4,7,0.571,0,2,0,0,0,NA,1,2,3,2,0,1,1,2,8,6.3,-17,16.3
Joffrey Lauvergne,76,54,2016-03-30,24,DEN,A,MEM,4,0,16:30,5,7,0.714,0,0,NA,2,2,1,1,2,3,0,1,1,1,1,12,10.7,-4,19.3
Joffrey Lauvergne,77,55,2016-03-31,24,DEN,A,NOP,-6,0,10:43,2,3,0.667,0,0,NA,0,0,NA,0,0,0,0,0,0,1,0,4,1.7,3,3.5
Joffrey Lauvergne,78,56,2016-04-02,24,DEN,H,SAC,-9,0,24:00,7,12,0.583,0,2,0,1,2,0.5,1,5,6,2,0,0,1,1,15,11.2,-10,25
Joffrey Lauvergne,79,57,2016-04-05,24,DEN,H,OKC,-22,0,27:32,5,11,0.455,0,0,NA,2,2,1,2,8,10,3,0,0,1,1,12,10.8,0,30
Joffrey Lauvergne,80,58,2016-04-08,24,DEN,H,SAS,4,0,14:37,2,6,0.333,0,0,NA,4,4,1,1,4,5,3,0,1,4,4,8,3.7,-7,18.8
Joffrey Lauvergne,81,59,2016-04-10,24,DEN,H,UTA,-16,0,22:53,4,11,0.364,0,2,0,2,2,1,0,5,5,1,0,1,2,2,10,4,-4,18.8
Nikola Jokic,1,1,2015-10-28,20,DEN,A,HOU,20,0,3:55,1,1,1,0,0,NA,0,0,NA,0,0,0,0,0,0,1,0,2,0.7,1,1.5
Nikola Jokic,2,2,2015-10-30,20,DEN,H,MIN,-17,0,18:09,5,8,0.625,0,0,NA,0,0,NA,3,6,9,1,0,0,2,3,10,7.8,10,21.8
Nikola Jokic,3,3,2015-11-01,20,DEN,A,OKC,-24,0,24:26,4,9,0.444,0,0,NA,0,0,NA,3,1,4,0,0,0,1,2,8,3.9,-2,12.5
Nikola Jokic,5,4,2015-11-05,20,DEN,H,UTA,-12,0,17:44,1,4,0.25,0,0,NA,3,4,0.75,1,2,3,0,0,1,1,1,5,2.8,-6,10.3
Nikola Jokic,6,5,2015-11-06,20,DEN,A,GSW,-15,0,17:00,2,4,0.5,0,0,NA,0,2,0,2,2,4,1,1,1,1,1,4,4.2,-5,14
Nikola Jokic,7,6,2015-11-09,20,DEN,H,POR,4,0,15:37,3,3,1,0,0,NA,4,4,1,0,2,2,1,2,0,1,2,10,10.6,-1,17.5
Nikola Jokic,8,7,2015-11-11,20,DEN,H,MIL,1,0,14:26,4,7,0.571,0,0,NA,0,1,0,3,2,5,4,2,0,2,0,8,9.8,9,23.3
Nikola Jokic,9,8,2015-11-13,20,DEN,H,HOU,9,0,5:48,1,3,0.333,0,1,0,1,2,0.5,2,3,5,0,0,0,1,2,3,1.4,5,8.8
Nikola Jokic,10,9,2015-11-14,20,DEN,A,PHO,-24,0,18:17,2,3,0.667,0,0,NA,0,0,NA,2,4,6,0,3,0,0,3,4,7.1,2,17.5
Nikola Jokic,11,10,2015-11-17,20,DEN,A,NOP,17,0,0:40,0,0,NA,0,0,NA,0,0,NA,1,0,1,0,0,0,0,0,0,0.7,0,1.3
Nikola Jokic,12,11,2015-11-18,20,DEN,A,SAS,-11,0,31:54,8,13,0.615,1,1,1,6,6,1,6,6,12,0,2,3,0,2,23,26.4,-2,50
Nikola Jokic,13,12,2015-11-20,20,DEN,H,PHO,-7,1,17:51,2,6,0.333,0,1,0,2,2,1,2,2,4,1,1,0,0,3,6,5.1,-9,14.5
Nikola Jokic,14,13,2015-11-22,20,DEN,H,GSW,-13,1,27:21,3,7,0.429,0,0,NA,5,7,0.714,4,7,11,2,2,1,1,0,11,14.5,-12,34.8
Nikola Jokic,15,14,2015-11-24,20,DEN,H,LAC,-17,1,24:27,7,13,0.538,0,1,0,2,3,0.667,1,5,6,2,0,0,1,5,16,9.9,-4,26
Nikola Jokic,16,15,2015-11-27,20,DEN,H,SAS,-11,1,12:24,3,4,0.75,0,0,NA,0,0,NA,1,1,2,0,0,0,3,4,6,0.8,5,7
Nikola Jokic,17,16,2015-11-28,20,DEN,A,DAL,-11,1,18:34,2,3,0.667,1,1,1,3,4,0.75,2,4,6,0,1,0,3,3,8,5.7,-7,16.5
Nikola Jokic,18,17,2015-11-30,20,DEN,A,MIL,-18,1,25:22,4,7,0.571,0,1,0,0,2,0,1,5,6,2,0,2,1,1,8,7.5,-14,22
Nikola Jokic,19,18,2015-12-02,20,DEN,A,CHI,-9,1,10:08,3,6,0.5,1,1,1,0,0,NA,0,3,3,0,0,1,0,1,7,5.2,-1,13.3
Nikola Jokic,20,19,2015-12-03,20,DEN,A,TOR,1,0,13:54,4,7,0.571,0,0,NA,0,0,NA,1,5,6,0,0,0,0,0,8,6.9,3,15.5
Nikola Jokic,22,20,2015-12-08,20,DEN,H,ORL,-11,0,17:04,2,6,0.333,0,0,NA,0,0,NA,1,3,4,1,0,0,0,1,4,2.5,2,10.5
Nikola Jokic,23,21,2015-12-11,20,DEN,H,MIN,3,0,24:31,5,10,0.5,1,2,0.5,8,8,1,3,3,6,4,1,0,2,5,19,16.8,9,34
Nikola Jokic,24,22,2015-12-14,20,DEN,H,HOU,6,0,22:05,3,3,1,0,0,NA,3,3,1,0,7,7,1,1,0,1,1,9,10.5,24,20.8
Nikola Jokic,25,23,2015-12-15,20,DEN,A,MIN,12,0,20:33,3,4,0.75,0,0,NA,0,0,NA,2,1,3,2,2,2,2,3,6,7.7,12,19.8
Nikola Jokic,26,24,2015-12-18,20,DEN,A,UTA,-9,0,21:01,1,5,0.2,0,2,0,5,6,0.833,3,7,10,0,1,0,2,3,7,5.5,-5,20.5
Nikola Jokic,27,25,2015-12-20,20,DEN,H,NOP,-5,0,22:53,6,8,0.75,0,1,0,1,2,0.5,1,2,3,2,0,1,0,2,13,12,11,21.8
Nikola Jokic,28,26,2015-12-22,20,DEN,H,LAL,-4,0,29:59,5,7,0.714,0,0,NA,5,6,0.833,6,4,10,5,0,0,3,1,15,17.2,3,35
Nikola Jokic,29,27,2015-12-23,20,DEN,A,PHO,8,0,21:32,5,7,0.714,1,2,0.5,2,2,1,5,4,9,2,1,0,2,3,13,14,17,28.8
Nikola Jokic,30,28,2015-12-26,20,DEN,A,SAS,-15,0,26:09,10,19,0.526,1,2,0.5,1,2,0.5,5,2,7,5,1,1,3,4,22,17,7,41.3
Nikola Jokic,31,29,2015-12-27,20,DEN,A,OKC,-10,0,17:21,3,7,0.429,1,1,1,0,0,NA,1,2,3,2,1,0,2,4,7,3.4,4,15.3
Nikola Jokic,32,30,2015-12-29,20,DEN,H,CLE,-6,0,22:25,4,11,0.364,0,0,NA,2,3,0.667,2,5,7,1,1,1,2,6,10,4.4,4,23.3
Nikola Jokic,33,31,2015-12-30,20,DEN,A,POR,-7,0,18:22,3,6,0.5,0,0,NA,4,4,1,3,3,6,1,0,2,2,0,10,10.1,0,22
Nikola Jokic,34,32,2016-01-02,20,DEN,A,GSW,-3,1,5:24,0,0,NA,0,0,NA,0,0,NA,0,1,1,1,0,0,2,2,0,-1.8,-18,1.8
Nikola Jokic,35,33,2016-01-03,20,DEN,H,POR,-6,1,21:54,3,7,0.429,0,1,0,3,4,0.75,4,6,10,2,2,1,2,5,9,9.6,0,29.5
Nikola Jokic,36,34,2016-01-06,20,DEN,A,MIN,4,1,25:45,2,5,0.4,0,1,0,0,0,NA,2,3,5,3,0,0,2,1,4,3.3,-7,13.8
Nikola Jokic,37,35,2016-01-08,20,DEN,A,MEM,-7,1,18:31,4,4,1,1,1,1,0,0,NA,3,2,5,1,0,0,1,2,9,9.4,4,16.8
Nikola Jokic,38,36,2016-01-10,20,DEN,H,CHO,3,1,23:08,2,4,0.5,0,1,0,0,0,NA,0,7,7,9,0,1,1,1,4,9.7,4,27.8
Nikola Jokic,39,37,2016-01-13,20,DEN,H,GSW,2,1,15:45,3,6,0.5,0,1,0,0,0,NA,3,4,7,2,3,0,1,4,6,8.1,13,23.3
Nikola Jokic,40,38,2016-01-15,20,DEN,H,MIA,-3,0,17:40,4,7,0.571,0,0,NA,1,1,1,2,4,6,5,0,1,1,2,9,10.7,3,25.5
Nikola Jokic,41,39,2016-01-17,20,DEN,H,IND,3,1,24:14,6,11,0.545,1,3,0.333,5,6,0.833,2,0,2,3,4,0,1,2,18,18,4,33
Nikola Jokic,42,40,2016-01-19,20,DEN,H,OKC,-6,1,19:09,2,4,0.5,0,1,0,2,2,1,1,2,3,1,1,0,1,2,6,5.2,3,12.8
Nikola Jokic,43,41,2016-01-21,20,DEN,H,MEM,-1,1,13:43,2,3,0.667,0,0,NA,5,5,1,1,1,2,2,2,0,0,3,9,10.9,-1,18.5
Nikola Jokic,44,42,2016-01-23,20,DEN,H,DET,3,1,31:50,7,11,0.636,1,1,1,2,2,1,1,4,5,3,2,3,0,3,17,19,6,38.3
Nikola Jokic,45,43,2016-01-25,20,DEN,H,ATL,-14,1,18:15,5,7,0.714,0,1,0,5,6,0.833,3,7,10,3,2,1,0,2,15,19.9,12,39.5
Nikola Jokic,46,44,2016-01-27,20,DEN,A,BOS,-8,1,19:12,1,6,0.167,0,0,NA,1,2,0.5,3,4,7,4,1,1,3,2,3,2.8,-7,20.3
Nikola Jokic,47,45,2016-01-28,20,DEN,A,WAS,4,1,25:28,7,12,0.583,0,1,0,1,3,0.333,5,5,10,3,1,1,0,5,15,15.4,7,37.5
Nikola Jokic,48,46,2016-01-30,20,DEN,A,IND,-4,1,35:18,7,15,0.467,1,2,0.5,1,1,1,3,8,11,2,5,0,3,4,16,14.6,11,43.3
Nikola Jokic,49,47,2016-02-01,20,DEN,H,TOR,19,1,29:57,12,18,0.667,1,3,0.333,2,4,0.5,3,11,14,4,0,1,2,3,27,24.1,12,53.5
Nikola Jokic,50,48,2016-02-03,20,DEN,A,UTA,-4,1,29:01,3,9,0.333,1,2,0.5,1,2,0.5,3,3,6,4,2,0,0,5,8,8.3,-3,26
Nikola Jokic,51,49,2016-02-05,20,DEN,H,CHI,5,1,25:42,6,14,0.429,2,2,1,2,2,1,4,8,12,3,0,2,1,6,16,13.9,5,41.5
Nikola Jokic,52,50,2016-02-07,20,DEN,A,NYK,5,1,18:34,4,9,0.444,1,1,1,4,4,1,3,3,6,0,1,0,1,3,13,10.1,-4,22.5
Nikola Jokic,53,51,2016-02-08,20,DEN,A,BRK,-1,1,13:57,1,5,0.2,0,1,0,0,0,NA,1,2,3,0,1,0,1,2,2,-0.6,-10,7.3
Nikola Jokic,54,52,2016-02-10,20,DEN,A,DET,11,1,24:55,2,7,0.286,0,1,0,1,1,1,0,6,6,2,1,0,1,0,5,4.1,5,17
Nikola Jokic,55,53,2016-02-19,21,DEN,A,SAC,-6,1,3:40,0,0,NA,0,0,NA,0,0,NA,0,1,1,0,0,0,1,4,0,-2.3,-3,0.8
Nikola Jokic,56,54,2016-02-21,21,DEN,H,BOS,-20,1,30:12,10,15,0.667,1,2,0.5,2,2,1,3,10,13,4,2,0,4,4,23,20.8,-11,49.3
Nikola Jokic,57,55,2016-02-23,21,DEN,H,SAC,-4,1,20:11,4,8,0.5,1,2,0.5,4,4,1,4,9,13,6,2,0,2,5,13,16.7,-5,43.3
Nikola Jokic,58,56,2016-02-24,21,DEN,A,LAC,6,1,26:13,3,9,0.333,1,4,0.25,0,0,NA,4,7,11,3,1,1,3,2,7,6.8,8,28.3
Nikola Jokic,59,57,2016-02-26,21,DEN,A,DAL,-6,1,10:58,2,4,0.5,0,0,NA,1,2,0.5,3,1,4,2,0,0,1,3,5,4.2,4,12.5
Nikola Jokic,60,58,2016-02-29,21,DEN,H,MEM,-7,1,19:06,3,4,0.75,0,0,NA,4,4,1,0,6,6,3,1,1,3,2,10,10.2,-2,24.5
Nikola Jokic,61,59,2016-03-02,21,DEN,H,LAL,10,1,28:23,3,8,0.375,1,2,0.5,7,8,0.875,1,5,6,3,0,2,1,5,14,11.9,17,30
Nikola Jokic,62,60,2016-03-04,21,DEN,H,BRK,-1,1,33:52,6,14,0.429,0,2,0,3,3,1,2,10,12,4,1,1,2,5,15,12.5,-1,40.5
Nikola Jokic,63,61,2016-03-06,21,DEN,H,DAL,2,1,20:39,4,11,0.364,0,2,0,5,5,1,2,10,12,3,2,1,3,4,13,11.5,9,38.5
Nikola Jokic,64,62,2016-03-08,21,DEN,H,NYK,16,1,33:52,9,20,0.45,0,1,0,2,4,0.5,3,6,9,3,1,1,1,0,20,15.5,10,39.3
Nikola Jokic,65,63,2016-03-10,21,DEN,H,PHO,18,1,27:24,6,8,0.75,1,2,0.5,5,5,1,2,8,10,4,2,3,0,4,18,23.9,20,48.5
Nikola Jokic,66,64,2016-03-12,21,DEN,H,WAS,16,1,16:31,0,0,NA,0,0,NA,0,0,NA,0,5,5,3,0,0,2,4,0,0,-4,9.8
Nikola Jokic,67,65,2016-03-14,21,DEN,A,MIA,-5,1,27:48,5,10,0.5,1,2,0.5,1,2,0.5,3,5,8,4,2,1,1,2,12,13.9,4,34
Nikola Jokic,68,66,2016-03-15,21,DEN,A,ORL,-6,1,25:19,5,8,0.625,1,1,1,3,3,1,3,3,6,4,1,1,2,3,14,14.7,-5,31
Nikola Jokic,69,67,2016-03-17,21,DEN,A,ATL,-18,1,22:06,4,7,0.571,0,1,0,0,0,NA,1,4,5,2,1,1,1,2,8,7.9,-25,20.8
Nikola Jokic,70,68,2016-03-19,21,DEN,A,CHO,8,1,24:45,5,16,0.313,1,2,0.5,0,0,NA,6,8,14,4,0,1,1,6,11,8.5,6,38
Nikola Jokic,71,69,2016-03-21,21,DEN,A,CLE,-33,1,22:36,4,12,0.333,0,1,0,3,3,1,1,3,4,3,3,0,2,2,11,8.1,-24,25.5
Nikola Jokic,72,70,2016-03-23,21,DEN,H,PHI,1,1,27:00,5,6,0.833,0,0,NA,8,12,0.667,1,7,8,5,1,0,1,1,18,20.1,8,37
Nikola Jokic,73,71,2016-03-25,21,DEN,A,LAL,11,1,21:42,4,9,0.444,0,2,0,0,0,NA,2,10,12,4,0,0,1,3,8,8.3,-2,28.5
Nikola Jokic,74,72,2016-03-27,21,DEN,A,LAC,-15,1,20:51,2,7,0.286,0,1,0,1,2,0.5,3,6,9,2,1,0,0,1,5,6.4,-18,21.3
Nikola Jokic,75,73,2016-03-28,21,DEN,H,DAL,-9,1,23:55,1,7,0.143,0,2,0,0,0,NA,0,8,8,2,2,0,3,2,2,-0.5,10,17.5
Nikola Jokic,76,74,2016-03-30,21,DEN,A,MEM,4,1,28:41,4,6,0.667,1,1,1,0,0,NA,5,9,14,1,0,1,1,5,9,11,3,30
Nikola Jokic,77,75,2016-03-31,21,DEN,A,NOP,-6,1,23:06,4,7,0.571,1,3,0.333,0,0,NA,2,6,8,3,1,1,1,1,9,11.3,-8,27.5
Nikola Jokic,78,76,2016-04-02,21,DEN,H,SAC,-9,1,32:14,2,6,0.333,0,1,0,2,2,1,4,9,13,5,1,2,0,2,6,13.2,-1,35.8
Nikola Jokic,79,77,2016-04-05,21,DEN,H,OKC,-22,1,19:03,3,5,0.6,1,3,0.333,0,0,NA,0,2,2,2,0,2,0,2,7,7.3,-9,17
Nikola Jokic,80,78,2016-04-08,21,DEN,H,SAS,4,1,32:13,3,9,0.333,0,2,0,2,2,1,3,12,15,4,1,1,0,2,8,12.3,24,36.8
Nikola Jokic,81,79,2016-04-10,21,DEN,H,UTA,-16,1,36:02,7,9,0.778,0,2,0,5,6,0.833,3,8,11,4,2,1,1,4,19,22.5,-16,45.8
Nikola Jokic,82,80,2016-04-13,21,DEN,A,POR,-8,1,34:56,7,10,0.7,1,2,0.5,3,3,1,6,7,13,5,0,0,2,3,18,20.4,4,42.8
JaKarr Sampson,54,48,2016-02-23,22,DEN,H,SAC,-4,0,13:33,0,3,0,0,1,0,0,0,NA,1,0,1,0,1,1,3,1,0,-3.1,-2,NA
JaKarr Sampson,55,49,2016-02-24,22,DEN,A,LAC,6,0,12:10,1,3,0.333,0,0,NA,1,2,0.5,0,1,1,0,1,0,0,2,3,1.4,-6,6.3
JaKarr Sampson,56,50,2016-02-26,22,DEN,A,DAL,-6,0,3:36,0,0,NA,0,0,NA,0,0,NA,0,0,0,0,1,0,0,2,0,0.2,-4,2
JaKarr Sampson,57,51,2016-02-29,22,DEN,H,MEM,-7,1,29:36,3,5,0.6,1,2,0.5,0,0,NA,0,2,2,1,0,0,3,3,7,1.8,-5,10
JaKarr Sampson,58,52,2016-03-02,22,DEN,H,LAL,10,1,22:56,1,2,0.5,1,1,1,3,4,0.75,0,4,4,0,0,0,0,1,6,5.4,18,11.5
JaKarr Sampson,59,53,2016-03-04,22,DEN,H,BRK,-1,1,25:40,3,6,0.5,0,2,0,1,2,0.5,4,1,5,3,0,0,2,1,7,6.4,-6,16.8
JaKarr Sampson,60,54,2016-03-06,22,DEN,H,DAL,2,1,22:52,3,7,0.429,1,3,0.333,0,0,NA,0,4,4,2,0,1,2,2,7,3.8,2,16.5
JaKarr Sampson,61,55,2016-03-08,22,DEN,H,NYK,16,1,16:37,1,3,0.333,0,1,0,0,0,NA,0,2,2,1,1,0,0,4,2,1,12,8
JaKarr Sampson,62,56,2016-03-10,22,DEN,H,PHO,18,1,14:38,0,4,0,0,1,0,0,0,NA,0,2,2,1,1,2,0,1,0,0.5,-4,10
JaKarr Sampson,63,57,2016-03-12,22,DEN,H,WAS,16,1,13:36,1,2,0.5,1,2,0.5,1,2,0.5,0,2,2,1,0,1,1,3,4,2.4,-9,10
JaKarr Sampson,64,58,2016-03-14,22,DEN,A,MIA,-5,1,22:32,4,6,0.667,0,1,0,0,0,NA,0,1,1,0,1,0,0,3,8,5.5,16,11.3
JaKarr Sampson,65,59,2016-03-15,22,DEN,A,ORL,-6,1,8:38,1,2,0.5,0,1,0,0,0,NA,0,0,0,0,0,0,1,1,2,-0.4,-6,1.5
JaKarr Sampson,66,60,2016-03-17,22,DEN,A,ATL,-18,1,13:21,3,5,0.6,0,0,NA,2,2,1,0,5,5,0,0,0,1,2,8,5.4,-24,13.8
JaKarr Sampson,67,61,2016-03-19,22,DEN,A,CHO,8,1,23:10,3,4,0.75,0,0,NA,1,1,1,0,3,3,0,0,0,1,3,7,4.1,-5,10.3
JaKarr Sampson,68,62,2016-03-21,23,DEN,A,CLE,-33,1,10:09,1,3,0.333,0,0,NA,0,0,NA,1,0,1,0,0,0,0,1,2,0.6,-17,3.3
JaKarr Sampson,69,63,2016-03-23,23,DEN,H,PHI,1,1,17:15,3,5,0.6,0,0,NA,3,4,0.75,0,2,2,0,0,2,0,3,9,7.1,0,15.5
JaKarr Sampson,70,64,2016-03-25,23,DEN,A,LAL,11,1,21:58,4,9,0.444,1,1,1,2,2,1,2,1,3,1,0,2,0,2,11,9.3,-10,20.8
JaKarr Sampson,71,65,2016-03-27,23,DEN,A,LAC,-15,1,12:55,1,4,0.25,0,2,0,0,0,NA,0,2,2,0,0,0,1,1,2,-1.2,-19,4
JaKarr Sampson,72,66,2016-03-28,23,DEN,H,DAL,-9,1,17:49,1,4,0.25,0,1,0,0,0,NA,0,3,3,2,0,1,1,1,2,1.2,3,10.3
JaKarr Sampson,73,67,2016-03-30,23,DEN,A,MEM,4,1,27:22,5,6,0.833,1,2,0.5,1,2,0.5,1,1,2,0,1,0,2,3,12,8.2,13,16
JaKarr Sampson,74,68,2016-03-31,23,DEN,A,NOP,-6,1,21:20,1,5,0.2,0,1,0,0,0,NA,0,2,2,2,0,4,1,1,2,2.3,4,15
JaKarr Sampson,75,69,2016-04-02,23,DEN,H,SAC,-9,1,26:53,4,7,0.571,1,2,0.5,0,0,NA,1,2,3,2,1,2,0,3,9,9.6,7,22.3
JaKarr Sampson,76,70,2016-04-05,23,DEN,H,OKC,-22,1,23:36,4,8,0.5,0,2,0,0,0,NA,3,2,5,0,1,0,0,4,8,6.1,-23,16.3
JaKarr Sampson,77,71,2016-04-08,23,DEN,H,SAS,4,1,24:37,6,8,0.75,1,2,0.5,3,4,0.75,1,3,4,0,2,1,0,1,16,16.3,16,27.5
JaKarr Sampson,78,72,2016-04-10,23,DEN,H,UTA,-16,1,13:31,0,2,0,0,1,0,0,0,NA,1,0,1,0,0,0,0,1,0,-1.1,-9,1.3
JaKarr Sampson,79,73,2016-04-13,23,DEN,A,POR,-8,0,8:33,0,2,0,0,0,NA,0,0,NA,1,0,1,0,1,0,0,1,0,-0.1,1,3.3
Gary Harris,1,1,2015-10-28,21,DEN,A,HOU,20,1,29:29,2,5,0.4,1,2,0.5,0,0,NA,0,5,5,5,3,1,1,4,5,8.4,23,26.8
Gary Harris,2,2,2015-10-30,21,DEN,H,MIN,-17,1,17:53,2,8,0.25,0,2,0,0,0,NA,1,0,1,1,1,0,1,3,4,-0.6,-15,8.3
Gary Harris,3,3,2015-11-01,21,DEN,A,OKC,-24,1,26:41,2,5,0.4,1,2,0.5,2,3,0.667,1,3,4,0,0,0,3,0,7,2.5,-22,11
Gary Harris,4,4,2015-11-03,21,DEN,A,LAL,11,1,21:43,5,9,0.556,1,3,0.333,0,1,0,0,3,3,2,2,0,0,1,11,10.2,0,22.3
Gary Harris,5,5,2015-11-05,21,DEN,H,UTA,-12,1,27:41,3,5,0.6,1,1,1,0,0,NA,0,2,2,2,0,1,3,0,7,4.4,1,13.5
Gary Harris,6,6,2015-11-06,21,DEN,A,GSW,-15,1,29:15,6,8,0.75,2,2,1,2,2,1,0,3,3,2,1,0,1,1,16,14.7,-13,25.3
Gary Harris,7,7,2015-11-09,21,DEN,H,POR,4,1,25:28,3,8,0.375,1,3,0.333,0,0,NA,0,3,3,3,0,0,1,2,7,3.8,0,15.3
Gary Harris,8,8,2015-11-11,21,DEN,H,MIL,1,1,28:08,3,7,0.429,2,4,0.5,0,0,NA,0,1,1,5,2,0,2,0,8,8.1,4,20.8
Gary Harris,9,9,2015-11-13,21,DEN,H,HOU,9,1,11:26,1,3,0.333,1,1,1,0,0,NA,1,3,4,0,1,0,1,4,3,1.3,0,10
Gary Harris,10,10,2015-11-14,21,DEN,A,PHO,-24,1,26:16,3,9,0.333,0,5,0,1,1,1,0,1,1,0,1,1,2,2,7,1.1,-17,11.3
Gary Harris,11,11,2015-11-17,21,DEN,A,NOP,17,1,31:50,5,8,0.625,3,4,0.75,3,4,0.75,2,2,4,3,2,0,2,2,16,15.3,15,30
Gary Harris,12,12,2015-11-18,21,DEN,A,SAS,-11,1,27:00,6,10,0.6,1,3,0.333,2,2,1,1,1,2,1,2,0,0,0,15,14.1,-14,23.5
Gary Harris,13,13,2015-11-20,21,DEN,H,PHO,-7,1,28:06,8,13,0.615,2,4,0.5,2,2,1,1,1,2,0,0,0,1,2,20,13.3,-2,23
Gary Harris,14,14,2015-11-22,21,DEN,H,GSW,-13,1,34:04,5,11,0.455,1,3,0.333,1,2,0.5,2,1,3,3,1,0,2,2,12,7.9,-16,21.8
Gary Harris,15,15,2015-11-24,21,DEN,H,LAC,-17,1,34:33,5,11,0.455,3,6,0.5,1,1,1,1,2,3,1,0,0,1,5,14,7.3,-11,20.3
Gary Harris,16,16,2015-11-27,21,DEN,H,SAS,-11,1,25:04,2,4,0.5,1,3,0.333,0,0,NA,0,1,1,3,1,0,2,1,5,4,-14,12.3
Gary Harris,23,17,2015-12-11,21,DEN,H,MIN,3,1,44:22,5,15,0.333,2,6,0.333,0,0,NA,0,2,2,1,0,0,2,3,12,1.6,2,16
Gary Harris,24,18,2015-12-14,21,DEN,H,HOU,6,1,39:49,8,11,0.727,1,2,0.5,4,4,1,1,1,2,1,1,2,2,1,21,18.2,12,30.5
Gary Harris,25,19,2015-12-15,21,DEN,A,MIN,12,1,23:34,2,5,0.4,0,1,0,0,0,NA,1,1,2,0,0,0,1,1,4,0.9,3,6
Gary Harris,26,20,2015-12-18,21,DEN,A,UTA,-9,1,29:03,5,11,0.455,1,6,0.167,1,1,1,0,2,2,2,1,1,3,3,12,5.8,-9,20.5
Gary Harris,27,21,2015-12-20,21,DEN,H,NOP,-5,1,26:20,1,8,0.125,0,3,0,0,0,NA,1,1,2,1,3,1,0,2,2,1.4,-21,14
Gary Harris,28,22,2015-12-22,21,DEN,H,LAL,-4,1,35:25,9,15,0.6,2,5,0.4,1,2,0.5,0,1,1,1,1,1,3,4,21,11.8,-8,27.3
Gary Harris,29,23,2015-12-23,21,DEN,A,PHO,8,1,37:39,2,13,0.154,0,5,0,0,0,NA,2,1,3,3,0,0,0,3,4,-1.7,-5,12.3
Gary Harris,30,24,2015-12-26,21,DEN,A,SAS,-15,1,33:40,4,10,0.4,0,2,0,2,2,1,0,2,2,5,0,0,2,1,10,6.3,-5,19
Gary Harris,31,25,2015-12-27,21,DEN,A,OKC,-10,1,30:47,6,13,0.462,2,5,0.4,2,4,0.5,0,2,2,3,2,0,1,2,16,11.4,-14,27.5
Gary Harris,32,26,2015-12-29,21,DEN,H,CLE,-6,1,32:33,5,13,0.385,1,6,0.167,1,2,0.5,1,6,7,2,2,0,2,2,12,7.6,1,27.3
Gary Harris,33,27,2015-12-30,21,DEN,A,POR,-7,1,40:35,6,11,0.545,4,6,0.667,3,4,0.75,2,2,4,2,2,0,1,1,19,17.3,1,32.5
Gary Harris,34,28,2016-01-02,21,DEN,A,GSW,-3,1,39:18,5,12,0.417,1,4,0.25,0,0,NA,0,2,2,1,2,0,1,2,11,6.1,-11,19
Gary Harris,35,29,2016-01-03,21,DEN,H,POR,-6,1,27:23,2,6,0.333,2,3,0.667,1,2,0.5,0,2,2,1,1,0,0,3,7,4.3,9,14
Gary Harris,36,30,2016-01-06,21,DEN,A,MIN,4,1,24:22,3,6,0.5,2,4,0.5,0,0,NA,0,0,0,0,0,0,0,1,8,4.6,-12,9
Gary Harris,37,31,2016-01-08,21,DEN,A,MEM,-7,1,30:31,4,9,0.444,1,4,0.25,2,2,1,2,3,5,1,1,0,4,1,11,5.9,1,19.3
Gary Harris,38,32,2016-01-10,21,DEN,H,CHO,3,1,35:44,4,8,0.5,3,5,0.6,1,2,0.5,1,0,1,3,2,0,1,3,12,10.2,8,22.8
Gary Harris,39,33,2016-01-13,21,DEN,H,GSW,2,1,39:19,7,14,0.5,1,4,0.25,4,4,1,3,4,7,0,0,1,1,2,19,14.2,-1,29.8
Gary Harris,40,34,2016-01-15,21,DEN,H,MIA,-3,1,37:33,4,14,0.286,1,4,0.25,2,2,1,0,1,1,2,0,0,0,1,11,4.1,-6,15.8
Gary Harris,41,35,2016-01-17,21,DEN,H,IND,3,1,37:49,8,12,0.667,1,3,0.333,3,3,1,0,4,4,2,0,0,2,2,20,14.6,6,27.5
Gary Harris,42,36,2016-01-19,21,DEN,H,OKC,-6,1,30:28,3,8,0.375,2,4,0.5,3,4,0.75,1,5,6,2,0,0,3,4,11,5.2,2,21
Gary Harris,43,37,2016-01-21,21,DEN,H,MEM,-1,1,20:59,3,9,0.333,1,3,0.333,0,0,NA,1,1,2,4,1,0,0,1,7,6.3,-2,18
Gary Harris,44,38,2016-01-23,21,DEN,H,DET,3,1,32:05,5,10,0.5,1,3,0.333,2,2,1,0,4,4,2,5,0,1,4,13,13,14,31
Gary Harris,45,39,2016-01-25,21,DEN,H,ATL,-14,1,31:10,6,9,0.667,3,5,0.6,0,0,NA,0,0,0,1,4,1,3,0,15,13.5,-11,26.5
Gary Harris,46,40,2016-01-27,21,DEN,A,BOS,-8,1,32:49,4,7,0.571,1,4,0.25,6,6,1,0,7,7,0,2,0,2,1,15,13.4,-2,27.3
Gary Harris,47,41,2016-01-28,21,DEN,A,WAS,4,1,28:47,2,6,0.333,1,2,0.5,0,0,NA,0,1,1,0,2,0,2,2,5,1.1,3,9.8
Gary Harris,48,42,2016-01-30,21,DEN,A,IND,-4,1,35:41,7,11,0.636,2,3,0.667,2,3,0.667,0,1,1,3,1,1,2,5,18,12.8,2,27.8
Gary Harris,49,43,2016-02-01,21,DEN,H,TOR,19,1,20:13,3,6,0.5,2,3,0.667,1,1,1,0,2,2,1,0,0,0,4,9,5.7,6,14
Gary Harris,50,44,2016-02-03,21,DEN,A,UTA,-4,1,41:37,4,9,0.444,1,5,0.2,2,2,1,1,5,6,0,3,0,1,3,11,9.3,0,24.5
Gary Harris,51,45,2016-02-05,21,DEN,H,CHI,5,1,34:53,3,7,0.429,0,3,0,0,0,NA,2,4,6,1,0,0,0,0,6,5.6,-13,15
Gary Harris,52,46,2016-02-07,21,DEN,A,NYK,5,1,40:14,2,9,0.222,0,2,0,0,0,NA,1,3,4,3,1,0,0,1,4,2.8,2,15.5
Gary Harris,53,47,2016-02-08,21,DEN,A,BRK,-1,1,39:36,8,12,0.667,1,4,0.25,0,0,NA,0,3,3,1,3,0,1,1,17,15,9,28.3
Gary Harris,54,48,2016-02-10,21,DEN,A,DET,11,1,36:24,4,11,0.364,1,3,0.333,2,2,1,0,2,2,4,2,0,1,1,11,8.9,0,23.5
Gary Harris,55,49,2016-02-19,21,DEN,A,SAC,-6,1,39:31,6,11,0.545,1,5,0.2,1,2,0.5,1,3,4,5,1,0,1,2,14,12.6,-5,28.5
Gary Harris,56,50,2016-02-21,21,DEN,H,BOS,-20,1,38:05,6,14,0.429,0,4,0,2,3,0.667,0,1,1,2,3,0,3,2,14,7.1,-8,22.8
Gary Harris,57,51,2016-02-23,21,DEN,H,SAC,-4,1,24:32,2,9,0.222,0,2,0,0,0,NA,1,1,2,3,1,0,0,1,4,2.2,-7,13
Gary Harris,58,52,2016-02-24,21,DEN,A,LAC,6,1,29:04,7,14,0.5,3,4,0.75,0,0,NA,2,3,5,1,3,0,2,1,17,13.6,9,31.3
Gary Harris,59,53,2016-02-26,21,DEN,A,DAL,-6,1,45:39,6,13,0.462,3,9,0.333,2,5,0.4,2,2,4,0,2,0,1,4,17,10.5,-4,27
Gary Harris,60,54,2016-02-29,21,DEN,H,MEM,-7,1,34:00,6,13,0.462,3,8,0.375,0,0,NA,1,1,2,1,0,1,1,3,15,8.5,0,22
Gary Harris,61,55,2016-03-02,21,DEN,H,LAL,10,1,40:12,6,12,0.5,2,5,0.4,2,2,1,2,1,3,2,1,0,3,2,16,10.3,6,24.3
Gary Harris,62,56,2016-03-04,21,DEN,H,BRK,-1,1,41:22,8,15,0.533,1,7,0.143,4,4,1,0,2,2,3,3,1,2,0,21,18.1,-1,35.5
Gary Harris,63,57,2016-03-06,21,DEN,H,DAL,2,1,43:30,7,13,0.538,1,3,0.333,1,1,1,1,2,3,3,2,0,2,0,16,13.1,14,27.8
Gary Harris,64,58,2016-03-08,21,DEN,H,NYK,16,1,33:03,6,11,0.545,2,4,0.5,2,2,1,0,4,4,4,1,1,1,1,16,15,19,31.5
Gary Harris,65,59,2016-03-10,21,DEN,H,PHO,18,1,31:47,5,11,0.455,2,5,0.4,0,0,NA,1,3,4,2,1,0,0,5,12,8.3,1,23
Gary Harris,66,60,2016-03-12,21,DEN,H,WAS,16,1,31:12,8,13,0.615,0,3,0,1,1,1,1,4,5,2,1,1,3,2,17,12.3,-5,28.8
Gary Harris,67,61,2016-03-14,21,DEN,A,MIA,-5,1,34:12,6,14,0.429,1,5,0.2,5,6,0.833,0,3,3,2,3,0,0,0,18,15.5,12,31.3
Gary Harris,68,62,2016-03-15,21,DEN,A,ORL,-6,1,36:07,6,12,0.5,2,5,0.4,4,5,0.8,1,2,3,3,3,0,3,1,18,14.6,-8,31.8
Gary Harris,69,63,2016-03-17,21,DEN,A,ATL,-18,1,31:50,6,15,0.4,1,3,0.333,2,3,0.667,3,1,4,2,1,0,0,4,15,9.7,-19,25.5
Gary Harris,70,64,2016-03-19,21,DEN,A,CHO,8,1,36:47,5,7,0.714,1,2,0.5,2,2,1,2,2,4,1,0,0,3,1,13,9.4,-2,18.5
Gary Harris,71,65,2016-03-21,21,DEN,A,CLE,-33,1,34:19,4,12,0.333,1,6,0.167,2,2,1,0,2,2,1,2,0,0,2,11,6.7,-45,19.5
Gary Harris,72,66,2016-03-23,21,DEN,H,PHI,1,1,35:30,6,11,0.545,1,2,0.5,5,5,1,2,3,5,0,0,0,0,1,18,14.6,-1,24.8
Gary Harris,73,67,2016-03-25,21,DEN,A,LAL,11,1,23:40,6,13,0.462,1,4,0.25,0,1,0,2,1,3,2,2,0,1,2,13,9.2,-11,23.8
Gary Harris,74,68,2016-03-27,21,DEN,A,LAC,-15,1,29:03,4,10,0.4,3,5,0.6,0,0,NA,0,1,1,2,2,0,0,2,11,8.5,-15,20.8
Gary Harris,75,69,2016-03-28,21,DEN,H,DAL,-9,1,30:03,5,9,0.556,2,4,0.5,1,1,1,0,0,0,1,0,0,1,1,13,8,7,15
Gary Harris,76,70,2016-03-30,21,DEN,A,MEM,4,1,20:07,2,7,0.286,1,5,0.2,0,0,NA,0,1,1,4,1,1,0,4,5,4.1,2,16.8
Gary Harris,77,71,2016-03-31,21,DEN,A,NOP,-6,1,37:46,6,11,0.545,1,3,0.333,3,3,1,0,0,0,4,2,0,1,2,16,13.7,-21,26
Gary Harris,78,72,2016-04-02,21,DEN,H,SAC,-9,1,36:16,6,11,0.545,4,7,0.571,3,4,0.75,0,4,4,2,0,2,0,1,19,16.9,2,33
Gary Harris,79,73,2016-04-05,21,DEN,H,OKC,-22,1,26:47,6,10,0.6,3,6,0.5,2,3,0.667,1,3,4,5,2,0,1,0,17,18.1,-15,34.5
Gary Harris,80,74,2016-04-08,21,DEN,H,SAS,4,1,29:03,2,6,0.333,0,3,0,2,2,1,0,3,3,3,1,0,1,3,6,4.4,19,15.8
Gary Harris,81,75,2016-04-10,21,DEN,H,UTA,-16,1,33:04,5,9,0.556,1,3,0.333,2,2,1,0,3,3,2,0,0,0,1,13,10.6,-18,20.3
Gary Harris,82,76,2016-04-13,21,DEN,A,POR,-8,1,36:49,6,15,0.4,2,5,0.4,2,2,1,1,3,4,1,0,0,3,1,16,6.8,3,22
Jusuf Nurkic,34,1,2016-01-02,21,DEN,A,GSW,-3,0,4:47,0,5,0,0,0,NA,3,4,0.75,1,1,2,0,0,0,1,0,3,-0.9,-3,5
Jusuf Nurkic,35,2,2016-01-03,21,DEN,H,POR,-6,0,14:39,4,7,0.571,0,0,NA,4,9,0.444,2,6,8,0,0,1,0,2,12,9.8,7,24
Jusuf Nurkic,36,3,2016-01-06,21,DEN,A,MIN,4,0,22:00,6,14,0.429,0,0,NA,3,6,0.5,3,7,10,2,0,5,1,5,15,12.5,9,41.5
Jusuf Nurkic,37,4,2016-01-08,21,DEN,A,MEM,-7,0,18:27,2,8,0.25,0,0,NA,2,3,0.667,2,4,6,0,0,1,0,5,6,2.1,-4,15.5
Jusuf Nurkic,38,5,2016-01-10,21,DEN,H,CHO,3,0,13:54,3,9,0.333,0,0,NA,1,2,0.5,4,3,7,0,1,1,0,3,7,5.7,9,19.8
Jusuf Nurkic,39,6,2016-01-13,21,DEN,H,GSW,2,0,14:49,3,8,0.375,0,0,NA,2,2,1,2,2,4,1,0,1,2,2,8,4.2,0,15.5
Jusuf Nurkic,43,7,2016-01-21,21,DEN,H,MEM,-1,0,3:22,0,0,NA,0,0,NA,0,0,NA,0,0,0,0,0,0,1,3,0,-2.2,-9,-0.5
Jusuf Nurkic,45,8,2016-01-25,21,DEN,H,ATL,-14,0,6:39,1,4,0.25,0,0,NA,2,2,1,1,0,1,0,0,0,1,2,4,0.5,-12,4.8
Jusuf Nurkic,46,9,2016-01-27,21,DEN,A,BOS,-8,0,12:00,1,5,0.2,0,0,NA,0,3,0,2,3,5,1,0,1,1,2,2,-0.4,-13,11.3
Jusuf Nurkic,47,10,2016-01-28,21,DEN,A,WAS,4,0,15:38,3,7,0.429,0,0,NA,2,2,1,1,4,5,2,0,1,0,2,8,7.5,-2,19.3
Jusuf Nurkic,48,11,2016-01-30,21,DEN,A,IND,-4,0,16:51,2,6,0.333,0,1,0,3,4,0.75,0,2,2,1,1,2,1,2,7,5.1,-12,16.5
Jusuf Nurkic,49,12,2016-02-01,21,DEN,H,TOR,19,0,15:09,2,10,0.2,0,0,NA,0,0,NA,3,4,7,1,1,0,1,3,4,0.6,11,15.8
Jusuf Nurkic,50,13,2016-02-03,21,DEN,A,UTA,-4,0,14:49,1,3,0.333,0,0,NA,3,4,0.75,1,4,5,1,0,0,2,1,5,3.1,1,11.8
Jusuf Nurkic,51,14,2016-02-05,21,DEN,H,CHI,5,0,12:11,0,4,0,0,0,NA,2,2,1,1,5,6,1,0,2,2,3,2,0.3,-2,14
Jusuf Nurkic,52,15,2016-02-07,21,DEN,A,NYK,5,0,7:19,1,2,0.5,0,0,NA,1,2,0.5,0,1,1,0,1,0,1,1,3,1.5,7,5.8
Jusuf Nurkic,53,16,2016-02-08,21,DEN,A,BRK,-1,0,17:23,3,9,0.333,0,0,NA,2,2,1,2,4,6,1,2,0,1,2,8,6.4,9,20.5
Jusuf Nurkic,54,17,2016-02-10,21,DEN,A,DET,11,0,24:14,8,12,0.667,0,1,0,0,0,NA,3,8,11,2,1,1,3,3,16,14.2,2,36.8
Jusuf Nurkic,55,18,2016-02-19,21,DEN,A,SAC,-6,0,14:06,2,6,0.333,0,0,NA,0,0,NA,2,3,5,2,0,2,0,5,4,3.7,-4,17.3
Jusuf Nurkic,56,19,2016-02-21,21,DEN,H,BOS,-20,0,11:57,1,1,1,0,0,NA,2,2,1,2,0,2,0,1,1,4,3,4,1.6,-1,8.5
Jusuf Nurkic,65,20,2016-03-10,21,DEN,H,PHO,18,0,4:27,1,2,0.5,0,0,NA,0,0,NA,1,2,3,0,2,1,1,1,2,3.6,0,11.3
Jusuf Nurkic,66,21,2016-03-12,21,DEN,H,WAS,16,0,17:58,5,8,0.625,0,0,NA,7,9,0.778,2,2,4,1,1,2,2,3,17,14.5,21,28.5
Jusuf Nurkic,69,22,2016-03-17,21,DEN,A,ATL,-18,0,25:54,5,10,0.5,0,0,NA,0,0,NA,3,4,7,2,1,1,2,3,10,8.2,7,24.8
Jusuf Nurkic,70,23,2016-03-19,21,DEN,A,CHO,8,0,17:57,3,10,0.3,0,0,NA,4,5,0.8,1,2,3,1,1,1,3,2,10,3.7,6,17.8
Jusuf Nurkic,71,24,2016-03-21,21,DEN,A,CLE,-33,0,25:40,5,7,0.714,0,0,NA,1,4,0.25,2,5,7,3,1,3,4,3,11,9.8,-13,30.3
Jusuf Nurkic,72,25,2016-03-23,21,DEN,H,PHI,1,0,16:06,1,4,0.25,0,0,NA,3,4,0.75,0,5,5,0,2,4,2,5,5,4.5,6,22.3
Jusuf Nurkic,73,26,2016-03-25,21,DEN,A,LAL,11,0,26:18,7,11,0.636,0,1,0,4,6,0.667,2,2,4,5,1,2,3,3,18,16,13,35
Jusuf Nurkic,74,27,2016-03-27,21,DEN,A,LAC,-15,0,24:12,9,13,0.692,0,0,NA,1,2,0.5,4,3,7,3,0,1,3,3,19,15.4,4,32.8
Jusuf Nurkic,78,28,2016-04-02,21,DEN,H,SAC,-9,0,16:20,4,10,0.4,0,0,NA,1,4,0.25,5,4,9,2,0,1,1,4,9,6.6,-16,24.8
Jusuf Nurkic,79,29,2016-04-05,21,DEN,H,OKC,-22,0,16:32,1,5,0.2,0,0,NA,4,5,0.8,2,3,5,2,0,2,1,3,6,5.4,-7,18.8
Jusuf Nurkic,80,30,2016-04-08,21,DEN,H,SAS,4,1,34:41,10,18,0.556,0,0,NA,1,2,0.5,3,7,10,1,2,2,2,4,21,16.7,9,43.5
Jusuf Nurkic,81,31,2016-04-10,21,DEN,H,UTA,-16,1,21:54,2,11,0.182,0,0,NA,2,5,0.4,2,2,4,1,0,2,1,3,6,-0.2,-12,16
Jusuf Nurkic,82,32,2016-04-13,21,DEN,A,POR,-8,1,38:50,5,13,0.385,0,0,NA,1,4,0.25,6,8,14,4,5,3,8,5,11,9.2,-18,48
D.J. Augustin,55,35,2016-02-19,28,DEN,A,SAC,-6,0,18:56,2,6,0.333,2,3,0.667,2,2,1,0,0,0,6,3,0,3,2,8,8,-2,22.5
D.J. Augustin,56,36,2016-02-21,28,DEN,H,BOS,-20,0,29:51,4,8,0.5,2,5,0.4,3,4,0.75,0,3,3,4,0,0,1,3,13,10.1,-11,23.3
D.J. Augustin,57,37,2016-02-23,28,DEN,H,SAC,-4,0,21:40,3,7,0.429,1,2,0.5,3,3,1,0,3,3,4,1,0,4,3,10,5.8,3,20.3
D.J. Augustin,58,38,2016-02-24,28,DEN,A,LAC,6,0,17:34,1,6,0.167,1,5,0.2,0,0,NA,0,0,0,2,0,0,3,0,3,-2.4,-2,5
D.J. Augustin,59,39,2016-02-26,28,DEN,A,DAL,-6,0,35:39,7,14,0.5,3,6,0.5,3,4,0.75,0,2,2,3,1,0,1,0,20,15.3,-6,30
D.J. Augustin,60,40,2016-02-29,28,DEN,H,MEM,-7,0,15:28,5,8,0.625,1,2,0.5,0,1,0,0,1,1,2,0,0,2,5,11,4.7,-4,14.8
D.J. Augustin,61,41,2016-03-02,28,DEN,H,LAL,10,0,23:12,7,11,0.636,3,3,1,9,9,1,0,2,2,5,1,0,0,1,26,25.8,-2,39.5
D.J. Augustin,62,42,2016-03-04,28,DEN,H,BRK,-1,0,20:04,4,8,0.5,3,4,0.75,1,1,1,1,2,3,2,0,0,0,0,12,10.7,-3,20.3
D.J. Augustin,63,43,2016-03-06,28,DEN,H,DAL,2,0,27:05,3,10,0.3,3,5,0.6,3,4,0.75,0,1,1,4,0,0,1,1,12,7.5,-7,20.3
D.J. Augustin,64,44,2016-03-08,28,DEN,H,NYK,16,0,21:04,3,8,0.375,1,5,0.2,3,3,1,0,2,2,6,1,0,2,0,10,9.4,7,23
D.J. Augustin,65,45,2016-03-10,28,DEN,H,PHO,18,0,19:32,1,4,0.25,1,3,0.333,1,2,0.5,0,6,6,6,0,0,2,4,4,3.6,14,20
D.J. Augustin,66,46,2016-03-12,28,DEN,H,WAS,16,0,30:43,5,10,0.5,1,5,0.2,6,7,0.857,0,2,2,10,1,0,3,1,17,16.8,25,37
D.J. Augustin,67,47,2016-03-14,28,DEN,A,MIA,-5,0,25:17,6,14,0.429,1,3,0.333,0,0,NA,1,0,1,3,2,0,2,3,13,7.2,-11,22.3
D.J. Augustin,68,48,2016-03-15,28,DEN,A,ORL,-6,0,33:00,2,9,0.222,2,4,0.5,6,6,1,0,4,4,8,3,0,3,2,12,12.5,13,34.5
D.J. Augustin,69,49,2016-03-17,28,DEN,A,ATL,-18,0,28:48,7,12,0.583,2,5,0.4,1,2,0.5,0,1,1,7,0,1,2,4,17,13.3,5,30.8
D.J. Augustin,70,50,2016-03-19,28,DEN,A,CHO,8,0,22:35,8,11,0.727,3,5,0.6,5,7,0.714,0,1,1,3,1,0,2,2,24,19.3,9,32.3
D.J. Augustin,71,51,2016-03-21,28,DEN,A,CLE,-33,0,24:43,3,10,0.3,1,2,0.5,1,1,1,0,2,2,5,1,0,1,0,8,6.3,-6,20
D.J. Augustin,72,52,2016-03-23,28,DEN,H,PHI,1,0,26:07,1,5,0.2,0,4,0,7,8,0.875,0,2,2,5,2,0,2,2,9,8.8,6,22
D.J. Augustin,73,53,2016-03-25,28,DEN,A,LAL,11,0,26:51,6,9,0.667,5,7,0.714,3,6,0.5,0,3,3,8,1,0,1,2,20,20.6,18,39.8
D.J. Augustin,74,54,2016-03-27,28,DEN,A,LAC,-15,0,34:11,5,13,0.385,3,8,0.375,5,6,0.833,0,2,2,10,2,0,2,1,18,17.7,5,41.5
D.J. Augustin,75,55,2016-03-28,28,DEN,H,DAL,-9,0,16:35,0,2,0,0,0,NA,4,4,1,1,2,3,3,0,0,3,1,4,2.6,-17,10.8
D.J. Augustin,76,56,2016-03-30,28,DEN,A,MEM,4,0,23:04,4,7,0.571,1,3,0.333,2,2,1,0,2,2,5,0,0,2,1,11,9.4,-1,20.5
D.J. Augustin,77,57,2016-03-31,28,DEN,A,NOP,-6,0,28:51,4,9,0.444,1,4,0.25,0,0,NA,0,1,1,8,2,0,3,2,9,8.4,-4,25.3
D.J. Augustin,78,58,2016-04-02,28,DEN,H,SAC,-9,0,18:50,3,6,0.5,1,4,0.25,2,2,1,0,1,1,3,0,0,3,1,9,5,-10,13.8
D.J. Augustin,79,59,2016-04-05,28,DEN,H,OKC,-22,0,22:23,4,9,0.444,2,5,0.4,5,7,0.714,0,2,2,4,2,0,3,0,15,11.9,-2,27
D.J. Augustin,80,60,2016-04-08,28,DEN,H,SAS,4,0,13:58,2,5,0.4,0,1,0,0,0,NA,0,0,0,2,0,0,1,1,4,1.3,-19,6.5
D.J. Augustin,81,61,2016-04-10,28,DEN,H,UTA,-16,0,18:05,0,2,0,0,2,0,2,2,1,0,1,1,1,0,0,1,0,2,0.6,-2,4.3
D.J. Augustin,82,62,2016-04-13,28,DEN,A,POR,-8,0,14:40,2,6,0.333,0,2,0,0,1,0,0,1,1,3,1,1,1,2,4,2.5,-9,13.3
