Jodie Meeks,1,1,2015-10-27,28,DET,A,ATL,12,0,10:57,1,4,0.25,0,0,NA,0,0,NA,1,1,2,0,0,0,1,1,2,-0.8,-5,4
Jodie Meeks,2,2,2015-10-28,28,DET,H,UTA,5,0,6:00,0,1,0,0,0,NA,0,0,NA,0,0,0,0,0,0,0,1,0,-1.1,5,0
Jodie Meeks,82,3,2016-04-13,28,DET,A,CLE,2,0,26:32,6,15,0.4,4,9,0.444,4,4,1,0,3,3,3,0,0,0,0,20,14.9,9,30.3
Ersan Ilyasova,1,1,2015-10-27,28,DET,A,ATL,12,1,34:26,6,12,0.5,3,6,0.5,1,2,0.5,3,4,7,3,0,1,3,4,16,11.1,20,31.3
Ersan Ilyasova,2,2,2015-10-28,28,DET,H,UTA,5,1,21:46,3,6,0.5,2,4,0.5,0,0,NA,0,2,2,1,1,0,1,4,8,4.7,-6,14.5
Ersan Ilyasova,3,3,2015-10-30,28,DET,H,CHI,4,1,21:47,1,5,0.2,0,3,0,0,0,NA,3,2,5,0,0,0,1,3,2,-0.6,6,7.8
Ersan Ilyasova,4,4,2015-11-03,28,DET,H,IND,-12,1,34:36,5,13,0.385,2,4,0.5,0,0,NA,4,0,4,0,1,0,0,0,12,8.7,0,20
Ersan Ilyasova,5,5,2015-11-06,28,DET,A,PHO,8,1,21:19,2,6,0.333,1,3,0.333,1,1,1,1,3,4,0,1,1,2,2,6,3.1,3,14.5
Ersan Ilyasova,6,6,2015-11-08,28,DET,A,POR,17,1,26:04,2,5,0.4,2,4,0.5,0,0,NA,0,1,1,4,1,0,0,2,6,6.6,-4,16.3
Ersan Ilyasova,7,7,2015-11-09,28,DET,A,GSW,-14,1,16:54,2,5,0.4,0,2,0,0,0,NA,2,0,2,1,0,0,1,2,4,1.6,-13,7.5
Ersan Ilyasova,8,8,2015-11-11,28,DET,A,SAC,-9,1,16:55,3,6,0.5,2,4,0.5,0,0,NA,0,2,2,1,0,1,1,4,8,4.4,-14,14.5
Ersan Ilyasova,9,9,2015-11-14,28,DET,A,LAC,-5,1,29:29,5,8,0.625,3,4,0.75,7,9,0.778,1,1,2,0,0,1,2,4,20,13.7,6,25
Ersan Ilyasova,10,10,2015-11-15,28,DET,A,LAL,-12,1,28:51,2,10,0.2,1,4,0.25,1,2,0.5,2,4,6,0,0,0,1,2,6,0.2,-6,13.5
Ersan Ilyasova,11,11,2015-11-17,28,DET,H,CLE,5,1,28:42,6,10,0.6,4,6,0.667,4,4,1,1,5,6,2,1,0,0,2,20,19.2,11,34.5
Ersan Ilyasova,12,12,2015-11-20,28,DET,A,MIN,10,1,19:28,2,5,0.4,1,2,0.5,1,2,0.5,0,1,1,2,1,1,2,2,6,3.5,6,13.8
Ersan Ilyasova,13,13,2015-11-21,28,DET,H,WAS,-2,1,32:31,7,10,0.7,1,2,0.5,3,4,0.75,2,3,5,2,0,0,1,1,18,15.7,13,27.3
Ersan Ilyasova,14,14,2015-11-23,28,DET,A,MIL,-21,1,24:07,0,7,0,0,3,0,0,0,NA,3,0,3,2,1,1,2,2,0,-2.5,-19,9.8
Ersan Ilyasova,15,15,2015-11-25,28,DET,H,MIA,23,1,22:55,3,7,0.429,3,4,0.75,4,4,1,1,2,3,3,0,0,0,2,13,11.9,22,22.8
Ersan Ilyasova,16,16,2015-11-27,28,DET,A,OKC,-16,1,28:22,3,8,0.375,1,5,0.2,2,2,1,2,2,4,0,0,0,1,1,9,5.2,-15,14
Ersan Ilyasova,17,17,2015-11-29,28,DET,A,BRK,-4,1,26:03,4,9,0.444,0,1,0,0,0,NA,2,3,5,0,1,0,1,2,8,4.8,6,15.8
Ersan Ilyasova,18,18,2015-11-30,28,DET,H,HOU,11,1,24:30,5,11,0.455,1,4,0.25,2,2,1,1,2,3,0,0,1,0,1,13,8.9,2,19.3
Ersan Ilyasova,19,19,2015-12-02,28,DET,H,PHO,5,1,34:44,8,13,0.615,3,6,0.5,4,6,0.667,1,3,4,1,1,0,4,4,23,14,27,31
Ersan Ilyasova,20,20,2015-12-04,28,DET,H,MIL,7,1,24:53,4,10,0.4,1,5,0.2,4,5,0.8,1,7,8,0,0,0,0,1,13,9.6,10,23.5
Ersan Ilyasova,21,21,2015-12-06,28,DET,H,LAL,20,1,12:36,3,5,0.6,1,2,0.5,0,0,NA,1,0,1,0,0,0,3,4,7,0.8,3,7.3
Ersan Ilyasova,22,22,2015-12-07,28,DET,A,CHO,-20,1,27:59,4,14,0.286,3,10,0.3,4,8,0.5,1,12,13,1,1,1,3,2,15,8.1,-19,38.3
Ersan Ilyasova,23,23,2015-12-09,28,DET,H,MEM,-1,1,34:13,3,9,0.333,1,4,0.25,0,1,0,3,4,7,3,1,3,1,5,7,7,-3,28.3
Ersan Ilyasova,24,24,2015-12-11,28,DET,A,PHI,12,1,25:39,6,13,0.462,3,7,0.429,0,0,NA,1,7,8,2,2,2,0,3,15,14.7,34,37.5
Ersan Ilyasova,25,25,2015-12-12,28,DET,H,IND,22,1,28:47,9,13,0.692,2,4,0.5,0,0,NA,1,4,5,1,0,2,0,2,20,17.7,18,32.8
Ersan Ilyasova,26,26,2015-12-14,28,DET,H,LAC,-2,1,20:06,3,8,0.375,0,2,0,0,0,NA,2,1,3,1,1,0,0,1,6,4.6,-12,13.3
Ersan Ilyasova,27,27,2015-12-16,28,DET,H,BOS,3,1,31:22,2,8,0.25,2,5,0.4,5,6,0.833,1,4,5,0,1,2,1,3,11,7.9,-6,23.8
Ersan Ilyasova,28,28,2015-12-18,28,DET,A,CHI,3,1,53:56,6,17,0.353,1,8,0.125,5,8,0.625,3,6,9,4,0,0,2,5,18,10,-3,34.8
Ersan Ilyasova,29,29,2015-12-22,28,DET,A,MIA,1,1,24:00,3,7,0.429,0,1,0,0,0,NA,4,4,8,0,1,1,2,0,6,6,-21,19
Ersan Ilyasova,30,30,2015-12-23,28,DET,A,ATL,-7,1,33:01,2,9,0.222,1,5,0.2,0,0,NA,2,5,7,1,1,0,1,3,5,1.9,3,17.3
Ersan Ilyasova,31,31,2015-12-26,28,DET,H,BOS,-6,1,28:34,3,9,0.333,1,3,0.333,2,2,1,3,4,7,2,2,0,0,3,9,9.4,-18,25.3
Ersan Ilyasova,32,32,2015-12-29,28,DET,A,NYK,-12,1,36:10,8,15,0.533,3,6,0.5,0,0,NA,4,2,6,1,3,0,1,1,19,17.4,-5,35
Ersan Ilyasova,33,33,2015-12-31,28,DET,H,MIN,25,1,28:32,3,6,0.5,3,3,1,1,2,0.5,0,5,5,0,1,2,1,3,10,8.3,-1,23.3
Ersan Ilyasova,34,34,2016-01-02,28,DET,A,IND,-12,1,31:57,6,16,0.375,0,3,0,0,0,NA,2,5,7,1,1,0,2,1,12,5.4,-18,23.3
Ersan Ilyasova,35,35,2016-01-04,28,DET,H,ORL,26,1,28:21,4,10,0.4,2,5,0.4,0,0,NA,2,2,4,1,2,0,0,1,10,8.9,11,21.5
Ersan Ilyasova,36,36,2016-01-06,28,DET,A,BOS,5,1,22:19,2,8,0.25,1,5,0.2,0,2,0,3,2,5,3,0,1,2,3,5,1.7,-8,17.3
Ersan Ilyasova,37,37,2016-01-09,28,DET,H,BRK,14,1,29:19,8,18,0.444,2,5,0.4,1,3,0.333,5,8,13,1,1,1,1,2,19,15.3,4,42.8
Ersan Ilyasova,38,38,2016-01-12,28,DET,H,SAS,-10,1,25:33,3,9,0.333,0,3,0,0,0,NA,0,6,6,0,1,0,3,2,6,-0.1,-15,14
Ersan Ilyasova,39,39,2016-01-14,28,DET,A,MEM,-2,1,26:15,6,13,0.462,3,5,0.6,2,2,1,5,4,9,2,1,0,0,3,17,16.2,3,34.8
Ersan Ilyasova,40,40,2016-01-16,28,DET,H,GSW,18,1,29:42,4,8,0.5,2,2,1,0,0,NA,4,4,8,1,1,2,0,3,10,11.9,-3,28.5
Ersan Ilyasova,41,41,2016-01-18,28,DET,H,CHI,-10,1,35:14,8,16,0.5,3,8,0.375,0,0,NA,3,8,11,1,1,1,0,2,19,17.1,0,41.3
Ersan Ilyasova,42,42,2016-01-20,28,DET,A,HOU,9,1,33:29,7,14,0.5,2,4,0.5,2,2,1,3,3,6,2,1,1,0,2,18,16.3,6,33.5
Ersan Ilyasova,43,43,2016-01-21,28,DET,A,NOP,-16,1,36:31,3,10,0.3,0,4,0,4,5,0.8,3,1,4,1,0,0,2,1,10,4.5,-10,15.5
Ersan Ilyasova,44,44,2016-01-23,28,DET,A,DEN,-3,1,27:45,4,10,0.4,0,2,0,1,2,0.5,3,6,9,3,1,0,1,3,9,8,-10,26.3
Ersan Ilyasova,45,45,2016-01-25,28,DET,A,UTA,3,1,23:26,5,9,0.556,2,4,0.5,4,4,1,1,7,8,0,0,0,0,4,16,12.9,13,27
Ersan Ilyasova,46,46,2016-01-27,28,DET,H,PHI,13,1,19:39,1,6,0.167,0,2,0,1,2,0.5,4,4,8,0,1,0,1,2,3,2,-4,14.5
Ersan Ilyasova,47,47,2016-01-29,28,DET,H,CLE,-8,1,26:42,4,10,0.4,1,4,0.25,2,2,1,1,3,4,0,1,0,1,4,11,5.6,-5,18
Ersan Ilyasova,49,48,2016-02-01,28,DET,A,BRK,5,1,31:23,5,12,0.417,1,5,0.2,5,5,1,3,3,6,0,2,1,0,0,16,15.3,16,30
Ersan Ilyasova,50,49,2016-02-03,28,DET,A,BOS,-7,1,26:06,6,11,0.545,2,3,0.667,2,4,0.5,0,2,2,0,0,0,3,1,16,7.1,-1,18
Ersan Ilyasova,51,50,2016-02-04,28,DET,H,NYK,6,1,30:54,4,9,0.444,2,5,0.4,2,2,1,0,5,5,1,1,0,3,2,12,6.7,-7,21.3
Ersan Ilyasova,52,51,2016-02-06,28,DET,A,IND,-8,1,17:54,1,8,0.125,1,5,0.2,1,2,0.5,0,0,0,0,0,0,1,2,4,-3.4,-18,4
Ersan Ilyasova,53,52,2016-02-08,28,DET,H,TOR,-14,1,27:49,7,12,0.583,2,5,0.4,1,2,0.5,1,5,6,0,0,0,1,2,17,11.4,-4,25
Aron Baynes,1,1,2015-10-27,28,DET,A,ATL,12,0,10:51,3,5,0.6,0,0,NA,0,0,NA,1,4,5,0,0,0,1,2,6,3.8,-11,11.8
Aron Baynes,2,2,2015-10-28,28,DET,H,UTA,5,0,11:53,1,4,0.25,0,0,NA,2,2,1,2,1,3,0,0,1,0,3,4,2.8,-9,9.8
Aron Baynes,3,3,2015-10-30,28,DET,H,CHI,4,0,13:55,2,4,0.5,0,0,NA,0,2,0,1,5,6,1,0,0,0,1,4,3.7,-8,13
Aron Baynes,4,4,2015-11-03,28,DET,H,IND,-12,0,4:47,0,1,0,0,0,NA,0,0,NA,0,0,0,0,0,0,0,0,0,-0.7,-20,0
Aron Baynes,5,5,2015-11-06,28,DET,A,PHO,8,0,11:51,1,1,1,0,0,NA,2,2,1,0,0,0,1,1,0,0,3,4,4.2,7,7.5
Aron Baynes,6,6,2015-11-08,28,DET,A,POR,17,0,12:08,1,1,1,0,0,NA,2,2,1,2,3,5,1,0,1,1,1,4,6,3,13.3
Aron Baynes,7,7,2015-11-09,28,DET,A,GSW,-14,0,12:27,1,2,0.5,0,0,NA,0,0,NA,1,3,4,1,0,0,2,0,2,1.3,-7,7.5
Aron Baynes,8,8,2015-11-11,28,DET,A,SAC,-9,0,13:23,1,3,0.333,0,0,NA,0,0,NA,0,1,1,0,0,0,0,1,2,0.2,6,3.3
Aron Baynes,9,9,2015-11-14,28,DET,A,LAC,-5,0,14:11,3,5,0.6,0,0,NA,0,0,NA,1,1,2,0,0,0,1,1,6,3.3,5,8
Aron Baynes,10,10,2015-11-15,28,DET,A,LAL,-12,0,7:18,4,5,0.8,0,0,NA,1,2,0.5,0,1,1,0,0,0,0,1,9,6.6,-7,10.3
Aron Baynes,11,11,2015-11-17,28,DET,H,CLE,5,0,8:46,1,3,0.333,0,0,NA,0,0,NA,1,1,2,0,1,0,0,0,2,2.3,-12,6.5
Aron Baynes,12,12,2015-11-20,28,DET,A,MIN,10,0,18:45,2,4,0.5,0,0,NA,2,2,1,4,7,11,1,2,2,4,3,6,7.8,1,27.3
Aron Baynes,13,13,2015-11-21,28,DET,H,WAS,-2,0,10:54,2,3,0.667,0,0,NA,0,1,0,1,3,4,0,0,0,1,2,4,2.1,-10,8.5
Aron Baynes,14,14,2015-11-23,28,DET,A,MIL,-21,0,18:50,2,7,0.286,0,0,NA,2,2,1,5,4,9,1,0,0,0,2,6,6.5,-6,18.8
Aron Baynes,15,15,2015-11-25,28,DET,H,MIA,23,0,12:34,3,4,0.75,0,0,NA,0,0,NA,1,4,5,1,0,1,0,1,6,7.3,12,15.8
Aron Baynes,16,16,2015-11-27,28,DET,A,OKC,-16,0,15:34,2,5,0.4,0,0,NA,0,0,NA,2,4,6,0,0,0,0,4,4,2.3,-11,11.5
Aron Baynes,17,17,2015-11-29,28,DET,A,BRK,-4,0,11:16,1,5,0.2,0,1,0,0,0,NA,0,1,1,1,0,0,2,1,2,-2.5,-7,3.8
Aron Baynes,18,18,2015-11-30,28,DET,H,HOU,11,0,20:32,5,8,0.625,0,0,NA,1,2,0.5,3,1,4,2,0,1,1,3,11,9.3,-4,20.5
Aron Baynes,19,19,2015-12-02,28,DET,H,PHO,5,0,10:44,0,5,0,0,0,NA,0,0,NA,4,1,5,0,0,0,2,3,0,-3.6,-3,5.3
Aron Baynes,20,20,2015-12-04,28,DET,H,MIL,7,0,12:08,0,2,0,0,0,NA,0,0,NA,0,1,1,1,0,0,0,1,0,-0.8,9,2.8
Aron Baynes,21,21,2015-12-06,28,DET,H,LAL,20,0,21:21,1,6,0.167,0,0,NA,0,0,NA,4,4,8,2,0,0,2,2,2,0.8,-4,14
Aron Baynes,22,22,2015-12-07,28,DET,A,CHO,-20,0,20:31,4,8,0.5,0,0,NA,0,1,0,1,2,3,1,4,0,0,3,8,8.4,-11,21.3
Aron Baynes,23,23,2015-12-09,29,DET,H,MEM,-1,0,11:30,2,6,0.333,0,0,NA,2,2,1,2,2,4,2,0,1,1,1,6,5.3,-5,15.5
Aron Baynes,24,24,2015-12-11,29,DET,A,PHI,12,0,15:08,3,4,0.75,0,0,NA,0,0,NA,1,1,2,1,0,1,2,5,6,2.8,-15,11
Aron Baynes,25,25,2015-12-12,29,DET,H,IND,22,0,16:20,1,2,0.5,0,0,NA,4,6,0.667,2,5,7,1,0,1,2,2,6,5.7,5,17.3
Aron Baynes,26,26,2015-12-14,29,DET,H,LAC,-2,0,12:40,5,6,0.833,0,0,NA,0,0,NA,4,2,6,2,0,0,2,2,10,9.8,7,19.5
Aron Baynes,27,27,2015-12-16,29,DET,H,BOS,3,0,12:31,3,5,0.6,0,0,NA,3,3,1,0,3,3,0,0,0,0,1,9,7.2,8,12.8
Aron Baynes,29,28,2015-12-22,29,DET,A,MIA,1,0,13:44,0,3,0,0,0,NA,1,2,0.5,0,1,1,0,0,0,1,0,1,-2.2,-1,1.8
Aron Baynes,30,29,2015-12-23,29,DET,A,ATL,-7,0,11:56,1,4,0.25,0,0,NA,2,5,0.4,3,3,6,1,0,2,2,1,4,3.1,-8,16
Aron Baynes,31,30,2015-12-26,29,DET,H,BOS,-6,0,11:30,1,1,1,0,0,NA,0,0,NA,3,1,4,0,1,0,0,0,2,5.1,0,9
Aron Baynes,32,31,2015-12-29,29,DET,A,NYK,-12,0,11:56,0,2,0,0,0,NA,0,0,NA,0,4,4,1,0,1,0,2,0,0.4,-5,8.5
Aron Baynes,33,32,2015-12-31,29,DET,H,MIN,25,0,13:53,1,4,0.25,0,0,NA,0,0,NA,2,3,5,0,0,0,1,3,2,-0.3,9,7.8
Aron Baynes,34,33,2016-01-02,29,DET,A,IND,-12,0,12:09,3,5,0.6,0,0,NA,4,4,1,1,2,3,0,0,0,0,1,10,8.6,6,13.8
Aron Baynes,35,34,2016-01-04,29,DET,H,ORL,26,0,15:42,3,3,1,0,0,NA,1,2,0.5,4,6,10,2,0,2,2,2,7,10.3,21,25.5
Aron Baynes,36,35,2016-01-06,29,DET,A,BOS,5,0,17:59,2,3,0.667,0,0,NA,2,2,1,0,6,6,4,0,1,2,5,6,6,15,20.5
Aron Baynes,37,36,2016-01-09,29,DET,H,BRK,14,0,14:55,2,7,0.286,0,0,NA,3,3,1,2,3,5,1,0,0,0,1,7,5.5,7,14.8
Aron Baynes,38,37,2016-01-12,29,DET,H,SAS,-10,0,18:49,6,13,0.462,0,0,NA,3,4,0.75,6,3,9,0,0,1,0,4,15,12.1,-6,28.3
Aron Baynes,39,38,2016-01-14,29,DET,A,MEM,-2,0,12:54,0,1,0,0,0,NA,3,4,0.75,0,2,2,0,0,0,4,4,3,-3.1,-17,3.5
Aron Baynes,40,39,2016-01-16,29,DET,H,GSW,18,0,9:28,6,6,1,0,0,NA,0,0,NA,1,3,4,0,0,2,0,1,12,12.8,15,21
Aron Baynes,41,40,2016-01-18,29,DET,H,CHI,-10,0,14:13,4,6,0.667,0,0,NA,0,0,NA,0,0,0,0,0,0,0,2,8,4.6,-16,8
Aron Baynes,42,41,2016-01-20,29,DET,A,HOU,9,0,24:47,3,5,0.6,0,0,NA,2,2,1,2,7,9,1,0,2,0,2,8,10.5,-1,24.8
Aron Baynes,43,42,2016-01-21,29,DET,A,NOP,-16,0,12:18,2,5,0.4,0,0,NA,2,2,1,1,4,5,0,1,0,1,2,6,4.4,-8,13.8
Aron Baynes,44,43,2016-01-23,29,DET,A,DEN,-3,0,29:34,6,7,0.857,0,0,NA,1,2,0.5,2,8,10,0,0,2,2,2,13,12.5,-2,30
Aron Baynes,45,44,2016-01-25,29,DET,A,UTA,3,0,18:35,2,5,0.4,0,0,NA,4,6,0.667,1,4,5,2,0,1,0,0,8,8.5,-3,19.3
Aron Baynes,46,45,2016-01-27,29,DET,H,PHI,13,0,11:45,4,6,0.667,0,0,NA,4,4,1,1,3,4,3,2,0,0,1,12,14.7,10,25.5
Aron Baynes,47,46,2016-01-29,29,DET,H,CLE,-8,0,10:48,2,2,1,0,0,NA,0,0,NA,1,4,5,0,0,0,1,3,4,3.1,10,9.8
Aron Baynes,48,47,2016-01-30,29,DET,A,TOR,-4,0,20:17,3,7,0.429,0,0,NA,5,6,0.833,3,4,7,2,1,2,1,4,11,11.4,14,28.3
Aron Baynes,49,48,2016-02-01,29,DET,A,BRK,5,0,10:37,1,4,0.25,0,0,NA,0,1,0,2,2,4,1,1,1,2,3,2,0.4,-6,11.5
Aron Baynes,50,49,2016-02-03,29,DET,A,BOS,-7,0,15:13,0,3,0,0,0,NA,4,6,0.667,2,3,5,0,2,1,0,1,4,5.7,-2,16.3
Aron Baynes,51,50,2016-02-04,29,DET,H,NYK,6,0,16:19,3,7,0.429,0,0,NA,0,0,NA,0,1,1,0,0,1,0,2,6,2.5,13,9.3
Aron Baynes,52,51,2016-02-06,29,DET,A,IND,-8,0,11:04,1,5,0.2,0,0,NA,2,2,1,4,1,5,0,0,1,1,1,4,3.3,0,11.8
Aron Baynes,53,52,2016-02-08,29,DET,H,TOR,-14,0,17:48,4,7,0.571,0,0,NA,2,2,1,5,1,6,3,0,1,2,1,10,10.9,-11,23
Aron Baynes,54,53,2016-02-10,29,DET,H,DEN,-11,0,19:04,5,7,0.714,0,1,0,0,0,NA,0,7,7,0,0,2,1,1,10,9.2,3,22.3
Aron Baynes,55,54,2016-02-19,29,DET,A,WAS,-12,0,14:10,3,3,1,0,0,NA,0,3,0,0,6,6,0,0,1,0,3,6,5.2,12,15.5
Aron Baynes,56,55,2016-02-21,29,DET,H,NOP,-5,0,12:39,1,3,0.333,0,0,NA,2,4,0.5,0,0,0,0,0,1,0,3,4,1,2,6
Aron Baynes,57,56,2016-02-22,29,DET,A,CLE,8,0,12:34,0,3,0,0,0,NA,0,0,NA,0,6,6,0,0,1,1,2,0,-1.4,1,9
Aron Baynes,58,57,2016-02-24,29,DET,H,PHI,20,0,19:35,4,8,0.5,0,0,NA,1,3,0.333,4,3,7,1,2,0,0,0,9,10.6,11,23.3
Aron Baynes,59,58,2016-02-27,29,DET,A,MIL,11,0,13:49,1,5,0.2,0,0,NA,0,0,NA,4,1,5,1,1,0,0,2,2,2.9,5,11.8
Aron Baynes,60,59,2016-02-28,29,DET,H,TOR,13,0,13:37,3,3,1,0,0,NA,3,4,0.75,1,3,4,1,0,1,1,2,9,8.9,7,17
Aron Baynes,61,60,2016-03-02,29,DET,A,SAS,-16,0,26:01,5,8,0.625,0,0,NA,2,2,1,2,4,6,1,0,0,2,3,12,8.5,-10,20
Aron Baynes,62,61,2016-03-05,29,DET,A,NYK,-13,0,11:56,3,4,0.75,0,0,NA,0,0,NA,2,1,3,0,0,0,1,1,6,4.7,-3,9.3
Aron Baynes,63,62,2016-03-06,29,DET,H,POR,20,0,20:07,2,4,0.5,0,0,NA,0,0,NA,1,2,3,0,0,0,2,3,4,0.1,6,6.8
Aron Baynes,64,63,2016-03-09,29,DET,A,DAL,6,0,13:44,0,0,NA,0,0,NA,1,2,0.5,1,2,3,0,0,2,0,2,1,2.5,6,8.8
Aron Baynes,65,64,2016-03-11,29,DET,A,CHO,-15,0,24:39,3,6,0.5,0,0,NA,2,2,1,0,6,6,2,0,3,0,2,8,9.5,-4,24.5
Aron Baynes,66,65,2016-03-12,29,DET,A,PHI,14,0,13:14,3,6,0.5,0,0,NA,1,2,0.5,3,4,7,0,0,2,0,0,7,8.3,7,19.8
Aron Baynes,67,66,2016-03-14,29,DET,A,WAS,-43,0,16:44,1,2,0.5,0,0,NA,2,4,0.5,3,2,5,1,0,2,2,3,4,3.8,-11,14.8
Aron Baynes,68,67,2016-03-16,29,DET,H,ATL,-4,0,13:54,3,6,0.5,0,0,NA,0,0,NA,2,3,5,1,1,0,0,1,6,6.6,-3,15.8
Aron Baynes,69,68,2016-03-18,29,DET,H,SAC,7,0,19:44,3,8,0.375,0,0,NA,3,4,0.75,4,5,9,0,0,2,0,2,9,9.1,-4,24.3
Aron Baynes,70,69,2016-03-19,29,DET,H,BRK,12,0,18:31,8,13,0.615,0,0,NA,5,5,1,5,2,7,1,0,1,0,5,21,18.6,9,33.3
Aron Baynes,71,70,2016-03-21,29,DET,H,MIL,1,0,14:53,1,4,0.25,0,0,NA,0,0,NA,0,5,5,0,0,1,1,0,2,0.8,4,9.8
Aron Baynes,72,71,2016-03-23,29,DET,H,ORL,16,0,12:39,4,5,0.8,0,0,NA,5,5,1,1,1,2,0,0,1,1,0,13,11.8,5,17
Aron Baynes,73,72,2016-03-25,29,DET,H,CHO,7,0,18:48,5,8,0.625,0,0,NA,6,7,0.857,3,5,8,0,0,0,2,5,16,11.6,-10,25
Aron Baynes,74,73,2016-03-26,29,DET,H,ATL,-17,0,16:33,5,6,0.833,0,0,NA,5,6,0.833,3,4,7,0,0,0,0,1,15,15.3,-11,23.8
Aron Baynes,75,74,2016-03-29,29,DET,H,OKC,6,0,17:58,1,6,0.167,0,0,NA,2,2,1,3,6,9,0,0,0,0,3,4,2.9,-6,15.3
Aron Baynes,76,75,2016-04-01,29,DET,H,DAL,-9,0,12:33,0,3,0,0,0,NA,0,0,NA,2,0,2,0,0,0,1,2,0,-2.5,-25,2
Aron Baynes,77,76,2016-04-02,29,DET,A,CHI,4,0,20:20,0,0,NA,0,0,NA,2,2,1,0,6,6,0,0,0,1,1,2,2.4,6,9
Aron Baynes,78,77,2016-04-05,29,DET,A,MIA,-18,0,14:13,4,6,0.667,0,0,NA,2,2,1,3,3,6,0,1,0,0,0,10,11.4,-6,19.5
Aron Baynes,79,78,2016-04-06,29,DET,A,ORL,4,0,14:39,4,5,0.8,0,0,NA,1,2,0.5,0,4,4,0,0,0,0,2,9,7.1,4,14
Aron Baynes,80,79,2016-04-08,29,DET,H,WAS,13,0,22:26,1,4,0.25,0,0,NA,10,10,1,0,5,5,0,0,1,0,1,12,11.4,5,20.3
Aron Baynes,81,80,2016-04-12,29,DET,H,MIA,-6,0,15:06,2,4,0.5,0,0,NA,1,2,0.5,1,2,3,0,0,1,2,1,5,2.2,-1,9.8
Aron Baynes,82,81,2016-04-13,29,DET,A,CLE,2,1,27:48,5,9,0.556,0,0,NA,4,4,1,3,2,5,1,0,0,3,3,14,8.9,-1,20.3
Reggie Jackson,1,1,2015-10-27,25,DET,A,ATL,12,1,32:07,4,10,0.4,2,4,0.5,5,5,1,1,7,8,5,2,0,2,0,15,15.9,26,36.5
Reggie Jackson,2,2,2015-10-28,25,DET,H,UTA,5,1,31:15,7,14,0.5,1,3,0.333,4,7,0.571,0,2,2,4,0,0,4,1,19,9.8,-5,26
Reggie Jackson,3,3,2015-10-30,25,DET,H,CHI,4,1,37:05,9,24,0.375,1,4,0.25,3,4,0.75,1,6,7,7,2,0,5,3,22,11.6,7,43.3
Reggie Jackson,4,4,2015-11-03,25,DET,H,IND,-12,1,34:17,8,20,0.4,2,4,0.5,2,2,1,0,0,0,6,1,1,6,3,20,7.9,8,31
Reggie Jackson,5,5,2015-11-06,25,DET,A,PHO,8,1,30:19,8,18,0.444,1,4,0.25,6,8,0.75,0,6,6,7,0,1,4,3,23,15,7,41.5
Reggie Jackson,6,6,2015-11-08,25,DET,A,POR,17,1,34:17,15,26,0.577,3,3,1,7,8,0.875,2,3,5,5,2,0,2,1,40,32.8,22,58.3
Reggie Jackson,7,7,2015-11-09,25,DET,A,GSW,-14,1,29:40,7,19,0.368,1,6,0.167,5,6,0.833,0,2,2,5,2,0,6,0,20,9.2,-5,31.5
Reggie Jackson,8,8,2015-11-11,25,DET,A,SAC,-9,1,32:41,5,15,0.333,1,6,0.167,5,6,0.833,1,3,4,3,0,0,2,2,16,8,-15,25
Reggie Jackson,9,9,2015-11-14,25,DET,A,LAC,-5,1,34:21,7,15,0.467,2,6,0.333,4,5,0.8,1,5,6,5,1,0,4,1,20,14.2,-5,36
Reggie Jackson,10,10,2015-11-15,25,DET,A,LAL,-12,1,24:17,4,11,0.364,1,4,0.25,0,0,NA,0,4,4,3,0,0,5,1,9,0.8,-13,16.5
Reggie Jackson,11,11,2015-11-17,25,DET,H,CLE,5,1,34:27,7,18,0.389,1,2,0.5,8,8,1,1,5,6,12,1,0,5,3,23,18.6,15,50
Reggie Jackson,12,12,2015-11-20,25,DET,A,MIN,10,1,27:31,8,15,0.533,2,5,0.4,0,0,NA,1,4,5,5,1,0,0,3,18,15.9,15,34.8
Reggie Jackson,13,13,2015-11-21,25,DET,H,WAS,-2,1,31:34,8,18,0.444,1,6,0.167,3,3,1,1,2,3,9,1,0,6,2,20,12.4,18,36.8
Reggie Jackson,14,14,2015-11-23,25,DET,A,MIL,-21,1,23:43,3,11,0.273,0,3,0,1,1,1,0,1,1,7,1,0,3,1,7,3.3,-12,19.3
Reggie Jackson,15,15,2015-11-25,25,DET,H,MIA,23,1,26:14,7,12,0.583,4,5,0.8,0,0,NA,0,4,4,7,0,0,1,1,18,17.1,27,35
Reggie Jackson,16,16,2015-11-27,25,DET,A,OKC,-16,1,26:51,4,16,0.25,2,6,0.333,5,6,0.833,2,3,5,4,2,0,0,5,15,10.1,-20,32.3
Reggie Jackson,17,17,2015-11-29,25,DET,A,BRK,-4,1,30:19,4,20,0.2,0,4,0,0,0,NA,2,4,6,9,1,0,3,4,8,0.9,-3,29.5
Reggie Jackson,18,18,2015-11-30,25,DET,H,HOU,11,1,36:38,11,18,0.611,3,4,0.75,6,8,0.75,0,5,5,8,2,0,2,3,31,27.9,11,53.8
Reggie Jackson,19,19,2015-12-02,25,DET,H,PHO,5,1,39:56,12,20,0.6,3,7,0.429,7,7,1,0,3,3,16,1,0,3,3,34,33.7,27,65.3
Reggie Jackson,20,20,2015-12-04,25,DET,H,MIL,7,1,33:05,8,14,0.571,1,4,0.25,6,7,0.857,0,1,1,5,1,0,2,1,23,18.4,0,33.3
Reggie Jackson,21,21,2015-12-06,25,DET,H,LAL,20,1,24:52,6,13,0.462,2,2,1,6,6,1,0,3,3,6,3,0,2,0,20,19.4,18,38.8
Reggie Jackson,22,22,2015-12-07,25,DET,A,CHO,-20,1,24:05,2,9,0.222,0,4,0,0,0,NA,0,1,1,1,0,0,3,3,4,-4.7,-23,5.3
Reggie Jackson,23,23,2015-12-09,25,DET,H,MEM,-1,1,32:17,7,18,0.389,1,6,0.167,3,3,1,0,3,3,7,2,0,2,3,18,12.8,-1,35.8
Reggie Jackson,24,24,2015-12-11,25,DET,A,PHI,12,1,30:32,9,20,0.45,1,3,0.333,2,2,1,2,3,5,4,0,0,3,1,21,12.3,33,32.3
Reggie Jackson,25,25,2015-12-12,25,DET,H,IND,22,1,25:38,8,17,0.471,2,4,0.5,3,3,1,1,2,3,9,1,0,1,1,21,19.5,21,40.8
Reggie Jackson,26,26,2015-12-14,25,DET,H,LAC,-2,1,39:08,9,18,0.5,2,2,1,14,16,0.875,5,6,11,7,1,0,4,3,34,30.2,-8,60.8
Reggie Jackson,27,27,2015-12-16,25,DET,H,BOS,3,1,27:36,7,16,0.438,1,4,0.25,8,9,0.889,1,1,2,3,0,0,4,3,23,12.1,-16,28.5
Reggie Jackson,28,28,2015-12-18,25,DET,A,CHI,3,1,49:30,12,27,0.444,0,2,0,7,10,0.7,1,5,6,13,1,0,2,4,31,24.4,-1,60.5
Reggie Jackson,29,29,2015-12-22,25,DET,A,MIA,1,1,30:50,8,16,0.5,2,5,0.4,0,0,NA,2,3,5,3,1,0,3,1,18,12,3,30.3
Reggie Jackson,30,30,2015-12-23,25,DET,A,ATL,-7,1,33:25,7,16,0.438,1,3,0.333,4,5,0.8,1,4,5,7,1,0,4,4,19,12.4,4,36.3
Reggie Jackson,31,31,2015-12-26,25,DET,H,BOS,-6,1,27:18,5,14,0.357,2,5,0.4,5,5,1,1,2,3,2,0,0,3,5,17,6.9,-2,23.3
Reggie Jackson,32,32,2015-12-29,25,DET,A,NYK,-12,1,31:16,6,17,0.353,1,4,0.25,4,4,1,1,4,5,9,0,0,3,2,17,11.9,-5,35.8
Reggie Jackson,33,33,2015-12-31,25,DET,H,MIN,25,1,27:07,8,14,0.571,2,4,0.5,1,1,1,1,2,3,9,0,0,3,3,19,15.8,21,35.8
Reggie Jackson,34,34,2016-01-02,25,DET,A,IND,-12,1,28:43,5,19,0.263,2,5,0.4,0,1,0,0,3,3,5,1,0,1,2,12,3.9,-23,25.8
Reggie Jackson,35,35,2016-01-04,25,DET,H,ORL,26,1,25:47,6,12,0.5,0,2,0,2,2,1,1,2,3,7,0,1,2,2,14,12.1,5,29.3
Reggie Jackson,36,36,2016-01-06,25,DET,A,BOS,5,1,31:27,8,15,0.533,1,2,0.5,7,8,0.875,0,2,2,6,0,0,1,0,24,20.1,-6,35.5
Reggie Jackson,37,37,2016-01-09,25,DET,H,BRK,14,1,32:35,10,17,0.588,3,4,0.75,0,0,NA,0,3,3,8,0,0,2,3,23,18.4,9,39.3
Reggie Jackson,38,38,2016-01-12,25,DET,H,SAS,-10,1,30:34,3,13,0.231,0,3,0,4,4,1,0,1,1,11,1,0,5,0,10,6.1,-6,28.8
Reggie Jackson,39,39,2016-01-14,25,DET,A,MEM,-2,1,23:43,5,7,0.714,1,3,0.333,1,1,1,0,1,1,6,0,0,2,4,12,10,5,21.8
Reggie Jackson,40,40,2016-01-16,25,DET,H,GSW,18,1,32:32,9,20,0.45,1,4,0.25,1,4,0.25,2,1,3,8,1,0,0,3,20,15.5,1,38.3
Reggie Jackson,41,41,2016-01-18,25,DET,H,CHI,-10,1,32:21,8,20,0.4,1,5,0.2,2,3,0.667,3,0,3,6,1,0,1,0,19,14.1,7,33.8
Reggie Jackson,42,42,2016-01-20,25,DET,A,HOU,9,1,32:26,7,15,0.467,1,3,0.333,2,2,1,1,4,5,9,1,0,1,1,17,17.1,3,38.8
Reggie Jackson,43,43,2016-01-21,25,DET,A,NOP,-16,1,27:49,4,11,0.364,0,4,0,0,0,NA,0,0,0,5,0,0,4,3,8,0.2,-15,13.5
Reggie Jackson,44,44,2016-01-23,25,DET,A,DEN,-3,1,29:34,4,15,0.267,2,6,0.333,1,2,0.5,0,1,1,8,1,0,3,3,11,4.4,-13,25.8
Reggie Jackson,45,45,2016-01-25,25,DET,A,UTA,3,1,30:55,12,19,0.632,3,4,0.75,2,4,0.5,1,2,3,4,1,0,1,0,29,23.8,7,41.8
Reggie Jackson,46,46,2016-01-27,25,DET,H,PHI,13,1,31:01,9,18,0.5,4,5,0.8,5,5,1,0,2,2,3,1,0,2,4,27,18.1,9,37
Reggie Jackson,47,47,2016-01-29,25,DET,H,CLE,-8,1,32:28,6,16,0.375,0,3,0,3,3,1,0,2,2,6,0,0,3,0,15,8,-15,25
Reggie Jackson,48,48,2016-01-30,25,DET,A,TOR,-4,1,27:59,5,11,0.455,0,1,0,3,5,0.6,1,0,1,1,1,0,1,3,13,6.7,-19,17.3
Reggie Jackson,49,49,2016-02-01,25,DET,A,BRK,5,1,31:25,8,20,0.4,3,6,0.5,0,0,NA,2,1,3,6,0,0,1,1,19,12.7,6,32.8
Reggie Jackson,50,50,2016-02-03,25,DET,A,BOS,-7,1,33:10,5,9,0.556,3,6,0.5,4,4,1,0,1,1,7,0,1,3,4,17,14,8,30.8
Reggie Jackson,51,51,2016-02-04,25,DET,H,NYK,6,1,31:45,6,16,0.375,3,5,0.6,6,10,0.6,0,1,1,5,2,0,1,2,21,14.6,-6,34.8
Reggie Jackson,52,52,2016-02-06,25,DET,A,IND,-8,1,32:18,10,15,0.667,3,4,0.75,3,4,0.75,0,3,3,2,0,0,1,3,26,19.2,-6,33.8
Reggie Jackson,53,53,2016-02-08,25,DET,H,TOR,-14,1,29:06,6,14,0.429,0,3,0,1,1,1,0,1,1,5,0,0,6,5,13,1.4,-7,18.8
Reggie Jackson,55,54,2016-02-19,25,DET,A,WAS,-12,1,31:43,7,18,0.389,1,3,0.333,1,1,1,2,1,3,5,0,1,3,1,16,8.7,-14,28.3
Reggie Jackson,56,55,2016-02-21,25,DET,H,NOP,-5,1,31:13,11,20,0.55,4,7,0.571,8,8,1,2,2,4,4,0,0,1,4,34,26.6,-1,46.5
Reggie Jackson,57,56,2016-02-22,25,DET,A,CLE,8,1,32:39,9,17,0.529,3,5,0.6,2,2,1,0,3,3,4,3,0,4,1,23,17,11,38.3
Reggie Jackson,58,57,2016-02-24,25,DET,H,PHI,20,1,26:07,5,11,0.455,1,4,0.25,6,6,1,0,3,3,5,2,0,5,1,17,12.3,17,30.3
Reggie Jackson,59,58,2016-02-27,25,DET,A,MIL,11,1,31:09,6,10,0.6,1,4,0.25,9,10,0.9,0,2,2,8,2,0,2,5,22,21.2,13,40
Reggie Jackson,60,59,2016-02-28,25,DET,H,TOR,13,1,28:27,7,12,0.583,1,2,0.5,4,4,1,0,1,1,8,0,0,2,3,19,16.1,20,31.8
Reggie Jackson,61,60,2016-03-02,25,DET,A,SAS,-16,1,30:42,4,13,0.308,0,2,0,3,3,1,0,3,3,3,1,0,4,0,11,3.5,-16,19.3
Reggie Jackson,62,61,2016-03-05,25,DET,A,NYK,-13,1,28:19,3,17,0.176,0,6,0,2,2,1,0,2,2,6,1,1,4,2,8,-1,-9,21.5
Reggie Jackson,63,62,2016-03-06,25,DET,H,POR,20,1,34:05,11,19,0.579,1,4,0.25,7,7,1,0,1,1,9,2,0,1,3,30,27.5,25,48.8
Reggie Jackson,64,63,2016-03-09,25,DET,A,DAL,6,1,29:16,4,13,0.308,2,3,0.667,1,3,0.333,3,1,4,4,0,0,0,2,11,7.1,-4,23
Reggie Jackson,65,64,2016-03-11,25,DET,A,CHO,-15,1,31:21,7,15,0.467,2,9,0.222,4,4,1,0,2,2,10,0,0,2,2,20,17.1,-16,39
Reggie Jackson,66,65,2016-03-12,25,DET,A,PHI,14,1,30:14,8,11,0.727,3,4,0.75,5,6,0.833,1,2,3,10,1,0,2,4,24,24.8,16,46.8
Reggie Jackson,67,66,2016-03-14,25,DET,A,WAS,-43,1,19:52,3,7,0.429,1,3,0.333,1,2,0.5,0,1,1,1,0,1,5,5,8,-1.4,-24,10.8
Reggie Jackson,68,67,2016-03-16,25,DET,H,ATL,-4,1,29:31,7,17,0.412,0,6,0,3,3,1,0,0,0,10,0,1,3,5,17,10.6,2,34
Reggie Jackson,69,68,2016-03-18,25,DET,H,SAC,7,1,33:48,8,23,0.348,1,4,0.25,2,2,1,2,5,7,9,0,0,5,4,19,8.7,12,39.3
Reggie Jackson,70,69,2016-03-19,25,DET,H,BRK,12,1,24:32,6,14,0.429,2,4,0.5,0,0,NA,0,0,0,4,0,0,0,0,14,9.4,-14,21
Reggie Jackson,71,70,2016-03-21,25,DET,H,MIL,1,1,28:25,3,8,0.375,0,4,0,3,3,1,0,5,5,5,1,0,3,2,9,6.8,-8,23.3
Reggie Jackson,72,71,2016-03-23,25,DET,H,ORL,16,1,32:21,5,14,0.357,3,6,0.5,3,3,1,1,1,2,9,0,0,6,2,16,8.7,16,30.5
Reggie Jackson,73,72,2016-03-25,25,DET,H,CHO,7,1,28:38,6,19,0.316,0,5,0,5,5,1,1,5,6,7,0,0,4,4,17,7.6,2,33
Reggie Jackson,74,73,2016-03-26,25,DET,H,ATL,-17,1,30:10,4,12,0.333,2,4,0.5,1,1,1,0,1,1,5,0,0,0,4,11,6.4,-18,20.8
Reggie Jackson,75,74,2016-03-29,25,DET,H,OKC,6,1,27:36,4,15,0.267,1,5,0.2,4,4,1,0,1,1,6,1,1,4,4,13,4.7,15,25.8
Reggie Jackson,76,75,2016-04-01,25,DET,H,DAL,-9,1,32:19,3,15,0.2,1,7,0.143,4,4,1,1,4,5,10,2,0,6,5,11,4.6,8,35.3
Reggie Jackson,77,76,2016-04-02,25,DET,A,CHI,4,1,34:59,6,17,0.353,2,3,0.667,8,10,0.8,2,2,4,4,1,0,6,3,22,10.3,-4,33
Reggie Jackson,78,77,2016-04-05,25,DET,A,MIA,-18,1,28:47,6,18,0.333,1,5,0.2,8,8,1,1,1,2,3,0,1,0,0,21,14.6,-14,30.5
Reggie Jackson,79,78,2016-04-06,25,DET,A,ORL,4,1,31:47,7,18,0.389,1,4,0.25,9,11,0.818,1,3,4,4,0,1,3,1,24,15.1,2,36
Reggie Jackson,80,79,2016-04-08,25,DET,H,WAS,13,1,34:24,14,20,0.7,4,5,0.8,7,7,1,1,3,4,9,0,0,5,3,39,32.3,20,57
Kentavious Caldwell-Pope,1,1,2015-10-27,22,DET,A,ATL,12,1,37:03,7,14,0.5,4,7,0.571,3,3,1,1,3,4,1,1,0,2,1,21,14.9,17,30.5
Kentavious Caldwell-Pope,2,2,2015-10-28,22,DET,H,UTA,5,1,35:48,5,11,0.455,2,5,0.4,4,4,1,0,5,5,1,0,1,2,2,16,10.4,2,25.8
Kentavious Caldwell-Pope,3,3,2015-10-30,22,DET,H,CHI,4,1,38:38,2,12,0.167,0,5,0,2,2,1,1,3,4,2,2,0,2,2,6,0.6,8,17
Kentavious Caldwell-Pope,4,4,2015-11-03,22,DET,H,IND,-12,1,41:46,4,13,0.308,0,3,0,4,5,0.8,0,5,5,5,1,0,2,3,12,6.9,5,26.8
Kentavious Caldwell-Pope,5,5,2015-11-06,22,DET,A,PHO,8,1,35:56,8,10,0.8,1,1,1,1,1,1,0,2,2,1,1,0,1,1,18,15.1,4,24
Kentavious Caldwell-Pope,6,6,2015-11-08,22,DET,A,POR,17,1,39:06,6,15,0.4,2,7,0.286,2,2,1,1,3,4,0,4,0,1,2,16,11.7,24,29.5
Kentavious Caldwell-Pope,7,7,2015-11-09,22,DET,A,GSW,-14,1,37:37,6,12,0.5,1,4,0.25,2,2,1,1,2,3,1,2,1,0,3,15,12.5,-1,26.8
Kentavious Caldwell-Pope,8,8,2015-11-11,22,DET,A,SAC,-9,1,40:11,5,14,0.357,2,6,0.333,3,4,0.75,0,1,1,0,0,1,3,4,15,3.2,-10,17.8
Kentavious Caldwell-Pope,9,9,2015-11-14,22,DET,A,LAC,-5,1,36:45,4,10,0.4,0,4,0,2,3,0.667,1,2,3,2,1,0,0,4,10,6.3,-8,18.8
Kentavious Caldwell-Pope,10,10,2015-11-15,22,DET,A,LAL,-12,1,33:02,4,15,0.267,2,5,0.4,0,1,0,1,2,3,2,2,0,0,1,10,5,0,21.8
Kentavious Caldwell-Pope,11,11,2015-11-17,22,DET,H,CLE,5,1,37:52,5,11,0.455,1,5,0.2,2,2,1,1,1,2,1,1,0,0,1,13,9.6,13,19.5
Kentavious Caldwell-Pope,12,12,2015-11-20,22,DET,A,MIN,10,1,38:11,4,10,0.4,0,2,0,0,0,NA,0,1,1,2,2,0,2,1,8,3.9,16,15.3
Kentavious Caldwell-Pope,13,13,2015-11-21,22,DET,H,WAS,-2,1,37:05,6,11,0.545,4,7,0.571,0,1,0,0,1,1,1,1,0,0,2,16,11.5,5,22.8
Kentavious Caldwell-Pope,14,14,2015-11-23,22,DET,A,MIL,-21,1,25:44,6,8,0.75,3,4,0.75,2,2,1,0,0,0,0,1,0,2,0,17,12.8,-19,19.5
Kentavious Caldwell-Pope,15,15,2015-11-25,22,DET,H,MIA,23,1,34:10,2,15,0.133,1,6,0.167,1,1,1,0,2,2,4,2,0,0,3,6,0.5,23,19
Kentavious Caldwell-Pope,16,16,2015-11-27,22,DET,A,OKC,-16,1,40:02,4,15,0.267,0,3,0,3,4,0.75,2,2,4,4,1,0,1,2,11,5.7,-12,23.5
Kentavious Caldwell-Pope,17,17,2015-11-29,22,DET,A,BRK,-4,1,33:56,6,17,0.353,2,5,0.4,7,10,0.7,3,4,7,1,1,0,0,0,21,15.3,0,34.3
Kentavious Caldwell-Pope,18,18,2015-11-30,22,DET,H,HOU,11,1,43:47,2,8,0.25,0,3,0,0,0,NA,2,2,4,3,2,0,2,2,4,2.5,4,16.5
Kentavious Caldwell-Pope,19,19,2015-12-02,22,DET,H,PHO,5,1,46:09,4,11,0.364,1,4,0.25,1,2,0.5,2,4,6,2,3,0,2,4,10,6.9,11,26
Kentavious Caldwell-Pope,20,20,2015-12-04,22,DET,H,MIL,7,1,33:19,1,6,0.167,0,3,0,6,6,1,0,2,2,3,0,0,2,2,8,4.1,3,14
Kentavious Caldwell-Pope,21,21,2015-12-06,22,DET,H,LAL,20,1,30:52,9,14,0.643,1,2,0.5,3,3,1,3,1,4,2,4,0,1,3,22,21.4,18,38
Kentavious Caldwell-Pope,22,22,2015-12-07,22,DET,A,CHO,-20,1,37:31,7,15,0.467,1,5,0.2,1,2,0.5,1,3,4,1,3,0,1,3,16,11,-20,28.5
Kentavious Caldwell-Pope,23,23,2015-12-09,22,DET,H,MEM,-1,1,35:16,4,11,0.364,1,6,0.167,0,0,NA,0,2,2,0,3,0,1,1,9,5.1,0,17.5
Kentavious Caldwell-Pope,24,24,2015-12-11,22,DET,A,PHI,12,1,35:46,5,12,0.417,2,7,0.286,1,2,0.5,0,2,2,2,3,0,1,1,13,9.8,38,25
Kentavious Caldwell-Pope,25,25,2015-12-12,22,DET,H,IND,22,1,37:24,5,12,0.417,2,5,0.4,6,6,1,2,5,7,8,4,1,1,2,18,23,20,49.3
Kentavious Caldwell-Pope,26,26,2015-12-14,22,DET,H,LAC,-2,1,45:03,6,17,0.353,2,8,0.25,5,7,0.714,0,3,3,2,1,0,1,5,19,9,3,28.3
Kentavious Caldwell-Pope,27,27,2015-12-16,22,DET,H,BOS,3,1,43:51,10,16,0.625,3,4,0.75,8,8,1,0,2,2,3,1,1,1,3,31,26,-4,43
Kentavious Caldwell-Pope,28,28,2015-12-18,22,DET,A,CHI,3,1,48:45,7,18,0.389,2,7,0.286,1,4,0.25,1,6,7,3,1,1,1,5,17,9.3,-6,34.8
Kentavious Caldwell-Pope,29,29,2015-12-22,22,DET,A,MIA,1,1,40:05,5,13,0.385,2,6,0.333,2,2,1,1,0,1,3,0,0,1,4,14,7.1,10,20.3
Kentavious Caldwell-Pope,30,30,2015-12-23,22,DET,A,ATL,-7,1,28:03,4,12,0.333,2,4,0.5,2,2,1,1,3,4,0,1,2,2,1,12,6.8,-15,23
Kentavious Caldwell-Pope,31,31,2015-12-26,22,DET,H,BOS,-6,1,35:23,3,13,0.231,0,5,0,0,0,NA,0,4,4,2,1,0,5,3,6,-4.5,-9,13.5
Kentavious Caldwell-Pope,32,32,2015-12-29,22,DET,A,NYK,-12,1,38:29,3,8,0.375,2,4,0.5,1,2,0.5,2,4,6,1,1,0,0,1,9,8.1,-11,21
Kentavious Caldwell-Pope,33,33,2015-12-31,22,DET,H,MIN,25,1,37:01,7,17,0.412,2,9,0.222,6,7,0.857,1,3,4,3,3,0,0,2,22,18.4,29,38.5
Kentavious Caldwell-Pope,34,34,2016-01-02,22,DET,A,IND,-12,1,41:26,6,16,0.375,1,7,0.143,3,3,1,0,10,10,1,0,0,2,3,16,7.7,-13,31
Kentavious Caldwell-Pope,35,35,2016-01-04,22,DET,H,ORL,26,1,33:41,7,12,0.583,5,8,0.625,2,2,1,0,6,6,2,0,0,2,4,21,15,28,33
Kentavious Caldwell-Pope,36,36,2016-01-06,22,DET,A,BOS,5,1,37:21,6,13,0.462,4,7,0.571,4,6,0.667,0,4,4,1,1,0,2,4,20,11.8,0,29.5
Kentavious Caldwell-Pope,37,37,2016-01-09,22,DET,H,BRK,14,1,36:42,2,8,0.25,0,4,0,1,1,1,2,1,3,4,3,0,3,0,5,4.7,3,19.3
Kentavious Caldwell-Pope,38,38,2016-01-12,22,DET,H,SAS,-10,1,43:28,9,14,0.643,4,6,0.667,3,4,0.75,1,2,3,2,3,0,1,5,25,21.1,-6,39.3
Kentavious Caldwell-Pope,39,39,2016-01-14,22,DET,A,MEM,-2,1,30:38,3,6,0.5,1,3,0.333,2,2,1,0,2,2,1,0,0,3,2,9,3.5,-3,12
Kentavious Caldwell-Pope,40,40,2016-01-16,22,DET,H,GSW,18,1,38:57,9,16,0.563,1,5,0.2,1,2,0.5,0,5,5,2,3,1,3,3,20,14.4,-2,36.3
Kentavious Caldwell-Pope,41,41,2016-01-18,22,DET,H,CHI,-10,1,32:30,6,13,0.462,1,1,1,1,1,1,0,5,5,2,2,0,1,2,14,10.4,3,27.3
Kentavious Caldwell-Pope,42,42,2016-01-20,22,DET,A,HOU,9,1,37:11,8,18,0.444,3,9,0.333,3,3,1,1,1,2,2,3,0,0,2,22,17.2,8,35
Kentavious Caldwell-Pope,43,43,2016-01-21,22,DET,A,NOP,-16,1,41:04,9,17,0.529,3,8,0.375,2,2,1,1,2,3,0,0,1,2,3,23,13.5,-11,29.3
Kentavious Caldwell-Pope,44,44,2016-01-23,22,DET,A,DEN,-3,1,35:11,7,16,0.438,1,7,0.143,1,2,0.5,1,3,4,1,0,2,4,2,16,6.1,-21,25
Kentavious Caldwell-Pope,45,45,2016-01-25,22,DET,A,UTA,3,1,37:47,4,8,0.5,0,2,0,4,4,1,1,6,7,3,1,0,4,2,12,8.8,9,25.3
Kentavious Caldwell-Pope,46,46,2016-01-27,22,DET,H,PHI,13,1,37:44,4,11,0.364,0,3,0,6,7,0.857,2,2,4,0,1,1,1,3,14,9,7,22.5
Kentavious Caldwell-Pope,47,47,2016-01-29,22,DET,H,CLE,-8,1,35:05,7,15,0.467,2,4,0.5,3,3,1,3,4,7,2,1,1,0,2,19,16.9,-14,35.8
Kentavious Caldwell-Pope,48,48,2016-01-30,22,DET,A,TOR,-4,1,34:29,5,11,0.455,1,4,0.25,4,5,0.8,1,3,4,1,2,0,3,2,15,9.4,-8,24.5
Kentavious Caldwell-Pope,49,49,2016-02-01,22,DET,A,BRK,5,1,38:40,7,18,0.389,1,4,0.25,1,1,1,1,4,5,0,0,1,0,2,16,8,13,24.8
Kentavious Caldwell-Pope,50,50,2016-02-03,22,DET,A,BOS,-7,1,15:49,2,6,0.333,0,1,0,0,0,NA,1,1,2,1,1,0,2,1,4,0.9,-12,9
Kentavious Caldwell-Pope,55,51,2016-02-19,23,DET,A,WAS,-12,1,32:10,1,11,0.091,0,5,0,2,2,1,0,3,3,0,0,0,0,1,4,-2.8,-10,7.8
Kentavious Caldwell-Pope,56,52,2016-02-21,23,DET,H,NOP,-5,1,34:08,4,15,0.267,2,8,0.25,4,5,0.8,1,2,3,0,4,0,2,3,14,6.8,-7,25.8
Kentavious Caldwell-Pope,57,53,2016-02-22,23,DET,A,CLE,8,1,36:46,8,10,0.8,2,3,0.667,1,2,0.5,0,4,4,0,2,0,0,0,19,18,4,29
Kentavious Caldwell-Pope,58,54,2016-02-24,23,DET,H,PHI,20,1,29:40,4,7,0.571,2,3,0.667,1,2,0.5,0,1,1,0,0,0,1,3,11,5.4,21,12.8
Kentavious Caldwell-Pope,59,55,2016-02-27,23,DET,A,MIL,11,1,35:27,5,11,0.455,2,7,0.286,0,0,NA,1,2,3,2,2,0,0,1,12,10.6,5,23.8
Kentavious Caldwell-Pope,60,56,2016-02-28,23,DET,H,TOR,13,1,35:42,7,10,0.7,1,2,0.5,1,1,1,0,1,1,5,1,0,1,2,16,14.8,31,26.8
Kentavious Caldwell-Pope,61,57,2016-03-02,23,DET,A,SAS,-16,1,36:09,1,10,0.1,0,4,0,2,3,0.667,0,2,2,3,1,0,1,1,4,-0.7,-14,12.5
Kentavious Caldwell-Pope,62,58,2016-03-05,23,DET,A,NYK,-13,1,36:56,3,9,0.333,0,2,0,2,2,1,2,3,5,0,3,0,0,2,8,7.4,-5,20.3
Kentavious Caldwell-Pope,63,59,2016-03-06,23,DET,H,POR,20,1,36:47,4,12,0.333,1,3,0.333,7,8,0.875,2,5,7,2,1,0,0,4,16,12.5,22,30.3
Kentavious Caldwell-Pope,64,60,2016-03-09,23,DET,A,DAL,6,1,40:05,5,16,0.313,1,8,0.125,3,3,1,2,3,5,3,3,0,1,2,14,10.4,-7,30.8
Kentavious Caldwell-Pope,65,61,2016-03-11,23,DET,A,CHO,-15,1,38:26,9,16,0.563,2,4,0.5,4,4,1,1,1,2,0,1,0,3,2,24,14.6,-16,28
Kentavious Caldwell-Pope,66,62,2016-03-12,23,DET,A,PHI,14,1,40:14,9,21,0.429,1,4,0.25,4,5,0.8,2,2,4,6,2,0,3,2,23,15.9,18,40
Kentavious Caldwell-Pope,67,63,2016-03-14,23,DET,A,WAS,-43,1,29:34,8,13,0.615,0,1,0,2,4,0.5,1,2,3,0,0,0,0,1,18,12.2,-27,21.8
Kentavious Caldwell-Pope,68,64,2016-03-16,23,DET,H,ATL,-4,1,39:05,7,15,0.467,3,8,0.375,7,9,0.778,0,4,4,0,1,2,2,2,24,16.3,-4,35.5
Kentavious Caldwell-Pope,69,65,2016-03-18,23,DET,H,SAC,7,1,37:27,8,16,0.5,3,6,0.5,4,4,1,3,3,6,2,2,0,2,4,23,17.8,10,38
Kentavious Caldwell-Pope,70,66,2016-03-19,23,DET,H,BRK,12,1,39:18,5,11,0.455,1,4,0.25,0,0,NA,0,4,4,8,0,0,2,2,11,9.3,17,27.5
Kentavious Caldwell-Pope,71,67,2016-03-21,23,DET,H,MIL,1,1,38:14,6,18,0.333,2,11,0.182,1,2,0.5,2,1,3,3,1,0,1,0,15,8.2,-3,25.8
Kentavious Caldwell-Pope,73,68,2016-03-25,23,DET,H,CHO,7,1,36:35,8,13,0.615,2,4,0.5,3,4,0.75,2,5,7,4,2,0,2,1,21,20,9,39.8
Kentavious Caldwell-Pope,74,69,2016-03-26,23,DET,H,ATL,-17,1,31:56,3,13,0.231,2,7,0.286,1,2,0.5,0,1,1,1,1,0,1,3,9,0.5,-11,14.3
Kentavious Caldwell-Pope,75,70,2016-03-29,23,DET,H,OKC,6,1,37:33,3,16,0.188,0,5,0,2,2,1,4,3,7,6,1,0,2,2,8,4.1,13,26.8
Kentavious Caldwell-Pope,76,71,2016-04-01,23,DET,H,DAL,-9,1,45:07,3,9,0.333,3,7,0.429,6,6,1,1,1,2,1,0,0,0,2,15,10.8,-3,20.5
Kentavious Caldwell-Pope,77,72,2016-04-02,23,DET,A,CHI,4,1,40:09,4,10,0.4,2,4,0.5,3,5,0.6,0,6,6,0,0,0,1,1,13,7.2,4,21
Kentavious Caldwell-Pope,78,73,2016-04-05,23,DET,A,MIA,-18,1,25:02,1,6,0.167,0,2,0,0,0,NA,0,0,0,0,0,0,2,4,2,-5.4,-13,1
Kentavious Caldwell-Pope,79,74,2016-04-06,23,DET,A,ORL,4,1,36:01,7,10,0.7,2,3,0.667,2,3,0.667,1,2,3,1,3,0,1,2,18,16.6,3,29.8
Kentavious Caldwell-Pope,80,75,2016-04-08,23,DET,H,WAS,13,1,37:14,6,11,0.545,2,5,0.4,0,0,NA,1,3,4,0,1,0,2,3,14,8.1,25,21
Kentavious Caldwell-Pope,81,76,2016-04-12,23,DET,H,MIA,-6,1,35:40,7,17,0.412,2,5,0.4,1,2,0.5,1,2,3,0,3,0,2,1,17,9.4,-4,26.8
Reggie Bullock,2,1,2015-10-28,24,DET,H,UTA,5,0,6:12,0,1,0,0,1,0,0,0,NA,0,0,0,0,0,0,0,0,0,-0.7,-2,0
Reggie Bullock,3,2,2015-10-30,24,DET,H,CHI,4,0,14:40,0,1,0,0,1,0,0,0,NA,1,1,2,0,0,0,0,1,0,-0.1,-6,2.5
Reggie Bullock,4,3,2015-11-03,24,DET,H,IND,-12,0,3:41,0,2,0,0,1,0,0,0,NA,0,0,0,0,0,0,0,0,0,-1.4,-16,0
Reggie Bullock,7,4,2015-11-09,24,DET,A,GSW,-14,0,0:40,0,0,NA,0,0,NA,0,0,NA,0,0,0,0,0,0,1,1,0,-1.4,-2,-0.5
Reggie Bullock,10,5,2015-11-15,24,DET,A,LAL,-12,0,14:58,1,4,0.25,1,1,1,0,0,NA,1,1,2,0,1,0,0,0,3,2.6,-12,8
Reggie Bullock,11,6,2015-11-17,24,DET,H,CLE,5,0,5:29,0,1,0,0,0,NA,0,0,NA,0,0,0,1,0,0,0,0,0,0,-8,1.5
Reggie Bullock,12,7,2015-11-20,24,DET,A,MIN,10,0,6:17,0,3,0,0,2,0,0,0,NA,0,0,0,0,0,0,1,1,0,-3.5,-9,-0.5
Reggie Bullock,13,8,2015-11-21,24,DET,H,WAS,-2,0,5:45,0,3,0,0,2,0,1,1,1,1,0,1,0,0,0,0,1,1,-0.8,-8,2.3
Reggie Bullock,14,9,2015-11-23,24,DET,A,MIL,-21,0,6:04,0,2,0,0,1,0,0,0,NA,0,1,1,0,0,0,0,0,0,-1.1,2,1.3
Reggie Bullock,15,10,2015-11-25,24,DET,H,MIA,23,0,2:45,0,0,NA,0,0,NA,0,0,NA,0,0,0,1,0,0,0,0,0,0.7,-3,1.5
Reggie Bullock,21,11,2015-12-06,24,DET,H,LAL,20,0,2:28,0,0,NA,0,0,NA,2,2,1,0,1,1,0,0,0,0,0,2,2.3,5,3.3
Reggie Bullock,22,12,2015-12-07,24,DET,A,CHO,-20,0,3:55,0,0,NA,0,0,NA,0,0,NA,0,0,0,0,0,0,0,0,0,0,2,0
Reggie Bullock,24,13,2015-12-11,24,DET,A,PHI,12,0,1:51,0,1,0,0,1,0,0,0,NA,0,0,0,0,0,0,0,0,0,-0.7,-5,0
Reggie Bullock,25,14,2015-12-12,24,DET,H,IND,22,0,3:23,0,0,NA,0,0,NA,0,0,NA,0,0,0,0,0,0,0,0,0,0,-3,0
Reggie Bullock,31,15,2015-12-26,24,DET,H,BOS,-6,0,1:19,0,0,NA,0,0,NA,0,0,NA,0,0,0,0,0,0,0,1,0,-0.4,0,0
Reggie Bullock,33,16,2015-12-31,24,DET,H,MIN,25,0,3:13,0,0,NA,0,0,NA,0,0,NA,0,0,0,0,0,0,0,0,0,0,-2,0
Reggie Bullock,35,17,2016-01-04,24,DET,H,ORL,26,0,3:44,0,1,0,0,0,NA,0,0,NA,0,1,1,1,0,0,0,0,0,0.3,-4,2.8
Reggie Bullock,52,18,2016-02-06,24,DET,A,IND,-8,0,3:02,0,0,NA,0,0,NA,0,0,NA,0,0,0,0,0,0,0,0,0,0,0,0
Reggie Bullock,55,19,2016-02-19,24,DET,A,WAS,-12,0,2:27,0,0,NA,0,0,NA,0,0,NA,0,0,0,0,0,0,0,1,0,-0.4,4,0
Reggie Bullock,58,20,2016-02-24,24,DET,H,PHI,20,0,26:20,6,9,0.667,3,5,0.6,1,1,1,0,1,1,0,1,0,2,4,16,9.8,1,19.8
Reggie Bullock,59,21,2016-02-27,24,DET,A,MIL,11,0,18:19,3,8,0.375,2,4,0.5,0,0,NA,2,2,4,0,2,0,0,2,8,6.8,-2,18
Reggie Bullock,60,22,2016-02-28,24,DET,H,TOR,13,0,26:27,3,6,0.5,2,4,0.5,0,0,NA,0,2,2,2,0,0,0,2,8,6.2,5,14.5
Reggie Bullock,61,23,2016-03-02,24,DET,A,SAS,-16,0,21:05,2,2,1,1,1,1,2,3,0.667,0,5,5,0,0,0,0,1,7,7.1,3,13.8
Reggie Bullock,62,24,2016-03-05,24,DET,A,NYK,-13,0,23:49,3,6,0.5,2,4,0.5,0,0,NA,0,3,3,3,1,0,0,2,8,8.2,0,19.3
Reggie Bullock,63,25,2016-03-06,24,DET,H,POR,20,0,25:54,3,3,1,3,3,1,2,2,1,2,5,7,2,0,0,0,2,11,13.6,7,24.3
Reggie Bullock,64,26,2016-03-09,24,DET,A,DAL,6,0,25:45,2,6,0.333,1,3,0.333,0,0,NA,2,6,8,0,0,0,2,1,5,2.4,12,14.5
Reggie Bullock,65,27,2016-03-11,24,DET,A,CHO,-15,0,17:57,0,2,0,0,1,0,0,0,NA,0,2,2,2,1,0,0,1,0,1.2,-3,7.5
Reggie Bullock,66,28,2016-03-12,24,DET,A,PHI,14,0,16:49,4,7,0.571,0,1,0,0,0,NA,1,2,3,1,0,0,0,1,8,6.3,5,13.3
Reggie Bullock,67,29,2016-03-14,24,DET,A,WAS,-43,0,11:04,3,5,0.6,0,2,0,0,0,NA,1,0,1,1,1,0,0,0,6,6.1,-7,10.8
Reggie Bullock,69,30,2016-03-18,25,DET,H,SAC,7,0,10:33,1,1,1,1,1,1,0,0,NA,1,4,5,0,0,0,0,0,3,4.6,-3,9.8
Reggie Bullock,70,31,2016-03-19,25,DET,H,BRK,12,0,8:42,0,1,0,0,1,0,4,4,1,0,2,2,1,1,1,0,0,4,6.3,-5,12
Reggie Bullock,73,32,2016-03-25,25,DET,H,CHO,7,0,2:03,0,0,NA,0,0,NA,0,0,NA,0,0,0,0,0,0,0,1,0,-0.4,-8,0
Reggie Bullock,78,33,2016-04-05,25,DET,A,MIA,-18,0,3:55,1,1,1,0,0,NA,0,0,NA,0,0,0,0,0,0,0,0,2,1.7,-1,2
Reggie Bullock,79,34,2016-04-06,25,DET,A,ORL,4,0,27:05,5,9,0.556,3,6,0.5,0,0,NA,1,2,3,6,1,1,0,1,13,15.5,7,31.3
Reggie Bullock,80,35,2016-04-08,25,DET,H,WAS,13,0,20:24,0,2,0,0,2,0,0,0,NA,1,4,5,1,0,0,1,2,0,-0.6,-12,7.3
Reggie Bullock,81,36,2016-04-12,25,DET,H,MIA,-6,0,12:20,1,3,0.333,0,0,NA,0,0,NA,0,1,1,1,1,0,0,2,2,1.5,-2,6.8
Reggie Bullock,82,37,2016-04-13,25,DET,A,CLE,2,0,38:27,5,8,0.625,3,5,0.6,2,2,1,0,8,8,4,0,0,1,1,15,15.2,12,32
Darrun Hilliard,14,1,2015-11-23,22,DET,A,MIL,-21,0,12:40,1,7,0.143,0,2,0,0,0,NA,1,2,3,0,0,0,2,0,2,-3.2,0,4.8
Darrun Hilliard,15,2,2015-11-25,22,DET,H,MIA,23,0,2:45,2,3,0.667,1,1,1,0,0,NA,1,0,1,0,0,0,0,0,5,4.4,-3,6.8
Darrun Hilliard,21,3,2015-12-06,22,DET,H,LAL,20,0,6:42,1,5,0.2,1,4,0.25,2,2,1,1,0,1,0,0,0,0,2,5,1.8,-4,6.8
Darrun Hilliard,22,4,2015-12-07,22,DET,A,CHO,-20,0,3:55,0,2,0,0,0,NA,2,4,0.5,0,0,0,0,0,0,0,0,2,-0.2,2,2
Darrun Hilliard,23,5,2015-12-09,22,DET,H,MEM,-1,0,6:51,1,1,1,1,1,1,0,0,NA,0,1,1,1,0,0,0,0,3,3.7,0,6.3
Darrun Hilliard,24,6,2015-12-11,22,DET,A,PHI,12,0,8:54,1,5,0.2,0,0,NA,0,0,NA,0,0,0,0,0,0,0,0,2,-1.1,-22,2
Darrun Hilliard,25,7,2015-12-12,22,DET,H,IND,22,0,3:23,1,3,0.333,0,1,0,0,0,NA,0,0,0,0,0,0,1,0,2,-0.7,-3,1.5
Darrun Hilliard,30,8,2015-12-23,22,DET,A,ATL,-7,0,4:30,0,1,0,0,1,0,0,0,NA,0,0,0,0,0,0,0,0,0,-0.7,-1,0
Darrun Hilliard,32,9,2015-12-29,22,DET,A,NYK,-12,0,2:36,1,1,1,0,0,NA,0,0,NA,0,0,0,0,0,0,0,0,2,1.7,3,2
Darrun Hilliard,33,10,2015-12-31,22,DET,H,MIN,25,0,3:23,0,1,0,0,0,NA,4,4,1,0,0,0,0,1,0,0,0,4,4.3,0,6
Darrun Hilliard,35,11,2016-01-04,22,DET,H,ORL,26,0,3:44,0,2,0,0,0,NA,0,0,NA,0,0,0,0,0,0,0,1,0,-1.8,-4,0
Darrun Hilliard,37,12,2016-01-09,22,DET,H,BRK,14,0,20:14,3,5,0.6,1,2,0.5,1,1,1,0,4,4,1,0,0,1,2,8,5.8,16,14.5
Darrun Hilliard,41,13,2016-01-18,22,DET,H,CHI,-10,0,2:38,0,0,NA,0,0,NA,0,0,NA,0,0,0,0,0,0,0,0,0,0,-2,0
Darrun Hilliard,44,14,2016-01-23,22,DET,A,DEN,-3,0,6:52,1,2,0.5,0,0,NA,0,0,NA,0,1,1,2,0,0,1,0,2,1.7,5,5.8
Darrun Hilliard,47,15,2016-01-29,22,DET,H,CLE,-8,0,0:21,0,0,NA,0,0,NA,0,0,NA,0,0,0,0,0,0,0,0,0,0,2,0
Darrun Hilliard,48,16,2016-01-30,22,DET,A,TOR,-4,0,10:02,2,3,0.667,1,2,0.5,0,0,NA,0,2,2,1,1,0,1,3,5,3.8,11,11
Darrun Hilliard,49,17,2016-02-01,22,DET,A,BRK,5,0,4:57,0,0,NA,0,0,NA,1,2,0.5,0,1,1,0,0,0,0,0,1,0.9,-6,2.3
Darrun Hilliard,50,18,2016-02-03,22,DET,A,BOS,-7,0,12:02,2,3,0.667,0,1,0,0,0,NA,1,2,3,1,0,0,0,0,4,4.7,4,9.3
Darrun Hilliard,51,19,2016-02-04,22,DET,H,NYK,6,0,14:58,3,4,0.75,0,0,NA,0,0,NA,0,1,1,0,0,0,1,2,6,2.9,6,6.8
Darrun Hilliard,52,20,2016-02-06,22,DET,A,IND,-8,0,20:48,3,6,0.5,2,4,0.5,1,3,0.333,0,1,1,1,0,0,1,4,9,3.6,10,12.3
Darrun Hilliard,53,21,2016-02-08,22,DET,H,TOR,-14,0,25:27,6,12,0.5,1,4,0.25,0,0,NA,0,0,0,1,2,0,0,2,13,8.9,-4,19
Darrun Hilliard,54,22,2016-02-10,22,DET,H,DEN,-11,0,26:37,3,6,0.5,1,2,0.5,2,3,0.667,0,1,1,6,0,0,2,1,9,7.7,1,18.8
Darrun Hilliard,55,23,2016-02-19,22,DET,A,WAS,-12,0,2:27,1,1,1,0,0,NA,1,2,0.5,0,0,0,0,0,0,0,0,3,2.3,4,3
Darrun Hilliard,56,24,2016-02-21,22,DET,H,NOP,-5,0,11:11,1,3,0.333,1,2,0.5,0,0,NA,0,1,1,0,1,0,1,1,3,1.2,1,6.3
Darrun Hilliard,57,25,2016-02-22,22,DET,A,CLE,8,0,11:14,0,2,0,0,1,0,0,0,NA,0,3,3,2,0,0,3,1,0,-2.5,4,5.3
Darrun Hilliard,58,26,2016-02-24,22,DET,H,PHI,20,0,18:20,2,10,0.2,1,4,0.25,1,2,0.5,1,4,5,1,1,0,0,1,6,2.6,-1,16.3
Darrun Hilliard,59,27,2016-02-27,22,DET,A,MIL,11,0,12:33,2,4,0.5,2,2,1,2,2,1,0,1,1,1,0,0,1,1,8,5.6,6,11.3
Darrun Hilliard,60,28,2016-02-28,22,DET,H,TOR,13,0,8:39,0,2,0,0,1,0,0,0,NA,0,0,0,0,0,0,0,2,0,-2.2,-23,0
Darrun Hilliard,61,29,2016-03-02,22,DET,A,SAS,-16,0,11:38,1,4,0.25,1,3,0.333,0,0,NA,0,1,1,1,0,0,0,0,3,1.6,0,6.3
Darrun Hilliard,62,30,2016-03-05,22,DET,A,NYK,-13,0,8:56,1,4,0.25,0,1,0,0,0,NA,0,0,0,0,0,0,0,1,2,-0.8,-3,2
Darrun Hilliard,63,31,2016-03-06,22,DET,H,POR,20,0,7:20,2,3,0.667,1,2,0.5,0,0,NA,0,0,0,1,1,0,0,0,5,5.4,-3,9
Darrun Hilliard,65,32,2016-03-11,22,DET,A,CHO,-15,0,3:03,2,2,1,0,0,NA,1,1,1,0,0,0,1,0,0,0,0,5,5.1,3,6.5
Darrun Hilliard,67,33,2016-03-14,22,DET,A,WAS,-43,0,12:00,3,5,0.6,0,1,0,4,4,1,0,0,0,0,0,0,0,0,10,7.7,-13,10
Darrun Hilliard,72,34,2016-03-23,22,DET,H,ORL,16,1,28:51,2,4,0.5,2,3,0.667,5,8,0.625,0,6,6,3,1,0,1,2,11,10.9,12,25.5
Darrun Hilliard,74,35,2016-03-26,22,DET,H,ATL,-17,0,1:32,0,1,0,0,0,NA,0,0,NA,0,0,0,0,0,0,0,0,0,-0.7,0,0
Darrun Hilliard,75,36,2016-03-29,22,DET,H,OKC,6,0,2:51,0,1,0,0,0,NA,0,0,NA,0,1,1,0,0,0,0,0,0,-0.4,-3,1.3
Darrun Hilliard,78,37,2016-04-05,22,DET,A,MIA,-18,0,14:16,3,6,0.5,2,4,0.5,0,0,NA,0,3,3,1,0,0,0,0,8,6.6,-2,14.3
Darrun Hilliard,82,38,2016-04-13,23,DET,A,CLE,2,1,23:51,1,7,0.143,0,1,0,2,2,1,0,4,4,2,1,1,3,2,4,0,3,14.5
Steve Blake,1,1,2015-10-27,35,DET,A,ATL,12,0,15:53,1,6,0.167,1,5,0.2,0,0,NA,0,0,0,4,1,0,3,1,3,-0.4,-14,10
Steve Blake,2,2,2015-10-28,35,DET,H,UTA,5,0,16:45,1,3,0.333,0,1,0,0,0,NA,0,4,4,7,0,0,1,0,2,5.4,10,17
Steve Blake,3,3,2015-10-30,35,DET,H,CHI,4,0,15:55,0,7,0,0,4,0,0,0,NA,1,2,3,5,0,0,0,0,0,-0.1,-3,11.3
Steve Blake,4,4,2015-11-03,35,DET,H,IND,-12,0,6:39,0,1,0,0,1,0,0,0,NA,0,0,0,1,0,1,3,2,0,-3.1,-20,2
Steve Blake,5,5,2015-11-06,35,DET,A,PHO,8,0,17:41,3,6,0.5,2,3,0.667,0,0,NA,0,1,1,2,0,0,1,0,8,5.7,1,12.8
Steve Blake,6,6,2015-11-08,35,DET,A,POR,17,0,13:43,1,4,0.25,1,4,0.25,0,0,NA,1,0,1,3,0,0,0,1,3,3,-5,9.3
Steve Blake,7,7,2015-11-09,35,DET,A,GSW,-14,0,18:20,2,3,0.667,1,1,1,0,0,NA,0,2,2,1,1,0,5,0,5,1,-9,9
Steve Blake,8,8,2015-11-11,35,DET,A,SAC,-9,0,15:19,2,7,0.286,1,5,0.2,0,0,NA,0,2,2,3,1,0,0,0,5,4.6,6,14.5
Steve Blake,9,9,2015-11-14,35,DET,A,LAC,-5,0,13:42,1,2,0.5,0,1,0,0,0,NA,0,0,0,2,2,0,2,2,2,1.6,-2,8
Steve Blake,14,10,2015-11-23,35,DET,A,MIL,-21,0,6:48,1,2,0.5,0,1,0,0,0,NA,0,0,0,2,0,0,0,1,2,2,4,5
Steve Blake,15,11,2015-11-25,35,DET,H,MIA,23,0,21:46,1,4,0.25,1,4,0.25,0,0,NA,0,2,2,4,0,0,3,2,3,0.2,-4,10.5
Steve Blake,16,12,2015-11-27,35,DET,A,OKC,-16,0,21:09,2,8,0.25,1,6,0.167,0,0,NA,0,3,3,7,3,0,1,1,5,7.6,4,25.3
Steve Blake,17,13,2015-11-29,35,DET,A,BRK,-4,0,17:41,3,5,0.6,1,2,0.5,0,0,NA,0,1,1,4,0,0,2,1,7,5.4,-1,13.8
Steve Blake,18,14,2015-11-30,35,DET,H,HOU,11,0,12:09,0,1,0,0,1,0,0,0,NA,0,0,0,0,0,1,1,0,0,-1,2,1.5
Steve Blake,19,15,2015-12-02,35,DET,H,PHO,5,0,13:04,1,3,0.333,0,1,0,0,0,NA,0,1,1,1,0,0,2,0,2,-0.7,-22,3.8
Steve Blake,20,16,2015-12-04,35,DET,H,MIL,7,0,14:55,0,3,0,0,2,0,0,0,NA,0,1,1,3,1,0,1,1,0,-0.1,7,7.3
Steve Blake,21,17,2015-12-06,35,DET,H,LAL,20,0,18:25,3,5,0.6,2,2,1,1,1,1,1,3,4,5,1,0,4,0,9,8.8,2,22.5
Steve Blake,22,18,2015-12-07,35,DET,A,CHO,-20,0,20:00,3,6,0.5,3,5,0.6,0,0,NA,1,0,1,7,0,0,1,0,9,10.6,1,21.8
Steve Blake,23,19,2015-12-09,35,DET,H,MEM,-1,0,15:44,4,7,0.571,2,4,0.5,1,2,0.5,0,2,2,1,0,0,0,2,11,7.8,0,16
Steve Blake,24,20,2015-12-11,35,DET,A,PHI,12,0,17:28,1,3,0.333,0,2,0,0,0,NA,0,1,1,4,0,0,1,4,2,0.8,-21,8.8
Steve Blake,25,21,2015-12-12,35,DET,H,IND,22,0,18:59,4,6,0.667,3,4,0.75,0,0,NA,0,2,2,4,0,0,2,2,11,9,4,20
Steve Blake,26,22,2015-12-14,35,DET,H,LAC,-2,0,13:52,2,3,0.667,1,2,0.5,0,0,NA,0,2,2,0,0,0,3,2,5,0.5,6,6.5
Steve Blake,27,23,2015-12-16,35,DET,H,BOS,3,0,20:24,0,4,0,0,1,0,0,0,NA,0,2,2,2,0,0,1,2,0,-2.6,19,5
Steve Blake,28,24,2015-12-18,35,DET,A,CHI,3,0,19:22,3,5,0.6,1,2,0.5,1,2,0.5,1,2,3,2,1,0,0,0,8,9,3,17.3
Steve Blake,29,25,2015-12-22,35,DET,A,MIA,1,0,17:10,4,5,0.8,4,5,0.8,0,0,NA,1,1,2,2,0,0,1,1,12,11.1,-2,19
Steve Blake,30,26,2015-12-23,35,DET,A,ATL,-7,0,14:35,1,6,0.167,0,3,0,0,0,NA,0,1,1,3,1,1,0,3,2,1.1,-11,11.8
Steve Blake,31,27,2015-12-26,35,DET,H,BOS,-6,0,21:20,1,3,0.333,0,2,0,2,2,1,0,2,2,6,2,0,1,1,4,7.7,3,19
Steve Blake,35,28,2016-01-04,35,DET,H,ORL,26,0,3:44,0,1,0,0,1,0,0,0,NA,0,0,0,1,0,0,1,0,0,-1,-4,1
Steve Blake,40,29,2016-01-16,35,DET,H,GSW,18,0,7:03,2,2,1,2,2,1,0,0,NA,0,2,2,1,0,0,1,1,6,5.3,13,10.5
Steve Blake,54,30,2016-02-10,35,DET,H,DEN,-11,0,18:41,2,3,0.667,2,3,0.667,0,0,NA,0,0,0,0,0,0,1,3,6,2.5,0,6.5
Steve Blake,55,31,2016-02-19,35,DET,A,WAS,-12,0,16:17,2,4,0.5,1,1,1,0,0,NA,0,1,1,3,0,0,1,1,5,4,2,10.8
Steve Blake,56,32,2016-02-21,35,DET,H,NOP,-5,0,16:47,1,3,0.333,1,3,0.333,0,0,NA,0,1,1,5,0,0,1,2,3,3.3,-4,11.8
Steve Blake,57,33,2016-02-22,35,DET,A,CLE,8,0,15:21,0,1,0,0,1,0,0,0,NA,0,1,1,2,0,0,1,2,0,-0.8,-3,3.8
Steve Blake,58,34,2016-02-24,35,DET,H,PHI,20,0,21:53,1,3,0.333,1,3,0.333,1,2,0.5,0,2,2,5,0,0,3,4,4,1.4,3,13
Steve Blake,59,35,2016-02-27,36,DET,A,MIL,11,0,16:51,0,4,0,0,3,0,0,0,NA,0,2,2,4,1,0,1,2,0,-0.2,-2,10
Steve Blake,60,36,2016-02-28,36,DET,H,TOR,13,0,19:33,2,3,0.667,2,3,0.667,4,4,1,0,0,0,5,0,0,5,2,10,6.4,-7,16
Steve Blake,61,37,2016-03-02,36,DET,A,SAS,-16,0,17:18,1,4,0.25,1,2,0.5,0,0,NA,0,1,1,4,0,0,2,1,3,1.3,0,9.8
Steve Blake,62,38,2016-03-05,36,DET,A,NYK,-13,0,19:41,5,8,0.625,3,5,0.6,0,0,NA,0,4,4,2,0,0,1,1,13,10.6,-4,22
Steve Blake,63,39,2016-03-06,36,DET,H,POR,20,0,13:55,2,5,0.4,1,2,0.5,0,0,NA,0,1,1,2,0,0,2,2,5,1.2,-5,8.8
Steve Blake,64,40,2016-03-09,36,DET,A,DAL,6,0,18:44,3,4,0.75,1,1,1,0,0,NA,0,0,0,4,1,0,2,1,7,6.8,10,14.5
Steve Blake,65,41,2016-03-11,36,DET,A,CHO,-15,0,16:39,2,5,0.4,1,4,0.25,0,0,NA,0,3,3,2,0,0,0,1,5,4.2,1,12.3
Steve Blake,66,42,2016-03-12,36,DET,A,PHI,14,0,17:46,2,5,0.4,0,2,0,0,0,NA,0,0,0,2,2,0,2,3,4,1.5,-2,10
Steve Blake,67,43,2016-03-14,36,DET,A,WAS,-43,0,28:08,1,7,0.143,1,3,0.333,0,0,NA,1,0,1,3,0,0,5,3,3,-4.9,-19,6.8
Steve Blake,68,44,2016-03-16,36,DET,H,ATL,-4,0,18:29,3,5,0.6,0,2,0,0,0,NA,0,2,2,2,0,0,0,4,6,4.1,-6,11.5
Steve Blake,69,45,2016-03-18,36,DET,H,SAC,7,0,14:12,0,1,0,0,1,0,0,0,NA,1,0,1,7,0,0,1,0,0,3.9,-5,11.3
Steve Blake,70,46,2016-03-19,36,DET,H,BRK,12,0,23:28,0,4,0,0,2,0,0,0,NA,0,3,3,4,0,0,2,1,0,-1.5,26,8.8
Steve Blake,71,47,2016-03-21,36,DET,H,MIL,1,0,19:35,1,3,0.333,0,2,0,1,1,1,0,0,0,4,0,0,0,1,3,3.7,9,9
Steve Blake,72,48,2016-03-23,36,DET,H,ORL,16,0,15:39,1,2,0.5,0,1,0,0,0,NA,0,1,1,7,0,0,0,0,2,6.2,0,13.8
Steve Blake,73,49,2016-03-25,36,DET,H,CHO,7,0,19:22,0,3,0,0,2,0,0,0,NA,0,1,1,5,1,1,2,0,0,1.4,5,11.8
Steve Blake,74,50,2016-03-26,36,DET,H,ATL,-17,0,17:50,1,4,0.25,0,2,0,1,2,0.5,1,2,3,6,1,0,1,1,3,5.3,1,17.3
Steve Blake,75,51,2016-03-29,36,DET,H,OKC,6,0,20:24,0,5,0,0,4,0,0,0,NA,0,3,3,2,1,0,0,0,0,-0.2,-9,8.8
Steve Blake,76,52,2016-04-01,36,DET,H,DAL,-9,0,15:41,1,4,0.25,1,3,0.333,0,0,NA,0,1,1,6,0,0,0,0,3,5.1,-17,13.8
Steve Blake,77,53,2016-04-02,36,DET,A,CHI,4,0,13:01,1,2,0.5,1,2,0.5,0,0,NA,0,3,3,3,1,0,0,0,3,6,8,13.8
Steve Blake,78,54,2016-04-05,36,DET,A,MIA,-18,0,15:18,2,2,1,2,2,1,2,2,1,0,2,2,3,0,0,0,2,8,9.3,-3,16
Steve Blake,79,55,2016-04-06,36,DET,A,ORL,4,0,16:13,1,3,0.333,1,3,0.333,0,0,NA,0,2,2,6,0,0,1,1,3,4.7,2,14.5
Steve Blake,80,56,2016-04-08,36,DET,H,WAS,13,0,13:36,2,8,0.25,2,6,0.333,0,0,NA,0,2,2,2,0,0,1,0,6,2.2,-7,12
Steve Blake,81,57,2016-04-12,36,DET,H,MIA,-6,1,32:26,4,7,0.571,0,2,0,2,2,1,0,1,1,7,1,0,3,1,10,9.5,2,22.3
Steve Blake,82,58,2016-04-13,36,DET,A,CLE,2,1,24:00,5,7,0.714,3,4,0.75,0,0,NA,0,2,2,6,1,1,2,1,13,14.2,1,29
Anthony Tolliver,2,1,2015-10-28,30,DET,H,UTA,5,0,19:10,0,3,0,0,1,0,0,3,0,1,5,6,2,0,0,0,1,0,-0.1,3,10.5
Anthony Tolliver,3,2,2015-10-30,30,DET,H,CHI,4,0,30:12,4,9,0.444,3,8,0.375,0,0,NA,0,3,3,0,2,0,0,1,11,8.8,2,20.3
Anthony Tolliver,4,3,2015-11-03,30,DET,H,IND,-12,0,13:24,0,2,0,0,2,0,0,0,NA,0,1,1,0,0,0,1,1,0,-2.5,-12,0.8
Anthony Tolliver,5,4,2015-11-06,30,DET,A,PHO,8,0,25:05,1,5,0.2,1,5,0.2,1,2,0.5,0,6,6,0,0,0,0,2,4,1.5,4,12
Anthony Tolliver,6,5,2015-11-08,30,DET,A,POR,17,0,21:56,2,4,0.5,2,3,0.667,0,0,NA,0,0,0,0,1,1,0,3,6,4.5,21,11
Anthony Tolliver,7,6,2015-11-09,30,DET,A,GSW,-14,0,14:16,0,2,0,0,1,0,0,0,NA,0,1,1,0,0,0,0,0,0,-1.1,-11,1.3
Anthony Tolliver,8,7,2015-11-11,30,DET,A,SAC,-9,0,23:46,3,5,0.6,2,4,0.5,0,0,NA,0,4,4,4,0,1,1,1,8,9,-6,21.5
Anthony Tolliver,9,8,2015-11-14,30,DET,A,LAC,-5,0,18:27,1,3,0.333,1,3,0.333,2,2,1,0,4,4,1,1,0,0,2,5,5.4,-7,14
Anthony Tolliver,10,9,2015-11-15,30,DET,A,LAL,-12,0,19:09,1,6,0.167,1,5,0.2,0,0,NA,1,0,1,1,0,0,0,3,3,-0.6,-6,6.3
Anthony Tolliver,11,10,2015-11-17,30,DET,H,CLE,5,0,19:18,0,2,0,0,2,0,0,0,NA,2,1,3,1,0,0,0,0,0,1,-6,5.3
Anthony Tolliver,12,11,2015-11-20,30,DET,A,MIN,10,0,20:04,0,7,0,0,5,0,0,0,NA,0,2,2,0,1,0,0,2,0,-4.1,0,4.5
Anthony Tolliver,13,12,2015-11-21,30,DET,H,WAS,-2,0,15:29,0,1,0,0,0,NA,0,0,NA,1,0,1,0,0,0,0,2,0,-0.8,-15,1.3
Anthony Tolliver,14,13,2015-11-23,30,DET,A,MIL,-21,0,23:53,4,8,0.5,3,6,0.5,2,2,1,1,3,4,0,1,1,1,4,13,9.7,-2,23
Anthony Tolliver,15,14,2015-11-25,30,DET,H,MIA,23,0,25:05,4,8,0.5,4,6,0.667,0,0,NA,2,3,5,2,0,0,0,1,12,11.3,1,23.3
Anthony Tolliver,16,15,2015-11-27,30,DET,A,OKC,-16,0,19:38,2,4,0.5,2,4,0.5,0,0,NA,1,2,3,0,0,1,0,1,6,5.6,-1,12.8
Anthony Tolliver,17,16,2015-11-29,30,DET,A,BRK,-4,0,21:57,0,6,0,0,5,0,0,0,NA,1,4,5,1,1,0,0,0,0,-0.6,-10,9.8
Anthony Tolliver,18,17,2015-11-30,30,DET,H,HOU,11,0,11:30,1,2,0.5,0,1,0,0,0,NA,1,2,3,0,0,0,0,1,2,1.9,9,5.8
Anthony Tolliver,19,18,2015-12-02,30,DET,H,PHO,5,0,15:06,2,2,1,1,1,1,0,0,NA,0,3,3,0,1,0,0,0,5,6.3,-13,11.3
Anthony Tolliver,20,19,2015-12-04,30,DET,H,MIL,7,0,23:07,3,5,0.6,2,3,0.667,0,2,0,1,4,5,1,1,2,0,0,8,9.9,-3,22.8
Anthony Tolliver,21,20,2015-12-06,30,DET,H,LAL,20,0,33:39,3,9,0.333,2,7,0.286,1,2,0.5,2,11,13,0,1,0,2,4,9,5.6,16,27.3
Anthony Tolliver,22,21,2015-12-07,30,DET,A,CHO,-20,0,20:01,2,8,0.25,2,7,0.286,0,0,NA,0,4,4,2,0,0,1,0,6,2.8,-1,14.5
Anthony Tolliver,23,22,2015-12-09,30,DET,H,MEM,-1,0,13:22,0,3,0,0,3,0,0,0,NA,0,0,0,1,0,0,0,0,0,-1.4,0,1.5
Anthony Tolliver,24,23,2015-12-11,30,DET,A,PHI,12,0,22:21,1,3,0.333,1,3,0.333,2,2,1,1,4,5,1,1,0,0,1,5,6.5,-22,15.3
Anthony Tolliver,25,24,2015-12-12,30,DET,H,IND,22,0,15:50,2,3,0.667,1,2,0.5,0,0,NA,0,3,3,0,1,0,0,0,5,5.6,7,11.3
Anthony Tolliver,26,25,2015-12-14,30,DET,H,LAC,-2,0,32:54,1,5,0.2,1,4,0.25,0,0,NA,0,6,6,1,0,0,1,2,3,0.6,10,12
Anthony Tolliver,27,26,2015-12-16,30,DET,H,BOS,3,0,14:54,3,5,0.6,3,4,0.75,0,0,NA,0,2,2,2,0,1,0,3,9,8.2,9,18
Anthony Tolliver,28,27,2015-12-18,30,DET,A,CHI,3,0,12:58,1,4,0.25,0,2,0,0,0,NA,0,1,1,0,0,0,0,1,2,-0.5,5,3.3
Anthony Tolliver,29,28,2015-12-22,30,DET,A,MIA,1,0,23:53,3,5,0.6,3,5,0.6,0,0,NA,0,5,5,1,1,0,0,1,9,9.5,22,20.3
Anthony Tolliver,30,29,2015-12-23,30,DET,A,ATL,-7,0,14:59,1,2,0.5,0,1,0,0,0,NA,1,1,2,3,0,1,1,1,2,3.4,-10,10.5
Anthony Tolliver,31,30,2015-12-26,30,DET,H,BOS,-6,0,16:08,1,5,0.2,1,5,0.2,2,2,1,0,1,1,1,1,0,0,2,5,3.1,5,10.3
Anthony Tolliver,32,31,2015-12-29,30,DET,A,NYK,-12,0,11:50,3,5,0.6,2,4,0.5,0,0,NA,1,1,2,0,0,1,1,1,8,6,-7,13
Anthony Tolliver,33,32,2015-12-31,30,DET,H,MIN,25,0,16:05,5,7,0.714,5,7,0.714,0,0,NA,0,5,5,1,1,0,0,0,15,15.3,26,27.3
Anthony Tolliver,34,33,2016-01-02,30,DET,A,IND,-12,0,16:03,0,1,0,0,1,0,0,0,NA,0,1,1,1,1,0,1,0,0,0.3,6,4.3
Anthony Tolliver,35,34,2016-01-04,30,DET,H,ORL,26,0,19:39,4,8,0.5,2,4,0.5,0,0,NA,2,4,6,1,0,1,1,1,10,8.6,15,21.5
Anthony Tolliver,36,35,2016-01-06,30,DET,A,BOS,5,0,23:49,2,6,0.333,2,6,0.333,0,2,0,0,4,4,0,0,0,0,2,6,2.2,12,12
Anthony Tolliver,37,36,2016-01-09,30,DET,H,BRK,14,0,18:41,3,6,0.5,2,5,0.4,2,3,0.667,0,3,3,2,1,1,0,0,10,10.6,10,21.8
Anthony Tolliver,38,37,2016-01-12,30,DET,H,SAS,-10,0,22:27,3,6,0.5,2,5,0.4,1,3,0.333,0,4,4,1,0,0,0,0,9,7.1,5,16.5
Anthony Tolliver,39,38,2016-01-14,30,DET,A,MEM,-2,0,21:45,3,5,0.6,2,4,0.5,0,0,NA,0,2,2,0,0,0,0,1,8,5.9,-5,11.5
Anthony Tolliver,40,39,2016-01-16,30,DET,H,GSW,18,0,15:29,1,3,0.333,0,2,0,3,3,1,2,1,3,0,0,0,0,1,5,4.6,22,8.8
Anthony Tolliver,41,40,2016-01-18,30,DET,H,CHI,-10,0,12:46,0,2,0,0,2,0,0,0,NA,1,1,2,4,1,0,0,1,0,3,-10,10.5
Anthony Tolliver,42,41,2016-01-20,30,DET,A,HOU,9,0,12:21,2,5,0.4,1,4,0.25,2,2,1,0,5,5,0,0,1,1,1,7,5.1,3,15.3
Anthony Tolliver,43,42,2016-01-21,30,DET,A,NOP,-16,0,11:29,1,3,0.333,1,3,0.333,0,0,NA,0,1,1,1,0,0,0,0,3,2.3,-6,6.3
Anthony Tolliver,44,43,2016-01-23,30,DET,A,DEN,-3,0,21:07,2,3,0.667,2,2,1,3,3,1,0,2,2,1,0,0,0,3,9,7.8,4,14
Anthony Tolliver,45,44,2016-01-25,30,DET,A,UTA,3,0,24:34,4,8,0.5,4,5,0.8,0,0,NA,2,4,6,0,0,0,1,1,12,9.2,-10,21
Anthony Tolliver,46,45,2016-01-27,30,DET,H,PHI,13,0,19:39,0,3,0,0,3,0,0,0,NA,0,3,3,0,0,0,1,2,0,-3,9,3.3
Anthony Tolliver,47,46,2016-01-29,30,DET,H,CLE,-8,0,21:18,2,5,0.4,2,5,0.4,2,2,1,1,3,4,3,0,0,0,1,8,8.6,-3,18.5
Anthony Tolliver,48,47,2016-01-30,30,DET,A,TOR,-4,1,35:18,2,6,0.333,1,5,0.2,0,0,NA,1,1,2,0,0,0,1,3,5,0.4,5,7.5
Anthony Tolliver,49,48,2016-02-01,30,DET,A,BRK,5,0,16:22,1,3,0.333,0,2,0,0,0,NA,1,3,4,1,0,0,0,1,2,2.2,-12,8.5
Anthony Tolliver,50,49,2016-02-03,30,DET,A,BOS,-7,0,18:16,1,4,0.25,1,4,0.25,0,0,NA,1,3,4,0,0,0,2,2,3,-0.6,-8,7.5
Anthony Tolliver,51,50,2016-02-04,30,DET,H,NYK,6,0,14:58,1,1,1,1,1,1,0,0,NA,1,4,5,0,0,0,0,5,3,2.6,8,9.8
Anthony Tolliver,52,51,2016-02-06,30,DET,A,IND,-8,0,30:06,5,9,0.556,5,9,0.556,2,4,0.5,1,3,4,1,3,0,1,0,17,16.2,10,31.5
Anthony Tolliver,53,52,2016-02-08,30,DET,H,TOR,-14,0,20:11,2,6,0.333,1,5,0.2,0,0,NA,0,3,3,0,0,0,0,0,5,2.5,-10,9.3
Anthony Tolliver,54,53,2016-02-10,30,DET,H,DEN,-11,1,35:16,2,7,0.286,2,6,0.333,0,0,NA,1,6,7,1,2,1,1,2,6,6,-15,22.8
Anthony Tolliver,55,54,2016-02-19,30,DET,A,WAS,-12,1,18:25,2,6,0.333,2,5,0.4,0,0,NA,1,2,3,0,0,0,1,3,6,1.7,-4,10.3
Anthony Tolliver,56,55,2016-02-21,30,DET,H,NOP,-5,1,7:47,1,3,0.333,1,3,0.333,0,0,NA,0,1,1,1,1,0,0,1,3,2.9,-3,8.3
Anthony Tolliver,65,56,2016-03-11,30,DET,A,CHO,-15,0,9:18,0,3,0,0,2,0,0,0,NA,0,0,0,0,1,0,0,0,0,-1.1,5,2
Anthony Tolliver,66,57,2016-03-12,30,DET,A,PHI,14,0,0:42,0,0,NA,0,0,NA,0,0,NA,0,0,0,0,0,0,0,0,0,0,2,0
Anthony Tolliver,67,58,2016-03-14,30,DET,A,WAS,-43,0,20:05,1,4,0.25,0,3,0,0,0,NA,0,4,4,1,0,0,0,0,2,1.5,-12,8.5
Anthony Tolliver,68,59,2016-03-16,30,DET,H,ATL,-4,0,13:46,1,2,0.5,1,2,0.5,0,0,NA,0,0,0,0,0,0,0,2,3,1.2,-4,3.5
Anthony Tolliver,70,60,2016-03-19,30,DET,H,BRK,12,0,16:50,6,9,0.667,4,7,0.571,1,3,0.333,2,2,4,2,0,0,0,2,17,14.9,16,27
Anthony Tolliver,71,61,2016-03-21,30,DET,H,MIL,1,0,16:25,4,9,0.444,3,8,0.375,0,0,NA,0,1,1,0,0,1,1,4,11,4.7,10,15.3
Anthony Tolliver,72,62,2016-03-23,30,DET,H,ORL,16,0,14:31,0,1,0,0,1,0,0,0,NA,0,3,3,1,0,0,0,0,0,0.9,3,5.3
Anthony Tolliver,73,63,2016-03-25,30,DET,H,CHO,7,0,20:21,4,9,0.444,3,7,0.429,0,0,NA,1,7,8,0,0,1,1,0,11,8.8,2,24
Anthony Tolliver,74,64,2016-03-26,30,DET,H,ATL,-17,0,13:39,0,4,0,0,4,0,0,0,NA,0,4,4,2,0,0,1,1,0,-1.6,-8,7.5
Anthony Tolliver,75,65,2016-03-29,30,DET,H,OKC,6,0,9:20,1,2,0.5,0,1,0,0,0,NA,0,0,0,0,0,0,0,0,2,1,-3,2
Anthony Tolliver,76,66,2016-04-01,30,DET,H,DAL,-9,0,5:20,0,1,0,0,1,0,0,0,NA,0,0,0,0,0,0,1,1,0,-2.1,-15,-0.5
Anthony Tolliver,77,67,2016-04-02,30,DET,A,CHI,4,0,9:32,2,4,0.5,2,3,0.667,0,0,NA,0,2,2,0,0,0,0,0,6,4.6,6,9.5
Anthony Tolliver,78,68,2016-04-05,30,DET,A,MIA,-18,0,23:58,1,4,0.25,0,3,0,0,0,NA,1,0,1,1,1,0,0,0,2,2,-11,6.8
Anthony Tolliver,79,69,2016-04-06,30,DET,A,ORL,4,0,17:37,2,5,0.4,1,4,0.25,1,3,0.333,1,1,2,0,0,0,1,2,6,1.7,-6,8.5
Anthony Tolliver,80,70,2016-04-08,30,DET,H,WAS,13,0,11:24,1,5,0.2,1,5,0.2,0,0,NA,1,1,2,0,0,1,1,1,3,0.2,-11,7.5
Anthony Tolliver,81,71,2016-04-12,30,DET,H,MIA,-6,0,12:00,2,3,0.667,1,2,0.5,2,2,1,0,2,2,0,0,0,0,0,7,6.3,-1,10
Anthony Tolliver,82,72,2016-04-13,30,DET,A,CLE,2,1,38:37,5,10,0.5,5,9,0.556,0,0,NA,1,7,8,1,0,0,2,1,15,11.1,4,28
Justin Harper,1,1,2016-02-24,26,DET,H,PHI,20,0,5:04,0,1,0,0,1,0,1,2,0.5,0,0,0,0,1,0,1,0,1,-0.1,-7,NA
Justin Harper,2,2,2016-02-27,26,DET,A,MIL,11,0,1:42,0,1,0,0,1,0,0,0,NA,0,0,0,0,0,0,0,0,0,-0.7,-5,0
Justin Harper,3,3,2016-02-28,26,DET,H,TOR,13,0,15:50,3,6,0.5,3,5,0.6,0,0,NA,0,1,1,0,0,0,1,1,9,4.9,-17,11.3
Justin Harper,5,4,2016-03-05,26,DET,A,NYK,-13,0,11:14,0,1,0,0,1,0,0,0,NA,0,0,0,0,0,0,0,2,0,-1.5,-3,0
Justin Harper,6,5,2016-03-06,26,DET,H,POR,20,0,1:15,1,1,1,1,1,1,0,0,NA,0,0,0,0,0,0,0,0,3,2.7,0,3.5
Joel Anthony,14,2,2015-11-23,33,DET,A,MIL,-21,0,4:59,0,0,NA,0,0,NA,2,2,1,2,1,3,1,1,0,1,0,2,4.4,3,8.8
Joel Anthony,15,3,2015-11-25,33,DET,H,MIA,23,0,2:45,1,2,0.5,0,0,NA,0,0,NA,1,0,1,0,0,0,0,0,2,1.7,-3,3.3
Joel Anthony,21,4,2015-12-06,33,DET,H,LAL,20,0,2:28,0,0,NA,0,0,NA,0,0,NA,0,1,1,0,0,1,0,0,0,1,5,3.3
Joel Anthony,22,5,2015-12-07,33,DET,A,CHO,-20,0,3:55,0,0,NA,0,0,NA,0,0,NA,0,0,0,0,0,0,0,1,0,-0.4,2,0
Joel Anthony,25,6,2015-12-12,33,DET,H,IND,22,0,3:23,0,0,NA,0,0,NA,0,0,NA,0,1,1,0,1,0,0,1,0,0.9,-3,3.3
Joel Anthony,27,7,2015-12-16,33,DET,H,BOS,3,0,0:30,0,0,NA,0,0,NA,1,2,0.5,0,0,0,0,0,0,0,0,1,0.6,-3,1
Joel Anthony,28,8,2015-12-18,33,DET,A,CHI,3,0,13:35,0,0,NA,0,0,NA,2,2,1,0,3,3,0,0,0,0,2,2,2.1,7,5.8
Joel Anthony,33,9,2015-12-31,33,DET,H,MIN,25,0,3:23,0,0,NA,0,0,NA,0,0,NA,0,0,0,0,0,1,0,1,0,0.3,0,2
Joel Anthony,35,10,2016-01-04,33,DET,H,ORL,26,0,3:44,0,1,0,0,0,NA,0,0,NA,1,0,1,0,0,1,0,1,0,0.3,-4,3.3
Joel Anthony,36,11,2016-01-06,33,DET,A,BOS,5,0,8:32,0,1,0,0,0,NA,0,0,NA,2,2,4,0,0,1,0,0,0,2,1,7
Joel Anthony,38,12,2016-01-12,33,DET,H,SAS,-10,0,1:16,1,1,1,0,0,NA,0,0,NA,0,0,0,0,0,0,0,1,2,1.3,-2,2
Joel Anthony,39,13,2016-01-14,33,DET,A,MEM,-2,0,1:21,0,0,NA,0,0,NA,0,0,NA,0,0,0,0,0,0,0,0,0,0,-4,0
Joel Anthony,47,14,2016-01-29,33,DET,H,CLE,-8,0,2:16,0,0,NA,0,0,NA,0,0,NA,1,0,1,0,0,0,0,1,0,0.3,4,1.3
Joel Anthony,57,15,2016-02-24,33,DET,H,PHI,20,0,4:25,0,1,0,0,0,NA,0,0,NA,0,1,1,0,0,0,0,1,0,-0.8,-5,1.3
Joel Anthony,59,16,2016-02-28,33,DET,H,TOR,13,0,4:09,0,0,NA,0,0,NA,0,0,NA,0,0,0,0,0,0,0,2,0,-0.8,-13,0
Joel Anthony,62,17,2016-03-06,33,DET,H,POR,20,0,1:15,0,0,NA,0,0,NA,0,0,NA,0,0,0,0,0,0,0,0,0,0,0,0
Joel Anthony,66,18,2016-03-14,33,DET,A,WAS,-43,0,4:38,1,1,1,0,0,NA,0,0,NA,0,0,0,0,0,0,1,2,2,-0.1,-4,1.5
Joel Anthony,77,19,2016-04-05,33,DET,A,MIA,-18,0,3:55,0,0,NA,0,0,NA,0,0,NA,0,1,1,0,0,0,0,0,0,0.3,-1,1.3
Joel Anthony,81,20,2016-04-13,33,DET,A,CLE,2,0,25:13,3,3,1,0,0,NA,1,2,0.5,1,3,4,0,0,8,0,2,7,12.1,3,28
Brandon Jennings,32,1,2015-12-29,26,DET,A,NYK,-12,0,16:44,2,4,0.5,1,2,0.5,2,2,1,0,1,1,4,0,0,1,1,7,6.7,-7,14.3
Brandon Jennings,33,2,2015-12-31,26,DET,H,MIN,25,0,20:53,3,9,0.333,1,6,0.167,0,1,0,0,6,6,3,0,0,3,1,7,2,4,18
Brandon Jennings,34,3,2016-01-02,26,DET,A,IND,-12,0,19:17,1,5,0.2,0,2,0,2,2,1,0,2,2,3,1,0,1,2,4,2.8,11,12.5
Brandon Jennings,35,4,2016-01-04,26,DET,H,ORL,26,0,18:29,5,9,0.556,3,4,0.75,4,6,0.667,0,1,1,6,1,0,0,1,17,17,25,30.8
Brandon Jennings,36,5,2016-01-06,26,DET,A,BOS,5,0,16:33,1,4,0.25,1,4,0.25,3,4,0.75,1,0,1,2,0,0,3,1,6,1.9,11,9.3
Brandon Jennings,37,6,2016-01-09,26,DET,H,BRK,14,0,15:25,0,3,0,0,2,0,0,0,NA,0,1,1,5,0,0,0,1,0,1.3,5,8.8
Brandon Jennings,38,7,2016-01-12,26,DET,H,SAS,-10,0,17:43,4,9,0.444,0,2,0,1,1,1,0,0,0,4,0,0,1,1,9,5.7,-6,14.5
Brandon Jennings,39,8,2016-01-14,26,DET,A,MEM,-2,0,24:17,3,5,0.6,2,4,0.5,2,2,1,0,1,1,3,0,0,1,1,10,8.7,-7,16.3
Brandon Jennings,40,9,2016-01-16,26,DET,H,GSW,18,0,8:25,1,5,0.2,0,2,0,0,0,NA,0,1,1,1,1,0,0,1,2,0.5,4,6.8
Brandon Jennings,41,10,2016-01-18,26,DET,H,CHI,-10,0,15:39,1,6,0.167,0,2,0,0,0,NA,1,2,3,2,0,0,1,0,2,-0.1,-17,8.3
Brandon Jennings,42,11,2016-01-20,26,DET,A,HOU,9,0,15:34,2,5,0.4,1,2,0.5,0,0,NA,0,0,0,4,1,0,1,1,5,4.7,6,13
Brandon Jennings,43,12,2016-01-21,26,DET,A,NOP,-16,0,20:11,6,11,0.545,3,6,0.5,5,6,0.833,0,1,1,5,0,0,1,0,20,17.1,-1,29.8
Brandon Jennings,44,13,2016-01-23,26,DET,A,DEN,-3,0,18:26,2,6,0.333,1,3,0.333,0,0,NA,2,8,10,4,1,0,1,0,5,8.2,10,25.5
Brandon Jennings,45,14,2016-01-25,26,DET,A,UTA,3,0,17:05,0,4,0,0,1,0,1,3,0.333,0,1,1,4,1,0,0,2,1,0.7,-4,10.3
Brandon Jennings,46,15,2016-01-27,26,DET,H,PHI,13,0,16:59,0,4,0,0,1,0,1,2,0.5,1,1,2,3,1,0,1,1,1,0.5,4,9.5
Brandon Jennings,47,16,2016-01-29,26,DET,H,CLE,-8,0,15:32,0,2,0,0,2,0,0,0,NA,0,2,2,2,0,0,1,1,0,-0.8,7,5
Brandon Jennings,48,17,2016-01-30,26,DET,A,TOR,-4,0,21:46,7,14,0.5,5,11,0.455,3,5,0.6,0,4,4,0,2,1,0,3,22,16.9,11,35.5
Brandon Jennings,49,18,2016-02-01,26,DET,A,BRK,5,0,16:35,1,4,0.25,1,4,0.25,0,0,NA,0,1,1,5,0,0,0,0,3,4.4,-1,12.3
Brandon Jennings,50,19,2016-02-03,26,DET,A,BOS,-7,0,19:56,2,8,0.25,0,3,0,1,2,0.5,0,2,2,3,0,1,0,2,5,2.4,-14,14
Brandon Jennings,51,20,2016-02-04,26,DET,H,NYK,6,0,16:21,4,6,0.667,1,2,0.5,2,2,1,0,3,3,2,0,0,2,0,11,8.7,16,17.3
Brandon Jennings,52,21,2016-02-06,26,DET,A,IND,-8,0,15:42,2,5,0.4,0,2,0,0,0,NA,0,0,0,2,1,0,1,2,4,1.9,-2,8.5
Brandon Jennings,53,22,2016-02-08,26,DET,H,TOR,-14,0,18:54,0,3,0,0,2,0,0,0,NA,0,0,0,2,1,0,1,0,0,-0.7,-7,4.5
Brandon Jennings,54,23,2016-02-10,26,DET,H,DEN,-11,1,29:19,6,12,0.5,4,8,0.5,0,0,NA,0,3,3,1,0,0,2,2,16,8.8,-11,22.3
Tobias Harris,53,50,2016-02-19,23,DET,A,WAS,-12,0,30:04,9,12,0.75,1,2,0.5,2,2,1,1,3,4,0,0,0,2,2,21,15,-6,25.5
Tobias Harris,54,51,2016-02-21,23,DET,H,NOP,-5,0,35:22,6,17,0.353,2,6,0.333,2,3,0.667,0,5,5,2,1,2,1,3,16,9.2,-4,31.8
Tobias Harris,55,52,2016-02-22,23,DET,A,CLE,8,1,34:35,6,14,0.429,1,5,0.2,1,1,1,1,4,5,3,3,0,1,5,14,10.6,16,30.8
Tobias Harris,56,53,2016-02-24,23,DET,H,PHI,20,1,29:50,9,12,0.75,1,2,0.5,3,4,0.75,1,7,8,2,0,0,1,1,22,19.6,18,35
Tobias Harris,57,54,2016-02-27,23,DET,A,MIL,11,1,35:20,5,14,0.357,2,3,0.667,3,4,0.75,1,3,4,4,1,0,1,1,15,10.8,10,28.5
Tobias Harris,58,55,2016-02-28,23,DET,H,TOR,13,1,25:20,5,9,0.556,2,3,0.667,2,2,1,1,6,7,1,0,0,0,2,14,12.1,21,25.3
Tobias Harris,59,56,2016-03-02,23,DET,A,SAS,-16,1,38:08,7,16,0.438,1,2,0.5,1,2,0.5,1,5,6,4,0,0,1,1,16,10.8,-18,29.5
Tobias Harris,60,57,2016-03-05,23,DET,A,NYK,-13,1,36:02,6,12,0.5,0,2,0,6,8,0.75,1,7,8,1,0,0,1,3,18,12.5,-13,29
Tobias Harris,61,58,2016-03-06,23,DET,H,POR,20,1,38:32,7,12,0.583,2,3,0.667,0,0,NA,0,5,5,5,2,0,4,4,16,11.8,29,32.8
Tobias Harris,62,59,2016-03-09,23,DET,A,DAL,6,1,39:10,6,11,0.545,2,6,0.333,5,5,1,1,6,7,5,1,0,2,2,19,17.9,1,37.3
Tobias Harris,63,60,2016-03-11,23,DET,A,CHO,-15,1,34:40,6,14,0.429,2,5,0.4,6,6,1,0,5,5,1,3,0,2,2,20,15,-14,33.8
Tobias Harris,64,61,2016-03-12,23,DET,A,PHI,14,1,32:59,8,12,0.667,2,3,0.667,3,3,1,1,7,8,1,0,0,3,3,21,15.1,13,32
Tobias Harris,65,62,2016-03-14,23,DET,A,WAS,-43,1,23:17,3,10,0.3,0,4,0,2,2,1,0,1,1,2,0,0,1,1,8,2.5,-27,11.8
Tobias Harris,66,63,2016-03-16,23,DET,H,ATL,-4,1,34:14,6,12,0.5,2,4,0.5,5,5,1,1,10,11,5,0,0,1,3,19,18,0,42.3
Tobias Harris,67,64,2016-03-18,23,DET,H,SAC,7,1,34:59,6,14,0.429,1,4,0.25,4,4,1,0,5,5,3,0,0,1,3,17,11,17,27.8
Tobias Harris,68,65,2016-03-19,23,DET,H,BRK,12,1,23:36,6,14,0.429,1,2,0.5,0,0,NA,3,3,6,2,0,1,0,0,13,10.7,-4,26
Tobias Harris,69,66,2016-03-21,23,DET,H,MIL,1,1,36:33,4,12,0.333,0,2,0,5,5,1,2,4,6,2,0,0,0,2,13,9.4,-4,23.5
Tobias Harris,70,67,2016-03-23,23,DET,H,ORL,16,1,33:29,7,14,0.5,1,3,0.333,3,3,1,1,3,4,3,0,2,0,1,18,15.7,13,32
Tobias Harris,71,68,2016-03-25,23,DET,H,CHO,7,1,27:39,1,7,0.143,0,4,0,5,5,1,1,6,7,5,1,1,0,3,7,9,5,27.3
Tobias Harris,72,69,2016-03-26,23,DET,H,ATL,-17,1,34:21,10,20,0.5,1,3,0.333,0,0,NA,2,8,10,5,0,1,2,3,21,15.8,-9,44
Tobias Harris,73,70,2016-03-29,23,DET,H,OKC,6,1,34:32,6,14,0.429,1,1,1,4,4,1,2,5,7,3,1,0,1,2,17,13.8,5,32.3
Tobias Harris,74,71,2016-04-01,23,DET,H,DAL,-9,1,40:03,6,13,0.462,1,4,0.25,1,2,0.5,0,5,5,0,0,2,2,2,14,7,-15,23.8
Tobias Harris,75,72,2016-04-02,23,DET,A,CHI,4,1,38:28,9,17,0.529,1,3,0.333,2,2,1,1,6,7,4,2,1,1,3,21,18.5,-2,41.8
Tobias Harris,76,73,2016-04-05,23,DET,A,MIA,-18,1,29:13,8,10,0.8,0,1,0,5,5,1,1,6,7,2,1,0,1,2,21,20.3,-11,34.3
Tobias Harris,77,74,2016-04-06,23,DET,A,ORL,4,1,30:23,5,11,0.455,2,3,0.667,1,2,0.5,1,6,7,2,1,0,1,4,13,9.2,10,27.3
Tobias Harris,78,75,2016-04-08,23,DET,H,WAS,13,1,36:36,4,9,0.444,3,5,0.6,6,6,1,1,8,9,1,0,0,0,3,17,14.9,24,31.3
Tobias Harris,79,76,2016-04-12,23,DET,H,MIA,-6,1,36:00,5,16,0.313,1,3,0.333,5,5,1,0,4,4,2,1,2,0,1,16,11.4,-5,30.5
Spencer Dinwiddie,4,1,2015-11-03,22,DET,H,IND,-12,0,7:04,1,1,1,0,0,NA,0,2,0,0,1,1,0,0,0,2,3,2,-2,0,2.3
Spencer Dinwiddie,10,2,2015-11-15,22,DET,A,LAL,-12,0,23:43,6,9,0.667,1,3,0.333,4,5,0.8,0,2,2,4,0,0,1,4,17,13.5,1,25.5
Spencer Dinwiddie,11,3,2015-11-17,22,DET,H,CLE,5,0,13:33,1,6,0.167,0,1,0,1,2,0.5,0,1,1,1,1,0,1,2,3,-1,-10,7.3
Spencer Dinwiddie,12,4,2015-11-20,22,DET,A,MIN,10,0,20:29,2,6,0.333,0,2,0,2,3,0.667,0,1,1,2,1,0,0,2,6,4.1,-5,12.3
Spencer Dinwiddie,13,5,2015-11-21,22,DET,H,WAS,-2,0,16:26,2,7,0.286,0,0,NA,2,3,0.667,0,1,1,2,0,0,0,3,6,2,-20,10.3
Spencer Dinwiddie,14,6,2015-11-23,22,DET,A,MIL,-21,0,17:29,1,4,0.25,0,1,0,2,4,0.5,0,2,2,3,0,0,1,2,4,1.7,-13,10.5
Spencer Dinwiddie,21,7,2015-12-06,22,DET,H,LAL,20,0,4:43,1,1,1,0,0,NA,0,0,NA,0,1,1,0,0,0,0,0,2,2,0,3.3
Spencer Dinwiddie,22,8,2015-12-07,22,DET,A,CHO,-20,0,3:55,0,1,0,0,0,NA,0,0,NA,0,0,0,1,0,0,0,0,0,0,2,1.5
Spencer Dinwiddie,25,9,2015-12-12,22,DET,H,IND,22,0,3:23,0,0,NA,0,0,NA,0,0,NA,0,0,0,0,0,0,0,0,0,0,-3,0
Spencer Dinwiddie,78,10,2016-04-05,22,DET,A,MIA,-18,0,3:55,0,2,0,0,0,NA,0,0,NA,1,0,1,1,1,0,2,1,0,-1.4,-1,3.8
Spencer Dinwiddie,81,11,2016-04-12,23,DET,H,MIA,-6,0,15:34,2,5,0.4,0,1,0,2,4,0.5,1,1,2,3,0,0,0,3,6,4.4,-8,13
Spencer Dinwiddie,82,12,2016-04-13,23,DET,A,CLE,2,0,29:00,3,12,0.25,0,2,0,6,10,0.6,2,3,5,5,0,0,0,0,12,9,1,25.8
Andre Drummond,1,1,2015-10-27,22,DET,A,ATL,12,1,37:09,6,16,0.375,0,0,NA,6,10,0.6,8,11,19,3,1,2,2,4,18,17.4,23,52.8
Andre Drummond,2,2,2015-10-28,22,DET,H,UTA,5,1,36:07,5,11,0.455,0,0,NA,8,11,0.727,2,8,10,0,1,2,0,2,18,16.5,14,38
Andre Drummond,3,3,2015-10-30,22,DET,H,CHI,4,1,39:05,8,19,0.421,0,0,NA,4,10,0.4,9,11,20,0,2,2,3,3,20,16.3,12,53
Andre Drummond,4,4,2015-11-03,22,DET,H,IND,-12,1,43:13,12,17,0.706,0,0,NA,1,2,0.5,11,18,29,0,3,1,4,3,25,29.1,8,68.8
Andre Drummond,5,5,2015-11-06,22,DET,A,PHO,8,1,36:09,5,9,0.556,0,0,NA,2,13,0.154,4,13,17,0,2,1,3,4,12,8.1,1,39.3
Andre Drummond,6,6,2015-11-08,22,DET,A,POR,17,1,35:52,14,19,0.737,0,0,NA,1,6,0.167,9,18,27,0,2,3,1,3,29,32.9,14,73.8
Andre Drummond,7,7,2015-11-09,22,DET,A,GSW,-14,1,34:53,7,16,0.438,0,0,NA,0,2,0,5,10,15,3,2,2,4,4,14,11.2,-5,44.8
Andre Drummond,8,8,2015-11-11,22,DET,A,SAC,-9,1,34:37,7,13,0.538,0,0,NA,0,2,0,9,8,17,0,2,0,5,5,14,10.6,-15,38.3
Andre Drummond,9,9,2015-11-14,22,DET,A,LAC,-5,1,33:49,6,13,0.462,0,0,NA,6,14,0.429,4,15,19,2,1,1,2,3,18,15.3,-10,49.3
Andre Drummond,10,10,2015-11-15,22,DET,A,LAL,-12,1,40:42,8,18,0.444,0,0,NA,1,2,0.5,4,13,17,3,1,0,2,5,17,13,-5,45.3
Andre Drummond,11,11,2015-11-17,22,DET,H,CLE,5,1,39:14,10,15,0.667,0,0,NA,5,9,0.556,5,13,18,0,3,1,3,1,25,24.6,17,55.5
Andre Drummond,12,12,2015-11-20,22,DET,A,MIN,10,1,29:03,10,13,0.769,0,0,NA,1,2,0.5,2,9,11,0,2,1,4,5,21,16.3,9,40.3
Andre Drummond,13,13,2015-11-21,22,DET,H,WAS,-2,1,37:06,3,6,0.5,0,0,NA,2,4,0.5,0,13,13,1,1,2,2,4,8,7.6,8,30.8
Andre Drummond,14,14,2015-11-23,22,DET,A,MIL,-21,1,24:11,6,14,0.429,0,0,NA,3,4,0.75,9,6,15,0,1,1,0,2,15,16.2,-18,39.3
Andre Drummond,15,15,2015-11-25,22,DET,H,MIA,23,1,32:41,9,18,0.5,0,0,NA,0,1,0,8,12,20,0,2,5,1,0,18,22.3,14,58
Andre Drummond,16,16,2015-11-27,22,DET,A,OKC,-16,1,32:26,7,16,0.438,0,0,NA,1,2,0.5,3,4,7,2,1,0,2,4,15,8.3,-5,27.8
Andre Drummond,17,17,2015-11-29,22,DET,A,BRK,-4,1,36:44,9,19,0.474,0,0,NA,2,11,0.182,10,8,18,0,3,1,3,1,20,16.4,3,50.5
Andre Drummond,18,18,2015-11-30,22,DET,H,HOU,11,1,27:14,10,15,0.667,0,0,NA,4,18,0.222,4,9,13,2,3,3,1,3,24,21.7,13,56.3
Andre Drummond,19,19,2015-12-02,22,DET,H,PHO,5,1,42:07,8,16,0.5,0,1,0,6,17,0.353,3,9,12,0,2,1,2,3,22,13.9,6,43.5
Andre Drummond,20,20,2015-12-04,22,DET,H,MIL,7,1,35:52,7,18,0.389,0,0,NA,3,10,0.3,4,19,23,1,3,2,2,2,17,15.2,-2,57.8
Andre Drummond,21,21,2015-12-06,22,DET,H,LAL,20,1,24:11,8,12,0.667,0,0,NA,2,5,0.4,5,10,15,0,1,0,0,3,18,17.9,19,40.3
Andre Drummond,22,22,2015-12-07,22,DET,A,CHO,-20,1,23:34,4,7,0.571,0,0,NA,1,4,0.25,2,7,9,1,3,0,1,5,9,8.7,-11,27.3
Andre Drummond,23,23,2015-12-09,22,DET,H,MEM,-1,1,36:30,8,15,0.533,0,0,NA,2,5,0.4,7,12,19,2,3,2,6,2,18,17,4,53.3
Andre Drummond,24,24,2015-12-11,22,DET,A,PHI,12,1,32:52,8,17,0.471,0,0,NA,2,6,0.333,11,5,16,0,2,4,1,3,18,19.5,27,51
Andre Drummond,25,25,2015-12-12,22,DET,H,IND,22,1,28:17,4,11,0.364,0,0,NA,0,2,0,3,8,11,1,1,2,2,3,8,5.5,20,28.3
Andre Drummond,26,26,2015-12-14,22,DET,H,LAC,-2,1,40:20,8,17,0.471,0,0,NA,4,8,0.5,4,11,15,1,3,0,5,3,20,13.3,-9,45.3
Andre Drummond,27,27,2015-12-16,22,DET,H,BOS,3,1,34:33,6,10,0.6,1,1,1,3,10,0.3,4,8,12,1,2,0,2,3,16,13.3,1,37.5
Andre Drummond,28,28,2015-12-18,22,DET,A,CHI,3,1,54:12,14,25,0.56,0,0,NA,5,10,0.5,10,11,21,3,3,2,2,6,33,31.5,-3,74.3
Andre Drummond,29,29,2015-12-22,22,DET,A,MIA,1,1,34:16,4,12,0.333,0,0,NA,3,6,0.5,4,8,12,1,0,2,1,3,11,8.1,2,32.5
Andre Drummond,30,30,2015-12-23,22,DET,A,ATL,-7,1,36:04,9,13,0.692,0,0,NA,7,18,0.389,3,9,12,2,1,3,2,5,25,20.4,1,51.5
Andre Drummond,31,31,2015-12-26,22,DET,H,BOS,-6,1,35:55,9,21,0.429,0,0,NA,4,10,0.4,7,15,22,1,2,2,2,1,22,19.6,-11,59.5
Andre Drummond,32,32,2015-12-29,22,DET,A,NYK,-12,1,36:04,5,15,0.333,0,0,NA,3,7,0.429,5,4,9,0,1,1,2,3,13,6.1,-7,27.3
Andre Drummond,33,33,2015-12-31,22,DET,H,MIN,25,1,30:44,11,14,0.786,0,0,NA,1,7,0.143,7,11,18,1,0,0,4,1,23,19.7,16,46.5
Andre Drummond,34,34,2016-01-02,22,DET,A,IND,-12,1,35:51,5,12,0.417,0,0,NA,1,8,0.125,7,11,18,0,1,2,1,3,11,10.2,-18,40.5
Andre Drummond,35,35,2016-01-04,22,DET,H,ORL,26,1,28:34,8,14,0.571,0,0,NA,1,4,0.25,6,6,12,0,1,1,1,0,17,15.9,9,37
Andre Drummond,36,36,2016-01-06,22,DET,A,BOS,5,1,21:29,6,8,0.75,0,0,NA,1,5,0.2,1,4,5,0,2,2,1,4,13,10.9,-11,26.8
Andre Drummond,37,37,2016-01-09,22,DET,H,BRK,14,1,33:05,11,15,0.733,0,0,NA,1,3,0.333,2,9,11,0,3,2,1,3,23,22.4,7,47.8
Andre Drummond,38,38,2016-01-12,22,DET,H,SAS,-10,1,27:55,8,13,0.615,0,0,NA,1,6,0.167,4,6,10,0,2,1,1,4,17,13.8,-1,36.5
Andre Drummond,39,39,2016-01-14,22,DET,A,MEM,-2,1,33:45,5,11,0.455,0,0,NA,1,4,0.25,3,8,11,1,0,2,2,5,11,6.7,19,30.8
Andre Drummond,40,40,2016-01-16,22,DET,H,GSW,18,1,38:32,6,20,0.3,0,0,NA,2,6,0.333,7,14,21,0,1,3,4,5,14,7,3,47.8
Andre Drummond,41,41,2016-01-18,22,DET,H,CHI,-10,1,33:47,5,9,0.556,0,0,NA,3,10,0.3,6,10,16,2,1,1,2,5,13,12.2,6,40.5
Andre Drummond,42,42,2016-01-20,22,DET,A,HOU,9,1,23:13,2,4,0.5,0,0,NA,13,36,0.361,5,6,11,2,1,1,2,2,17,11.4,10,38.3
Andre Drummond,43,43,2016-01-21,22,DET,A,NOP,-16,1,35:42,8,17,0.471,0,1,0,3,5,0.6,9,13,22,1,4,0,2,2,19,21.6,-8,56.5
Andre Drummond,44,44,2016-01-23,22,DET,A,DEN,-3,1,18:26,2,5,0.4,0,0,NA,0,4,0,2,6,8,1,0,1,1,2,4,2.5,-1,17
Andre Drummond,45,45,2016-01-25,22,DET,A,UTA,3,1,29:20,3,9,0.333,0,0,NA,1,10,0.1,0,6,6,0,2,0,2,3,7,-1.1,6,17.5
Andre Drummond,46,46,2016-01-27,22,DET,H,PHI,13,1,35:22,9,16,0.563,0,0,NA,7,12,0.583,9,9,18,0,2,1,2,1,25,24.7,2,54
Andre Drummond,47,47,2016-01-29,22,DET,H,CLE,-8,1,34:56,9,14,0.643,0,0,NA,2,8,0.25,1,7,8,0,1,3,0,4,20,15.7,-22,38
Andre Drummond,48,48,2016-01-30,22,DET,A,TOR,-4,1,27:43,5,9,0.556,0,0,NA,1,9,0.111,3,9,12,1,0,2,1,6,11,7,-18,32.5
Andre Drummond,49,49,2016-02-01,22,DET,A,BRK,5,1,37:23,10,15,0.667,0,0,NA,1,3,0.333,7,11,18,1,1,1,2,3,21,21.1,11,49.5
Andre Drummond,50,50,2016-02-03,22,DET,A,BOS,-7,1,32:47,6,11,0.545,0,0,NA,4,6,0.667,1,12,13,0,0,2,1,2,16,13.8,-5,37.3
Andre Drummond,51,51,2016-02-04,22,DET,H,NYK,6,1,31:38,7,12,0.583,0,0,NA,3,9,0.333,3,10,13,0,1,1,4,4,17,10.2,-5,36.8
Andre Drummond,52,52,2016-02-06,22,DET,A,IND,-8,1,36:54,4,7,0.571,0,0,NA,2,8,0.25,3,10,13,1,1,2,6,3,10,5.3,-6,32.3
Andre Drummond,53,53,2016-02-08,22,DET,H,TOR,-14,1,30:12,4,10,0.4,1,1,1,3,8,0.375,3,10,13,2,1,0,2,3,12,8.9,-3,34.3
Andre Drummond,54,54,2016-02-10,22,DET,H,DEN,-11,1,39:27,7,22,0.318,0,1,0,1,1,1,5,12,17,2,3,5,1,3,15,15.2,-8,56.3
Andre Drummond,55,55,2016-02-19,22,DET,A,WAS,-12,1,33:50,4,10,0.4,0,1,0,3,6,0.5,0,13,13,1,2,1,1,3,11,9.5,-24,35.8
Andre Drummond,56,56,2016-02-21,22,DET,H,NOP,-5,1,35:21,9,13,0.692,0,0,NA,3,10,0.3,7,7,14,1,2,3,0,4,21,22.9,-7,51.5
Andre Drummond,57,57,2016-02-22,22,DET,A,CLE,8,1,35:26,4,8,0.5,0,0,NA,8,14,0.571,3,12,15,1,2,1,2,4,16,15.1,7,42.8
Andre Drummond,58,58,2016-02-24,22,DET,H,PHI,20,1,26:41,4,7,0.571,0,0,NA,4,8,0.5,4,14,18,0,0,1,2,3,12,11.6,16,37
Andre Drummond,59,59,2016-02-27,22,DET,A,MIL,11,1,34:11,7,17,0.412,0,0,NA,1,6,0.167,7,10,17,2,4,2,1,3,15,16.4,6,52.3
Andre Drummond,60,60,2016-02-28,22,DET,H,TOR,13,1,30:14,6,10,0.6,0,0,NA,3,8,0.375,4,14,18,2,1,0,0,1,15,17.4,19,44
Andre Drummond,61,61,2016-03-02,22,DET,A,SAS,-16,1,26:41,4,6,0.667,0,0,NA,1,8,0.125,4,10,14,1,1,1,3,4,9,7.2,-12,30.5
Andre Drummond,62,62,2016-03-05,22,DET,A,NYK,-13,1,36:04,10,20,0.5,0,0,NA,1,3,0.333,9,7,16,0,1,0,2,3,21,16.4,-10,43.5
Andre Drummond,63,63,2016-03-06,22,DET,H,POR,20,1,26:38,7,11,0.636,0,0,NA,0,2,0,4,14,18,1,1,1,1,4,14,15.1,14,43
Andre Drummond,64,64,2016-03-09,22,DET,A,DAL,6,1,33:56,10,19,0.526,0,0,NA,5,14,0.357,6,11,17,1,1,1,3,3,25,17.8,0,51.8
Andre Drummond,65,65,2016-03-11,22,DET,A,CHO,-15,1,23:21,1,1,1,0,0,NA,3,6,0.5,2,7,9,0,0,1,2,4,5,4.1,-11,17.3
Andre Drummond,66,66,2016-03-12,22,DET,A,PHI,14,1,34:46,8,12,0.667,0,0,NA,3,4,0.75,3,12,15,1,1,0,2,4,19,17.2,7,41.8
Andre Drummond,67,67,2016-03-14,22,DET,A,WAS,-43,1,26:38,3,9,0.333,0,0,NA,1,2,0.5,5,7,12,2,1,0,3,4,7,4.9,-28,25.5
Andre Drummond,68,68,2016-03-16,22,DET,H,ATL,-4,1,34:04,5,12,0.417,0,0,NA,8,17,0.471,5,13,18,0,0,1,2,3,18,12.9,1,43
Andre Drummond,69,69,2016-03-18,22,DET,H,SAC,7,1,28:16,7,9,0.778,0,0,NA,0,1,0,4,7,11,1,2,3,2,5,14,15.8,11,39.8
Andre Drummond,70,70,2016-03-19,22,DET,H,BRK,12,1,29:29,8,14,0.571,0,0,NA,0,6,0,3,6,9,0,0,0,1,2,16,9.1,3,26.8
Andre Drummond,71,71,2016-03-21,22,DET,H,MIL,1,1,33:07,7,16,0.438,0,0,NA,0,1,0,6,10,16,0,1,0,0,0,14,13.4,-3,37.5
Andre Drummond,72,72,2016-03-23,22,DET,H,ORL,16,1,35:21,14,20,0.7,0,0,NA,2,3,0.667,5,9,14,1,0,2,1,4,30,26.9,11,54
Andre Drummond,73,73,2016-03-25,22,DET,H,CHO,7,1,29:12,9,14,0.643,0,0,NA,0,2,0,5,9,14,0,0,3,0,1,18,18.9,17,43
Andre Drummond,74,74,2016-03-26,22,DET,H,ATL,-17,1,31:27,7,11,0.636,0,0,NA,5,9,0.556,6,11,17,0,0,2,1,1,19,20,-6,45.3
Andre Drummond,75,75,2016-03-29,22,DET,H,OKC,6,1,34:14,6,9,0.667,0,0,NA,1,2,0.5,5,10,15,0,2,2,5,3,13,12.4,11,38.8
Andre Drummond,76,76,2016-04-01,22,DET,H,DAL,-9,1,35:27,5,15,0.333,0,0,NA,2,10,0.2,5,12,17,1,1,0,0,2,12,8.3,16,38.3
Andre Drummond,77,77,2016-04-02,22,DET,A,CHI,4,1,27:40,5,10,0.5,0,0,NA,1,10,0.1,3,8,11,4,2,0,1,1,11,10.3,-2,35.8
Andre Drummond,78,78,2016-04-05,22,DET,A,MIA,-18,1,29:52,5,9,0.556,0,0,NA,2,6,0.333,3,10,13,0,0,0,1,2,12,9.4,-11,29.3
Andre Drummond,79,79,2016-04-06,22,DET,A,ORL,4,1,33:16,5,14,0.357,0,0,NA,3,6,0.5,5,11,16,1,1,4,2,1,13,12.9,0,45
Andre Drummond,80,80,2016-04-08,22,DET,H,WAS,13,1,25:34,3,10,0.3,0,0,NA,2,5,0.4,1,5,6,1,3,0,0,3,8,5.7,8,23
Andre Drummond,81,81,2016-04-12,22,DET,H,MIA,-6,1,32:54,4,11,0.364,0,0,NA,1,4,0.25,9,9,18,0,2,1,2,4,9,9.8,-5,36.5
Marcus Morris,1,1,2015-10-27,26,DET,A,ATL,12,1,37:05,6,19,0.316,1,4,0.25,5,6,0.833,5,5,10,4,0,0,0,1,18,14.1,17,38.5
Marcus Morris,2,2,2015-10-28,26,DET,H,UTA,5,1,35:29,5,10,0.5,1,1,1,3,3,1,1,5,6,1,0,0,2,3,14,8.7,13,22.5
Marcus Morris,3,3,2015-10-30,26,DET,H,CHI,4,1,41:45,10,15,0.667,2,2,1,4,9,0.444,1,6,7,2,0,0,2,4,26,17.8,6,37.8
Marcus Morris,4,4,2015-11-03,26,DET,H,IND,-12,1,39:00,3,11,0.273,1,6,0.167,4,4,1,3,4,7,0,2,2,4,2,11,6.4,-5,26.3
Marcus Morris,5,5,2015-11-06,26,DET,A,PHO,8,1,39:12,7,14,0.5,2,4,0.5,4,6,0.667,1,5,6,2,2,0,1,1,20,16.4,6,35
Marcus Morris,6,6,2015-11-08,26,DET,A,POR,17,1,36:44,5,18,0.278,1,7,0.143,2,2,1,3,0,3,3,3,0,3,3,13,5.4,19,26.3
Marcus Morris,7,7,2015-11-09,26,DET,A,GSW,-14,1,43:08,6,12,0.5,1,1,1,2,4,0.5,1,4,5,3,2,0,1,2,15,12.4,-8,29.8
Marcus Morris,8,8,2015-11-11,26,DET,A,SAC,-9,1,35:50,5,15,0.333,1,4,0.25,5,6,0.833,2,7,9,3,5,0,3,1,16,14.3,6,40.8
Marcus Morris,9,9,2015-11-14,26,DET,A,LAC,-5,1,38:24,2,10,0.2,0,5,0,2,2,1,2,0,2,2,1,0,2,2,6,0.8,7,12.5
Marcus Morris,10,10,2015-11-15,26,DET,A,LAL,-12,1,31:32,3,12,0.25,0,3,0,1,3,0.333,3,4,7,2,1,2,0,3,7,4.9,4,24.8
Marcus Morris,11,11,2015-11-17,26,DET,H,CLE,5,1,36:19,4,12,0.333,1,4,0.25,5,6,0.833,0,4,4,1,2,0,2,5,14,6.7,13,24
Marcus Morris,12,12,2015-11-20,26,DET,A,MIN,10,1,35:50,6,14,0.429,0,5,0,4,4,1,0,11,11,0,1,1,0,4,16,12,14,35.3
Marcus Morris,13,13,2015-11-21,26,DET,H,WAS,-2,1,37:07,6,14,0.429,2,6,0.333,4,4,1,2,7,9,4,0,0,1,0,18,15.9,15,35.8
Marcus Morris,14,14,2015-11-23,26,DET,A,MIL,-21,1,25:46,2,7,0.286,0,3,0,0,0,NA,0,5,5,1,0,0,3,1,4,-1.3,-17,10.3
Marcus Morris,15,15,2015-11-25,26,DET,H,MIA,23,1,36:06,6,13,0.462,2,3,0.667,0,0,NA,2,4,6,0,1,0,0,1,14,10.5,30,24.5
Marcus Morris,16,16,2015-11-27,26,DET,A,OKC,-16,1,39:38,5,13,0.385,2,4,0.5,5,6,0.833,0,4,4,0,1,0,0,1,17,11.3,-19,25
Marcus Morris,17,17,2015-11-29,26,DET,A,BRK,-4,1,35:26,3,10,0.3,1,3,0.333,0,0,NA,1,2,3,2,3,0,2,3,7,3.7,-7,19.3
Marcus Morris,18,18,2015-11-30,26,DET,H,HOU,11,1,33:57,5,11,0.455,0,5,0,2,3,0.667,1,3,4,6,0,0,3,1,12,8.3,4,24.5
Marcus Morris,19,19,2015-12-02,26,DET,H,PHO,5,1,41:58,7,10,0.7,3,4,0.75,7,10,0.7,3,11,14,3,2,0,2,2,24,25.3,17,52
Marcus Morris,20,20,2015-12-04,26,DET,H,MIL,7,1,39:21,7,14,0.5,1,2,0.5,8,9,0.889,2,2,4,3,1,0,2,1,23,18.3,13,34
Marcus Morris,21,21,2015-12-06,26,DET,H,LAL,20,1,30:30,4,13,0.308,0,2,0,1,3,0.333,0,3,3,3,0,0,1,2,9,1.9,14,16.8
Marcus Morris,22,22,2015-12-07,26,DET,A,CHO,-20,1,30:21,4,11,0.364,1,2,0.5,2,3,0.667,1,2,3,1,0,1,2,2,11,4.4,-16,17.8
Marcus Morris,23,23,2015-12-09,26,DET,H,MEM,-1,1,36:52,6,13,0.462,2,4,0.5,2,2,1,1,1,2,0,0,0,0,0,16,10.3,-7,19.5
Marcus Morris,24,24,2015-12-11,26,DET,A,PHI,12,1,34:02,7,9,0.778,3,3,1,4,4,1,1,7,8,4,1,1,4,2,21,20,31,40.5
Marcus Morris,25,25,2015-12-12,26,DET,H,IND,22,1,29:45,7,13,0.538,2,4,0.5,0,0,NA,1,2,3,0,0,0,1,1,16,9.6,22,20.3
Marcus Morris,26,26,2015-12-14,26,DET,H,LAC,-2,1,41:48,3,10,0.3,0,1,0,0,0,NA,0,4,4,2,2,0,1,3,6,2.6,-10,17.5
Marcus Morris,27,27,2015-12-16,26,DET,H,BOS,3,1,33:08,4,9,0.444,1,2,0.5,2,2,1,0,1,1,2,1,0,1,3,11,6.8,-1,17.3
Marcus Morris,28,28,2015-12-18,26,DET,A,CHI,3,1,57:17,7,17,0.412,3,6,0.5,3,6,0.5,2,5,7,2,0,1,2,6,20,10.3,7,34.3
Marcus Morris,29,29,2015-12-22,26,DET,A,MIA,1,1,33:06,3,7,0.429,0,1,0,2,4,0.5,0,5,5,3,0,0,5,1,8,1.7,-8,16.3
Marcus Morris,30,30,2015-12-23,26,DET,A,ATL,-7,1,37:46,9,16,0.563,2,2,1,2,3,0.667,2,5,7,1,1,0,1,0,22,17.6,0,34.8
Marcus Morris,31,31,2015-12-26,26,DET,H,BOS,-6,1,37:01,7,14,0.5,0,2,0,2,4,0.5,2,3,5,1,1,0,3,4,16,7.6,1,24.3
Marcus Morris,32,32,2015-12-29,26,DET,A,NYK,-12,1,36:04,7,16,0.438,1,5,0.2,2,2,1,2,2,4,2,1,1,2,1,17,11.3,-7,28.5
Marcus Morris,33,33,2015-12-31,26,DET,H,MIN,25,1,34:14,1,5,0.2,0,3,0,6,6,1,0,2,2,3,1,0,4,1,8,4.2,17,15
Marcus Morris,34,34,2016-01-02,26,DET,A,IND,-12,1,36:02,5,13,0.385,0,1,0,1,2,0.5,1,1,2,4,0,0,1,3,11,5.1,-18,19
Marcus Morris,35,35,2016-01-04,26,DET,H,ORL,26,1,29:59,4,7,0.571,0,1,0,5,5,1,1,2,3,1,0,0,0,2,13,10.9,9,18.3
Marcus Morris,36,36,2016-01-06,26,DET,A,BOS,5,1,37:25,2,8,0.25,0,0,NA,4,5,0.8,2,4,6,0,0,0,2,5,8,1.4,3,14.5
Marcus Morris,38,37,2016-01-12,26,DET,H,SAS,-10,1,28:21,1,6,0.167,0,3,0,2,2,1,0,5,5,3,1,0,0,3,4,3.6,-12,16.8
Marcus Morris,39,38,2016-01-14,26,DET,A,MEM,-2,1,40:17,5,10,0.5,1,4,0.25,1,2,0.5,0,4,4,5,0,0,6,1,12,4.9,3,22
Marcus Morris,40,39,2016-01-16,26,DET,H,GSW,18,1,39:37,6,14,0.429,1,4,0.25,3,4,0.75,1,7,8,6,0,2,1,1,16,15.2,30,39
Marcus Morris,41,40,2016-01-18,26,DET,H,CHI,-10,1,38:24,8,16,0.5,0,6,0,2,2,1,3,3,6,0,1,0,2,2,18,11.2,0,26.5
Marcus Morris,42,41,2016-01-20,26,DET,A,HOU,9,1,37:06,6,10,0.6,4,6,0.667,6,6,1,0,5,5,1,0,1,2,3,22,17.1,-4,32.8
Marcus Morris,43,42,2016-01-21,26,DET,A,NOP,-16,1,35:24,2,11,0.182,0,2,0,0,0,NA,3,3,6,2,0,1,2,0,4,0.2,-22,15.5
Marcus Morris,44,43,2016-01-23,26,DET,A,DEN,-3,1,32:54,7,10,0.7,3,4,0.75,3,4,0.75,0,2,2,2,1,0,2,5,20,14.4,1,28
Marcus Morris,45,44,2016-01-25,26,DET,A,UTA,3,1,35:22,1,9,0.111,0,3,0,0,0,NA,1,3,4,4,1,0,0,2,2,0.7,-2,15
Marcus Morris,46,45,2016-01-27,26,DET,H,PHI,13,1,36:17,4,11,0.364,0,3,0,2,4,0.5,2,5,7,3,0,0,1,2,10,6.3,12,22.8
Marcus Morris,47,46,2016-01-29,26,DET,H,CLE,-8,1,30:23,4,10,0.4,1,4,0.25,5,5,1,0,2,2,2,1,0,1,4,14,9,-11,21.5
Marcus Morris,48,47,2016-01-30,26,DET,A,TOR,-4,1,34:22,6,13,0.462,1,4,0.25,0,0,NA,1,2,3,2,2,1,2,0,13,9.7,-5,25.3
Marcus Morris,49,48,2016-02-01,26,DET,A,BRK,5,1,31:42,4,11,0.364,1,3,0.333,3,4,0.75,3,3,6,3,0,0,1,3,12,8.4,16,24
Marcus Morris,50,49,2016-02-03,26,DET,A,BOS,-7,1,36:17,4,17,0.235,2,6,0.333,5,6,0.833,2,5,7,4,0,0,2,2,15,7.2,-4,29.8
Marcus Morris,51,50,2016-02-04,26,DET,H,NYK,6,1,39:06,5,12,0.417,1,2,0.5,2,2,1,0,4,4,4,1,0,0,2,13,10.8,-6,26.5
Marcus Morris,52,51,2016-02-06,26,DET,A,IND,-8,1,34:28,6,11,0.545,1,6,0.167,3,6,0.5,1,1,2,4,1,0,0,5,16,12.3,-20,27
Marcus Morris,53,52,2016-02-08,26,DET,H,TOR,-14,1,36:49,5,7,0.714,2,4,0.5,2,4,0.5,1,4,5,6,3,1,3,2,14,16.3,-12,36.8
Marcus Morris,54,53,2016-02-10,26,DET,H,DEN,-11,1,34:48,8,15,0.533,1,2,0.5,2,2,1,0,2,2,6,0,0,2,2,19,13.7,-8,30
Marcus Morris,55,54,2016-02-19,26,DET,A,WAS,-12,1,36:02,4,12,0.333,1,3,0.333,0,1,0,2,4,6,3,0,0,2,2,9,3.7,-9,20.5
Marcus Morris,56,55,2016-02-21,26,DET,H,NOP,-5,1,33:46,1,7,0.143,0,3,0,0,0,NA,0,4,4,3,0,0,3,2,2,-3,-3,10
Marcus Morris,57,56,2016-02-22,26,DET,A,CLE,8,1,39:35,6,16,0.375,1,6,0.167,1,1,1,0,2,2,4,0,0,0,0,14,8.6,-4,23
Marcus Morris,58,57,2016-02-24,26,DET,H,PHI,20,1,32:05,4,14,0.286,2,6,0.333,3,4,0.75,0,4,4,8,3,0,1,1,13,12.8,26,36.5
Marcus Morris,59,58,2016-02-27,26,DET,A,MIL,11,1,40:39,8,14,0.571,3,6,0.5,1,2,0.5,2,6,8,2,0,0,4,1,20,13.2,19,32.5
Marcus Morris,60,59,2016-02-28,26,DET,H,TOR,13,1,32:02,5,10,0.5,1,3,0.333,3,4,0.75,1,3,4,4,0,0,0,1,14,12.6,22,25.5
Marcus Morris,61,60,2016-03-02,26,DET,A,SAS,-16,1,32:18,6,15,0.4,2,5,0.4,2,2,1,0,4,4,2,0,0,2,2,16,7.7,-13,24
Marcus Morris,62,61,2016-03-05,26,DET,A,NYK,-13,1,27:03,2,11,0.182,1,5,0.2,0,0,NA,0,1,1,1,0,0,0,4,5,-2.5,-15,8.3
Marcus Morris,63,62,2016-03-06,26,DET,H,POR,20,1,34:12,5,14,0.357,2,4,0.5,7,9,0.778,1,2,3,0,0,0,2,1,19,9.3,5,22.8
Marcus Morris,64,63,2016-03-09,26,DET,A,DAL,6,1,39:20,8,16,0.5,2,6,0.333,2,3,0.667,0,7,7,2,1,0,1,1,20,14.7,12,34.3
Marcus Morris,65,64,2016-03-11,26,DET,A,CHO,-15,1,31:23,5,11,0.455,1,4,0.25,2,4,0.5,0,4,4,1,1,0,3,5,13,4.4,-13,20.5
Marcus Morris,66,65,2016-03-12,26,DET,A,PHI,14,1,39:31,7,15,0.467,3,4,0.75,2,2,1,0,7,7,4,0,1,0,3,19,15.7,13,37.3
Marcus Morris,67,66,2016-03-14,26,DET,A,WAS,-43,1,22:12,3,5,0.6,1,2,0.5,2,4,0.5,0,5,5,2,1,0,2,0,9,7.8,-21,19.8
Marcus Morris,68,67,2016-03-16,26,DET,H,ATL,-4,1,37:16,5,10,0.5,1,2,0.5,3,3,1,1,3,4,2,1,0,2,5,14,9,-7,23.5
Marcus Morris,69,68,2016-03-18,26,DET,H,SAC,7,1,38:46,8,13,0.615,6,7,0.857,2,2,1,0,3,3,2,2,0,3,1,24,19,9,36.3
Marcus Morris,70,69,2016-03-19,26,DET,H,BRK,12,1,24:05,4,8,0.5,1,2,0.5,0,0,NA,2,1,3,2,0,1,1,2,9,7,-10,17.8
Marcus Morris,71,70,2016-03-21,26,DET,H,MIL,1,1,37:05,8,9,0.889,4,4,1,1,3,0.333,0,3,3,4,1,1,1,1,21,21.1,-2,36.3
Marcus Morris,72,71,2016-03-23,26,DET,H,ORL,16,1,37:56,6,11,0.545,2,4,0.5,1,1,1,0,5,5,4,2,0,1,3,15,13.8,16,31.8
Marcus Morris,73,72,2016-03-25,26,DET,H,CHO,7,1,35:21,8,14,0.571,3,7,0.429,1,3,0.333,2,5,7,0,0,0,3,3,20,11.3,-3,28.8
Marcus Morris,74,73,2016-03-26,26,DET,H,ATL,-17,1,38:57,3,12,0.25,2,6,0.333,5,6,0.833,0,5,5,5,0,1,3,0,13,8.1,-19,28.3
Marcus Morris,75,74,2016-03-29,26,DET,H,OKC,6,1,37:34,9,13,0.692,1,1,1,5,5,1,1,6,7,2,0,1,1,2,24,21.3,22,37.8
Marcus Morris,76,75,2016-04-01,26,DET,H,DAL,-9,1,39:39,12,17,0.706,6,8,0.75,1,2,0.5,2,10,12,4,1,2,0,2,31,32.3,12,62.5
Marcus Morris,77,76,2016-04-02,26,DET,A,CHI,4,1,39:27,5,11,0.455,2,4,0.5,4,5,0.8,1,3,4,2,1,1,0,5,16,12.6,-3,29
Marcus Morris,78,77,2016-04-05,26,DET,A,MIA,-18,1,28:09,0,7,0,0,3,0,1,2,0.5,1,3,4,2,2,0,6,2,1,-6.1,-13,10
Marcus Morris,79,78,2016-04-06,26,DET,A,ORL,4,1,32:59,3,11,0.273,1,4,0.25,2,4,0.5,2,1,3,4,3,0,3,2,9,5.4,-2,23.8
Marcus Morris,80,79,2016-04-08,26,DET,H,WAS,13,1,38:22,5,8,0.625,2,4,0.5,1,1,1,1,6,7,3,1,0,2,2,13,12.2,13,28.3
Marcus Morris,81,80,2016-04-12,26,DET,H,MIA,-6,1,34:11,5,13,0.385,1,4,0.25,5,7,0.714,5,4,9,1,0,0,4,1,16,9.1,4,27.3
Stanley Johnson,1,1,2015-10-27,19,DET,A,ATL,12,0,24:29,3,10,0.3,1,3,0.333,0,0,NA,3,1,4,3,0,0,1,1,7,4.3,-13,16.5
Stanley Johnson,2,2,2015-10-28,19,DET,H,UTA,5,0,19:35,3,10,0.3,1,3,0.333,4,4,1,2,3,5,0,0,0,0,3,11,6.3,0,17.8
Stanley Johnson,3,3,2015-10-30,19,DET,H,CHI,4,0,11:59,3,8,0.375,0,1,0,1,1,1,2,2,4,1,1,0,1,1,7,4.9,-4,15
Stanley Johnson,4,4,2015-11-03,19,DET,H,IND,-12,0,11:33,0,5,0,0,1,0,0,2,0,1,2,3,2,0,0,1,4,0,-4.2,-8,6.3
Stanley Johnson,5,5,2015-11-06,19,DET,A,PHO,8,0,22:28,2,5,0.4,0,2,0,1,3,0.333,0,5,5,2,1,0,3,5,5,0.4,7,14.8
Stanley Johnson,6,6,2015-11-08,19,DET,A,POR,17,0,20:10,1,4,0.25,0,2,0,1,2,0.5,0,0,0,0,0,0,1,0,3,-0.8,-9,2.5
Stanley Johnson,7,7,2015-11-09,19,DET,A,GSW,-14,0,32:05,9,14,0.643,2,4,0.5,0,1,0,2,5,7,0,0,0,0,2,20,15.5,-9,29.8
Stanley Johnson,8,8,2015-11-11,19,DET,A,SAC,-9,0,27:18,3,11,0.273,0,3,0,2,2,1,2,3,5,2,2,0,1,2,8,5.4,-3,20.8
Stanley Johnson,9,9,2015-11-14,19,DET,A,LAC,-5,0,20:52,4,8,0.5,1,4,0.25,0,0,NA,1,3,4,1,1,0,2,4,9,4.7,-11,17
Stanley Johnson,10,10,2015-11-15,19,DET,A,LAL,-12,0,16:28,2,6,0.333,0,2,0,0,0,NA,0,3,3,1,2,0,1,5,4,1.2,-16,12.8
Stanley Johnson,11,11,2015-11-17,19,DET,H,CLE,5,0,16:20,2,6,0.333,0,1,0,0,0,NA,0,6,6,1,1,0,2,1,4,1.7,-8,14
Stanley Johnson,12,12,2015-11-20,19,DET,A,MIN,10,0,24:22,6,10,0.6,3,5,0.6,0,0,NA,1,1,2,1,0,0,1,0,15,11.1,3,20
Stanley Johnson,13,13,2015-11-21,19,DET,H,WAS,-2,0,16:03,2,6,0.333,0,3,0,0,0,NA,0,0,0,1,0,0,2,0,4,-0.7,-16,4.5
Stanley Johnson,14,14,2015-11-23,19,DET,A,MIL,-21,0,25:46,5,14,0.357,0,4,0,6,7,0.857,1,1,2,2,1,0,2,3,16,8,-8,22.5
Stanley Johnson,15,15,2015-11-25,19,DET,H,MIA,23,0,20:14,3,12,0.25,0,2,0,1,1,1,2,3,5,2,1,1,2,5,7,1.2,-1,19.3
Stanley Johnson,16,16,2015-11-27,19,DET,A,OKC,-16,0,16:20,2,5,0.4,1,1,1,0,0,NA,1,1,2,0,1,0,3,2,5,0.5,-1,8.5
Stanley Johnson,17,17,2015-11-29,19,DET,A,BRK,-4,0,26:38,4,10,0.4,2,3,0.667,0,0,NA,0,5,5,1,1,0,1,3,10,5.6,-1,20.3
Stanley Johnson,18,18,2015-11-30,19,DET,H,HOU,11,0,29:42,6,11,0.545,4,5,0.8,3,4,0.75,2,8,10,1,1,2,1,5,19,17.2,14,42
Stanley Johnson,19,19,2015-12-02,19,DET,H,PHO,5,0,21:12,2,7,0.286,1,3,0.333,2,2,1,0,2,2,1,0,0,1,1,7,2.8,-25,11
Stanley Johnson,20,20,2015-12-04,19,DET,H,MIL,7,0,23:20,4,10,0.4,2,4,0.5,0,0,NA,0,1,1,1,1,0,0,2,10,5.8,-2,15.8
Stanley Johnson,21,21,2015-12-06,19,DET,H,LAL,20,0,27:13,2,10,0.2,0,3,0,2,2,1,0,6,6,2,1,0,1,1,6,2.6,8,18
Stanley Johnson,22,22,2015-12-07,19,DET,A,CHO,-20,0,20:18,2,6,0.333,0,1,0,0,0,NA,0,3,3,1,0,0,0,1,4,1.8,-8,9.3
Stanley Johnson,23,23,2015-12-09,19,DET,H,MEM,-1,0,17:25,2,4,0.5,0,1,0,0,0,NA,0,3,3,0,0,0,1,2,4,1.1,7,7.3
Stanley Johnson,24,24,2015-12-11,19,DET,A,PHI,12,0,15:27,2,6,0.333,0,1,0,0,0,NA,0,1,1,0,0,1,2,1,4,-0.8,-18,6.3
Stanley Johnson,25,25,2015-12-12,19,DET,H,IND,22,0,25:28,4,10,0.4,1,5,0.2,2,2,1,0,4,4,2,3,0,4,4,11,5.6,5,23.5
Stanley Johnson,26,26,2015-12-14,19,DET,H,LAC,-2,0,19:09,0,5,0,0,0,NA,0,0,NA,0,4,4,1,0,0,1,0,0,-2.6,3,6
Stanley Johnson,27,27,2015-12-16,19,DET,H,BOS,3,0,21:11,3,5,0.6,0,0,NA,2,3,0.667,1,6,7,0,0,0,1,1,8,6.4,8,16.3
Stanley Johnson,28,28,2015-12-18,19,DET,A,CHI,3,0,30:24,6,11,0.545,1,2,0.5,3,4,0.75,1,6,7,1,1,0,2,6,16,10.1,6,27.8
Stanley Johnson,29,29,2015-12-22,19,DET,A,MIA,1,0,22:56,5,10,0.5,4,7,0.571,0,0,NA,0,4,4,3,0,0,2,0,14,10.3,0,24.5
Stanley Johnson,30,30,2015-12-23,19,DET,A,ATL,-7,0,25:41,4,10,0.4,1,2,0.5,0,0,NA,0,2,2,0,1,0,1,2,9,3.4,2,13.5
Stanley Johnson,31,31,2015-12-26,19,DET,H,BOS,-6,0,25:33,5,11,0.455,2,3,0.667,0,0,NA,2,1,3,1,1,0,1,4,12,7.1,1,19.8
Stanley Johnson,32,32,2015-12-29,19,DET,A,NYK,-12,0,18:51,2,6,0.333,0,2,0,0,0,NA,0,2,2,3,0,0,0,2,4,2.5,-9,11
Stanley Johnson,33,33,2015-12-31,19,DET,H,MIN,25,0,21:32,2,9,0.222,1,3,0.333,0,0,NA,1,3,4,4,0,0,0,1,5,3.5,6,16.5
Stanley Johnson,34,34,2016-01-02,19,DET,A,IND,-12,0,18:32,2,6,0.333,0,1,0,2,3,0.667,1,1,2,2,0,0,1,3,6,2.4,7,11
Stanley Johnson,35,35,2016-01-04,19,DET,H,ORL,26,0,24:52,2,8,0.25,2,5,0.4,0,0,NA,1,6,7,3,2,0,1,3,6,5.6,23,23.8
Stanley Johnson,36,36,2016-01-06,19,DET,A,BOS,5,0,23:06,4,8,0.5,1,3,0.333,2,2,1,2,8,10,2,1,0,5,3,11,7,8,28
Stanley Johnson,37,37,2016-01-09,19,DET,H,BRK,14,1,39:04,4,13,0.308,0,5,0,0,0,NA,0,4,4,1,2,1,1,0,8,4.1,9,20
Stanley Johnson,38,38,2016-01-12,19,DET,H,SAS,-10,0,23:54,0,7,0,0,1,0,2,2,1,0,3,3,1,0,0,1,4,2,-3.9,-1,6.8
Stanley Johnson,39,39,2016-01-14,19,DET,A,MEM,-2,0,25:05,7,14,0.5,5,9,0.556,0,0,NA,0,3,3,0,2,0,2,0,19,12.9,-4,28.3
Stanley Johnson,40,40,2016-01-16,19,DET,H,GSW,18,0,20:15,3,7,0.429,1,2,0.5,1,1,1,0,2,2,3,1,1,0,3,8,7.5,7,19.5
Stanley Johnson,41,41,2016-01-18,19,DET,H,CHI,-10,0,22:28,2,7,0.286,0,2,0,4,4,1,3,1,4,1,1,0,4,2,8,3.2,-21,14.5
Stanley Johnson,42,42,2016-01-20,19,DET,A,HOU,9,0,23:53,1,4,0.25,0,2,0,5,6,0.833,2,7,9,2,1,1,3,3,7,6.6,14,23.8
Stanley Johnson,43,43,2016-01-21,19,DET,A,NOP,-16,0,19:32,3,6,0.5,0,2,0,0,0,NA,1,1,2,2,0,0,1,3,6,3.2,1,11
Stanley Johnson,44,44,2016-01-23,19,DET,A,DEN,-3,0,20:11,5,10,0.5,2,5,0.4,0,0,NA,1,3,4,1,0,0,1,2,12,7.5,12,19
Stanley Johnson,45,45,2016-01-25,19,DET,A,UTA,3,0,22:56,3,4,0.75,2,3,0.667,0,2,0,0,2,2,2,1,0,2,4,8,5,-1,15.5
Stanley Johnson,46,46,2016-01-27,19,DET,H,PHI,13,0,31:34,8,16,0.5,1,4,0.25,1,2,0.5,2,1,3,3,1,0,1,3,18,12.2,16,28.3
Stanley Johnson,47,47,2016-01-29,19,DET,H,CLE,-8,0,30:11,6,10,0.6,1,1,1,2,3,0.667,1,3,4,5,1,0,2,4,15,12.5,7,29
Stanley Johnson,48,48,2016-01-30,19,DET,A,TOR,-4,0,28:04,4,13,0.308,0,2,0,4,4,1,0,4,4,1,1,0,1,5,12,4.4,-11,20
Stanley Johnson,49,49,2016-02-01,19,DET,A,BRK,5,0,20:56,5,11,0.455,3,6,0.5,0,0,NA,0,1,1,1,1,0,3,2,13,5.5,-12,17.8
Stanley Johnson,50,50,2016-02-03,19,DET,A,BOS,-7,0,30:24,4,13,0.308,3,10,0.3,0,0,NA,1,8,9,2,0,0,3,3,11,3.8,-1,25.3
Stanley Johnson,51,51,2016-02-04,19,DET,H,NYK,6,1,44:01,7,12,0.583,1,2,0.5,7,8,0.875,0,9,9,5,2,1,2,3,22,21.7,11,46.3
Stanley Johnson,52,52,2016-02-06,19,DET,A,IND,-8,1,37:45,6,13,0.462,0,3,0,2,2,1,2,8,10,3,1,0,2,6,14,9.8,-8,33.5
Stanley Johnson,53,53,2016-02-08,19,DET,H,TOR,-14,1,33:44,2,9,0.222,1,4,0.25,0,0,NA,1,4,5,3,0,0,1,3,5,1.3,-12,15.8
Stanley Johnson,54,54,2016-02-10,19,DET,H,DEN,-11,1,36:48,5,16,0.313,0,4,0,1,1,1,1,4,5,5,0,0,4,5,11,1.2,-17,22.8
Stanley Johnson,55,55,2016-02-19,19,DET,A,WAS,-12,0,22:25,2,5,0.4,1,3,0.333,0,0,NA,0,2,2,1,0,0,2,3,5,0.4,-15,8.5
Stanley Johnson,56,56,2016-02-21,19,DET,H,NOP,-5,0,21:46,2,5,0.4,1,1,1,1,2,0.5,1,7,8,2,0,0,2,2,6,4.3,1,18.5
Stanley Johnson,57,57,2016-02-22,19,DET,A,CLE,8,0,21:50,4,9,0.444,1,4,0.25,1,1,1,2,2,4,1,0,1,1,0,10,7.7,4,18.5
Stanley Johnson,65,58,2016-03-11,19,DET,A,CHO,-15,0,9:13,1,1,1,1,1,1,0,0,NA,0,0,0,0,0,0,0,2,3,1.9,-7,3.5
Stanley Johnson,66,59,2016-03-12,19,DET,A,PHI,14,0,13:45,0,2,0,0,0,NA,0,0,NA,1,4,5,1,0,0,1,0,0,0.2,-9,7.3
Stanley Johnson,67,60,2016-03-14,19,DET,A,WAS,-43,0,25:48,2,11,0.182,0,4,0,0,0,NA,0,6,6,4,2,1,1,2,4,2.6,-22,23
Stanley Johnson,68,61,2016-03-16,19,DET,H,ATL,-4,0,19:41,2,5,0.4,1,1,1,2,2,1,0,4,4,3,0,0,3,0,7,4.6,1,15.5
Stanley Johnson,69,62,2016-03-18,19,DET,H,SAC,7,0,22:15,3,7,0.429,0,3,0,0,1,0,1,1,2,1,1,1,1,3,6,3.1,-12,13.5
Stanley Johnson,70,63,2016-03-19,19,DET,H,BRK,12,0,31:29,3,6,0.5,1,2,0.5,3,3,1,0,7,7,6,4,0,0,3,10,16.1,22,36.3
Stanley Johnson,71,64,2016-03-21,19,DET,H,MIL,1,0,15:43,1,6,0.167,0,2,0,2,2,1,0,0,0,0,2,0,5,4,4,-4.4,2,5.5
Stanley Johnson,72,65,2016-03-23,19,DET,H,ORL,16,0,29:13,4,9,0.444,3,6,0.5,2,2,1,1,7,8,2,1,0,5,3,13,7.3,4,27
Stanley Johnson,73,66,2016-03-25,19,DET,H,CHO,7,0,22:01,1,4,0.25,0,1,0,0,0,NA,0,4,4,1,0,0,0,4,2,-0.1,16,8.5
Stanley Johnson,74,67,2016-03-26,19,DET,H,ATL,-17,0,23:35,1,5,0.2,0,3,0,2,2,1,2,3,5,1,0,0,2,0,4,1.9,-4,10.8
Stanley Johnson,75,68,2016-03-29,19,DET,H,OKC,6,0,17:59,3,6,0.5,1,2,0.5,0,1,0,1,2,3,1,0,0,3,2,7,1.8,-15,11.3
Stanley Johnson,76,69,2016-04-01,19,DET,H,DAL,-9,0,13:51,1,4,0.25,1,3,0.333,0,0,NA,1,2,3,1,0,0,1,1,3,1.2,-6,8.3
Stanley Johnson,77,70,2016-04-02,19,DET,A,CHI,4,0,16:24,0,5,0,0,1,0,0,0,NA,0,2,2,0,1,0,0,2,0,-2.7,7,4.5
Stanley Johnson,78,71,2016-04-05,19,DET,A,MIA,-18,0,19:27,1,9,0.111,0,2,0,0,0,NA,1,2,3,1,1,0,1,1,2,-2.3,-3,8.8
Stanley Johnson,81,72,2016-04-12,19,DET,H,MIA,-6,0,13:49,2,5,0.4,0,1,0,1,2,0.5,1,4,5,1,1,0,2,3,5,2.3,-10,13.8
Stanley Johnson,82,73,2016-04-13,19,DET,A,CLE,2,1,31:32,4,14,0.286,1,3,0.333,3,4,0.75,2,6,8,2,3,1,1,5,12,8.7,-22,33
