Ty Lawson,1,1,2015-10-28,27,HOU,H,DEN,-20,1,36:42,3,10,0.3,2,3,0.667,4,6,0.667,0,4,4,6,0,0,3,0,12,7.8,-16,25.5
Ty Lawson,2,2,2015-10-30,27,HOU,H,GSW,-20,1,35:31,2,8,0.25,1,3,0.333,6,9,0.667,0,4,4,5,0,1,2,2,11,7.6,-11,25
Ty Lawson,3,3,2015-11-01,27,HOU,A,MIA,-20,1,37:27,1,3,0.333,0,0,NA,2,2,1,0,4,4,4,1,0,3,3,4,3.1,-23,15.5
Ty Lawson,4,4,2015-11-02,27,HOU,H,OKC,5,1,36:49,6,10,0.6,0,2,0,2,7,0.286,2,3,5,11,4,0,4,3,14,16.2,-1,44.3
Ty Lawson,5,5,2015-11-04,28,HOU,H,ORL,5,1,41:20,5,14,0.357,2,7,0.286,4,4,1,1,3,4,8,1,0,5,1,16,11,15,33.5
Ty Lawson,6,6,2015-11-06,28,HOU,A,SAC,6,1,40:55,5,12,0.417,3,6,0.5,0,0,NA,2,3,5,2,2,0,3,4,13,7.7,15,26.3
Ty Lawson,7,7,2015-11-07,28,HOU,A,LAC,4,1,40:51,2,11,0.182,0,3,0,2,2,1,0,3,3,4,1,0,0,4,6,2.2,-5,17.8
Ty Lawson,8,8,2015-11-11,28,HOU,H,BRK,-8,1,37:35,3,11,0.273,0,2,0,2,2,1,3,1,4,5,2,0,1,1,8,8,-10,24
Ty Lawson,9,9,2015-11-13,28,HOU,A,DEN,-9,1,34:05,0,7,0,0,2,0,0,0,NA,0,0,0,7,1,1,1,2,0,-0.1,-7,14
Ty Lawson,10,10,2015-11-14,28,HOU,H,DAL,-12,1,30:22,3,8,0.375,1,4,0.25,0,0,NA,1,2,3,5,1,0,2,1,7,6,-13,19.8
Ty Lawson,11,11,2015-11-16,28,HOU,H,BOS,-16,1,26:31,3,5,0.6,0,1,0,1,2,0.5,1,1,2,5,1,0,4,0,7,5.8,-12,17
Ty Lawson,12,12,2015-11-18,28,HOU,H,POR,5,0,20:23,1,8,0.125,0,2,0,0,0,NA,0,0,0,1,1,0,2,1,2,-3.9,-6,4.5
Ty Lawson,13,13,2015-11-20,28,HOU,A,MEM,-12,0,16:01,2,6,0.333,0,1,0,4,6,0.667,0,1,1,4,2,1,1,2,8,7.8,-16,20.8
Ty Lawson,14,14,2015-11-21,28,HOU,H,NYK,-5,0,16:49,0,1,0,0,0,NA,0,0,NA,0,2,2,2,0,0,4,0,0,-2.7,0,3.5
Ty Lawson,15,15,2015-11-25,28,HOU,H,MEM,-9,0,2:41,0,0,NA,0,0,NA,0,0,NA,0,0,0,0,0,0,0,0,0,0,-6,0
Ty Lawson,16,16,2015-11-27,28,HOU,H,PHI,2,0,15:55,2,3,0.667,0,0,NA,0,0,NA,0,0,0,3,1,0,3,0,4,2.8,8,9
Ty Lawson,18,17,2015-11-30,28,HOU,A,DET,-11,0,18:42,4,8,0.5,3,3,1,0,0,NA,2,1,3,3,1,0,1,0,11,10.8,-7,22.3
Ty Lawson,19,18,2015-12-02,28,HOU,H,NOP,7,0,29:25,4,6,0.667,1,1,1,3,5,0.6,0,0,0,6,0,0,3,2,12,9,23,20
Ty Lawson,20,19,2015-12-04,28,HOU,A,DAL,4,0,19:50,3,8,0.375,1,3,0.333,1,2,0.5,1,0,1,1,1,0,2,2,8,2.8,-8,12.3
Ty Lawson,21,20,2015-12-05,28,HOU,H,SAC,7,0,12:24,0,1,0,0,1,0,2,2,1,0,0,0,4,0,0,1,1,2,2.7,12,7.5
Ty Lawson,22,21,2015-12-08,28,HOU,A,BRK,-5,0,19:17,0,3,0,0,0,NA,0,0,NA,0,0,0,5,1,1,0,0,0,3.1,5,11.5
Ty Lawson,23,22,2015-12-09,28,HOU,A,WAS,6,0,20:51,1,4,0.25,0,1,0,0,0,NA,0,1,1,2,1,0,0,2,2,1.5,-3,8.3
Ty Lawson,24,23,2015-12-12,28,HOU,H,LAL,29,0,25:49,1,2,0.5,1,2,0.5,2,2,1,0,2,2,8,2,0,3,0,5,9.2,32,22.5
Ty Lawson,25,24,2015-12-14,28,HOU,A,DEN,-6,0,13:02,1,5,0.2,0,3,0,0,0,NA,0,0,0,2,0,0,0,0,2,0.3,-22,5
Ty Lawson,26,25,2015-12-15,28,HOU,A,SAC,-10,0,7:03,0,1,0,0,0,NA,0,0,NA,0,0,0,3,0,0,1,1,0,0,-4,4
Ty Lawson,27,26,2015-12-17,28,HOU,A,LAL,20,0,18:42,0,3,0,0,1,0,0,0,NA,0,1,1,3,1,0,2,1,0,-1.1,-10,6.8
Ty Lawson,30,27,2015-12-23,28,HOU,A,ORL,-3,0,26:36,4,6,0.667,1,3,0.333,2,2,1,0,2,2,3,0,0,1,4,11,8.5,10,18
Ty Lawson,31,28,2015-12-25,28,HOU,H,SAS,4,0,18:42,3,5,0.6,1,1,1,0,0,NA,1,2,3,5,0,0,1,2,7,7.7,3,18.3
Ty Lawson,32,29,2015-12-26,28,HOU,A,NOP,-2,0,30:07,3,9,0.333,1,3,0.333,2,2,1,0,2,2,5,2,0,1,2,9,8.2,2,23
Ty Lawson,33,30,2015-12-29,28,HOU,H,ATL,-6,0,25:59,6,9,0.667,2,3,0.667,0,0,NA,0,1,1,4,1,0,0,1,14,13.8,16,24.3
Ty Lawson,34,31,2015-12-31,28,HOU,H,GSW,-4,0,17:44,2,4,0.5,0,1,0,1,2,0.5,0,0,0,4,2,0,1,0,5,6.4,-17,14.5
Ty Lawson,35,32,2016-01-02,28,HOU,A,SAS,-18,0,17:59,3,6,0.5,0,2,0,0,0,NA,0,3,3,6,1,0,2,2,6,6.3,-5,19.8
Ty Lawson,40,33,2016-01-13,28,HOU,H,MIN,3,0,21:47,2,6,0.333,1,1,1,1,2,0.5,0,1,1,3,2,0,2,0,6,4.6,5,15.3
Ty Lawson,41,34,2016-01-15,28,HOU,H,CLE,-14,0,6:07,0,0,NA,0,0,NA,0,0,NA,0,0,0,0,0,0,0,1,0,-0.4,-10,0
Ty Lawson,42,35,2016-01-17,28,HOU,A,LAL,17,0,31:15,4,7,0.571,1,3,0.333,3,3,1,0,2,2,5,0,0,1,1,12,11.4,2,22
Ty Lawson,43,36,2016-01-18,28,HOU,A,LAC,-8,0,21:59,0,2,0,0,0,NA,1,2,0.5,1,0,1,5,3,0,1,3,1,4.2,-7,15.3
Ty Lawson,44,37,2016-01-20,28,HOU,H,DET,-9,1,35:13,8,13,0.615,1,2,0.5,1,1,1,1,4,5,3,0,0,4,4,18,10.5,-2,27.3
Ty Lawson,45,38,2016-01-22,28,HOU,H,MIL,4,0,27:41,5,10,0.5,1,4,0.25,0,0,NA,2,2,4,2,0,0,2,3,11,6.2,2,18.5
Ty Lawson,46,39,2016-01-24,28,HOU,H,DAL,11,0,23:33,4,6,0.667,1,2,0.5,1,1,1,0,2,2,2,0,1,1,2,10,8.3,2,17.5
Ty Lawson,47,40,2016-01-25,28,HOU,A,NOP,1,0,16:16,0,3,0,0,1,0,3,4,0.75,0,0,0,2,0,0,2,1,3,-0.5,-27,5
Ty Lawson,48,41,2016-01-27,28,HOU,A,SAS,-31,0,25:38,0,1,0,0,0,NA,2,4,0.5,1,1,2,2,2,1,0,0,2,5.6,-13,13.5
Ty Lawson,49,42,2016-01-29,28,HOU,A,OKC,-8,0,17:59,2,4,0.5,1,2,0.5,0,0,NA,1,1,2,4,0,0,0,4,5,5.2,-7,14
Ty Lawson,50,43,2016-01-30,28,HOU,H,WAS,-1,0,18:46,2,4,0.5,1,2,0.5,2,2,1,0,1,1,1,0,0,0,2,7,5.2,5,10.3
Ty Lawson,51,44,2016-02-02,28,HOU,H,MIA,13,0,21:46,2,3,0.667,0,1,0,1,2,0.5,0,2,2,4,0,0,2,0,5,4.7,12,12.5
Ty Lawson,52,45,2016-02-04,28,HOU,A,PHO,6,0,22:21,4,9,0.444,4,6,0.667,0,0,NA,0,2,2,4,0,0,2,2,12,7.9,-3,21.5
Ty Lawson,53,46,2016-02-06,28,HOU,H,POR,-17,0,16:50,1,4,0.25,0,2,0,0,0,NA,0,0,0,0,1,0,2,1,2,-1.8,-5,3
Ty Lawson,54,47,2016-02-09,28,HOU,A,GSW,-13,0,15:56,0,4,0,0,2,0,0,0,NA,0,0,0,1,0,0,0,0,0,-2.1,-22,1.5
Ty Lawson,55,48,2016-02-10,28,HOU,A,POR,-13,0,8:37,0,0,NA,0,0,NA,0,0,NA,0,1,1,0,0,0,0,1,0,-0.1,-3,1.3
Ty Lawson,56,49,2016-02-19,28,HOU,A,PHO,16,0,19:56,0,4,0,0,0,NA,1,2,0.5,0,4,4,2,1,0,2,1,1,-1,-23,10
Ty Lawson,57,50,2016-02-23,28,HOU,A,UTA,-3,0,15:39,2,5,0.4,0,1,0,0,0,NA,0,0,0,2,1,0,1,0,4,2.7,1,8.5
Ty Lawson,58,51,2016-02-25,28,HOU,A,POR,14,0,5:32,1,1,1,0,0,NA,0,0,NA,0,0,0,1,0,0,1,0,2,1.4,-1,3
Ty Lawson,59,52,2016-02-27,28,HOU,H,SAS,-10,0,5:11,1,3,0.333,0,0,NA,0,0,NA,0,0,0,0,1,0,1,1,2,-0.1,-5,3.5
Ty Lawson,60,53,2016-02-29,28,HOU,A,MIL,-7,0,5:49,0,1,0,0,1,0,0,0,NA,0,0,0,1,1,0,1,0,0,0,-12,3
Montrezl Harrell,1,1,2015-10-28,21,HOU,H,DEN,-20,0,15:50,4,4,1,0,0,NA,0,0,NA,1,2,3,1,0,0,0,4,8,7.2,2,13.3
Montrezl Harrell,2,2,2015-10-30,21,HOU,H,GSW,-20,0,21:10,7,9,0.778,0,0,NA,3,5,0.6,1,2,3,0,0,1,0,1,17,14.3,-11,22.8
Montrezl Harrell,3,3,2015-11-01,21,HOU,A,MIA,-20,0,22:16,3,4,0.75,0,0,NA,1,2,0.5,2,3,5,0,0,1,1,2,7,6.2,-18,14.8
Montrezl Harrell,4,4,2015-11-02,21,HOU,H,OKC,5,0,2:39,0,0,NA,0,0,NA,0,0,NA,0,0,0,0,1,0,0,1,0,0.6,-4,2
Montrezl Harrell,5,5,2015-11-04,21,HOU,H,ORL,5,0,2:58,0,0,NA,0,0,NA,0,0,NA,0,0,0,0,0,0,0,0,0,0,-6,0
Montrezl Harrell,6,6,2015-11-06,21,HOU,A,SAC,6,0,6:36,1,4,0.25,0,0,NA,1,2,0.5,2,0,2,0,0,0,2,1,3,-0.8,-10,4.5
Montrezl Harrell,7,7,2015-11-07,21,HOU,A,LAC,4,0,4:10,0,0,NA,0,0,NA,0,0,NA,0,1,1,0,0,0,0,0,0,0.3,1,1.3
Montrezl Harrell,9,8,2015-11-13,21,HOU,A,DEN,-9,1,12:51,1,1,1,0,0,NA,3,4,0.75,1,1,2,0,0,0,1,3,5,3.1,-1,7
Montrezl Harrell,10,9,2015-11-14,21,HOU,H,DAL,-12,0,11:03,2,3,0.667,0,0,NA,1,2,0.5,2,2,4,1,1,1,0,1,5,7.3,3,15.5
Montrezl Harrell,11,10,2015-11-16,21,HOU,H,BOS,-16,0,11:56,2,3,0.667,0,0,NA,0,0,NA,0,2,2,0,0,0,2,1,4,0.9,0,5.5
Montrezl Harrell,12,11,2015-11-18,21,HOU,H,POR,5,0,6:28,0,0,NA,0,0,NA,0,0,NA,0,0,0,0,1,0,0,1,0,0.6,-3,2
Montrezl Harrell,13,12,2015-11-20,21,HOU,A,MEM,-12,0,5:06,0,0,NA,0,0,NA,0,2,0,0,1,1,0,0,0,2,1,0,-2.9,-2,0.3
Montrezl Harrell,14,13,2015-11-21,21,HOU,H,NYK,-5,0,11:00,1,2,0.5,0,0,NA,1,2,0.5,1,0,1,0,0,2,0,2,3,2.9,-14,8.3
Montrezl Harrell,18,14,2015-11-30,21,HOU,A,DET,-11,0,7:50,2,2,1,0,0,NA,0,0,NA,0,2,2,0,0,0,0,3,4,2.8,4,6.5
Montrezl Harrell,20,15,2015-12-04,21,HOU,A,DAL,4,0,12:39,0,4,0,0,0,NA,0,0,NA,2,1,3,1,1,0,0,2,0,-0.2,-14,7.3
Montrezl Harrell,26,16,2015-12-15,21,HOU,A,SAC,-10,0,1:29,0,0,NA,0,0,NA,0,0,NA,0,0,0,0,0,0,0,0,0,0,3,0
Montrezl Harrell,27,17,2015-12-17,21,HOU,A,LAL,20,0,2:25,0,0,NA,0,0,NA,0,0,NA,0,0,0,1,0,0,0,0,0,0.7,3,1.5
Montrezl Harrell,35,18,2016-01-02,21,HOU,A,SAS,-18,0,5:18,1,2,0.5,0,0,NA,0,2,0,0,1,1,0,0,0,0,0,2,0.5,4,3.3
Montrezl Harrell,36,19,2016-01-04,21,HOU,A,UTA,2,0,16:59,1,2,0.5,0,0,NA,0,0,NA,1,1,2,1,0,0,0,2,2,1.9,9,6
Montrezl Harrell,37,20,2016-01-07,21,HOU,H,UTA,9,0,27:06,1,1,1,0,0,NA,3,4,0.75,0,1,1,1,1,1,3,4,5,2.4,3,10.3
Montrezl Harrell,39,21,2016-01-12,21,HOU,A,MEM,16,0,1:34,0,0,NA,0,0,NA,0,0,NA,0,0,0,0,0,0,0,0,0,0,3,0
Montrezl Harrell,41,22,2016-01-15,21,HOU,H,CLE,-14,0,9:12,2,3,0.667,0,0,NA,3,4,0.75,0,1,1,1,0,0,0,0,7,6.3,7,9.8
Montrezl Harrell,42,23,2016-01-17,21,HOU,A,LAL,17,0,24:46,5,7,0.714,0,0,NA,0,2,0,2,6,8,1,0,0,0,4,10,8.6,13,21.5
Montrezl Harrell,43,24,2016-01-18,21,HOU,A,LAC,-8,0,4:47,0,0,NA,0,0,NA,2,2,1,0,0,0,0,0,0,0,0,2,2,6,2
Montrezl Harrell,44,25,2016-01-20,21,HOU,H,DET,-9,0,9:10,1,1,1,0,0,NA,1,2,0.5,0,0,0,1,1,0,0,5,3,2,4,6.5
Montrezl Harrell,53,26,2016-02-06,22,HOU,H,POR,-17,0,15:02,2,4,0.5,0,0,NA,1,2,0.5,3,2,5,1,0,0,2,2,5,3.2,8,11.8
Montrezl Harrell,54,27,2016-02-09,22,HOU,A,GSW,-13,0,1:14,0,0,NA,0,0,NA,0,0,NA,0,0,0,0,0,0,0,0,0,0,-5,0
Montrezl Harrell,55,28,2016-02-10,22,HOU,A,POR,-13,0,5:39,1,1,1,0,0,NA,0,1,0,0,1,1,0,1,1,0,0,2,3.3,8,7.3
Montrezl Harrell,56,29,2016-02-19,22,HOU,A,PHO,16,0,10:56,4,6,0.667,0,0,NA,2,4,0.5,1,1,2,0,1,0,0,1,10,8.2,-1,14.5
Montrezl Harrell,58,30,2016-02-25,22,HOU,A,POR,14,0,15:48,2,2,1,0,0,NA,0,0,NA,2,2,4,2,1,0,3,2,4,4,11,12.5
Montrezl Harrell,59,31,2016-02-27,22,HOU,H,SAS,-10,0,1:27,0,0,NA,0,0,NA,0,0,NA,0,0,0,1,0,0,0,0,0,0.7,7,1.5
Montrezl Harrell,62,32,2016-03-05,22,HOU,A,CHI,-8,0,12:40,1,2,0.5,0,0,NA,1,2,0.5,1,1,2,0,0,0,1,0,3,1.6,1,5
Montrezl Harrell,63,33,2016-03-06,22,HOU,A,TOR,6,0,4:07,0,1,0,0,0,NA,0,0,NA,1,0,1,0,0,0,0,1,0,-0.4,-3,1.3
Montrezl Harrell,64,34,2016-03-09,22,HOU,A,PHI,14,0,7:21,1,1,1,0,0,NA,0,0,NA,0,1,1,0,1,0,0,1,2,2.6,1,5.3
Montrezl Harrell,66,35,2016-03-12,22,HOU,A,CHO,-16,0,12:21,2,3,0.667,0,0,NA,1,2,0.5,0,1,1,1,0,0,0,1,5,3.9,15,7.8
Montrezl Harrell,67,36,2016-03-14,22,HOU,H,MEM,49,0,12:00,4,5,0.8,0,1,0,0,0,NA,0,2,2,2,1,2,0,1,8,10.1,8,19.5
Montrezl Harrell,68,37,2016-03-16,22,HOU,H,LAC,-16,0,13:57,4,7,0.571,0,0,NA,0,0,NA,2,1,3,1,0,1,0,0,8,7.8,4,15.3
Montrezl Harrell,70,38,2016-03-19,22,HOU,A,ATL,-12,0,1:33,1,1,1,0,0,NA,0,0,NA,0,0,0,0,0,0,0,0,2,1.7,-1,2
Montrezl Harrell,82,39,2016-04-13,22,HOU,H,SAC,35,0,7:15,2,5,0.4,0,0,NA,0,0,NA,0,1,1,0,0,1,0,1,4,1.9,3,7.3
Donatas Motiejunas,21,1,2015-12-05,25,HOU,H,SAC,7,0,6:10,0,4,0,0,1,0,0,0,NA,1,0,1,0,0,0,2,1,0,-4.5,3,0.3
Donatas Motiejunas,22,2,2015-12-08,25,HOU,A,BRK,-5,0,6:45,0,0,NA,0,0,NA,0,0,NA,0,1,1,1,0,0,2,0,0,-1,-7,1.8
Donatas Motiejunas,23,3,2015-12-09,25,HOU,A,WAS,6,0,8:32,1,2,0.5,0,0,NA,0,0,NA,0,3,3,0,0,0,3,5,2,-3.1,-2,4.3
Donatas Motiejunas,24,4,2015-12-12,25,HOU,H,LAL,29,0,14:42,4,4,1,1,1,1,2,4,0.5,0,1,1,1,1,0,4,1,11,6.6,16,14.3
Donatas Motiejunas,25,5,2015-12-14,25,HOU,A,DEN,-6,0,21:46,7,11,0.636,3,4,0.75,2,2,1,1,1,2,2,0,0,1,5,19,13.5,-14,25.5
Donatas Motiejunas,26,6,2015-12-15,25,HOU,A,SAC,-10,1,14:28,2,7,0.286,0,3,0,0,0,NA,0,3,3,0,3,1,3,2,4,0.7,-15,14.3
Donatas Motiejunas,27,7,2015-12-17,25,HOU,A,LAL,20,0,19:09,3,7,0.429,1,1,1,1,4,0.25,2,2,4,2,0,0,3,2,8,2.7,4,15
Donatas Motiejunas,28,8,2015-12-19,25,HOU,H,LAC,10,0,20:06,4,5,0.8,0,1,0,2,2,1,0,3,3,1,1,0,1,5,10,7.7,8,16.8
Donatas Motiejunas,29,9,2015-12-21,25,HOU,H,CHO,7,0,22:43,2,7,0.286,0,2,0,2,2,1,1,3,4,4,0,0,1,1,6,4.9,8,16.5
Donatas Motiejunas,30,10,2015-12-23,25,HOU,A,ORL,-3,0,7:41,1,2,0.5,0,0,NA,0,0,NA,0,1,1,1,0,0,2,0,2,0,-8,3.8
Donatas Motiejunas,31,11,2015-12-25,25,HOU,H,SAS,4,0,6:00,2,4,0.5,0,0,NA,0,0,NA,0,0,0,0,0,0,0,0,4,2,-3,4
Donatas Motiejunas,32,12,2015-12-26,25,HOU,A,NOP,-2,0,6:37,2,3,0.667,0,1,0,0,0,NA,0,0,0,0,0,0,1,0,4,1.7,2,3.5
Donatas Motiejunas,33,13,2015-12-29,25,HOU,H,ATL,-6,0,27:26,2,4,0.5,2,2,1,0,0,NA,2,5,7,2,1,1,2,2,6,7.2,7,21.8
Donatas Motiejunas,34,14,2015-12-31,25,HOU,H,GSW,-4,0,6:15,1,2,0.5,0,1,0,0,0,NA,0,0,0,0,0,0,0,1,2,0.6,1,2
Donatas Motiejunas,60,15,2016-02-27,25,HOU,H,SAS,-10,0,8:53,1,4,0.25,0,2,0,0,0,NA,1,0,1,1,0,0,2,3,2,-2.2,-7,3.8
Donatas Motiejunas,61,16,2016-02-29,25,HOU,A,MIL,-7,0,19:22,1,3,0.333,1,1,1,3,4,0.75,2,3,5,2,1,0,2,2,6,5.8,-5,16.8
Donatas Motiejunas,62,17,2016-03-02,25,HOU,H,NOP,5,1,22:04,3,7,0.429,0,1,0,1,4,0.25,1,2,3,2,0,0,0,2,7,4,-16,13.8
Donatas Motiejunas,63,18,2016-03-05,25,HOU,A,CHI,-8,1,14:12,2,4,0.5,0,1,0,2,2,1,1,2,3,1,0,0,0,4,6,4.4,-8,11.3
Donatas Motiejunas,64,19,2016-03-06,25,HOU,A,TOR,6,1,20:04,1,5,0.2,0,2,0,2,4,0.5,1,4,5,1,0,0,2,2,4,-0.1,-18,10.8
Donatas Motiejunas,65,20,2016-03-09,25,HOU,A,PHI,14,1,6:45,0,1,0,0,0,NA,0,0,NA,0,1,1,0,0,0,0,3,0,-1.6,-4,1.3
Donatas Motiejunas,66,21,2016-03-11,25,HOU,A,BOS,4,1,10:15,1,3,0.333,0,2,0,0,0,NA,1,3,4,1,0,0,0,0,2,2.6,6,8.5
Donatas Motiejunas,67,22,2016-03-12,25,HOU,A,CHO,-16,1,4:58,2,3,0.667,0,1,0,0,0,NA,1,1,2,0,0,0,0,0,4,3.7,-3,6.5
Donatas Motiejunas,68,23,2016-03-14,25,HOU,H,MEM,49,1,20:35,7,14,0.5,1,2,0.5,3,5,0.6,2,4,6,2,1,0,0,2,18,14.4,37,31
Donatas Motiejunas,69,24,2016-03-16,25,HOU,H,LAC,-16,1,7:35,0,2,0,0,1,0,0,0,NA,0,0,0,1,0,0,0,1,0,-1.1,-11,1.5
Donatas Motiejunas,70,25,2016-03-18,25,HOU,H,MIN,5,1,26:12,8,12,0.667,1,2,0.5,0,0,NA,3,6,9,1,1,2,1,3,17,16.6,9,35.8
Donatas Motiejunas,71,26,2016-03-19,25,HOU,A,ATL,-12,1,21:23,4,9,0.444,0,3,0,5,6,0.833,2,4,6,1,1,0,0,3,13,11,2,24
Donatas Motiejunas,72,27,2016-03-22,25,HOU,A,OKC,-4,1,21:13,4,9,0.444,1,2,0.5,2,2,1,3,2,5,1,0,0,3,3,11,5.5,-1,17.8
Donatas Motiejunas,73,28,2016-03-23,25,HOU,H,UTA,-2,1,18:08,3,10,0.3,2,5,0.4,1,4,0.25,1,2,3,1,1,0,1,2,9,3.2,-4,16.8
Donatas Motiejunas,74,29,2016-03-25,25,HOU,H,TOR,3,1,14:59,5,8,0.625,1,1,1,0,0,NA,1,2,3,1,0,0,0,0,11,9.4,7,16.8
Donatas Motiejunas,75,30,2016-03-27,25,HOU,A,IND,-3,1,15:40,3,8,0.375,1,3,0.333,1,2,0.5,2,1,3,0,1,0,1,2,8,4.1,-1,13.8
Donatas Motiejunas,76,31,2016-03-29,25,HOU,A,CLE,6,1,9:42,3,7,0.429,0,2,0,0,0,NA,0,2,2,0,0,0,2,4,6,-0.7,-2,7.5
Donatas Motiejunas,77,32,2016-03-31,25,HOU,H,CHI,-3,1,12:28,1,7,0.143,0,1,0,0,0,NA,0,1,1,0,0,0,0,2,2,-3,23,3.3
Donatas Motiejunas,78,33,2016-04-03,25,HOU,H,OKC,8,1,18:32,1,5,0.2,0,3,0,0,0,NA,1,3,4,3,1,0,0,1,2,3.2,4,13.5
Donatas Motiejunas,80,34,2016-04-07,25,HOU,H,PHO,-9,1,12:00,2,3,0.667,0,1,0,2,2,1,0,0,0,1,2,0,0,2,6,6.6,8,11.5
Donatas Motiejunas,81,35,2016-04-10,25,HOU,H,LAL,20,1,19:14,3,8,0.375,0,1,0,2,2,1,4,1,5,2,0,0,1,1,8,6.7,12,16.8
Donatas Motiejunas,82,36,2016-04-11,25,HOU,A,MIN,24,1,19:10,3,7,0.429,1,2,0.5,0,0,NA,2,2,4,3,2,0,2,2,7,6.6,8,20
Donatas Motiejunas,83,37,2016-04-13,25,HOU,H,SAC,35,1,14:57,1,4,0.25,0,1,0,1,2,0.5,1,3,4,2,0,1,2,0,3,1.9,9,12
Sam Dekker,1,1,2015-10-28,21,HOU,H,DEN,-20,0,1:29,0,0,NA,0,0,NA,0,0,NA,0,0,0,0,0,0,0,0,0,0,-2,0
Sam Dekker,2,2,2015-10-30,21,HOU,H,GSW,-20,0,4:30,0,0,NA,0,0,NA,0,0,NA,0,1,1,0,1,0,0,0,0,1.3,3,3.3
Sam Dekker,6,3,2015-11-06,21,HOU,A,SAC,6,0,0:10,0,0,NA,0,0,NA,0,0,NA,0,0,0,0,0,0,0,0,0,0,-3,0
Josh Smith,43,33,2016-01-22,30,HOU,H,MIL,4,0,21:11,1,10,0.1,0,4,0,0,2,0,3,2,5,6,2,3,2,4,2,2,-6,26.3
Josh Smith,44,34,2016-01-24,30,HOU,H,DAL,11,0,23:09,6,14,0.429,2,6,0.333,2,2,1,1,2,3,2,2,2,1,3,16,12.5,3,31.3
Josh Smith,45,35,2016-01-25,30,HOU,A,NOP,1,0,27:41,2,11,0.182,0,4,0,1,2,0.5,0,4,4,3,0,0,2,4,5,-2.6,-14,13.5
Josh Smith,46,36,2016-01-27,30,HOU,A,SAS,-31,0,24:41,4,11,0.364,1,6,0.167,2,4,0.5,1,6,7,2,1,1,3,4,11,5.1,-10,25.8
Josh Smith,47,37,2016-01-29,30,HOU,A,OKC,-8,0,15:26,4,9,0.444,2,4,0.5,0,0,NA,0,1,1,0,0,1,1,2,10,4.5,2,13.8
Josh Smith,48,38,2016-01-30,30,HOU,H,WAS,-1,0,17:15,4,9,0.444,1,3,0.333,0,0,NA,3,1,4,3,0,0,2,2,9,6,0,18
Josh Smith,49,39,2016-02-02,30,HOU,H,MIA,13,1,21:28,8,13,0.615,3,5,0.6,0,0,NA,0,4,4,1,2,1,3,5,19,12.7,1,31.5
Josh Smith,50,40,2016-02-04,30,HOU,A,PHO,6,0,21:19,1,4,0.25,1,3,0.333,3,4,0.75,1,2,3,3,1,1,0,2,6,7.5,0,18.8
Josh Smith,51,41,2016-02-06,30,HOU,H,POR,-17,0,9:25,0,4,0,0,3,0,0,0,NA,1,1,2,1,0,0,1,1,0,-2.5,-2,3.5
Josh Smith,52,42,2016-02-09,30,HOU,A,GSW,-13,0,9:05,1,5,0.2,1,2,0.5,0,0,NA,0,0,0,3,0,0,0,0,3,2,-10,8
Josh Smith,53,43,2016-02-10,30,HOU,A,POR,-13,0,6:02,0,3,0,0,3,0,0,0,NA,0,1,1,0,0,1,1,0,0,-2.1,-10,2.8
Josh Smith,54,44,2016-02-19,30,HOU,A,PHO,16,1,23:26,1,7,0.143,0,3,0,1,4,0.25,2,1,3,0,0,0,2,2,3,-3.8,18,5.8
Josh Smith,55,45,2016-02-23,30,HOU,A,UTA,-3,1,19:14,3,7,0.429,2,4,0.5,0,0,NA,0,2,2,0,0,0,3,2,8,1.1,3,10
Josh Smith,56,46,2016-02-25,30,HOU,A,POR,14,1,14:39,2,9,0.222,0,4,0,0,0,NA,0,2,2,3,0,0,1,2,4,-0.6,-8,10.5
Josh Smith,57,47,2016-02-27,30,HOU,H,SAS,-10,1,28:33,1,8,0.125,0,2,0,0,0,NA,2,6,8,4,0,0,2,3,2,-0.4,-7,17
Josh Smith,58,48,2016-02-29,30,HOU,A,MIL,-7,1,25:01,4,11,0.364,2,6,0.333,0,1,0,1,1,2,3,1,0,1,3,10,5.4,10,19.5
Josh Smith,59,49,2016-03-02,30,HOU,H,NOP,5,0,19:24,2,5,0.4,0,3,0,0,0,NA,0,2,2,2,1,1,2,3,4,1.8,7,12.5
Josh Smith,60,50,2016-03-05,30,HOU,A,CHI,-8,0,10:21,2,6,0.333,0,3,0,0,0,NA,3,1,4,1,0,1,1,1,4,3,-1,12
Josh Smith,75,51,2016-04-03,30,HOU,H,OKC,8,0,6:51,2,3,0.667,1,2,0.5,0,0,NA,0,0,0,0,0,0,1,0,5,2.7,-5,5
Josh Smith,77,52,2016-04-07,30,HOU,H,PHO,-9,0,17:40,2,4,0.5,2,2,1,0,2,0,0,4,4,2,0,1,5,2,6,0.7,-4,14.5
Josh Smith,78,53,2016-04-10,30,HOU,H,LAL,20,0,19:21,3,6,0.5,2,5,0.4,1,2,0.5,0,3,3,1,1,0,0,2,9,7.4,13,17.3
Josh Smith,79,54,2016-04-11,30,HOU,A,MIN,24,0,23:21,3,6,0.5,3,6,0.5,2,2,1,0,3,3,3,2,0,1,6,11,9.6,22,24.3
Josh Smith,80,55,2016-04-13,30,HOU,H,SAC,35,0,16:25,2,4,0.5,0,2,0,0,0,NA,0,0,0,5,3,0,1,3,4,6.3,13,17
Marcus Thornton,3,1,2015-11-01,28,HOU,A,MIA,-20,1,30:53,8,16,0.5,5,9,0.556,0,0,NA,0,2,2,2,0,0,2,4,21,11.4,-15,28
Marcus Thornton,4,2,2015-11-02,28,HOU,H,OKC,5,1,37:20,5,14,0.357,2,6,0.333,0,0,NA,2,5,7,1,1,0,1,1,12,7.4,14,24.8
Marcus Thornton,5,3,2015-11-04,28,HOU,H,ORL,5,1,29:04,8,14,0.571,2,5,0.4,0,0,NA,2,1,3,3,1,0,1,0,18,15.2,-3,28.8
Marcus Thornton,6,4,2015-11-06,28,HOU,A,SAC,6,1,42:14,6,16,0.375,4,10,0.4,0,0,NA,4,3,7,2,1,0,1,5,16,10.3,19,31.3
Marcus Thornton,7,5,2015-11-07,28,HOU,A,LAC,4,1,37:31,7,15,0.467,2,7,0.286,0,0,NA,1,3,4,3,3,0,1,4,16,12.4,5,32
Marcus Thornton,8,6,2015-11-11,28,HOU,H,BRK,-8,1,34:51,9,15,0.6,3,9,0.333,0,0,NA,1,2,3,7,4,1,0,2,21,24.2,5,46.8
Marcus Thornton,9,7,2015-11-13,28,HOU,A,DEN,-9,0,17:55,2,8,0.25,0,4,0,0,0,NA,0,4,4,1,1,0,0,0,4,2.1,-17,12.5
Marcus Thornton,10,8,2015-11-14,28,HOU,H,DAL,-12,0,18:04,1,9,0.111,0,4,0,0,0,NA,0,5,5,0,0,0,0,0,2,-2.4,-9,8.3
Marcus Thornton,11,9,2015-11-16,28,HOU,H,BOS,-16,0,12:00,3,8,0.375,2,4,0.5,0,0,NA,0,0,0,1,1,0,0,1,8,4.9,3,12.5
Marcus Thornton,12,10,2015-11-18,28,HOU,H,POR,5,0,15:01,1,7,0.143,1,5,0.2,0,0,NA,1,1,2,1,0,0,0,0,3,0.2,-5,7.5
Marcus Thornton,13,11,2015-11-20,28,HOU,A,MEM,-12,0,21:43,2,12,0.167,1,5,0.2,0,0,NA,2,1,3,0,1,0,0,2,5,-0.7,-5,11.3
Marcus Thornton,14,12,2015-11-21,28,HOU,H,NYK,-5,0,19:02,5,9,0.556,2,4,0.5,0,0,NA,0,2,2,0,0,0,1,2,12,6.5,10,15
Marcus Thornton,15,13,2015-11-25,28,HOU,H,MEM,-9,0,14:39,1,3,0.333,0,2,0,0,2,0,0,0,0,1,0,0,0,1,2,-0.2,-3,3.5
Marcus Thornton,16,14,2015-11-27,28,HOU,H,PHI,2,0,8:38,3,5,0.6,0,1,0,0,0,NA,0,2,2,0,0,0,1,1,6,2.9,-9,8
Marcus Thornton,17,15,2015-11-29,28,HOU,A,NYK,5,0,20:37,6,11,0.545,2,5,0.4,4,4,1,0,0,0,1,1,0,1,0,18,13.4,10,22
Marcus Thornton,18,16,2015-11-30,28,HOU,A,DET,-11,0,21:44,5,13,0.385,4,8,0.5,4,4,1,2,4,6,1,2,0,2,2,18,13.4,-3,32
Marcus Thornton,19,17,2015-12-02,28,HOU,H,NOP,7,0,11:28,3,5,0.6,0,1,0,0,0,NA,1,2,3,0,0,0,2,2,6,2.2,-10,8.8
Marcus Thornton,20,18,2015-12-04,28,HOU,A,DAL,4,0,5:58,1,2,0.5,0,0,NA,0,0,NA,2,0,2,0,0,0,0,0,2,2.4,-1,4.5
Marcus Thornton,21,19,2015-12-05,28,HOU,H,SAC,7,0,4:58,1,5,0.2,1,2,0.5,0,0,NA,0,2,2,2,0,0,0,0,3,1.9,-1,9
Marcus Thornton,22,20,2015-12-08,28,HOU,A,BRK,-5,0,26:01,12,18,0.667,5,8,0.625,3,3,1,0,6,6,3,3,0,1,0,32,30.1,14,52
Marcus Thornton,23,21,2015-12-09,28,HOU,A,WAS,6,0,19:50,4,10,0.4,1,5,0.2,0,0,NA,0,1,1,1,1,0,2,1,9,3.2,-6,13.3
Marcus Thornton,24,22,2015-12-12,28,HOU,H,LAL,29,0,16:29,7,13,0.538,4,8,0.5,0,0,NA,0,3,3,3,0,0,0,0,18,14.7,25,28.3
Marcus Thornton,25,23,2015-12-14,28,HOU,A,DEN,-6,0,20:46,4,8,0.5,3,4,0.75,2,2,1,0,1,1,2,0,0,1,3,13,8.5,-23,18.3
Marcus Thornton,26,24,2015-12-15,28,HOU,A,SAC,-10,0,6:12,0,3,0,0,2,0,0,0,NA,0,0,0,1,1,0,0,1,0,-0.8,3,3.5
Marcus Thornton,28,25,2015-12-19,28,HOU,H,LAC,10,0,19:26,2,7,0.286,0,2,0,7,7,1,1,2,3,1,1,0,0,2,11,9.1,-5,18.3
Marcus Thornton,29,26,2015-12-21,28,HOU,H,CHO,7,0,13:47,4,7,0.571,2,4,0.5,3,4,0.75,0,1,1,1,1,0,2,2,13,8.5,17,17.8
Marcus Thornton,30,27,2015-12-23,28,HOU,A,ORL,-3,0,18:11,2,8,0.25,2,6,0.333,2,2,1,0,2,2,2,1,0,0,1,8,5.8,-3,16.5
Marcus Thornton,32,28,2015-12-26,28,HOU,A,NOP,-2,0,10:54,3,5,0.6,1,3,0.333,2,2,1,1,2,3,0,0,0,0,1,9,7.6,1,13.3
Marcus Thornton,34,29,2015-12-31,28,HOU,H,GSW,-4,0,26:19,4,12,0.333,2,6,0.333,0,0,NA,0,0,0,0,0,0,2,4,10,-0.4,-4,10
Marcus Thornton,37,30,2016-01-07,28,HOU,H,UTA,9,0,18:04,4,9,0.444,1,4,0.25,3,4,0.75,0,3,3,0,2,0,4,0,12,5.8,10,18.3
Marcus Thornton,38,31,2016-01-10,28,HOU,H,IND,4,0,22:44,1,7,0.143,0,2,0,0,1,0,1,2,3,1,1,0,0,1,2,-0.3,11,9.3
Marcus Thornton,39,32,2016-01-12,28,HOU,A,MEM,16,0,15:10,5,10,0.5,3,5,0.6,3,3,1,1,1,2,1,0,0,1,2,16,10.9,7,21
Marcus Thornton,40,33,2016-01-13,28,HOU,H,MIN,3,0,13:25,2,6,0.333,0,3,0,5,6,0.833,0,0,0,1,1,0,3,3,9,2.7,10,11
Marcus Thornton,41,34,2016-01-15,28,HOU,H,CLE,-14,0,18:07,1,10,0.1,0,4,0,0,0,NA,1,2,3,1,0,0,1,0,2,-3.6,-13,6.8
Marcus Thornton,42,35,2016-01-17,28,HOU,A,LAL,17,0,20:45,4,11,0.364,0,3,0,2,2,1,0,1,1,2,0,0,1,1,10,4.2,7,13.8
Marcus Thornton,43,36,2016-01-18,28,HOU,A,LAC,-8,0,21:52,9,15,0.6,5,9,0.556,0,0,NA,0,3,3,5,1,0,1,2,23,19.7,8,38.3
Marcus Thornton,44,37,2016-01-20,28,HOU,H,DET,-9,0,18:52,3,9,0.333,0,3,0,2,2,1,1,1,2,1,1,0,0,4,8,4,-8,14
Marcus Thornton,45,38,2016-01-22,28,HOU,H,MIL,4,0,13:54,4,12,0.333,2,4,0.5,0,0,NA,0,0,0,0,0,0,0,1,10,2.8,-5,11
Marcus Thornton,46,39,2016-01-24,28,HOU,H,DAL,11,0,6:31,0,3,0,0,2,0,0,0,NA,1,1,2,0,0,0,2,3,0,-4.3,-13,1.5
Marcus Thornton,47,40,2016-01-25,28,HOU,A,NOP,1,0,17:06,4,10,0.4,4,7,0.571,0,0,NA,0,1,1,2,0,0,1,3,12,6.1,-19,17.8
Marcus Thornton,48,41,2016-01-27,28,HOU,A,SAS,-31,0,20:54,0,6,0,0,2,0,2,2,1,2,3,5,3,0,1,0,1,2,2.5,-10,14.8
Marcus Thornton,49,42,2016-01-29,28,HOU,A,OKC,-8,0,9:49,1,5,0.2,0,3,0,0,0,NA,3,1,4,2,1,0,0,0,2,3.7,4,12
Marcus Thornton,51,43,2016-02-02,28,HOU,H,MIA,13,0,22:44,7,11,0.636,4,7,0.571,0,0,NA,0,5,5,3,1,0,0,1,18,17.3,12,32.8
Marcus Thornton,52,44,2016-02-04,28,HOU,A,PHO,6,0,8:09,1,8,0.125,0,5,0,2,2,1,1,0,1,0,0,0,0,0,4,-0.5,1,5.3
Marcus Thornton,53,45,2016-02-06,28,HOU,H,POR,-17,0,15:16,2,7,0.286,1,5,0.2,0,0,NA,0,1,1,0,1,0,0,0,5,2.2,4,8.8
Marcus Thornton,54,46,2016-02-09,28,HOU,A,GSW,-13,0,25:19,5,12,0.417,1,5,0.2,4,4,1,0,1,1,3,1,1,2,4,15,9.1,2,24.3
Marcus Thornton,55,47,2016-02-10,28,HOU,A,POR,-13,0,14:16,2,6,0.333,1,4,0.25,1,2,0.5,0,1,1,1,0,0,3,5,6,-1.8,7,7.8
Trevor Ariza,1,1,2015-10-28,30,HOU,H,DEN,-20,1,33:10,2,10,0.2,1,7,0.143,1,2,0.5,1,1,2,1,3,1,3,2,6,1,-13,17
Trevor Ariza,2,2,2015-10-30,30,HOU,H,GSW,-20,1,29:41,3,9,0.333,2,4,0.5,3,3,1,1,4,5,1,0,0,1,1,11,7.1,-16,19.3
Trevor Ariza,3,3,2015-11-01,30,HOU,A,MIA,-20,1,40:47,3,13,0.231,3,8,0.375,0,0,NA,0,7,7,4,3,0,2,2,9,6.2,-13,30.3
Trevor Ariza,4,4,2015-11-02,30,HOU,H,OKC,5,1,36:02,3,8,0.375,1,4,0.25,2,2,1,1,3,4,2,1,0,0,3,9,7.4,12,19.5
Trevor Ariza,5,5,2015-11-04,30,HOU,H,ORL,5,1,41:22,6,11,0.545,4,7,0.571,3,4,0.75,0,7,7,2,3,0,3,3,19,15.6,4,37.3
Trevor Ariza,6,6,2015-11-06,30,HOU,A,SAC,6,1,37:20,6,13,0.462,4,8,0.5,2,2,1,1,7,8,1,2,0,1,4,18,14.2,27,35
Trevor Ariza,7,7,2015-11-07,30,HOU,A,LAC,4,1,39:27,1,8,0.125,0,5,0,4,4,1,1,6,7,3,1,1,0,4,6,5.5,-3,23.3
Trevor Ariza,8,8,2015-11-11,30,HOU,H,BRK,-8,1,32:26,5,14,0.357,1,6,0.167,0,1,0,0,2,2,2,2,0,0,2,11,6,-1,21
Trevor Ariza,9,9,2015-11-13,30,HOU,A,DEN,-9,1,38:10,4,12,0.333,2,7,0.286,3,4,0.75,0,3,3,3,2,0,1,2,13,9,3,25.8
Trevor Ariza,10,10,2015-11-14,30,HOU,H,DAL,-12,1,24:37,1,8,0.125,1,7,0.143,1,2,0.5,1,5,6,2,3,0,1,5,4,2,-3,20.5
Trevor Ariza,11,11,2015-11-16,30,HOU,H,BOS,-16,1,31:38,7,16,0.438,4,10,0.4,1,1,1,1,8,9,0,3,1,4,2,19,12.6,-23,38.3
Trevor Ariza,12,12,2015-11-18,30,HOU,H,POR,5,1,37:05,6,18,0.333,4,12,0.333,2,2,1,2,6,8,2,1,0,3,2,18,9.6,7,33.5
Trevor Ariza,13,13,2015-11-20,30,HOU,A,MEM,-12,1,35:22,7,10,0.7,2,5,0.4,3,5,0.6,0,4,4,1,3,1,4,5,19,13.6,-8,32.5
Trevor Ariza,14,14,2015-11-21,30,HOU,H,NYK,-5,1,36:48,3,8,0.375,1,5,0.2,3,5,0.6,0,5,5,3,0,0,1,3,10,6.2,-11,20.8
Trevor Ariza,15,15,2015-11-25,30,HOU,H,MEM,-9,1,39:28,2,10,0.2,0,5,0,4,4,1,1,11,12,3,2,0,5,4,8,3.3,-14,29
Trevor Ariza,16,16,2015-11-27,30,HOU,H,PHI,2,1,35:57,4,7,0.571,2,3,0.667,2,2,1,1,3,4,1,1,0,2,1,12,9.6,11,20.5
Trevor Ariza,17,17,2015-11-29,30,HOU,A,NYK,5,1,41:07,7,11,0.636,2,4,0.5,0,0,NA,3,4,7,1,2,0,0,2,16,16.3,9,31.3
Trevor Ariza,18,18,2015-11-30,30,HOU,A,DET,-11,1,35:55,1,9,0.111,0,4,0,0,0,NA,0,4,4,2,0,1,2,3,2,-3.8,-10,11
Trevor Ariza,19,19,2015-12-02,30,HOU,H,NOP,7,1,32:01,5,11,0.455,2,5,0.4,1,1,1,1,1,2,0,2,0,2,1,13,7.9,3,19.5
Trevor Ariza,20,20,2015-12-04,30,HOU,A,DAL,4,1,38:39,7,10,0.7,4,7,0.571,0,4,0,0,6,6,1,4,1,3,2,18,15.6,14,37.5
Trevor Ariza,21,21,2015-12-05,30,HOU,H,SAC,7,1,36:54,4,14,0.286,3,9,0.333,1,2,0.5,2,4,6,3,3,0,0,1,12,10.7,1,31.5
Trevor Ariza,22,22,2015-12-08,30,HOU,A,BRK,-5,1,3:50,1,3,0.333,0,1,0,0,0,NA,0,0,0,0,0,0,0,0,2,0.3,1,2
Trevor Ariza,24,23,2015-12-12,30,HOU,H,LAL,29,1,28:08,1,7,0.143,1,6,0.167,2,2,1,0,5,5,6,3,0,2,2,5,6.4,1,25.8
Trevor Ariza,25,24,2015-12-14,30,HOU,A,DEN,-6,1,42:04,6,12,0.5,4,9,0.444,0,0,NA,0,5,5,4,3,0,2,2,16,14.5,5,35.3
Trevor Ariza,26,25,2015-12-15,30,HOU,A,SAC,-10,1,33:20,3,10,0.3,2,8,0.25,2,2,1,1,5,6,2,3,0,0,2,10,10,-6,27.5
Trevor Ariza,27,26,2015-12-17,30,HOU,A,LAL,20,1,35:38,5,10,0.5,3,6,0.5,0,0,NA,2,3,5,4,3,0,0,2,13,15.3,26,32.8
Trevor Ariza,28,27,2015-12-19,30,HOU,H,LAC,10,1,33:35,7,11,0.636,3,4,0.75,0,0,NA,1,5,6,3,1,0,0,3,17,16.2,9,32.5
Trevor Ariza,29,28,2015-12-21,30,HOU,H,CHO,7,1,30:42,2,6,0.333,1,5,0.2,0,0,NA,0,3,3,0,1,0,3,2,5,-0.3,1,9.8
Trevor Ariza,30,29,2015-12-23,30,HOU,A,ORL,-3,1,38:49,4,14,0.286,0,8,0,0,0,NA,1,7,8,1,1,1,0,3,8,3.8,-4,23.5
Trevor Ariza,31,30,2015-12-25,30,HOU,H,SAS,4,1,28:08,2,4,0.5,1,1,1,2,2,1,0,4,4,1,0,0,3,4,7,2.3,-5,12.5
Trevor Ariza,32,31,2015-12-26,30,HOU,A,NOP,-2,1,35:41,6,11,0.545,2,5,0.4,2,3,0.667,0,2,2,4,2,0,2,1,16,13.3,-8,28.5
Trevor Ariza,33,32,2015-12-29,30,HOU,H,ATL,-6,1,35:28,4,13,0.308,2,5,0.4,0,0,NA,0,1,1,1,0,1,2,2,10,1.4,-26,14.8
Trevor Ariza,34,33,2015-12-31,30,HOU,H,GSW,-4,1,37:14,3,9,0.333,3,8,0.375,2,2,1,0,3,3,2,0,0,2,1,11,5.8,6,18.3
Trevor Ariza,35,34,2016-01-02,30,HOU,A,SAS,-18,1,25:04,4,10,0.4,2,4,0.5,0,0,NA,1,0,1,3,2,0,1,0,10,8.4,-12,20.3
Trevor Ariza,36,35,2016-01-04,30,HOU,A,UTA,2,1,30:32,5,9,0.556,3,5,0.6,0,0,NA,0,4,4,0,4,0,0,2,13,13.1,-14,27.5
Trevor Ariza,37,36,2016-01-07,30,HOU,H,UTA,9,1,32:24,2,10,0.2,2,6,0.333,0,0,NA,1,4,5,1,1,1,1,2,6,2.3,0,18.3
Trevor Ariza,38,37,2016-01-10,30,HOU,H,IND,4,1,41:38,8,14,0.571,5,9,0.556,3,4,0.75,1,4,5,0,0,0,3,3,24,14.7,-1,31.3
Trevor Ariza,39,38,2016-01-12,30,HOU,A,MEM,16,1,29:43,4,11,0.364,2,5,0.4,0,1,0,1,1,2,2,3,0,0,0,10,8.9,3,22.5
Trevor Ariza,40,39,2016-01-13,30,HOU,H,MIN,3,1,33:29,4,8,0.5,1,5,0.2,1,2,0.5,1,5,6,0,2,0,0,4,10,8.2,-6,22
Trevor Ariza,41,40,2016-01-15,30,HOU,H,CLE,-14,1,34:14,3,9,0.333,2,4,0.5,0,0,NA,0,4,4,1,2,0,0,2,8,6,-13,19.5
Trevor Ariza,42,41,2016-01-17,30,HOU,A,LAL,17,1,24:22,5,8,0.625,1,3,0.333,2,2,1,1,1,2,2,3,0,2,0,13,12.8,13,24
Trevor Ariza,43,42,2016-01-18,30,HOU,A,LAC,-8,1,38:13,6,11,0.545,2,5,0.4,4,4,1,0,2,2,4,1,0,0,2,18,16.3,-6,29.5
Trevor Ariza,44,43,2016-01-20,30,HOU,H,DET,-9,1,42:55,1,8,0.125,1,2,0.5,0,0,NA,1,3,4,1,1,0,0,5,3,-0.9,-5,12
Trevor Ariza,45,44,2016-01-22,30,HOU,H,MIL,4,1,36:50,6,15,0.4,5,11,0.455,2,2,1,1,4,5,2,0,1,1,0,19,13.9,15,32.3
Trevor Ariza,46,45,2016-01-24,30,HOU,H,DAL,11,1,39:18,11,15,0.733,6,9,0.667,1,4,0.25,1,2,3,2,3,0,0,2,29,26.6,21,44.8
Trevor Ariza,47,46,2016-01-25,30,HOU,A,NOP,1,1,40:41,11,16,0.688,8,12,0.667,1,2,0.5,2,3,5,3,3,1,3,2,31,28.1,7,52.3
Trevor Ariza,48,47,2016-01-27,30,HOU,A,SAS,-31,1,27:00,2,6,0.333,2,4,0.5,2,4,0.5,0,1,1,2,2,1,1,3,8,6,-24,18.8
Trevor Ariza,49,48,2016-01-29,30,HOU,A,OKC,-8,1,41:02,3,12,0.25,2,9,0.222,0,0,NA,1,5,6,5,5,1,1,2,8,10.4,-8,35.5
Trevor Ariza,50,49,2016-01-30,30,HOU,H,WAS,-1,1,35:41,5,11,0.455,3,6,0.5,4,4,1,1,6,7,1,1,0,0,0,17,15.5,6,30.8
Trevor Ariza,51,50,2016-02-02,30,HOU,H,MIA,13,1,33:06,4,10,0.4,1,4,0.25,0,0,NA,1,3,4,3,1,1,1,0,9,8,13,22.5
Trevor Ariza,52,51,2016-02-04,30,HOU,A,PHO,6,1,37:17,7,15,0.467,3,8,0.375,5,8,0.625,1,2,3,2,4,0,3,1,22,16.4,3,36.8
Trevor Ariza,53,52,2016-02-06,30,HOU,H,POR,-17,1,33:31,2,8,0.25,1,4,0.25,0,0,NA,3,2,5,0,4,0,2,2,5,4.1,-16,18.8
Trevor Ariza,54,53,2016-02-09,30,HOU,A,GSW,-13,1,39:53,7,13,0.538,4,7,0.571,1,2,0.5,3,4,7,0,2,0,1,3,19,15.4,-4,33.3
Trevor Ariza,55,54,2016-02-10,30,HOU,A,POR,-13,1,39:52,2,8,0.25,2,6,0.333,2,2,1,0,3,3,4,2,0,3,3,8,4.7,-16,21.3
Trevor Ariza,56,55,2016-02-19,30,HOU,A,PHO,16,1,32:12,8,12,0.667,4,7,0.571,5,6,0.833,1,5,6,3,5,0,3,4,25,24.1,40,47.5
Trevor Ariza,57,56,2016-02-23,30,HOU,A,UTA,-3,1,40:45,5,10,0.5,4,7,0.571,4,4,1,1,0,1,4,4,0,1,3,18,18.3,-12,34.8
Trevor Ariza,58,57,2016-02-25,30,HOU,A,POR,14,1,40:46,1,10,0.1,1,8,0.125,3,3,1,1,7,8,6,4,0,2,4,6,6.8,16,32.5
Trevor Ariza,59,58,2016-02-27,30,HOU,H,SAS,-10,1,39:10,3,8,0.375,2,4,0.5,0,0,NA,0,2,2,5,2,2,0,4,8,9.5,-14,27
Trevor Ariza,60,59,2016-02-29,30,HOU,A,MIL,-7,1,35:09,6,9,0.667,4,7,0.571,4,4,1,4,4,8,11,2,0,1,4,20,27.2,10,53.5
Trevor Ariza,61,60,2016-03-02,30,HOU,H,NOP,5,1,38:20,3,10,0.3,0,7,0,0,0,NA,0,6,6,3,4,1,5,1,6,3.4,9,25.5
Trevor Ariza,62,61,2016-03-05,30,HOU,A,CHI,-8,1,39:30,4,13,0.308,1,8,0.125,2,2,1,0,3,3,3,4,1,1,1,11,9.8,-17,29.3
Trevor Ariza,63,62,2016-03-06,30,HOU,A,TOR,6,1,40:36,5,8,0.625,3,5,0.6,0,0,NA,0,1,1,2,3,0,2,2,13,11.3,12,23.8
Trevor Ariza,64,63,2016-03-09,30,HOU,A,PHI,14,1,40:10,4,14,0.286,4,10,0.4,3,4,0.75,0,1,1,3,2,1,1,2,15,9.7,22,28.3
Trevor Ariza,65,64,2016-03-11,30,HOU,A,BOS,4,1,37:15,4,11,0.364,2,5,0.4,0,0,NA,1,7,8,4,2,0,0,2,10,10.7,7,31
Trevor Ariza,66,65,2016-03-12,30,HOU,A,CHO,-16,1,31:03,4,13,0.308,1,6,0.167,0,0,NA,1,4,5,1,2,0,1,2,9,4.3,-22,20.8
Trevor Ariza,67,66,2016-03-14,30,HOU,H,MEM,49,1,20:48,6,9,0.667,4,7,0.571,0,0,NA,0,2,2,1,1,0,0,0,16,14.4,30,24
Trevor Ariza,68,67,2016-03-16,30,HOU,H,LAC,-16,1,36:17,5,11,0.455,2,5,0.4,4,4,1,2,4,6,4,0,1,0,4,16,14.8,-11,32.5
Trevor Ariza,69,68,2016-03-18,30,HOU,H,MIN,5,1,34:46,5,10,0.5,1,5,0.2,4,6,0.667,0,2,2,4,1,0,0,2,15,12.8,9,26
Trevor Ariza,70,69,2016-03-19,30,HOU,A,ATL,-12,1,37:03,2,10,0.2,1,6,0.167,2,2,1,0,3,3,0,4,0,2,0,7,3.7,-7,18.3
Trevor Ariza,71,70,2016-03-22,30,HOU,A,OKC,-4,1,40:13,5,18,0.278,3,12,0.25,0,0,NA,4,4,8,4,3,0,1,4,13,9.6,-3,36
Trevor Ariza,72,71,2016-03-23,30,HOU,H,UTA,-2,1,37:55,5,8,0.625,2,4,0.5,0,0,NA,0,3,3,1,0,1,2,4,12,7.1,-9,19.3
Trevor Ariza,73,72,2016-03-25,30,HOU,H,TOR,3,1,36:49,1,8,0.125,1,4,0.25,3,3,1,1,3,4,1,1,1,3,1,6,1.4,-1,15.5
Trevor Ariza,74,73,2016-03-27,30,HOU,A,IND,-3,1,38:39,5,12,0.417,2,8,0.25,2,2,1,0,2,2,2,1,0,2,2,14,7.8,-2,21.5
Trevor Ariza,75,74,2016-03-29,30,HOU,A,CLE,6,1,39:49,5,10,0.5,2,5,0.4,3,4,0.75,2,4,6,3,1,0,0,2,15,14.5,3,30
Trevor Ariza,76,75,2016-03-31,30,HOU,H,CHI,-3,1,35:49,3,10,0.3,3,8,0.375,5,5,1,0,4,4,1,2,0,0,1,14,11.7,2,26
Trevor Ariza,77,76,2016-04-03,30,HOU,H,OKC,8,1,43:49,5,13,0.385,3,8,0.375,5,6,0.833,3,4,7,3,0,0,0,2,18,15.1,8,32.8
Trevor Ariza,78,77,2016-04-06,30,HOU,A,DAL,-2,1,41:53,4,10,0.4,1,3,0.333,0,0,NA,0,3,3,5,2,0,1,1,9,8.6,-4,24.3
Trevor Ariza,79,78,2016-04-07,30,HOU,H,PHO,-9,1,38:16,8,11,0.727,5,8,0.625,1,2,0.5,0,2,2,3,4,3,2,4,22,22.3,-8,44.5
Trevor Ariza,80,79,2016-04-10,30,HOU,H,LAL,20,1,37:38,8,14,0.571,3,7,0.429,0,0,NA,1,6,7,3,1,1,3,2,19,14.9,24,36.3
Trevor Ariza,81,80,2016-04-11,30,HOU,A,MIN,24,1,28:41,8,11,0.727,3,4,0.75,2,2,1,0,4,4,2,1,0,0,3,21,18.9,19,32.5
Trevor Ariza,82,81,2016-04-13,30,HOU,H,SAC,35,1,22:27,2,9,0.222,0,5,0,0,0,NA,2,2,4,2,0,0,3,0,4,-1.1,8,10.5
Corey Brewer,1,1,2015-10-28,29,HOU,H,DEN,-20,0,29:25,2,12,0.167,1,3,0.333,0,2,0,0,7,7,0,2,1,1,3,5,-0.8,-12,19.8
Corey Brewer,2,2,2015-10-30,29,HOU,H,GSW,-20,0,29:01,2,6,0.333,1,2,0.5,6,8,0.75,1,4,5,2,0,1,2,1,11,8.4,-11,21.8
Corey Brewer,3,3,2015-11-01,29,HOU,A,MIA,-20,0,21:16,5,13,0.385,0,3,0,0,0,NA,0,1,1,3,2,0,0,3,10,6.1,-10,19.8
Corey Brewer,4,4,2015-11-02,29,HOU,H,OKC,5,0,22:25,5,11,0.455,0,2,0,2,2,1,0,2,2,3,3,0,1,3,12,9.8,-2,24.5
Corey Brewer,5,5,2015-11-04,29,HOU,H,ORL,5,0,35:22,1,7,0.143,0,2,0,0,2,0,2,2,4,5,1,0,0,3,2,2,9,16.5
Corey Brewer,6,6,2015-11-06,29,HOU,A,SAC,6,0,16:37,1,1,1,0,0,NA,2,2,1,1,0,1,1,1,0,1,3,4,3.9,-31,8.3
Corey Brewer,7,7,2015-11-07,29,HOU,A,LAC,4,0,17:28,2,8,0.25,0,2,0,0,0,NA,0,0,0,0,0,0,1,2,4,-2.6,4,3.5
Corey Brewer,8,8,2015-11-11,29,HOU,H,BRK,-8,0,15:22,2,6,0.333,0,1,0,0,0,NA,0,1,1,0,0,0,0,0,4,0.9,-15,5.3
Corey Brewer,9,9,2015-11-13,29,HOU,A,DEN,-9,0,13:32,0,2,0,0,0,NA,0,0,NA,0,3,3,1,0,0,1,4,0,-2.4,-8,4.8
Corey Brewer,10,10,2015-11-14,29,HOU,H,DAL,-12,0,23:12,2,7,0.286,0,1,0,2,2,1,1,1,2,1,0,0,0,2,6,2.8,-15,10
Corey Brewer,11,11,2015-11-16,29,HOU,H,BOS,-16,0,24:22,4,14,0.286,1,7,0.143,2,3,0.667,0,3,3,2,3,0,2,2,11,4.9,-2,23.3
Corey Brewer,12,12,2015-11-18,29,HOU,H,POR,5,0,26:34,5,12,0.417,3,6,0.5,3,4,0.75,0,4,4,0,0,0,1,1,16,9,13,22
Corey Brewer,13,13,2015-11-20,29,HOU,A,MEM,-12,0,13:42,0,3,0,0,2,0,0,0,NA,0,0,0,0,1,1,1,2,0,-2.2,-23,3.5
Corey Brewer,14,14,2015-11-21,29,HOU,H,NYK,-5,0,20:07,2,7,0.286,2,6,0.333,2,2,1,2,0,2,1,0,0,0,2,8,5.2,1,13
Corey Brewer,15,15,2015-11-25,29,HOU,H,MEM,-9,0,26:53,1,8,0.125,1,6,0.167,2,2,1,1,4,5,2,2,0,1,3,5,2.9,5,18.3
Corey Brewer,16,16,2015-11-27,29,HOU,H,PHI,2,0,22:08,1,1,1,1,1,1,4,5,0.8,0,1,1,0,1,0,2,6,7,3.2,-9,9.8
Corey Brewer,17,17,2015-11-29,29,HOU,A,NYK,5,0,6:43,1,1,1,0,0,NA,0,0,NA,0,0,0,0,0,0,2,0,2,-0.3,1,1
Corey Brewer,18,18,2015-11-30,29,HOU,A,DET,-11,0,15:53,3,6,0.5,0,1,0,3,3,1,1,2,3,0,0,0,0,0,9,7.3,-8,12.8
Corey Brewer,19,19,2015-12-02,29,HOU,H,NOP,7,0,25:32,3,12,0.25,1,5,0.2,7,8,0.875,0,1,1,2,3,0,0,2,14,10.3,4,24.8
Corey Brewer,20,20,2015-12-04,29,HOU,A,DAL,4,0,26:03,3,8,0.375,1,5,0.2,0,0,NA,0,2,2,3,1,0,1,3,7,4.1,-2,16
Corey Brewer,21,21,2015-12-05,29,HOU,H,SAC,7,0,13:11,2,6,0.333,1,4,0.25,1,2,0.5,1,2,3,2,0,0,2,3,6,1.7,3,12.3
Corey Brewer,22,22,2015-12-08,29,HOU,A,BRK,-5,0,34:08,9,16,0.563,4,8,0.5,0,0,NA,3,0,3,2,3,0,4,3,22,15.7,-9,34.8
Corey Brewer,23,23,2015-12-09,29,HOU,A,WAS,6,1,27:51,6,12,0.5,1,4,0.25,2,2,1,0,7,7,3,1,0,1,4,15,11.6,19,30.3
Corey Brewer,24,24,2015-12-12,29,HOU,H,LAL,29,0,17:07,2,2,1,2,2,1,1,2,0.5,0,2,2,4,4,1,0,3,7,12.9,21,26.5
Corey Brewer,25,25,2015-12-14,29,HOU,A,DEN,-6,0,16:00,1,4,0.25,1,3,0.333,2,2,1,0,1,1,1,2,0,1,1,5,4.2,-10,11.8
Corey Brewer,26,26,2015-12-15,29,HOU,A,SAC,-10,0,23:53,3,7,0.429,2,4,0.5,2,2,1,0,2,2,3,2,0,3,1,10,7.6,-8,20.5
Corey Brewer,27,27,2015-12-17,29,HOU,A,LAL,20,0,16:01,2,8,0.25,2,5,0.4,0,0,NA,0,2,2,1,0,0,1,1,6,1.1,-8,10.5
Corey Brewer,28,28,2015-12-19,29,HOU,H,LAC,10,0,16:06,0,4,0,0,3,0,0,0,NA,0,2,2,2,1,1,0,2,0,0.1,7,9.5
Corey Brewer,29,29,2015-12-21,29,HOU,H,CHO,7,0,19:09,0,3,0,0,2,0,0,0,NA,0,3,3,3,1,0,1,3,0,-0.3,5,9.8
Corey Brewer,30,30,2015-12-23,29,HOU,A,ORL,-3,0,11:53,2,5,0.4,0,2,0,0,0,NA,1,3,4,0,1,0,0,1,4,3.5,0,11
Corey Brewer,31,31,2015-12-25,29,HOU,H,SAS,4,0,19:52,2,6,0.333,0,0,NA,0,0,NA,0,5,5,3,0,0,4,3,4,-1,9,12.8
Corey Brewer,32,32,2015-12-26,29,HOU,A,NOP,-2,0,8:19,1,3,0.333,0,1,0,2,2,1,1,0,1,0,0,0,1,0,4,2,1,4.8
Corey Brewer,33,33,2015-12-29,29,HOU,H,ATL,-6,0,17:29,0,2,0,0,1,0,0,0,NA,1,0,1,1,0,0,2,4,0,-3.6,8,1.8
Corey Brewer,34,34,2015-12-31,29,HOU,H,GSW,-4,0,14:34,2,3,0.667,1,1,1,4,4,1,0,0,0,1,4,0,1,0,9,11.4,-8,18.5
Corey Brewer,35,35,2016-01-02,29,HOU,A,SAS,-18,0,19:01,4,10,0.4,1,3,0.333,2,3,0.667,1,1,2,2,0,0,2,4,11,4,-7,16
Corey Brewer,36,36,2016-01-04,29,HOU,A,UTA,2,0,20:10,3,4,0.75,1,2,0.5,2,2,1,0,0,0,0,0,0,1,0,9,6.4,8,9
Corey Brewer,37,37,2016-01-07,29,HOU,H,UTA,9,0,18:22,2,2,1,1,1,1,0,0,NA,0,3,3,2,0,0,0,1,5,6.3,5,12.3
Corey Brewer,38,38,2016-01-10,29,HOU,H,IND,4,0,18:27,4,7,0.571,2,4,0.5,2,2,1,0,1,1,1,0,0,2,2,12,6.9,13,14.8
Corey Brewer,39,39,2016-01-12,29,HOU,A,MEM,16,0,18:17,2,5,0.4,2,2,1,0,0,NA,1,2,3,0,0,0,1,2,6,2.8,13,10.3
Corey Brewer,40,40,2016-01-13,29,HOU,H,MIN,3,0,15:05,3,5,0.6,0,2,0,1,1,1,0,3,3,0,2,0,0,1,7,7.2,10,14.8
Corey Brewer,41,41,2016-01-15,29,HOU,H,CLE,-14,0,13:20,1,4,0.25,0,1,0,1,2,0.5,1,0,1,0,0,0,0,2,3,0.1,-20,4.3
Corey Brewer,42,42,2016-01-17,29,HOU,A,LAL,17,0,18:20,2,8,0.25,0,2,0,0,0,NA,0,6,6,2,3,0,0,1,4,5,6,20.5
Corey Brewer,43,43,2016-01-18,29,HOU,A,LAC,-8,0,20:22,4,8,0.5,0,3,0,0,0,NA,1,3,4,3,2,0,0,4,8,8.1,3,21.5
Corey Brewer,44,44,2016-01-20,29,HOU,H,DET,-9,0,24:40,4,12,0.333,3,5,0.6,0,0,NA,0,3,3,0,2,0,0,4,11,5.5,-4,20.3
Corey Brewer,45,45,2016-01-22,29,HOU,H,MIL,4,1,31:51,1,6,0.167,0,2,0,2,2,1,3,2,5,4,2,0,2,1,4,5.3,-9,19.3
Corey Brewer,46,46,2016-01-24,29,HOU,H,DAL,11,1,26:39,5,11,0.455,0,4,0,3,3,1,0,1,1,3,4,1,0,3,13,13.2,11,28.8
Corey Brewer,47,47,2016-01-25,29,HOU,A,NOP,1,1,32:05,2,5,0.4,1,3,0.333,0,0,NA,1,3,4,1,0,1,3,0,5,2.3,14,12.5
Corey Brewer,48,48,2016-01-27,29,HOU,A,SAS,-31,1,13:55,3,6,0.5,1,3,0.333,1,2,0.5,0,1,1,0,0,0,2,4,8,1.3,-5,8.8
Corey Brewer,49,49,2016-01-29,29,HOU,A,OKC,-8,1,30:20,7,15,0.467,0,5,0,3,4,0.75,0,2,2,1,0,1,1,2,17,9.1,-7,22.5
Corey Brewer,50,50,2016-01-30,29,HOU,H,WAS,-1,1,29:30,2,7,0.286,1,3,0.333,0,1,0,0,3,3,2,0,1,1,2,5,1.7,-6,13.8
Corey Brewer,51,51,2016-02-02,29,HOU,H,MIA,13,1,33:00,4,10,0.4,2,5,0.4,0,0,NA,0,4,4,1,2,2,1,4,10,7.3,-5,25
Corey Brewer,52,52,2016-02-04,29,HOU,A,PHO,6,1,24:32,9,12,0.75,3,5,0.6,3,3,1,0,0,0,1,4,0,2,3,24,20.7,-6,34
Corey Brewer,53,53,2016-02-06,29,HOU,H,POR,-17,1,27:50,3,11,0.273,1,5,0.2,1,1,1,0,1,1,5,0,0,2,2,8,2.5,-16,16.3
Corey Brewer,54,54,2016-02-09,29,HOU,A,GSW,-13,1,28:24,3,9,0.333,1,5,0.2,2,2,1,1,4,5,2,0,0,1,3,9,5,-19,18.3
Corey Brewer,55,55,2016-02-10,29,HOU,A,POR,-13,1,23:02,3,6,0.5,2,4,0.5,1,2,0.5,0,0,0,1,1,0,0,1,9,6.9,-1,13.5
Corey Brewer,56,56,2016-02-19,29,HOU,A,PHO,16,0,21:17,0,2,0,0,0,NA,2,2,1,3,0,3,2,1,0,1,2,2,3.3,-20,10.3
Corey Brewer,57,57,2016-02-23,29,HOU,A,UTA,-3,0,22:15,0,5,0,0,3,0,2,2,1,0,2,2,0,3,0,0,5,2,0.1,11,10.5
Corey Brewer,58,58,2016-02-25,29,HOU,A,POR,14,0,21:44,3,4,0.75,1,1,1,3,4,0.75,1,3,4,2,1,0,0,2,10,11.2,13,20.5
Corey Brewer,59,59,2016-02-27,29,HOU,H,SAS,-10,0,21:38,5,7,0.714,0,1,0,5,6,0.833,1,3,4,1,0,1,0,2,15,13.9,9,23.5
Corey Brewer,60,60,2016-02-29,29,HOU,A,MIL,-7,0,13:30,0,4,0,0,2,0,0,0,NA,0,1,1,1,1,0,0,3,0,-2,-24,4.8
Corey Brewer,61,61,2016-03-02,29,HOU,H,NOP,5,0,19:48,4,9,0.444,0,4,0,1,2,0.5,1,3,4,2,1,0,0,1,9,7.5,3,19
Corey Brewer,62,62,2016-03-05,30,HOU,A,CHI,-8,0,23:40,4,5,0.8,2,3,0.667,2,4,0.5,1,2,3,2,6,0,3,3,12,13.8,11,30.3
Corey Brewer,63,63,2016-03-06,30,HOU,A,TOR,6,0,29:11,9,19,0.474,5,9,0.556,0,0,NA,2,2,4,3,0,0,2,0,23,15.4,19,34
Corey Brewer,64,64,2016-03-09,30,HOU,A,PHI,14,0,15:32,1,4,0.25,0,2,0,0,2,0,0,2,2,2,1,0,1,0,2,0.8,-4,9
Corey Brewer,65,65,2016-03-11,30,HOU,A,BOS,4,0,22:10,4,7,0.571,1,3,0.333,1,2,0.5,0,0,0,1,2,0,1,4,10,6.4,-3,15.5
Corey Brewer,66,66,2016-03-12,30,HOU,A,CHO,-16,0,27:25,9,15,0.6,1,4,0.25,2,4,0.5,0,3,3,0,1,1,0,1,21,15.5,7,29.3
Corey Brewer,67,67,2016-03-14,30,HOU,H,MEM,49,0,15:12,0,4,0,0,1,0,2,2,1,1,1,2,0,0,0,0,0,2,0.2,11,4.5
Corey Brewer,68,68,2016-03-16,30,HOU,H,LAC,-16,0,21:53,2,6,0.333,0,2,0,2,2,1,0,4,4,2,0,0,2,4,6,1.6,-2,13
Corey Brewer,69,69,2016-03-18,30,HOU,H,MIN,5,0,7:33,0,0,NA,0,0,NA,0,0,NA,0,0,0,0,0,1,1,0,0,-0.3,-6,1.5
Corey Brewer,70,70,2016-03-19,30,HOU,A,ATL,-12,0,12:38,0,3,0,0,2,0,0,0,NA,0,0,0,0,0,1,2,2,0,-4.2,-12,1
Corey Brewer,71,71,2016-03-22,30,HOU,A,OKC,-4,0,20:47,1,6,0.167,0,2,0,1,2,0.5,0,4,4,0,0,0,0,3,3,-1.2,-4,8
Corey Brewer,72,72,2016-03-23,30,HOU,H,UTA,-2,0,17:16,4,6,0.667,2,3,0.667,0,1,0,0,2,2,1,1,0,0,2,10,8.5,0,17
Corey Brewer,73,73,2016-03-25,30,HOU,H,TOR,3,0,19:33,4,5,0.8,1,1,1,1,3,0.333,0,2,2,1,0,2,0,1,10,9.6,7,18.5
Corey Brewer,74,74,2016-03-27,30,HOU,A,IND,-3,0,22:49,2,9,0.222,0,4,0,4,5,0.8,0,5,5,0,2,0,0,2,8,4.8,0,18.3
Corey Brewer,75,75,2016-03-29,30,HOU,A,CLE,6,0,13:55,2,5,0.4,0,2,0,1,2,0.5,0,1,1,0,1,0,0,4,5,1.6,-9,8.3
Corey Brewer,76,76,2016-03-31,30,HOU,H,CHI,-3,0,16:30,0,7,0,0,1,0,0,0,NA,1,1,2,0,0,1,0,1,0,-3.6,-12,4.5
Corey Brewer,77,77,2016-04-03,30,HOU,H,OKC,8,0,14:17,3,10,0.3,0,4,0,0,0,NA,4,1,5,0,0,0,1,1,6,1.9,-5,11.8
Corey Brewer,78,78,2016-04-06,30,HOU,A,DAL,-2,0,23:04,1,9,0.111,0,2,0,2,2,1,0,3,3,0,0,0,1,1,4,-2.4,3,7.3
Corey Brewer,79,79,2016-04-07,30,HOU,H,PHO,-9,0,9:44,2,3,0.667,0,1,0,1,1,1,1,1,2,0,0,0,0,1,5,4.3,-1,7.5
Corey Brewer,80,80,2016-04-10,30,HOU,H,LAL,20,0,8:41,2,4,0.5,0,0,NA,0,0,NA,1,0,1,1,0,0,0,0,4,3.4,-9,6.8
Corey Brewer,81,81,2016-04-11,30,HOU,A,MIN,24,0,14:46,1,2,0.5,0,1,0,0,1,0,0,1,1,4,2,1,2,1,2,4,10,14.3
Corey Brewer,82,82,2016-04-13,30,HOU,H,SAC,35,0,17:43,1,3,0.333,0,2,0,0,0,NA,0,0,0,1,0,0,2,2,2,-1.8,21,2.5
Jason Terry,1,1,2015-10-28,38,HOU,H,DEN,-20,0,10:49,0,1,0,0,1,0,0,0,NA,0,1,1,2,1,0,0,0,0,2,-1,6.3
Jason Terry,3,2,2015-11-01,38,HOU,A,MIA,-20,0,5:02,1,3,0.333,1,3,0.333,0,0,NA,0,0,0,0,0,0,0,0,3,1.3,4,3.5
Jason Terry,5,3,2015-11-04,38,HOU,H,ORL,5,0,9:12,1,1,1,0,0,NA,0,0,NA,0,2,2,3,0,0,0,1,2,4,-7,9
Jason Terry,6,4,2015-11-06,38,HOU,A,SAC,6,0,13:16,1,3,0.333,0,2,0,0,0,NA,0,1,1,0,0,0,1,0,2,-0.4,-25,2.8
Jason Terry,7,5,2015-11-07,38,HOU,A,LAC,4,0,12:58,1,5,0.2,0,3,0,0,0,NA,0,0,0,1,1,0,0,0,2,0.6,10,5.5
Jason Terry,8,6,2015-11-11,38,HOU,H,BRK,-8,0,8:37,0,1,0,0,1,0,0,0,NA,0,0,0,0,0,0,0,0,0,-0.7,2,0
Jason Terry,9,7,2015-11-13,38,HOU,A,DEN,-9,0,16:10,3,6,0.5,3,6,0.5,0,0,NA,0,0,0,0,1,0,3,2,9,3.2,-4,11
Jason Terry,10,8,2015-11-14,38,HOU,H,DAL,-12,0,26:18,6,10,0.6,5,9,0.556,2,2,1,0,0,0,1,0,0,1,5,19,12.1,7,22.5
Jason Terry,11,9,2015-11-16,38,HOU,H,BOS,-16,0,18:15,1,4,0.25,0,2,0,1,1,1,0,1,1,3,0,1,3,3,3,-0.5,-18,9.3
Jason Terry,12,10,2015-11-18,38,HOU,H,POR,5,1,28:54,2,3,0.667,1,2,0.5,0,0,NA,2,2,4,3,1,0,2,5,5,4.8,9,16
Jason Terry,13,11,2015-11-20,38,HOU,A,MEM,-12,1,21:11,1,5,0.2,0,3,0,0,0,NA,0,3,3,1,0,1,2,4,2,-2.4,-1,8.3
Jason Terry,14,12,2015-11-21,38,HOU,H,NYK,-5,1,31:02,4,11,0.364,3,8,0.375,0,0,NA,0,0,0,1,1,0,0,4,11,5,-3,16
Jason Terry,15,13,2015-11-25,38,HOU,H,MEM,-9,1,29:08,4,9,0.444,3,8,0.375,2,2,1,0,2,2,3,2,1,2,4,13,10.1,4,26.5
Jason Terry,16,14,2015-11-27,38,HOU,H,PHI,2,0,0:03,0,0,NA,0,0,NA,0,0,NA,0,0,0,0,0,0,0,1,0,-0.4,0,0
Jason Terry,17,15,2015-11-29,38,HOU,A,NYK,5,0,20:12,2,4,0.5,2,4,0.5,1,2,0.5,0,0,0,0,3,0,1,3,7,5.4,-13,13.5
Jason Terry,20,16,2015-12-04,38,HOU,A,DAL,4,0,11:50,3,5,0.6,1,1,1,0,0,NA,0,1,1,1,1,0,0,2,7,5.9,9,12.3
Jason Terry,21,17,2015-12-05,38,HOU,H,SAC,7,0,17:39,2,4,0.5,2,4,0.5,0,0,NA,0,0,0,0,1,1,2,0,6,3.7,5,10
Jason Terry,22,18,2015-12-08,38,HOU,A,BRK,-5,0,14:41,2,5,0.4,2,4,0.5,2,2,1,1,1,2,1,2,0,0,1,8,8.6,14,17
Jason Terry,23,19,2015-12-09,38,HOU,A,WAS,6,0,16:48,3,5,0.6,1,3,0.333,0,0,NA,0,0,0,1,0,0,0,1,7,5,7,9
Jason Terry,25,20,2015-12-14,38,HOU,A,DEN,-6,0,12:43,1,3,0.333,0,2,0,0,0,NA,0,3,3,0,1,0,0,1,2,1.8,4,7.8
Jason Terry,26,21,2015-12-15,38,HOU,A,SAC,-10,0,26:30,6,13,0.462,2,8,0.25,0,0,NA,0,1,1,4,2,0,1,2,14,10.6,-5,25.8
Jason Terry,27,22,2015-12-17,38,HOU,A,LAL,20,0,5:48,0,1,0,0,0,NA,0,0,NA,0,0,0,0,0,0,0,1,0,-1.1,-12,0
Jason Terry,28,23,2015-12-19,38,HOU,H,LAC,10,0,17:18,2,5,0.4,1,3,0.333,2,2,1,0,1,1,2,1,0,0,2,7,6.2,14,13.8
Jason Terry,29,24,2015-12-21,38,HOU,H,CHO,7,0,21:01,1,4,0.25,0,3,0,0,0,NA,0,3,3,2,0,0,1,3,2,-0.3,-9,8.3
Jason Terry,31,25,2015-12-25,38,HOU,H,SAS,4,0,17:12,3,3,1,2,2,1,4,5,0.8,0,1,1,1,3,0,1,0,12,13.7,9,21.3
Jason Terry,32,26,2015-12-26,38,HOU,A,NOP,-2,0,11:41,1,2,0.5,1,1,1,0,0,NA,0,0,0,0,0,0,0,0,3,2,-4,3.5
Jason Terry,33,27,2015-12-29,38,HOU,H,ATL,-6,0,6:21,1,1,1,1,1,1,0,0,NA,0,0,0,1,0,0,0,0,3,3.4,-3,5
Jason Terry,35,28,2016-01-02,38,HOU,A,SAS,-18,0,16:15,3,5,0.6,3,5,0.6,0,0,NA,0,2,2,0,0,0,0,1,9,6.9,10,13
Jason Terry,36,29,2016-01-04,38,HOU,A,UTA,2,0,30:36,3,7,0.429,1,5,0.2,2,4,0.5,0,3,3,4,1,0,0,1,9,8.8,11,21.3
Jason Terry,37,30,2016-01-07,38,HOU,H,UTA,9,0,20:17,5,8,0.625,2,3,0.667,0,0,NA,0,2,2,2,0,0,3,1,12,7,-1,17
Jason Terry,38,31,2016-01-10,38,HOU,H,IND,4,0,19:44,2,7,0.286,1,4,0.25,0,0,NA,0,0,0,1,1,0,0,0,5,2.6,-9,9
Jason Terry,39,32,2016-01-12,38,HOU,A,MEM,16,0,18:52,1,6,0.167,1,4,0.25,0,0,NA,0,1,1,6,0,0,1,2,3,1.9,8,13.3
Jason Terry,40,33,2016-01-13,38,HOU,H,MIN,3,1,25:39,3,6,0.5,2,5,0.4,2,2,1,0,0,0,1,1,0,0,0,10,8.7,-3,14.5
Jason Terry,41,34,2016-01-15,38,HOU,H,CLE,-14,0,18:00,2,6,0.333,1,4,0.25,0,0,NA,0,1,1,1,2,1,2,0,5,3.3,-2,13.3
Jason Terry,42,35,2016-01-17,38,HOU,A,LAL,17,1,16:45,1,4,0.25,0,2,0,0,0,NA,0,0,0,3,0,0,1,1,2,0.3,15,6
Jason Terry,43,36,2016-01-18,38,HOU,A,LAC,-8,0,18:45,2,5,0.4,2,5,0.4,1,2,0.5,0,1,1,1,0,1,1,2,7,3.8,4,12.3
Jason Terry,44,37,2016-01-20,38,HOU,H,DET,-9,0,18:10,4,6,0.667,2,3,0.667,0,0,NA,0,0,0,1,0,0,0,2,10,7.3,-3,12.5
Jason Terry,45,38,2016-01-22,38,HOU,H,MIL,4,1,18:40,2,9,0.222,2,8,0.25,0,0,NA,0,1,1,2,3,0,0,1,6,4.8,8,17.3
Jason Terry,46,39,2016-01-24,38,HOU,H,DAL,11,0,20:20,3,5,0.6,2,4,0.5,0,0,NA,0,0,0,1,0,0,0,0,8,6.4,18,10.5
Jason Terry,48,40,2016-01-27,38,HOU,A,SAS,-31,0,20:24,3,7,0.429,3,7,0.429,1,1,1,0,3,3,1,0,0,0,1,10,7.5,-7,16.8
Jason Terry,50,41,2016-01-30,38,HOU,H,WAS,-1,0,14:59,2,7,0.286,2,7,0.286,0,0,NA,1,0,1,1,0,0,1,2,6,1.5,5,9.3
Jason Terry,51,42,2016-02-02,38,HOU,H,MIA,13,0,12:03,0,1,0,0,1,0,0,0,NA,1,0,1,1,0,0,1,0,0,-0.3,8,2.3
Jason Terry,52,43,2016-02-04,38,HOU,A,PHO,6,0,16:38,2,5,0.4,1,4,0.25,0,0,NA,2,4,6,1,1,0,0,2,5,5.8,3,16.5
Jason Terry,53,44,2016-02-06,38,HOU,H,POR,-17,0,3:42,0,1,0,0,0,NA,0,0,NA,0,0,0,1,0,0,0,2,0,-0.8,-11,1.5
Jason Terry,55,45,2016-02-10,38,HOU,A,POR,-13,0,17:04,3,8,0.375,2,5,0.4,0,0,NA,0,0,0,0,0,0,0,0,8,3.6,4,9
Jason Terry,56,46,2016-02-19,38,HOU,A,PHO,16,0,11:08,0,3,0,0,1,0,0,0,NA,0,3,3,2,0,0,2,1,0,-2.2,-10,5.8
Jason Terry,57,47,2016-02-23,38,HOU,A,UTA,-3,0,21:16,2,9,0.222,1,6,0.167,3,3,1,1,0,1,0,0,0,0,1,8,2.8,-8,9.8
Jason Terry,58,48,2016-02-25,38,HOU,A,POR,14,0,22:35,4,8,0.5,2,4,0.5,1,1,1,0,3,3,1,1,1,0,1,11,9.9,21,21.3
Jason Terry,59,49,2016-02-27,38,HOU,H,SAS,-10,0,28:38,6,10,0.6,3,6,0.5,0,0,NA,0,1,1,3,0,0,3,2,15,9,4,20.8
Jason Terry,60,50,2016-02-29,38,HOU,A,MIL,-7,0,15:38,4,7,0.571,4,6,0.667,0,0,NA,0,0,0,0,1,0,2,1,12,7.3,-10,15
Jason Terry,61,51,2016-03-02,38,HOU,H,NOP,5,0,18:07,0,5,0,0,5,0,0,0,NA,0,1,1,1,1,0,0,0,0,-1.5,5,4.8
Jason Terry,62,52,2016-03-05,38,HOU,A,CHI,-8,0,16:40,1,5,0.2,0,4,0,0,0,NA,0,1,1,1,2,1,0,1,2,2.2,-24,10.8
Jason Terry,63,53,2016-03-06,38,HOU,A,TOR,6,0,14:40,0,3,0,0,1,0,0,0,NA,0,0,0,2,1,0,0,0,0,0.3,-3,5
Jason Terry,64,54,2016-03-09,38,HOU,A,PHI,14,0,27:46,3,6,0.5,3,5,0.6,1,1,1,0,3,3,3,2,0,1,0,10,11,15,23.3
Jason Terry,65,55,2016-03-11,38,HOU,A,BOS,4,0,20:58,1,3,0.333,0,2,0,0,0,NA,0,0,0,1,0,0,1,0,2,0,-2,3
Jason Terry,66,56,2016-03-12,38,HOU,A,CHO,-16,0,19:52,4,9,0.444,2,3,0.667,1,1,1,2,0,2,2,2,0,0,4,11,9.5,-4,21.5
Jason Terry,67,57,2016-03-14,38,HOU,H,MEM,49,0,16:14,4,4,1,4,4,1,0,0,NA,0,0,0,2,0,0,2,2,12,9.4,11,16
Jason Terry,68,58,2016-03-16,38,HOU,H,LAC,-16,0,25:52,5,10,0.5,1,5,0.2,0,0,NA,0,2,2,3,1,0,0,2,11,8.9,4,20.5
Jason Terry,69,59,2016-03-18,38,HOU,H,MIN,5,0,22:01,1,6,0.167,0,3,0,0,0,NA,0,0,0,1,1,0,0,1,2,-0.5,-12,5.5
Jason Terry,70,60,2016-03-19,38,HOU,A,ATL,-12,0,17:17,1,4,0.25,1,3,0.333,0,0,NA,0,0,0,1,1,0,0,1,3,1.9,-9,7
Jason Terry,71,61,2016-03-22,38,HOU,A,OKC,-4,0,18:30,3,6,0.5,2,3,0.667,0,0,NA,1,0,1,0,0,0,1,2,8,3.9,-7,9.8
Jason Terry,72,62,2016-03-23,38,HOU,H,UTA,-2,0,15:59,0,2,0,0,1,0,0,0,NA,1,0,1,1,0,0,0,0,0,0,8,2.8
Jason Terry,73,63,2016-03-25,38,HOU,H,TOR,3,0,23:04,2,7,0.286,1,2,0.5,0,0,NA,1,4,5,3,0,0,1,1,5,3.5,0,15.8
Jason Terry,74,64,2016-03-27,38,HOU,A,IND,-3,0,9:48,0,3,0,0,3,0,0,0,NA,0,1,1,2,0,0,1,0,0,-1.4,-3,3.8
Jason Terry,75,65,2016-03-29,38,HOU,A,CLE,6,0,8:58,1,2,0.5,1,2,0.5,0,0,NA,0,0,0,0,0,0,1,0,3,1,-8,3
Jason Terry,76,66,2016-03-31,38,HOU,H,CHI,-3,0,18:18,1,4,0.25,1,4,0.25,0,0,NA,0,0,0,1,0,0,1,3,3,-0.9,-7,4.5
Jason Terry,77,67,2016-04-03,38,HOU,H,OKC,8,0,8:11,1,3,0.333,1,3,0.333,0,0,NA,0,0,0,2,2,0,0,0,3,4.7,0,10.5
Jason Terry,78,68,2016-04-06,38,HOU,A,DAL,-2,0,17:21,1,6,0.167,0,3,0,1,2,0.5,1,0,1,2,0,0,1,0,3,-0.1,3,6.8
Jason Terry,79,69,2016-04-07,38,HOU,H,PHO,-9,0,23:03,4,9,0.444,0,3,0,0,0,NA,0,1,1,3,0,1,1,4,8,3.8,-14,15.3
Jason Terry,80,70,2016-04-10,38,HOU,H,LAL,20,0,20:38,4,8,0.5,3,7,0.429,0,0,NA,0,0,0,2,1,0,1,0,11,8.4,7,17
Jason Terry,81,71,2016-04-11,38,HOU,A,MIN,24,0,23:16,2,6,0.333,2,5,0.4,0,0,NA,0,2,2,2,1,0,0,1,6,5.2,8,14.5
Jason Terry,82,72,2016-04-13,38,HOU,H,SAC,35,0,14:19,3,8,0.375,3,7,0.429,0,0,NA,0,2,2,3,0,0,0,0,9,7.3,17,17.5
Patrick Beverley,1,1,2015-10-28,27,HOU,H,DEN,-20,0,21:16,3,9,0.333,2,7,0.286,0,0,NA,2,6,8,1,2,0,3,2,8,5,-2,23
Patrick Beverley,2,2,2015-10-30,27,HOU,H,GSW,-20,0,20:54,2,6,0.333,0,1,0,0,0,NA,1,3,4,2,0,0,1,5,4,0.6,-12,11.5
Patrick Beverley,3,3,2015-11-01,27,HOU,A,MIA,-20,0,19:47,4,7,0.571,1,3,0.333,0,0,NA,0,3,3,0,0,0,3,3,9,2.4,-5,11.8
Patrick Beverley,4,4,2015-11-02,27,HOU,H,OKC,5,0,20:56,2,5,0.4,2,3,0.667,0,0,NA,0,2,2,2,2,0,2,4,6,3.7,-9,15.5
Patrick Beverley,5,5,2015-11-04,27,HOU,H,ORL,5,0,12:01,1,4,0.25,1,2,0.5,0,0,NA,0,2,2,0,1,0,0,2,3,1.4,0,8
Patrick Beverley,8,6,2015-11-11,27,HOU,H,BRK,-8,0,8:53,1,5,0.2,1,4,0.25,0,0,NA,0,3,3,2,0,1,0,3,3,1.7,-5,12.3
Patrick Beverley,9,7,2015-11-13,27,HOU,A,DEN,-9,0,7:50,0,2,0,0,1,0,0,0,NA,0,0,0,1,0,0,1,2,0,-2.5,0,1
Patrick Beverley,15,8,2015-11-25,27,HOU,H,MEM,-9,0,18:52,2,5,0.4,0,2,0,0,0,NA,1,1,2,2,0,0,1,1,4,2.3,-13,9
Patrick Beverley,16,9,2015-11-27,27,HOU,H,PHI,2,1,32:05,2,4,0.5,1,1,1,0,0,NA,0,2,2,4,1,3,1,2,5,7.7,-6,21.5
Patrick Beverley,17,10,2015-11-29,27,HOU,A,NYK,5,1,34:04,2,5,0.4,0,2,0,3,3,1,0,3,3,2,5,0,1,5,7,8.6,16,23.3
Patrick Beverley,18,11,2015-11-30,27,HOU,A,DET,-11,1,28:13,4,12,0.333,2,5,0.4,0,0,NA,0,0,0,3,1,2,1,6,10,4.3,-2,21
Patrick Beverley,19,12,2015-12-02,27,HOU,H,NOP,7,1,26:13,4,10,0.4,2,5,0.4,0,0,NA,0,2,2,5,2,1,0,5,10,9.4,-1,27
Patrick Beverley,20,13,2015-12-04,27,HOU,A,DAL,4,1,28:17,5,7,0.714,4,4,1,0,0,NA,1,2,3,1,2,0,2,3,14,11.9,10,24.3
Patrick Beverley,21,14,2015-12-05,27,HOU,H,SAC,7,1,30:14,4,6,0.667,3,4,0.75,3,4,0.75,1,2,3,2,1,0,0,3,14,13.5,-4,24.3
Patrick Beverley,22,15,2015-12-08,27,HOU,A,BRK,-5,1,28:24,4,10,0.4,2,7,0.286,0,0,NA,0,0,0,3,5,0,2,4,10,8.1,-12,24.5
Patrick Beverley,23,16,2015-12-09,27,HOU,A,WAS,6,1,37:25,5,12,0.417,4,11,0.364,0,0,NA,0,4,4,4,0,0,5,2,14,5.8,0,24.5
Patrick Beverley,24,17,2015-12-12,27,HOU,H,LAL,29,1,22:11,3,10,0.3,1,6,0.167,0,0,NA,3,2,5,3,0,0,0,3,7,4.8,-3,18.3
Patrick Beverley,25,18,2015-12-14,27,HOU,A,DEN,-6,1,34:00,6,11,0.545,2,6,0.333,0,0,NA,1,0,1,8,0,0,0,4,14,13.4,16,28.3
Patrick Beverley,26,19,2015-12-15,27,HOU,A,SAC,-10,1,35:15,5,11,0.455,2,6,0.333,2,3,0.667,0,0,0,1,3,0,1,4,14,9,-1,22
Patrick Beverley,27,20,2015-12-17,27,HOU,A,LAL,20,1,29:18,5,12,0.417,3,7,0.429,0,0,NA,1,3,4,1,2,0,1,2,13,9.1,30,24.5
Patrick Beverley,28,21,2015-12-19,27,HOU,H,LAC,10,1,30:42,2,7,0.286,2,4,0.5,1,4,0.25,0,5,5,1,1,1,4,4,7,0,-4,17.8
Patrick Beverley,29,22,2015-12-21,27,HOU,H,CHO,7,1,27:21,3,9,0.333,2,4,0.5,3,6,0.5,2,5,7,1,0,0,1,5,11,5.3,20,21.8
Patrick Beverley,30,23,2015-12-23,27,HOU,A,ORL,-3,1,29:50,2,9,0.222,1,4,0.25,2,2,1,0,1,1,2,0,1,1,2,7,2.1,-6,13.3
Patrick Beverley,31,24,2015-12-25,27,HOU,H,SAS,4,1,22:06,1,8,0.125,1,4,0.25,0,0,NA,1,1,2,3,2,0,1,2,3,1.1,0,14
Patrick Beverley,32,25,2015-12-26,27,HOU,A,NOP,-2,1,21:12,6,10,0.6,4,7,0.571,0,0,NA,0,0,0,2,0,0,1,2,16,11,-4,20.5
Patrick Beverley,33,26,2015-12-29,27,HOU,H,ATL,-6,1,20:30,4,6,0.667,1,2,0.5,0,0,NA,0,0,0,1,0,0,1,2,9,5.3,-13,10.5
Patrick Beverley,34,27,2015-12-31,27,HOU,H,GSW,-4,1,30:16,5,10,0.5,1,1,1,4,4,1,0,4,4,4,1,0,2,1,15,12.6,13,27.5
Patrick Beverley,35,28,2016-01-02,27,HOU,A,SAS,-18,1,30:58,3,8,0.375,1,1,1,3,6,0.5,2,3,5,7,1,0,0,3,10,11.4,-10,29.3
Patrick Beverley,36,29,2016-01-04,27,HOU,A,UTA,2,1,23:29,4,6,0.667,2,2,1,0,0,NA,0,1,1,3,1,0,2,3,10,7.6,-5,17.8
Patrick Beverley,37,30,2016-01-07,27,HOU,H,UTA,9,1,27:13,4,4,1,1,1,1,0,0,NA,1,0,1,4,2,0,0,4,9,11.7,13,20.8
Patrick Beverley,38,31,2016-01-10,27,HOU,H,IND,4,1,38:46,4,11,0.364,4,8,0.5,4,4,1,1,4,5,6,2,0,3,3,16,13.8,7,35.8
Patrick Beverley,39,32,2016-01-12,27,HOU,A,MEM,16,1,29:08,3,8,0.375,3,5,0.6,0,0,NA,2,2,4,2,1,0,1,1,9,7.6,8,20
Patrick Beverley,41,33,2016-01-15,27,HOU,H,CLE,-14,1,27:33,5,8,0.625,3,4,0.75,0,0,NA,1,2,3,3,1,0,2,4,13,10.2,1,23.8
Patrick Beverley,43,34,2016-01-18,27,HOU,A,LAC,-8,1,16:19,0,2,0,0,1,0,0,0,NA,1,0,1,0,0,0,1,4,0,-3.3,-3,0.8
Patrick Beverley,46,35,2016-01-24,27,HOU,H,DAL,11,1,30:38,3,10,0.3,1,7,0.143,0,0,NA,3,6,9,4,0,1,1,1,7,7.2,7,26.3
Patrick Beverley,47,36,2016-01-25,27,HOU,A,NOP,1,1,34:56,4,9,0.444,3,8,0.375,0,0,NA,3,4,7,3,2,0,0,4,11,12.1,24,29.8
Patrick Beverley,48,37,2016-01-27,27,HOU,A,SAS,-31,1,26:10,4,7,0.571,0,1,0,1,2,0.5,1,1,2,1,1,1,0,2,9,7.9,-22,17
Patrick Beverley,49,38,2016-01-29,27,HOU,A,OKC,-8,1,28:31,3,12,0.25,2,7,0.286,1,2,0.5,3,2,5,3,4,1,1,3,9,8.7,-5,30.3
Patrick Beverley,50,39,2016-01-30,27,HOU,H,WAS,-1,1,34:49,6,10,0.6,3,4,0.75,0,0,NA,0,3,3,5,2,0,0,4,15,15.2,-5,31.8
Patrick Beverley,51,40,2016-02-02,27,HOU,H,MIA,13,1,28:42,5,7,0.714,3,4,0.75,1,2,0.5,1,2,3,2,0,1,0,3,14,12.9,4,24.3
Patrick Beverley,52,41,2016-02-04,27,HOU,A,PHO,6,1,25:39,2,5,0.4,1,2,0.5,1,2,0.5,4,1,5,6,2,1,1,3,6,10.7,9,27.3
Patrick Beverley,53,42,2016-02-06,27,HOU,H,POR,-17,1,27:54,2,10,0.2,0,7,0,0,1,0,0,1,1,0,0,1,2,3,4,-4.8,-15,6.3
Patrick Beverley,54,43,2016-02-09,27,HOU,A,GSW,-13,1,32:11,2,7,0.286,0,2,0,3,4,0.75,2,2,4,7,2,0,2,3,7,8.2,9,25.5
Patrick Beverley,55,44,2016-02-10,27,HOU,A,POR,-13,1,31:41,3,7,0.429,1,4,0.25,0,0,NA,0,1,1,4,0,0,2,5,7,2.4,-22,13.8
Patrick Beverley,56,45,2016-02-19,27,HOU,A,PHO,16,1,28:07,7,10,0.7,2,3,0.667,2,5,0.4,2,4,6,2,2,1,0,4,18,17.7,39,35.5
Patrick Beverley,57,46,2016-02-23,27,HOU,A,UTA,-3,1,37:21,3,9,0.333,2,5,0.4,6,6,1,1,2,3,4,3,0,2,4,14,12.4,-4,29.8
Patrick Beverley,58,47,2016-02-25,27,HOU,A,POR,14,1,24:22,6,9,0.667,2,3,0.667,0,0,NA,3,3,6,1,2,0,0,4,14,14.2,-6,28
Patrick Beverley,59,48,2016-02-27,27,HOU,H,SAS,-10,1,24:50,3,7,0.429,0,2,0,2,2,1,0,5,5,1,0,0,1,5,8,3.5,-8,15.3
Patrick Beverley,60,49,2016-02-29,27,HOU,A,MIL,-7,1,37:50,4,13,0.308,1,6,0.167,4,5,0.8,1,2,3,3,2,0,3,4,13,5.9,12,24.3
Patrick Beverley,61,50,2016-03-02,27,HOU,H,NOP,5,1,34:34,6,13,0.462,2,6,0.333,1,2,0.5,0,9,9,2,1,1,2,2,15,10.9,2,33.3
Patrick Beverley,62,51,2016-03-05,27,HOU,A,CHI,-8,1,31:20,4,8,0.5,2,4,0.5,0,0,NA,0,2,2,4,4,0,1,3,10,11.2,16,27
Patrick Beverley,63,52,2016-03-06,27,HOU,A,TOR,6,1,40:42,2,8,0.25,2,5,0.4,1,2,0.5,1,6,7,3,3,0,1,5,7,6.4,1,26.8
Patrick Beverley,64,53,2016-03-09,27,HOU,A,PHI,14,1,31:49,6,14,0.429,4,7,0.571,0,0,NA,2,2,4,5,3,0,2,4,16,13.5,3,35.5
Patrick Beverley,65,54,2016-03-11,27,HOU,A,BOS,4,1,39:25,2,8,0.25,1,6,0.167,3,4,0.75,4,8,12,4,1,0,4,3,8,6.6,6,29.5
Patrick Beverley,66,55,2016-03-12,27,HOU,A,CHO,-16,1,29:12,0,5,0,0,3,0,0,0,NA,0,2,2,1,0,2,1,5,0,-3.8,-13,7.5
Patrick Beverley,67,56,2016-03-14,27,HOU,H,MEM,49,1,25:48,4,8,0.5,2,5,0.4,0,0,NA,1,4,5,6,3,1,2,1,10,13.4,36,33.3
Patrick Beverley,68,57,2016-03-16,27,HOU,H,LAC,-16,1,25:30,3,5,0.6,1,1,1,0,0,NA,1,0,1,2,3,0,0,4,7,8.2,-24,17.8
Patrick Beverley,69,58,2016-03-18,27,HOU,H,MIN,5,1,35:31,6,10,0.6,5,9,0.556,1,2,0.5,2,3,5,10,1,1,3,5,18,19,12,45.8
Patrick Beverley,70,59,2016-03-19,27,HOU,A,ATL,-12,1,38:41,2,9,0.222,0,4,0,0,0,NA,2,1,3,5,0,0,1,3,4,1.5,-3,14.8
Patrick Beverley,71,60,2016-03-22,27,HOU,A,OKC,-4,1,33:26,6,12,0.5,4,8,0.5,0,0,NA,0,3,3,2,1,0,1,5,16,10.3,1,26.3
Patrick Beverley,72,61,2016-03-23,27,HOU,H,UTA,-2,1,32:26,2,7,0.286,1,4,0.25,0,0,NA,0,1,1,6,1,0,3,3,5,2.2,-10,16.3
Patrick Beverley,73,62,2016-03-25,27,HOU,H,TOR,3,1,36:23,6,10,0.6,5,7,0.714,0,0,NA,1,3,4,5,0,2,2,3,17,15.7,9,35
Patrick Beverley,74,63,2016-03-27,27,HOU,A,IND,-3,1,26:09,3,8,0.375,0,3,0,0,0,NA,1,0,1,3,0,0,1,2,6,2.6,-26,11.3
Patrick Beverley,75,64,2016-03-29,27,HOU,A,CLE,6,1,31:11,4,10,0.4,2,4,0.5,0,0,NA,3,4,7,6,2,1,1,5,10,11.8,22,34.3
Patrick Beverley,76,65,2016-03-31,27,HOU,H,CHI,-3,1,37:09,9,13,0.692,3,4,0.75,1,1,1,1,4,5,7,0,0,0,4,22,21.7,13,40.3
Patrick Beverley,77,66,2016-04-03,27,HOU,H,OKC,8,1,26:24,5,13,0.385,2,7,0.286,0,0,NA,2,0,2,2,0,0,0,3,12,6.5,14,18.5
Patrick Beverley,78,67,2016-04-06,27,HOU,A,DAL,-2,1,29:25,4,8,0.5,1,2,0.5,0,0,NA,1,4,5,3,0,0,0,5,9,7,0,20.3
Patrick Beverley,79,68,2016-04-07,27,HOU,H,PHO,-9,1,29:27,3,9,0.333,2,8,0.25,1,2,0.5,1,2,3,9,2,0,3,3,9,8.9,-9,29.8
Patrick Beverley,80,69,2016-04-10,27,HOU,H,LAL,20,1,33:26,7,11,0.636,3,6,0.5,2,2,1,2,5,7,6,1,0,2,4,19,18.6,10,39.3
Patrick Beverley,81,70,2016-04-11,27,HOU,A,MIN,24,1,34:39,3,7,0.429,1,3,0.333,4,6,0.667,1,4,5,4,1,2,0,2,11,12.8,18,29.8
Patrick Beverley,82,71,2016-04-13,27,HOU,H,SAC,35,1,32:51,4,7,0.571,1,4,0.25,0,0,NA,1,3,4,12,6,0,1,3,9,19.5,25,44
K.J. McDaniels,1,1,2015-10-28,22,HOU,H,DEN,-20,0,1:29,0,0,NA,0,0,NA,0,0,NA,0,0,0,0,0,0,0,0,0,0,-2,0
K.J. McDaniels,2,2,2015-10-30,22,HOU,H,GSW,-20,0,4:30,1,4,0.25,0,2,0,0,0,NA,0,1,1,0,0,1,0,1,2,0.2,3,5.3
K.J. McDaniels,6,3,2015-11-06,22,HOU,A,SAC,6,0,0:10,0,0,NA,0,0,NA,0,0,NA,0,0,0,0,0,0,0,0,0,0,-3,0
K.J. McDaniels,11,4,2015-11-16,22,HOU,H,BOS,-16,0,9:39,1,3,0.333,0,0,NA,0,2,0,1,0,1,1,0,1,0,1,2,1.2,9,6.8
K.J. McDaniels,13,5,2015-11-20,22,HOU,A,MEM,-12,0,14:34,1,6,0.167,1,4,0.25,2,2,1,1,4,5,0,1,0,3,1,5,0.7,12,12.3
K.J. McDaniels,17,6,2015-11-29,22,HOU,A,NYK,5,0,5:14,0,2,0,0,0,NA,0,0,NA,1,0,1,0,0,0,0,2,0,-1.5,-5,1.3
K.J. McDaniels,18,7,2015-11-30,22,HOU,A,DET,-11,0,0:47,0,0,NA,0,0,NA,0,0,NA,0,0,0,0,0,0,0,1,0,-0.4,-2,0
K.J. McDaniels,24,8,2015-12-12,22,HOU,H,LAL,29,0,2:45,2,2,1,1,1,1,0,0,NA,0,0,0,0,0,0,0,0,5,4.4,7,5.5
K.J. McDaniels,26,9,2015-12-15,22,HOU,A,SAC,-10,0,1:29,1,2,0.5,0,0,NA,1,1,1,0,0,0,0,0,0,0,0,3,2,3,3
K.J. McDaniels,27,10,2015-12-17,22,HOU,A,LAL,20,0,2:25,0,0,NA,0,0,NA,0,0,NA,0,1,1,0,0,0,0,0,0,0.3,3,1.3
K.J. McDaniels,35,11,2016-01-02,22,HOU,A,SAS,-18,0,5:18,0,1,0,0,0,NA,0,0,NA,0,0,0,0,1,0,0,0,0,0.3,4,2
K.J. McDaniels,41,12,2016-01-15,22,HOU,H,CLE,-14,0,4:03,2,2,1,0,0,NA,0,0,NA,1,2,3,0,0,0,0,1,4,4.3,4,7.8
K.J. McDaniels,42,13,2016-01-17,22,HOU,A,LAL,17,0,5:18,0,3,0,0,0,NA,0,0,NA,0,1,1,0,1,2,1,0,0,-0.4,-2,6.8
K.J. McDaniels,43,14,2016-01-18,22,HOU,A,LAC,-8,0,0:27,0,0,NA,0,0,NA,0,0,NA,0,0,0,0,0,0,0,0,0,0,0,0
K.J. McDaniels,44,15,2016-01-20,22,HOU,H,DET,-9,0,0:30,0,0,NA,0,0,NA,0,0,NA,0,0,0,0,0,0,0,5,0,-2,-1,0
K.J. McDaniels,51,16,2016-02-02,22,HOU,H,MIA,13,0,3:07,0,1,0,0,0,NA,3,4,0.75,0,0,0,0,0,0,0,0,3,1.9,-4,3
K.J. McDaniels,56,17,2016-02-19,23,HOU,A,PHO,16,0,11:35,1,3,0.333,0,1,0,2,2,1,0,1,1,1,0,1,2,3,4,0.8,-14,7.8
K.J. McDaniels,57,18,2016-02-23,23,HOU,A,UTA,-3,0,0:01,0,0,NA,0,0,NA,0,0,NA,0,0,0,0,0,0,0,0,0,0,-1,0
K.J. McDaniels,58,19,2016-02-25,23,HOU,A,POR,14,0,2:18,0,0,NA,0,0,NA,0,0,NA,0,0,0,0,0,0,0,0,0,0,7,0
K.J. McDaniels,59,20,2016-02-27,23,HOU,H,SAS,-10,0,1:27,0,0,NA,0,0,NA,2,2,1,0,0,0,0,0,0,0,0,2,2,7,2
K.J. McDaniels,64,21,2016-03-09,23,HOU,A,PHI,14,0,17:12,3,4,0.75,0,1,0,6,6,1,2,1,3,0,0,0,1,2,12,10.3,14,15.3
K.J. McDaniels,65,22,2016-03-11,23,HOU,A,BOS,4,0,13:33,1,4,0.25,0,2,0,0,0,NA,1,1,2,2,0,0,1,1,2,0.6,2,7
K.J. McDaniels,66,23,2016-03-12,23,HOU,A,CHO,-16,0,13:47,1,3,0.333,1,2,0.5,2,2,1,1,2,3,1,0,0,0,2,5,4.5,1,10.8
K.J. McDaniels,67,24,2016-03-14,23,HOU,H,MEM,49,0,12:00,4,7,0.571,1,2,0.5,1,2,0.5,0,2,2,1,1,0,1,3,10,6.4,8,16
K.J. McDaniels,68,25,2016-03-16,23,HOU,H,LAC,-16,0,5:42,0,1,0,0,1,0,0,0,NA,0,0,0,0,0,0,1,2,0,-2.5,-3,-0.5
K.J. McDaniels,69,26,2016-03-18,23,HOU,H,MIN,5,0,5:41,0,1,0,0,1,0,0,0,NA,1,0,1,0,0,0,1,0,0,-1,2,0.8
K.J. McDaniels,70,27,2016-03-19,23,HOU,A,ATL,-12,0,1:33,0,1,0,0,0,NA,0,0,NA,1,1,2,0,0,0,0,0,0,0.3,-1,2.5
K.J. McDaniels,71,28,2016-03-22,23,HOU,A,OKC,-4,0,1:42,0,1,0,0,1,0,0,0,NA,0,0,0,0,0,0,0,0,0,-0.7,-1,0
K.J. McDaniels,72,29,2016-03-23,23,HOU,H,UTA,-2,0,3:01,0,1,0,0,0,NA,0,0,NA,0,1,1,1,0,0,0,0,0,0.3,2,2.8
K.J. McDaniels,74,30,2016-03-27,23,HOU,A,IND,-3,0,13:19,1,1,1,0,0,NA,0,0,NA,0,0,0,0,0,1,1,1,2,1,18,3.5
K.J. McDaniels,75,31,2016-03-29,23,HOU,A,CLE,6,0,16:55,1,4,0.25,1,1,1,0,0,NA,2,2,4,0,0,0,2,3,3,-0.6,-5,7.5
K.J. McDaniels,77,32,2016-04-03,23,HOU,H,OKC,8,0,17:52,3,6,0.5,1,3,0.333,3,3,1,2,2,4,1,0,0,0,1,10,9.3,7,17
K.J. McDaniels,78,33,2016-04-06,23,HOU,A,DAL,-2,1,15:22,2,2,1,0,0,NA,0,0,NA,1,0,1,2,1,0,1,0,4,5.5,-2,9.8
K.J. McDaniels,79,34,2016-04-07,23,HOU,H,PHO,-9,0,1:24,0,1,0,0,1,0,0,0,NA,0,0,0,0,1,0,1,0,0,-0.7,2,1.5
K.J. McDaniels,80,35,2016-04-10,23,HOU,H,LAL,20,0,1:41,0,0,NA,0,0,NA,0,0,NA,0,0,0,0,0,0,0,0,0,0,5,0
K.J. McDaniels,81,36,2016-04-11,23,HOU,A,MIN,24,0,5:29,0,2,0,0,1,0,0,0,NA,0,1,1,0,1,0,1,0,0,-1.1,-6,2.8
K.J. McDaniels,82,37,2016-04-13,23,HOU,H,SAC,35,0,12:00,4,4,1,1,1,1,2,4,0.5,1,3,4,0,0,0,0,0,11,10.6,7,16.5
Chuck Hayes,1,1,2015-11-01,32,HOU,A,MIA,-20,0,9:19,0,0,NA,0,0,NA,0,0,NA,0,1,1,0,0,0,0,2,0,-0.5,-1,NA
Chuck Hayes,4,2,2015-11-06,32,HOU,A,SAC,6,0,14:31,1,2,0.5,0,0,NA,2,2,1,0,7,7,2,0,0,3,4,4,1.9,-2,14.3
Andrew Goudelock,3,1,2016-03-12,27,HOU,A,CHO,-16,0,4:40,1,2,0.5,0,1,0,0,0,NA,0,0,0,0,1,0,0,0,2,2,6,4
Andrew Goudelock,4,2,2016-03-14,27,HOU,H,MEM,49,0,16:46,5,7,0.714,1,2,0.5,0,0,NA,0,0,0,2,1,1,0,2,11,10.4,13,18.5
Andrew Goudelock,14,3,2016-04-03,27,HOU,H,OKC,8,0,8:42,1,3,0.333,0,1,0,0,0,NA,1,0,1,1,2,0,2,2,2,0.9,1,7.8
Andrew Goudelock,15,4,2016-04-06,27,HOU,A,DAL,-2,0,1:42,0,0,NA,0,0,NA,0,0,NA,0,0,0,0,0,0,0,0,0,0,-7,0
Andrew Goudelock,16,5,2016-04-07,27,HOU,H,PHO,-9,0,4:41,0,2,0,0,2,0,3,4,0.75,0,1,1,0,1,1,2,0,3,1.2,0,7.3
Andrew Goudelock,17,6,2016-04-10,27,HOU,H,LAL,20,0,0:34,0,0,NA,0,0,NA,0,0,NA,0,0,0,0,0,0,0,0,0,0,0,0
Andrew Goudelock,18,7,2016-04-11,27,HOU,A,MIN,24,0,5:29,1,2,0.5,0,1,0,0,0,NA,0,0,0,0,0,0,1,0,2,0,-6,1.5
Andrew Goudelock,19,8,2016-04-13,27,HOU,H,SAC,35,0,7:09,1,4,0.25,0,2,0,0,0,NA,0,0,0,1,1,0,2,0,2,-0.7,3,4.5
Michael Beasley,1,1,2016-03-05,27,HOU,A,CHI,-8,0,4:16,1,5,0.2,0,0,NA,0,0,NA,0,0,0,1,0,0,0,1,2,-0.8,-8,NA
Michael Beasley,3,2,2016-03-09,27,HOU,A,PHI,14,0,8:57,2,3,0.667,0,0,NA,4,4,1,0,1,1,0,2,1,1,4,8,7.1,-2,14.8
Michael Beasley,4,3,2016-03-11,27,HOU,A,BOS,4,0,14:59,9,19,0.474,0,0,NA,0,0,NA,5,3,8,0,1,0,1,3,18,11.5,-3,29.5
Michael Beasley,5,4,2016-03-12,27,HOU,A,CHO,-16,0,15:00,6,9,0.667,0,1,0,3,3,1,1,1,2,0,0,1,2,0,15,10.8,-28,18.5
Michael Beasley,6,5,2016-03-14,27,HOU,H,MEM,49,0,27:24,4,8,0.5,1,3,0.333,2,2,1,0,9,9,2,3,1,2,3,11,11.6,12,32.8
Michael Beasley,7,6,2016-03-16,27,HOU,H,LAC,-16,0,18:42,7,12,0.583,0,0,NA,2,4,0.5,3,5,8,1,0,0,0,2,16,13.1,-10,27.5
Michael Beasley,8,7,2016-03-18,27,HOU,H,MIN,5,0,26:03,8,14,0.571,1,1,1,0,0,NA,1,5,6,0,0,1,0,3,17,12.1,-8,27
Michael Beasley,9,8,2016-03-19,27,HOU,A,ATL,-12,0,28:06,12,18,0.667,0,0,NA,6,6,1,2,7,9,0,0,0,5,3,30,19.5,-11,38.8
Michael Beasley,10,9,2016-03-22,27,HOU,A,OKC,-4,0,15:56,5,12,0.417,1,1,1,0,0,NA,2,2,4,1,0,1,3,1,11,4.6,-2,18.5
Michael Beasley,11,10,2016-03-23,27,HOU,H,UTA,-2,0,20:16,5,10,0.5,0,0,NA,0,2,0,0,1,1,0,0,0,1,1,10,3.1,10,10.8
Michael Beasley,12,11,2016-03-25,27,HOU,H,TOR,3,0,27:57,9,12,0.75,0,0,NA,3,6,0.5,0,5,5,0,1,2,1,4,21,16.3,-5,32.8
Michael Beasley,13,12,2016-03-27,27,HOU,A,IND,-3,0,22:03,4,11,0.364,0,1,0,1,2,0.5,2,5,7,1,1,0,0,1,9,6.7,0,21.3
Michael Beasley,14,13,2016-03-29,27,HOU,A,CLE,6,0,27:26,8,15,0.533,0,1,0,1,2,0.5,1,7,8,2,0,1,1,4,17,11.6,11,31.5
Michael Beasley,15,14,2016-03-31,27,HOU,H,CHI,-3,0,30:53,7,18,0.389,0,0,NA,6,6,1,5,6,11,2,0,0,2,3,20,13.7,-19,37.3
Michael Beasley,16,15,2016-04-03,27,HOU,H,OKC,8,0,9:20,2,7,0.286,0,0,NA,2,2,1,2,2,4,1,0,0,0,1,6,4.2,0,12.5
Michael Beasley,17,16,2016-04-06,27,HOU,A,DAL,-2,0,21:24,6,10,0.6,0,0,NA,3,3,1,2,1,3,1,1,0,1,3,15,11.6,0,21.8
Michael Beasley,18,17,2016-04-07,27,HOU,H,PHO,-9,0,12:21,4,8,0.5,0,0,NA,1,2,0.5,1,1,2,0,0,0,1,1,9,4.2,-6,11
Michael Beasley,19,18,2016-04-10,27,HOU,H,LAL,20,0,9:25,3,5,0.6,0,1,0,0,0,NA,2,1,3,1,1,0,1,0,6,6.1,-5,12.8
Michael Beasley,20,19,2016-04-11,27,HOU,A,MIN,24,0,5:29,1,1,1,0,0,NA,2,3,0.667,0,2,2,1,0,0,1,1,4,3.2,-6,7.5
Michael Beasley,21,20,2016-04-13,27,HOU,H,SAC,35,0,16:38,4,8,0.5,0,0,NA,2,2,1,0,5,5,2,1,1,1,0,10,9.6,13,22.8
Clint Capela,1,1,2015-10-28,21,HOU,H,DEN,-20,1,24:55,4,7,0.571,0,0,NA,1,2,0.5,6,1,7,0,2,3,1,2,9,12.1,-16,27.3
Clint Capela,2,2,2015-10-30,21,HOU,H,GSW,-20,0,17:45,3,4,0.75,0,0,NA,1,1,1,1,7,8,1,0,2,2,2,7,7.5,-1,21.5
Clint Capela,3,3,2015-11-01,21,HOU,A,MIA,-20,1,14:07,5,5,1,0,0,NA,0,0,NA,1,4,5,0,0,1,1,2,10,9.3,4,17.8
Clint Capela,4,4,2015-11-02,21,HOU,H,OKC,5,0,10:43,2,2,1,0,0,NA,0,0,NA,0,1,1,0,1,1,1,4,4,2.8,7,8.8
Clint Capela,5,5,2015-11-04,21,HOU,H,ORL,5,0,18:49,4,5,0.8,0,0,NA,0,0,NA,3,2,5,1,1,1,0,1,8,10.8,8,19.8
Clint Capela,6,6,2015-11-06,21,HOU,A,SAC,6,1,26:20,6,8,0.75,0,0,NA,1,3,0.333,2,10,12,2,0,4,2,5,13,13.6,19,39.5
Clint Capela,7,7,2015-11-07,21,HOU,A,LAC,4,0,18:54,3,3,1,0,0,NA,3,4,0.75,2,6,8,0,0,1,0,4,9,10,0,21
Clint Capela,8,8,2015-11-11,21,HOU,H,BRK,-8,0,10:46,4,5,0.8,0,0,NA,0,0,NA,1,1,2,0,0,2,1,2,8,6.7,-1,14
Clint Capela,9,9,2015-11-13,21,HOU,A,DEN,-9,0,13:03,1,2,0.5,0,0,NA,2,4,0.5,0,3,3,0,1,0,0,0,4,4.1,1,9.8
Clint Capela,10,10,2015-11-14,21,HOU,H,DAL,-12,1,23:05,2,3,0.667,0,0,NA,3,6,0.5,4,6,10,1,1,0,0,1,7,10.4,-8,23
Clint Capela,11,11,2015-11-16,21,HOU,H,BOS,-16,0,18:19,2,4,0.5,0,0,NA,1,4,0.25,4,3,7,1,1,2,0,0,5,8.6,-5,21.3
Clint Capela,12,12,2015-11-18,21,HOU,H,POR,5,0,12:43,2,5,0.4,0,0,NA,0,0,NA,2,2,4,0,1,1,0,1,4,4.6,7,13
Clint Capela,13,13,2015-11-20,21,HOU,A,MEM,-12,0,12:24,0,0,NA,0,0,NA,1,2,0.5,1,6,7,0,0,1,0,0,1,3.8,-2,11.8
Clint Capela,14,14,2015-11-21,21,HOU,H,NYK,-5,1,30:04,7,9,0.778,0,0,NA,2,5,0.4,6,8,14,1,1,0,2,6,16,15.2,11,37.5
Clint Capela,15,15,2015-11-25,21,HOU,H,MEM,-9,0,8:11,3,4,0.75,0,0,NA,0,0,NA,1,1,2,1,2,3,0,2,6,9.4,3,20
Clint Capela,16,16,2015-11-27,21,HOU,H,PHI,2,1,24:56,6,13,0.462,0,0,NA,1,2,0.5,2,8,10,0,0,2,2,1,13,8.7,15,30
Clint Capela,17,17,2015-11-29,21,HOU,A,NYK,5,1,36:24,7,11,0.636,0,0,NA,4,8,0.5,5,6,11,0,3,1,1,2,18,18.7,2,40.8
Clint Capela,18,18,2015-11-30,21,HOU,A,DET,-11,1,22:17,5,11,0.455,0,0,NA,1,2,0.5,5,0,5,1,4,0,2,3,11,9.9,-15,25.8
Clint Capela,19,19,2015-12-02,21,HOU,H,NOP,7,1,15:34,2,5,0.4,0,0,NA,2,3,0.667,1,3,4,0,0,0,0,4,6,2.9,5,11
Clint Capela,20,20,2015-12-04,21,HOU,A,DAL,4,1,28:17,0,5,0,0,0,NA,2,4,0.5,5,5,10,2,1,2,1,3,2,4.3,-12,23
Clint Capela,21,21,2015-12-05,21,HOU,H,SAC,7,1,20:44,4,6,0.667,0,0,NA,0,0,NA,0,3,3,2,2,0,0,2,8,8.9,-9,18.8
Clint Capela,22,22,2015-12-08,21,HOU,A,BRK,-5,1,26:49,3,8,0.375,0,0,NA,0,2,0,3,6,9,0,0,0,3,2,6,0.9,-13,15.8
Clint Capela,23,23,2015-12-09,21,HOU,A,WAS,6,1,21:10,5,7,0.714,0,0,NA,0,3,0,3,2,5,2,1,0,0,0,10,11,-3,21.3
Clint Capela,24,24,2015-12-12,21,HOU,H,LAL,29,1,24:29,5,8,0.625,0,0,NA,1,4,0.25,4,6,10,1,2,1,2,3,11,11,10,31.5
Clint Capela,26,25,2015-12-15,21,HOU,A,SAC,-10,0,13:26,2,3,0.667,0,0,NA,0,0,NA,3,6,9,0,1,1,2,5,4,4.3,7,18.3
Clint Capela,27,26,2015-12-17,21,HOU,A,LAL,20,1,28:09,4,6,0.667,0,0,NA,2,4,0.5,7,5,12,1,2,4,1,1,10,17.1,19,39.5
Clint Capela,28,27,2015-12-19,21,HOU,H,LAC,10,1,21:28,2,5,0.4,0,0,NA,3,8,0.375,5,5,10,1,1,2,2,1,7,8,11,26
Clint Capela,29,28,2015-12-21,21,HOU,H,CHO,7,1,19:36,1,3,0.333,0,0,NA,1,2,0.5,2,6,8,0,0,0,1,5,3,1.1,-1,12.5
Clint Capela,30,29,2015-12-23,21,HOU,A,ORL,-3,1,19:15,5,5,1,0,0,NA,0,2,0,2,3,5,1,0,1,1,2,10,9.6,-7,19.3
Clint Capela,31,30,2015-12-25,21,HOU,H,SAS,4,1,31:59,2,6,0.333,0,0,NA,2,4,0.5,4,1,5,1,0,1,3,1,6,2.9,2,14.3
Clint Capela,32,31,2015-12-26,21,HOU,A,NOP,-2,1,28:43,1,4,0.25,0,0,NA,0,0,NA,3,4,7,4,1,2,0,4,2,6.5,-9,22.8
Clint Capela,33,32,2015-12-29,21,HOU,H,ATL,-6,1,29:40,6,9,0.667,0,0,NA,5,9,0.556,2,8,10,2,2,1,2,4,17,15.8,4,39
Clint Capela,34,33,2015-12-31,21,HOU,H,GSW,-4,1,23:36,2,4,0.5,0,0,NA,1,2,0.5,1,5,6,0,0,1,1,3,5,3.3,-5,14
Clint Capela,35,34,2016-01-02,21,HOU,A,SAS,-18,1,25:51,4,6,0.667,0,0,NA,0,0,NA,1,6,7,0,1,4,0,2,8,10.9,-1,26.8
Clint Capela,36,35,2016-01-04,21,HOU,A,UTA,2,1,20:11,1,2,0.5,0,0,NA,0,0,NA,1,4,5,1,0,0,1,3,2,1.4,12,9.3
Clint Capela,37,36,2016-01-07,21,HOU,H,UTA,9,1,30:20,2,6,0.333,0,0,NA,3,6,0.5,6,4,10,0,3,0,1,3,7,8.6,3,25
Clint Capela,38,37,2016-01-10,21,HOU,H,IND,4,1,19:47,1,2,0.5,0,0,NA,0,0,NA,2,4,6,2,3,2,5,3,2,3.2,-8,20
Clint Capela,39,38,2016-01-12,21,HOU,A,MEM,16,1,26:25,0,4,0,0,0,NA,1,2,0.5,3,4,7,1,1,1,1,2,1,1.7,4,14.8
Clint Capela,40,39,2016-01-13,21,HOU,H,MIN,3,1,26:25,3,4,0.75,0,0,NA,1,2,0.5,2,5,7,2,0,1,1,2,7,8.2,-4,20.3
Clint Capela,41,40,2016-01-15,21,HOU,H,CLE,-14,1,14:28,3,7,0.429,0,0,NA,1,4,0.25,2,2,4,0,0,1,1,1,7,3.4,0,13.5
Clint Capela,42,41,2016-01-17,21,HOU,A,LAL,17,1,23:06,6,8,0.75,0,0,NA,2,2,1,5,6,11,0,1,0,1,4,14,14.5,8,30.8
Clint Capela,43,42,2016-01-18,21,HOU,A,LAC,-8,1,16:47,3,7,0.429,0,0,NA,1,4,0.25,0,3,3,0,0,1,0,3,7,2.5,-6,12.8
Clint Capela,44,43,2016-01-20,21,HOU,H,DET,-9,1,28:08,5,14,0.357,0,0,NA,0,0,NA,5,8,13,0,1,1,1,4,10,7.2,-18,31.3
Clint Capela,45,44,2016-01-22,21,HOU,H,MIL,4,1,23:50,3,3,1,0,0,NA,0,2,0,4,5,9,2,1,2,1,6,6,9,8,25.8
Clint Capela,46,45,2016-01-24,21,HOU,H,DAL,11,1,24:06,4,7,0.571,0,0,NA,0,3,0,1,4,5,2,0,0,0,4,8,5.2,7,17.3
Clint Capela,47,46,2016-01-25,21,HOU,A,NOP,1,1,15:46,4,5,0.8,0,0,NA,2,3,0.667,1,4,5,0,0,0,0,2,10,8.8,24,16.3
Clint Capela,48,47,2016-01-27,21,HOU,A,SAS,-31,0,14:13,1,4,0.25,0,0,NA,3,10,0.3,3,2,5,0,0,3,2,5,5,0.6,-18,16.3
Clint Capela,49,48,2016-01-29,21,HOU,A,OKC,-8,0,22:53,5,7,0.714,0,0,NA,2,3,0.667,0,3,3,0,0,1,0,5,12,8.3,7,17.8
Clint Capela,50,49,2016-01-30,21,HOU,H,WAS,-1,0,17:25,0,3,0,0,0,NA,1,8,0.125,2,2,4,0,1,2,2,4,1,-3.1,-3,11
Clint Capela,52,50,2016-02-04,21,HOU,A,PHO,6,0,15:19,5,5,1,0,0,NA,0,2,0,2,2,4,0,0,2,1,4,10,8.5,4,18.5
Clint Capela,53,51,2016-02-06,21,HOU,H,POR,-17,0,14:11,0,0,NA,0,0,NA,0,0,NA,2,4,6,0,0,2,0,3,0,2.8,2,11.5
Clint Capela,54,52,2016-02-09,21,HOU,A,GSW,-13,0,13:25,2,4,0.5,0,0,NA,0,0,NA,3,3,6,1,0,1,1,2,4,4.6,-9,14.5
Clint Capela,55,53,2016-02-10,21,HOU,A,POR,-13,0,16:37,0,1,0,0,0,NA,1,6,0.167,2,8,10,0,0,0,0,2,1,1.3,1,13.5
Clint Capela,56,54,2016-02-19,21,HOU,A,PHO,16,0,17:56,5,7,0.714,0,0,NA,1,4,0.25,1,6,7,0,0,1,1,5,11,7.1,-13,21.3
Clint Capela,57,55,2016-02-23,21,HOU,A,UTA,-3,0,12:49,1,3,0.333,0,0,NA,0,0,NA,2,2,4,2,0,1,0,3,2,3.2,-3,12
Clint Capela,61,56,2016-03-02,21,HOU,H,NOP,5,0,16:15,2,2,1,0,0,NA,0,2,0,1,4,5,1,1,2,0,0,4,7.6,12,17.8
Clint Capela,62,57,2016-03-05,21,HOU,A,CHI,-8,0,13:52,3,4,0.75,0,0,NA,0,0,NA,2,3,5,0,0,0,0,2,6,5.9,3,12.3
Clint Capela,63,58,2016-03-06,21,HOU,A,TOR,6,0,10:28,1,2,0.5,0,0,NA,3,8,0.375,2,1,3,1,0,2,0,1,5,5.4,11,14.3
Clint Capela,64,59,2016-03-09,21,HOU,A,PHI,14,0,10:23,1,1,1,0,0,NA,1,2,0.5,2,0,2,0,1,0,0,1,3,4.3,3,7.5
Clint Capela,65,60,2016-03-11,21,HOU,A,BOS,4,0,10:29,3,5,0.6,0,0,NA,0,2,0,1,0,1,0,0,1,0,2,6,3.5,0,9.3
Clint Capela,66,61,2016-03-12,21,HOU,A,CHO,-16,0,14:06,4,7,0.571,0,0,NA,1,5,0.2,3,1,4,1,0,1,0,0,9,7.9,-2,17.5
Clint Capela,67,62,2016-03-14,21,HOU,H,MEM,49,0,24:03,3,7,0.429,0,1,0,4,9,0.444,1,4,5,0,0,1,1,3,10,4.7,18,17.8
Clint Capela,68,63,2016-03-16,21,HOU,H,LAC,-16,0,7:21,1,1,1,0,0,NA,1,2,0.5,3,0,3,0,0,0,1,0,3,3.4,3,6.3
Clint Capela,69,64,2016-03-18,21,HOU,H,MIN,5,0,14:21,4,5,0.8,0,0,NA,0,0,NA,1,2,3,0,1,1,0,0,8,9.1,-3,15.8
Clint Capela,70,65,2016-03-19,21,HOU,A,ATL,-12,0,9:30,2,5,0.4,0,0,NA,1,2,0.5,4,1,5,0,0,0,0,0,5,5,0,11.3
Clint Capela,71,66,2016-03-22,21,HOU,A,OKC,-4,0,9:48,2,3,0.667,0,0,NA,1,2,0.5,1,1,2,0,1,1,0,1,5,5.6,1,11.5
Clint Capela,72,67,2016-03-23,21,HOU,H,UTA,-2,0,18:34,4,5,0.8,0,0,NA,2,4,0.5,1,4,5,0,2,2,0,3,10,11.4,10,24.3
Clint Capela,73,68,2016-03-25,21,HOU,H,TOR,3,0,15:55,3,7,0.429,0,0,NA,2,8,0.25,7,3,10,0,0,1,0,4,8,6.8,-5,22.5
Clint Capela,74,69,2016-03-27,21,HOU,A,IND,-3,0,17:36,4,5,0.8,0,0,NA,1,2,0.5,3,4,7,1,1,0,0,5,9,9.7,12,21.3
Clint Capela,75,70,2016-03-29,21,HOU,A,CLE,6,0,16:58,4,7,0.571,0,0,NA,1,2,0.5,4,6,10,1,2,1,1,0,9,12.3,1,28.5
Clint Capela,76,71,2016-03-31,21,HOU,H,CHI,-3,0,17:38,4,7,0.571,0,0,NA,0,0,NA,2,3,5,0,2,0,0,3,8,7.8,-21,18.3
Clint Capela,77,72,2016-04-03,21,HOU,H,OKC,8,0,23:00,4,8,0.5,0,0,NA,1,1,1,3,3,6,0,2,4,0,6,9,10.4,2,28.5
Clint Capela,78,73,2016-04-06,21,HOU,A,DAL,-2,0,12:17,1,2,0.5,0,0,NA,0,0,NA,1,3,4,1,1,1,0,1,2,4.6,-1,12.5
Clint Capela,79,74,2016-04-07,21,HOU,H,PHO,-9,0,18:09,3,3,1,0,0,NA,1,4,0.25,1,1,2,1,1,2,0,3,7,7.8,-4,17
Clint Capela,80,75,2016-04-10,21,HOU,H,LAL,20,0,14:56,2,4,0.5,0,0,NA,1,1,1,3,2,5,0,0,1,1,1,5,5,-3,12.8
Clint Capela,81,76,2016-04-11,21,HOU,A,MIN,24,0,15:35,5,8,0.625,0,0,NA,0,1,0,2,8,10,0,1,1,1,2,10,9.7,12,27.5
Clint Capela,82,77,2016-04-13,21,HOU,H,SAC,35,0,22:52,3,5,0.6,0,0,NA,0,3,0,5,12,17,1,0,3,1,2,6,10.6,25,34.3
Dwight Howard,2,1,2015-10-30,29,HOU,H,GSW,-20,1,21:49,4,11,0.364,0,0,NA,1,2,0.5,4,3,7,2,1,1,4,5,9,3.3,-16,22.8
Dwight Howard,4,2,2015-11-02,29,HOU,H,OKC,5,1,34:38,6,13,0.462,0,0,NA,4,7,0.571,2,6,8,0,2,4,1,2,16,14.3,2,37.5
Dwight Howard,5,3,2015-11-04,29,HOU,H,ORL,5,1,31:13,10,10,1,0,0,NA,3,7,0.429,6,8,14,2,0,0,3,4,23,21.8,3,43.5
Dwight Howard,7,4,2015-11-07,29,HOU,A,LAC,4,1,29:02,8,10,0.8,0,0,NA,4,5,0.8,7,13,20,3,0,1,5,5,20,20.4,2,50.5
Dwight Howard,8,5,2015-11-11,29,HOU,H,BRK,-8,1,37:14,10,16,0.625,0,0,NA,0,2,0,7,10,17,1,0,5,1,0,20,23.1,-7,53.8
Dwight Howard,9,6,2015-11-13,29,HOU,A,DEN,-9,1,27:40,4,6,0.667,0,0,NA,4,6,0.667,3,7,10,1,1,1,6,5,12,7.2,-6,28.5
Dwight Howard,11,7,2015-11-16,29,HOU,H,BOS,-16,1,29:41,2,4,0.5,0,0,NA,1,2,0.5,4,8,12,3,0,1,2,4,5,7,-11,25.5
Dwight Howard,12,8,2015-11-18,29,HOU,H,POR,5,1,40:16,2,5,0.4,0,0,NA,3,5,0.6,5,14,19,2,1,3,3,4,7,11.1,0,40.3
Dwight Howard,13,9,2015-11-20,29,HOU,A,MEM,-12,1,35:36,4,5,0.8,0,0,NA,4,8,0.5,4,11,15,3,0,2,3,3,12,13.9,-10,39.3
Dwight Howard,15,10,2015-11-25,29,HOU,H,MEM,-9,1,39:49,4,8,0.5,0,0,NA,4,6,0.667,1,4,5,1,3,1,3,5,12,8.5,-12,26.3
Dwight Howard,16,11,2015-11-27,29,HOU,H,PHI,2,1,36:03,4,7,0.571,0,0,NA,6,8,0.75,4,9,13,4,1,0,1,4,14,16.6,1,39.3
Dwight Howard,17,12,2015-11-29,29,HOU,A,NYK,5,1,30:22,6,14,0.429,0,0,NA,2,5,0.4,2,4,6,2,0,0,0,1,14,9,9,24.5
Dwight Howard,18,13,2015-11-30,29,HOU,A,DET,-11,1,31:12,4,7,0.571,0,0,NA,0,0,NA,4,6,10,2,1,4,3,5,8,9.5,10,32
Dwight Howard,19,14,2015-12-02,29,HOU,H,NOP,7,1,37:25,2,6,0.333,0,0,NA,4,8,0.5,5,11,16,0,0,3,3,6,8,6.5,4,32.5
Dwight Howard,21,15,2015-12-05,29,HOU,H,SAC,7,1,36:23,7,9,0.778,0,0,NA,8,14,0.571,5,13,18,0,2,2,3,1,22,23.5,14,52.5
Dwight Howard,22,16,2015-12-08,30,HOU,A,BRK,-5,1,28:33,4,5,0.8,0,0,NA,2,4,0.5,2,7,9,0,2,2,4,1,10,9.8,5,27.3
Dwight Howard,23,17,2015-12-09,30,HOU,A,WAS,6,1,27:30,1,4,0.25,0,0,NA,2,6,0.333,1,8,9,3,2,1,0,3,4,6.7,15,25.8
Dwight Howard,24,18,2015-12-12,30,HOU,H,LAL,29,1,33:15,7,8,0.875,0,0,NA,4,9,0.444,5,7,12,2,1,2,2,0,18,20.6,15,42.5
Dwight Howard,25,19,2015-12-14,30,HOU,A,DEN,-6,1,32:41,6,10,0.6,0,1,0,1,2,0.5,1,7,8,0,4,1,4,4,13,9.9,14,31
Dwight Howard,26,20,2015-12-15,30,HOU,A,SAC,-10,1,27:48,2,7,0.286,0,0,NA,0,1,0,1,3,4,2,1,1,2,5,4,0.2,-10,15
Dwight Howard,27,21,2015-12-17,30,HOU,A,LAL,20,1,25:42,3,10,0.3,0,0,NA,10,18,0.556,9,6,15,1,0,2,1,5,16,14.2,19,41.3
Dwight Howard,28,22,2015-12-19,30,HOU,H,LAC,10,1,26:23,8,11,0.727,0,0,NA,6,16,0.375,6,8,14,0,0,2,2,5,22,17.5,7,44
Dwight Howard,29,23,2015-12-21,30,HOU,H,CHO,7,1,26:37,4,5,0.8,0,0,NA,1,3,0.333,1,8,9,0,0,1,5,6,9,2.7,-5,19.8
Dwight Howard,30,24,2015-12-23,30,HOU,A,ORL,-3,1,35:45,6,10,0.6,0,0,NA,0,2,0,3,4,7,2,1,3,3,3,12,10.2,-7,30.3
Dwight Howard,31,25,2015-12-25,30,HOU,H,SAS,4,1,35:55,4,6,0.667,0,0,NA,3,8,0.375,2,10,12,0,2,0,0,2,11,12,5,31.5
Dwight Howard,32,26,2015-12-26,30,HOU,A,NOP,-2,1,31:12,3,4,0.75,0,0,NA,1,1,1,2,7,9,0,0,1,1,4,7,7,-1,19.8
Dwight Howard,33,27,2015-12-29,30,HOU,H,ATL,-6,1,38:22,10,12,0.833,0,0,NA,10,18,0.556,2,14,16,3,1,1,3,3,30,27.6,-21,58.5
Dwight Howard,34,28,2015-12-31,30,HOU,H,GSW,-4,1,35:04,8,9,0.889,0,0,NA,5,6,0.833,2,11,13,5,2,3,3,4,21,25.2,7,54.8
Dwight Howard,35,29,2016-01-02,30,HOU,A,SAS,-18,1,37:17,6,9,0.667,0,0,NA,10,17,0.588,2,10,12,2,0,0,2,1,22,18.7,-6,40.5
Dwight Howard,36,30,2016-01-04,30,HOU,A,UTA,2,1,40:36,7,12,0.583,0,0,NA,2,4,0.5,2,11,13,1,1,1,3,2,16,12.9,-9,37.8
Dwight Howard,38,31,2016-01-10,30,HOU,H,IND,4,1,42:44,9,15,0.6,0,1,0,3,8,0.375,4,13,17,3,2,0,3,3,21,18.7,16,50.8
Dwight Howard,39,32,2016-01-12,30,HOU,A,MEM,16,1,37:44,6,10,0.6,0,0,NA,5,5,1,6,8,14,1,1,2,1,4,17,19.5,14,43
Dwight Howard,40,33,2016-01-13,30,HOU,H,MIN,3,1,35:30,5,7,0.714,0,0,NA,5,10,0.5,4,6,10,0,1,2,2,5,15,13.1,-3,34
Dwight Howard,41,34,2016-01-15,30,HOU,H,CLE,-14,1,34:16,4,9,0.444,0,0,NA,6,10,0.6,2,9,11,1,2,2,2,1,14,13.5,-17,37.8
Dwight Howard,42,35,2016-01-17,30,HOU,A,LAL,17,1,26:27,6,11,0.545,0,0,NA,2,3,0.667,3,12,15,0,1,3,2,1,14,14.7,25,41.3
Dwight Howard,43,36,2016-01-18,30,HOU,A,LAC,-8,1,45:29,11,16,0.688,0,0,NA,14,18,0.778,10,16,26,4,1,1,4,2,36,39.1,-4,78
Dwight Howard,44,37,2016-01-20,30,HOU,H,DET,-9,1,0:55,0,1,0,0,0,NA,0,0,NA,1,1,2,0,0,0,0,0,0,0.3,0,2.5
Dwight Howard,48,38,2016-01-27,30,HOU,A,SAS,-31,1,22:42,3,5,0.6,0,0,NA,7,8,0.875,2,6,8,1,0,2,2,1,13,13.2,-12,27.5
Dwight Howard,49,39,2016-01-29,30,HOU,A,OKC,-8,1,21:00,2,6,0.333,0,0,NA,4,15,0.267,3,5,8,1,2,1,2,1,8,4.8,-7,24.5
Dwight Howard,50,40,2016-01-30,30,HOU,H,WAS,-1,1,28:31,7,11,0.636,0,0,NA,6,8,0.75,2,5,7,0,0,0,2,2,20,14.4,-1,27.8
Dwight Howard,52,41,2016-02-04,30,HOU,A,PHO,6,1,32:37,2,4,0.5,0,0,NA,1,4,0.25,5,11,16,1,2,1,3,4,5,7.4,5,31
Dwight Howard,53,42,2016-02-06,30,HOU,H,POR,-17,1,40:46,6,10,0.6,0,1,0,5,8,0.625,3,11,14,2,4,0,2,3,17,18.8,-19,46
Dwight Howard,54,43,2016-02-09,30,HOU,A,GSW,-13,1,34:28,7,12,0.583,0,0,NA,2,10,0.2,4,11,15,2,0,1,4,5,16,9.4,-4,39.3
Dwight Howard,55,44,2016-02-10,30,HOU,A,POR,-13,1,35:26,13,17,0.765,0,0,NA,2,7,0.286,4,9,13,2,0,1,3,1,28,23.5,-24,49.3
Dwight Howard,56,45,2016-02-19,30,HOU,A,PHO,16,1,30:04,5,8,0.625,0,0,NA,5,10,0.5,2,4,6,1,3,0,5,4,15,9.1,29,27.5
Dwight Howard,57,46,2016-02-23,30,HOU,A,UTA,-3,1,40:11,3,7,0.429,0,1,0,7,14,0.5,5,11,16,1,1,3,2,4,13,13.5,0,43
Dwight Howard,58,47,2016-02-25,30,HOU,A,POR,14,1,36:59,8,10,0.8,0,0,NA,3,12,0.25,2,11,13,2,2,3,3,4,19,17.2,5,48.3
Dwight Howard,59,48,2016-02-27,30,HOU,H,SAS,-10,1,36:18,4,11,0.364,0,0,NA,3,8,0.375,4,10,14,1,1,1,0,5,11,9.1,-15,35.5
Dwight Howard,60,49,2016-02-29,30,HOU,A,MIL,-7,1,35:17,12,19,0.632,0,0,NA,6,14,0.429,7,6,13,0,0,0,2,4,30,21.4,-1,46.8
Dwight Howard,61,50,2016-03-02,30,HOU,H,NOP,5,1,31:45,5,6,0.833,0,0,NA,6,10,0.6,2,7,9,0,2,3,4,2,16,15,-7,35.3
Dwight Howard,62,51,2016-03-05,30,HOU,A,CHI,-8,1,33:42,3,9,0.333,0,0,NA,2,6,0.333,2,10,12,1,1,0,2,6,8,3,-11,25.5
Dwight Howard,63,52,2016-03-06,30,HOU,A,TOR,6,1,37:30,9,12,0.75,0,0,NA,3,4,0.75,1,10,11,1,1,2,2,6,21,18.2,-6,42.8
Dwight Howard,64,53,2016-03-09,30,HOU,A,PHI,14,1,32:50,9,12,0.75,0,0,NA,3,9,0.333,9,9,18,1,1,2,2,3,21,22.7,3,51.5
Dwight Howard,65,54,2016-03-11,30,HOU,A,BOS,4,1,34:45,6,9,0.667,0,0,NA,0,2,0,2,10,12,2,1,1,3,2,12,11,6,34
Dwight Howard,66,55,2016-03-12,30,HOU,A,CHO,-16,1,33:54,8,10,0.8,0,0,NA,0,2,0,4,9,13,4,0,0,4,2,16,14.9,-14,37.8
Dwight Howard,67,56,2016-03-14,30,HOU,H,MEM,49,1,23:57,2,4,0.5,0,0,NA,3,6,0.5,3,10,13,3,1,5,0,4,7,13.9,31,39.8
Dwight Howard,68,57,2016-03-16,30,HOU,H,LAC,-16,1,32:57,2,4,0.5,0,0,NA,2,4,0.5,2,5,7,1,0,0,3,4,6,2.2,-20,14.8
Dwight Howard,69,58,2016-03-18,30,HOU,H,MIN,5,1,29:24,5,7,0.714,0,0,NA,0,2,0,5,6,11,1,1,1,2,3,10,10.8,12,29.8
Dwight Howard,70,59,2016-03-19,30,HOU,A,ATL,-12,1,35:28,2,7,0.286,0,0,NA,4,7,0.571,3,14,17,0,4,1,4,3,8,8.5,-14,37.3
Dwight Howard,71,60,2016-03-22,30,HOU,A,OKC,-4,1,38:03,7,8,0.875,0,0,NA,2,3,0.667,2,11,13,2,0,1,1,2,16,17.8,-5,38.3
Dwight Howard,72,61,2016-03-23,30,HOU,H,UTA,-2,1,34:34,2,6,0.333,0,0,NA,1,2,0.5,1,7,8,1,0,6,2,3,5,5.7,-9,27.5
Dwight Howard,73,62,2016-03-25,30,HOU,H,TOR,3,1,23:24,1,2,0.5,0,0,NA,0,5,0,2,3,5,1,0,2,2,6,2,-1,1,12.8
Dwight Howard,74,63,2016-03-27,30,HOU,A,IND,-3,1,30:24,5,6,0.833,0,0,NA,1,3,0.333,3,7,10,0,0,2,3,2,11,9.8,-15,27.5
Dwight Howard,75,64,2016-03-29,30,HOU,A,CLE,6,1,30:46,2,3,0.667,0,0,NA,7,22,0.318,0,11,11,3,0,2,2,0,11,8.5,3,33.8
Dwight Howard,76,65,2016-03-31,30,HOU,H,CHI,-3,1,28:54,3,4,0.75,0,0,NA,1,2,0.5,4,9,13,0,1,3,2,1,7,11.2,14,30.3
Dwight Howard,77,66,2016-04-03,30,HOU,H,OKC,8,1,20:24,2,6,0.333,0,0,NA,0,0,NA,3,5,8,2,1,0,0,5,4,4.6,5,19
Dwight Howard,78,67,2016-04-06,30,HOU,A,DAL,-2,1,33:34,7,9,0.778,0,0,NA,0,4,0,6,10,16,1,0,1,4,2,14,12.7,-1,37
Dwight Howard,79,68,2016-04-07,30,HOU,H,PHO,-9,1,29:51,4,7,0.571,0,1,0,2,2,1,1,6,7,0,0,4,0,1,10,11.6,-5,26.8
Dwight Howard,80,69,2016-04-10,30,HOU,H,LAL,20,1,33:04,4,7,0.571,0,0,NA,1,3,0.333,2,11,13,1,2,3,0,3,9,13.2,23,36.8
Dwight Howard,81,70,2016-04-11,30,HOU,A,MIN,24,1,26:56,8,11,0.727,0,0,NA,3,4,0.75,2,6,8,3,1,1,4,2,19,16.3,18,35.5
Dwight Howard,82,71,2016-04-13,30,HOU,H,SAC,35,1,25:08,7,9,0.778,0,1,0,0,0,NA,2,8,10,0,0,1,0,1,14,14.6,10,30
James Harden,1,1,2015-10-28,26,HOU,H,DEN,-20,1,36:23,6,21,0.286,2,12,0.167,8,9,0.889,1,5,6,6,2,2,3,2,22,15.3,-20,46
James Harden,2,2,2015-10-30,26,HOU,H,GSW,-20,1,37:00,4,18,0.222,1,10,0.1,7,8,0.875,2,5,7,5,1,1,4,2,16,7.9,-22,34.8
James Harden,3,3,2015-11-01,26,HOU,A,MIA,-20,1,39:06,2,15,0.133,0,10,0,12,14,0.857,0,6,6,7,3,1,5,2,16,10.1,-23,39.5
James Harden,4,4,2015-11-02,26,HOU,H,OKC,5,1,38:28,12,26,0.462,4,12,0.333,9,11,0.818,0,5,5,3,3,2,2,1,37,28.4,6,58.8
James Harden,5,5,2015-11-04,26,HOU,H,ORL,5,1,43:39,6,22,0.273,2,11,0.182,14,17,0.824,2,5,7,4,0,0,7,5,28,10.5,2,40.3
James Harden,6,6,2015-11-06,26,HOU,A,SAC,6,1,41:51,13,23,0.565,4,10,0.4,13,16,0.813,2,4,6,13,2,0,7,0,43,37.6,24,74
James Harden,7,7,2015-11-07,26,HOU,A,LAC,4,1,39:39,14,26,0.538,5,10,0.5,13,14,0.929,0,4,4,2,1,0,7,4,46,28,6,55
James Harden,8,8,2015-11-11,26,HOU,H,BRK,-8,1,38:26,8,22,0.364,3,10,0.3,4,5,0.8,0,9,9,6,1,0,4,2,23,13.5,1,44.8
James Harden,9,9,2015-11-13,26,HOU,A,DEN,-9,1,37:53,9,19,0.474,1,5,0.2,9,11,0.818,0,8,8,5,3,2,4,4,28,22.2,-9,54
James Harden,10,10,2015-11-14,26,HOU,H,DAL,-12,1,41:40,5,21,0.238,1,6,0.167,14,14,1,3,4,7,10,2,1,6,4,25,17.7,-12,53.8
James Harden,11,11,2015-11-16,26,HOU,H,BOS,-16,1,29:41,4,10,0.4,4,7,0.571,4,4,1,0,1,1,3,0,0,4,4,16,7.4,-27,21.8
James Harden,12,12,2015-11-18,26,HOU,H,POR,5,1,47:24,11,29,0.379,4,15,0.267,19,20,0.95,1,7,8,11,5,1,5,2,45,39.1,10,84.5
James Harden,13,13,2015-11-20,26,HOU,A,MEM,-12,1,35:36,7,15,0.467,1,7,0.143,7,8,0.875,0,6,6,5,2,2,6,1,22,16.2,-10,42.5
James Harden,14,14,2015-11-21,26,HOU,H,NYK,-5,1,38:18,8,20,0.4,3,4,0.75,5,5,1,1,6,7,10,3,2,3,3,24,22.9,-10,59.3
James Harden,15,15,2015-11-25,26,HOU,H,MEM,-9,1,40:54,12,19,0.632,5,9,0.556,11,11,1,1,4,5,5,3,1,4,2,40,35.8,1,62.3
James Harden,16,16,2015-11-27,26,HOU,H,PHI,2,1,40:09,14,28,0.5,6,12,0.5,16,20,0.8,2,7,9,8,0,0,9,2,50,33.7,13,71.8
James Harden,17,17,2015-11-29,26,HOU,A,NYK,5,1,45:18,10,28,0.357,0,7,0,6,10,0.6,3,4,7,9,2,0,2,2,26,17.6,10,51.3
James Harden,18,18,2015-11-30,26,HOU,A,DET,-11,1,42:22,6,15,0.4,2,4,0.5,15,17,0.882,1,8,9,7,2,0,5,4,29,23.5,-4,53.3
James Harden,19,19,2015-12-02,26,HOU,H,NOP,7,1,37:40,7,20,0.35,1,8,0.125,9,10,0.9,0,10,10,6,1,1,0,1,24,20.9,11,51.5
James Harden,20,20,2015-12-04,26,HOU,A,DAL,4,1,36:08,10,23,0.435,1,6,0.167,4,5,0.8,1,7,8,9,1,2,4,1,25,19.6,-1,53
James Harden,21,21,2015-12-05,26,HOU,H,SAC,7,1,35:43,6,14,0.429,5,6,0.833,14,16,0.875,0,2,2,9,0,1,5,4,31,23.8,1,49
James Harden,22,22,2015-12-08,26,HOU,A,BRK,-5,1,35:21,2,9,0.222,1,5,0.2,5,6,0.833,0,3,3,9,3,0,7,2,10,6.5,-15,30.3
James Harden,23,23,2015-12-09,26,HOU,A,WAS,6,1,40:02,13,23,0.565,5,9,0.556,11,12,0.917,2,7,9,7,2,2,7,4,42,33.9,6,70.8
James Harden,24,24,2015-12-12,26,HOU,H,LAL,29,1,31:39,11,21,0.524,3,5,0.6,5,5,1,0,3,3,3,3,0,2,2,30,22.9,6,44.8
James Harden,25,25,2015-12-14,26,HOU,A,DEN,-6,1,34:23,9,20,0.45,5,8,0.625,1,3,0.333,1,2,3,6,3,0,2,1,24,18.9,9,44.3
James Harden,26,26,2015-12-15,26,HOU,A,SAC,-10,1,36:27,10,18,0.556,4,8,0.5,9,12,0.75,1,6,7,6,1,0,7,2,33,23.1,-5,51.3
James Harden,27,27,2015-12-17,26,HOU,A,LAL,20,1,36:08,7,24,0.292,2,9,0.222,9,10,0.9,2,4,6,6,1,1,3,2,25,15.3,31,45
James Harden,28,28,2015-12-19,26,HOU,H,LAC,10,1,33:43,4,13,0.308,0,4,0,10,10,1,0,5,5,11,0,1,5,4,18,13.8,8,41.8
James Harden,29,29,2015-12-21,26,HOU,H,CHO,7,1,34:58,9,16,0.563,2,7,0.286,16,19,0.842,1,4,5,7,0,1,4,4,36,29.1,-1,53.8
James Harden,30,30,2015-12-23,26,HOU,A,ORL,-3,1,40:15,12,18,0.667,2,4,0.5,5,6,0.833,0,3,3,7,1,0,3,2,31,25.8,3,46.8
James Harden,31,31,2015-12-25,26,HOU,H,SAS,4,1,38:00,7,21,0.333,2,6,0.333,4,5,0.8,0,4,4,9,0,1,4,3,20,10.7,-4,39.5
James Harden,32,32,2015-12-26,26,HOU,A,NOP,-2,1,33:54,8,21,0.381,5,11,0.455,4,4,1,1,5,6,5,1,0,2,4,25,16.6,-5,43.5
James Harden,33,33,2015-12-29,26,HOU,H,ATL,-6,1,38:45,6,16,0.375,3,6,0.5,11,12,0.917,0,10,10,8,1,0,7,3,26,18.2,-2,52
James Harden,34,34,2015-12-31,26,HOU,H,GSW,-4,1,34:24,8,19,0.421,5,10,0.5,9,9,1,0,5,5,5,3,0,3,5,30,22.9,11,50.8
James Harden,35,35,2016-01-02,26,HOU,A,SAS,-18,1,30:26,6,10,0.6,2,5,0.4,3,3,1,1,1,2,3,1,0,5,3,17,10.3,-31,24.5
James Harden,36,36,2016-01-04,26,HOU,A,UTA,2,1,42:12,9,25,0.36,4,12,0.333,8,9,0.889,2,3,5,7,0,1,8,3,30,14.4,2,46.8
James Harden,37,37,2016-01-07,26,HOU,H,UTA,9,1,34:07,13,25,0.52,0,7,0,7,10,0.7,2,6,8,3,2,1,4,1,33,23.1,3,51.5
James Harden,38,38,2016-01-10,26,HOU,H,IND,4,1,42:34,8,20,0.4,2,9,0.222,3,4,0.75,0,9,9,9,1,0,5,5,21,12.8,-2,46.3
James Harden,39,39,2016-01-12,26,HOU,A,MEM,16,1,33:16,6,13,0.462,4,9,0.444,9,10,0.9,1,4,5,5,1,0,6,4,25,16.7,7,39.8
James Harden,40,40,2016-01-13,26,HOU,H,MIN,3,1,34:35,8,22,0.364,2,10,0.2,9,11,0.818,0,3,3,11,1,0,6,1,27,17.2,-7,48.8
James Harden,41,41,2016-01-15,26,HOU,H,CLE,-14,1,38:14,2,10,0.2,0,5,0,7,7,1,0,5,5,5,3,1,8,5,11,3.5,-2,28.8
James Harden,42,42,2016-01-17,26,HOU,A,LAL,17,1,27:15,10,17,0.588,4,7,0.571,7,10,0.7,0,3,3,5,0,0,2,1,31,23.9,10,43.3
James Harden,43,43,2016-01-18,26,HOU,A,LAC,-8,1,40:21,5,12,0.417,2,7,0.286,8,13,0.615,0,3,3,8,0,0,3,4,20,13.5,-15,35.3
James Harden,44,44,2016-01-20,26,HOU,H,DET,-9,1,36:03,9,22,0.409,3,7,0.429,12,12,1,2,15,17,14,1,0,6,5,33,29.9,-11,80.3
James Harden,45,45,2016-01-22,26,HOU,H,MIL,4,1,34:06,9,15,0.6,5,8,0.625,7,8,0.875,0,5,5,8,2,0,2,2,30,29,9,53.8
James Harden,46,46,2016-01-24,26,HOU,H,DAL,11,1,35:40,7,18,0.389,3,10,0.3,6,6,1,2,13,15,10,0,2,2,1,23,24.5,10,65.8
James Harden,47,47,2016-01-25,26,HOU,A,NOP,1,1,41:11,11,20,0.55,3,5,0.6,10,10,1,0,11,11,8,1,1,2,4,35,32.4,15,66.8
James Harden,48,48,2016-01-27,26,HOU,A,SAS,-31,1,27:36,5,10,0.5,1,3,0.333,9,9,1,1,2,3,2,0,1,5,1,20,13,-23,26.8
James Harden,49,49,2016-01-29,26,HOU,A,OKC,-8,1,39:24,8,22,0.364,2,7,0.286,15,17,0.882,0,7,7,7,2,1,3,2,33,25.9,-6,57.8
James Harden,50,50,2016-01-30,26,HOU,H,WAS,-1,1,37:20,12,20,0.6,6,9,0.667,10,10,1,1,6,7,11,4,0,2,5,40,41,-1,76.8
James Harden,51,51,2016-02-02,26,HOU,H,MIA,13,1,34:40,10,19,0.526,3,8,0.375,3,4,0.75,0,4,4,14,2,1,3,2,26,26.2,12,59.5
James Harden,52,52,2016-02-04,26,HOU,A,PHO,6,1,36:09,4,19,0.211,2,9,0.222,7,7,1,2,7,9,6,2,0,4,2,17,10.2,14,40.3
James Harden,53,53,2016-02-06,26,HOU,H,POR,-17,1,35:33,7,18,0.389,4,9,0.444,15,18,0.833,0,8,8,3,3,1,10,2,33,19.4,-15,52.5
James Harden,54,54,2016-02-09,26,HOU,A,GSW,-13,1,40:05,10,21,0.476,6,10,0.6,11,13,0.846,0,5,5,5,3,1,1,2,37,32.4,-3,61.3
James Harden,55,55,2016-02-10,26,HOU,A,POR,-13,1,41:44,10,20,0.5,3,8,0.375,11,14,0.786,2,7,9,11,2,0,8,4,34,26.4,-9,64.8
James Harden,56,56,2016-02-19,26,HOU,A,PHO,16,1,33:24,6,16,0.375,1,9,0.111,14,17,0.824,1,9,10,7,3,1,2,5,27,25,35,59
James Harden,57,57,2016-02-23,26,HOU,A,UTA,-3,1,43:58,16,30,0.533,2,7,0.286,8,10,0.8,1,4,5,4,2,0,5,5,42,26.3,2,56.8
James Harden,58,58,2016-02-25,26,HOU,A,POR,14,1,46:25,16,26,0.615,4,9,0.444,10,13,0.769,2,3,5,8,3,0,5,5,46,36.9,17,69.8
James Harden,59,59,2016-02-27,26,HOU,H,SAS,-10,1,41:22,10,25,0.4,3,8,0.375,4,4,1,1,3,4,2,1,0,5,2,27,11.7,-12,36
James Harden,60,60,2016-02-29,26,HOU,A,MIL,-7,1,39:58,8,16,0.5,3,7,0.429,7,7,1,0,6,6,9,3,0,4,3,26,23.9,9,52.5
James Harden,61,61,2016-03-02,26,HOU,H,NOP,5,1,39:43,11,24,0.458,1,9,0.111,16,18,0.889,3,9,12,7,4,1,8,3,39,31,10,72.5
James Harden,62,62,2016-03-05,26,HOU,A,CHI,-8,1,39:48,10,26,0.385,4,12,0.333,12,14,0.857,1,4,5,8,0,0,9,5,36,17.5,-2,51.8
James Harden,63,63,2016-03-06,26,HOU,A,TOR,6,1,42:41,11,20,0.55,3,7,0.429,15,19,0.789,0,5,5,14,1,0,1,4,40,38.5,17,71.8
James Harden,64,64,2016-03-09,26,HOU,A,PHI,14,1,41:15,8,26,0.308,0,8,0,13,13,1,2,7,9,8,1,1,4,4,29,19.2,19,54.3
James Harden,65,65,2016-03-11,26,HOU,A,BOS,4,1,36:12,9,19,0.474,1,6,0.167,13,15,0.867,0,3,3,4,1,1,6,4,32,19.3,1,43.3
James Harden,66,66,2016-03-12,26,HOU,A,CHO,-16,1,33:42,2,14,0.143,0,5,0,8,9,0.889,1,2,3,10,2,0,1,3,12,10.7,-23,35.8
James Harden,67,67,2016-03-14,26,HOU,H,MEM,49,1,25:12,3,8,0.375,2,5,0.4,7,8,0.875,0,7,7,8,1,3,5,1,15,15.6,30,42.3
James Harden,68,68,2016-03-16,26,HOU,H,LAC,-16,1,44:14,11,23,0.478,5,10,0.5,6,8,0.75,0,5,5,8,1,1,8,2,33,20.5,-10,53.8
James Harden,69,69,2016-03-18,26,HOU,H,MIN,5,1,38:28,11,20,0.55,3,8,0.375,4,4,1,0,5,5,14,3,0,9,2,29,23.9,10,60.8
James Harden,70,70,2016-03-19,26,HOU,A,ATL,-12,1,36:48,7,17,0.412,3,5,0.6,8,8,1,1,5,6,8,1,1,3,2,25,21.6,-4,48.5
James Harden,71,71,2016-03-22,26,HOU,A,OKC,-4,1,40:23,7,17,0.412,2,8,0.25,8,8,1,0,7,7,16,4,0,5,6,24,24.8,1,64.8
James Harden,72,72,2016-03-23,26,HOU,H,UTA,-2,1,41:51,8,19,0.421,2,6,0.333,8,9,0.889,0,7,7,10,8,0,5,3,26,26.4,-8,65.8
James Harden,73,73,2016-03-25,26,HOU,H,TOR,3,1,41:56,11,22,0.5,3,7,0.429,7,10,0.7,0,10,10,13,1,1,7,3,32,25.4,2,70.5
James Harden,74,74,2016-03-27,26,HOU,A,IND,-3,1,43:32,11,22,0.5,4,11,0.364,8,11,0.727,0,8,8,8,1,0,5,1,34,25.4,2,57.5
James Harden,75,75,2016-03-29,26,HOU,A,CLE,6,1,44:20,8,16,0.5,3,8,0.375,8,10,0.8,2,4,6,8,1,0,4,2,27,22.6,14,48
James Harden,76,76,2016-03-31,26,HOU,H,CHI,-3,1,42:20,8,20,0.4,2,7,0.286,6,8,0.75,0,4,4,8,0,2,4,1,24,16.2,-8,44
James Harden,77,77,2016-04-03,26,HOU,H,OKC,8,1,42:38,12,25,0.48,5,11,0.455,12,14,0.857,1,3,4,9,3,1,5,2,41,33.3,9,67.5
James Harden,78,78,2016-04-06,26,HOU,A,DAL,-2,1,43:57,8,22,0.364,4,10,0.4,6,7,0.857,0,5,5,4,1,2,6,4,26,12.5,-1,43.3
James Harden,79,79,2016-04-07,26,HOU,H,PHO,-9,1,43:24,10,14,0.714,5,6,0.833,5,7,0.714,0,2,2,7,2,0,3,3,30,26.7,-4,48
James Harden,80,80,2016-04-10,26,HOU,H,LAL,20,1,41:22,14,31,0.452,6,14,0.429,6,8,0.75,1,3,4,13,4,0,4,2,40,33,23,75
James Harden,81,81,2016-04-11,26,HOU,A,MIN,24,1,31:40,12,21,0.571,5,7,0.714,5,7,0.714,0,1,1,6,0,0,3,0,34,24.8,29,45.3
James Harden,82,82,2016-04-13,26,HOU,H,SAC,35,1,30:16,13,27,0.481,5,10,0.5,7,8,0.875,2,2,4,4,0,0,1,3,38,26.5,21,51
Terrence Jones,1,1,2015-10-28,23,HOU,H,DEN,-20,1,28:32,6,13,0.462,0,2,0,3,5,0.6,4,2,6,0,1,1,2,4,15,9,-18,25.5
Terrence Jones,2,2,2015-10-30,23,HOU,H,GSW,-20,1,18:09,2,7,0.286,0,1,0,0,0,NA,1,3,4,1,0,1,0,0,4,2.9,-6,12.5
Terrence Jones,8,3,2015-11-11,23,HOU,H,BRK,-8,0,15:50,0,3,0,0,1,0,0,2,0,1,3,4,2,0,0,0,2,0,-0.7,-9,8
Terrence Jones,9,4,2015-11-13,23,HOU,A,DEN,-9,0,20:51,9,12,0.75,3,4,0.75,2,2,1,4,3,7,0,0,4,2,1,23,22.3,3,40.3
Terrence Jones,10,5,2015-11-14,23,HOU,H,DAL,-12,1,41:39,10,15,0.667,1,3,0.333,2,4,0.5,0,6,6,1,1,3,2,4,23,17.7,-10,39.5
Terrence Jones,11,6,2015-11-16,23,HOU,H,BOS,-16,1,27:57,7,14,0.5,0,1,0,1,4,0.25,3,5,8,4,1,0,1,2,15,12.4,6,32.5
Terrence Jones,12,7,2015-11-18,23,HOU,H,POR,5,1,30:12,2,5,0.4,1,2,0.5,3,4,0.75,0,2,2,2,0,1,1,3,8,5.4,-7,15.5
Terrence Jones,13,8,2015-11-20,23,HOU,A,MEM,-12,1,28:45,4,12,0.333,1,2,0.5,1,4,0.25,1,3,4,1,1,0,1,2,10,3.5,5,18.5
Terrence Jones,14,9,2015-11-21,23,HOU,H,NYK,-5,1,36:51,5,14,0.357,1,1,1,7,9,0.778,6,3,9,0,1,0,1,4,18,12.9,-9,31.3
Terrence Jones,15,10,2015-11-25,23,HOU,H,MEM,-9,1,19:25,1,5,0.2,1,2,0.5,0,0,NA,0,4,4,1,0,1,3,0,3,-0.5,-10,10.5
Terrence Jones,16,11,2015-11-27,23,HOU,H,PHI,2,0,24:05,2,5,0.4,1,2,0.5,0,0,NA,1,7,8,1,0,1,1,3,5,4.3,-14,18.5
Terrence Jones,17,12,2015-11-29,23,HOU,A,NYK,5,0,24:59,2,8,0.25,1,3,0.333,3,4,0.75,3,1,4,1,0,1,0,2,8,5.8,-14,17
Terrence Jones,18,13,2015-11-30,23,HOU,A,DET,-11,0,15:06,1,5,0.2,0,2,0,1,2,0.5,1,2,3,0,0,0,0,0,3,0.8,-18,6.8
Terrence Jones,19,14,2015-12-02,23,HOU,H,NOP,7,0,24:42,6,12,0.5,1,2,0.5,2,4,0.5,1,3,4,1,1,2,0,0,15,12.9,-4,28
Terrence Jones,20,15,2015-12-04,23,HOU,A,DAL,4,1,32:18,7,12,0.583,0,0,NA,3,3,1,3,6,9,1,0,0,5,4,17,9.4,25,27.3
Terrence Jones,21,16,2015-12-05,23,HOU,H,SAC,7,0,25:40,6,9,0.667,1,3,0.333,3,3,1,3,2,5,1,0,1,2,2,16,13.4,10,25.3
Terrence Jones,22,17,2015-12-08,23,HOU,A,BRK,-5,0,16:11,2,5,0.4,1,2,0.5,0,0,NA,1,2,3,2,1,0,0,2,5,5.2,-8,14.3
Terrence Jones,23,18,2015-12-09,23,HOU,A,WAS,6,0,20:02,1,4,0.25,0,0,NA,2,2,1,0,3,3,0,0,1,1,1,4,1.8,-3,9.3
Terrence Jones,24,19,2015-12-12,23,HOU,H,LAL,29,0,23:26,4,13,0.308,1,2,0.5,0,0,NA,3,6,9,1,0,3,1,1,9,6.8,15,27.8
Terrence Jones,25,20,2015-12-14,23,HOU,A,DEN,-6,1,12:35,0,3,0,0,0,NA,0,0,NA,1,1,2,1,1,0,0,1,0,0.2,-9,6
Terrence Jones,26,21,2015-12-15,23,HOU,A,SAC,-10,0,12:40,0,0,NA,0,0,NA,1,2,0.5,1,3,4,0,0,0,1,3,1,0,-12,5.5
Terrence Jones,27,22,2015-12-17,23,HOU,A,LAL,20,0,20:35,5,7,0.714,1,2,0.5,5,6,0.833,0,4,4,2,0,1,1,0,16,15,-5,26
Terrence Jones,28,23,2015-12-19,23,HOU,H,LAC,10,0,21:13,3,8,0.375,2,4,0.5,0,0,NA,0,6,6,0,0,0,1,1,8,4,-5,16
Terrence Jones,29,24,2015-12-21,23,HOU,H,CHO,7,0,24:05,7,11,0.636,0,1,0,3,5,0.6,2,4,6,0,0,2,0,2,17,14.5,0,28.5
Terrence Jones,30,25,2015-12-23,23,HOU,A,ORL,-3,0,11:45,3,6,0.5,1,2,0.5,1,1,1,2,1,3,0,0,0,0,0,8,6.7,7,12.3
Terrence Jones,31,26,2015-12-25,23,HOU,H,SAS,4,0,22:06,6,11,0.545,0,1,0,2,2,1,0,6,6,0,1,0,0,0,14,11.5,4,23.5
Terrence Jones,32,27,2015-12-26,23,HOU,A,NOP,-2,0,21:40,4,12,0.333,1,1,1,4,6,0.667,2,3,5,1,2,0,1,2,13,8.6,15,24.8
Terrence Jones,34,28,2015-12-31,23,HOU,H,GSW,-4,0,14:34,1,6,0.167,0,2,0,0,0,NA,1,1,2,0,1,1,0,3,2,-0.3,-24,8.5
Terrence Jones,35,29,2016-01-02,23,HOU,A,SAS,-18,0,26:32,3,7,0.429,0,2,0,2,2,1,0,2,2,3,0,0,3,4,8,2.4,-36,13.5
Terrence Jones,36,30,2016-01-04,23,HOU,A,UTA,2,0,15:16,0,1,0,0,0,NA,2,2,1,0,1,1,0,1,0,1,0,2,1.6,-4,4.8
Terrence Jones,37,31,2016-01-07,23,HOU,H,UTA,9,1,32:07,6,10,0.6,0,1,0,2,2,1,1,7,8,2,0,0,0,0,14,13.6,9,27
Terrence Jones,38,32,2016-01-10,24,HOU,H,IND,4,0,18:36,2,6,0.333,0,1,0,0,0,NA,1,2,3,1,1,1,1,1,4,2.9,-7,12.8
Terrence Jones,39,33,2016-01-12,24,HOU,A,MEM,16,0,29:52,6,10,0.6,3,5,0.6,5,6,0.833,3,1,4,3,3,1,2,2,20,20.4,13,38
Terrence Jones,40,34,2016-01-13,24,HOU,H,MIN,3,0,34:05,7,11,0.636,1,4,0.25,1,2,0.5,1,8,9,1,1,0,2,3,16,12.3,13,30.3
Terrence Jones,41,35,2016-01-15,24,HOU,H,CLE,-14,0,22:26,1,6,0.167,0,3,0,1,2,0.5,2,2,4,2,0,1,2,3,3,-0.3,-5,12
Terrence Jones,42,36,2016-01-17,24,HOU,A,LAL,17,0,21:41,1,7,0.143,0,1,0,0,0,NA,0,2,2,1,1,0,2,5,2,-4.2,-12,7
Terrence Jones,43,37,2016-01-18,24,HOU,A,LAC,-8,0,19:39,4,10,0.4,0,2,0,2,7,0.286,3,5,8,1,0,2,3,2,10,4.5,-20,24
Terrence Jones,44,38,2016-01-20,24,HOU,H,DET,-9,0,25:24,8,9,0.889,2,2,1,0,1,0,0,2,2,0,0,2,2,3,18,13.3,3,24.5
Terrence Jones,45,39,2016-01-22,24,HOU,H,MIL,4,0,31:57,7,14,0.5,0,3,0,0,0,NA,2,6,8,1,0,4,1,3,14,11.5,-2,33
Terrence Jones,46,40,2016-01-24,24,HOU,H,DAL,11,0,10:06,0,0,NA,0,0,NA,1,2,0.5,0,0,0,1,0,0,0,2,1,0.5,-11,2.5
Terrence Jones,47,41,2016-01-25,24,HOU,A,NOP,1,0,14:18,0,1,0,0,0,NA,0,0,NA,0,1,1,0,1,2,0,0,0,2,-19,7.3
Terrence Jones,48,42,2016-01-27,24,HOU,A,SAS,-31,0,16:47,3,10,0.3,0,4,0,5,6,0.833,1,2,3,0,1,0,0,0,11,7.1,-11,16.8
Terrence Jones,49,43,2016-01-29,24,HOU,A,OKC,-8,0,13:36,1,3,0.333,0,2,0,2,2,1,0,2,2,0,0,0,1,0,4,1.9,-13,6
Terrence Jones,50,44,2016-01-30,24,HOU,H,WAS,-1,0,5:44,1,4,0.25,0,1,0,0,0,NA,0,0,0,0,0,0,0,0,2,-0.4,-5,2
Terrence Jones,51,45,2016-02-02,24,HOU,H,MIA,13,0,29:24,4,9,0.444,0,0,NA,3,4,0.75,0,7,7,1,1,0,0,4,11,8.1,12,23.3
Terrence Jones,57,46,2016-02-23,24,HOU,A,UTA,-3,0,11:31,1,2,0.5,0,0,NA,1,2,0.5,0,1,1,0,1,0,0,1,3,2.5,-4,6.3
Terrence Jones,58,47,2016-02-25,24,HOU,A,POR,14,0,8:52,1,3,0.333,0,0,NA,1,2,0.5,1,0,1,0,0,1,1,1,3,0.9,-5,5.8
Terrence Jones,59,48,2016-02-27,24,HOU,H,SAS,-10,0,2:33,1,1,1,0,0,NA,0,0,NA,0,0,0,0,0,0,0,0,2,1.7,-9,2
Terrence Jones,60,49,2016-02-29,24,HOU,A,MIL,-7,0,12:26,2,4,0.5,0,0,NA,0,0,NA,1,2,3,0,0,1,0,0,4,4,-24,9.8
Terrence Jones,81,50,2016-04-11,24,HOU,A,MIN,24,0,5:29,1,2,0.5,0,0,NA,0,0,NA,1,1,2,0,0,0,1,3,2,-0.2,-6,4
