Blake Griffin,1,1,2015-10-28,26,LAC,A,SAC,7,1,38:15,14,20,0.7,0,0,NA,5,7,0.714,2,6,8,4,0,0,2,3,33,26.6,16,48
Blake Griffin,2,2,2015-10-29,26,LAC,H,DAL,16,1,26:47,11,17,0.647,0,0,NA,4,6,0.667,2,8,10,2,1,1,3,1,26,21.2,12,45.5
Blake Griffin,3,3,2015-10-31,26,LAC,H,SAC,5,1,36:14,13,22,0.591,0,0,NA,11,15,0.733,1,8,9,6,2,0,3,4,37,29.9,23,59.8
Blake Griffin,4,4,2015-11-02,26,LAC,H,PHO,6,1,33:57,8,15,0.533,0,0,NA,6,7,0.857,1,9,10,2,0,1,0,2,22,19,-9,41
Blake Griffin,5,5,2015-11-04,26,LAC,A,GSW,-4,1,37:49,10,21,0.476,0,2,0,3,3,1,2,8,10,6,0,1,2,4,23,17.4,8,47
Blake Griffin,6,6,2015-11-07,26,LAC,H,HOU,-4,1,38:06,14,22,0.636,0,1,0,7,8,0.875,3,8,11,5,0,0,1,4,35,30.2,0,57.3
Blake Griffin,7,7,2015-11-09,26,LAC,H,MEM,2,1,37:48,9,19,0.474,0,0,NA,6,6,1,2,10,12,2,1,1,2,5,24,17.8,-3,46.5
Blake Griffin,8,8,2015-11-11,26,LAC,A,DAL,-10,1,34:02,8,19,0.421,0,0,NA,5,7,0.714,5,4,9,3,1,0,2,3,21,14.7,-10,37.8
Blake Griffin,9,9,2015-11-12,26,LAC,A,PHO,-14,1,16:12,5,10,0.5,0,0,NA,1,2,0.5,1,2,3,4,1,0,0,0,11,10.7,-7,22.8
Blake Griffin,10,10,2015-11-14,26,LAC,H,DET,5,1,41:56,14,25,0.56,0,0,NA,6,10,0.6,4,4,8,9,2,1,2,4,34,29.9,-2,62.5
Blake Griffin,11,11,2015-11-19,26,LAC,H,GSW,-7,1,37:29,11,20,0.55,1,1,1,4,6,0.667,2,4,6,5,1,1,3,2,27,20.6,-12,45
Blake Griffin,12,12,2015-11-20,26,LAC,A,POR,-11,1,33:45,10,20,0.5,0,1,0,1,2,0.5,1,6,7,7,0,0,3,5,21,13,-13,38.8
Blake Griffin,13,13,2015-11-22,26,LAC,H,TOR,-11,1,28:56,4,10,0.4,1,3,0.333,0,0,NA,2,4,6,4,2,0,6,4,9,3.4,-3,24
Blake Griffin,14,14,2015-11-24,26,LAC,A,DEN,17,1,33:08,7,20,0.35,1,1,1,3,4,0.75,4,6,10,4,1,1,1,2,18,13.7,12,42
Blake Griffin,15,15,2015-11-25,26,LAC,H,UTA,-11,1,38:41,18,23,0.783,0,0,NA,4,5,0.8,1,11,12,3,0,2,3,2,40,34.4,-3,63.5
Blake Griffin,16,16,2015-11-27,26,LAC,H,NOP,21,1,28:36,7,15,0.467,0,0,NA,6,7,0.857,1,5,6,6,1,0,2,3,20,16.1,26,37.5
Blake Griffin,17,17,2015-11-29,26,LAC,H,MIN,8,1,37:02,9,16,0.563,1,1,1,7,9,0.778,0,8,8,8,0,2,3,3,26,22.8,8,51
Blake Griffin,18,18,2015-11-30,26,LAC,H,POR,15,1,32:00,8,19,0.421,0,0,NA,7,10,0.7,1,7,8,6,1,1,2,4,23,16.8,19,45
Blake Griffin,19,19,2015-12-02,26,LAC,H,IND,-12,1,36:23,6,18,0.333,0,0,NA,7,14,0.5,1,3,4,6,0,0,4,4,19,6.2,-16,31
Blake Griffin,20,20,2015-12-05,26,LAC,H,ORL,2,1,39:01,11,22,0.5,0,0,NA,6,8,0.75,2,11,13,7,0,0,4,0,28,21.8,2,54.3
Blake Griffin,21,21,2015-12-07,26,LAC,A,MIN,4,1,36:54,7,17,0.412,0,1,0,2,2,1,3,8,11,5,1,0,3,4,16,11.3,8,39.3
Blake Griffin,22,22,2015-12-09,26,LAC,A,MIL,14,1,39:34,8,18,0.444,0,0,NA,5,8,0.625,2,12,14,4,2,1,3,2,21,17.1,23,50.5
Blake Griffin,23,23,2015-12-10,26,LAC,A,CHI,-3,1,24:45,7,14,0.5,0,1,0,4,4,1,1,10,11,2,0,2,2,3,18,14.3,-2,39.3
Blake Griffin,24,24,2015-12-12,26,LAC,A,BRK,5,1,34:35,10,19,0.526,0,1,0,1,2,0.5,1,8,9,4,1,0,3,0,21,15.2,-5,38.8
Blake Griffin,25,25,2015-12-14,26,LAC,A,DET,2,1,42:47,15,30,0.5,0,0,NA,4,6,0.667,0,5,5,7,0,0,2,2,34,21.8,11,49.8
Blake Griffin,26,26,2015-12-16,26,LAC,H,MIL,13,1,33:52,5,13,0.385,0,0,NA,5,7,0.714,1,7,8,5,0,1,0,0,15,14.1,17,34.5
Blake Griffin,27,27,2015-12-18,26,LAC,A,SAS,-8,1,39:58,10,19,0.526,2,2,1,3,4,0.75,0,5,5,5,1,0,1,3,25,19.1,8,41.3
Blake Griffin,28,28,2015-12-19,26,LAC,A,HOU,-10,1,36:21,9,13,0.692,0,0,NA,4,5,0.8,0,8,8,6,1,0,2,5,22,19.7,-15,42
Blake Griffin,29,29,2015-12-21,26,LAC,H,OKC,-1,1,36:20,7,21,0.333,0,1,0,1,2,0.5,0,7,7,5,0,0,1,3,15,6.1,-5,30.8
Blake Griffin,30,30,2015-12-25,26,LAC,A,LAL,10,1,36:22,6,16,0.375,0,1,0,1,2,0.5,3,9,12,7,1,1,6,4,13,7.6,21,41
Blake Griffin,76,31,2016-04-03,27,LAC,H,WAS,5,1,24:32,2,7,0.286,0,0,NA,2,2,1,0,5,5,4,0,0,1,2,6,4.4,22,17.8
Blake Griffin,77,32,2016-04-05,27,LAC,H,LAL,22,1,16:48,1,5,0.2,0,1,0,2,2,1,0,3,3,3,1,0,4,0,4,0.9,28,12.3
Blake Griffin,78,33,2016-04-06,27,LAC,A,LAL,10,1,24:48,5,10,0.5,0,0,NA,3,4,0.75,0,8,8,3,1,0,1,0,13,12.1,12,29
Blake Griffin,80,34,2016-04-10,27,LAC,H,DAL,7,1,33:18,7,18,0.389,0,0,NA,3,5,0.6,2,9,11,7,2,0,4,5,17,11.4,-1,44.8
Blake Griffin,81,35,2016-04-12,27,LAC,H,MEM,26,1,23:16,5,10,0.5,0,0,NA,2,3,0.667,0,7,7,4,3,0,2,3,12,11.3,12,31.8
Josh Smith,1,1,2015-10-28,29,LAC,A,SAC,7,0,16:18,0,2,0,0,0,NA,1,2,0.5,0,6,6,0,0,4,5,4,1,-2.8,-14,14
Josh Smith,2,2,2015-10-29,29,LAC,H,DAL,16,0,14:10,1,5,0.2,0,1,0,3,6,0.5,3,3,6,1,0,2,1,4,5,3.2,9,17.5
Josh Smith,3,3,2015-10-31,29,LAC,H,SAC,5,0,12:15,1,4,0.25,0,1,0,0,0,NA,2,0,2,1,0,1,2,0,2,0.4,-17,7
Josh Smith,4,4,2015-11-02,29,LAC,H,PHO,6,0,15:39,2,5,0.4,2,4,0.5,1,2,0.5,0,4,4,3,0,1,1,2,7,6.1,-7,19
Josh Smith,5,5,2015-11-04,29,LAC,A,GSW,-4,0,12:53,2,4,0.5,1,2,0.5,0,0,NA,1,1,2,1,1,0,2,2,5,2.9,-12,10.5
Josh Smith,6,6,2015-11-07,29,LAC,H,HOU,-4,0,11:12,5,9,0.556,0,1,0,0,0,NA,1,1,2,3,0,0,0,0,10,8.8,-9,17
Josh Smith,7,7,2015-11-09,29,LAC,H,MEM,2,0,13:59,0,2,0,0,0,NA,2,2,1,0,6,6,2,0,3,0,1,2,5.5,7,18.5
Josh Smith,8,8,2015-11-11,29,LAC,A,DAL,-10,0,12:54,2,6,0.333,2,4,0.5,1,2,0.5,1,2,3,0,0,0,1,2,7,2.7,7,11.3
Josh Smith,9,9,2015-11-12,29,LAC,A,PHO,-14,0,19:21,3,8,0.375,0,3,0,0,0,NA,2,1,3,1,0,1,0,0,6,4.7,-7,13.3
Josh Smith,10,10,2015-11-14,29,LAC,H,DET,5,0,12:53,1,3,0.333,0,2,0,2,2,1,0,1,1,0,0,1,2,1,4,0.9,-4,6.3
Josh Smith,11,11,2015-11-19,29,LAC,H,GSW,-7,0,18:20,3,6,0.5,2,3,0.667,0,0,NA,0,2,2,2,2,1,1,5,8,6.7,-2,20
Josh Smith,12,12,2015-11-20,29,LAC,A,POR,-11,0,17:03,1,5,0.2,0,2,0,0,0,NA,1,7,8,2,1,2,2,4,2,1.9,2,20
Josh Smith,13,13,2015-11-22,29,LAC,H,TOR,-11,0,14:46,1,4,0.25,0,3,0,0,0,NA,2,6,8,2,1,2,2,3,2,3.4,8,20
Josh Smith,14,14,2015-11-24,29,LAC,A,DEN,17,0,18:26,3,7,0.429,0,2,0,2,4,0.5,3,3,6,2,1,1,3,2,8,5.8,-2,21
Josh Smith,15,15,2015-11-25,29,LAC,H,UTA,-11,0,16:40,4,7,0.571,1,1,1,1,2,0.5,0,0,0,1,1,1,0,2,10,7.9,-3,16
Josh Smith,16,16,2015-11-27,29,LAC,H,NOP,21,0,21:54,2,5,0.4,0,1,0,1,2,0.5,2,10,12,4,0,1,4,2,5,5,2,26
Josh Smith,17,17,2015-11-29,29,LAC,H,MIN,8,0,16:19,2,3,0.667,0,0,NA,0,0,NA,0,5,5,0,0,1,1,2,4,3.1,1,11.8
Josh Smith,18,18,2015-11-30,29,LAC,H,POR,15,0,13:33,3,5,0.6,2,2,1,0,2,0,2,1,3,2,0,1,0,3,8,7.5,-6,17.8
Josh Smith,19,19,2015-12-02,29,LAC,H,IND,-12,0,17:04,2,7,0.286,0,4,0,5,6,0.833,1,4,5,4,1,2,1,2,9,9.8,-7,26.8
Josh Smith,20,20,2015-12-05,30,LAC,H,ORL,2,0,10:55,1,4,0.25,0,2,0,0,0,NA,0,1,1,2,0,0,1,2,2,-0.5,-5,5.8
Josh Smith,21,21,2015-12-07,30,LAC,A,MIN,4,0,14:40,4,7,0.571,0,1,0,0,0,NA,1,2,3,0,0,3,0,3,8,6.9,-6,17.8
Josh Smith,22,22,2015-12-09,30,LAC,A,MIL,14,0,11:30,2,4,0.5,2,3,0.667,3,4,0.75,2,2,4,0,0,2,0,0,9,10,-1,19
Josh Smith,23,23,2015-12-10,30,LAC,A,CHI,-3,0,18:44,3,8,0.375,2,3,0.667,0,0,NA,0,7,7,3,0,1,3,2,8,4.7,-2,22.8
Josh Smith,24,24,2015-12-12,30,LAC,A,BRK,5,0,12:11,3,9,0.333,0,1,0,0,0,NA,2,3,5,0,2,0,1,2,6,3.4,4,15.8
Josh Smith,25,25,2015-12-14,30,LAC,A,DET,2,0,9:16,1,6,0.167,0,0,NA,0,0,NA,1,0,1,2,1,0,0,2,2,0.5,-9,8.3
Josh Smith,26,26,2015-12-16,30,LAC,H,MIL,13,0,17:42,5,9,0.556,3,3,1,0,2,0,2,2,4,0,2,0,1,0,13,10.9,-6,23
Josh Smith,27,27,2015-12-18,30,LAC,A,SAS,-8,0,12:19,3,6,0.5,0,2,0,0,0,NA,0,2,2,1,1,2,3,2,6,2.9,-4,14.5
Josh Smith,28,28,2015-12-19,30,LAC,A,HOU,-10,0,5:38,2,7,0.286,0,3,0,2,2,1,2,0,2,0,0,0,0,0,6,3.3,-9,8.5
Josh Smith,31,29,2015-12-26,30,LAC,A,UTA,5,1,4:55,0,2,0,0,0,NA,0,0,NA,0,2,2,0,0,0,1,0,0,-1.8,-6,2
Josh Smith,35,30,2016-01-02,30,LAC,H,PHI,31,0,6:31,0,2,0,0,0,NA,0,0,NA,0,0,0,0,0,0,0,1,0,-1.8,-5,0
Josh Smith,39,31,2016-01-13,30,LAC,H,MIA,14,0,19:51,4,11,0.364,1,2,0.5,0,0,NA,0,3,3,1,3,1,1,5,9,5.2,2,22.3
Josh Smith,40,32,2016-01-16,30,LAC,H,SAC,-7,0,19:11,3,8,0.375,0,2,0,1,2,0.5,2,5,7,2,1,0,2,2,7,4.7,2,19.8
Jamal Crawford,1,1,2015-10-28,35,LAC,A,SAC,7,0,21:08,5,9,0.556,0,1,0,1,2,0.5,0,0,0,1,1,0,0,2,11,7.2,-5,14.5
Jamal Crawford,2,2,2015-10-29,35,LAC,H,DAL,16,0,17:24,6,11,0.545,2,4,0.5,1,1,1,0,2,2,2,0,0,0,0,15,11.7,12,21.5
Jamal Crawford,3,3,2015-10-31,35,LAC,H,SAC,5,0,22:59,3,10,0.3,0,3,0,4,4,1,0,1,1,0,0,0,0,1,10,4.1,-11,11.3
Jamal Crawford,4,4,2015-11-02,35,LAC,H,PHO,6,0,26:17,2,8,0.25,1,4,0.25,6,6,1,0,2,2,3,1,0,0,2,11,9.1,8,20.5
Jamal Crawford,5,5,2015-11-04,35,LAC,A,GSW,-4,0,20:08,4,15,0.267,0,3,0,0,0,NA,2,3,5,1,1,0,0,0,8,3.1,-10,17.8
Jamal Crawford,6,6,2015-11-07,35,LAC,H,HOU,-4,0,18:41,1,3,0.333,0,1,0,0,0,NA,0,0,0,4,1,0,3,0,2,1.1,-1,8.5
Jamal Crawford,7,7,2015-11-09,35,LAC,H,MEM,2,0,20:08,2,7,0.286,1,3,0.333,8,9,0.889,0,1,1,1,0,0,2,0,13,7.5,19,15.3
Jamal Crawford,8,8,2015-11-11,35,LAC,A,DAL,-10,0,28:41,3,8,0.375,1,3,0.333,4,4,1,0,0,0,1,0,0,1,4,11,4.7,-9,12.5
Jamal Crawford,9,9,2015-11-12,35,LAC,A,PHO,-14,0,24:48,7,14,0.5,1,3,0.333,3,3,1,0,1,1,2,3,0,5,2,18,9.9,-8,26.3
Jamal Crawford,10,10,2015-11-14,35,LAC,H,DET,5,1,40:31,12,27,0.444,3,7,0.429,10,10,1,1,5,6,8,0,1,3,4,37,26.8,21,58.5
Jamal Crawford,11,11,2015-11-19,35,LAC,H,GSW,-7,1,39:30,6,16,0.375,1,7,0.143,2,2,1,0,5,5,2,0,0,2,5,15,5.1,-9,23.8
Jamal Crawford,12,12,2015-11-20,35,LAC,A,POR,-11,0,26:44,6,15,0.4,5,8,0.625,3,3,1,0,1,1,1,0,0,1,2,20,11.1,-5,24.8
Jamal Crawford,13,13,2015-11-22,35,LAC,H,TOR,-11,0,29:11,1,9,0.111,0,6,0,6,7,0.857,0,0,0,2,1,0,1,1,8,2.7,1,12.5
Jamal Crawford,14,14,2015-11-24,35,LAC,A,DEN,17,0,24:01,4,9,0.444,2,5,0.4,5,5,1,0,3,3,2,1,0,0,1,15,13.2,7,24.8
Jamal Crawford,15,15,2015-11-25,35,LAC,H,UTA,-11,0,30:09,1,9,0.111,0,2,0,1,2,0.5,0,1,1,2,0,0,2,1,3,-4,-2,6.3
Jamal Crawford,16,16,2015-11-27,35,LAC,H,NOP,21,0,26:49,2,8,0.25,1,3,0.333,4,4,1,0,3,3,0,1,0,3,0,9,3.1,7,13.8
Jamal Crawford,17,17,2015-11-29,35,LAC,H,MIN,8,0,15:26,0,4,0,0,2,0,0,0,NA,0,0,0,2,0,0,3,1,0,-4.8,-1,1.5
Jamal Crawford,18,18,2015-11-30,35,LAC,H,POR,15,0,22:45,4,10,0.4,0,1,0,3,4,0.75,0,0,0,4,1,0,0,2,11,8.2,0,19
Jamal Crawford,19,19,2015-12-02,35,LAC,H,IND,-12,0,37:05,5,16,0.313,1,8,0.125,5,5,1,1,5,6,3,0,0,4,5,16,5.1,-10,26.5
Jamal Crawford,20,20,2015-12-05,35,LAC,H,ORL,2,1,31:22,10,19,0.526,6,9,0.667,6,7,0.857,0,1,1,5,0,0,1,3,32,23.9,7,43.3
Jamal Crawford,21,21,2015-12-07,35,LAC,A,MIN,4,0,27:09,5,11,0.455,4,6,0.667,4,4,1,0,3,3,7,1,0,2,2,18,16.3,13,35.3
Jamal Crawford,22,22,2015-12-09,35,LAC,A,MIL,14,0,21:46,3,11,0.273,2,5,0.4,0,0,NA,1,0,1,0,0,0,1,0,8,1.2,-1,9.8
Jamal Crawford,23,23,2015-12-10,35,LAC,A,CHI,-3,0,22:05,1,5,0.2,0,1,0,0,0,NA,0,0,0,2,0,0,1,0,2,-0.7,-11,4.5
Jamal Crawford,24,24,2015-12-12,35,LAC,A,BRK,5,0,25:23,4,8,0.5,1,4,0.25,0,0,NA,1,2,3,3,2,0,2,3,9,7.2,-3,20.8
Jamal Crawford,25,25,2015-12-14,35,LAC,A,DET,2,0,26:13,5,8,0.625,1,3,0.333,3,3,1,0,2,2,4,1,0,1,0,14,13.8,-3,24.5
Jamal Crawford,26,26,2015-12-16,35,LAC,H,MIL,13,0,20:50,0,3,0,0,1,0,2,2,1,0,0,0,1,1,0,1,1,2,0.2,3,5
Jamal Crawford,27,27,2015-12-18,35,LAC,A,SAS,-8,0,16:32,0,3,0,0,1,0,0,0,NA,0,1,1,3,0,1,0,2,0,0.2,-10,7.8
Jamal Crawford,28,28,2015-12-19,35,LAC,A,HOU,-10,0,31:26,1,8,0.125,1,4,0.25,1,2,0.5,0,1,1,1,0,1,1,4,4,-2.5,7,8.8
Jamal Crawford,29,29,2015-12-21,35,LAC,H,OKC,-1,0,24:16,4,10,0.4,0,2,0,0,0,NA,1,0,1,0,0,0,0,3,8,2.1,0,9.3
Jamal Crawford,30,30,2015-12-25,35,LAC,A,LAL,10,0,19:45,4,10,0.4,1,1,1,4,4,1,0,3,3,0,1,0,1,1,13,8.1,-5,18.8
Jamal Crawford,31,31,2015-12-26,35,LAC,A,UTA,5,0,24:19,1,10,0.1,0,3,0,5,5,1,0,2,2,1,0,0,2,4,7,-1.9,2,10
Jamal Crawford,32,32,2015-12-28,35,LAC,A,WAS,17,0,27:03,9,12,0.75,3,5,0.6,0,0,NA,0,0,0,2,0,0,2,1,21,15.2,15,24.5
Jamal Crawford,33,33,2015-12-30,35,LAC,A,CHO,5,0,24:34,2,5,0.4,2,4,0.5,5,5,1,0,3,3,3,0,1,1,1,11,10.6,6,21.8
Jamal Crawford,34,34,2015-12-31,35,LAC,A,NOP,6,0,21:58,5,12,0.417,1,5,0.2,4,5,0.8,0,1,1,3,0,0,1,1,15,9.2,5,20.8
Jamal Crawford,35,35,2016-01-02,35,LAC,H,PHI,31,0,17:56,4,6,0.667,0,2,0,5,5,1,0,1,1,2,0,0,1,0,13,11.1,16,16.8
Jamal Crawford,36,36,2016-01-06,35,LAC,A,POR,11,0,21:41,4,13,0.308,1,3,0.333,1,1,1,1,1,2,1,2,0,2,1,10,3.8,5,17.5
Jamal Crawford,37,37,2016-01-09,35,LAC,H,CHO,14,0,30:43,9,20,0.45,1,7,0.143,0,0,NA,0,1,1,2,0,0,3,1,19,6.9,0,22.3
Jamal Crawford,38,38,2016-01-10,35,LAC,H,NOP,3,0,31:44,8,16,0.5,3,7,0.429,2,2,1,0,3,3,2,0,0,3,3,21,11.1,15,27.8
Jamal Crawford,39,39,2016-01-13,35,LAC,H,MIA,14,0,26:16,4,15,0.267,2,5,0.4,5,5,1,0,4,4,1,0,0,0,2,15,7.2,4,22.5
Jamal Crawford,40,40,2016-01-16,35,LAC,H,SAC,-7,0,30:37,8,17,0.471,3,7,0.429,1,2,0.5,0,2,2,0,0,1,0,3,20,11,3,26
Jamal Crawford,41,41,2016-01-18,35,LAC,H,HOU,8,0,36:09,8,15,0.533,1,3,0.333,0,0,NA,0,0,0,5,1,0,0,0,17,14.2,0,27
Jamal Crawford,42,42,2016-01-21,35,LAC,A,CLE,-13,0,26:46,6,9,0.667,2,3,0.667,2,2,1,0,0,0,0,1,0,1,0,16,12.1,-4,18.5
Jamal Crawford,43,43,2016-01-22,35,LAC,A,NYK,28,0,23:11,4,9,0.444,1,2,0.5,4,4,1,0,0,0,1,0,0,2,0,13,7,11,14
Jamal Crawford,44,44,2016-01-24,35,LAC,A,TOR,-18,0,18:53,1,6,0.167,0,1,0,1,1,1,0,0,0,0,0,0,1,1,3,-2.2,-33,2.5
Jamal Crawford,45,45,2016-01-26,35,LAC,A,IND,2,0,19:43,1,9,0.111,1,6,0.167,6,8,0.75,1,2,3,2,0,1,1,0,9,4.7,16,17.8
Jamal Crawford,46,46,2016-01-27,35,LAC,A,ATL,2,0,29:08,9,16,0.563,1,2,0.5,2,2,1,0,1,1,2,1,0,2,1,21,13.7,16,26.8
Jamal Crawford,47,47,2016-01-29,35,LAC,H,LAL,12,0,28:30,5,13,0.385,1,3,0.333,4,4,1,0,1,1,4,0,0,0,0,15,11,21,22.8
Jamal Crawford,48,48,2016-01-31,35,LAC,H,CHI,27,0,25:56,11,15,0.733,2,3,0.667,2,2,1,0,1,1,3,1,1,1,1,26,22.6,12,36.3
Jamal Crawford,49,49,2016-02-03,35,LAC,H,MIN,-6,0,28:04,5,15,0.333,1,4,0.25,10,10,1,2,2,4,3,1,0,0,1,21,17.2,7,33
Jamal Crawford,50,50,2016-02-05,35,LAC,A,ORL,14,0,35:02,8,14,0.571,0,4,0,4,4,1,0,1,1,2,3,1,4,4,20,13.2,9,30.3
Jamal Crawford,51,51,2016-02-07,35,LAC,A,MIA,7,0,34:16,7,19,0.368,2,7,0.286,4,5,0.8,0,1,1,2,0,0,1,1,20,9.4,8,24.8
Jamal Crawford,52,52,2016-02-08,35,LAC,A,PHI,6,0,39:06,9,21,0.429,1,3,0.333,4,5,0.8,0,3,3,3,2,0,1,1,23,15.1,11,35.3
Jamal Crawford,53,53,2016-02-10,35,LAC,A,BOS,-5,0,37:45,4,17,0.235,2,8,0.25,8,10,0.8,0,5,5,4,0,0,2,3,18,8,4,30.3
Jamal Crawford,54,54,2016-02-18,35,LAC,H,SAS,19,0,29:57,7,15,0.467,3,6,0.5,2,2,1,2,0,2,6,0,0,7,1,19,9.5,6,28.5
Jamal Crawford,55,55,2016-02-20,35,LAC,H,GSW,-3,0,37:33,7,18,0.389,3,8,0.375,8,8,1,0,3,3,3,3,0,2,1,25,18.8,-11,39.8
Jamal Crawford,56,56,2016-02-22,35,LAC,H,PHO,40,0,17:13,0,4,0,0,2,0,2,2,1,0,0,0,0,0,0,1,1,2,-2.2,-2,1.5
Jamal Crawford,57,57,2016-02-24,35,LAC,H,DEN,-6,0,27:43,8,18,0.444,3,7,0.429,1,1,1,1,4,5,1,0,0,1,3,20,11,-1,28.8
Jamal Crawford,58,58,2016-02-26,35,LAC,A,SAC,10,0,26:23,7,19,0.368,0,6,0,7,8,0.875,0,1,1,0,0,0,0,1,21,10,-3,22.3
Jamal Crawford,59,59,2016-02-29,35,LAC,H,BRK,10,0,25:19,10,17,0.588,3,4,0.75,3,5,0.6,0,1,1,1,2,0,3,4,26,15.7,11,32.8
Jamal Crawford,60,60,2016-03-02,35,LAC,H,OKC,5,0,31:49,5,14,0.357,0,4,0,2,3,0.667,1,1,2,2,1,0,0,0,12,7.2,7,19.5
Jamal Crawford,61,61,2016-03-05,35,LAC,H,ATL,-10,0,28:36,2,7,0.286,0,1,0,1,1,1,0,3,3,1,1,0,2,1,5,1.1,-5,11.3
Jamal Crawford,62,62,2016-03-07,35,LAC,A,DAL,19,0,29:03,5,15,0.333,2,5,0.4,3,3,1,0,4,4,3,1,0,0,2,15,10,24,27.5
Jamal Crawford,63,63,2016-03-09,35,LAC,A,OKC,-12,0,26:34,6,12,0.5,2,4,0.5,2,2,1,1,2,3,2,1,0,1,0,16,12.7,-8,25.3
Jamal Crawford,64,64,2016-03-11,35,LAC,H,NYK,7,0,19:16,4,13,0.308,2,3,0.667,0,0,NA,0,1,1,1,0,0,1,2,10,1.7,-9,13.3
Jamal Crawford,65,65,2016-03-13,35,LAC,H,CLE,-24,0,25:20,3,11,0.273,2,6,0.333,0,0,NA,0,1,1,1,0,0,2,2,8,-0.3,-27,10.8
Jamal Crawford,66,66,2016-03-15,35,LAC,A,SAS,-21,0,22:15,1,9,0.111,0,3,0,4,4,1,0,1,1,3,0,0,0,2,6,1.7,-20,11.8
Jamal Crawford,67,67,2016-03-16,35,LAC,A,HOU,16,0,27:28,4,9,0.444,2,6,0.333,4,4,1,0,1,1,7,1,1,0,1,14,15.8,9,30.8
Jamal Crawford,68,68,2016-03-19,35,LAC,A,MEM,-11,0,27:56,2,9,0.222,1,5,0.2,2,2,1,0,3,3,1,1,0,0,2,7,3.3,1,14.8
Jamal Crawford,69,69,2016-03-20,36,LAC,A,NOP,-4,0,33:24,5,12,0.417,1,5,0.2,3,4,0.75,0,4,4,3,1,0,3,4,14,6.9,6,24.5
Jamal Crawford,70,70,2016-03-23,36,LAC,A,GSW,-16,0,32:11,4,11,0.364,2,4,0.5,2,3,0.667,0,1,1,6,2,1,2,1,12,10.3,-4,28.3
Jamal Crawford,71,71,2016-03-24,36,LAC,H,POR,2,0,33:09,11,21,0.524,3,6,0.5,0,0,NA,0,1,1,2,1,0,1,2,25,15.6,11,32.3
Jamal Crawford,72,72,2016-03-27,36,LAC,H,DEN,15,0,21:25,3,8,0.375,0,4,0,8,8,1,0,1,1,2,0,0,1,0,14,10.3,1,17.8
Jamal Crawford,73,73,2016-03-28,36,LAC,H,BOS,24,0,28:51,5,12,0.417,4,10,0.4,1,1,1,0,2,2,2,1,0,3,2,15,7.8,18,23
Jamal Crawford,74,74,2016-03-30,36,LAC,A,MIN,20,0,17:52,3,6,0.5,1,3,0.333,3,3,1,0,2,2,1,2,0,0,0,10,10.3,15,18.5
Jamal Crawford,75,75,2016-03-31,36,LAC,A,OKC,-2,1,39:57,10,20,0.5,5,8,0.625,7,7,1,1,0,1,7,2,1,3,0,32,27.3,-9,50.8
Jamal Crawford,76,76,2016-04-03,36,LAC,H,WAS,5,0,25:05,6,12,0.5,4,7,0.571,3,3,1,1,3,4,6,0,0,2,2,19,16,1,34
Jamal Crawford,77,77,2016-04-05,36,LAC,H,LAL,22,0,18:09,2,6,0.333,0,2,0,0,0,NA,0,0,0,1,1,0,3,2,4,-1.5,-5,6
Jamal Crawford,79,78,2016-04-08,36,LAC,A,UTA,3,1,48:45,9,20,0.45,4,11,0.364,8,10,0.8,2,3,5,4,1,1,1,3,30,23.4,6,47.8
Jamal Crawford,80,79,2016-04-10,36,LAC,H,DAL,7,0,26:27,7,13,0.538,4,6,0.667,4,7,0.571,0,1,1,2,1,0,2,1,22,14.8,6,29.3
DeAndre Jordan,1,1,2015-10-28,27,LAC,A,SAC,7,1,27:06,4,6,0.667,0,0,NA,0,3,0,2,10,12,1,0,4,1,5,8,9.1,15,32
DeAndre Jordan,2,2,2015-10-29,27,LAC,H,DAL,16,1,25:52,2,2,1,0,0,NA,2,8,0.25,2,13,15,2,0,4,1,1,6,11.1,11,35.3
DeAndre Jordan,3,3,2015-10-31,27,LAC,H,SAC,5,1,35:41,5,6,0.833,0,0,NA,5,12,0.417,3,15,18,1,1,7,1,1,15,21.8,24,56
DeAndre Jordan,4,4,2015-11-02,27,LAC,H,PHO,6,1,31:53,3,3,1,0,0,NA,1,2,0.5,0,9,9,0,1,3,1,3,7,9.3,10,25.8
DeAndre Jordan,5,5,2015-11-04,27,LAC,A,GSW,-4,1,34:16,5,7,0.714,0,0,NA,1,4,0.25,5,8,13,1,0,2,3,3,11,10.7,10,32.8
DeAndre Jordan,6,6,2015-11-07,27,LAC,H,HOU,-4,1,33:47,4,6,0.667,0,0,NA,3,7,0.429,4,10,14,2,0,3,3,4,11,11.5,-3,37.5
DeAndre Jordan,7,7,2015-11-09,27,LAC,H,MEM,2,1,35:38,6,9,0.667,0,0,NA,1,2,0.5,4,8,12,1,0,4,1,4,13,14.8,-12,38.5
DeAndre Jordan,8,8,2015-11-11,27,LAC,A,DAL,-10,1,27:04,3,5,0.6,0,0,NA,3,9,0.333,2,9,11,0,0,1,2,5,9,5.1,-23,23.8
DeAndre Jordan,9,9,2015-11-12,27,LAC,A,PHO,-14,1,27:00,3,5,0.6,0,0,NA,5,13,0.385,2,7,9,1,0,1,1,1,11,9,-27,25.3
DeAndre Jordan,10,10,2015-11-14,27,LAC,H,DET,5,1,38:23,5,7,0.714,0,0,NA,0,0,NA,3,13,16,2,1,1,1,6,10,12.8,8,38
DeAndre Jordan,11,11,2015-11-19,27,LAC,H,GSW,-7,1,38:53,2,4,0.5,0,0,NA,5,8,0.625,4,6,10,1,1,0,1,5,9,9.1,3,24.5
DeAndre Jordan,12,12,2015-11-20,27,LAC,A,POR,-11,1,34:29,5,6,0.833,0,0,NA,2,6,0.333,5,10,15,1,0,2,1,3,12,14.6,-14,37.3
DeAndre Jordan,13,13,2015-11-22,27,LAC,H,TOR,-11,1,39:05,6,9,0.667,0,0,NA,1,4,0.25,3,12,15,1,1,5,1,1,13,17.4,-2,46.3
DeAndre Jordan,14,14,2015-11-24,27,LAC,A,DEN,17,1,26:51,3,4,0.75,0,0,NA,12,25,0.48,3,8,11,3,1,4,0,4,18,20,18,47.8
DeAndre Jordan,15,15,2015-11-25,27,LAC,H,UTA,-11,1,31:50,3,7,0.429,0,0,NA,2,4,0.5,6,5,11,0,3,4,3,3,8,10.8,-11,34.3
DeAndre Jordan,16,16,2015-11-27,27,LAC,H,NOP,21,1,24:36,4,5,0.8,0,0,NA,0,0,NA,2,9,11,1,0,1,0,4,8,10,21,25.3
DeAndre Jordan,17,17,2015-11-29,27,LAC,H,MIN,8,1,32:42,3,3,1,0,0,NA,3,12,0.25,1,8,9,1,1,1,0,4,9,8.4,5,25.8
DeAndre Jordan,18,18,2015-11-30,27,LAC,H,POR,15,1,33:01,3,6,0.5,0,0,NA,12,34,0.353,9,15,24,1,1,2,0,4,18,18.5,21,57
DeAndre Jordan,19,19,2015-12-02,27,LAC,H,IND,-12,1,28:06,0,4,0,0,0,NA,2,8,0.25,6,9,15,0,0,0,2,4,2,0.1,-4,19.8
DeAndre Jordan,20,20,2015-12-05,27,LAC,H,ORL,2,1,36:44,7,10,0.7,0,0,NA,1,3,0.333,5,9,14,0,0,1,0,0,15,16.9,7,36
DeAndre Jordan,21,21,2015-12-07,27,LAC,A,MIN,4,1,34:13,8,9,0.889,0,0,NA,4,6,0.667,6,6,12,0,2,4,1,4,20,24.3,-2,48
DeAndre Jordan,22,22,2015-12-09,27,LAC,A,MIL,14,1,38:52,2,2,1,0,0,NA,5,12,0.417,5,14,19,2,0,3,3,4,9,12.2,20,40.3
DeAndre Jordan,23,23,2015-12-10,27,LAC,A,CHI,-3,1,36:31,4,7,0.571,0,0,NA,2,3,0.667,6,8,14,0,2,1,0,2,10,14.8,3,35
DeAndre Jordan,24,24,2015-12-12,27,LAC,A,BRK,5,1,33:36,5,6,0.833,0,0,NA,2,6,0.333,2,10,12,1,2,0,0,2,12,14.5,5,34
DeAndre Jordan,25,25,2015-12-14,27,LAC,A,DET,2,1,42:31,3,5,0.6,0,0,NA,1,3,0.333,6,8,14,1,0,3,1,4,7,10.7,6,31.5
DeAndre Jordan,26,26,2015-12-16,27,LAC,H,MIL,13,1,18:25,4,4,1,0,0,NA,1,1,1,3,5,8,0,0,2,3,2,9,9,10,21.5
DeAndre Jordan,27,27,2015-12-18,27,LAC,A,SAS,-8,1,35:05,4,6,0.667,0,0,NA,8,20,0.4,4,13,17,0,0,2,0,3,16,15.5,-4,42.8
DeAndre Jordan,28,28,2015-12-19,27,LAC,A,HOU,-10,1,30:00,6,7,0.857,0,0,NA,4,12,0.333,2,9,11,0,0,4,1,3,16,15,-9,38.8
DeAndre Jordan,29,29,2015-12-21,27,LAC,H,OKC,-1,1,33:42,3,3,1,0,0,NA,2,4,0.5,2,8,10,0,0,1,1,1,8,9.4,-9,22
DeAndre Jordan,30,30,2015-12-25,27,LAC,A,LAL,10,1,36:42,4,6,0.667,0,0,NA,1,2,0.5,3,11,14,1,1,1,1,3,9,11.6,23,31.5
DeAndre Jordan,31,31,2015-12-26,27,LAC,A,UTA,5,1,34:42,6,9,0.667,0,0,NA,2,3,0.667,4,9,13,2,1,4,3,2,14,16.6,3,43.3
DeAndre Jordan,32,32,2015-12-28,27,LAC,A,WAS,17,1,28:05,6,6,1,0,0,NA,3,6,0.5,1,12,13,2,0,1,3,1,15,15,8,36.3
DeAndre Jordan,33,33,2015-12-30,27,LAC,A,CHO,5,1,33:06,4,4,1,0,0,NA,5,10,0.5,3,10,13,1,0,1,1,3,13,14.1,7,33.8
DeAndre Jordan,34,34,2015-12-31,27,LAC,A,NOP,6,1,36:06,5,7,0.714,0,0,NA,1,2,0.5,8,12,20,2,1,3,1,4,11,18.8,9,48
DeAndre Jordan,35,35,2016-01-02,27,LAC,H,PHI,31,1,29:52,9,10,0.9,0,0,NA,4,7,0.571,2,11,13,1,0,1,1,2,22,21.7,23,42.8
DeAndre Jordan,36,36,2016-01-06,27,LAC,A,POR,11,1,35:56,6,7,0.857,0,0,NA,2,4,0.5,5,9,14,0,0,4,0,1,14,19.3,16,41
DeAndre Jordan,37,37,2016-01-09,27,LAC,H,CHO,14,1,35:25,4,10,0.4,0,0,NA,3,4,0.75,7,12,19,2,0,4,0,2,11,17.1,21,47.3
DeAndre Jordan,38,38,2016-01-10,27,LAC,H,NOP,3,1,42:29,4,6,0.667,0,0,NA,4,10,0.4,2,9,11,3,0,2,2,3,12,11.4,13,34.8
DeAndre Jordan,41,39,2016-01-18,27,LAC,H,HOU,8,1,41:01,6,7,0.857,0,0,NA,4,8,0.5,2,13,15,0,0,2,0,4,16,17,2,40.3
DeAndre Jordan,42,40,2016-01-21,27,LAC,A,CLE,-13,1,32:51,2,5,0.4,0,0,NA,6,15,0.4,3,10,13,1,0,0,1,1,10,8.1,-15,28.8
DeAndre Jordan,43,41,2016-01-22,27,LAC,A,NYK,28,1,29:47,7,7,1,0,0,NA,6,12,0.5,1,7,8,2,0,0,1,1,20,18.3,24,32.5
DeAndre Jordan,44,42,2016-01-24,27,LAC,A,TOR,-18,1,32:22,6,9,0.667,0,0,NA,3,9,0.333,4,9,13,0,0,0,0,3,15,13,5,32.8
DeAndre Jordan,45,43,2016-01-26,27,LAC,A,IND,2,1,41:14,3,6,0.5,0,0,NA,3,8,0.375,4,15,19,2,0,3,1,1,9,13.4,-4,41.3
DeAndre Jordan,46,44,2016-01-27,27,LAC,A,ATL,2,1,33:43,3,5,0.6,0,0,NA,7,12,0.583,4,15,19,0,0,1,1,1,13,15.3,-11,39.8
DeAndre Jordan,47,45,2016-01-29,27,LAC,H,LAL,12,1,32:13,2,3,0.667,0,0,NA,2,4,0.5,3,14,17,1,1,1,2,4,6,9,21,31.8
DeAndre Jordan,48,46,2016-01-31,27,LAC,H,CHI,27,1,35:32,6,7,0.857,0,0,NA,5,8,0.625,5,15,20,4,1,4,1,1,17,26.5,18,59
DeAndre Jordan,49,47,2016-02-03,27,LAC,H,MIN,-6,1,36:20,7,8,0.875,0,0,NA,4,10,0.4,3,12,15,0,2,3,1,1,18,21.2,-8,47.8
DeAndre Jordan,50,48,2016-02-05,27,LAC,A,ORL,14,1,37:18,4,7,0.571,0,0,NA,4,6,0.667,4,14,18,1,1,3,3,1,12,15.3,16,44
DeAndre Jordan,51,49,2016-02-07,27,LAC,A,MIA,7,1,34:36,3,4,0.75,0,0,NA,3,14,0.214,2,9,11,3,0,3,0,3,9,10.1,5,33.3
DeAndre Jordan,52,50,2016-02-08,27,LAC,A,PHI,6,1,42:42,5,10,0.5,0,0,NA,2,7,0.286,8,13,21,1,0,3,2,4,12,13.7,12,46.3
DeAndre Jordan,53,51,2016-02-10,27,LAC,A,BOS,-5,1,41:54,6,11,0.545,0,0,NA,9,17,0.529,4,12,16,3,1,2,3,4,21,18.8,-8,51.5
DeAndre Jordan,54,52,2016-02-18,27,LAC,H,SAS,19,1,36:59,4,6,0.667,0,0,NA,1,2,0.5,2,15,17,1,3,2,3,3,9,12.8,28,40.3
DeAndre Jordan,55,53,2016-02-20,27,LAC,H,GSW,-3,1,36:33,7,13,0.538,0,0,NA,2,4,0.5,7,14,21,3,2,2,2,2,16,20.7,-12,55.3
DeAndre Jordan,56,54,2016-02-22,27,LAC,H,PHO,40,1,26:42,6,9,0.667,0,0,NA,5,11,0.455,2,9,11,1,0,4,2,4,17,14.7,35,40.8
DeAndre Jordan,57,55,2016-02-24,27,LAC,H,DEN,-6,1,36:51,2,5,0.4,0,0,NA,3,7,0.429,3,9,12,1,1,4,4,2,7,7.2,-6,31.5
DeAndre Jordan,58,56,2016-02-26,27,LAC,A,SAC,10,1,33:48,3,5,0.6,0,0,NA,2,5,0.4,4,7,11,0,0,1,1,5,8,7.1,7,23.3
DeAndre Jordan,59,57,2016-02-29,27,LAC,H,BRK,10,1,36:28,5,8,0.625,0,0,NA,0,0,NA,1,9,10,1,0,1,2,3,10,8,0,26.5
DeAndre Jordan,60,58,2016-03-02,27,LAC,H,OKC,5,1,36:27,8,13,0.615,0,0,NA,4,7,0.571,6,12,18,2,1,1,0,0,20,23.8,1,51
DeAndre Jordan,61,59,2016-03-05,27,LAC,H,ATL,-10,1,33:16,5,7,0.714,0,0,NA,7,17,0.412,2,9,11,2,4,5,3,2,17,19.3,-9,51.8
DeAndre Jordan,62,60,2016-03-07,27,LAC,A,DAL,19,1,38:08,6,7,0.857,0,0,NA,11,19,0.579,4,16,20,1,2,2,0,1,23,28.6,34,59
DeAndre Jordan,63,61,2016-03-09,27,LAC,A,OKC,-12,1,32:47,7,7,1,0,0,NA,4,12,0.333,0,7,7,2,0,1,1,1,18,15.5,-7,31.3
DeAndre Jordan,64,62,2016-03-11,27,LAC,H,NYK,7,1,37:45,4,7,0.571,0,0,NA,2,2,1,4,15,19,0,1,6,2,4,10,15.6,7,48.3
DeAndre Jordan,65,63,2016-03-13,27,LAC,H,CLE,-24,1,32:19,4,4,1,0,0,NA,3,4,0.75,2,9,11,1,0,1,1,3,11,12.7,-14,29.3
DeAndre Jordan,66,64,2016-03-15,27,LAC,A,SAS,-21,1,36:37,7,8,0.875,0,0,NA,2,4,0.5,3,11,14,0,0,1,4,2,16,13.7,-2,35
DeAndre Jordan,67,65,2016-03-16,27,LAC,A,HOU,16,1,37:13,8,8,1,0,0,NA,7,13,0.538,3,13,16,1,1,2,1,2,23,25.5,12,51.5
DeAndre Jordan,68,66,2016-03-19,27,LAC,A,MEM,-11,1,32:55,6,6,1,0,0,NA,4,10,0.4,1,6,7,1,1,2,1,5,16,14.4,-25,31.8
DeAndre Jordan,69,67,2016-03-20,27,LAC,A,NOP,-4,1,34:16,3,5,0.6,0,0,NA,6,11,0.545,3,6,9,2,0,1,1,2,12,11.9,5,27.8
DeAndre Jordan,70,68,2016-03-23,27,LAC,A,GSW,-16,1,38:00,7,10,0.7,0,0,NA,5,10,0.5,2,18,20,3,0,2,0,5,19,21.1,1,54
DeAndre Jordan,71,69,2016-03-24,27,LAC,H,POR,2,1,32:06,3,7,0.429,0,1,0,6,16,0.375,5,8,13,3,3,1,5,5,12,9,0,39.8
DeAndre Jordan,72,70,2016-03-27,27,LAC,H,DEN,15,1,29:11,7,10,0.7,0,0,NA,2,4,0.5,7,9,16,2,2,6,5,2,16,20.4,11,54
DeAndre Jordan,73,71,2016-03-28,27,LAC,H,BOS,24,1,28:49,5,8,0.625,0,0,NA,5,7,0.714,3,10,13,2,1,3,1,2,15,18.4,10,43.3
DeAndre Jordan,74,72,2016-03-30,27,LAC,A,MIN,20,1,29:32,5,7,0.714,0,0,NA,1,3,0.333,3,5,8,0,0,3,1,1,11,11.6,28,26.5
DeAndre Jordan,76,73,2016-04-03,27,LAC,H,WAS,5,1,35:05,5,7,0.714,0,0,NA,2,11,0.182,3,9,12,1,2,3,1,3,12,12.9,5,39.5
DeAndre Jordan,77,74,2016-04-05,27,LAC,H,LAL,22,1,28:59,3,6,0.5,0,0,NA,1,4,0.25,2,12,14,3,0,0,1,2,7,8.1,28,28.5
DeAndre Jordan,78,75,2016-04-06,27,LAC,A,LAL,10,1,27:11,7,9,0.778,0,0,NA,1,2,0.5,3,8,11,0,0,4,2,2,15,15.6,12,37.3
DeAndre Jordan,80,76,2016-04-10,27,LAC,H,DAL,7,1,32:01,4,5,0.8,0,0,NA,6,23,0.261,2,8,10,0,0,1,1,2,14,8,15,29.5
DeAndre Jordan,81,77,2016-04-12,27,LAC,H,MEM,26,1,27:52,3,4,0.75,0,0,NA,1,2,0.5,1,11,12,1,1,2,1,2,7,10.3,19,29
Wesley Johnson,1,1,2015-10-28,28,LAC,A,SAC,7,0,10:36,1,2,0.5,1,1,1,0,0,NA,0,0,0,0,1,0,0,0,3,3,-8,5.5
Wesley Johnson,2,2,2015-10-29,28,LAC,H,DAL,16,0,21:47,3,7,0.429,0,4,0,0,0,NA,1,6,7,0,0,1,0,2,6,4.7,3,16.8
Wesley Johnson,3,3,2015-10-31,28,LAC,H,SAC,5,0,11:24,0,2,0,0,2,0,0,0,NA,0,1,1,0,0,0,0,3,0,-2.3,-13,1.3
Wesley Johnson,4,4,2015-11-02,28,LAC,H,PHO,6,0,14:03,4,5,0.8,0,1,0,1,1,1,0,3,3,0,0,0,0,1,9,7.6,15,12.8
Wesley Johnson,5,5,2015-11-04,28,LAC,A,GSW,-4,0,10:24,2,2,1,1,1,1,0,0,NA,0,0,0,0,0,0,0,3,5,3.2,-12,5.5
Wesley Johnson,6,6,2015-11-07,28,LAC,H,HOU,-4,0,9:18,2,3,0.667,0,1,0,1,2,0.5,1,0,1,1,1,1,0,1,5,6,-1,11.8
Wesley Johnson,7,7,2015-11-09,28,LAC,H,MEM,2,0,1:10,0,0,NA,0,0,NA,0,0,NA,0,0,0,0,0,0,0,0,0,0,2,0
Wesley Johnson,8,8,2015-11-11,28,LAC,A,DAL,-10,0,13:00,2,2,1,2,2,1,1,2,0.5,0,1,1,1,0,0,0,1,7,6.6,4,10.8
Wesley Johnson,9,9,2015-11-12,28,LAC,A,PHO,-14,0,24:12,5,11,0.455,3,6,0.5,1,1,1,0,3,3,0,1,0,1,3,14,8,5,20.8
Wesley Johnson,10,10,2015-11-14,28,LAC,H,DET,5,0,13:01,0,2,0,0,1,0,0,0,NA,0,2,2,0,2,0,0,1,0,0.8,-1,6.5
Wesley Johnson,11,11,2015-11-19,28,LAC,H,GSW,-7,0,16:07,3,6,0.5,1,2,0.5,0,0,NA,1,1,2,1,1,0,0,1,7,6.3,-2,13.5
Wesley Johnson,12,12,2015-11-20,28,LAC,A,POR,-11,0,22:02,2,3,0.667,0,1,0,0,0,NA,1,2,3,1,1,0,2,1,4,3.3,2,10.3
Wesley Johnson,13,13,2015-11-22,28,LAC,H,TOR,-11,0,18:08,3,6,0.5,2,5,0.4,0,0,NA,0,0,0,0,0,2,1,2,8,4.6,0,12.5
Wesley Johnson,14,14,2015-11-24,28,LAC,A,DEN,17,1,24:33,4,6,0.667,3,4,0.75,0,0,NA,0,2,2,1,0,1,0,5,11,8.4,8,18.5
Wesley Johnson,15,15,2015-11-25,28,LAC,H,UTA,-11,1,19:42,0,2,0,0,1,0,0,0,NA,0,1,1,0,0,0,3,3,0,-5.3,-2,-0.3
Wesley Johnson,16,16,2015-11-27,28,LAC,H,NOP,21,1,14:12,1,4,0.25,0,1,0,0,0,NA,0,2,2,0,0,0,0,4,2,-1.4,-2,4.5
Wesley Johnson,17,17,2015-11-29,28,LAC,H,MIN,8,0,4:12,0,0,NA,0,0,NA,0,0,NA,0,1,1,0,0,0,0,0,0,0.3,5,1.3
Wesley Johnson,18,18,2015-11-30,28,LAC,H,POR,15,0,4:41,1,1,1,1,1,1,0,0,NA,0,0,0,0,0,0,0,1,3,2.3,6,3.5
Wesley Johnson,19,19,2015-12-02,28,LAC,H,IND,-12,0,9:26,2,5,0.4,0,3,0,0,0,NA,0,1,1,0,1,0,0,1,4,2.2,2,7.3
Wesley Johnson,20,20,2015-12-05,28,LAC,H,ORL,2,0,35:39,6,12,0.5,6,12,0.5,3,5,0.6,1,6,7,2,2,1,1,2,21,19,12,41.3
Wesley Johnson,21,21,2015-12-07,28,LAC,A,MIN,4,0,22:03,4,6,0.667,2,4,0.5,0,0,NA,1,1,2,1,1,2,0,2,10,10.7,12,21
Wesley Johnson,22,22,2015-12-09,28,LAC,A,MIL,14,0,18:32,3,9,0.333,0,5,0,1,3,0.333,0,3,3,0,4,2,0,0,7,7.4,10,22.8
Wesley Johnson,23,23,2015-12-10,28,LAC,A,CHI,-3,0,15:21,3,6,0.5,3,4,0.75,0,0,NA,2,2,4,0,0,0,0,0,9,8,-6,15.5
Wesley Johnson,24,24,2015-12-12,28,LAC,A,BRK,5,0,18:01,2,5,0.4,1,3,0.333,0,0,NA,0,1,1,0,0,0,0,1,5,2.2,4,6.8
Wesley Johnson,25,25,2015-12-14,28,LAC,A,DET,2,0,29:44,2,6,0.333,1,3,0.333,0,0,NA,1,3,4,0,3,0,1,3,5,4,-10,16
Wesley Johnson,26,26,2015-12-16,28,LAC,H,MIL,13,0,13:05,0,3,0,0,2,0,0,0,NA,0,1,1,0,0,1,1,2,0,-2.9,2,2.8
Wesley Johnson,27,27,2015-12-18,28,LAC,A,SAS,-8,0,14:47,2,4,0.5,1,3,0.333,2,2,1,0,3,3,0,0,2,1,1,7,5.9,-7,14.8
Wesley Johnson,28,28,2015-12-19,28,LAC,A,HOU,-10,0,9:03,2,7,0.286,1,4,0.25,0,0,NA,0,0,0,0,0,1,1,0,5,0.6,-1,7
Wesley Johnson,29,29,2015-12-21,28,LAC,H,OKC,-1,0,12:12,1,4,0.25,0,2,0,0,0,NA,1,0,1,1,0,0,0,0,2,1,7,4.8
Wesley Johnson,30,30,2015-12-25,28,LAC,A,LAL,10,0,10:44,3,5,0.6,2,4,0.5,0,0,NA,0,1,1,0,0,1,1,1,8,5.3,-3,11.8
Wesley Johnson,31,31,2015-12-26,28,LAC,A,UTA,5,0,15:28,4,8,0.5,1,4,0.25,0,0,NA,0,2,2,1,1,0,2,2,9,4.5,-1,14.5
Wesley Johnson,32,32,2015-12-28,28,LAC,A,WAS,17,0,30:40,5,8,0.625,1,4,0.25,3,4,0.75,0,4,4,0,0,0,1,4,14,8.6,3,19
Wesley Johnson,33,33,2015-12-30,28,LAC,A,CHO,5,0,20:46,1,4,0.25,0,3,0,0,2,0,1,0,1,2,2,1,0,4,2,2,-2,12.3
Wesley Johnson,34,34,2015-12-31,28,LAC,A,NOP,6,0,27:15,3,10,0.3,1,7,0.143,0,0,NA,0,3,3,2,1,0,0,2,7,3.7,3,16.3
Wesley Johnson,35,35,2016-01-02,28,LAC,H,PHI,31,1,24:19,4,8,0.5,4,7,0.571,0,0,NA,0,2,2,1,4,2,1,2,12,12.9,19,29.5
Wesley Johnson,36,36,2016-01-06,28,LAC,A,POR,11,0,23:48,1,7,0.143,1,4,0.25,2,2,1,0,7,7,1,0,1,1,1,5,2.6,-3,17.3
Wesley Johnson,37,37,2016-01-09,28,LAC,H,CHO,14,0,22:57,1,7,0.143,1,5,0.2,0,0,NA,1,3,4,0,1,1,0,4,3,0.2,-4,12.5
Wesley Johnson,38,38,2016-01-10,28,LAC,H,NOP,3,0,33:53,5,13,0.385,3,11,0.273,2,4,0.5,1,3,4,2,5,0,3,1,15,11.7,7,33
Wesley Johnson,39,39,2016-01-13,28,LAC,H,MIA,14,0,22:12,2,5,0.4,1,4,0.25,0,0,NA,2,2,4,0,2,1,2,4,5,3.4,-1,15.5
Wesley Johnson,40,40,2016-01-16,28,LAC,H,SAC,-7,0,23:14,2,7,0.286,0,4,0,0,0,NA,2,5,7,0,0,0,0,3,4,1.6,-3,12.8
Wesley Johnson,41,41,2016-01-18,28,LAC,H,HOU,8,0,20:59,4,12,0.333,3,7,0.429,0,0,NA,2,4,6,4,0,1,2,2,11,7.5,8,27
Wesley Johnson,42,42,2016-01-21,28,LAC,A,CLE,-13,0,20:57,2,6,0.333,0,3,0,0,0,NA,0,3,3,0,1,0,0,2,4,1.7,-8,9.8
Wesley Johnson,43,43,2016-01-22,28,LAC,A,NYK,28,0,23:21,5,5,1,4,4,1,0,0,NA,0,3,3,1,2,2,0,2,14,16.7,15,29.3
Wesley Johnson,44,44,2016-01-24,28,LAC,A,TOR,-18,0,28:24,2,7,0.286,2,7,0.286,0,0,NA,1,3,4,1,1,0,0,3,6,4,-25,15.5
Wesley Johnson,45,45,2016-01-26,28,LAC,A,IND,2,0,19:56,5,8,0.625,5,6,0.833,0,0,NA,0,0,0,1,1,0,1,4,15,10.5,1,20.5
Wesley Johnson,46,46,2016-01-27,28,LAC,A,ATL,2,0,28:14,3,12,0.25,1,8,0.125,0,0,NA,0,6,6,0,6,1,2,2,7,5.5,15,28
Wesley Johnson,47,47,2016-01-29,28,LAC,H,LAL,12,1,25:31,4,10,0.4,0,4,0,1,2,0.5,0,2,2,1,2,1,0,1,9,6.8,5,19
Wesley Johnson,48,48,2016-01-31,28,LAC,H,CHI,27,0,20:10,4,8,0.5,3,5,0.6,0,1,0,0,2,2,1,0,0,0,2,11,7.1,10,16.5
Wesley Johnson,49,49,2016-02-03,28,LAC,H,MIN,-6,0,26:48,4,9,0.444,3,8,0.375,1,2,0.5,1,2,3,1,3,2,0,6,12,10.9,3,28.8
Wesley Johnson,50,50,2016-02-05,28,LAC,A,ORL,14,0,27:07,2,6,0.333,1,5,0.2,0,0,NA,0,5,5,0,1,4,1,1,5,5.5,0,21.3
Wesley Johnson,51,51,2016-02-07,28,LAC,A,MIA,7,0,17:44,4,5,0.8,2,3,0.667,0,0,NA,1,6,7,0,2,0,0,5,10,10.6,3,23.8
Wesley Johnson,52,52,2016-02-08,28,LAC,A,PHI,6,1,41:48,3,13,0.231,1,7,0.143,0,0,NA,2,7,9,2,2,1,1,4,7,4.1,16,27.3
Wesley Johnson,53,53,2016-02-10,28,LAC,A,BOS,-5,0,21:44,2,5,0.4,1,3,0.333,2,2,1,0,3,3,1,1,4,1,4,7,7.1,9,22.3
Wesley Johnson,54,54,2016-02-18,28,LAC,H,SAS,19,0,32:20,2,6,0.333,1,4,0.25,0,0,NA,1,5,6,0,2,1,2,0,5,4.5,2,18
Wesley Johnson,55,55,2016-02-20,28,LAC,H,GSW,-3,0,30:57,3,6,0.5,2,5,0.4,0,0,NA,1,3,4,3,1,0,0,2,8,8.9,2,20.5
Wesley Johnson,56,56,2016-02-22,28,LAC,H,PHO,40,0,28:16,4,6,0.667,2,4,0.5,1,1,1,1,7,8,2,2,1,0,2,11,14.5,16,31
Wesley Johnson,57,57,2016-02-24,28,LAC,H,DEN,-6,0,22:38,2,11,0.182,1,7,0.143,0,0,NA,0,7,7,0,2,0,2,2,5,-0.6,-10,17.3
Wesley Johnson,58,58,2016-02-26,28,LAC,A,SAC,10,0,20:33,2,8,0.25,0,2,0,0,0,NA,2,3,5,1,1,1,1,4,4,1.3,5,15.3
Wesley Johnson,59,59,2016-02-29,28,LAC,H,BRK,10,0,25:12,3,6,0.5,0,2,0,0,0,NA,0,5,5,0,1,0,2,2,6,2.7,0,13.3
Wesley Johnson,60,60,2016-03-02,28,LAC,H,OKC,5,0,30:57,4,16,0.25,3,9,0.333,0,1,0,2,2,4,2,5,1,0,1,11,9.7,16,32.5
Wesley Johnson,61,61,2016-03-05,28,LAC,H,ATL,-10,0,17:22,1,6,0.167,0,2,0,2,2,1,0,6,6,1,0,1,2,4,4,-0.2,7,14
Wesley Johnson,62,62,2016-03-07,28,LAC,A,DAL,19,0,23:55,1,6,0.167,1,4,0.25,0,0,NA,0,5,5,1,2,1,3,2,3,0.3,19,15.8
Wesley Johnson,63,63,2016-03-09,28,LAC,A,OKC,-12,0,23:39,1,6,0.167,0,3,0,0,0,NA,0,3,3,2,0,0,0,3,2,-0.7,-16,8.8
Wesley Johnson,64,64,2016-03-11,28,LAC,H,NYK,7,1,23:27,4,12,0.333,2,6,0.333,0,1,0,0,4,4,0,1,0,1,4,10,2.4,12,17.5
Wesley Johnson,65,65,2016-03-13,28,LAC,H,CLE,-24,0,28:21,4,13,0.308,2,6,0.333,1,1,1,0,5,5,0,0,0,1,3,11,2.8,-26,17.8
Wesley Johnson,66,66,2016-03-15,28,LAC,A,SAS,-21,0,20:48,0,2,0,0,1,0,0,0,NA,0,0,0,1,0,1,0,0,0,0,-16,3.5
Wesley Johnson,67,67,2016-03-16,28,LAC,A,HOU,16,0,16:13,5,5,1,2,2,1,0,0,NA,0,3,3,0,1,0,0,1,12,12,4,18.8
Wesley Johnson,68,68,2016-03-19,28,LAC,A,MEM,-11,0,18:50,3,5,0.6,2,4,0.5,0,0,NA,0,3,3,0,0,1,2,5,8,3.3,4,13.8
Wesley Johnson,69,69,2016-03-20,28,LAC,A,NOP,-4,0,19:02,0,8,0,0,6,0,0,0,NA,0,3,3,0,2,0,2,3,0,-5.9,-9,6.8
Wesley Johnson,70,70,2016-03-23,28,LAC,A,GSW,-16,0,17:23,2,6,0.333,0,3,0,0,0,NA,0,0,0,0,0,0,0,0,4,0.6,-6,4
Wesley Johnson,71,71,2016-03-24,28,LAC,H,POR,2,0,14:13,1,1,1,0,0,NA,2,2,1,1,3,4,1,0,0,0,4,4,4.4,1,10.5
Wesley Johnson,72,72,2016-03-27,28,LAC,H,DEN,15,0,27:38,5,6,0.833,3,4,0.75,0,0,NA,2,2,4,1,3,1,1,4,13,14.6,5,28.5
Wesley Johnson,73,73,2016-03-28,28,LAC,H,BOS,24,0,16:19,4,7,0.571,1,3,0.333,2,2,1,0,1,1,0,1,0,0,2,11,8.2,3,14.8
Wesley Johnson,74,74,2016-03-30,28,LAC,A,MIN,20,1,28:12,3,6,0.5,0,2,0,1,1,1,0,5,5,0,1,2,1,3,7,5.7,6,18.8
Wesley Johnson,75,75,2016-03-31,28,LAC,A,OKC,-2,1,37:29,6,13,0.462,2,6,0.333,0,0,NA,0,3,3,2,0,2,2,3,14,7.8,-3,24.8
Wesley Johnson,76,76,2016-04-03,28,LAC,H,WAS,5,0,25:14,1,6,0.167,0,2,0,0,0,NA,2,4,6,0,2,1,0,2,2,2.7,-7,15.5
Wesley Johnson,77,77,2016-04-05,28,LAC,H,LAL,22,0,19:31,2,7,0.286,2,4,0.5,0,0,NA,0,2,2,1,2,1,0,1,6,5.5,-6,17
Wesley Johnson,80,78,2016-04-10,28,LAC,H,DAL,7,0,16:00,1,1,1,1,1,1,0,0,NA,0,1,1,0,0,1,0,2,3,2.9,10,6.8
Wesley Johnson,81,79,2016-04-12,28,LAC,H,MEM,26,0,18:17,2,5,0.4,1,3,0.333,0,0,NA,0,1,1,0,2,2,0,1,5,5.6,4,14.8
Wesley Johnson,82,80,2016-04-13,28,LAC,A,PHO,-9,0,34:37,7,16,0.438,5,8,0.625,0,0,NA,1,1,2,0,2,1,1,3,19,12.1,5,29.5
Pablo Prigioni,2,1,2015-10-29,38,LAC,H,DAL,16,0,7:05,0,4,0,0,3,0,0,0,NA,0,1,1,1,0,0,1,0,0,-2.8,-8,2.3
Pablo Prigioni,6,2,2015-11-07,38,LAC,H,HOU,-4,0,16:28,0,5,0,0,3,0,0,0,NA,0,0,0,2,1,0,0,2,0,-1.9,0,5
Pablo Prigioni,8,3,2015-11-11,38,LAC,A,DAL,-10,0,0:27,0,0,NA,0,0,NA,0,0,NA,0,0,0,0,0,0,0,0,0,0,-2,0
Pablo Prigioni,9,4,2015-11-12,38,LAC,A,PHO,-14,1,23:08,2,6,0.333,2,5,0.4,0,0,NA,2,2,4,3,3,0,2,3,6,6.5,1,21.5
Pablo Prigioni,10,5,2015-11-14,38,LAC,H,DET,5,0,10:51,0,1,0,0,1,0,0,0,NA,0,0,0,0,1,0,1,0,0,-0.7,-9,1.5
Pablo Prigioni,19,6,2015-12-02,38,LAC,H,IND,-12,0,13:13,1,3,0.333,0,1,0,2,2,1,0,1,1,1,1,0,0,1,4,3.9,-8,8.8
Pablo Prigioni,20,7,2015-12-05,38,LAC,H,ORL,2,0,19:04,0,1,0,0,1,0,0,0,NA,1,1,2,4,0,0,0,1,0,2.7,8,8.5
Pablo Prigioni,28,8,2015-12-19,38,LAC,A,HOU,-10,0,6:05,2,3,0.667,2,3,0.667,0,0,NA,0,2,2,2,0,0,0,3,6,5.5,8,12.5
Pablo Prigioni,29,9,2015-12-21,38,LAC,H,OKC,-1,0,12:02,1,2,0.5,0,1,0,0,0,NA,1,0,1,2,1,0,0,0,2,4.1,3,8.3
Pablo Prigioni,30,10,2015-12-25,38,LAC,A,LAL,10,0,13:05,1,1,1,1,1,1,0,0,NA,2,2,4,2,1,0,1,2,3,5.3,-7,13
Pablo Prigioni,31,11,2015-12-26,38,LAC,A,UTA,5,0,12:27,0,1,0,0,1,0,0,0,NA,0,1,1,2,1,0,0,0,0,2,-2,6.3
Pablo Prigioni,32,12,2015-12-28,38,LAC,A,WAS,17,0,20:44,1,1,1,0,0,NA,0,0,NA,0,2,2,1,1,0,1,2,2,2.2,7,7.5
Pablo Prigioni,33,13,2015-12-30,38,LAC,A,CHO,5,0,17:44,2,2,1,1,1,1,0,0,NA,0,0,0,4,0,0,1,3,5,5,9,11
Pablo Prigioni,34,14,2015-12-31,38,LAC,A,NOP,6,0,15:24,2,4,0.5,1,2,0.5,0,0,NA,1,0,1,2,1,0,2,1,5,3.7,-7,10.8
Pablo Prigioni,35,15,2016-01-02,38,LAC,H,PHI,31,0,21:58,1,1,1,0,0,NA,0,0,NA,1,2,3,3,1,0,3,2,2,2.3,9,10.8
Pablo Prigioni,36,16,2016-01-06,38,LAC,A,POR,11,0,12:25,0,0,NA,0,0,NA,0,0,NA,1,1,2,1,0,0,0,3,0,0.5,-4,4
Pablo Prigioni,37,17,2016-01-09,38,LAC,H,CHO,14,0,16:47,0,0,NA,0,0,NA,0,0,NA,1,2,3,4,0,0,0,3,0,2.9,-7,9.8
Pablo Prigioni,38,18,2016-01-10,38,LAC,H,NOP,3,0,13:00,1,1,1,1,1,1,0,0,NA,1,0,1,4,0,0,1,1,3,4.8,-6,10.3
Pablo Prigioni,39,19,2016-01-13,38,LAC,H,MIA,14,0,14:53,1,1,1,0,0,NA,0,0,NA,0,2,2,2,8,0,1,1,2,10.3,3,23
Pablo Prigioni,40,20,2016-01-16,38,LAC,H,SAC,-7,0,16:11,2,4,0.5,1,3,0.333,0,0,NA,2,2,4,4,0,0,1,0,5,6.8,0,16
Pablo Prigioni,41,21,2016-01-18,38,LAC,H,HOU,8,0,10:29,0,2,0,0,1,0,0,0,NA,1,0,1,1,1,0,3,1,0,-2.4,-6,3.3
Pablo Prigioni,42,22,2016-01-21,38,LAC,A,CLE,-13,0,12:41,1,4,0.25,1,3,0.333,0,0,NA,0,2,2,2,1,0,0,0,3,3.6,-4,11
Pablo Prigioni,43,23,2016-01-22,38,LAC,A,NYK,28,0,19:06,3,4,0.75,1,2,0.5,0,0,NA,1,3,4,4,4,0,0,0,7,13.8,6,26.5
Pablo Prigioni,44,24,2016-01-24,38,LAC,A,TOR,-18,0,8:19,0,1,0,0,1,0,0,0,NA,0,0,0,1,2,0,3,1,0,-1.4,-23,4
Pablo Prigioni,45,25,2016-01-26,38,LAC,A,IND,2,0,13:23,1,2,0.5,0,1,0,0,0,NA,1,4,5,0,2,0,1,3,2,2.7,10,11.8
Pablo Prigioni,46,26,2016-01-27,38,LAC,A,ATL,2,0,15:11,0,1,0,0,1,0,0,0,NA,0,1,1,2,1,0,0,2,0,1.2,9,6.3
Pablo Prigioni,47,27,2016-01-29,38,LAC,H,LAL,12,0,16:57,0,1,0,0,1,0,0,0,NA,1,1,2,1,0,0,2,1,0,-1.4,4,3
Pablo Prigioni,48,28,2016-01-31,38,LAC,H,CHI,27,0,12:28,1,1,1,1,1,1,0,0,NA,0,3,3,0,0,0,0,1,3,3.2,11,7.3
Pablo Prigioni,49,29,2016-02-03,38,LAC,H,MIN,-6,0,12:16,1,3,0.333,0,1,0,0,0,NA,0,0,0,2,1,0,1,2,2,0.9,3,6.5
Pablo Prigioni,50,30,2016-02-05,38,LAC,A,ORL,14,0,10:34,1,2,0.5,0,1,0,0,0,NA,2,1,3,2,0,0,2,1,2,1.7,-11,7.8
Pablo Prigioni,51,31,2016-02-07,38,LAC,A,MIA,7,0,14:05,1,3,0.333,0,2,0,0,0,NA,1,0,1,2,1,0,0,2,2,2.6,0,8.3
Pablo Prigioni,52,32,2016-02-08,38,LAC,A,PHI,6,0,13:21,0,2,0,0,1,0,0,0,NA,0,2,2,4,0,0,0,3,0,0.8,-4,8.5
Pablo Prigioni,53,33,2016-02-10,38,LAC,A,BOS,-5,0,5:22,0,0,NA,0,0,NA,0,0,NA,2,0,2,0,0,0,0,0,0,1.4,-6,2.5
Pablo Prigioni,55,34,2016-02-20,38,LAC,H,GSW,-3,0,9:58,2,4,0.5,2,3,0.667,0,0,NA,1,2,3,2,1,0,1,2,6,5.9,8,15.3
Pablo Prigioni,56,35,2016-02-22,38,LAC,H,PHO,40,0,21:11,2,3,0.667,1,1,1,1,2,0.5,1,5,6,5,0,0,3,2,6,6.2,3,20
Pablo Prigioni,57,36,2016-02-24,38,LAC,H,DEN,-6,0,10:05,0,4,0,0,4,0,0,0,NA,0,2,2,3,1,0,1,5,0,-2.1,-5,8.5
Pablo Prigioni,58,37,2016-02-26,38,LAC,A,SAC,10,0,11:03,0,2,0,0,2,0,0,0,NA,1,1,2,1,1,0,0,2,0,0.5,-3,6
Pablo Prigioni,59,38,2016-02-29,38,LAC,H,BRK,10,0,11:52,1,1,1,0,0,NA,0,0,NA,1,1,2,1,0,0,1,0,2,2.4,5,5.5
Pablo Prigioni,60,39,2016-03-02,38,LAC,H,OKC,5,0,8:11,1,1,1,1,1,1,0,0,NA,0,1,1,0,0,0,1,0,3,2,-3,4.3
Pablo Prigioni,61,40,2016-03-05,38,LAC,H,ATL,-10,0,10:59,2,3,0.667,2,3,0.667,0,0,NA,0,0,0,1,0,0,1,1,6,4,2,8
Pablo Prigioni,62,41,2016-03-07,38,LAC,A,DAL,19,0,16:23,1,2,0.5,1,2,0.5,0,0,NA,1,0,1,1,2,0,1,2,3,3.6,-8,9.8
Pablo Prigioni,63,42,2016-03-09,38,LAC,A,OKC,-12,0,11:22,0,2,0,0,2,0,0,0,NA,1,0,1,3,1,0,1,0,0,1.4,-6,7.3
Pablo Prigioni,64,43,2016-03-11,38,LAC,H,NYK,7,0,7:29,0,0,NA,0,0,NA,0,0,NA,0,0,0,0,1,1,0,0,0,1.7,1,4
Pablo Prigioni,65,44,2016-03-13,38,LAC,H,CLE,-24,0,15:41,0,3,0,0,2,0,0,0,NA,0,0,0,3,0,0,0,1,0,-0.4,-10,4.5
Pablo Prigioni,66,45,2016-03-15,38,LAC,A,SAS,-21,0,12:40,1,2,0.5,1,1,1,0,0,NA,0,0,0,1,0,0,0,0,3,2.7,-20,5
Pablo Prigioni,68,46,2016-03-19,38,LAC,A,MEM,-11,0,1:18,0,0,NA,0,0,NA,0,0,NA,0,0,0,0,0,0,0,1,0,-0.4,-1,0
Pablo Prigioni,69,47,2016-03-20,38,LAC,A,NOP,-4,0,12:29,3,6,0.5,2,5,0.4,1,1,1,1,1,2,0,2,0,1,3,9,6.8,-4,16
Pablo Prigioni,70,48,2016-03-23,38,LAC,A,GSW,-16,0,2:53,1,2,0.5,1,1,1,0,0,NA,0,0,0,0,0,0,0,0,3,2,-1,3.5
Pablo Prigioni,71,49,2016-03-24,38,LAC,H,POR,2,0,9:10,0,0,NA,0,0,NA,0,0,NA,1,1,2,1,0,0,0,2,0,0.9,-5,4
Pablo Prigioni,72,50,2016-03-27,38,LAC,H,DEN,15,0,10:17,1,2,0.5,1,2,0.5,0,0,NA,1,0,1,5,1,0,0,1,3,6.8,-2,14.3
Pablo Prigioni,73,51,2016-03-28,38,LAC,H,BOS,24,0,13:16,1,2,0.5,1,2,0.5,0,0,NA,1,4,5,3,1,0,0,0,3,7,8,16.3
Pablo Prigioni,74,52,2016-03-30,38,LAC,A,MIN,20,0,17:29,0,5,0,0,3,0,0,0,NA,0,1,1,4,0,0,1,0,0,-1.4,-13,6.8
Pablo Prigioni,75,53,2016-03-31,38,LAC,A,OKC,-2,0,19:44,0,0,NA,0,0,NA,0,0,NA,0,4,4,4,1,0,0,2,0,4.2,4,13
Pablo Prigioni,77,54,2016-04-05,38,LAC,H,LAL,22,0,8:27,1,3,0.333,0,1,0,0,0,NA,0,0,0,2,1,0,0,0,2,2.7,0,7
Pablo Prigioni,78,55,2016-04-06,38,LAC,A,LAL,10,0,24:07,2,7,0.286,0,4,0,0,0,NA,2,2,4,4,1,0,3,3,4,1.5,-5,15.5
Pablo Prigioni,79,56,2016-04-08,38,LAC,A,UTA,3,1,41:43,4,9,0.444,2,5,0.4,3,3,1,0,7,7,7,0,0,1,5,13,12.3,22,32.8
Pablo Prigioni,80,57,2016-04-10,38,LAC,H,DAL,7,0,8:52,0,0,NA,0,0,NA,0,0,NA,0,0,0,0,1,0,0,2,0,0.2,-6,2
Pablo Prigioni,81,58,2016-04-12,38,LAC,H,MEM,26,0,19:18,2,2,1,1,1,1,0,0,NA,3,1,4,5,1,0,0,1,5,10.9,12,20
Pablo Prigioni,82,59,2016-04-13,38,LAC,A,PHO,-9,1,39:27,4,15,0.267,0,7,0,0,0,NA,1,5,6,9,4,0,6,2,8,4.8,-15,34
Chris Paul,1,1,2015-10-28,30,LAC,A,SAC,7,1,36:34,6,14,0.429,1,4,0.25,5,6,0.833,0,5,5,11,2,0,2,1,18,19,15,45.8
Chris Paul,2,2,2015-10-29,30,LAC,H,DAL,16,1,24:22,3,8,0.375,1,4,0.25,2,2,1,0,3,3,5,1,0,0,1,9,9.6,15,22.8
Chris Paul,3,3,2015-10-31,30,LAC,H,SAC,5,1,38:28,5,13,0.385,1,5,0.2,6,8,0.75,0,6,6,11,1,0,5,2,17,13.8,19,42.5
Chris Paul,4,4,2015-11-02,30,LAC,H,PHO,6,1,30:47,7,15,0.467,1,2,0.5,2,2,1,0,3,3,5,1,0,5,3,17,8.5,-4,28.3
Chris Paul,5,5,2015-11-04,30,LAC,A,GSW,-4,1,30:53,9,15,0.6,1,3,0.333,5,7,0.714,0,3,3,9,3,0,2,4,24,22.9,-2,46.8
Chris Paul,7,6,2015-11-09,30,LAC,H,MEM,2,1,32:40,4,10,0.4,1,4,0.25,5,6,0.833,1,3,4,4,1,0,4,5,14,7.6,9,25.5
Chris Paul,8,7,2015-11-11,30,LAC,A,DAL,-10,1,34:33,2,11,0.182,1,3,0.333,6,7,0.857,0,1,1,11,0,0,2,2,11,8.9,-12,29.8
Chris Paul,11,8,2015-11-19,30,LAC,H,GSW,-7,1,31:30,13,22,0.591,5,9,0.556,4,4,1,0,4,4,8,3,0,3,2,35,30.8,-6,59
Chris Paul,12,9,2015-11-20,30,LAC,A,POR,-11,1,28:31,4,12,0.333,1,4,0.25,2,2,1,0,2,2,8,1,0,2,3,11,8.2,-18,27
Chris Paul,13,10,2015-11-22,30,LAC,H,TOR,-11,1,33:23,5,13,0.385,1,4,0.25,2,2,1,2,3,5,11,2,0,3,5,13,12.9,-15,40.3
Chris Paul,14,11,2015-11-24,30,LAC,A,DEN,17,1,28:07,6,11,0.545,0,0,NA,3,4,0.75,0,2,2,10,3,0,0,1,15,19.5,21,40
Chris Paul,15,12,2015-11-25,30,LAC,H,UTA,-11,1,34:56,10,15,0.667,2,2,1,2,2,1,2,3,5,8,3,0,2,3,24,25.2,-6,48.3
Chris Paul,16,13,2015-11-27,30,LAC,H,NOP,21,1,28:36,5,11,0.455,1,4,0.25,6,7,0.857,0,5,5,8,2,0,0,1,17,19.6,26,39.8
Chris Paul,17,14,2015-11-29,30,LAC,H,MIN,8,1,31:33,7,12,0.583,0,1,0,6,6,1,0,2,2,9,0,0,4,2,20,16.5,7,34
Chris Paul,18,15,2015-11-30,30,LAC,H,POR,15,1,24:05,3,11,0.273,0,1,0,4,4,1,2,1,3,6,2,0,4,1,10,7,13,24.8
Chris Paul,21,16,2015-12-07,30,LAC,A,MIN,4,1,31:38,5,14,0.357,1,2,0.5,3,3,1,0,1,1,5,4,0,5,4,14,7.4,7,28.8
Chris Paul,22,17,2015-12-09,30,LAC,A,MIL,14,1,37:48,7,13,0.538,2,4,0.5,2,2,1,0,3,3,18,0,0,2,4,18,21.6,25,50.3
Chris Paul,23,18,2015-12-10,30,LAC,A,CHI,-3,1,30:49,5,16,0.313,2,4,0.5,0,0,NA,0,0,0,5,1,0,4,3,12,2.1,8,20.5
Chris Paul,24,19,2015-12-12,30,LAC,A,BRK,5,1,31:15,6,15,0.4,0,4,0,3,3,1,0,2,2,14,3,0,3,2,15,16.5,1,44.5
Chris Paul,25,20,2015-12-14,30,LAC,A,DET,2,1,37:58,6,16,0.375,0,2,0,1,1,1,1,4,5,12,2,0,3,5,13,11.5,13,41.3
Chris Paul,26,21,2015-12-16,30,LAC,H,MIL,13,1,33:12,7,12,0.583,3,4,0.75,4,4,1,0,6,6,8,2,0,4,1,21,20.4,14,44
Chris Paul,27,22,2015-12-18,30,LAC,A,SAS,-8,1,34:22,8,14,0.571,2,5,0.4,9,10,0.9,1,1,2,10,3,0,2,5,27,27,5,52
Chris Paul,28,23,2015-12-19,30,LAC,A,HOU,-10,1,31:22,3,13,0.231,2,7,0.286,4,5,0.8,0,1,1,10,7,0,2,2,12,15.2,-1,43.8
Chris Paul,29,24,2015-12-21,30,LAC,H,OKC,-1,1,35:58,11,19,0.579,4,6,0.667,6,6,1,1,4,5,10,2,0,2,3,32,30.8,-4,59.8
Chris Paul,30,25,2015-12-25,30,LAC,A,LAL,10,1,34:55,11,19,0.579,0,3,0,1,1,1,0,5,5,6,3,0,1,2,23,21,17,43.8
Chris Paul,31,26,2015-12-26,30,LAC,A,UTA,5,1,35:33,7,14,0.5,1,1,1,4,4,1,1,1,2,11,2,0,1,4,19,20.1,7,43.5
Chris Paul,32,27,2015-12-28,30,LAC,A,WAS,17,1,27:27,9,20,0.45,1,5,0.2,4,4,1,1,4,5,7,0,0,2,1,23,17,10,39.3
Chris Paul,33,28,2015-12-30,30,LAC,A,CHO,5,1,30:16,4,13,0.308,0,3,0,11,12,0.917,3,2,5,11,1,1,5,2,19,17.4,-4,44.8
Chris Paul,34,29,2015-12-31,30,LAC,A,NOP,6,1,32:36,3,18,0.167,0,4,0,3,4,0.75,1,4,5,12,2,0,3,0,9,6.5,13,35.8
Chris Paul,35,30,2016-01-02,30,LAC,H,PHI,31,1,26:02,4,12,0.333,1,4,0.25,6,6,1,0,5,5,14,1,0,2,2,15,17.7,22,45.3
Chris Paul,36,31,2016-01-06,30,LAC,A,POR,11,1,35:35,9,19,0.474,0,3,0,3,4,0.75,1,3,4,19,1,0,3,4,21,22.2,15,56.5
Chris Paul,37,32,2016-01-09,30,LAC,H,CHO,14,1,31:13,11,19,0.579,3,5,0.6,0,0,NA,1,6,7,7,2,1,5,4,25,19.6,21,49.3
Chris Paul,38,33,2016-01-10,30,LAC,H,NOP,3,1,40:00,10,18,0.556,3,4,0.75,2,4,0.5,1,4,5,11,3,1,2,5,25,24.9,9,57.8
Chris Paul,39,34,2016-01-13,30,LAC,H,MIA,14,1,30:28,6,17,0.353,2,3,0.667,1,2,0.5,2,4,6,12,4,1,1,1,15,19.4,14,52.5
Chris Paul,40,35,2016-01-16,30,LAC,H,SAC,-7,1,27:12,4,11,0.364,3,5,0.6,4,4,1,0,4,4,7,1,0,4,5,15,10,1,32
Chris Paul,41,36,2016-01-18,30,LAC,H,HOU,8,1,42:31,8,15,0.533,5,7,0.714,7,9,0.778,0,6,6,12,6,1,5,4,28,30.2,14,69
Chris Paul,42,37,2016-01-21,30,LAC,A,CLE,-13,1,33:31,11,19,0.579,1,3,0.333,7,7,1,1,2,3,9,3,1,4,4,30,26.8,-4,53.8
Chris Paul,43,38,2016-01-22,30,LAC,A,NYK,28,1,27:40,6,15,0.4,2,4,0.5,2,2,1,0,6,6,13,1,0,2,3,16,16.6,19,46.5
Chris Paul,44,39,2016-01-24,30,LAC,A,TOR,-18,1,31:05,9,17,0.529,3,7,0.429,2,3,0.667,1,3,4,11,2,1,4,4,23,20.7,10,51.5
Chris Paul,45,40,2016-01-26,30,LAC,A,IND,2,1,36:06,11,21,0.524,4,8,0.5,0,0,NA,1,5,6,7,1,0,4,3,26,18.6,-9,46
Chris Paul,46,41,2016-01-27,30,LAC,A,ATL,2,1,32:49,5,15,0.333,0,4,0,1,1,1,0,4,4,10,3,0,2,1,11,11.3,-7,37.5
Chris Paul,47,42,2016-01-29,30,LAC,H,LAL,12,1,31:03,11,18,0.611,3,6,0.5,2,2,1,0,1,1,7,2,0,2,1,27,23.6,8,43.3
Chris Paul,48,43,2016-01-31,30,LAC,H,CHI,27,1,32:33,8,16,0.5,1,4,0.25,2,2,1,0,1,1,7,2,0,1,0,19,17.2,16,34.8
Chris Paul,49,44,2016-02-03,30,LAC,H,MIN,-6,1,35:44,6,14,0.429,4,9,0.444,6,6,1,2,2,4,8,2,0,2,2,22,21.4,-9,44
Chris Paul,50,45,2016-02-05,30,LAC,A,ORL,14,1,35:38,8,15,0.533,1,4,0.25,4,5,0.8,0,4,4,6,4,0,6,3,21,15.5,25,40.5
Chris Paul,51,46,2016-02-07,30,LAC,A,MIA,7,1,34:00,8,23,0.348,2,6,0.333,4,4,1,0,2,2,7,1,0,1,2,22,13.8,7,37.5
Chris Paul,52,47,2016-02-08,30,LAC,A,PHI,6,1,39:39,5,18,0.278,0,3,0,9,10,0.9,1,5,6,7,4,0,3,3,19,14.9,10,43.5
Chris Paul,53,48,2016-02-10,30,LAC,A,BOS,-5,1,47:38,13,21,0.619,3,8,0.375,6,9,0.667,0,5,5,13,3,1,2,5,35,34.6,1,70.8
Chris Paul,54,49,2016-02-18,30,LAC,H,SAS,19,1,36:57,9,18,0.5,3,7,0.429,7,7,1,0,5,5,12,1,1,2,2,28,27.8,25,58.3
Chris Paul,55,50,2016-02-20,30,LAC,H,GSW,-3,1,34:54,10,19,0.526,3,7,0.429,1,1,1,0,7,7,6,1,0,1,2,24,20.2,-14,44.8
Chris Paul,56,51,2016-02-22,30,LAC,H,PHO,40,1,26:49,6,11,0.545,1,2,0.5,3,3,1,0,2,2,14,2,0,1,3,16,20.9,37,45
Chris Paul,57,52,2016-02-24,30,LAC,H,DEN,-6,1,35:13,6,14,0.429,3,8,0.375,2,2,1,1,5,6,10,4,0,2,3,17,19.6,-4,49.5
Chris Paul,58,53,2016-02-26,30,LAC,A,SAC,10,1,36:20,13,20,0.65,4,9,0.444,10,10,1,1,7,8,13,2,0,2,1,40,42.7,14,76
Chris Paul,59,54,2016-02-29,30,LAC,H,BRK,10,1,36:08,8,15,0.533,1,5,0.2,6,6,1,1,5,6,12,2,0,3,3,23,24.1,5,53
Chris Paul,60,55,2016-03-02,30,LAC,H,OKC,5,1,39:49,8,17,0.471,1,4,0.25,4,4,1,1,3,4,13,1,1,2,4,21,21.1,8,50.5
Chris Paul,61,56,2016-03-05,30,LAC,H,ATL,-10,1,37:01,6,16,0.375,2,5,0.4,3,3,1,0,6,6,11,1,0,4,2,17,13.9,-12,43.5
Chris Paul,62,57,2016-03-07,30,LAC,A,DAL,19,1,27:49,12,18,0.667,2,6,0.333,1,1,1,0,4,4,7,3,0,1,3,27,26.1,21,49
Chris Paul,63,58,2016-03-09,30,LAC,A,OKC,-12,1,37:26,5,15,0.333,1,6,0.167,1,1,1,0,3,3,16,5,1,3,3,12,17.1,-11,52.3
Chris Paul,64,59,2016-03-11,30,LAC,H,NYK,7,1,33:59,9,17,0.529,4,7,0.571,2,4,0.5,0,4,4,15,2,0,4,1,24,24.2,8,57
Chris Paul,65,60,2016-03-13,30,LAC,H,CLE,-24,1,29:48,5,11,0.455,3,6,0.5,4,4,1,0,5,5,10,2,0,4,2,17,17,-8,43.3
Chris Paul,66,61,2016-03-15,30,LAC,A,SAS,-21,1,33:15,9,16,0.563,1,3,0.333,3,3,1,0,4,4,8,3,0,3,1,22,20.8,2,44
Chris Paul,67,62,2016-03-16,30,LAC,A,HOU,16,1,31:53,5,13,0.385,0,5,0,5,6,0.833,1,3,4,16,2,0,3,0,15,19.3,9,48
Chris Paul,68,63,2016-03-19,30,LAC,A,MEM,-11,1,31:53,7,14,0.5,3,5,0.6,8,9,0.889,0,3,3,6,1,0,3,2,25,19.9,-20,39.8
Chris Paul,69,64,2016-03-20,30,LAC,A,NOP,-4,1,35:31,5,14,0.357,3,7,0.429,11,13,0.846,0,6,6,13,4,0,1,5,24,27.3,0,61.5
Chris Paul,70,65,2016-03-23,30,LAC,A,GSW,-16,1,35:21,4,16,0.25,1,6,0.167,4,5,0.8,1,5,6,8,1,0,3,4,13,7.2,4,33.5
Chris Paul,71,66,2016-03-24,30,LAC,H,POR,2,1,30:56,8,15,0.533,0,2,0,9,9,1,1,4,5,7,1,0,4,2,25,20.7,5,41.8
Chris Paul,72,67,2016-03-27,30,LAC,H,DEN,15,1,25:53,4,11,0.364,2,4,0.5,4,5,0.8,1,5,6,9,1,1,2,1,14,15.3,22,39
Chris Paul,73,68,2016-03-28,30,LAC,H,BOS,24,1,26:19,5,14,0.357,1,3,0.333,2,2,1,0,4,4,14,3,0,4,2,13,14.4,7,45
Chris Paul,74,69,2016-03-30,30,LAC,A,MIN,20,1,30:31,6,16,0.375,1,4,0.25,7,7,1,2,6,8,16,1,0,2,1,20,24.2,33,57
Chris Paul,76,70,2016-04-03,30,LAC,H,WAS,5,1,32:41,10,19,0.526,1,3,0.333,6,7,0.857,0,3,3,12,1,0,2,2,27,24.8,6,51.8
Chris Paul,77,71,2016-04-05,30,LAC,H,LAL,22,1,23:05,10,14,0.714,2,4,0.5,3,3,1,0,4,4,8,2,1,0,1,25,28.3,30,49
Chris Paul,78,72,2016-04-06,30,LAC,A,LAL,10,1,24:26,5,10,0.5,1,3,0.333,2,2,1,1,4,5,8,0,0,1,2,13,13.7,15,31.3
Chris Paul,80,73,2016-04-10,30,LAC,H,DAL,7,1,35:14,2,10,0.2,0,4,0,1,1,1,0,7,7,11,1,0,0,2,5,8.8,16,32.3
Chris Paul,81,74,2016-04-12,30,LAC,H,MEM,26,1,26:31,4,9,0.444,2,3,0.667,2,2,1,1,1,2,13,2,0,5,1,12,14,19,38
Jeff Green,54,54,2016-02-20,29,LAC,H,GSW,-3,0,19:42,2,7,0.286,0,1,0,1,2,0.5,2,0,2,1,0,0,3,3,5,-1.6,0,7.5
Jeff Green,55,55,2016-02-22,29,LAC,H,PHO,40,0,23:42,6,10,0.6,2,3,0.667,4,7,0.571,0,5,5,2,0,1,0,1,18,15.4,6,30.3
Jeff Green,56,56,2016-02-24,29,LAC,H,DEN,-6,0,25:30,3,10,0.3,0,3,0,0,2,0,2,3,5,1,0,3,2,2,6,1.7,-1,18.8
Jeff Green,57,57,2016-02-26,29,LAC,A,SAC,10,1,30:37,9,13,0.692,4,5,0.8,0,0,NA,1,4,5,0,0,1,2,5,22,15.1,6,31.3
Jeff Green,58,58,2016-02-29,29,LAC,H,BRK,10,0,31:13,3,9,0.333,1,3,0.333,0,0,NA,1,6,7,2,0,0,0,2,7,5,3,19.3
Jeff Green,59,59,2016-03-02,29,LAC,H,OKC,5,1,17:07,0,7,0,0,3,0,0,0,NA,0,2,2,2,0,0,1,3,0,-5.1,-3,5
Jeff Green,60,60,2016-03-05,29,LAC,H,ATL,-10,1,37:37,6,9,0.667,2,4,0.5,0,1,0,1,4,5,2,1,2,0,4,14,13.8,-11,30.3
Jeff Green,61,61,2016-03-07,29,LAC,A,DAL,19,1,20:57,0,5,0,0,2,0,0,0,NA,0,3,3,2,0,1,1,1,0,-1.9,-8,8.3
Jeff Green,62,62,2016-03-09,29,LAC,A,OKC,-12,1,25:42,10,13,0.769,3,5,0.6,0,0,NA,0,2,2,0,2,1,0,2,23,20.4,-2,33
Jeff Green,63,63,2016-03-11,29,LAC,H,NYK,7,1,44:59,6,11,0.545,1,2,0.5,4,5,0.8,1,5,6,4,0,1,0,2,17,16.2,7,33
Jeff Green,64,64,2016-03-13,29,LAC,H,CLE,-24,1,27:20,2,10,0.2,0,4,0,3,5,0.6,1,2,3,5,0,0,0,4,7,3.2,11,18.3
Jeff Green,65,65,2016-03-15,29,LAC,A,SAS,-21,1,31:30,5,13,0.385,3,7,0.429,2,2,1,1,1,2,0,0,1,2,4,15,6,-6,20
Jeff Green,66,66,2016-03-16,29,LAC,A,HOU,16,1,15:35,0,4,0,0,1,0,0,0,NA,0,0,0,0,1,1,1,4,0,-3.7,16,3.5
Jeff Green,67,67,2016-03-19,29,LAC,A,MEM,-11,1,20:57,2,5,0.4,1,3,0.333,3,4,0.75,0,1,1,0,1,0,0,2,8,5.4,-12,11.8
Jeff Green,69,68,2016-03-23,29,LAC,A,GSW,-16,0,25:04,4,9,0.444,1,2,0.5,4,5,0.8,0,3,3,1,4,1,1,1,13,12.8,-10,28.3
Jeff Green,70,69,2016-03-24,29,LAC,H,POR,2,0,26:13,2,7,0.286,0,2,0,0,0,NA,0,4,4,4,0,1,1,4,4,2,-3,16.5
Jeff Green,71,70,2016-03-27,29,LAC,H,DEN,15,0,29:26,6,13,0.462,0,0,NA,1,2,0.5,3,3,6,0,2,1,0,3,13,10.4,-4,26.5
Jeff Green,72,71,2016-03-28,29,LAC,H,BOS,24,0,26:15,4,11,0.364,1,1,1,1,2,0.5,0,4,4,1,0,0,1,1,10,4,17,16.5
Jeff Green,73,72,2016-03-30,29,LAC,A,MIN,20,0,29:00,4,10,0.4,0,3,0,2,2,1,0,3,3,1,1,2,0,3,10,7.4,4,21.3
Jeff Green,74,73,2016-03-31,29,LAC,A,OKC,-2,0,34:46,7,15,0.467,1,5,0.2,4,8,0.5,1,2,3,0,0,1,1,2,19,9.9,4,24.8
Jeff Green,75,74,2016-04-03,29,LAC,H,WAS,5,0,14:50,2,4,0.5,0,0,NA,0,0,NA,0,0,0,0,0,0,3,0,4,-1,-4,2.5
Jeff Green,76,75,2016-04-05,29,LAC,H,LAL,22,0,31:21,7,12,0.583,1,3,0.333,6,9,0.667,0,3,3,2,1,1,1,4,21,15.6,-5,31.8
Jeff Green,77,76,2016-04-06,29,LAC,A,LAL,10,0,14:12,1,5,0.2,0,2,0,1,2,0.5,1,1,2,2,1,0,0,0,3,2.9,2,10.5
Jeff Green,78,77,2016-04-08,29,LAC,A,UTA,3,0,35:54,7,21,0.333,3,7,0.429,1,2,0.5,1,3,4,0,1,1,1,2,18,7.2,-24,28
Jeff Green,79,78,2016-04-10,29,LAC,H,DAL,7,0,19:33,5,11,0.455,0,2,0,1,1,1,0,1,1,2,3,1,0,0,11,10.7,-2,23.3
Jeff Green,80,79,2016-04-12,29,LAC,H,MEM,26,0,25:42,6,12,0.5,1,2,0.5,0,2,0,2,1,3,1,0,0,0,1,13,8.2,17,18.8
Jeff Green,81,80,2016-04-13,29,LAC,A,PHO,-9,0,24:35,5,11,0.455,0,2,0,2,2,1,1,6,7,5,0,0,3,2,12,8.5,-6,26.8
C.J. Wilcox,19,1,2015-12-02,24,LAC,H,IND,-12,0,0:01,0,0,NA,0,0,NA,0,0,NA,0,0,0,0,0,0,0,1,0,-0.4,0,0
C.J. Wilcox,39,2,2016-01-13,25,LAC,H,MIA,14,0,2:39,0,2,0,0,0,NA,0,0,NA,0,0,0,1,0,0,0,0,0,-0.7,-3,1.5
C.J. Wilcox,42,3,2016-01-21,25,LAC,A,CLE,-13,0,2:47,0,0,NA,0,0,NA,0,0,NA,0,0,0,0,0,0,0,0,0,0,2,0
C.J. Wilcox,43,4,2016-01-22,25,LAC,A,NYK,28,0,6:10,2,2,1,0,0,NA,0,0,NA,0,0,0,0,0,0,0,0,4,3.4,0,4
C.J. Wilcox,44,5,2016-01-24,25,LAC,A,TOR,-18,0,4:58,0,2,0,0,0,NA,0,0,NA,0,1,1,1,0,0,0,0,0,-0.4,3,2.8
C.J. Wilcox,47,6,2016-01-29,25,LAC,H,LAL,12,0,1:39,1,2,0.5,0,0,NA,0,0,NA,0,1,1,0,0,0,0,0,2,1.3,-1,3.3
C.J. Wilcox,48,7,2016-01-31,25,LAC,H,CHI,27,0,2:37,0,3,0,0,1,0,0,0,NA,0,0,0,0,0,0,0,0,0,-2.1,6,0
C.J. Wilcox,50,8,2016-02-05,25,LAC,A,ORL,14,0,1:48,0,1,0,0,0,NA,0,0,NA,0,0,0,0,0,0,0,0,0,-0.7,0,0
C.J. Wilcox,54,9,2016-02-18,25,LAC,H,SAS,19,0,9:16,0,0,NA,0,0,NA,2,3,0.667,0,0,0,1,0,0,0,2,2,1.5,-3,3.5
C.J. Wilcox,55,10,2016-02-20,25,LAC,H,GSW,-3,0,4:47,2,4,0.5,2,4,0.5,0,0,NA,0,1,1,0,1,0,0,1,6,4.9,13,10.3
C.J. Wilcox,56,11,2016-02-22,25,LAC,H,PHO,40,0,10:28,2,7,0.286,1,3,0.333,0,0,NA,0,0,0,1,2,0,1,0,5,2.6,12,10.5
C.J. Wilcox,57,12,2016-02-24,25,LAC,H,DEN,-6,0,2:05,0,0,NA,0,0,NA,0,0,NA,0,0,0,0,0,0,0,0,0,0,3,0
C.J. Wilcox,58,13,2016-02-26,25,LAC,A,SAC,10,0,10:48,0,4,0,0,2,0,0,0,NA,0,0,0,1,0,1,0,1,0,-1.8,-1,3.5
C.J. Wilcox,68,14,2016-03-19,25,LAC,A,MEM,-11,0,1:04,1,1,1,0,0,NA,1,2,0.5,0,0,0,0,0,0,0,0,3,2.3,1,3
C.J. Wilcox,73,15,2016-03-28,25,LAC,H,BOS,24,0,5:14,1,1,1,0,0,NA,0,0,NA,0,0,0,1,1,0,0,1,2,3,0,5.5
C.J. Wilcox,74,16,2016-03-30,25,LAC,A,MIN,20,0,7:02,1,6,0.167,1,1,1,0,0,NA,0,0,0,0,0,0,0,2,3,-1.6,-11,3.5
C.J. Wilcox,75,17,2016-03-31,25,LAC,A,OKC,-2,0,8:01,1,1,1,0,0,NA,3,3,1,0,0,0,1,1,0,0,0,5,6.4,2,8.5
C.J. Wilcox,77,18,2016-04-05,25,LAC,H,LAL,22,0,7:06,2,3,0.667,0,0,NA,1,2,0.5,0,0,0,0,1,0,1,1,5,2.9,3,6.5
C.J. Wilcox,78,19,2016-04-06,25,LAC,A,LAL,10,0,25:07,2,9,0.222,2,5,0.4,0,0,NA,0,1,1,2,3,0,0,1,6,4.8,4,17.3
C.J. Wilcox,79,20,2016-04-08,25,LAC,A,UTA,3,0,18:06,0,2,0,0,1,0,2,2,1,1,2,3,0,1,0,0,2,2,2.1,-14,7.8
C.J. Wilcox,80,21,2016-04-10,25,LAC,H,DAL,7,0,0:55,0,0,NA,0,0,NA,0,0,NA,0,1,1,0,0,0,0,0,0,0.3,-3,1.3
C.J. Wilcox,81,22,2016-04-12,25,LAC,H,MEM,26,0,5:20,3,3,1,0,0,NA,0,0,NA,0,1,1,0,0,0,0,0,6,5.4,5,7.3
C.J. Wilcox,82,23,2016-04-13,25,LAC,A,PHO,-9,0,28:51,8,13,0.615,3,6,0.5,0,0,NA,0,3,3,1,0,1,0,3,19,14.2,4,27.8
Austin Rivers,1,1,2015-10-28,23,LAC,A,SAC,7,0,16:07,0,3,0,0,2,0,3,4,0.75,0,2,2,1,2,1,1,1,3,3.1,-8,12.5
Austin Rivers,2,2,2015-10-29,23,LAC,H,DAL,16,0,24:28,5,10,0.5,2,4,0.5,2,4,0.5,0,2,2,1,1,0,0,1,14,10.1,4,21
Austin Rivers,3,3,2015-10-31,23,LAC,H,SAC,5,0,11:58,0,3,0,0,2,0,0,0,NA,0,0,0,0,0,0,2,3,0,-5.3,-17,-1
Austin Rivers,4,4,2015-11-02,23,LAC,H,PHO,6,0,17:39,3,6,0.5,0,1,0,1,1,1,0,0,0,1,1,0,1,0,7,4.7,8,10
Austin Rivers,5,5,2015-11-04,23,LAC,A,GSW,-4,0,24:02,4,8,0.5,0,2,0,0,0,NA,0,0,0,0,0,1,0,6,8,2.3,-3,10
Austin Rivers,6,6,2015-11-07,23,LAC,H,HOU,-4,1,31:17,4,12,0.333,1,5,0.2,1,2,0.5,0,0,0,1,1,1,1,3,10,3,-5,15.5
Austin Rivers,7,7,2015-11-09,23,LAC,H,MEM,2,0,22:37,2,4,0.5,0,0,NA,5,6,0.833,0,0,0,1,2,0,1,2,9,7.5,-2,14
Austin Rivers,8,8,2015-11-11,23,LAC,A,DAL,-10,0,26:56,7,14,0.5,2,6,0.333,0,0,NA,2,4,6,3,2,0,1,0,16,14.7,5,32.5
Austin Rivers,9,9,2015-11-12,23,LAC,A,PHO,-14,1,34:12,4,12,0.333,1,2,0.5,2,5,0.4,0,2,2,2,0,0,1,4,11,2.4,-25,16.5
Austin Rivers,10,10,2015-11-14,23,LAC,H,DET,5,1,41:45,4,7,0.571,3,6,0.5,2,4,0.5,1,2,3,1,0,0,2,3,13,7.7,9,18.8
Austin Rivers,11,11,2015-11-19,23,LAC,H,GSW,-7,0,26:18,4,8,0.5,1,2,0.5,1,4,0.25,1,2,3,1,2,0,0,1,10,8.4,-2,19.8
Austin Rivers,12,12,2015-11-20,23,LAC,A,POR,-11,0,22:19,5,9,0.556,0,3,0,0,0,NA,0,1,1,1,1,0,0,0,10,7.7,9,14.8
Austin Rivers,13,13,2015-11-22,23,LAC,H,TOR,-11,0,18:45,3,7,0.429,0,3,0,0,0,NA,1,1,2,1,0,0,1,3,6,1.8,-2,9.5
Austin Rivers,14,14,2015-11-24,23,LAC,A,DEN,17,0,19:56,1,6,0.167,0,3,0,0,0,NA,0,3,3,0,1,0,0,4,2,-1.5,-4,7.8
Austin Rivers,15,15,2015-11-25,23,LAC,H,UTA,-11,0,25:39,1,3,0.333,0,0,NA,1,2,0.5,1,2,3,3,2,0,1,0,3,5.3,-1,14.8
Austin Rivers,16,16,2015-11-27,23,LAC,H,NOP,21,0,23:38,7,11,0.636,1,4,0.25,2,2,1,0,1,1,2,1,0,1,1,17,13.4,0,23.3
Austin Rivers,17,17,2015-11-29,23,LAC,H,MIN,8,0,16:27,2,5,0.4,0,2,0,0,0,NA,2,0,2,0,0,0,0,2,4,1.9,1,6.5
Austin Rivers,18,18,2015-11-30,23,LAC,H,POR,15,0,24:31,2,8,0.25,0,2,0,2,2,1,1,0,1,0,1,1,1,3,6,1.4,-1,10.8
Austin Rivers,19,19,2015-12-02,23,LAC,H,IND,-12,1,34:47,4,11,0.364,1,4,0.25,0,0,NA,0,2,2,1,0,0,2,3,9,1,-4,12.5
Austin Rivers,20,20,2015-12-05,23,LAC,H,ORL,2,1,28:56,2,7,0.286,0,2,0,1,2,0.5,1,3,4,4,0,0,4,2,5,0.1,-6,14
Austin Rivers,21,21,2015-12-07,23,LAC,A,MIN,4,0,16:48,3,5,0.6,0,2,0,1,1,1,1,3,4,3,0,0,1,2,7,6.6,-6,16
Austin Rivers,22,22,2015-12-09,23,LAC,A,MIL,14,0,10:12,1,1,1,0,0,NA,1,1,1,0,1,1,1,0,0,1,3,3,1.5,-11,5.3
Austin Rivers,23,23,2015-12-10,23,LAC,A,CHI,-3,0,17:11,1,6,0.167,1,2,0.5,0,0,NA,2,3,5,1,0,0,1,1,3,0.8,-11,10.8
Austin Rivers,24,24,2015-12-12,23,LAC,A,BRK,5,0,17:14,3,5,0.6,0,1,0,0,0,NA,0,3,3,1,2,0,0,3,6,6.1,4,15.3
Austin Rivers,25,25,2015-12-14,23,LAC,A,DET,2,0,15:02,1,5,0.2,0,2,0,0,0,NA,0,0,0,0,0,1,0,2,2,-1.2,-11,4
Austin Rivers,26,26,2015-12-16,23,LAC,H,MIL,13,0,19:03,2,6,0.333,1,1,1,2,2,1,0,2,2,1,0,0,1,1,7,3.5,4,11
Austin Rivers,27,27,2015-12-18,23,LAC,A,SAS,-8,0,13:42,2,4,0.5,0,1,0,0,0,NA,0,2,2,3,0,0,1,0,4,3.7,-13,10.5
Austin Rivers,28,28,2015-12-19,23,LAC,A,HOU,-10,0,16:09,1,5,0.2,0,2,0,0,0,NA,0,1,1,1,1,0,1,4,2,-1.7,-13,6.3
Austin Rivers,32,29,2015-12-28,23,LAC,A,WAS,17,0,18:36,1,4,0.25,0,2,0,2,3,0.667,0,0,0,2,2,0,3,1,4,1.2,12,9.5
Austin Rivers,33,30,2015-12-30,23,LAC,A,CHO,5,0,19:50,7,11,0.636,4,6,0.667,4,4,1,0,3,3,2,1,0,0,1,22,20,0,32.8
Austin Rivers,34,31,2015-12-31,23,LAC,A,NOP,6,0,20:45,3,9,0.333,2,5,0.4,1,1,1,0,1,1,1,0,0,1,0,9,3.9,-9,12.3
Austin Rivers,35,32,2016-01-02,23,LAC,H,PHI,31,0,24:30,11,16,0.688,3,4,0.75,1,1,1,0,2,2,1,0,0,0,1,26,20.1,8,31.5
Austin Rivers,36,33,2016-01-06,23,LAC,A,POR,11,0,25:08,7,10,0.7,2,2,1,0,0,NA,0,3,3,0,0,0,0,2,16,11.9,5,20.8
Austin Rivers,37,34,2016-01-09,23,LAC,H,CHO,14,0,24:22,2,7,0.286,0,1,0,2,2,1,0,1,1,2,1,0,0,2,6,3.8,-11,12.3
Austin Rivers,38,35,2016-01-10,23,LAC,H,NOP,3,0,24:18,5,11,0.455,0,3,0,0,0,NA,1,1,2,1,0,0,1,5,10,3,-10,13.5
Austin Rivers,39,36,2016-01-13,23,LAC,H,MIA,14,0,23:05,3,6,0.5,0,0,NA,2,2,1,0,1,1,3,0,0,0,4,8,5.8,-2,13.8
Austin Rivers,40,37,2016-01-16,23,LAC,H,SAC,-7,0,22:17,1,7,0.143,0,4,0,0,0,NA,0,1,1,2,0,0,0,2,2,-1.6,-6,6.3
Austin Rivers,41,38,2016-01-18,23,LAC,H,HOU,8,0,17:24,1,5,0.2,1,2,0.5,0,0,NA,0,1,1,0,0,0,1,2,3,-1.6,-12,4.3
Austin Rivers,42,39,2016-01-21,23,LAC,A,CLE,-13,0,19:32,2,6,0.333,0,3,0,0,0,NA,0,2,2,3,1,1,1,4,4,2.4,-4,14.5
Austin Rivers,43,40,2016-01-22,23,LAC,A,NYK,28,0,21:43,2,8,0.25,1,3,0.333,1,2,0.5,0,1,1,3,0,0,0,3,6,2,6,12.3
Austin Rivers,44,41,2016-01-24,23,LAC,A,TOR,-18,0,18:55,4,8,0.5,0,1,0,0,0,NA,0,0,0,1,0,0,3,4,8,0.1,-28,8
Austin Rivers,45,42,2016-01-26,23,LAC,A,IND,2,0,22:58,2,5,0.4,0,1,0,1,2,0.5,0,4,4,1,2,1,1,2,5,4.7,4,17
Austin Rivers,46,43,2016-01-27,23,LAC,A,ATL,2,0,19:37,4,9,0.444,0,2,0,0,0,NA,0,4,4,1,2,0,0,1,8,6.8,8,18.5
Austin Rivers,47,44,2016-01-29,23,LAC,H,LAL,12,0,26:12,8,14,0.571,1,4,0.25,0,1,0,1,1,2,1,2,2,1,4,17,12.5,17,29
Austin Rivers,48,45,2016-01-31,23,LAC,H,CHI,27,0,20:31,5,7,0.714,5,6,0.833,1,2,0.5,0,1,1,1,0,0,3,1,16,10.3,12,19.8
Austin Rivers,49,46,2016-02-03,23,LAC,H,MIN,-6,0,7:23,2,4,0.5,0,1,0,0,0,NA,0,0,0,0,0,0,1,1,4,0.6,4,3.5
Austin Rivers,60,47,2016-03-02,23,LAC,H,OKC,5,0,18:30,2,8,0.25,0,2,0,2,4,0.5,1,2,3,1,1,0,1,1,6,2,-12,12.8
Austin Rivers,61,48,2016-03-05,23,LAC,H,ATL,-10,0,18:42,4,10,0.4,2,5,0.4,1,1,1,0,2,2,3,2,0,1,0,11,9.3,-5,22.5
Austin Rivers,62,49,2016-03-07,23,LAC,A,DAL,19,0,25:57,3,7,0.429,2,4,0.5,2,2,1,0,3,3,3,0,0,1,5,10,6.3,13,18.8
Austin Rivers,63,50,2016-03-09,23,LAC,A,OKC,-12,0,19:03,1,4,0.25,1,3,0.333,2,2,1,0,1,1,0,0,0,1,3,5,0.7,-6,6.3
Austin Rivers,64,51,2016-03-11,23,LAC,H,NYK,7,0,19:07,4,7,0.571,0,1,0,0,0,NA,1,1,2,2,2,0,1,2,8,7.3,6,17
Austin Rivers,65,52,2016-03-13,23,LAC,H,CLE,-24,0,23:49,4,7,0.571,1,2,0.5,2,2,1,0,0,0,1,0,0,0,1,11,8,-24,13
Austin Rivers,66,53,2016-03-15,23,LAC,A,SAS,-21,0,17:52,1,5,0.2,1,1,1,1,2,0.5,0,0,0,1,0,0,2,1,4,-1.2,-18,5
Austin Rivers,67,54,2016-03-16,23,LAC,A,HOU,16,0,18:35,4,8,0.5,2,5,0.4,2,2,1,0,3,3,1,0,0,0,3,12,8.4,4,18.3
Austin Rivers,68,55,2016-03-19,23,LAC,A,MEM,-11,0,21:07,2,5,0.4,1,3,0.333,5,6,0.833,1,3,4,2,0,0,2,1,10,7.5,12,17.5
Austin Rivers,69,56,2016-03-20,23,LAC,A,NOP,-4,0,25:20,3,11,0.273,0,5,0,3,6,0.5,0,3,3,0,2,0,0,2,9,3.4,-3,16.8
Austin Rivers,70,57,2016-03-23,23,LAC,A,GSW,-16,0,24:21,6,10,0.6,1,3,0.333,3,4,0.75,0,4,4,2,0,0,0,2,16,12.8,-15,24.5
Austin Rivers,71,58,2016-03-24,23,LAC,H,POR,2,0,24:47,3,7,0.429,0,2,0,0,0,NA,1,2,3,2,0,0,2,1,6,2.6,1,11.8
Austin Rivers,72,59,2016-03-27,23,LAC,H,DEN,15,0,22:14,3,8,0.375,1,3,0.333,1,4,0.25,0,0,0,2,0,0,1,1,8,2.4,-7,11
Austin Rivers,73,60,2016-03-28,23,LAC,H,BOS,24,0,29:45,5,9,0.556,2,2,1,4,4,1,0,2,2,2,2,0,2,3,16,12.5,21,25.5
Austin Rivers,74,61,2016-03-30,23,LAC,A,MIN,20,0,14:31,4,6,0.667,2,2,1,0,0,NA,0,1,1,0,0,0,0,3,10,6.5,4,12.3
Austin Rivers,75,62,2016-03-31,23,LAC,A,OKC,-2,1,39:13,12,19,0.632,7,9,0.778,1,2,0.5,0,4,4,5,2,0,2,4,32,26.2,0,51
Austin Rivers,76,63,2016-04-03,23,LAC,H,WAS,5,0,18:26,4,10,0.4,1,3,0.333,1,2,0.5,2,2,4,4,2,0,0,0,10,11,-5,25.5
Austin Rivers,77,64,2016-04-05,23,LAC,H,LAL,22,0,17:49,2,9,0.222,1,2,0.5,3,4,0.75,0,2,2,1,1,0,1,0,8,3.4,-11,14
Austin Rivers,80,65,2016-04-10,23,LAC,H,DAL,7,0,12:38,0,4,0,0,1,0,0,0,NA,0,0,0,0,1,0,1,2,0,-3.6,-9,1.5
Austin Rivers,81,66,2016-04-12,23,LAC,H,MEM,26,0,26:19,4,7,0.571,3,6,0.5,3,4,0.75,0,1,1,2,0,0,1,2,14,10.2,9,19.3
Austin Rivers,82,67,2016-04-13,23,LAC,A,PHO,-9,1,30:57,7,17,0.412,1,5,0.2,1,3,0.333,1,3,4,5,2,0,0,2,16,12.4,-9,33
Branden Dawson,32,1,2015-12-28,22,LAC,A,WAS,17,0,3:12,0,1,0,0,0,NA,0,0,NA,0,0,0,0,0,1,0,2,0,-0.8,-8,2
Branden Dawson,35,2,2016-01-02,22,LAC,H,PHI,31,0,9:24,1,2,0.5,0,0,NA,0,0,NA,2,1,3,0,0,0,0,0,2,2.7,-6,5.8
Branden Dawson,54,3,2016-02-18,23,LAC,H,SAS,19,0,1:28,0,0,NA,0,0,NA,0,0,NA,0,0,0,0,0,0,0,0,0,0,1,0
Branden Dawson,78,4,2016-04-06,23,LAC,A,LAL,10,0,6:04,0,0,NA,0,0,NA,0,0,NA,0,1,1,0,0,0,0,0,0,0.3,-5,1.3
Branden Dawson,79,5,2016-04-08,23,LAC,A,UTA,3,0,2:13,0,0,NA,0,0,NA,0,0,NA,0,0,0,0,0,0,0,0,0,0,-3,0
Branden Dawson,82,6,2016-04-13,23,LAC,A,PHO,-9,0,6:31,1,2,0.5,0,0,NA,1,1,1,0,0,0,0,0,0,0,0,3,2,6,3
Jeff Ayres,1,1,2016-01-24,28,LAC,A,TOR,-18,0,4:58,0,0,NA,0,0,NA,2,2,1,0,1,1,1,0,0,0,0,2,3,3,NA
Jeff Ayres,4,2,2016-01-29,28,LAC,H,LAL,12,0,2:26,0,0,NA,0,0,NA,0,0,NA,0,0,0,0,0,2,0,0,0,1.4,-2,4
Jeff Ayres,5,3,2016-01-31,28,LAC,H,CHI,27,0,2:37,0,0,NA,0,0,NA,0,0,NA,0,1,1,1,0,1,0,0,0,1.7,6,4.8
Jeff Ayres,7,4,2016-02-05,28,LAC,A,ORL,14,0,2:10,0,0,NA,0,0,NA,0,0,NA,0,0,0,0,0,0,1,1,0,-1.4,-2,-0.5
Jeff Ayres,10,5,2016-02-10,28,LAC,A,BOS,-5,0,2:10,2,2,1,0,0,NA,0,0,NA,1,0,1,0,0,0,0,1,4,3.7,-3,5.3
Jeff Ayres,12,6,2016-03-19,28,LAC,A,MEM,-11,0,1:04,0,0,NA,0,0,NA,0,0,NA,0,1,1,0,0,0,0,0,0,0.3,1,1.3
Jeff Ayres,14,7,2016-03-23,28,LAC,A,GSW,-16,0,2:29,1,1,1,0,0,NA,0,0,NA,1,0,1,0,0,0,0,0,2,2.4,0,3.3
Jeff Ayres,16,8,2016-03-27,28,LAC,H,DEN,15,0,2:19,0,0,NA,0,0,NA,0,0,NA,0,0,0,0,0,0,0,0,0,0,-1,0
Jeff Ayres,17,9,2016-03-28,28,LAC,H,BOS,24,0,5:14,2,2,1,0,0,NA,0,0,NA,0,1,1,0,0,0,1,3,4,1.5,0,4.8
Jeff Ayres,18,10,2016-03-30,28,LAC,A,MIN,20,0,6:19,1,1,1,0,0,NA,0,0,NA,0,1,1,0,0,0,0,2,2,1.2,-11,3.3
Jeff Ayres,19,11,2016-03-31,28,LAC,A,OKC,-2,0,17:27,1,2,0.5,0,0,NA,2,2,1,1,0,1,0,0,0,1,3,4,1.5,-6,4.8
Jeff Ayres,21,12,2016-04-05,28,LAC,H,LAL,22,0,6:55,1,1,1,0,0,NA,0,0,NA,1,3,4,1,0,0,0,0,2,4,1,8.5
Jeff Ayres,22,13,2016-04-06,28,LAC,A,LAL,10,0,12:35,1,4,0.25,0,1,0,0,0,NA,0,2,2,0,0,0,0,1,2,-0.2,-2,4.5
Jeff Ayres,23,14,2016-04-08,28,LAC,A,UTA,3,0,12:47,0,2,0,0,0,NA,0,0,NA,0,2,2,0,0,0,1,2,0,-2.6,-20,2
Jeff Ayres,24,15,2016-04-10,28,LAC,H,DAL,7,0,0:55,0,0,NA,0,0,NA,0,0,NA,0,0,0,0,0,0,0,0,0,0,-3,0
Jeff Ayres,25,16,2016-04-12,28,LAC,H,MEM,26,0,5:20,0,0,NA,0,0,NA,0,0,NA,0,1,1,1,0,0,0,2,0,0.2,5,2.8
Jeff Ayres,26,17,2016-04-13,28,LAC,A,PHO,-9,0,18:52,3,8,0.375,0,0,NA,2,2,1,0,5,5,1,0,0,2,3,8,2.6,-12,14.8
Luc Mbah a Moute,2,1,2015-10-29,29,LAC,H,DAL,16,0,6:54,0,1,0,0,0,NA,0,0,NA,0,0,0,1,0,0,0,0,0,0,-8,1.5
Luc Mbah a Moute,3,2,2015-10-31,29,LAC,H,SAC,5,0,0:17,0,0,NA,0,0,NA,0,0,NA,0,0,0,0,0,0,0,0,0,0,0,0
Luc Mbah a Moute,4,3,2015-11-02,29,LAC,H,PHO,6,0,0:25,0,0,NA,0,0,NA,0,0,NA,0,0,0,0,0,0,0,0,0,0,-2,0
Luc Mbah a Moute,6,4,2015-11-07,29,LAC,H,HOU,-4,0,0:19,0,0,NA,0,0,NA,0,0,NA,0,0,0,0,0,0,0,0,0,0,-2,0
Luc Mbah a Moute,7,5,2015-11-09,29,LAC,H,MEM,2,0,0:15,0,0,NA,0,0,NA,0,0,NA,0,0,0,0,0,0,0,0,0,0,-5,0
Luc Mbah a Moute,8,6,2015-11-11,29,LAC,A,DAL,-10,0,6:30,0,1,0,0,0,NA,0,0,NA,0,1,1,0,1,0,0,2,0,-0.2,4,3.3
Luc Mbah a Moute,9,7,2015-11-12,29,LAC,A,PHO,-14,0,14:49,3,6,0.5,1,1,1,2,2,1,2,0,2,0,1,0,0,0,9,8.4,9,14
Luc Mbah a Moute,10,8,2015-11-14,29,LAC,H,DET,5,0,8:42,0,1,0,0,0,NA,0,0,NA,1,2,3,0,0,0,0,3,0,-0.6,12,3.8
Luc Mbah a Moute,11,9,2015-11-19,29,LAC,H,GSW,-7,0,0:00,0,0,NA,0,0,NA,0,0,NA,0,0,0,0,0,0,0,0,0,0,NA,0
Luc Mbah a Moute,12,10,2015-11-20,29,LAC,A,POR,-11,0,10:29,1,2,0.5,0,0,NA,0,0,NA,2,2,4,0,0,0,1,2,2,1.2,1,6.5
Luc Mbah a Moute,13,11,2015-11-22,29,LAC,H,TOR,-11,0,4:10,1,1,1,0,0,NA,0,0,NA,1,0,1,0,1,0,0,2,2,2.6,-8,5.3
Luc Mbah a Moute,14,12,2015-11-24,29,LAC,A,DEN,17,0,1:57,0,0,NA,0,0,NA,0,0,NA,0,1,1,0,0,1,0,0,0,1,-1,3.3
Luc Mbah a Moute,15,13,2015-11-25,29,LAC,H,UTA,-11,0,0:47,0,0,NA,0,0,NA,0,0,NA,0,0,0,0,0,0,0,1,0,-0.4,3,0
Luc Mbah a Moute,16,14,2015-11-27,29,LAC,H,NOP,21,0,6:24,1,1,1,0,0,NA,0,0,NA,0,0,0,0,0,2,0,0,2,3.1,-3,6
Luc Mbah a Moute,17,15,2015-11-29,29,LAC,H,MIN,8,1,23:24,2,6,0.333,2,3,0.667,1,2,0.5,2,1,3,1,1,1,0,2,7,6.5,-2,17.3
Luc Mbah a Moute,18,16,2015-11-30,29,LAC,H,POR,15,1,24:19,2,3,0.667,0,1,0,0,0,NA,3,2,5,1,0,0,0,0,4,6.1,7,11.8
Luc Mbah a Moute,19,17,2015-12-02,29,LAC,H,IND,-12,1,21:21,1,1,1,0,0,NA,0,0,NA,0,1,1,0,0,0,0,4,2,0.4,-5,3.3
Luc Mbah a Moute,20,18,2015-12-05,29,LAC,H,ORL,2,1,11:00,0,2,0,0,2,0,0,0,NA,0,0,0,0,0,0,1,1,0,-2.8,-8,-0.5
Luc Mbah a Moute,21,19,2015-12-07,29,LAC,A,MIN,4,1,16:11,0,4,0,0,1,0,1,2,0.5,1,2,3,0,0,0,0,2,1,-1.7,-11,4.8
Luc Mbah a Moute,22,20,2015-12-09,29,LAC,A,MIL,14,1,15:16,1,4,0.25,0,1,0,0,0,NA,2,0,2,0,1,0,1,0,2,1,5,6
Luc Mbah a Moute,23,21,2015-12-10,29,LAC,A,CHI,-3,1,21:28,2,9,0.222,1,2,0.5,0,0,NA,4,2,6,1,0,0,1,2,5,1.8,2,14
Luc Mbah a Moute,24,22,2015-12-12,29,LAC,A,BRK,5,1,16:10,0,0,NA,0,0,NA,0,0,NA,1,1,2,0,0,0,0,1,0,0.6,3,2.5
Luc Mbah a Moute,25,23,2015-12-14,29,LAC,A,DET,2,1,18:27,1,2,0.5,0,0,NA,0,0,NA,1,3,4,0,1,0,0,0,2,3.6,5,9
Luc Mbah a Moute,26,24,2015-12-16,29,LAC,H,MIL,13,1,18:30,3,5,0.6,1,1,1,0,0,NA,3,3,6,1,0,0,1,0,7,7.4,7,16
Luc Mbah a Moute,27,25,2015-12-18,29,LAC,A,SAS,-8,1,21:54,1,3,0.333,1,2,0.5,2,2,1,0,1,1,0,1,0,1,2,5,2.8,5,8.3
Luc Mbah a Moute,28,26,2015-12-19,29,LAC,A,HOU,-10,1,5:18,0,2,0,0,2,0,0,0,NA,0,0,0,0,0,0,0,3,0,-2.6,-6,0
Luc Mbah a Moute,29,27,2015-12-21,29,LAC,H,OKC,-1,1,26:38,1,4,0.25,0,1,0,0,0,NA,4,4,8,0,0,0,2,1,2,1.2,1,11
Luc Mbah a Moute,30,28,2015-12-25,29,LAC,A,LAL,10,1,22:23,2,3,0.667,2,3,0.667,0,0,NA,0,1,1,0,1,0,1,0,6,5,15,9.8
Luc Mbah a Moute,31,29,2015-12-26,29,LAC,A,UTA,5,1,30:41,2,5,0.4,1,2,0.5,2,2,1,1,0,1,0,1,1,0,3,7,5.5,2,12.8
Luc Mbah a Moute,32,30,2015-12-28,29,LAC,A,WAS,17,1,18:40,0,1,0,0,0,NA,0,0,NA,1,1,2,2,2,1,1,2,0,2.6,6,11
Luc Mbah a Moute,33,31,2015-12-30,29,LAC,A,CHO,5,1,28:34,2,3,0.667,0,0,NA,0,0,NA,1,4,5,0,0,0,2,1,4,2.2,2,9.3
Luc Mbah a Moute,34,32,2015-12-31,29,LAC,A,NOP,6,1,25:56,2,6,0.333,0,1,0,0,1,0,1,3,4,1,1,2,1,1,4,3.5,1,16
Luc Mbah a Moute,35,33,2016-01-02,29,LAC,H,PHI,31,1,22:36,3,4,0.75,0,0,NA,1,2,0.5,1,3,4,0,0,1,0,1,7,6.9,22,14
Luc Mbah a Moute,36,34,2016-01-06,29,LAC,A,POR,11,1,19:06,1,2,0.5,0,0,NA,0,0,NA,0,2,2,0,0,1,1,1,2,0.9,4,6
Luc Mbah a Moute,37,35,2016-01-09,29,LAC,H,CHO,14,1,18:00,1,2,0.5,0,0,NA,2,2,1,1,3,4,0,1,1,0,1,4,5.9,24,13
Luc Mbah a Moute,38,36,2016-01-10,29,LAC,H,NOP,3,1,22:12,6,6,1,0,0,NA,2,7,0.286,0,5,5,0,0,0,0,1,14,11.3,-5,20.3
Luc Mbah a Moute,39,37,2016-01-13,29,LAC,H,MIA,14,1,23:31,1,2,0.5,0,0,NA,0,0,NA,0,5,5,1,0,2,0,2,2,3.8,15,13.8
Luc Mbah a Moute,40,38,2016-01-16,29,LAC,H,SAC,-7,1,21:02,1,6,0.167,0,0,NA,0,0,NA,4,3,7,2,0,0,0,2,2,2.5,-15,13.8
Luc Mbah a Moute,41,39,2016-01-18,29,LAC,H,HOU,8,1,20:30,2,2,1,0,0,NA,1,2,0.5,0,2,2,2,1,0,0,5,5,5,0,12.5
Luc Mbah a Moute,42,40,2016-01-21,29,LAC,A,CLE,-13,1,22:03,1,2,0.5,0,1,0,3,4,0.75,1,3,4,0,0,0,1,1,5,3.8,-10,9.5
Luc Mbah a Moute,43,41,2016-01-22,29,LAC,A,NYK,28,1,21:46,2,2,1,0,0,NA,0,0,NA,0,2,2,1,1,0,1,3,4,3.5,25,9.5
Luc Mbah a Moute,44,42,2016-01-24,29,LAC,A,TOR,-18,1,29:26,1,5,0.2,0,1,0,4,6,0.667,1,0,1,0,1,1,0,3,6,3.3,7,11.3
Luc Mbah a Moute,45,43,2016-01-26,29,LAC,A,IND,2,1,23:31,0,1,0,0,1,0,1,2,0.5,0,1,1,0,0,0,2,0,1,-1.8,-6,1.3
Luc Mbah a Moute,46,44,2016-01-27,29,LAC,A,ATL,2,1,26:03,2,6,0.333,0,0,NA,1,2,0.5,3,2,5,1,2,0,2,1,5,4.2,-14,15.8
Luc Mbah a Moute,47,45,2016-01-29,29,LAC,H,LAL,12,1,17:51,0,2,0,0,0,NA,0,0,NA,0,2,2,0,1,1,0,2,0,0.1,-8,6.5
Luc Mbah a Moute,48,46,2016-01-31,29,LAC,H,CHI,27,1,25:19,2,6,0.333,1,2,0.5,0,0,NA,1,1,2,2,2,0,1,3,5,3.8,18,14.5
Luc Mbah a Moute,49,47,2016-02-03,29,LAC,H,MIN,-6,1,19:56,3,4,0.75,1,1,1,0,2,0,1,0,1,0,0,0,2,1,7,2.9,-13,7.8
Luc Mbah a Moute,50,48,2016-02-05,29,LAC,A,ORL,14,1,15:37,0,0,NA,0,0,NA,0,0,NA,0,4,4,0,0,0,1,0,0,0.2,6,4.5
Luc Mbah a Moute,51,49,2016-02-07,29,LAC,A,MIA,7,1,20:20,0,1,0,0,0,NA,2,2,1,0,3,3,0,1,0,0,1,2,2.8,3,7.8
Luc Mbah a Moute,52,50,2016-02-08,29,LAC,A,PHI,6,1,23:03,1,3,0.333,0,0,NA,0,0,NA,1,2,3,1,3,0,0,1,2,4.9,-7,13.3
Luc Mbah a Moute,53,51,2016-02-10,29,LAC,A,BOS,-5,1,15:50,1,3,0.333,0,0,NA,0,0,NA,0,1,1,1,0,0,0,2,2,0.5,-15,4.8
Luc Mbah a Moute,54,52,2016-02-18,29,LAC,H,SAS,19,1,18:09,2,6,0.333,1,1,1,0,0,NA,1,1,2,0,1,0,1,4,5,1,15,9.5
Luc Mbah a Moute,55,53,2016-02-20,29,LAC,H,GSW,-3,1,12:42,0,1,0,0,1,0,0,0,NA,0,0,0,0,0,0,1,0,0,-1.7,-7,-0.5
Luc Mbah a Moute,56,54,2016-02-22,29,LAC,H,PHO,40,1,20:19,3,3,1,0,0,NA,0,1,0,1,4,5,0,0,0,2,1,6,4.2,30,11.3
Luc Mbah a Moute,57,55,2016-02-24,29,LAC,H,DEN,-6,1,19:57,0,2,0,0,2,0,0,0,NA,0,2,2,0,1,0,1,1,0,-1.2,1,4
Luc Mbah a Moute,58,56,2016-02-26,29,LAC,A,SAC,10,1,21:37,2,2,1,0,0,NA,2,2,1,0,1,1,0,1,0,1,3,6,4.5,13,8.8
Luc Mbah a Moute,59,57,2016-02-29,29,LAC,H,BRK,10,1,8:44,1,4,0.25,0,1,0,0,0,NA,3,1,4,1,1,0,0,1,2,3.3,6,10.5
Luc Mbah a Moute,65,58,2016-03-13,29,LAC,H,CLE,-24,1,21:58,1,5,0.2,0,1,0,0,0,NA,0,1,1,0,2,1,0,1,2,1.5,-10,9.3
Luc Mbah a Moute,66,59,2016-03-15,29,LAC,A,SAS,-21,1,22:39,0,1,0,0,0,NA,0,4,0,0,1,1,0,1,1,0,3,0,-1.5,-3,5.3
Luc Mbah a Moute,67,60,2016-03-16,29,LAC,A,HOU,16,1,32:48,6,7,0.857,0,1,0,0,1,0,3,1,4,1,1,0,0,2,12,12.4,14,20.5
Luc Mbah a Moute,68,61,2016-03-19,29,LAC,A,MEM,-11,1,16:42,1,3,0.333,0,0,NA,0,0,NA,1,0,1,1,0,0,2,0,2,-0.3,-7,3.8
Luc Mbah a Moute,69,62,2016-03-20,29,LAC,A,NOP,-4,1,14:36,1,4,0.25,0,2,0,0,0,NA,0,0,0,1,0,1,0,0,2,1,-10,5.5
Luc Mbah a Moute,70,63,2016-03-23,29,LAC,A,GSW,-16,1,8:28,1,2,0.5,0,0,NA,0,0,NA,1,0,1,0,0,0,0,2,2,0.9,-11,3.3
Luc Mbah a Moute,71,64,2016-03-24,29,LAC,H,POR,2,1,14:20,1,3,0.333,0,0,NA,0,0,NA,0,2,2,0,0,0,0,2,2,0.1,-19,4.5
Luc Mbah a Moute,72,65,2016-03-27,29,LAC,H,DEN,15,1,17:33,1,2,0.5,0,0,NA,0,0,NA,1,1,2,1,2,0,1,0,2,3.7,18,9.5
Luc Mbah a Moute,73,66,2016-03-28,29,LAC,H,BOS,24,1,16:44,1,1,1,0,0,NA,0,0,NA,1,0,1,0,1,0,0,0,2,3.4,0,5.3
Luc Mbah a Moute,74,67,2016-03-30,29,LAC,A,MIN,20,1,20:40,3,5,0.6,0,1,0,1,1,1,2,4,6,1,0,0,0,2,7,7.2,15,16
Luc Mbah a Moute,75,68,2016-03-31,29,LAC,A,OKC,-2,1,13:17,2,2,1,1,1,1,0,0,NA,0,0,0,1,0,0,0,1,5,4.7,-6,7
Luc Mbah a Moute,76,69,2016-04-03,29,LAC,H,WAS,5,1,23:51,3,3,1,0,0,NA,2,4,0.5,0,5,5,0,0,0,0,2,8,7,-1,14.3
Luc Mbah a Moute,77,70,2016-04-05,29,LAC,H,LAL,22,1,21:24,2,2,1,0,0,NA,0,2,0,0,3,3,1,1,0,0,0,4,5.2,27,11.3
Luc Mbah a Moute,78,71,2016-04-06,29,LAC,A,LAL,10,1,20:55,2,4,0.5,0,0,NA,0,0,NA,0,1,1,0,2,0,0,3,4,3.1,7,9.3
Luc Mbah a Moute,79,72,2016-04-08,29,LAC,A,UTA,3,1,33:17,0,2,0,0,0,NA,0,0,NA,0,3,3,1,2,0,0,2,0,1.4,16,9.3
Luc Mbah a Moute,80,73,2016-04-10,29,LAC,H,DAL,7,1,13:25,1,1,1,0,0,NA,0,0,NA,0,1,1,1,2,1,1,2,2,3.6,5,10.3
Luc Mbah a Moute,81,74,2016-04-12,29,LAC,H,MEM,26,1,14:26,4,5,0.8,0,0,NA,0,0,NA,1,0,1,0,1,0,0,1,8,7.4,9,11.3
Luc Mbah a Moute,82,75,2016-04-13,29,LAC,A,PHO,-9,1,9:29,0,2,0,0,0,NA,0,0,NA,0,0,0,1,0,0,0,1,0,-1.1,-8,1.5
Paul Pierce,1,1,2015-10-28,38,LAC,A,SAC,7,0,24:00,4,8,0.5,1,4,0.25,3,4,0.75,1,6,7,0,0,0,1,0,12,9.1,-4,20.8
Paul Pierce,2,2,2015-10-29,38,LAC,H,DAL,16,0,19:31,1,6,0.167,0,3,0,4,4,1,0,4,4,2,2,0,0,2,6,6,17,18
Paul Pierce,3,3,2015-10-31,38,LAC,H,SAC,5,0,13:46,1,1,1,1,1,1,0,0,NA,0,2,2,0,0,0,2,1,3,0.9,-18,5
Paul Pierce,4,4,2015-11-02,38,LAC,H,PHO,6,0,23:10,3,6,0.5,1,4,0.25,0,0,NA,0,6,6,2,0,0,1,1,7,5.8,7,17.5
Paul Pierce,5,5,2015-11-04,38,LAC,A,GSW,-4,0,17:56,0,3,0,0,3,0,4,6,0.667,0,2,2,0,1,0,0,0,4,2.7,-18,8.5
Paul Pierce,6,6,2015-11-07,38,LAC,H,HOU,-4,0,24:01,2,7,0.286,2,6,0.333,0,0,NA,0,8,8,5,1,0,1,4,6,6.2,6,26
Paul Pierce,7,7,2015-11-09,38,LAC,H,MEM,2,0,24:34,0,5,0,0,4,0,0,0,NA,0,2,2,1,0,0,1,1,0,-3.6,8,3.5
Paul Pierce,8,8,2015-11-11,38,LAC,A,DAL,-10,0,21:33,3,5,0.6,2,4,0.5,2,2,1,1,6,7,2,0,0,0,2,10,10.8,8,22.8
Paul Pierce,9,9,2015-11-12,38,LAC,A,PHO,-14,0,19:30,2,4,0.5,1,3,0.333,0,0,NA,0,1,1,2,2,0,0,1,5,6.3,-8,13.8
Paul Pierce,10,10,2015-11-14,38,LAC,H,DET,5,1,30:16,1,6,0.167,1,2,0.5,0,0,NA,1,2,3,3,0,0,1,1,3,1.2,-1,11.3
Paul Pierce,11,11,2015-11-19,38,LAC,H,GSW,-7,1,31:53,2,6,0.333,2,5,0.4,0,0,NA,1,2,3,1,1,0,0,4,6,4,-5,14.3
Paul Pierce,13,12,2015-11-22,38,LAC,H,TOR,-11,1,18:50,0,2,0,0,2,0,2,2,1,0,1,1,0,0,0,2,2,2,-1.9,-14,2.3
Paul Pierce,14,13,2015-11-24,38,LAC,A,DEN,17,0,18:07,2,5,0.4,0,3,0,0,0,NA,0,1,1,0,1,0,1,2,4,0.8,1,6.8
Paul Pierce,15,14,2015-11-25,38,LAC,H,UTA,-11,0,8:54,0,2,0,0,1,0,0,0,NA,0,0,0,0,0,0,1,1,0,-2.8,-8,-0.5
Paul Pierce,16,15,2015-11-27,38,LAC,H,NOP,21,0,13:00,0,2,0,0,1,0,0,0,NA,0,2,2,0,0,3,0,1,0,0.9,-2,8.5
Paul Pierce,17,16,2015-11-29,38,LAC,H,MIN,8,0,9:57,4,8,0.5,2,6,0.333,0,0,NA,0,1,1,0,0,0,0,2,10,5.5,2,12.3
Paul Pierce,18,17,2015-11-30,38,LAC,H,POR,15,0,13:41,1,6,0.167,1,3,0.333,0,0,NA,0,1,1,0,0,0,0,2,3,-1.3,-2,4.8
Paul Pierce,19,18,2015-12-02,38,LAC,H,IND,-12,0,14:07,1,3,0.333,1,3,0.333,2,2,1,0,2,2,1,0,0,0,1,5,4.2,-2,9.5
Paul Pierce,20,19,2015-12-05,38,LAC,H,ORL,2,0,9:09,0,3,0,0,2,0,0,0,NA,0,1,1,0,1,0,2,2,0,-3.6,0,2.3
Paul Pierce,21,20,2015-12-07,38,LAC,A,MIN,4,0,5:35,0,2,0,0,1,0,0,0,NA,0,0,0,0,0,0,2,0,0,-3.4,-4,-1
Paul Pierce,22,21,2015-12-09,38,LAC,A,MIL,14,0,5:52,0,1,0,0,1,0,1,2,0.5,0,1,1,0,0,0,0,1,1,-0.2,-12,2.3
Paul Pierce,23,22,2015-12-10,38,LAC,A,CHI,-3,0,5:16,0,2,0,0,1,0,0,0,NA,0,0,0,0,0,0,0,0,0,-1.4,-12,0
Paul Pierce,24,23,2015-12-12,38,LAC,A,BRK,5,0,12:43,4,6,0.667,2,3,0.667,0,0,NA,0,0,0,0,0,0,1,2,10,5.6,8,10.5
Paul Pierce,25,24,2015-12-14,38,LAC,A,DET,2,0,11:16,0,2,0,0,1,0,2,2,1,0,1,1,0,1,0,0,2,2,1.1,-4,5.3
Paul Pierce,26,25,2015-12-16,38,LAC,H,MIL,13,0,19:29,3,7,0.429,0,3,0,0,0,NA,0,3,3,2,0,0,1,0,6,3.6,-1,12.3
Paul Pierce,27,26,2015-12-18,38,LAC,A,SAS,-8,0,8:28,1,3,0.333,1,1,1,0,0,NA,1,1,2,0,0,1,0,2,3,2.2,-14,8
Paul Pierce,28,27,2015-12-19,38,LAC,A,HOU,-10,0,15:36,1,4,0.25,1,3,0.333,0,0,NA,0,1,1,0,0,0,0,4,3,-0.7,-10,4.8
Paul Pierce,30,28,2015-12-25,38,LAC,A,LAL,10,0,11:38,1,6,0.167,0,3,0,0,0,NA,0,1,1,2,0,0,2,1,2,-2.5,-11,5.3
Paul Pierce,31,29,2015-12-26,38,LAC,A,UTA,5,0,27:04,6,11,0.545,5,7,0.714,3,4,0.75,0,5,5,2,0,0,0,2,20,16.4,18,31.8
Paul Pierce,32,30,2015-12-28,38,LAC,A,WAS,17,1,17:20,4,7,0.571,1,3,0.333,0,0,NA,0,4,4,1,1,0,1,1,9,7.2,14,17.5
Paul Pierce,33,31,2015-12-30,38,LAC,A,CHO,5,1,21:19,4,9,0.444,3,7,0.429,2,2,1,0,5,5,2,1,1,0,3,13,11.7,5,27.8
Paul Pierce,34,32,2015-12-31,38,LAC,A,NOP,6,1,20:32,1,6,0.167,1,3,0.333,2,2,1,1,5,6,0,0,1,1,1,5,2.7,9,14.5
Paul Pierce,36,33,2016-01-06,38,LAC,A,POR,11,1,24:12,5,9,0.556,5,6,0.833,2,2,1,0,4,4,1,2,0,1,5,17,13.6,14,29.5
Paul Pierce,37,34,2016-01-09,38,LAC,H,CHO,14,1,19:26,2,10,0.2,0,8,0,0,0,NA,0,2,2,0,1,2,0,1,4,0.4,11,12.5
Paul Pierce,38,35,2016-01-10,38,LAC,H,NOP,3,1,12:43,1,6,0.167,1,4,0.25,0,0,NA,1,4,5,1,0,0,1,0,3,0.8,-2,10.8
Paul Pierce,39,36,2016-01-13,38,LAC,H,MIA,14,1,21:31,6,10,0.6,3,7,0.429,0,0,NA,1,8,9,0,0,0,0,4,15,11.9,14,27.8
Paul Pierce,40,37,2016-01-16,38,LAC,H,SAC,-7,1,20:19,3,9,0.333,1,5,0.2,0,0,NA,0,1,1,3,1,0,2,1,7,2.9,-2,14.3
Paul Pierce,41,38,2016-01-18,38,LAC,H,HOU,8,1,25:57,4,9,0.444,3,5,0.6,1,3,0.333,0,5,5,1,0,1,0,4,12,7.8,15,23.3
Paul Pierce,42,39,2016-01-21,38,LAC,A,CLE,-13,1,16:54,0,5,0,0,3,0,0,0,NA,0,0,0,1,1,0,1,3,0,-4,-11,3
Paul Pierce,43,40,2016-01-22,38,LAC,A,NYK,28,1,18:45,5,10,0.5,3,6,0.5,0,0,NA,0,4,4,1,1,0,1,2,13,9.1,11,22.5
Paul Pierce,44,41,2016-01-24,38,LAC,A,TOR,-18,1,16:12,1,5,0.2,1,3,0.333,1,2,0.5,0,5,5,3,0,0,0,3,4,2.9,8,15.3
Paul Pierce,45,42,2016-01-26,38,LAC,A,IND,2,1,23:05,2,7,0.286,1,4,0.25,0,0,NA,1,1,2,1,2,0,2,5,5,0.6,-4,12.5
Paul Pierce,46,43,2016-01-27,38,LAC,A,ATL,2,1,14:58,2,7,0.286,1,4,0.25,0,0,NA,0,2,2,1,0,1,1,1,5,1.5,-6,11
Paul Pierce,48,44,2016-01-31,38,LAC,H,CHI,27,1,15:54,0,6,0,0,5,0,0,0,NA,0,1,1,2,0,0,1,1,0,-3.9,-3,3.8
Paul Pierce,49,45,2016-02-03,38,LAC,H,MIN,-6,1,16:47,1,5,0.2,1,3,0.333,0,0,NA,0,2,2,5,0,0,3,2,3,0.2,-4,12
Paul Pierce,50,46,2016-02-05,38,LAC,A,ORL,14,1,19:48,4,6,0.667,2,4,0.5,2,2,1,0,3,3,1,1,0,0,2,12,11.2,14,20.3
Paul Pierce,51,47,2016-02-07,38,LAC,A,MIA,7,1,21:55,3,7,0.429,1,4,0.25,0,0,NA,0,4,4,0,0,0,0,2,7,3.7,4,12.5
Paul Pierce,53,48,2016-02-10,38,LAC,A,BOS,-5,1,21:37,2,6,0.333,2,4,0.5,0,0,NA,0,3,3,1,0,1,2,2,6,2.1,-8,13.3
Paul Pierce,54,49,2016-02-18,38,LAC,H,SAS,19,1,22:54,4,9,0.444,2,5,0.4,2,2,1,0,4,4,1,0,0,1,2,12,7.4,8,19
Paul Pierce,55,50,2016-02-20,38,LAC,H,GSW,-3,1,15:58,1,7,0.143,0,3,0,0,0,NA,0,0,0,2,0,0,1,4,2,-3.7,-2,4.5
Paul Pierce,56,51,2016-02-22,38,LAC,H,PHO,40,1,18:49,3,6,0.5,2,3,0.667,3,4,0.75,0,4,4,1,1,0,2,1,11,8.1,27,19.5
Paul Pierce,57,52,2016-02-24,38,LAC,H,DEN,-6,1,16:42,1,4,0.25,0,3,0,2,2,1,0,1,1,2,1,1,1,1,4,3.6,-7,11.8
Paul Pierce,59,53,2016-02-29,38,LAC,H,BRK,10,1,22:12,3,5,0.6,1,3,0.333,1,1,1,0,5,5,2,1,1,0,3,8,9.1,10,21.8
Paul Pierce,60,54,2016-03-02,38,LAC,H,OKC,5,1,14:38,2,4,0.5,2,3,0.667,0,0,NA,1,3,4,1,0,0,0,1,6,5.9,-3,13.5
Paul Pierce,61,55,2016-03-05,38,LAC,H,ATL,-10,1,14:14,3,6,0.5,2,5,0.4,3,3,1,0,0,0,0,0,0,1,2,11,6.2,-7,11.5
Paul Pierce,62,56,2016-03-07,38,LAC,A,DAL,19,1,20:12,1,5,0.2,0,3,0,0,0,NA,0,3,3,0,0,0,1,4,2,-2.8,7,5.3
Paul Pierce,63,57,2016-03-09,38,LAC,A,OKC,-12,1,18:17,0,4,0,0,3,0,0,0,NA,0,2,2,1,0,1,0,3,0,-2,4,6
Paul Pierce,67,58,2016-03-16,38,LAC,A,HOU,16,0,18:10,3,6,0.5,1,1,1,0,0,NA,0,2,2,1,0,0,3,1,7,1.9,-2,10
Paul Pierce,68,59,2016-03-19,38,LAC,A,MEM,-11,0,27:49,3,7,0.429,3,7,0.429,3,4,0.75,0,2,2,2,2,0,1,4,12,9.3,-4,22.5
Paul Pierce,69,60,2016-03-20,38,LAC,A,NOP,-4,1,20:24,4,9,0.444,0,4,0,1,3,0.333,0,2,2,1,0,0,1,2,9,3,-2,12.5
Paul Pierce,70,61,2016-03-23,38,LAC,A,GSW,-16,1,16:46,1,3,0.333,1,3,0.333,0,0,NA,1,2,3,1,1,0,1,1,3,2.9,-6,10.3
Paul Pierce,71,62,2016-03-24,38,LAC,H,POR,2,1,14:37,0,5,0,0,3,0,0,0,NA,1,3,4,0,2,1,1,2,0,-1,2,10.5
Paul Pierce,72,63,2016-03-27,38,LAC,H,DEN,15,1,14:36,2,5,0.4,1,4,0.25,0,0,NA,0,3,3,1,0,1,1,2,5,2.8,8,12.3
Paul Pierce,73,64,2016-03-28,38,LAC,H,BOS,24,1,11:34,4,6,0.667,0,2,0,0,0,NA,0,3,3,2,1,0,0,2,8,7.9,14,16.8
Paul Pierce,78,65,2016-04-06,38,LAC,A,LAL,10,0,20:10,4,8,0.5,1,3,0.333,0,0,NA,0,1,1,0,0,0,0,3,9,4.1,-3,10.8
Paul Pierce,79,66,2016-04-08,38,LAC,A,UTA,3,1,32:31,7,12,0.583,4,5,0.8,0,0,NA,0,2,2,2,3,0,5,0,18,12.4,12,29
Paul Pierce,81,67,2016-04-12,38,LAC,H,MEM,26,0,20:23,2,8,0.25,1,4,0.25,6,6,1,0,3,3,1,0,0,0,2,11,7,7,16.8
Paul Pierce,82,68,2016-04-13,38,LAC,A,PHO,-9,1,21:33,3,7,0.429,0,3,0,0,0,NA,0,3,3,0,0,1,2,2,6,1.1,-11,10.8
Lance Stephenson,1,1,2015-10-28,25,LAC,A,SAC,7,1,19:08,3,5,0.6,1,2,0.5,0,0,NA,1,1,2,2,1,0,1,0,7,7.1,11,14.5
Lance Stephenson,2,2,2015-10-29,25,LAC,H,DAL,16,1,20:52,1,5,0.2,1,4,0.25,0,0,NA,0,2,2,2,0,0,1,3,3,-0.3,7,8.5
Lance Stephenson,3,3,2015-10-31,25,LAC,H,SAC,5,1,24:17,3,6,0.5,0,1,0,1,2,0.5,0,2,2,4,0,0,2,3,7,3.8,20,14.5
Lance Stephenson,4,4,2015-11-02,25,LAC,H,PHO,6,1,18:20,2,6,0.333,0,0,NA,1,1,1,1,5,6,2,0,0,1,3,5,3,0,15
Lance Stephenson,5,5,2015-11-04,25,LAC,A,GSW,-4,1,22:56,2,5,0.4,2,2,1,1,2,0.5,0,5,5,3,0,0,1,3,7,5.3,15,18.3
Lance Stephenson,6,6,2015-11-07,25,LAC,H,HOU,-4,1,21:55,2,6,0.333,1,2,0.5,2,2,1,1,2,3,3,2,0,0,2,7,8.2,-7,19.8
Lance Stephenson,7,7,2015-11-09,25,LAC,H,MEM,2,1,20:56,1,4,0.25,1,2,0.5,0,0,NA,1,2,3,1,0,0,4,0,3,-1.4,-4,6.8
Lance Stephenson,8,8,2015-11-11,25,LAC,A,DAL,-10,1,20:30,3,9,0.333,0,2,0,0,0,NA,2,0,2,0,0,0,1,1,6,0.9,-19,8
Lance Stephenson,9,9,2015-11-12,25,LAC,A,PHO,-14,1,30:01,5,13,0.385,0,3,0,1,2,0.5,2,3,5,2,2,1,4,2,11,5.1,-9,24.3
Lance Stephenson,10,10,2015-11-14,25,LAC,H,DET,5,0,1:42,0,0,NA,0,0,NA,0,0,NA,0,0,0,0,0,0,1,0,0,-1,-8,-0.5
Lance Stephenson,12,11,2015-11-20,25,LAC,A,POR,-11,1,18:45,1,2,0.5,0,0,NA,0,2,0,0,0,0,1,0,1,0,1,2,1.2,-6,5.5
Lance Stephenson,13,12,2015-11-22,25,LAC,H,TOR,-11,0,5:25,0,0,NA,0,0,NA,0,0,NA,0,0,0,0,1,0,0,3,0,-0.2,-11,2
Lance Stephenson,14,13,2015-11-24,25,LAC,A,DEN,17,0,14:52,1,1,1,0,0,NA,2,2,1,1,1,2,0,1,0,1,1,4,4.3,5,8
Lance Stephenson,15,14,2015-11-25,25,LAC,H,UTA,-11,0,11:31,0,1,0,0,0,NA,0,0,NA,1,1,2,0,1,0,1,1,0,-0.1,-8,4
Lance Stephenson,16,15,2015-11-27,25,LAC,H,NOP,21,0,26:09,3,7,0.429,1,2,0.5,3,4,0.75,0,5,5,4,0,0,2,1,10,7.8,11,21.8
Lance Stephenson,17,16,2015-11-29,25,LAC,H,MIN,8,0,19:43,3,6,0.5,1,1,1,2,2,1,2,4,6,3,1,0,0,2,9,10.9,7,23.5
Lance Stephenson,18,17,2015-11-30,25,LAC,H,POR,15,0,17:22,1,2,0.5,0,1,0,0,0,NA,0,10,10,3,0,0,2,0,2,4.1,-6,18
Lance Stephenson,19,18,2015-12-02,25,LAC,H,IND,-12,0,28:09,8,11,0.727,3,4,0.75,0,0,NA,1,2,3,3,1,0,2,5,19,14.9,-8,29.8
Lance Stephenson,20,19,2015-12-05,25,LAC,H,ORL,2,0,18:10,0,2,0,0,1,0,0,0,NA,0,2,2,1,2,0,0,2,0,1.1,-7,8
Lance Stephenson,21,20,2015-12-07,25,LAC,A,MIN,4,0,13:07,1,2,0.5,1,2,0.5,0,0,NA,0,1,1,0,1,0,1,3,3,1.1,-4,6.3
Lance Stephenson,22,21,2015-12-09,25,LAC,A,MIL,14,0,7:12,0,0,NA,0,0,NA,0,0,NA,0,0,0,0,0,0,1,1,0,-1.4,-12,-0.5
Lance Stephenson,23,22,2015-12-10,25,LAC,A,CHI,-3,0,18:26,2,4,0.5,1,2,0.5,0,0,NA,0,3,3,4,1,0,1,2,5,5.9,8,16.8
Lance Stephenson,24,23,2015-12-12,25,LAC,A,BRK,5,0,11:33,0,2,0,0,1,0,0,0,NA,0,1,1,2,0,0,1,2,0,-1.5,1,3.8
Lance Stephenson,26,24,2015-12-16,25,LAC,H,MIL,13,0,18:28,2,2,1,0,0,NA,0,0,NA,1,1,2,4,1,0,0,3,4,7,-1,14.5
Lance Stephenson,27,25,2015-12-18,25,LAC,A,SAS,-8,0,10:19,0,1,0,0,1,0,0,0,NA,0,0,0,0,0,0,1,1,0,-2.1,-8,-0.5
Lance Stephenson,28,26,2015-12-19,25,LAC,A,HOU,-10,0,20:06,0,2,0,0,1,0,0,0,NA,1,2,3,0,0,0,3,6,0,-5.5,-4,2.3
Lance Stephenson,29,27,2015-12-21,25,LAC,H,OKC,-1,0,19:36,5,7,0.714,0,2,0,0,0,NA,0,4,4,1,1,0,4,3,10,4.8,-2,16.5
Lance Stephenson,30,28,2015-12-25,25,LAC,A,LAL,10,0,14:53,1,5,0.2,1,2,0.5,0,0,NA,0,1,1,1,0,0,0,1,3,0.5,-2,6.3
Lance Stephenson,31,29,2015-12-26,25,LAC,A,UTA,5,0,9:01,0,2,0,0,1,0,0,0,NA,0,1,1,1,1,0,1,2,0,-1.2,-6,4.3
Lance Stephenson,32,30,2015-12-28,25,LAC,A,WAS,17,0,3:56,0,1,0,0,0,NA,0,0,NA,0,0,0,1,0,0,0,0,0,0,-9,1.5
Lance Stephenson,33,31,2015-12-30,25,LAC,A,CHO,5,0,2:18,0,0,NA,0,0,NA,0,0,NA,0,0,0,0,0,0,0,1,0,-0.4,-4,0
Lance Stephenson,35,32,2016-01-02,25,LAC,H,PHI,31,0,21:14,2,3,0.667,0,1,0,3,4,0.75,0,4,4,3,1,0,2,0,7,7.6,12,17.5
Lance Stephenson,39,33,2016-01-13,25,LAC,H,MIA,14,0,6:08,1,1,1,0,0,NA,0,0,NA,1,0,1,0,0,0,0,0,2,2.4,-4,3.3
Lance Stephenson,42,34,2016-01-21,25,LAC,A,CLE,-13,0,8:29,1,3,0.333,0,0,NA,0,0,NA,1,1,2,0,1,0,0,3,2,1.1,5,6.5
Lance Stephenson,43,35,2016-01-22,25,LAC,A,NYK,28,0,6:10,0,2,0,0,0,NA,0,0,NA,0,1,1,1,0,0,0,1,0,-0.8,0,2.8
Lance Stephenson,44,36,2016-01-24,25,LAC,A,TOR,-18,0,7:31,4,4,1,0,0,NA,0,0,NA,0,2,2,0,0,0,1,1,8,6,-1,10
Lance Stephenson,47,37,2016-01-29,25,LAC,H,LAL,12,0,22:29,6,7,0.857,2,2,1,2,2,1,0,5,5,2,1,1,1,2,16,16.3,7,29.8
Lance Stephenson,48,38,2016-01-31,25,LAC,H,CHI,27,0,9:03,1,3,0.333,0,1,0,0,0,NA,1,5,6,1,1,0,1,2,2,2.4,11,12.5
Lance Stephenson,49,39,2016-02-03,25,LAC,H,MIN,-6,0,12:12,2,3,0.667,0,1,0,0,0,NA,0,2,2,0,0,0,1,1,4,1.9,-6,6
Lance Stephenson,50,40,2016-02-05,25,LAC,A,ORL,14,0,19:24,6,6,1,0,0,NA,1,1,1,0,1,1,3,1,0,1,3,13,12.4,6,20.3
Lance Stephenson,51,41,2016-02-07,25,LAC,A,MIA,7,0,17:34,4,5,0.8,1,1,1,0,0,NA,0,1,1,1,1,0,1,4,9,6.5,-4,13.8
Lance Stephenson,52,42,2016-02-08,25,LAC,A,PHI,6,0,16:11,1,5,0.2,0,0,NA,0,0,NA,0,3,3,1,0,0,2,1,2,-1.9,-4,6.3
Lance Stephenson,53,43,2016-02-10,25,LAC,A,BOS,-5,0,24:16,4,5,0.8,2,2,1,2,4,0.5,1,3,4,0,1,0,1,3,12,9.7,2,19.5
Cole Aldrich,1,1,2015-10-28,26,LAC,A,SAC,7,0,0:03,0,0,NA,0,0,NA,0,0,NA,0,0,0,0,0,0,0,0,0,0,0,0
Cole Aldrich,2,2,2015-10-29,26,LAC,H,DAL,16,0,6:54,1,2,0.5,0,0,NA,0,0,NA,0,0,0,0,0,0,1,1,2,-0.4,-8,1.5
Cole Aldrich,9,3,2015-11-12,27,LAC,A,PHO,-14,0,6:47,1,1,1,0,0,NA,0,0,NA,1,3,4,0,0,0,0,1,2,2.9,6,7
Cole Aldrich,14,4,2015-11-24,27,LAC,A,DEN,17,0,1:54,0,0,NA,0,0,NA,0,0,NA,0,0,0,0,0,0,0,1,0,-0.4,-1,0
Cole Aldrich,16,5,2015-11-27,27,LAC,H,NOP,21,0,1:30,0,0,NA,0,0,NA,1,2,0.5,0,1,1,0,0,0,1,0,1,-0.1,-2,1.8
Cole Aldrich,28,6,2015-12-19,27,LAC,A,HOU,-10,0,6:05,1,1,1,0,0,NA,0,0,NA,2,4,6,1,0,0,1,0,2,4,8,10.5
Cole Aldrich,29,7,2015-12-21,27,LAC,H,OKC,-1,0,13:47,2,3,0.667,0,0,NA,1,2,0.5,0,4,4,0,3,2,1,0,5,7.9,6,19.5
Cole Aldrich,30,8,2015-12-25,27,LAC,A,LAL,10,0,11:18,0,2,0,0,0,NA,0,0,NA,0,0,0,1,1,0,1,3,0,-1.9,-13,3
Cole Aldrich,31,9,2015-12-26,27,LAC,A,UTA,5,0,13:14,4,6,0.667,0,0,NA,0,2,0,1,2,3,2,0,1,0,3,8,6.8,-2,16.8
Cole Aldrich,32,10,2015-12-28,27,LAC,A,WAS,17,0,19:55,3,9,0.333,0,0,NA,7,8,0.875,0,6,6,3,4,1,1,3,13,13.9,9,34.5
Cole Aldrich,33,11,2015-12-30,27,LAC,A,CHO,5,0,14:26,3,6,0.5,0,0,NA,1,1,1,0,3,3,2,2,2,1,4,7,7.1,-1,21.3
Cole Aldrich,34,12,2015-12-31,27,LAC,A,NOP,6,0,10:40,2,3,0.667,0,0,NA,0,0,NA,1,3,4,1,1,0,1,2,4,4.2,-6,12
Cole Aldrich,35,13,2016-01-02,27,LAC,H,PHI,31,0,11:31,4,6,0.667,0,0,NA,0,0,NA,0,9,9,1,0,2,3,5,8,5.2,13,23.3
Cole Aldrich,36,14,2016-01-06,27,LAC,A,POR,11,0,12:04,1,3,0.333,0,0,NA,2,2,1,2,1,3,0,0,0,1,2,4,2.2,-5,7.3
Cole Aldrich,37,15,2016-01-09,27,LAC,H,CHO,14,0,12:35,4,6,0.667,0,0,NA,0,0,NA,2,2,4,0,0,0,0,0,8,7.4,-7,13
Cole Aldrich,38,16,2016-01-10,27,LAC,H,NOP,3,0,9:08,0,2,0,0,0,NA,0,0,NA,1,5,6,0,0,0,1,4,0,-1.8,-13,7
Cole Aldrich,39,17,2016-01-13,27,LAC,H,MIA,14,1,24:12,7,14,0.5,0,0,NA,5,7,0.714,4,3,7,3,1,0,2,1,19,15.6,10,33.3
Cole Aldrich,40,18,2016-01-16,27,LAC,H,SAC,-7,1,28:37,8,14,0.571,0,0,NA,3,6,0.5,4,6,10,2,2,3,2,4,19,17.7,-6,45
Cole Aldrich,41,19,2016-01-18,27,LAC,H,HOU,8,0,11:30,3,5,0.6,0,0,NA,2,2,1,3,1,4,1,1,1,0,4,8,8.9,2,18.5
Cole Aldrich,42,20,2016-01-21,27,LAC,A,CLE,-13,0,14:34,4,9,0.444,0,0,NA,3,4,0.75,2,2,4,3,0,1,0,3,11,9.5,6,22.5
Cole Aldrich,43,21,2016-01-22,27,LAC,A,NYK,28,0,17:58,4,6,0.667,0,0,NA,4,4,1,1,4,5,0,1,1,1,2,12,11.2,4,21.8
Cole Aldrich,44,22,2016-01-24,27,LAC,A,TOR,-18,0,10:40,1,2,0.5,0,0,NA,0,0,NA,0,1,1,0,0,1,1,3,2,-0.2,-26,4.8
Cole Aldrich,45,23,2016-01-26,27,LAC,A,IND,2,0,6:46,0,1,0,0,0,NA,0,2,0,0,2,2,0,0,0,0,1,0,-1.3,6,2.5
Cole Aldrich,46,24,2016-01-27,27,LAC,A,ATL,2,0,13:48,1,4,0.25,0,0,NA,1,2,0.5,2,2,4,1,0,2,1,2,3,2.5,11,13
Cole Aldrich,47,25,2016-01-29,27,LAC,H,LAL,12,0,13:21,1,1,1,0,0,NA,4,6,0.667,0,4,4,1,0,1,0,2,6,6.7,-7,14.5
Cole Aldrich,48,26,2016-01-31,27,LAC,H,CHI,27,0,9:51,0,1,0,0,0,NA,0,0,NA,0,4,4,3,0,0,2,1,0,0.2,3,8.5
Cole Aldrich,49,27,2016-02-03,27,LAC,H,MIN,-6,0,11:40,1,1,1,0,0,NA,2,2,1,2,0,2,0,1,1,0,4,4,5.2,2,10.5
Cole Aldrich,50,28,2016-02-05,27,LAC,A,ORL,14,0,8:20,1,3,0.333,0,0,NA,0,0,NA,0,2,2,0,1,0,2,5,2,-2.1,-2,5.5
Cole Aldrich,51,29,2016-02-07,27,LAC,A,MIA,7,0,13:18,2,3,0.667,0,0,NA,1,5,0.2,3,8,11,1,0,2,1,2,5,6.9,2,23.8
Cole Aldrich,52,30,2016-02-08,27,LAC,A,PHI,6,0,10:18,4,5,0.8,0,0,NA,2,2,1,2,1,3,0,1,0,0,1,10,10.4,-6,15.8
Cole Aldrich,53,31,2016-02-10,27,LAC,A,BOS,-5,0,8:20,1,1,1,0,0,NA,0,0,NA,1,0,1,2,1,1,2,4,2,1.9,2,9.3
Cole Aldrich,54,32,2016-02-18,27,LAC,H,SAS,19,0,20:23,4,5,0.8,0,0,NA,0,2,0,2,6,8,2,0,3,1,3,8,9.8,-10,26.5
Cole Aldrich,55,33,2016-02-20,27,LAC,H,GSW,-3,0,8:07,2,4,0.5,0,0,NA,0,0,NA,4,2,6,2,0,0,1,2,4,5,3,14
Cole Aldrich,56,34,2016-02-22,27,LAC,H,PHO,40,0,14:15,4,6,0.667,0,0,NA,0,0,NA,3,5,8,1,1,3,4,2,8,8,7,25.5
Cole Aldrich,57,35,2016-02-24,27,LAC,H,DEN,-6,0,11:09,1,1,1,0,0,NA,0,0,NA,1,3,4,0,2,1,1,1,2,4.6,0,12.5
Cole Aldrich,58,36,2016-02-26,27,LAC,A,SAC,10,0,14:12,0,1,0,0,0,NA,0,0,NA,2,3,5,1,0,0,1,5,0,-0.7,3,7.3
Cole Aldrich,59,37,2016-02-29,27,LAC,H,BRK,10,0,10:58,1,2,0.5,0,0,NA,0,0,NA,1,5,6,0,0,2,0,3,2,3.4,5,13.5
Cole Aldrich,60,38,2016-03-02,27,LAC,H,OKC,5,0,11:32,4,5,0.8,0,0,NA,0,0,NA,0,6,6,0,1,0,0,0,8,8.9,2,17.5
Cole Aldrich,61,39,2016-03-05,27,LAC,H,ATL,-10,0,12:14,1,2,0.5,0,0,NA,0,0,NA,3,3,6,0,1,2,1,2,2,4.6,2,15
Cole Aldrich,62,40,2016-03-07,27,LAC,A,DAL,19,0,9:52,1,4,0.25,0,0,NA,2,2,1,1,2,3,0,0,2,0,2,4,3.5,-15,11.8
Cole Aldrich,63,41,2016-03-09,27,LAC,A,OKC,-12,0,15:06,5,5,1,0,0,NA,0,0,NA,0,6,6,0,0,0,1,2,10,8.5,-5,17
Cole Aldrich,64,42,2016-03-11,27,LAC,H,NYK,7,0,23:23,1,3,0.333,0,0,NA,0,0,NA,4,2,6,0,1,1,3,6,2,0,-10,12
Cole Aldrich,65,43,2016-03-13,27,LAC,H,CLE,-24,0,11:43,2,4,0.5,0,0,NA,0,0,NA,2,3,5,1,0,2,1,3,4,4.2,-11,15.3
Cole Aldrich,66,44,2016-03-15,27,LAC,A,SAS,-21,0,13:34,3,4,0.75,0,0,NA,1,1,1,1,3,4,0,1,0,1,3,7,5.8,-18,13.5
Cole Aldrich,67,45,2016-03-16,27,LAC,A,HOU,16,0,10:10,1,1,1,0,0,NA,0,0,NA,0,0,0,1,1,3,0,3,2,4.3,3,11.5
Cole Aldrich,68,46,2016-03-19,27,LAC,A,MEM,-11,0,14:01,0,2,0,0,0,NA,2,2,1,1,3,4,2,2,4,2,2,2,5.6,13,21
Cole Aldrich,69,47,2016-03-20,27,LAC,A,NOP,-4,0,13:20,0,2,0,0,0,NA,2,2,1,2,2,4,0,0,3,2,2,2,1.9,-8,12
Cole Aldrich,70,48,2016-03-23,27,LAC,A,GSW,-16,0,7:03,1,2,0.5,0,0,NA,0,0,NA,1,1,2,0,0,2,2,1,2,1,-19,7.5
Cole Aldrich,71,49,2016-03-24,27,LAC,H,POR,2,0,15:21,3,5,0.6,0,0,NA,1,1,1,1,4,5,1,1,2,1,3,7,7.5,5,20.3
Cole Aldrich,72,50,2016-03-27,27,LAC,H,DEN,15,0,16:23,2,3,0.667,0,0,NA,1,1,1,2,1,3,0,0,1,0,3,5,4.9,5,10.8
Cole Aldrich,73,51,2016-03-28,27,LAC,H,BOS,24,0,13:45,3,3,1,0,0,NA,0,0,NA,4,3,7,1,0,2,2,2,6,8.1,11,19.3
Cole Aldrich,74,52,2016-03-30,27,LAC,A,MIN,20,0,11:51,1,1,1,0,0,NA,0,0,NA,0,3,3,0,2,2,2,0,2,4,0,12.8
Cole Aldrich,75,53,2016-03-31,27,LAC,A,OKC,-2,1,30:06,3,4,0.75,0,0,NA,0,0,NA,2,8,10,2,3,0,3,2,6,8.8,4,26
Cole Aldrich,76,54,2016-04-03,27,LAC,H,WAS,5,0,10:10,3,4,0.75,0,0,NA,2,2,1,1,1,2,0,2,0,2,4,8,5.8,1,13.5
Cole Aldrich,77,55,2016-04-05,27,LAC,H,LAL,22,0,18:38,3,4,0.75,0,0,NA,0,0,NA,3,5,8,1,0,1,1,4,6,6.8,-7,19
Cole Aldrich,78,56,2016-04-06,27,LAC,A,LAL,10,0,17:47,2,3,0.667,0,0,NA,3,4,0.75,3,7,10,2,2,2,2,1,7,11.9,4,29.5
Cole Aldrich,79,57,2016-04-08,27,LAC,A,UTA,3,1,39:44,10,15,0.667,0,0,NA,1,2,0.5,4,14,18,2,5,1,2,4,21,24.6,20,59
Cole Aldrich,80,58,2016-04-10,27,LAC,H,DAL,7,0,10:04,2,3,0.667,0,0,NA,0,0,NA,2,6,8,1,0,1,0,2,4,6.5,1,17.5
Cole Aldrich,81,59,2016-04-12,27,LAC,H,MEM,26,0,14:35,2,2,1,0,0,NA,2,2,1,0,4,4,1,1,3,0,2,6,9.6,2,20.5
Cole Aldrich,82,60,2016-04-13,27,LAC,A,PHO,-9,1,25:08,5,5,1,0,0,NA,4,4,1,2,8,10,1,1,3,1,2,14,18.3,1,37
Alex Stepheson,1,1,2016-02-20,28,LAC,H,GSW,-3,0,1:39,0,0,NA,0,0,NA,0,0,NA,0,1,1,0,0,0,0,0,0,0.3,10,NA
Alex Stepheson,2,2,2016-02-22,28,LAC,H,PHO,40,0,7:03,1,1,1,0,0,NA,0,0,NA,1,0,1,0,0,1,0,3,2,1.9,-2,5.3
Alex Stepheson,8,3,2016-03-07,28,LAC,A,DAL,19,0,1:53,0,0,NA,0,0,NA,0,2,0,0,0,0,0,0,1,0,1,0,-0.5,-4,2
Alex Stepheson,9,4,2016-03-09,28,LAC,A,OKC,-12,0,0:58,0,0,NA,0,0,NA,0,0,NA,0,0,0,0,0,0,0,0,0,0,0,0
J.J. Redick,1,1,2015-10-28,31,LAC,A,SAC,7,1,30:45,5,11,0.455,2,5,0.4,3,3,1,0,0,0,0,1,0,2,3,15,7.1,17,17
J.J. Redick,2,2,2015-10-29,31,LAC,H,DAL,16,1,23:52,4,9,0.444,2,4,0.5,2,2,1,0,1,1,2,1,0,0,1,12,9.6,14,19.3
J.J. Redick,3,3,2015-10-31,31,LAC,H,SAC,5,1,32:41,8,9,0.889,2,2,1,5,5,1,0,0,0,2,0,1,0,4,23,20.4,15,29
J.J. Redick,4,4,2015-11-02,31,LAC,H,PHO,6,1,27:50,3,12,0.25,3,10,0.3,1,1,1,1,2,3,2,0,0,1,1,10,4.1,4,17.8
J.J. Redick,5,5,2015-11-04,31,LAC,A,GSW,-4,1,28:43,5,8,0.625,3,4,0.75,0,0,NA,0,1,1,3,0,0,1,1,13,10.4,4,19.8
J.J. Redick,6,6,2015-11-07,31,LAC,H,HOU,-4,1,34:56,8,15,0.533,0,2,0,3,4,0.75,1,1,2,3,1,0,3,3,19,11.2,2,26.5
J.J. Redick,7,7,2015-11-09,31,LAC,H,MEM,2,1,30:16,4,8,0.5,2,6,0.333,6,6,1,0,0,0,1,1,0,3,2,16,9.9,-9,19
J.J. Redick,8,8,2015-11-11,31,LAC,A,DAL,-10,1,13:50,4,6,0.667,2,3,0.667,0,0,NA,0,0,0,0,0,1,0,2,10,7.3,-3,13
J.J. Redick,12,9,2015-11-20,31,LAC,A,POR,-11,1,25:53,3,12,0.25,1,5,0.2,0,1,0,0,1,1,2,2,0,1,3,7,0.9,-13,15.3
J.J. Redick,13,10,2015-11-22,31,LAC,H,TOR,-11,1,29:21,5,13,0.385,3,6,0.5,4,5,0.8,1,3,4,0,0,0,2,4,17,7.5,-9,22.5
J.J. Redick,14,11,2015-11-24,31,LAC,A,DEN,17,1,28:07,6,10,0.6,2,2,1,2,3,0.667,0,2,2,2,0,0,1,2,16,11.2,21,22
J.J. Redick,15,12,2015-11-25,31,LAC,H,UTA,-11,1,21:11,1,6,0.167,1,5,0.2,0,0,NA,0,0,0,1,1,0,3,5,3,-4.1,-14,5.5
J.J. Redick,16,13,2015-11-27,31,LAC,H,NOP,21,1,24:36,8,14,0.571,3,3,1,1,2,0.5,0,1,1,2,1,0,0,3,20,14.5,21,27.8
J.J. Redick,17,14,2015-11-29,31,LAC,H,MIN,8,1,33:15,7,12,0.583,2,6,0.333,2,2,1,0,2,2,0,0,0,2,1,18,10.6,7,20.5
J.J. Redick,18,15,2015-11-30,31,LAC,H,POR,15,1,30:02,5,14,0.357,4,7,0.571,0,0,NA,0,0,0,3,1,0,1,2,14,7.5,24,22
J.J. Redick,19,16,2015-12-02,31,LAC,H,IND,-12,1,0:18,0,0,NA,0,0,NA,2,2,1,0,0,0,0,0,0,0,0,2,2,2,2
J.J. Redick,21,17,2015-12-07,31,LAC,A,MIN,4,1,21:42,1,9,0.111,0,5,0,11,11,1,0,3,3,0,0,0,2,0,13,6,13,15.8
J.J. Redick,22,18,2015-12-09,31,LAC,A,MIL,14,1,33:26,11,18,0.611,6,9,0.667,3,4,0.75,0,3,3,2,0,0,2,1,31,22.3,24,39.8
J.J. Redick,23,19,2015-12-10,31,LAC,A,CHI,-3,1,29:24,2,11,0.182,0,2,0,4,5,0.8,0,2,2,4,0,0,0,0,8,4.1,8,16.5
J.J. Redick,24,20,2015-12-12,31,LAC,A,BRK,5,1,27:19,6,11,0.545,4,6,0.667,5,7,0.714,0,2,2,3,0,0,1,3,21,15.4,3,29.5
J.J. Redick,25,21,2015-12-14,31,LAC,A,DET,2,1,31:45,10,17,0.588,4,8,0.5,0,0,NA,0,3,3,3,0,0,2,2,24,16.3,12,33.3
J.J. Redick,26,22,2015-12-16,31,LAC,H,MIL,13,1,27:25,5,11,0.455,3,6,0.5,6,6,1,0,0,0,3,1,0,1,0,19,15.4,16,26.5
J.J. Redick,27,23,2015-12-18,31,LAC,A,SAS,-8,1,32:35,5,9,0.556,3,6,0.5,1,2,0.5,0,2,2,1,0,0,0,1,14,10.2,2,19.5
J.J. Redick,28,24,2015-12-19,31,LAC,A,HOU,-10,1,26:51,6,14,0.429,4,9,0.444,3,3,1,0,2,2,0,1,0,0,2,19,12.4,-5,25.5
J.J. Redick,29,25,2015-12-21,31,LAC,H,OKC,-1,1,25:29,6,14,0.429,3,7,0.429,0,0,NA,0,4,4,2,0,0,2,1,15,7.8,-2,23.5
J.J. Redick,30,26,2015-12-25,31,LAC,A,LAL,10,1,28:15,5,12,0.417,3,8,0.375,1,2,0.5,0,3,3,2,1,0,1,2,14,8.7,15,23.8
J.J. Redick,31,27,2015-12-26,31,LAC,A,UTA,5,1,32:35,8,11,0.727,5,7,0.714,4,4,1,0,2,2,2,2,0,2,1,25,22.1,10,36
J.J. Redick,32,28,2015-12-28,31,LAC,A,WAS,17,1,24:22,3,8,0.375,1,4,0.25,0,0,NA,0,1,1,2,1,0,1,0,7,4.3,18,13.3
J.J. Redick,33,29,2015-12-30,31,LAC,A,CHO,5,1,27:07,8,14,0.571,5,6,0.833,5,5,1,0,1,1,0,0,0,1,3,26,17.5,7,29.3
J.J. Redick,34,30,2015-12-31,31,LAC,A,NOP,6,1,28:48,9,15,0.6,4,7,0.571,4,4,1,0,2,2,0,1,0,1,2,26,18.9,12,32
J.J. Redick,35,31,2016-01-02,31,LAC,H,PHI,31,1,24:07,6,11,0.545,4,5,0.8,0,0,NA,0,1,1,2,0,0,1,1,16,11,22,21.8
J.J. Redick,36,32,2016-01-06,31,LAC,A,POR,11,1,30:04,8,13,0.615,2,5,0.4,2,2,1,0,1,1,1,2,0,1,2,20,15.3,8,27.3
J.J. Redick,37,33,2016-01-09,31,LAC,H,CHO,14,1,28:32,6,10,0.6,3,5,0.6,2,2,1,0,2,2,2,0,0,1,1,17,13,22,23.5
J.J. Redick,38,34,2016-01-10,31,LAC,H,NOP,3,1,35:33,2,10,0.2,1,6,0.167,6,7,0.857,0,5,5,2,0,0,0,1,11,6.9,7,20.8
J.J. Redick,39,35,2016-01-13,31,LAC,H,MIA,14,1,25:14,5,10,0.5,2,4,0.5,0,0,NA,0,1,1,2,0,0,0,1,12,8.3,18,17.3
J.J. Redick,40,36,2016-01-16,31,LAC,H,SAC,-7,1,31:20,6,13,0.462,5,9,0.556,5,5,1,0,3,3,2,1,0,0,2,22,17.8,-9,33.3
J.J. Redick,41,37,2016-01-18,31,LAC,H,HOU,8,1,38:30,11,19,0.579,9,12,0.75,9,9,1,1,0,1,2,0,0,1,4,40,30.6,17,48.3
J.J. Redick,42,38,2016-01-21,31,LAC,A,CLE,-13,1,28:55,6,12,0.5,2,6,0.333,3,4,0.75,0,2,2,0,0,0,0,0,17,11.2,-18,20.5
J.J. Redick,43,39,2016-01-22,31,LAC,A,NYK,28,1,24:23,3,6,0.5,1,2,0.5,0,0,NA,0,2,2,0,0,0,1,0,7,3.6,19,9.5
J.J. Redick,44,40,2016-01-24,31,LAC,A,TOR,-18,1,28:17,5,10,0.5,2,5,0.4,5,7,0.714,0,2,2,2,0,0,0,2,17,12.4,10,23.5
J.J. Redick,45,41,2016-01-26,31,LAC,A,IND,2,1,33:18,7,18,0.389,4,10,0.4,1,2,0.5,1,1,2,2,1,0,2,1,19,9.8,-4,27.5
J.J. Redick,46,42,2016-01-27,31,LAC,A,ATL,2,1,26:29,4,10,0.4,2,6,0.333,2,2,1,0,0,0,0,1,0,0,2,12,6.8,-11,15
J.J. Redick,47,43,2016-01-29,31,LAC,H,LAL,12,1,21:48,2,10,0.2,1,6,0.167,2,3,0.667,0,1,1,2,1,0,0,2,7,2.3,-5,13.8
J.J. Redick,48,44,2016-01-31,31,LAC,H,CHI,27,1,27:29,7,11,0.636,4,4,1,3,4,0.75,0,4,4,1,1,0,0,2,21,17.8,15,31.5
J.J. Redick,49,45,2016-02-03,31,LAC,H,MIN,-6,1,32:50,1,9,0.111,1,4,0.25,2,2,1,0,2,2,1,0,0,2,1,5,-2,-9,8.5
J.J. Redick,50,46,2016-02-05,31,LAC,A,ORL,14,1,27:14,6,14,0.429,4,9,0.444,4,5,0.8,0,3,3,0,1,0,1,2,20,12.3,9,27.3
J.J. Redick,51,47,2016-02-07,31,LAC,A,MIA,7,1,32:11,5,11,0.455,1,2,0.5,3,3,1,0,1,1,1,2,0,2,3,14,8.1,7,20.3
J.J. Redick,52,48,2016-02-08,31,LAC,A,PHI,6,1,38:53,7,18,0.389,3,8,0.375,6,7,0.857,0,2,2,2,0,0,3,4,23,10.2,2,28.5
J.J. Redick,53,49,2016-02-10,31,LAC,A,BOS,-5,1,38:23,9,14,0.643,2,5,0.4,7,8,0.875,0,3,3,0,0,0,1,1,27,19.9,-3,31.3
J.J. Redick,54,50,2016-02-18,31,LAC,H,SAS,19,1,31:37,7,13,0.538,2,2,1,1,2,0.5,0,1,1,0,1,0,1,3,17,9.4,23,20.8
J.J. Redick,55,51,2016-02-20,31,LAC,H,GSW,-3,1,27:10,6,11,0.545,1,4,0.25,3,3,1,0,1,1,2,0,0,2,5,16,8.4,-5,19.8
J.J. Redick,56,52,2016-02-22,31,LAC,H,PHO,40,1,25:13,7,14,0.5,4,6,0.667,4,4,1,1,2,3,2,1,0,0,0,22,18.7,31,32.8
J.J. Redick,57,53,2016-02-24,31,LAC,H,DEN,-6,1,32:07,7,16,0.438,6,12,0.5,0,0,NA,1,2,3,1,1,0,2,0,20,12.6,0,29.3
J.J. Redick,58,54,2016-02-26,31,LAC,A,SAC,10,1,34:39,7,15,0.467,1,3,0.333,1,1,1,0,3,3,1,1,0,0,0,16,10.9,9,23.8
J.J. Redick,59,55,2016-02-29,31,LAC,H,BRK,10,1,31:54,6,16,0.375,3,5,0.6,4,4,1,0,1,1,2,1,0,0,1,19,12.5,5,26.8
J.J. Redick,60,56,2016-03-02,31,LAC,H,OKC,5,1,31:00,6,13,0.462,2,6,0.333,2,2,1,0,1,1,3,1,0,1,3,16,10.5,12,24.3
J.J. Redick,61,57,2016-03-05,31,LAC,H,ATL,-10,1,29:59,4,13,0.308,2,7,0.286,0,0,NA,0,2,2,1,0,0,3,2,10,0,-12,13.5
J.J. Redick,62,58,2016-03-07,31,LAC,A,DAL,19,1,25:51,9,14,0.643,4,6,0.667,0,0,NA,0,2,2,0,0,0,1,2,22,14.6,12,26
J.J. Redick,63,59,2016-03-09,31,LAC,A,OKC,-12,1,29:08,6,13,0.462,5,8,0.625,5,6,0.833,0,1,1,3,2,0,2,0,22,17.3,-3,33.3
J.J. Redick,64,60,2016-03-11,31,LAC,H,NYK,7,1,30:35,6,15,0.4,4,10,0.4,4,4,1,0,2,2,1,0,0,1,1,20,11.8,13,25.5
J.J. Redick,65,61,2016-03-13,31,LAC,H,CLE,-24,1,23:41,7,11,0.636,2,5,0.4,3,3,1,0,3,3,1,1,0,1,3,19,14.5,-1,26.8
J.J. Redick,66,62,2016-03-15,31,LAC,A,SAS,-21,1,28:50,5,9,0.556,2,3,0.667,2,2,1,0,1,1,1,0,0,1,1,14,9.3,-4,17.3
J.J. Redick,67,63,2016-03-16,31,LAC,A,HOU,16,1,31:55,7,15,0.467,5,9,0.556,6,6,1,0,0,0,3,1,0,2,3,25,17.2,11,33
J.J. Redick,68,64,2016-03-19,31,LAC,A,MEM,-11,1,24:24,4,9,0.444,1,3,0.333,0,0,NA,0,1,1,3,0,1,1,3,9,5.2,-18,16.8
J.J. Redick,69,65,2016-03-20,31,LAC,A,NOP,-4,1,31:39,9,11,0.818,4,5,0.8,2,2,1,1,1,2,1,1,0,1,5,24,19.6,5,31.5
J.J. Redick,70,66,2016-03-23,31,LAC,A,GSW,-16,1,30:01,4,13,0.308,1,6,0.167,0,0,NA,1,4,5,0,0,1,1,5,9,1.1,-13,17.3
J.J. Redick,71,67,2016-03-24,31,LAC,H,POR,2,1,25:09,5,11,0.455,1,3,0.333,0,0,NA,0,4,4,0,1,0,1,2,11,5.7,12,18
J.J. Redick,72,68,2016-03-27,31,LAC,H,DEN,15,1,23:05,4,12,0.333,2,7,0.286,2,2,1,0,2,2,1,2,0,2,2,12,5.7,19,20
J.J. Redick,73,69,2016-03-28,31,LAC,H,BOS,24,1,17:55,4,8,0.5,1,2,0.5,0,0,NA,0,2,2,1,1,0,0,3,9,6.1,11,15.5
J.J. Redick,74,70,2016-03-30,31,LAC,A,MIN,20,1,27:00,6,15,0.4,4,12,0.333,1,1,1,0,3,3,3,1,0,0,0,17,12.9,30,29.3
J.J. Redick,76,71,2016-04-03,31,LAC,H,WAS,5,1,30:06,7,13,0.538,2,4,0.5,2,2,1,1,2,3,0,0,0,0,0,18,13,7,22.8
J.J. Redick,77,72,2016-04-05,31,LAC,H,LAL,22,1,21:48,4,6,0.667,1,3,0.333,0,0,NA,0,3,3,2,0,0,1,2,9,6.9,27,15.8
J.J. Redick,78,73,2016-04-06,31,LAC,A,LAL,10,1,22:38,6,14,0.429,3,7,0.429,0,0,NA,0,3,3,2,0,0,1,1,15,8.5,9,22.8
J.J. Redick,80,74,2016-04-10,31,LAC,H,DAL,7,1,30:38,8,10,0.8,4,4,1,0,0,NA,0,1,1,1,0,1,1,0,20,16.9,6,26.3
J.J. Redick,81,75,2016-04-12,31,LAC,H,MEM,26,1,12:41,4,8,0.5,3,6,0.5,0,0,NA,0,1,1,0,0,0,0,1,11,6.9,10,13.8
