Luol Deng,1,1,2015-10-28,30,MIA,H,CHO,10,1,30:25,5,8,0.625,3,3,1,0,0,NA,1,2,3,1,1,1,1,2,13,11.3,-4,23.3
Luol Deng,2,2,2015-10-30,30,MIA,A,CLE,-10,1,29:12,4,8,0.5,1,3,0.333,1,2,0.5,2,4,6,2,1,0,1,3,10,8.4,6,22.5
Luol Deng,3,3,2015-11-01,30,MIA,H,HOU,20,1,26:38,5,12,0.417,1,4,0.25,3,4,0.75,3,3,6,1,0,0,1,1,14,9.5,-3,23
Luol Deng,4,4,2015-11-03,30,MIA,H,ATL,-6,1,25:04,2,9,0.222,0,4,0,0,0,NA,0,2,2,1,0,1,0,1,4,0.1,-5,10
Luol Deng,5,5,2015-11-05,30,MIA,A,MIN,12,1,28:21,4,12,0.333,0,3,0,2,3,0.667,1,3,4,1,1,1,1,2,10,5,17,20
Luol Deng,6,6,2015-11-06,30,MIA,A,IND,-3,1,26:14,4,7,0.571,1,2,0.5,0,0,NA,1,1,2,0,0,0,2,1,9,4.3,-14,11
Luol Deng,7,7,2015-11-08,30,MIA,H,TOR,20,1,28:31,2,7,0.286,1,3,0.333,1,2,0.5,1,4,5,1,1,0,0,2,6,4.3,2,16.3
Luol Deng,8,8,2015-11-10,30,MIA,H,LAL,13,1,29:37,5,9,0.556,3,6,0.5,1,1,1,1,3,4,4,3,0,0,2,14,16.3,13,32.5
Luol Deng,9,9,2015-11-12,30,MIA,H,UTA,1,1,26:32,3,5,0.6,0,1,0,0,0,NA,0,3,3,1,2,0,2,2,6,4.5,-11,14.3
Luol Deng,10,10,2015-11-17,30,MIA,H,MIN,-12,1,33:27,8,14,0.571,3,8,0.375,1,3,0.333,0,6,6,1,0,1,0,2,20,15,11,32.5
Luol Deng,11,11,2015-11-19,30,MIA,H,SAC,7,1,31:03,1,7,0.143,0,4,0,6,9,0.667,2,2,4,1,2,2,0,1,8,8,-1,22.5
Luol Deng,12,12,2015-11-21,30,MIA,H,PHI,5,1,25:10,4,7,0.571,2,5,0.4,1,2,0.5,0,2,2,4,0,0,1,0,11,9.7,0,20
Luol Deng,13,13,2015-11-23,30,MIA,H,NYK,17,1,31:08,4,9,0.444,1,3,0.333,0,0,NA,1,2,3,0,1,0,1,1,9,5.2,-3,14.8
Luol Deng,20,14,2015-12-09,30,MIA,A,CHO,-18,0,24:28,1,6,0.167,1,3,0.333,2,2,1,0,6,6,1,0,0,1,0,5,2.7,-10,14
Luol Deng,21,15,2015-12-11,30,MIA,A,IND,-13,1,34:00,3,9,0.333,1,6,0.167,0,0,NA,1,2,3,1,1,0,0,2,7,4.1,-23,14.8
Luol Deng,22,16,2015-12-13,30,MIA,H,MEM,3,1,35:56,6,10,0.6,1,3,0.333,2,2,1,1,6,7,1,1,0,0,2,15,13.8,-1,27.8
Luol Deng,23,17,2015-12-14,30,MIA,A,ATL,12,1,35:54,7,12,0.583,1,2,0.5,3,3,1,1,8,9,4,2,0,1,2,18,18.5,9,39.3
Luol Deng,24,18,2015-12-16,30,MIA,A,BRK,6,1,35:55,2,6,0.333,0,2,0,1,2,0.5,1,5,6,3,1,0,3,0,5,3.5,0,17.5
Luol Deng,25,19,2015-12-18,30,MIA,H,TOR,-14,1,34:13,2,9,0.222,2,5,0.4,3,4,0.75,1,2,3,2,1,0,0,2,9,6,-11,18.8
Luol Deng,26,20,2015-12-20,30,MIA,H,POR,7,1,32:34,5,7,0.714,5,6,0.833,2,2,1,0,2,2,1,0,0,1,3,17,13.2,5,23
Luol Deng,27,21,2015-12-22,30,MIA,H,DET,-1,1,33:29,3,8,0.375,0,3,0,3,4,0.75,0,4,4,1,5,0,1,1,9,9.7,9,25
Luol Deng,28,22,2015-12-25,30,MIA,H,NOP,6,1,44:00,3,8,0.375,3,5,0.6,0,0,NA,0,5,5,1,2,0,1,1,9,7.4,8,21.8
Luol Deng,29,23,2015-12-26,30,MIA,A,ORL,7,1,29:50,3,10,0.3,1,4,0.25,0,0,NA,2,5,7,0,0,0,2,1,7,1.7,-5,15.3
Luol Deng,30,24,2015-12-28,30,MIA,H,BRK,-6,1,29:28,6,13,0.462,3,7,0.429,0,0,NA,0,4,4,0,1,2,1,4,15,9.3,-8,27
Luol Deng,31,25,2015-12-29,30,MIA,A,MEM,-9,1,33:42,2,8,0.25,2,7,0.286,0,0,NA,0,2,2,4,0,0,1,2,6,2.8,-5,15
Luol Deng,32,26,2016-01-01,30,MIA,H,DAL,24,1,29:31,3,7,0.429,1,3,0.333,2,2,1,0,4,4,1,0,0,0,2,9,6.4,13,16
Luol Deng,33,27,2016-01-03,30,MIA,A,WAS,22,1,26:34,4,5,0.8,1,1,1,0,0,NA,1,8,9,2,0,0,1,1,9,10.2,12,23.3
Luol Deng,34,28,2016-01-04,30,MIA,H,IND,3,1,27:06,1,5,0.2,1,4,0.25,5,6,0.833,0,3,3,0,0,0,0,0,8,5.4,-11,12.3
Luol Deng,35,29,2016-01-06,30,MIA,H,NYK,-8,1,31:47,3,9,0.333,0,3,0,3,3,1,2,2,4,0,0,0,0,4,9,4.3,-7,14
Luol Deng,36,30,2016-01-08,30,MIA,A,PHO,8,1,28:46,3,6,0.5,0,1,0,4,4,1,0,6,6,4,2,0,0,1,10,13.2,-1,27.5
Luol Deng,37,31,2016-01-09,30,MIA,A,UTA,-15,1,32:42,2,6,0.333,0,1,0,1,1,1,2,1,3,3,0,1,1,1,5,4.7,-6,14.8
Luol Deng,38,32,2016-01-11,30,MIA,A,GSW,-8,1,32:44,6,12,0.5,2,3,0.667,0,0,NA,2,8,10,2,0,0,2,1,14,10.8,-3,31
Luol Deng,39,33,2016-01-13,30,MIA,A,LAC,-14,1,32:16,3,7,0.429,1,3,0.333,0,0,NA,3,4,7,2,1,1,1,2,7,7.9,-13,22.8
Luol Deng,40,34,2016-01-15,30,MIA,A,DEN,3,1,38:32,5,12,0.417,0,1,0,2,2,1,0,5,5,2,1,0,1,2,12,7.7,10,22.8
Luol Deng,41,35,2016-01-17,30,MIA,A,OKC,-25,1,31:03,0,5,0,0,3,0,2,2,1,0,3,3,1,2,1,2,1,2,0.4,-20,12.3
Luol Deng,42,36,2016-01-19,30,MIA,H,MIL,-12,1,34:14,4,10,0.4,1,2,0.5,2,2,1,1,3,4,2,0,0,1,1,11,7.2,-18,19
Luol Deng,43,37,2016-01-20,30,MIA,A,WAS,-19,1,36:06,5,11,0.455,3,3,1,3,4,0.75,2,6,8,1,0,1,3,1,16,11.1,-26,29.5
Luol Deng,45,38,2016-01-25,30,MIA,A,CHI,5,1,31:13,4,10,0.4,1,2,0.5,0,0,NA,1,3,4,0,1,1,1,1,9,5.5,-6,18
Luol Deng,46,39,2016-01-26,30,MIA,A,BRK,4,1,30:37,4,10,0.4,0,2,0,2,2,1,1,1,2,4,2,1,1,1,10,9.7,3,24
Luol Deng,47,40,2016-01-29,30,MIA,A,MIL,4,1,32:42,5,11,0.455,2,4,0.5,4,4,1,2,5,7,0,1,1,1,5,16,11.9,1,29.3
Luol Deng,48,41,2016-01-31,30,MIA,H,ATL,18,1,32:20,7,14,0.5,2,5,0.4,1,2,0.5,2,2,4,3,2,0,1,1,17,14.3,11,31
Luol Deng,49,42,2016-02-02,30,MIA,A,HOU,-13,1,28:48,7,13,0.538,2,4,0.5,1,2,0.5,2,6,8,3,1,0,3,2,17,12.8,-11,33
Luol Deng,50,43,2016-02-03,30,MIA,A,DAL,3,1,32:03,4,9,0.444,1,2,0.5,6,7,0.857,2,3,5,1,0,1,1,2,15,11.8,0,24.8
Luol Deng,51,44,2016-02-05,30,MIA,A,CHO,3,1,28:05,3,8,0.375,0,1,0,2,3,0.667,0,1,1,0,1,0,1,0,8,3.5,-2,10.8
Luol Deng,52,45,2016-02-07,30,MIA,H,LAC,-7,1,39:51,5,9,0.556,1,2,0.5,4,5,0.8,4,4,8,1,0,0,0,3,15,13.8,-5,27
Luol Deng,53,46,2016-02-09,30,MIA,H,SAS,-18,1,25:58,3,7,0.429,2,5,0.4,3,5,0.6,0,2,2,0,1,0,0,0,11,8.1,-15,16.5
Luol Deng,54,47,2016-02-19,30,MIA,A,ATL,4,1,37:31,11,17,0.647,1,3,0.333,7,10,0.7,2,9,11,0,4,0,1,1,30,28,16,53.3
Luol Deng,55,48,2016-02-20,30,MIA,H,WAS,20,1,34:56,11,18,0.611,0,1,0,5,5,1,4,6,10,4,1,0,0,2,27,26.4,12,49
Luol Deng,56,49,2016-02-22,30,MIA,H,IND,8,1,37:16,5,18,0.278,0,3,0,3,5,0.6,5,11,16,1,0,0,1,5,13,6.1,8,35.5
Luol Deng,57,50,2016-02-24,30,MIA,H,GSW,-6,1,35:34,5,15,0.333,1,4,0.25,5,8,0.625,3,8,11,3,1,1,0,0,16,14.6,-7,40.3
Luol Deng,58,51,2016-02-27,30,MIA,A,BOS,-12,1,33:47,5,13,0.385,0,3,0,1,5,0.2,3,9,12,2,1,0,3,2,11,5.7,-6,31
Luol Deng,59,52,2016-02-28,30,MIA,A,NYK,17,1,30:11,7,12,0.583,0,1,0,1,2,0.5,2,5,7,2,1,0,4,0,15,10.3,12,26.8
Luol Deng,60,53,2016-03-01,30,MIA,H,CHI,18,1,36:50,8,10,0.8,3,3,1,1,2,0.5,0,4,4,2,1,0,2,5,20,15.4,14,30.5
Luol Deng,61,54,2016-03-03,30,MIA,H,PHO,16,1,28:30,4,10,0.4,2,4,0.5,2,4,0.5,0,4,4,4,1,0,0,1,12,10.4,6,26
Luol Deng,62,55,2016-03-04,30,MIA,A,PHI,10,1,34:53,3,8,0.375,0,3,0,7,7,1,3,6,9,2,0,0,1,1,13,12.5,19,26.8
Luol Deng,63,56,2016-03-06,30,MIA,H,PHI,5,1,35:43,5,11,0.455,1,4,0.25,1,2,0.5,3,11,14,4,2,1,0,0,12,16.8,0,43.5
Luol Deng,64,57,2016-03-09,30,MIA,A,MIL,-6,1,38:12,9,17,0.529,2,4,0.5,0,0,NA,3,8,11,2,2,1,2,1,20,17.9,-12,44.3
Luol Deng,65,58,2016-03-11,30,MIA,A,CHI,22,1,32:19,7,12,0.583,3,5,0.6,2,2,1,1,5,6,2,4,0,1,3,19,18.8,29,38.5
Luol Deng,66,59,2016-03-12,30,MIA,A,TOR,-8,1,36:50,7,18,0.389,2,8,0.25,4,5,0.8,2,3,5,1,2,1,3,4,20,10.9,-5,33.3
Luol Deng,67,60,2016-03-14,30,MIA,H,DEN,5,1,33:04,7,10,0.7,0,2,0,3,3,1,2,6,8,2,2,0,1,0,17,18.4,6,33.5
Luol Deng,68,61,2016-03-17,30,MIA,H,CHO,-3,1,34:53,7,13,0.538,2,5,0.4,6,6,1,3,6,9,3,1,1,3,4,22,18.8,9,41.3
Luol Deng,69,62,2016-03-19,30,MIA,H,CLE,21,1,23:10,1,3,0.333,1,2,0.5,0,0,NA,0,3,3,1,0,2,1,1,3,2.9,14,12.3
Luol Deng,70,63,2016-03-22,30,MIA,A,NOP,14,1,29:19,1,7,0.143,0,4,0,3,3,1,0,3,3,4,0,0,0,2,5,3.4,-7,14.8
Luol Deng,72,64,2016-03-25,30,MIA,H,ORL,11,1,34:34,4,13,0.308,0,3,0,2,2,1,5,8,13,5,1,1,0,0,10,13.6,3,39.3
Luol Deng,73,65,2016-03-28,30,MIA,H,BRK,11,1,30:52,4,11,0.364,1,3,0.333,0,0,NA,1,4,5,1,2,0,1,0,9,6.5,6,20.8
Luol Deng,74,66,2016-03-30,30,MIA,A,LAL,-2,1,41:08,9,15,0.6,2,4,0.5,2,4,0.5,5,6,11,2,1,3,0,1,22,23.7,-2,49.3
Luol Deng,75,67,2016-04-01,30,MIA,A,SAC,6,1,34:25,7,12,0.583,3,3,1,0,0,NA,2,1,3,4,0,0,2,1,17,13.5,15,27.3
Luol Deng,76,68,2016-04-02,30,MIA,A,POR,-17,1,31:12,5,13,0.385,1,4,0.25,3,4,0.75,4,9,13,2,3,0,2,2,14,13.6,-14,40.3
Luol Deng,77,69,2016-04-05,30,MIA,H,DET,18,1,34:15,6,13,0.462,0,2,0,0,0,NA,1,7,8,5,1,0,0,2,12,11.8,19,31.5
Luol Deng,78,70,2016-04-07,30,MIA,H,CHI,8,1,32:58,6,12,0.5,0,2,0,1,2,0.5,1,1,2,3,0,0,1,1,13,8.3,-1,19.5
Luol Deng,79,71,2016-04-08,30,MIA,A,ORL,-3,1,32:10,4,7,0.571,2,3,0.667,0,0,NA,3,7,10,1,0,0,1,2,10,9.8,-15,26
Luol Deng,80,72,2016-04-10,30,MIA,H,ORL,22,1,35:00,7,11,0.636,1,4,0.25,5,8,0.625,0,2,2,5,2,0,4,5,20,14,19,32.5
Luol Deng,81,73,2016-04-12,30,MIA,A,DET,6,1,41:22,6,11,0.545,3,7,0.429,2,2,1,1,9,10,2,0,0,3,1,17,13.1,11,34
Luol Deng,82,74,2016-04-13,30,MIA,A,BOS,-10,1,35:13,3,9,0.333,0,5,0,0,0,NA,2,6,8,2,0,2,1,3,6,4.7,-5,22.5
James Ennis,2,1,2015-10-30,25,MIA,A,CLE,-10,0,1:28,0,0,NA,0,0,NA,0,0,NA,0,0,0,1,0,0,0,0,0,0.7,4,1.5
James Ennis,5,2,2015-11-05,25,MIA,A,MIN,12,0,2:29,0,0,NA,0,0,NA,0,0,NA,0,0,0,0,0,0,0,0,0,0,-5,0
James Ennis,7,3,2015-11-08,25,MIA,H,TOR,20,0,3:26,0,0,NA,0,0,NA,0,0,NA,0,0,0,0,0,0,0,1,0,-0.4,0,0
Joe Johnson,58,58,2016-02-28,34,MIA,A,NYK,17,1,30:08,5,10,0.5,1,3,0.333,1,1,1,1,2,3,3,0,0,2,4,12,6.8,15,NA
Joe Johnson,59,59,2016-03-01,34,MIA,H,CHI,18,1,32:32,10,13,0.769,2,3,0.667,2,2,1,1,4,5,4,0,1,2,1,24,21.9,24,38.3
Joe Johnson,60,60,2016-03-03,34,MIA,H,PHO,16,1,31:20,3,7,0.429,2,2,1,0,0,NA,0,3,3,2,0,0,0,3,8,5.4,12,15.8
Joe Johnson,61,61,2016-03-04,34,MIA,A,PHI,10,1,25:59,5,7,0.714,1,2,0.5,1,1,1,0,0,0,2,2,0,1,2,12,10.7,4,19
Joe Johnson,62,62,2016-03-06,34,MIA,H,PHI,5,1,31:02,6,11,0.545,2,2,1,0,0,NA,2,3,5,1,1,0,2,3,14,9.5,17,23.8
Joe Johnson,63,63,2016-03-09,34,MIA,A,MIL,-6,1,33:48,5,9,0.556,1,2,0.5,0,0,NA,2,0,2,4,0,0,2,4,11,7.3,-1,19
Joe Johnson,64,64,2016-03-11,34,MIA,A,CHI,22,1,28:44,5,10,0.5,2,3,0.667,3,4,0.75,1,2,3,2,4,0,3,2,15,12.5,1,29.3
Joe Johnson,65,65,2016-03-12,34,MIA,A,TOR,-8,1,43:28,11,21,0.524,4,7,0.571,2,2,1,1,3,4,5,0,0,4,5,28,16.8,-6,40.5
Joe Johnson,66,66,2016-03-14,34,MIA,H,DEN,5,1,30:10,6,11,0.545,2,5,0.4,4,5,0.8,0,2,2,5,1,0,1,2,18,15.6,-10,30.5
Joe Johnson,67,67,2016-03-17,34,MIA,H,CHO,-3,1,34:23,5,9,0.556,2,4,0.5,1,1,1,1,2,3,4,0,1,0,1,13,13.1,-20,25.8
Joe Johnson,68,68,2016-03-19,34,MIA,H,CLE,21,1,30:32,7,11,0.636,4,6,0.667,0,0,NA,1,2,3,2,2,0,0,0,18,17.8,30,30.8
Joe Johnson,69,69,2016-03-22,34,MIA,A,NOP,14,1,34:33,2,7,0.286,0,2,0,4,6,0.667,0,5,5,6,1,0,1,1,8,8.4,18,24.8
Joe Johnson,70,70,2016-03-23,34,MIA,A,SAS,-24,1,32:32,2,6,0.333,1,4,0.25,0,0,NA,0,2,2,5,1,0,0,0,5,6.7,-21,17.5
Joe Johnson,71,71,2016-03-25,34,MIA,H,ORL,11,1,26:20,2,6,0.333,0,1,0,0,0,NA,0,1,1,1,0,0,1,1,4,0.2,8,6.3
Joe Johnson,72,72,2016-03-28,34,MIA,H,BRK,11,1,34:55,1,8,0.125,0,4,0,0,0,NA,0,4,4,7,0,0,4,2,2,-1.9,-2,15.5
Joe Johnson,73,73,2016-03-30,34,MIA,A,LAL,-2,1,36:25,4,9,0.444,0,4,0,2,2,1,0,4,4,5,1,0,3,2,10,7.2,9,23
Joe Johnson,74,74,2016-04-01,34,MIA,A,SAC,6,1,36:29,6,11,0.545,1,4,0.25,1,1,1,1,4,5,8,2,0,6,4,14,10.6,8,33.8
Joe Johnson,75,75,2016-04-02,34,MIA,A,POR,-17,1,28:02,5,11,0.455,1,3,0.333,2,4,0.5,1,0,1,1,0,0,0,0,13,7.9,-27,16.3
Joe Johnson,76,76,2016-04-05,34,MIA,H,DET,18,1,28:06,5,8,0.625,0,1,0,1,2,0.5,1,0,1,5,1,0,1,1,11,10.8,4,21.3
Joe Johnson,77,77,2016-04-07,34,MIA,H,CHI,8,1,35:10,7,10,0.7,3,4,0.75,0,0,NA,1,2,3,4,1,0,1,3,17,15.7,17,29.8
Joe Johnson,78,78,2016-04-08,34,MIA,A,ORL,-3,1,26:48,6,13,0.462,1,4,0.25,0,0,NA,1,0,1,1,0,0,2,2,13,4.9,-5,15.3
Joe Johnson,79,79,2016-04-10,34,MIA,H,ORL,22,1,27:20,3,9,0.333,1,4,0.25,0,0,NA,0,2,2,3,1,0,0,1,7,5.2,18,16.5
Joe Johnson,80,80,2016-04-12,34,MIA,A,DET,6,1,34:01,10,15,0.667,3,5,0.6,2,3,0.667,0,2,2,5,2,0,4,1,25,19.8,4,38.5
Joe Johnson,81,81,2016-04-13,34,MIA,A,BOS,-10,1,36:31,9,19,0.474,1,5,0.2,0,0,NA,0,4,4,1,1,0,3,1,19,8.8,-2,26.5
Mario Chalmers,1,1,2015-10-28,29,MIA,H,CHO,10,0,17:07,1,3,0.333,1,2,0.5,5,5,1,0,3,3,4,2,0,2,2,8,9.2,8,21.3
Mario Chalmers,2,2,2015-10-30,29,MIA,A,CLE,-10,0,14:24,3,6,0.5,0,2,0,2,2,1,0,1,1,2,0,0,0,1,8,6.3,-19,12.3
Mario Chalmers,3,3,2015-11-01,29,MIA,H,HOU,20,0,22:35,1,3,0.333,0,1,0,2,3,0.667,1,0,1,3,2,0,3,3,4,2.5,27,12.3
Mario Chalmers,4,4,2015-11-03,29,MIA,H,ATL,-6,0,21:43,1,9,0.111,0,4,0,0,0,NA,0,1,1,3,2,0,1,4,2,-2.1,-2,11.3
Mario Chalmers,6,5,2015-11-06,29,MIA,A,IND,-3,0,18:52,1,3,0.333,0,1,0,0,0,NA,0,1,1,1,1,0,0,3,2,1.1,21,6.8
Mario Chalmers,7,6,2015-11-08,29,MIA,H,TOR,20,0,25:10,3,8,0.375,0,1,0,3,3,1,0,7,7,6,1,1,3,3,9,8.4,18,29.3
Justise Winslow,1,1,2015-10-28,19,MIA,H,CHO,10,0,25:30,2,2,1,1,1,1,0,0,NA,0,7,7,2,0,0,2,4,5,4.3,26,16.3
Justise Winslow,2,2,2015-10-30,19,MIA,A,CLE,-10,0,18:48,1,4,0.25,0,2,0,0,0,NA,0,4,4,1,0,0,0,2,2,0.7,-16,8.5
Justise Winslow,3,3,2015-11-01,19,MIA,H,HOU,20,0,30:40,4,8,0.5,2,2,1,0,0,NA,2,1,3,2,2,0,1,2,10,9.3,24,21.3
Justise Winslow,4,4,2015-11-03,19,MIA,H,ATL,-6,0,22:30,2,7,0.286,0,3,0,0,0,NA,1,3,4,0,0,0,3,2,4,-2.3,-5,7.5
Justise Winslow,5,5,2015-11-05,19,MIA,A,MIN,12,0,35:44,3,7,0.429,0,2,0,1,1,1,1,2,3,2,1,1,1,1,7,6.3,12,17.3
Justise Winslow,6,6,2015-11-06,19,MIA,A,IND,-3,0,30:52,6,10,0.6,0,1,0,1,1,1,2,6,8,1,0,0,0,5,13,10.3,10,24.5
Justise Winslow,7,7,2015-11-08,19,MIA,H,TOR,20,0,32:12,3,8,0.375,0,1,0,3,4,0.75,1,4,5,1,1,0,2,2,9,5,20,17.8
Justise Winslow,8,8,2015-11-10,19,MIA,H,LAL,13,0,31:58,4,8,0.5,0,2,0,0,0,NA,2,1,3,3,1,1,1,0,8,8.5,0,19.8
Justise Winslow,9,9,2015-11-12,19,MIA,H,UTA,1,0,27:17,3,9,0.333,0,1,0,1,2,0.5,1,4,5,1,0,0,0,4,7,2.5,-5,14.8
Justise Winslow,10,10,2015-11-17,19,MIA,H,MIN,-12,0,31:21,1,2,0.5,1,2,0.5,5,10,0.5,1,10,11,1,1,0,6,5,8,2.4,-6,22.8
Justise Winslow,11,11,2015-11-19,19,MIA,H,SAC,7,0,27:05,3,9,0.333,0,4,0,0,0,NA,1,0,1,1,2,0,3,2,6,0.5,11,11.3
Justise Winslow,12,12,2015-11-21,19,MIA,H,PHI,5,0,23:25,4,4,1,1,1,1,2,3,0.667,1,4,5,1,0,0,3,3,11,7.8,-1,17.8
Justise Winslow,13,13,2015-11-23,19,MIA,H,NYK,17,0,30:37,3,6,0.5,1,1,1,0,0,NA,0,6,6,3,0,1,0,5,7,6.6,28,21.5
Justise Winslow,14,14,2015-11-25,19,MIA,A,DET,-23,0,29:08,1,3,0.333,0,0,NA,1,2,0.5,1,7,8,1,0,0,1,2,3,2.6,-10,14
Justise Winslow,15,15,2015-11-27,19,MIA,A,NYK,19,0,34:38,3,7,0.429,1,3,0.333,2,2,1,1,6,7,1,1,0,0,3,9,8.3,12,21.8
Justise Winslow,16,16,2015-11-30,19,MIA,H,BOS,-10,0,29:28,1,4,0.25,0,0,NA,2,3,0.667,2,4,6,4,0,0,4,2,4,1.8,-13,15.5
Justise Winslow,17,17,2015-12-03,19,MIA,H,OKC,2,0,33:32,1,3,0.333,0,2,0,0,2,0,0,4,4,3,2,0,1,3,2,2.6,-3,15
Justise Winslow,18,18,2015-12-05,19,MIA,H,CLE,15,0,17:30,1,4,0.25,0,1,0,1,2,0.5,0,1,1,0,0,0,1,5,3,-2.5,-3,3.8
Justise Winslow,19,19,2015-12-07,19,MIA,H,WAS,-11,0,33:14,1,5,0.2,0,3,0,0,0,NA,1,5,6,0,1,0,3,3,2,-2.1,-20,10
Justise Winslow,20,20,2015-12-09,19,MIA,A,CHO,-18,0,25:59,3,7,0.429,1,3,0.333,0,2,0,2,6,8,1,1,0,0,2,7,6.6,-1,21
Justise Winslow,21,21,2015-12-11,19,MIA,A,IND,-13,0,29:01,2,6,0.333,0,2,0,0,0,NA,1,3,4,0,0,1,4,1,4,-1.5,-3,9
Justise Winslow,22,22,2015-12-13,19,MIA,H,MEM,3,0,25:40,2,6,0.333,2,5,0.4,2,2,1,0,2,2,3,2,1,1,1,8,8.6,3,21.5
Justise Winslow,23,23,2015-12-14,19,MIA,A,ATL,12,0,12:43,0,2,0,0,2,0,0,0,NA,0,3,3,1,0,0,3,2,0,-3.6,4,3.8
Justise Winslow,24,24,2015-12-16,19,MIA,A,BRK,6,0,33:20,4,5,0.8,3,3,1,0,0,NA,1,7,8,0,0,1,0,1,11,12.2,8,24.5
Justise Winslow,25,25,2015-12-18,19,MIA,H,TOR,-14,0,18:21,0,2,0,0,2,0,2,2,1,0,2,2,0,0,0,0,3,2,0,-6,4.5
Justise Winslow,26,26,2015-12-20,19,MIA,H,POR,7,0,24:41,1,3,0.333,0,2,0,1,1,1,0,3,3,1,3,1,0,0,3,6.6,-3,16.3
Justise Winslow,27,27,2015-12-22,19,MIA,H,DET,-1,0,24:49,1,2,0.5,0,1,0,0,0,NA,0,1,1,0,3,0,1,1,2,2.9,1,8.8
Justise Winslow,28,28,2015-12-25,19,MIA,H,NOP,6,0,29:57,3,6,0.5,1,3,0.333,2,3,0.667,1,5,6,0,1,1,1,3,9,7.3,-8,20.5
Justise Winslow,29,29,2015-12-26,19,MIA,A,ORL,7,0,21:07,0,2,0,0,1,0,4,4,1,1,2,3,4,0,0,1,0,4,5.7,-2,13.3
Justise Winslow,33,30,2016-01-03,19,MIA,A,WAS,22,0,17:43,0,4,0,0,2,0,0,0,NA,0,3,3,2,2,1,3,2,0,-1.6,15,11.3
Justise Winslow,34,31,2016-01-04,19,MIA,H,IND,3,0,35:39,2,6,0.333,0,2,0,3,4,0.75,2,4,6,0,0,1,1,3,7,4.3,15,16
Justise Winslow,35,32,2016-01-06,19,MIA,H,NYK,-8,0,21:29,1,4,0.25,0,1,0,0,0,NA,1,1,2,0,0,1,0,2,2,0.5,-2,6.5
Justise Winslow,36,33,2016-01-08,19,MIA,A,PHO,8,0,22:41,2,4,0.5,0,1,0,0,0,NA,2,8,10,0,1,0,0,1,4,6.4,-2,18.5
Justise Winslow,37,34,2016-01-09,19,MIA,A,UTA,-15,0,20:21,0,4,0,0,1,0,0,0,NA,0,0,0,0,0,1,2,0,0,-4.1,-3,1
Justise Winslow,38,35,2016-01-11,19,MIA,A,GSW,-8,1,25:33,3,8,0.375,1,3,0.333,0,0,NA,0,3,3,1,1,1,0,3,7,4.7,-7,16.8
Justise Winslow,39,36,2016-01-13,19,MIA,A,LAC,-14,1,18:50,2,6,0.333,0,2,0,0,0,NA,0,3,3,1,0,0,1,0,4,1.2,-3,8.8
Justise Winslow,40,37,2016-01-15,19,MIA,A,DEN,3,0,23:21,3,5,0.6,2,2,1,0,0,NA,0,4,4,1,1,1,3,3,8,5.1,0,18
Justise Winslow,41,38,2016-01-17,19,MIA,A,OKC,-25,0,27:02,0,4,0,0,1,0,0,0,NA,1,4,5,1,0,1,1,1,0,-0.9,-13,9.3
Justise Winslow,42,39,2016-01-19,19,MIA,H,MIL,-12,0,25:41,1,5,0.2,0,3,0,0,0,NA,0,3,3,1,0,0,0,0,2,0.5,-1,7.3
Justise Winslow,43,40,2016-01-20,19,MIA,A,WAS,-19,0,35:42,4,8,0.5,1,1,1,0,0,NA,2,4,6,6,0,0,1,2,9,10,-13,25.5
Justise Winslow,44,41,2016-01-22,19,MIA,A,TOR,-20,1,40:47,3,8,0.375,3,5,0.6,0,0,NA,1,7,8,2,0,0,1,3,9,6.6,-18,23
Justise Winslow,45,42,2016-01-25,19,MIA,A,CHI,5,0,34:44,3,4,0.75,0,1,0,2,2,1,1,8,9,4,2,0,1,4,8,11.7,17,28.8
Justise Winslow,46,43,2016-01-26,19,MIA,A,BRK,4,0,36:51,6,7,0.857,1,1,1,0,0,NA,1,6,7,2,2,0,1,4,13,13.8,4,28.8
Justise Winslow,47,44,2016-01-29,19,MIA,A,MIL,4,0,32:37,2,5,0.4,0,1,0,2,2,1,1,3,4,2,0,0,1,3,6,4.1,5,13.5
Justise Winslow,48,45,2016-01-31,19,MIA,H,ATL,18,0,33:14,4,6,0.667,0,1,0,2,2,1,2,7,9,0,0,2,2,4,10,8.7,12,24.3
Justise Winslow,49,46,2016-02-02,19,MIA,A,HOU,-13,0,32:04,4,5,0.8,1,1,1,2,2,1,1,7,8,2,3,0,4,4,11,10.7,-15,28.5
Justise Winslow,50,47,2016-02-03,19,MIA,A,DAL,3,0,29:51,2,6,0.333,0,1,0,0,0,NA,0,6,6,0,1,1,0,3,4,2.9,6,15.5
Justise Winslow,51,48,2016-02-05,19,MIA,A,CHO,3,0,32:57,4,6,0.667,0,0,NA,0,0,NA,2,8,10,2,2,0,0,2,8,11.8,-5,27.5
Justise Winslow,52,49,2016-02-07,19,MIA,H,LAC,-7,0,26:38,0,5,0,0,2,0,2,2,1,1,9,10,0,0,0,0,3,2,0.7,2,14.5
Justise Winslow,53,50,2016-02-09,19,MIA,H,SAS,-18,0,23:32,1,2,0.5,0,1,0,0,0,NA,0,0,0,1,0,0,2,2,2,-1.1,-9,2.5
Justise Winslow,54,51,2016-02-19,19,MIA,A,ATL,4,1,37:24,5,13,0.385,0,3,0,3,4,0.75,3,6,9,0,2,0,2,2,13,8.6,2,27.3
Justise Winslow,55,52,2016-02-20,19,MIA,H,WAS,20,1,25:47,6,10,0.6,0,0,NA,2,5,0.4,3,3,6,1,0,0,2,2,14,9.1,6,22
Justise Winslow,56,53,2016-02-22,19,MIA,H,IND,8,0,39:44,5,10,0.5,0,1,0,5,6,0.833,3,4,7,4,4,0,0,4,15,18.1,29,37.8
Justise Winslow,57,54,2016-02-24,19,MIA,H,GSW,-6,1,32:44,4,7,0.571,0,0,NA,0,0,NA,4,6,10,2,3,2,2,2,8,12.3,-8,32.5
Justise Winslow,58,55,2016-02-27,19,MIA,A,BOS,-12,1,32:09,3,10,0.3,0,1,0,0,0,NA,3,4,7,4,0,1,2,2,6,4.2,-6,21.8
Justise Winslow,59,56,2016-02-28,19,MIA,A,NYK,17,0,35:41,0,4,0,0,0,NA,0,0,NA,0,13,13,4,0,0,1,2,0,2.1,7,21.8
Justise Winslow,60,57,2016-03-01,19,MIA,H,CHI,18,0,27:02,4,6,0.667,0,1,0,0,0,NA,0,2,2,0,0,0,3,2,8,2.2,-2,9
Justise Winslow,61,58,2016-03-03,19,MIA,H,PHO,16,0,29:01,3,5,0.6,1,1,1,2,2,1,0,7,7,2,1,0,0,2,9,10.4,8,23.3
Justise Winslow,62,59,2016-03-04,19,MIA,A,PHI,10,0,16:17,1,3,0.333,0,0,NA,0,2,0,3,0,3,0,0,1,3,4,2,-2.3,-4,6.3
Justise Winslow,63,60,2016-03-06,19,MIA,H,PHI,5,0,29:46,2,4,0.5,1,2,0.5,1,2,0.5,1,1,2,1,2,0,2,2,6,4.5,-9,13.5
Justise Winslow,64,61,2016-03-09,19,MIA,A,MIL,-6,0,25:49,2,7,0.286,0,1,0,2,2,1,0,4,4,2,0,0,1,1,6,3.1,4,13.5
Justise Winslow,65,62,2016-03-11,19,MIA,A,CHI,22,0,32:10,4,7,0.571,0,0,NA,0,2,0,1,5,6,4,3,0,0,3,8,10.7,14,27.5
Justise Winslow,66,63,2016-03-12,19,MIA,A,TOR,-8,1,42:37,4,9,0.444,0,1,0,3,4,0.75,0,5,5,2,3,1,1,3,11,10.3,-7,27.8
Justise Winslow,67,64,2016-03-14,19,MIA,H,DEN,5,0,33:09,8,13,0.615,1,1,1,3,3,1,0,3,3,0,2,0,0,4,20,15.4,13,28.3
Justise Winslow,68,65,2016-03-17,19,MIA,H,CHO,-3,0,31:20,1,2,0.5,0,0,NA,1,1,1,1,2,3,3,1,2,0,1,3,7.4,4,17.3
Justise Winslow,69,66,2016-03-19,19,MIA,H,CLE,21,0,31:14,2,8,0.25,0,1,0,0,2,0,2,1,3,4,1,0,0,3,4,2.7,3,15.8
Justise Winslow,70,67,2016-03-22,19,MIA,A,NOP,14,0,30:43,4,6,0.667,0,2,0,0,0,NA,0,6,6,3,1,0,1,0,8,9.3,11,21.5
Justise Winslow,71,68,2016-03-23,19,MIA,A,SAS,-24,0,30:56,3,7,0.429,1,1,1,3,5,0.6,0,2,2,3,0,0,0,4,10,6.6,-10,17.5
Justise Winslow,72,69,2016-03-25,19,MIA,H,ORL,11,0,35:26,1,6,0.167,0,1,0,3,5,0.6,3,5,8,3,1,0,2,4,5,3.5,8,20.5
Justise Winslow,73,70,2016-03-28,20,MIA,H,BRK,11,0,31:40,5,10,0.5,1,1,1,2,2,1,0,3,3,0,0,0,0,1,13,8.5,14,17.3
Justise Winslow,74,71,2016-03-30,20,MIA,A,LAL,-2,0,28:37,2,5,0.4,0,0,NA,2,4,0.5,0,4,4,2,1,0,2,4,6,2.5,-13,15
Justise Winslow,75,72,2016-04-01,20,MIA,A,SAC,6,0,30:27,5,12,0.417,1,2,0.5,1,1,1,3,2,5,0,0,1,1,2,12,7.2,-6,20.3
Justise Winslow,76,73,2016-04-02,20,MIA,A,POR,-17,0,29:43,0,4,0,0,0,NA,0,0,NA,1,3,4,3,0,0,0,4,0,-0.7,-1,9.5
Justise Winslow,77,74,2016-04-05,20,MIA,H,DET,18,0,29:44,3,9,0.333,1,2,0.5,2,3,0.667,1,4,5,2,0,0,0,2,9,6,12,18.8
Justise Winslow,78,75,2016-04-07,20,MIA,H,CHI,8,0,28:50,1,8,0.125,0,2,0,0,0,NA,2,4,6,0,1,0,1,1,2,-1,-2,11
Justise Winslow,79,76,2016-04-08,20,MIA,A,ORL,-3,0,23:14,3,6,0.5,0,0,NA,0,0,NA,0,4,4,0,3,0,0,3,6,6,5,17
Justise Winslow,80,77,2016-04-10,20,MIA,H,ORL,22,0,14:01,1,3,0.333,1,1,1,2,2,1,0,3,3,1,1,0,2,0,5,3.9,-3,11.8
Justise Winslow,82,78,2016-04-13,20,MIA,A,BOS,-10,0,28:28,3,5,0.6,1,2,0.5,0,0,NA,5,5,10,1,1,0,0,2,7,10.6,-3,23.5
Tyler Johnson,2,1,2015-10-30,23,MIA,A,CLE,-10,0,1:28,0,0,NA,0,0,NA,0,0,NA,0,0,0,0,0,0,0,0,0,0,4,0
Tyler Johnson,3,2,2015-11-01,23,MIA,H,HOU,20,0,21:12,5,7,0.714,1,2,0.5,0,1,0,3,5,8,3,1,1,0,0,11,15.1,25,30
Tyler Johnson,4,3,2015-11-03,23,MIA,H,ATL,-6,0,20:36,3,6,0.5,0,1,0,1,2,0.5,1,1,2,1,2,0,1,1,7,5.9,-7,14.5
Tyler Johnson,5,4,2015-11-05,23,MIA,A,MIN,12,0,25:26,2,4,0.5,1,2,0.5,3,4,0.75,1,3,4,3,0,0,1,5,8,6.3,-7,17.5
Tyler Johnson,6,5,2015-11-06,23,MIA,A,IND,-3,0,18:49,2,5,0.4,1,2,0.5,1,2,0.5,0,1,1,2,1,0,1,2,6,3.8,1,12.3
Tyler Johnson,7,6,2015-11-08,23,MIA,H,TOR,20,0,22:46,4,5,0.8,2,2,1,0,0,NA,0,3,3,1,0,0,1,4,10,7.1,14,15.8
Tyler Johnson,8,7,2015-11-10,23,MIA,H,LAL,13,0,28:48,3,9,0.333,0,1,0,3,3,1,0,2,2,2,1,2,2,0,9,6.3,-10,19.5
Tyler Johnson,9,8,2015-11-12,23,MIA,H,UTA,1,0,29:29,8,12,0.667,1,1,1,0,0,NA,1,3,4,3,1,2,3,3,17,13.7,5,31.5
Tyler Johnson,10,9,2015-11-17,23,MIA,H,MIN,-12,0,18:24,1,6,0.167,0,2,0,1,1,1,1,1,2,1,0,0,1,2,3,-0.9,-8,6.5
Tyler Johnson,11,10,2015-11-19,23,MIA,H,SAC,7,0,25:04,6,8,0.75,3,4,0.75,4,4,1,1,2,3,3,1,0,1,1,19,18.8,8,30.3
Tyler Johnson,12,11,2015-11-21,23,MIA,H,PHI,5,0,17:19,2,6,0.333,0,2,0,0,1,0,0,0,0,1,0,0,1,1,4,-0.5,-17,5
Tyler Johnson,13,12,2015-11-23,23,MIA,H,NYK,17,0,20:35,3,5,0.6,1,1,1,5,6,0.833,2,1,3,1,1,1,1,0,12,12.4,16,21.3
Tyler Johnson,14,13,2015-11-25,23,MIA,A,DET,-23,0,22:09,3,8,0.375,0,2,0,2,2,1,2,1,3,1,0,0,0,2,8,5.2,-5,13.3
Tyler Johnson,15,14,2015-11-27,23,MIA,A,NYK,19,0,20:22,2,5,0.4,0,0,NA,2,2,1,0,0,0,2,1,0,2,1,6,3.3,2,10
Tyler Johnson,16,15,2015-11-30,23,MIA,H,BOS,-10,0,19:40,4,5,0.8,2,2,1,0,0,NA,1,0,1,2,1,0,1,1,10,9.8,-11,16.8
Tyler Johnson,17,16,2015-12-03,23,MIA,H,OKC,2,0,17:53,3,5,0.6,0,0,NA,2,3,0.667,1,0,1,3,2,0,0,3,8,8.9,-2,17.8
Tyler Johnson,18,17,2015-12-05,23,MIA,H,CLE,15,0,29:32,6,10,0.6,2,5,0.4,5,6,0.833,0,5,5,2,1,1,2,2,19,15.8,13,32.3
Tyler Johnson,19,18,2015-12-07,23,MIA,H,WAS,-11,0,22:43,1,4,0.25,1,1,1,2,2,1,1,0,1,1,0,0,1,0,5,3,-17,7.8
Tyler Johnson,20,19,2015-12-09,23,MIA,A,CHO,-18,0,29:04,6,12,0.5,1,5,0.2,7,8,0.875,1,1,2,2,1,1,3,2,20,13.9,0,28.5
Tyler Johnson,24,20,2015-12-16,23,MIA,A,BRK,6,0,5:14,0,1,0,0,0,NA,0,0,NA,0,0,0,1,0,0,1,0,0,-1,3,1
Tyler Johnson,30,21,2015-12-28,23,MIA,H,BRK,-6,0,17:42,1,6,0.167,0,1,0,0,0,NA,1,3,4,1,1,1,0,3,2,1,-7,12.5
Tyler Johnson,31,22,2015-12-29,23,MIA,A,MEM,-9,0,30:33,4,8,0.5,3,6,0.5,2,2,1,1,3,4,3,0,0,0,2,13,11.9,-8,24
Tyler Johnson,32,23,2016-01-01,23,MIA,H,DAL,24,1,25:29,3,7,0.429,1,2,0.5,1,2,0.5,1,2,3,0,0,0,2,1,8,2.8,14,11.3
Tyler Johnson,33,24,2016-01-03,23,MIA,A,WAS,22,0,23:25,4,8,0.5,2,5,0.4,0,0,NA,1,6,7,2,1,1,1,2,10,9.8,2,26.3
Tyler Johnson,34,25,2016-01-04,23,MIA,H,IND,3,0,35:34,4,10,0.4,0,3,0,0,1,0,3,5,8,2,1,0,0,3,8,7,23,23
Tyler Johnson,35,26,2016-01-06,23,MIA,H,NYK,-8,0,21:29,4,6,0.667,0,2,0,0,0,NA,0,3,3,3,1,0,0,1,8,9,-3,18.3
Tyler Johnson,36,27,2016-01-08,23,MIA,A,PHO,8,0,17:46,0,3,0,0,2,0,0,0,NA,0,3,3,3,0,1,1,1,0,0.2,2,9.8
Tyler Johnson,38,28,2016-01-11,23,MIA,A,GSW,-8,0,27:51,6,7,0.857,0,0,NA,1,1,1,0,3,3,5,0,0,1,3,13,12.7,4,23.8
Tyler Johnson,39,29,2016-01-13,23,MIA,A,LAC,-14,0,29:09,2,7,0.286,1,2,0.5,3,3,1,0,4,4,4,2,1,4,4,8,5,6,23.5
Tyler Johnson,40,30,2016-01-15,23,MIA,A,DEN,3,0,30:40,6,15,0.4,0,2,0,3,4,0.75,1,3,4,4,1,0,1,1,15,10.5,4,27.5
Tyler Johnson,41,31,2016-01-17,23,MIA,A,OKC,-25,1,38:52,7,12,0.583,2,3,0.667,0,0,NA,2,4,6,4,0,0,4,3,16,10.6,-13,28.5
Tyler Johnson,42,32,2016-01-19,23,MIA,H,MIL,-12,1,33:54,0,6,0,0,4,0,3,4,0.75,0,4,4,1,2,0,3,3,3,-1.9,-12,12
Tyler Johnson,43,33,2016-01-20,23,MIA,A,WAS,-19,1,35:14,6,10,0.6,2,2,1,0,0,NA,0,2,2,5,0,0,3,2,14,9.7,-10,23.5
Tyler Johnson,44,34,2016-01-22,23,MIA,A,TOR,-20,1,33:09,2,7,0.286,0,1,0,0,0,NA,2,2,4,2,1,1,1,2,4,3.2,-20,15.5
Tyler Johnson,45,35,2016-01-25,23,MIA,A,CHI,5,0,27:24,3,5,0.6,0,1,0,0,0,NA,0,3,3,3,0,0,3,1,6,3.3,21,12.8
Tyler Johnson,46,36,2016-01-26,23,MIA,A,BRK,4,0,17:49,2,3,0.667,0,0,NA,0,0,NA,0,2,2,2,0,1,0,4,4,3.8,-1,11.5
Goran Dragic,1,1,2015-10-28,29,MIA,H,CHO,10,1,30:53,4,8,0.5,0,0,NA,0,0,NA,0,1,1,6,0,2,1,4,8,7.3,2,21.8
Goran Dragic,2,2,2015-10-30,29,MIA,A,CLE,-10,1,33:36,3,9,0.333,1,3,0.333,4,4,1,0,3,3,6,1,0,1,3,11,9.8,9,25.8
Goran Dragic,3,3,2015-11-01,29,MIA,H,HOU,20,1,24:17,3,7,0.429,0,1,0,2,2,1,0,3,3,6,1,0,1,4,8,7.8,-6,22.3
Goran Dragic,4,4,2015-11-03,29,MIA,H,ATL,-6,1,32:10,6,11,0.545,3,5,0.6,4,4,1,2,3,5,2,3,1,4,2,19,16.3,2,35.8
Goran Dragic,5,5,2015-11-05,29,MIA,A,MIN,12,1,32:33,7,12,0.583,1,3,0.333,3,4,0.75,2,1,3,2,0,0,2,1,18,12.7,18,24.3
Goran Dragic,6,6,2015-11-06,29,MIA,A,IND,-3,1,30:36,5,11,0.455,1,2,0.5,0,0,NA,0,2,2,4,0,0,5,4,11,2.1,-6,17.5
Goran Dragic,7,7,2015-11-08,29,MIA,H,TOR,20,1,26:27,1,5,0.2,0,3,0,0,0,NA,0,2,2,3,0,0,2,1,2,-0.8,4,8
Goran Dragic,8,8,2015-11-10,29,MIA,H,LAL,13,1,29:30,2,10,0.2,0,3,0,0,0,NA,0,5,5,3,0,0,1,3,4,-0.8,23,14.3
Goran Dragic,9,9,2015-11-12,29,MIA,H,UTA,1,1,34:44,5,12,0.417,0,3,0,4,6,0.667,0,3,3,4,2,0,4,0,14,8.5,-14,25.8
Goran Dragic,10,10,2015-11-17,29,MIA,H,MIN,-12,1,36:09,5,12,0.417,1,4,0.25,5,7,0.714,0,2,2,9,1,0,2,6,16,12.3,4,33.5
Goran Dragic,11,11,2015-11-19,29,MIA,H,SAC,7,1,31:32,4,11,0.364,1,4,0.25,0,1,0,1,0,1,6,0,0,0,2,9,6.6,-5,19.8
Goran Dragic,12,12,2015-11-21,29,MIA,H,PHI,5,1,26:15,3,7,0.429,0,0,NA,0,0,NA,2,5,7,4,1,0,3,4,6,4.4,25,21.3
Goran Dragic,13,13,2015-11-23,29,MIA,H,NYK,17,1,31:02,6,12,0.5,1,2,0.5,0,1,0,3,6,9,5,3,0,3,2,13,13.2,-1,36.8
Goran Dragic,14,14,2015-11-25,29,MIA,A,DET,-23,1,30:05,5,11,0.455,0,2,0,3,4,0.75,0,0,0,4,0,1,2,2,13,7.6,-16,20
Goran Dragic,15,15,2015-11-27,29,MIA,A,NYK,19,1,29:49,3,8,0.375,0,0,NA,3,3,1,0,4,4,3,1,0,1,0,9,7.9,17,20
Goran Dragic,16,16,2015-11-30,29,MIA,H,BOS,-10,1,34:26,4,10,0.4,0,3,0,1,4,0.25,1,3,4,3,1,0,3,2,9,3.3,-12,19
Goran Dragic,17,17,2015-12-03,29,MIA,H,OKC,2,1,36:29,6,11,0.545,2,2,1,0,0,NA,1,2,3,7,2,0,1,2,14,15.1,10,32.8
Goran Dragic,18,18,2015-12-05,29,MIA,H,CLE,15,1,30:31,7,11,0.636,3,5,0.6,0,0,NA,0,2,2,8,0,0,4,3,17,13.1,22,31
Goran Dragic,19,19,2015-12-07,29,MIA,H,WAS,-11,1,34:00,7,12,0.583,2,4,0.5,4,4,1,0,3,3,9,1,0,4,3,20,17.4,-2,38.3
Goran Dragic,20,20,2015-12-09,29,MIA,A,CHO,-18,1,24:25,2,7,0.286,1,4,0.25,0,0,NA,0,2,2,2,0,0,2,0,5,0.9,-22,10
Goran Dragic,21,21,2015-12-11,29,MIA,A,IND,-13,1,31:28,2,5,0.4,0,1,0,1,2,0.5,1,4,5,7,1,0,5,2,5,3.9,-10,21.3
Goran Dragic,22,22,2015-12-13,29,MIA,H,MEM,3,1,34:53,3,14,0.214,0,5,0,2,3,0.667,1,2,3,8,1,0,5,2,8,1.1,-1,23.3
Goran Dragic,23,23,2015-12-14,29,MIA,A,ATL,12,1,34:41,6,14,0.429,0,2,0,0,0,NA,2,5,7,8,2,2,2,3,12,13.3,18,39.8
Goran Dragic,24,24,2015-12-16,29,MIA,A,BRK,6,1,36:24,6,15,0.4,1,6,0.167,3,4,0.75,0,3,3,5,2,1,1,4,16,12,4,33.3
Goran Dragic,25,25,2015-12-18,29,MIA,H,TOR,-14,1,33:24,8,13,0.615,0,2,0,2,3,0.667,0,2,2,5,1,0,2,2,18,14,-16,29
Goran Dragic,26,26,2015-12-20,29,MIA,H,POR,7,1,27:08,4,10,0.4,0,1,0,0,0,NA,1,1,2,8,2,1,0,2,8,11.1,2,28.5
Goran Dragic,28,27,2015-12-25,29,MIA,H,NOP,6,1,40:04,3,8,0.375,0,2,0,1,2,0.5,1,2,3,6,0,0,2,0,7,5.7,15,18.8
Goran Dragic,29,28,2015-12-26,29,MIA,A,ORL,7,1,35:21,9,16,0.563,3,6,0.5,1,2,0.5,3,3,6,4,1,0,3,3,22,16.6,-1,37.5
Goran Dragic,30,29,2015-12-28,29,MIA,H,BRK,-6,1,34:16,4,10,0.4,1,2,0.5,0,0,NA,0,3,3,5,2,0,3,3,9,5.8,-3,23.3
Goran Dragic,31,30,2015-12-29,29,MIA,A,MEM,-9,1,41:21,7,10,0.7,1,3,0.333,1,2,0.5,0,3,3,5,1,0,4,2,16,12,-11,27.8
Goran Dragic,32,31,2016-01-01,29,MIA,H,DAL,24,1,30:32,7,12,0.583,1,2,0.5,0,0,NA,0,4,4,7,3,0,1,2,15,16.7,27,36.5
Goran Dragic,33,32,2016-01-03,29,MIA,A,WAS,22,1,30:51,8,14,0.571,2,4,0.5,0,0,NA,0,2,2,5,1,0,2,1,18,14.1,19,30
Goran Dragic,34,33,2016-01-04,29,MIA,H,IND,3,1,38:34,6,12,0.5,1,2,0.5,0,0,NA,2,3,5,4,0,0,5,5,13,5.1,-5,23.3
Goran Dragic,35,34,2016-01-06,29,MIA,H,NYK,-8,1,33:40,4,9,0.444,0,1,0,2,2,1,1,1,2,1,0,0,2,1,10,4.6,-15,13
Goran Dragic,36,35,2016-01-08,29,MIA,A,PHO,8,1,36:25,8,15,0.533,3,5,0.6,3,4,0.75,1,1,2,7,2,0,2,4,22,18.6,13,39.5
Goran Dragic,37,36,2016-01-09,29,MIA,A,UTA,-15,1,27:56,6,11,0.545,2,3,0.667,2,2,1,0,1,1,0,1,1,4,4,16,7.1,-6,20.3
Goran Dragic,38,37,2016-01-11,29,MIA,A,GSW,-8,1,35:49,5,10,0.5,2,4,0.5,1,2,0.5,0,5,5,5,0,0,3,2,13,8.8,-12,26.3
Goran Dragic,47,38,2016-01-29,29,MIA,A,MIL,4,1,31:37,5,8,0.625,1,2,0.5,1,2,0.5,0,1,1,8,1,0,4,4,12,9.3,0,25.8
Goran Dragic,48,39,2016-01-31,29,MIA,H,ATL,18,1,22:59,4,10,0.4,0,3,0,1,2,0.5,0,2,2,4,1,0,1,5,9,4.6,17,19
Goran Dragic,49,40,2016-02-02,29,MIA,A,HOU,-13,1,33:03,6,12,0.5,1,3,0.333,1,3,0.333,0,4,4,6,0,0,2,0,14,10.6,7,27.5
Goran Dragic,50,41,2016-02-03,29,MIA,A,DAL,3,1,33:20,3,10,0.3,1,2,0.5,0,0,NA,0,4,4,7,0,0,1,2,7,5.5,2,22.5
Goran Dragic,51,42,2016-02-05,29,MIA,A,CHO,3,1,32:00,5,10,0.5,0,2,0,2,2,1,1,7,8,9,2,0,0,3,12,16.9,7,39.5
Goran Dragic,52,43,2016-02-07,29,MIA,H,LAC,-7,1,34:44,7,13,0.538,3,5,0.6,0,0,NA,1,4,5,5,0,0,4,3,17,10.9,-9,30.3
Goran Dragic,53,44,2016-02-09,29,MIA,H,SAS,-18,1,31:17,5,9,0.556,0,0,NA,0,2,0,0,1,1,6,1,0,4,2,10,5.6,-16,20.3
Goran Dragic,54,45,2016-02-19,29,MIA,A,ATL,4,1,33:29,6,14,0.429,1,4,0.25,4,5,0.8,0,5,5,10,4,0,4,2,17,16.9,3,46.3
Goran Dragic,55,46,2016-02-20,29,MIA,H,WAS,20,1,29:56,9,20,0.45,0,3,0,6,7,0.857,2,5,7,8,0,1,0,1,24,22,13,46.8
Goran Dragic,56,47,2016-02-22,29,MIA,H,IND,8,1,40:48,10,17,0.588,1,2,0.5,3,6,0.5,4,4,8,5,0,0,2,3,24,19.2,20,41
Goran Dragic,57,48,2016-02-24,29,MIA,H,GSW,-6,1,33:47,5,17,0.294,1,5,0.2,2,2,1,0,2,2,7,1,0,2,5,13,5.6,-3,27.5
Goran Dragic,58,49,2016-02-27,29,MIA,A,BOS,-12,1,33:54,9,15,0.6,1,4,0.25,2,2,1,1,4,5,5,1,0,4,4,21,14.9,-1,35.3
Goran Dragic,59,50,2016-02-28,29,MIA,A,NYK,17,1,33:28,5,12,0.417,0,3,0,3,4,0.75,0,3,3,6,1,1,3,0,13,10,17,28.3
Goran Dragic,60,51,2016-03-01,29,MIA,H,CHI,18,1,34:34,8,14,0.571,0,2,0,1,2,0.5,0,4,4,11,1,0,1,3,17,17.7,25,41.5
Goran Dragic,61,52,2016-03-03,29,MIA,H,PHO,16,1,34:20,10,18,0.556,3,6,0.5,2,4,0.5,1,6,7,4,1,0,3,4,25,17.3,19,41.8
Goran Dragic,62,53,2016-03-04,29,MIA,A,PHI,10,1,34:09,6,16,0.375,0,2,0,3,4,0.75,0,5,5,11,1,0,4,2,15,11.2,17,39.3
Goran Dragic,63,54,2016-03-06,29,MIA,H,PHI,5,1,37:57,9,15,0.6,3,4,0.75,2,2,1,1,7,8,5,0,0,3,4,23,17.8,-3,40.5
Goran Dragic,64,55,2016-03-09,29,MIA,A,MIL,-6,1,36:14,4,9,0.444,0,3,0,2,2,1,0,3,3,6,0,0,1,4,10,7.8,-14,22.3
Goran Dragic,65,56,2016-03-11,29,MIA,A,CHI,22,1,30:30,10,16,0.625,1,2,0.5,5,6,0.833,0,3,3,9,1,1,1,0,26,26.3,29,47.3
Goran Dragic,66,57,2016-03-12,29,MIA,A,TOR,-8,1,41:19,5,18,0.278,1,3,0.333,2,2,1,0,7,7,9,0,0,3,4,13,6.2,-9,34.3
Goran Dragic,67,58,2016-03-14,29,MIA,H,DEN,5,1,32:39,5,10,0.5,1,4,0.25,0,2,0,0,2,2,8,0,0,1,3,11,9.2,-1,25.5
Goran Dragic,68,59,2016-03-17,29,MIA,H,CHO,-3,1,36:05,8,16,0.5,0,3,0,0,0,NA,0,7,7,8,2,0,4,1,16,13.3,4,38.8
Goran Dragic,69,60,2016-03-19,29,MIA,H,CLE,21,1,29:28,7,12,0.583,0,0,NA,4,4,1,1,3,4,11,1,0,2,1,18,20.3,15,42
Goran Dragic,70,61,2016-03-22,29,MIA,A,NOP,14,1,36:26,8,18,0.444,3,7,0.429,2,2,1,2,6,8,5,1,0,3,4,21,14.7,14,40.5
Goran Dragic,71,62,2016-03-23,29,MIA,A,SAS,-24,1,24:37,2,8,0.25,0,1,0,0,0,NA,0,1,1,4,2,0,6,2,4,-2.5,-19,12.3
Goran Dragic,72,63,2016-03-25,29,MIA,H,ORL,11,1,35:42,9,13,0.692,1,3,0.333,3,7,0.429,0,0,0,8,4,0,5,4,22,17.9,6,40
Goran Dragic,74,64,2016-03-30,29,MIA,A,LAL,-2,1,37:56,5,14,0.357,1,5,0.2,0,0,NA,0,3,3,9,2,0,4,4,11,6.8,-1,30.8
Goran Dragic,75,65,2016-04-01,29,MIA,A,SAC,6,1,30:18,5,12,0.417,1,2,0.5,7,8,0.875,0,2,2,7,0,1,4,4,18,11.8,-2,31.5
Goran Dragic,76,66,2016-04-02,29,MIA,A,POR,-17,1,34:03,6,14,0.429,0,2,0,3,4,0.75,2,0,2,1,1,0,3,3,15,6.1,-14,19.5
Goran Dragic,77,67,2016-04-05,29,MIA,H,DET,18,1,33:50,9,15,0.6,4,4,1,0,0,NA,0,5,5,8,0,0,4,4,22,16.6,5,40.3
Goran Dragic,78,68,2016-04-07,29,MIA,H,CHI,8,1,30:46,7,16,0.438,0,3,0,2,2,1,4,8,12,4,1,1,3,1,16,13.9,-8,41
Goran Dragic,79,69,2016-04-08,29,MIA,A,ORL,-3,1,30:22,6,16,0.375,1,3,0.333,2,2,1,5,3,8,6,1,0,4,2,15,11,-1,34.5
Goran Dragic,80,70,2016-04-10,29,MIA,H,ORL,22,1,35:40,8,12,0.667,0,1,0,3,3,1,0,2,2,6,1,1,1,1,19,18.9,16,34
Goran Dragic,81,71,2016-04-12,29,MIA,A,DET,6,1,26:14,8,15,0.533,0,2,0,0,0,NA,2,3,5,4,1,0,2,4,16,11.2,6,29.3
Goran Dragic,82,72,2016-04-13,29,MIA,A,BOS,-10,1,32:56,9,16,0.563,0,1,0,0,0,NA,2,0,2,3,1,2,0,5,18,14.3,-6,31
Josh Richardson,5,1,2015-11-05,22,MIA,A,MIN,12,0,6:50,0,1,0,0,0,NA,0,0,NA,0,0,0,0,0,0,1,2,0,-2.5,-10,-0.5
Josh Richardson,8,2,2015-11-10,22,MIA,H,LAL,13,0,14:45,0,1,0,0,1,0,1,2,0.5,0,0,0,2,1,0,0,1,1,1.9,-13,6
Josh Richardson,9,3,2015-11-12,22,MIA,H,UTA,1,1,20:46,3,5,0.6,2,3,0.667,0,0,NA,0,3,3,0,0,0,0,4,8,5,2,12.8
Josh Richardson,12,4,2015-11-21,22,MIA,H,PHI,5,0,4:24,0,1,0,0,0,NA,0,0,NA,0,0,0,0,0,0,1,0,0,-1.7,-12,-0.5
Josh Richardson,14,5,2015-11-25,22,MIA,A,DET,-23,0,5:39,0,1,0,0,0,NA,0,0,NA,0,1,1,1,0,0,0,0,0,0.3,5,2.8
Josh Richardson,15,6,2015-11-27,22,MIA,A,NYK,19,0,1:48,1,2,0.5,1,2,0.5,0,0,NA,0,1,1,0,0,0,0,0,3,2.3,1,4.8
Josh Richardson,17,7,2015-12-03,22,MIA,H,OKC,2,0,8:20,0,0,NA,0,0,NA,1,2,0.5,1,1,2,0,0,0,0,0,1,1.6,1,3.5
Josh Richardson,18,8,2015-12-05,22,MIA,H,CLE,15,0,7:34,0,0,NA,0,0,NA,0,0,NA,0,1,1,0,0,0,1,2,0,-1.5,-11,0.8
Josh Richardson,19,9,2015-12-07,22,MIA,H,WAS,-11,0,8:15,0,0,NA,0,0,NA,0,0,NA,0,1,1,0,0,0,0,2,0,-0.5,-6,1.3
Josh Richardson,20,10,2015-12-09,22,MIA,A,CHO,-18,0,15:26,1,3,0.333,1,3,0.333,2,4,0.5,0,2,2,2,1,0,0,2,5,4.7,7,13
Josh Richardson,21,11,2015-12-11,22,MIA,A,IND,-13,0,8:45,0,1,0,0,1,0,0,0,NA,0,1,1,0,0,0,1,3,0,-2.6,3,0.8
Josh Richardson,25,12,2015-12-18,22,MIA,H,TOR,-14,0,3:26,0,0,NA,0,0,NA,0,0,NA,0,0,0,0,0,1,0,2,0,-0.1,-2,2
Josh Richardson,27,13,2015-12-22,22,MIA,H,DET,-1,0,14:02,1,4,0.25,0,0,NA,2,2,1,1,1,2,2,0,0,0,1,4,3.6,-13,9.5
Josh Richardson,33,14,2016-01-03,22,MIA,A,WAS,22,0,3:43,0,1,0,0,0,NA,0,0,NA,0,1,1,1,0,0,2,2,0,-2.5,-5,1.8
Josh Richardson,38,15,2016-01-11,22,MIA,A,GSW,-8,0,3:50,0,1,0,0,1,0,0,0,NA,0,0,0,0,0,0,0,0,0,-0.7,-6,0
Josh Richardson,39,16,2016-01-13,22,MIA,A,LAC,-14,0,3:18,0,0,NA,0,0,NA,2,2,1,0,0,0,2,0,1,1,0,2,3.1,2,6.5
Josh Richardson,40,17,2016-01-15,22,MIA,A,DEN,3,0,10:26,1,4,0.25,0,1,0,0,0,NA,0,1,1,0,0,0,0,2,2,-0.9,-11,3.3
Josh Richardson,41,18,2016-01-17,22,MIA,A,OKC,-25,0,19:48,1,4,0.25,1,1,1,0,0,NA,0,2,2,0,0,0,0,0,3,1.2,-14,6
Josh Richardson,42,19,2016-01-19,22,MIA,H,MIL,-12,0,30:13,1,8,0.125,0,5,0,1,2,0.5,1,1,2,1,3,0,0,3,3,0.9,7,13
Josh Richardson,43,20,2016-01-20,22,MIA,A,WAS,-19,0,35:06,2,7,0.286,0,3,0,2,2,1,0,3,3,4,1,2,4,3,6,2.8,-15,19.8
Josh Richardson,44,21,2016-01-22,22,MIA,A,TOR,-20,0,33:28,3,9,0.333,0,3,0,0,0,NA,1,1,2,4,2,1,1,5,6,4.4,-6,20
Josh Richardson,48,22,2016-01-31,22,MIA,H,ATL,18,0,1:11,0,0,NA,0,0,NA,0,0,NA,0,0,0,0,0,0,0,0,0,0,2,0
Josh Richardson,49,23,2016-02-02,22,MIA,A,HOU,-13,0,3:16,0,1,0,0,1,0,0,0,NA,0,1,1,0,0,0,0,1,0,-0.8,4,1.3
Josh Richardson,54,24,2016-02-19,22,MIA,A,ATL,4,0,19:41,3,4,0.75,1,1,1,0,0,NA,0,1,1,0,1,0,0,2,7,5.9,3,10.8
Josh Richardson,55,25,2016-02-20,22,MIA,H,WAS,20,0,35:14,2,8,0.25,1,3,0.333,0,0,NA,0,6,6,3,0,3,0,2,5,5.4,15,23.5
Josh Richardson,56,26,2016-02-22,22,MIA,H,IND,8,0,8:33,0,1,0,0,0,NA,0,0,NA,0,1,1,0,1,0,0,0,0,0.6,-5,3.3
Josh Richardson,57,27,2016-02-24,22,MIA,H,GSW,-6,0,28:37,5,6,0.833,3,3,1,2,2,1,1,1,2,0,1,1,1,4,15,12.9,-3,22.5
Josh Richardson,58,28,2016-02-27,22,MIA,A,BOS,-12,0,26:50,3,4,0.75,0,1,0,5,6,0.833,0,2,2,1,2,2,3,4,11,9.1,-8,21.5
Josh Richardson,59,29,2016-02-28,22,MIA,A,NYK,17,0,30:15,3,6,0.5,0,1,0,2,2,1,0,3,3,2,2,0,0,1,8,8.9,9,18.8
Josh Richardson,60,30,2016-03-01,22,MIA,H,CHI,18,0,26:49,4,7,0.571,1,3,0.333,0,1,0,0,3,3,2,2,0,0,4,9,8,-2,20.3
Josh Richardson,61,31,2016-03-03,22,MIA,H,PHO,16,0,22:30,2,7,0.286,1,3,0.333,1,2,0.5,0,2,2,3,1,0,1,4,6,2.6,9,15
Josh Richardson,62,32,2016-03-04,22,MIA,A,PHI,10,0,33:21,2,7,0.286,2,2,1,0,0,NA,1,4,5,3,0,1,1,3,6,4.4,3,19.3
Josh Richardson,63,33,2016-03-06,22,MIA,H,PHI,5,0,23:05,3,5,0.6,1,1,1,0,0,NA,0,0,0,1,0,0,1,2,7,3.6,-5,8.5
Josh Richardson,64,34,2016-03-09,22,MIA,A,MIL,-6,0,24:22,4,6,0.667,3,4,0.75,3,4,0.75,0,2,2,2,2,1,0,2,14,14.9,6,27
Josh Richardson,65,35,2016-03-11,22,MIA,A,CHI,22,0,31:44,9,12,0.75,4,6,0.667,0,0,NA,1,1,2,4,1,0,0,3,22,20.8,13,34.5
Josh Richardson,66,36,2016-03-12,22,MIA,A,TOR,-8,0,26:26,3,7,0.429,1,2,0.5,1,3,0.333,2,1,3,0,2,0,0,5,8,5.2,-3,16.3
Josh Richardson,67,37,2016-03-14,22,MIA,H,DEN,5,0,32:45,6,10,0.6,4,5,0.8,1,2,0.5,1,3,4,2,2,3,1,3,17,16.9,17,36.5
Josh Richardson,68,38,2016-03-17,22,MIA,H,CHO,-3,0,24:33,7,9,0.778,3,4,0.75,1,4,0.25,1,3,4,1,0,1,2,5,18,12.3,7,27
Josh Richardson,69,39,2016-03-19,22,MIA,H,CLE,21,0,32:04,6,9,0.667,4,6,0.667,3,4,0.75,0,2,2,2,1,1,2,0,19,16.4,10,29.5
Josh Richardson,70,40,2016-03-22,22,MIA,A,NOP,14,0,24:25,3,8,0.375,0,3,0,0,0,NA,0,1,1,0,0,0,1,3,6,-0.3,11,6.8
Josh Richardson,71,41,2016-03-23,22,MIA,A,SAS,-24,0,34:12,7,13,0.538,3,4,0.75,0,0,NA,1,1,2,4,3,1,0,2,17,17.4,-13,35
Josh Richardson,72,42,2016-03-25,22,MIA,H,ORL,11,0,32:59,5,9,0.556,3,5,0.6,1,1,1,0,2,2,2,0,0,1,3,14,9.5,14,20.5
Josh Richardson,73,43,2016-03-28,22,MIA,H,BRK,11,1,38:14,6,9,0.667,3,4,0.75,1,2,0.5,1,4,5,3,2,1,1,2,16,16.6,13,33.8
Josh Richardson,74,44,2016-03-30,22,MIA,A,LAL,-2,0,29:21,0,8,0,0,4,0,1,2,0.5,1,2,3,3,1,0,1,2,1,-2.4,-14,10.8
Josh Richardson,75,45,2016-04-01,22,MIA,A,SAC,6,0,27:33,3,8,0.375,1,2,0.5,0,0,NA,0,3,3,1,0,1,2,4,7,1.3,6,13.8
Josh Richardson,76,46,2016-04-02,22,MIA,A,POR,-17,0,30:13,5,10,0.5,1,1,1,1,2,0.5,0,1,1,4,2,0,2,1,12,9.3,-5,22.8
Josh Richardson,77,47,2016-04-05,22,MIA,H,DET,18,0,35:29,6,9,0.667,4,5,0.8,0,0,NA,0,2,2,0,0,0,0,1,16,12.3,19,20.5
Josh Richardson,78,48,2016-04-07,22,MIA,H,CHI,8,0,32:18,4,9,0.444,1,3,0.333,2,2,1,0,2,2,1,0,0,0,3,11,6.4,9,15.5
Josh Richardson,79,49,2016-04-08,22,MIA,A,ORL,-3,0,32:42,4,11,0.364,2,5,0.4,3,4,0.75,4,1,5,4,1,1,1,1,13,12.7,4,29.8
Josh Richardson,80,50,2016-04-10,22,MIA,H,ORL,22,0,34:07,3,7,0.429,1,4,0.25,2,2,1,1,2,3,4,0,0,1,1,9,8,15,18.8
Josh Richardson,81,51,2016-04-12,22,MIA,A,DET,6,0,37:16,1,3,0.333,0,1,0,1,2,0.5,0,6,6,1,1,2,1,2,3,4,8,17.5
Josh Richardson,82,52,2016-04-13,22,MIA,A,BOS,-10,0,26:57,0,6,0,0,4,0,0,0,NA,2,2,4,1,0,1,0,3,0,-2,-4,8.5
Beno Udrih,10,9,2015-11-12,33,MIA,H,UTA,1,0,17:22,1,3,0.333,0,0,NA,0,0,NA,0,3,3,1,0,0,1,0,2,0.9,11,6.8
Beno Udrih,13,10,2015-11-21,33,MIA,H,PHI,5,0,6:05,1,1,1,0,0,NA,0,0,NA,0,1,1,0,0,0,1,0,2,1,0,2.8
Beno Udrih,15,11,2015-11-25,33,MIA,A,DET,-23,0,9:40,1,2,0.5,0,1,0,0,0,NA,0,0,0,4,0,0,0,1,2,3.4,-1,8
Beno Udrih,16,12,2015-11-27,33,MIA,A,NYK,19,0,4:11,0,0,NA,0,0,NA,0,0,NA,0,0,0,1,0,0,1,1,0,-0.7,-1,1
Beno Udrih,19,13,2015-12-05,33,MIA,H,CLE,15,0,3:43,1,1,1,0,0,NA,0,0,NA,0,0,0,0,0,0,0,0,2,1.7,-2,2
Beno Udrih,21,14,2015-12-09,33,MIA,A,CHO,-18,0,7:20,1,2,0.5,0,0,NA,1,2,0.5,0,1,1,1,0,0,2,1,3,0.2,10,4.8
Beno Udrih,22,15,2015-12-11,33,MIA,A,IND,-13,0,14:12,1,2,0.5,0,0,NA,0,0,NA,0,2,2,1,1,0,2,0,2,1.3,-1,7
Beno Udrih,23,16,2015-12-13,33,MIA,H,MEM,3,0,10:31,2,6,0.333,0,1,0,2,2,1,0,3,3,1,1,0,0,2,6,4.4,3,13.3
Beno Udrih,24,17,2015-12-14,33,MIA,A,ATL,12,0,19:13,3,5,0.6,1,1,1,2,2,1,1,1,2,1,0,0,2,2,9,5.6,-2,12.5
Beno Udrih,25,18,2015-12-16,33,MIA,A,BRK,6,0,6:22,1,1,1,0,0,NA,0,0,NA,0,0,0,0,0,0,0,1,2,1.3,-1,2
Beno Udrih,26,19,2015-12-18,33,MIA,H,TOR,-14,0,21:44,2,4,0.5,1,1,1,0,0,NA,0,3,3,2,0,0,1,2,5,3.5,1,11.8
Beno Udrih,27,20,2015-12-20,33,MIA,H,POR,7,0,20:15,0,3,0,0,1,0,2,2,1,0,1,1,2,0,0,1,0,2,0.6,8,5.8
Beno Udrih,28,21,2015-12-22,33,MIA,H,DET,-1,1,33:58,7,11,0.636,0,3,0,0,0,NA,1,2,3,6,0,0,0,4,14,13,12,26.8
Beno Udrih,29,22,2015-12-25,33,MIA,H,NOP,6,0,12:52,1,2,0.5,0,0,NA,2,2,1,0,2,2,4,1,0,2,0,4,5.4,-7,13.5
Beno Udrih,30,23,2015-12-26,33,MIA,A,ORL,7,0,12:39,1,3,0.333,1,1,1,0,0,NA,0,0,0,4,0,0,0,0,3,4.1,8,9.5
Beno Udrih,31,24,2015-12-28,33,MIA,H,BRK,-6,0,13:44,1,5,0.2,0,1,0,0,0,NA,0,0,0,2,0,0,0,0,2,0.3,-3,5
Beno Udrih,32,25,2015-12-29,33,MIA,A,MEM,-9,0,11:39,0,1,0,0,0,NA,0,0,NA,0,1,1,2,0,0,1,2,0,-0.8,2,3.8
Beno Udrih,33,26,2016-01-01,33,MIA,H,DAL,24,0,21:16,1,2,0.5,0,0,NA,0,0,NA,0,3,3,2,0,0,1,1,2,1.9,2,8.3
Beno Udrih,34,27,2016-01-03,33,MIA,A,WAS,22,0,17:09,2,4,0.5,0,0,NA,0,0,NA,0,3,3,7,0,0,0,3,4,6.6,3,18.3
Beno Udrih,35,28,2016-01-04,33,MIA,H,IND,3,0,7:42,0,3,0,0,1,0,0,0,NA,0,2,2,2,0,0,0,1,0,-0.5,-1,5.5
Beno Udrih,36,29,2016-01-06,33,MIA,H,NYK,-8,0,12:16,0,2,0,0,1,0,0,0,NA,0,2,2,1,0,0,2,0,0,-2.1,3,3
Beno Udrih,38,30,2016-01-09,33,MIA,A,UTA,-15,0,19:59,2,6,0.333,1,2,0.5,0,0,NA,0,4,4,4,1,0,2,1,5,4.2,-9,17.5
Beno Udrih,40,31,2016-01-13,33,MIA,A,LAC,-14,1,28:26,3,7,0.429,2,3,0.667,0,0,NA,0,0,0,3,0,0,2,2,8,3.6,-27,12.5
Beno Udrih,41,32,2016-01-15,33,MIA,A,DEN,3,1,37:01,5,10,0.5,1,2,0.5,0,0,NA,0,3,3,11,1,0,0,2,11,14.8,13,35.3
Beno Udrih,46,33,2016-01-25,33,MIA,A,CHI,5,1,20:36,1,6,0.167,1,2,0.5,0,0,NA,0,2,2,1,2,0,3,2,3,-1.3,-16,10
Beno Udrih,47,34,2016-01-26,33,MIA,A,BRK,4,1,30:11,4,6,0.667,1,1,1,0,0,NA,0,5,5,4,1,0,0,1,9,11.3,5,23.8
Beno Udrih,48,35,2016-01-29,33,MIA,A,MIL,4,0,16:23,2,4,0.5,1,2,0.5,0,0,NA,0,1,1,2,2,0,3,0,5,3.7,4,12.3
Beno Udrih,49,36,2016-01-31,33,MIA,H,ATL,18,0,25:01,3,7,0.429,0,3,0,0,0,NA,1,0,1,2,1,0,4,3,6,0.2,1,10.3
Beno Udrih,50,37,2016-02-02,33,MIA,A,HOU,-13,0,24:31,2,5,0.4,0,2,0,0,0,NA,0,4,4,5,0,0,1,2,4,4.2,-14,16
Beno Udrih,51,38,2016-02-03,33,MIA,A,DAL,3,0,14:43,4,7,0.571,0,1,0,0,0,NA,0,3,3,2,0,0,2,1,8,4.6,2,13.8
Beno Udrih,52,39,2016-02-05,33,MIA,A,CHO,3,0,15:29,2,6,0.333,0,0,NA,0,0,NA,0,2,2,2,0,0,1,0,4,1.6,-5,9
Beno Udrih,53,40,2016-02-07,33,MIA,H,LAC,-7,0,13:16,2,4,0.5,0,0,NA,2,2,1,1,0,1,2,0,0,1,1,6,4.7,2,9.8
Beno Udrih,54,41,2016-02-09,33,MIA,H,SAS,-18,0,18:50,5,7,0.714,0,0,NA,3,3,1,1,0,1,3,0,0,1,1,13,11.5,-5,18.3
Beno Udrih,55,42,2016-02-19,33,MIA,A,ATL,4,0,14:41,1,6,0.167,1,1,1,0,0,NA,0,0,0,3,0,0,2,1,3,-1.1,1,7
Beno Udrih,56,43,2016-02-20,33,MIA,H,WAS,20,0,18:04,3,8,0.375,0,2,0,1,2,0.5,1,3,4,2,0,0,3,1,7,1.8,7,13.5
Beno Udrih,57,44,2016-02-22,33,MIA,H,IND,8,0,6:14,0,0,NA,0,0,NA,0,0,NA,0,0,0,0,0,0,0,1,0,-0.4,-8,0
Briante Weber,7,7,2016-04-10,23,MIA,H,ORL,22,0,2:43,1,1,1,0,0,NA,0,0,NA,0,1,1,1,0,0,0,1,2,2.3,5,NA
Jarnell Stokes,44,3,2016-01-20,22,MIA,A,WAS,-19,0,5:12,2,4,0.5,0,0,NA,0,0,NA,0,0,0,0,0,0,0,0,4,2,0,4
Jarnell Stokes,45,4,2016-01-22,22,MIA,A,TOR,-20,0,1:36,0,0,NA,0,0,NA,0,0,NA,0,1,1,0,0,0,0,0,0,0.3,-2,1.3
Jarnell Stokes,49,5,2016-01-31,22,MIA,H,ATL,18,0,1:11,1,1,1,0,0,NA,0,0,NA,0,1,1,0,0,0,0,0,2,2,2,3.3
Jarnell Stokes,50,6,2016-02-02,22,MIA,A,HOU,-13,0,3:16,0,0,NA,0,0,NA,0,0,NA,0,0,0,1,0,0,0,0,0,0.7,4,1.5
Jarnell Stokes,54,7,2016-02-09,22,MIA,H,SAS,-18,0,2:54,0,0,NA,0,0,NA,1,2,0.5,0,0,0,0,1,0,0,1,1,1.2,4,3
Udonis Haslem,1,1,2015-10-28,35,MIA,H,CHO,10,0,10:38,3,4,0.75,0,1,0,0,0,NA,0,4,4,1,1,0,1,2,6,5.5,1,14
Udonis Haslem,7,2,2015-11-08,35,MIA,H,TOR,20,0,2:14,0,1,0,0,0,NA,0,0,NA,0,1,1,0,0,0,0,0,0,-0.4,3,1.3
Udonis Haslem,8,3,2015-11-10,35,MIA,H,LAL,13,0,2:27,0,0,NA,0,0,NA,0,0,NA,0,1,1,0,0,0,0,0,0,0.3,-2,1.3
Udonis Haslem,14,4,2015-11-25,35,MIA,A,DET,-23,0,4:12,3,3,1,1,1,1,0,0,NA,0,1,1,1,1,0,0,0,7,8.1,5,12.3
Udonis Haslem,15,5,2015-11-27,35,MIA,A,NYK,19,0,7:18,0,1,0,0,0,NA,0,0,NA,0,0,0,0,0,0,0,1,0,-1.1,-1,0
Udonis Haslem,18,6,2015-12-05,35,MIA,H,CLE,15,0,19:57,0,4,0,0,0,NA,0,0,NA,0,5,5,1,0,0,1,1,0,-2,-3,7.3
Udonis Haslem,20,7,2015-12-09,35,MIA,A,CHO,-18,0,16:10,0,3,0,0,0,NA,1,1,1,1,5,6,1,0,1,1,2,1,0.7,5,11.5
Udonis Haslem,22,8,2015-12-13,35,MIA,H,MEM,3,0,6:51,1,1,1,0,0,NA,0,0,NA,0,0,0,1,0,0,0,2,2,1.6,6,3.5
Udonis Haslem,23,9,2015-12-14,35,MIA,A,ATL,12,0,14:51,0,1,0,0,0,NA,2,2,1,0,1,1,1,1,0,0,0,2,3.3,1,6.8
Udonis Haslem,24,10,2015-12-16,35,MIA,A,BRK,6,0,12:05,1,2,0.5,0,1,0,0,0,NA,0,3,3,1,1,0,0,2,2,2.8,6,9.3
Udonis Haslem,25,11,2015-12-18,35,MIA,H,TOR,-14,0,5:56,0,1,0,0,1,0,0,0,NA,0,1,1,1,0,0,0,0,0,0.3,-3,2.8
Udonis Haslem,26,12,2015-12-20,35,MIA,H,POR,7,0,7:15,0,0,NA,0,0,NA,0,0,NA,0,2,2,1,0,0,0,0,0,1.3,-3,4
Udonis Haslem,27,13,2015-12-22,35,MIA,H,DET,-1,0,6:46,0,2,0,0,1,0,0,0,NA,0,2,2,0,0,0,0,0,0,-0.8,-12,2.5
Udonis Haslem,28,14,2015-12-25,35,MIA,H,NOP,6,0,8:06,1,2,0.5,0,0,NA,0,0,NA,0,2,2,0,0,0,0,0,2,1.6,-2,4.5
Udonis Haslem,32,15,2016-01-01,35,MIA,H,DAL,24,0,2:58,1,1,1,0,0,NA,0,0,NA,1,1,2,0,0,0,0,0,2,2.7,1,4.5
Udonis Haslem,33,16,2016-01-03,35,MIA,A,WAS,22,0,5:53,1,2,0.5,0,0,NA,0,0,NA,0,1,1,0,0,1,0,1,2,1.6,-6,5.3
Udonis Haslem,38,17,2016-01-11,35,MIA,A,GSW,-8,0,6:58,0,1,0,0,0,NA,0,0,NA,0,3,3,1,0,0,0,1,0,0.5,-4,5.3
Udonis Haslem,39,18,2016-01-13,35,MIA,A,LAC,-14,0,2:39,1,2,0.5,0,1,0,0,0,NA,0,1,1,0,0,0,0,0,2,1.3,3,3.3
Udonis Haslem,41,19,2016-01-17,35,MIA,A,OKC,-25,0,3:11,0,0,NA,0,0,NA,0,0,NA,0,0,0,0,0,0,1,0,0,-1,-3,-0.5
Udonis Haslem,43,20,2016-01-20,35,MIA,A,WAS,-19,0,6:21,0,1,0,0,0,NA,3,4,0.75,1,1,2,2,0,0,0,0,3,4.3,-7,8.5
Udonis Haslem,44,21,2016-01-22,35,MIA,A,TOR,-20,0,15:47,2,6,0.333,0,0,NA,2,2,1,4,5,9,0,0,0,0,0,6,6.9,-1,17.3
Udonis Haslem,45,22,2016-01-25,35,MIA,A,CHI,5,0,5:39,0,0,NA,0,0,NA,0,0,NA,0,1,1,1,0,0,0,0,0,1,-1,2.8
Udonis Haslem,46,23,2016-01-26,35,MIA,A,BRK,4,0,21:58,1,4,0.25,0,0,NA,0,0,NA,1,4,5,0,0,0,1,3,2,-0.7,-9,7.8
Udonis Haslem,48,24,2016-01-31,35,MIA,H,ATL,18,0,1:11,0,0,NA,0,0,NA,0,0,NA,0,1,1,0,0,0,0,0,0,0.3,2,1.3
Udonis Haslem,49,25,2016-02-02,35,MIA,A,HOU,-13,0,3:16,0,1,0,0,1,0,0,0,NA,0,1,1,0,0,0,0,2,0,-1.2,4,1.3
Udonis Haslem,54,26,2016-02-19,35,MIA,A,ATL,4,0,11:50,2,2,1,0,0,NA,2,2,1,0,3,3,1,0,0,0,1,6,6.6,-3,11.3
Udonis Haslem,55,27,2016-02-20,35,MIA,H,WAS,20,0,2:09,0,0,NA,0,0,NA,0,0,NA,0,0,0,0,1,0,0,1,0,0.6,-2,2
Udonis Haslem,62,28,2016-03-04,35,MIA,A,PHI,10,0,1:17,0,1,0,0,1,0,0,0,NA,1,0,1,0,0,0,0,0,0,0,-6,1.3
Udonis Haslem,65,29,2016-03-11,35,MIA,A,CHI,22,0,2:47,0,1,0,0,0,NA,0,0,NA,0,0,0,0,0,0,0,0,0,-0.7,0,0
Udonis Haslem,69,30,2016-03-19,35,MIA,H,CLE,21,0,6:27,1,2,0.5,0,0,NA,0,0,NA,1,2,3,0,0,0,0,0,2,2.3,-9,5.8
Udonis Haslem,72,31,2016-03-25,35,MIA,H,ORL,11,0,1:10,0,0,NA,0,0,NA,0,0,NA,0,0,0,0,0,0,0,0,0,0,0,0
Udonis Haslem,76,32,2016-04-02,35,MIA,A,POR,-17,0,5:06,1,4,0.25,0,1,0,0,0,NA,0,1,1,0,0,0,0,0,2,-0.1,5,3.3
Udonis Haslem,77,33,2016-04-05,35,MIA,H,DET,18,0,4:58,1,3,0.333,0,0,NA,0,0,NA,0,3,3,0,0,0,0,0,2,1.2,8,5.8
Udonis Haslem,78,34,2016-04-07,35,MIA,H,CHI,8,0,3:40,0,0,NA,0,0,NA,0,0,NA,0,2,2,0,0,0,0,1,0,0.2,-1,2.5
Udonis Haslem,79,35,2016-04-08,35,MIA,A,ORL,-3,0,8:53,3,4,0.75,0,0,NA,1,3,0.333,0,3,3,0,0,0,0,2,7,4.7,-2,10.8
Udonis Haslem,80,36,2016-04-10,35,MIA,H,ORL,22,0,2:43,0,0,NA,0,0,NA,0,0,NA,0,3,3,0,0,0,0,1,0,0.5,5,3.8
Udonis Haslem,81,37,2016-04-12,35,MIA,A,DET,6,0,7:55,0,1,0,0,0,NA,1,2,0.5,0,1,1,0,0,0,0,2,1,-0.6,8,2.3
Josh McRoberts,1,1,2015-10-28,28,MIA,H,CHO,10,0,13:28,0,0,NA,0,0,NA,0,0,NA,0,3,3,2,0,0,0,1,0,1.9,5,6.8
Josh McRoberts,2,2,2015-10-30,28,MIA,A,CLE,-10,0,13:22,1,2,0.5,0,1,0,0,0,NA,1,1,2,1,0,0,1,2,2,0.9,-17,5.5
Josh McRoberts,3,3,2015-11-01,28,MIA,H,HOU,20,0,5:11,0,0,NA,0,0,NA,0,0,NA,0,2,2,0,0,0,2,0,0,-1.4,-10,1.5
Josh McRoberts,4,4,2015-11-03,28,MIA,H,ATL,-6,0,10:24,0,2,0,0,2,0,0,0,NA,0,2,2,1,0,0,0,5,0,-2.1,-6,4
Josh McRoberts,5,5,2015-11-05,28,MIA,A,MIN,12,0,17:10,0,1,0,0,0,NA,0,0,NA,0,2,2,2,0,0,0,1,0,0.9,0,5.5
Josh McRoberts,6,6,2015-11-06,28,MIA,A,IND,-3,0,16:38,3,4,0.75,2,3,0.667,0,0,NA,0,2,2,5,0,0,2,1,8,8.1,14,18
Josh McRoberts,7,7,2015-11-08,28,MIA,H,TOR,20,0,19:26,2,7,0.286,0,2,0,1,2,0.5,3,0,3,3,3,0,1,1,5,6.3,19,18.8
Josh McRoberts,8,8,2015-11-10,28,MIA,H,LAL,13,0,18:23,2,5,0.4,0,1,0,0,0,NA,2,2,4,3,1,0,2,1,4,4,0,14.5
Josh McRoberts,9,9,2015-11-12,28,MIA,H,UTA,1,0,18:14,0,3,0,0,1,0,4,4,1,1,3,4,0,0,0,0,3,4,2.3,14,9
Josh McRoberts,10,10,2015-11-17,28,MIA,H,MIN,-12,0,11:37,0,1,0,0,0,NA,0,0,NA,0,3,3,1,0,0,3,3,0,-3.3,-18,3.8
Josh McRoberts,11,11,2015-11-19,28,MIA,H,SAC,7,0,16:31,0,1,0,0,0,NA,0,2,0,3,1,4,2,2,0,0,2,0,3.5,9,12
Josh McRoberts,12,12,2015-11-21,28,MIA,H,PHI,5,0,13:43,1,3,0.333,0,1,0,1,2,0.5,0,2,2,1,1,1,0,1,3,3.5,-7,11
Josh McRoberts,13,13,2015-11-23,28,MIA,H,NYK,17,0,19:22,0,3,0,0,2,0,2,2,1,3,6,9,2,0,0,0,2,2,4.4,18,16.3
Josh McRoberts,14,14,2015-11-25,28,MIA,A,DET,-23,0,13:16,1,6,0.167,1,5,0.2,0,0,NA,0,1,1,1,0,0,1,1,3,-1.2,-13,5.8
Josh McRoberts,15,15,2015-11-27,28,MIA,A,NYK,19,0,23:53,1,1,1,0,0,NA,0,1,0,0,4,4,3,0,0,1,2,2,2.8,14,11
Josh McRoberts,16,16,2015-11-30,28,MIA,H,BOS,-10,0,23:59,2,3,0.667,0,0,NA,2,2,1,1,1,2,2,0,1,1,4,6,5.2,-7,13
Josh McRoberts,17,17,2015-12-03,28,MIA,H,OKC,2,0,18:53,5,7,0.714,0,2,0,2,2,1,1,2,3,4,1,1,1,0,12,13.9,6,25.3
Josh McRoberts,18,18,2015-12-05,28,MIA,H,CLE,15,0,19:05,2,3,0.667,0,0,NA,2,2,1,0,4,4,2,1,0,1,1,6,6.9,8,15.5
Josh McRoberts,19,19,2015-12-07,28,MIA,H,WAS,-11,0,14:33,4,7,0.571,0,2,0,1,3,0.333,0,2,2,1,1,0,1,1,9,5.8,-7,14.5
Josh McRoberts,20,20,2015-12-09,28,MIA,A,CHO,-18,0,3:35,0,1,0,0,0,NA,0,0,NA,0,1,1,0,0,0,0,1,0,-0.8,-7,1.3
Josh McRoberts,47,21,2016-01-29,28,MIA,A,MIL,4,0,16:08,1,3,0.333,0,0,NA,0,0,NA,0,1,1,2,1,1,2,3,2,0.5,8,9.3
Josh McRoberts,48,22,2016-01-31,28,MIA,H,ATL,18,0,17:43,1,3,0.333,0,1,0,4,4,1,0,2,2,1,0,0,2,2,6,2.8,0,9
Josh McRoberts,49,23,2016-02-02,28,MIA,A,HOU,-13,0,3:15,0,1,0,0,0,NA,0,0,NA,0,0,0,0,0,0,0,1,0,-1.1,-5,0
Josh McRoberts,50,24,2016-02-03,28,MIA,A,DAL,3,0,9:31,1,3,0.333,0,1,0,0,0,NA,0,3,3,0,0,0,0,0,2,1.2,4,5.8
Josh McRoberts,53,25,2016-02-09,28,MIA,H,SAS,-18,0,10:47,1,2,0.5,0,0,NA,0,0,NA,0,3,3,2,2,1,0,2,2,5.2,-2,14.8
Josh McRoberts,54,26,2016-02-19,28,MIA,A,ATL,4,0,29:49,8,13,0.615,3,5,0.6,0,0,NA,2,4,6,10,0,0,1,1,19,21.3,1,44
Josh McRoberts,55,27,2016-02-20,28,MIA,H,WAS,20,0,19:10,1,6,0.167,0,1,0,1,2,0.5,0,3,3,3,0,0,0,2,3,1,19,11.3
Josh McRoberts,56,28,2016-02-22,28,MIA,H,IND,8,0,21:52,4,8,0.5,1,3,0.333,1,3,0.333,0,6,6,3,2,0,2,3,10,7.9,-2,25.5
Josh McRoberts,57,29,2016-02-24,28,MIA,H,GSW,-6,0,14:19,2,8,0.25,1,2,0.5,2,3,0.667,0,2,2,0,0,1,0,2,7,2.3,-7,12
Josh McRoberts,58,30,2016-02-27,28,MIA,A,BOS,-12,0,12:45,1,4,0.25,0,1,0,0,0,NA,1,1,2,3,0,0,0,2,2,1.9,-10,9
Josh McRoberts,61,31,2016-03-03,29,MIA,H,PHO,16,0,3:14,0,1,0,0,0,NA,0,0,NA,0,0,0,1,0,0,0,1,0,-0.4,-5,1.5
Josh McRoberts,65,32,2016-03-11,29,MIA,A,CHI,22,0,2:47,0,1,0,0,1,0,0,0,NA,0,0,0,2,0,0,0,1,0,0.3,0,3
Josh McRoberts,67,33,2016-03-14,29,MIA,H,DEN,5,0,6:04,0,1,0,0,0,NA,0,0,NA,1,1,2,1,0,1,0,1,0,1.3,1,6
Josh McRoberts,69,34,2016-03-19,29,MIA,H,CLE,21,0,11:42,0,1,0,0,0,NA,2,2,1,0,0,0,1,1,0,0,1,2,2.6,0,5.5
Josh McRoberts,70,35,2016-03-22,29,MIA,A,NOP,14,0,2:33,0,1,0,0,0,NA,0,0,NA,0,0,0,0,0,0,0,3,0,-1.9,-1,0
Josh McRoberts,71,36,2016-03-23,29,MIA,A,SAS,-24,1,29:58,4,7,0.571,1,2,0.5,0,0,NA,0,3,3,3,0,0,2,4,9,5.1,-15,16.8
Josh McRoberts,72,37,2016-03-25,29,MIA,H,ORL,11,0,1:10,0,0,NA,0,0,NA,0,0,NA,0,1,1,0,0,0,1,0,0,-0.7,0,0.8
Josh McRoberts,73,38,2016-03-28,29,MIA,H,BRK,11,0,17:08,2,5,0.4,0,2,0,0,0,NA,0,1,1,4,1,0,0,2,4,4.6,5,13.3
Josh McRoberts,76,39,2016-04-02,29,MIA,A,POR,-17,0,16:30,3,8,0.375,2,4,0.5,0,0,NA,1,2,3,3,0,0,1,3,8,4.8,-8,16.8
Josh McRoberts,77,40,2016-04-05,29,MIA,H,DET,18,0,2:08,0,0,NA,0,0,NA,0,0,NA,0,0,0,0,0,0,1,0,0,-1,2,-0.5
Josh McRoberts,80,41,2016-04-10,29,MIA,H,ORL,22,0,19:38,1,6,0.167,1,3,0.333,3,4,0.75,1,3,4,5,0,0,1,1,6,5.5,4,18.5
Josh McRoberts,82,42,2016-04-13,29,MIA,A,BOS,-10,0,15:48,1,6,0.167,0,1,0,0,0,NA,1,3,4,1,1,0,0,0,2,1.5,2,10.5
Hassan Whiteside,1,1,2015-10-28,26,MIA,H,CHO,10,1,20:15,2,4,0.5,0,0,NA,0,0,NA,0,6,6,0,0,2,2,3,4,2,4,14.5
Hassan Whiteside,2,2,2015-10-30,26,MIA,A,CLE,-10,1,36:02,4,7,0.571,0,0,NA,3,4,0.75,1,8,9,2,0,6,2,2,11,13.2,6,36.3
Hassan Whiteside,3,3,2015-11-01,26,MIA,H,HOU,20,1,33:31,12,15,0.8,0,0,NA,1,3,0.333,1,14,15,1,3,2,3,2,25,24.7,20,55.3
Hassan Whiteside,4,4,2015-11-03,26,MIA,H,ATL,-6,1,31:02,11,12,0.917,0,0,NA,1,2,0.5,5,9,14,0,0,4,3,0,23,24.6,-4,48.5
Hassan Whiteside,5,5,2015-11-05,26,MIA,A,MIN,12,1,29:42,5,9,0.556,0,0,NA,2,2,1,1,8,9,0,0,4,7,5,12,4.6,14,27.8
Hassan Whiteside,6,6,2015-11-06,26,MIA,A,IND,-3,1,33:07,4,10,0.4,0,0,NA,0,1,0,1,11,12,0,1,4,1,1,8,8.6,-23,32.5
Hassan Whiteside,7,7,2015-11-08,26,MIA,H,TOR,20,1,24:38,8,15,0.533,0,0,NA,4,5,0.8,6,5,11,0,1,6,0,2,20,22.4,2,49.3
Hassan Whiteside,8,8,2015-11-10,26,MIA,H,LAL,13,1,27:07,8,12,0.667,0,0,NA,3,6,0.5,7,8,15,0,0,3,0,1,19,21.6,22,45.3
Hassan Whiteside,9,9,2015-11-12,26,MIA,H,UTA,1,1,29:18,4,10,0.4,0,0,NA,1,4,0.25,3,11,14,0,1,5,2,3,9,9.1,-9,37.5
Hassan Whiteside,10,10,2015-11-17,26,MIA,H,MIN,-12,1,33:49,10,14,0.714,0,0,NA,2,9,0.222,4,10,14,0,0,10,4,2,22,21.4,10,62
Hassan Whiteside,11,11,2015-11-19,26,MIA,H,SAC,7,1,18:24,4,7,0.571,0,0,NA,4,4,1,2,3,5,0,2,4,0,3,12,14.6,-11,30.3
Hassan Whiteside,12,12,2015-11-21,26,MIA,H,PHI,5,1,29:22,4,7,0.571,0,0,NA,5,8,0.625,2,7,9,0,1,8,3,1,13,15.2,3,40.8
Hassan Whiteside,13,13,2015-11-23,26,MIA,H,NYK,17,1,33:50,3,8,0.375,0,0,NA,5,10,0.5,3,8,11,1,1,5,1,3,11,12.1,4,39.3
Hassan Whiteside,14,14,2015-11-25,26,MIA,A,DET,-23,1,29:37,7,9,0.778,0,0,NA,1,2,0.5,5,8,13,0,0,3,3,2,15,15.3,-23,37.3
Hassan Whiteside,15,15,2015-11-27,26,MIA,A,NYK,19,1,31:21,1,6,0.167,0,0,NA,4,6,0.667,5,9,14,0,0,6,1,1,6,10.4,14,35
Hassan Whiteside,16,16,2015-11-30,26,MIA,H,BOS,-10,1,25:46,2,4,0.5,0,0,NA,2,4,0.5,3,5,8,0,1,3,1,3,6,7.7,-15,23.5
Hassan Whiteside,17,17,2015-12-03,26,MIA,H,OKC,2,1,28:44,5,8,0.625,0,0,NA,1,2,0.5,1,7,8,0,0,2,2,3,11,8,-15,24
Hassan Whiteside,18,18,2015-12-05,26,MIA,H,CLE,15,1,21:13,2,3,0.667,0,0,NA,3,7,0.429,2,7,9,0,1,5,0,2,7,11.3,12,30.3
Hassan Whiteside,19,19,2015-12-07,26,MIA,H,WAS,-11,1,23:02,7,7,1,0,0,NA,0,3,0,0,4,4,0,0,3,0,1,14,13.6,2,25
Hassan Whiteside,20,20,2015-12-09,26,MIA,A,CHO,-18,1,22:56,3,5,0.6,0,0,NA,0,0,NA,1,7,8,1,0,3,6,2,6,2.5,-12,20.5
Hassan Whiteside,21,21,2015-12-11,26,MIA,A,IND,-13,1,17:29,4,4,1,0,0,NA,0,1,0,2,8,10,0,0,2,1,3,8,9.4,-12,24
Hassan Whiteside,22,22,2015-12-13,26,MIA,H,MEM,3,1,28:00,4,5,0.8,0,0,NA,1,3,0.333,4,7,11,0,2,0,1,3,9,11,-18,26.3
Hassan Whiteside,23,23,2015-12-14,26,MIA,A,ATL,12,1,25:57,4,11,0.364,0,0,NA,0,2,0,5,8,13,0,0,3,2,4,8,5.5,11,29.3
Hassan Whiteside,24,24,2015-12-16,26,MIA,A,BRK,6,1,29:30,7,10,0.7,0,0,NA,6,8,0.75,5,8,13,0,0,1,2,4,20,18,-8,38.8
Hassan Whiteside,25,25,2015-12-18,26,MIA,H,TOR,-14,1,31:24,4,6,0.667,0,0,NA,0,0,NA,1,12,13,0,0,5,0,2,8,12.4,0,34.3
Hassan Whiteside,26,26,2015-12-20,26,MIA,H,POR,7,1,37:38,10,13,0.769,0,0,NA,2,4,0.5,3,8,11,1,2,5,2,3,22,23.6,11,51.8
Hassan Whiteside,27,27,2015-12-22,26,MIA,H,DET,-1,1,35:16,7,13,0.538,0,0,NA,2,2,1,6,10,16,0,0,4,2,2,16,16.9,0,44.5
Hassan Whiteside,28,28,2015-12-25,26,MIA,H,NOP,6,1,24:31,3,7,0.429,0,0,NA,2,4,0.5,6,11,17,0,0,4,3,4,8,9.2,1,35.8
Hassan Whiteside,29,29,2015-12-26,26,MIA,A,ORL,7,1,37:14,2,5,0.4,0,0,NA,3,3,1,1,5,6,0,0,3,0,3,7,7.4,15,20.5
Hassan Whiteside,30,30,2015-12-28,26,MIA,H,BRK,-6,1,33:11,7,10,0.7,0,0,NA,4,6,0.667,6,5,11,0,1,5,3,4,18,18.6,-1,43.8
Hassan Whiteside,31,31,2015-12-29,26,MIA,A,MEM,-9,1,36:50,2,4,0.5,0,0,NA,1,2,0.5,2,9,11,1,0,5,3,6,5,5.5,-5,28.8
Hassan Whiteside,32,32,2016-01-01,26,MIA,H,DAL,24,1,32:19,12,16,0.75,0,0,NA,1,2,0.5,4,15,19,0,0,1,4,4,25,20.6,23,50.3
Hassan Whiteside,33,33,2016-01-03,26,MIA,A,WAS,22,1,29:52,3,9,0.333,0,0,NA,0,2,0,3,10,13,1,1,6,0,1,6,10.7,17,37.8
Hassan Whiteside,35,34,2016-01-06,26,MIA,H,NYK,-8,1,28:26,3,6,0.5,0,0,NA,2,2,1,4,4,8,1,0,1,4,1,8,6,-18,19.5
Hassan Whiteside,36,35,2016-01-08,26,MIA,A,PHO,8,1,18:32,2,8,0.25,0,0,NA,1,2,0.5,2,7,9,0,0,0,1,2,5,1.5,-9,15.8
Hassan Whiteside,37,36,2016-01-09,26,MIA,A,UTA,-15,1,30:47,4,8,0.5,0,0,NA,2,6,0.333,5,6,11,0,1,4,1,3,10,11.3,-5,34.8
Hassan Whiteside,39,37,2016-01-13,26,MIA,A,LAC,-14,0,26:47,3,5,0.6,0,0,NA,4,6,0.667,0,11,11,1,1,3,5,4,10,7.4,-3,32.3
Hassan Whiteside,40,38,2016-01-15,26,MIA,A,DEN,3,1,38:29,8,13,0.615,0,0,NA,3,5,0.6,6,11,17,2,1,11,4,2,19,25.1,10,69.8
Hassan Whiteside,41,39,2016-01-17,26,MIA,A,OKC,-25,1,33:01,7,9,0.778,0,0,NA,0,0,NA,3,8,11,0,1,4,3,1,14,15.4,-10,37.8
Hassan Whiteside,42,40,2016-01-19,26,MIA,H,MIL,-12,1,35:22,8,9,0.889,0,0,NA,7,11,0.636,7,11,18,1,0,2,1,1,23,27.2,-10,52
Hassan Whiteside,43,41,2016-01-20,26,MIA,A,WAS,-19,1,10:38,1,1,1,0,0,NA,0,0,NA,0,2,2,1,1,1,2,0,2,2.7,-10,9
Hassan Whiteside,50,42,2016-02-03,26,MIA,A,DAL,3,0,17:21,5,5,1,0,0,NA,0,0,NA,3,6,9,1,1,5,1,5,10,14.6,7,34.3
Hassan Whiteside,51,43,2016-02-05,26,MIA,A,CHO,3,0,27:02,4,8,0.5,0,0,NA,2,3,0.667,3,7,10,0,0,10,2,4,10,13.2,8,46
Hassan Whiteside,52,44,2016-02-07,26,MIA,H,LAC,-7,0,16:56,3,5,0.6,0,0,NA,4,6,0.667,2,8,10,0,0,0,0,2,10,9.9,-5,24
Hassan Whiteside,53,45,2016-02-09,26,MIA,H,SAS,-18,0,25:14,6,9,0.667,0,0,NA,2,3,0.667,0,6,6,0,0,2,1,4,14,10.3,-9,25
Hassan Whiteside,55,46,2016-02-20,26,MIA,H,WAS,20,0,29:18,11,15,0.733,0,0,NA,3,7,0.429,8,15,23,0,0,2,1,3,25,26.6,8,58.8
Hassan Whiteside,56,47,2016-02-22,26,MIA,H,IND,8,0,41:09,8,17,0.471,0,0,NA,3,4,0.75,6,12,18,1,0,6,1,3,19,20.4,17,56
Hassan Whiteside,57,48,2016-02-24,26,MIA,H,GSW,-6,0,31:53,8,11,0.727,0,0,NA,5,5,1,2,11,13,0,1,2,2,3,21,20.4,2,43.8
Hassan Whiteside,58,49,2016-02-27,26,MIA,A,BOS,-12,0,32:33,5,9,0.556,0,0,NA,3,3,1,4,11,15,0,1,8,1,3,13,19.2,-17,50.8
Hassan Whiteside,59,50,2016-02-28,26,MIA,A,NYK,17,0,26:03,7,13,0.538,0,0,NA,2,2,1,5,6,11,0,3,2,2,4,16,15.8,2,40.3
Hassan Whiteside,60,51,2016-03-01,26,MIA,H,CHI,18,0,33:01,8,11,0.727,0,0,NA,10,11,0.909,1,13,14,1,0,4,1,1,26,27.8,2,54
Hassan Whiteside,61,52,2016-03-03,26,MIA,H,PHO,16,0,23:28,4,8,0.5,0,0,NA,1,1,1,2,9,11,1,1,5,3,4,9,9.7,-1,34.8
Hassan Whiteside,62,53,2016-03-04,26,MIA,A,PHI,10,0,34:10,6,11,0.545,0,0,NA,7,8,0.875,4,15,19,2,0,2,1,2,19,21.6,11,50.8
Hassan Whiteside,63,54,2016-03-06,26,MIA,H,PHI,5,0,30:40,4,11,0.364,0,0,NA,6,10,0.6,5,8,13,1,0,7,2,3,14,14.6,-1,46.3
Hassan Whiteside,64,55,2016-03-09,26,MIA,A,MIL,-6,0,29:28,9,13,0.692,0,0,NA,5,5,1,5,8,13,0,0,3,2,5,23,21.5,1,45.8
Hassan Whiteside,65,56,2016-03-11,26,MIA,A,CHI,22,0,30:36,6,13,0.462,0,0,NA,1,2,0.5,3,13,16,2,1,3,0,0,13,16.4,24,45.5
Hassan Whiteside,66,57,2016-03-12,26,MIA,A,TOR,-8,0,33:02,5,12,0.417,0,0,NA,3,4,0.75,6,5,11,0,1,3,1,5,13,12,-9,35.8
Hassan Whiteside,67,58,2016-03-14,26,MIA,H,DEN,5,0,31:01,6,7,0.857,0,0,NA,6,6,1,2,8,10,0,0,1,4,4,18,14.4,10,32
Hassan Whiteside,68,59,2016-03-17,26,MIA,H,CHO,-3,0,27:14,6,10,0.6,0,0,NA,5,6,0.833,0,7,7,0,1,1,3,3,17,11.6,8,28.3
Hassan Whiteside,69,60,2016-03-19,26,MIA,H,CLE,21,0,24:08,6,9,0.667,0,0,NA,4,5,0.8,4,9,13,2,0,2,2,0,16,18,12,39.8
Hassan Whiteside,70,61,2016-03-22,26,MIA,A,NOP,14,0,30:17,10,11,0.909,0,0,NA,4,6,0.667,5,9,14,0,1,3,4,4,24,23.2,12,49
Hassan Whiteside,71,62,2016-03-23,26,MIA,A,SAS,-24,0,34:12,5,9,0.556,0,0,NA,2,4,0.5,4,10,14,1,1,2,2,2,12,13,-13,37.5
Hassan Whiteside,72,63,2016-03-25,26,MIA,H,ORL,11,0,29:16,10,15,0.667,0,0,NA,6,7,0.857,2,10,12,0,1,5,1,3,26,25.8,9,54
Hassan Whiteside,73,64,2016-03-28,26,MIA,H,BRK,11,0,31:02,12,16,0.75,0,0,NA,3,4,0.75,3,5,8,1,1,1,1,4,27,23.6,16,42
Hassan Whiteside,74,65,2016-03-30,26,MIA,A,LAL,-2,0,38:45,7,9,0.778,0,0,NA,6,12,0.5,5,12,17,0,0,7,3,5,20,21.1,-9,55.3
Hassan Whiteside,75,66,2016-04-01,26,MIA,A,SAC,6,0,30:29,2,4,0.5,0,0,NA,2,2,1,0,13,13,2,0,3,2,3,6,8.2,-5,30.3
Hassan Whiteside,76,67,2016-04-02,26,MIA,A,POR,-17,0,28:26,6,14,0.429,0,0,NA,8,11,0.727,1,12,13,1,1,4,3,3,20,16,-6,47.8
Hassan Whiteside,77,68,2016-04-05,26,MIA,H,DET,18,0,28:46,7,13,0.538,0,0,NA,0,0,NA,4,8,12,0,1,4,0,3,14,15.5,13,40.5
Hassan Whiteside,78,69,2016-04-07,26,MIA,H,CHI,8,0,27:19,5,11,0.455,0,0,NA,6,7,0.857,5,7,12,0,1,1,0,6,16,14.8,8,36.5
Hassan Whiteside,79,70,2016-04-08,26,MIA,A,ORL,-3,0,28:08,6,12,0.5,0,0,NA,1,7,0.143,7,9,16,0,0,4,0,3,13,13.8,4,42.5
Hassan Whiteside,80,71,2016-04-10,26,MIA,H,ORL,22,1,28:22,5,7,0.714,0,0,NA,8,8,1,2,13,15,0,1,2,2,2,18,20,18,43.3
Hassan Whiteside,81,72,2016-04-12,26,MIA,A,DET,6,1,34:07,4,10,0.4,0,0,NA,6,8,0.75,5,4,9,0,2,3,3,4,14,12,-2,33.8
Hassan Whiteside,82,73,2016-04-13,26,MIA,A,BOS,-10,1,27:56,6,10,0.6,0,0,NA,7,9,0.778,2,7,9,0,1,4,1,2,19,19.1,-10,39.8
Amar'e Stoudemire,2,1,2015-10-30,32,MIA,A,CLE,-10,0,11:58,1,2,0.5,0,0,NA,0,0,NA,2,1,3,0,0,0,0,2,2,1.9,-16,5.8
Amar'e Stoudemire,11,2,2015-11-19,33,MIA,H,SAC,7,0,8:17,4,5,0.8,0,0,NA,2,2,1,0,1,1,1,0,0,1,0,10,8.1,8,12.3
Amar'e Stoudemire,21,3,2015-12-11,33,MIA,A,IND,-13,0,7:04,0,2,0,0,0,NA,1,2,0.5,1,1,2,0,0,1,0,0,1,0.9,-1,5.5
Amar'e Stoudemire,29,4,2015-12-26,33,MIA,A,ORL,7,0,9:14,1,3,0.333,0,0,NA,0,0,NA,1,2,3,1,0,0,0,0,2,2.3,-1,7.3
Amar'e Stoudemire,30,5,2015-12-28,33,MIA,H,BRK,-6,0,14:02,1,4,0.25,0,0,NA,2,2,1,0,3,3,1,1,0,1,2,4,2.4,-5,10.8
Amar'e Stoudemire,31,6,2015-12-29,33,MIA,A,MEM,-9,0,12:34,1,2,0.5,0,0,NA,4,6,0.667,2,1,3,2,0,1,1,2,6,6.2,-1,14.3
Amar'e Stoudemire,32,7,2016-01-01,33,MIA,H,DAL,24,0,9:16,0,0,NA,0,0,NA,0,0,NA,0,2,2,1,0,0,1,1,0,-0.1,2,3.5
Amar'e Stoudemire,34,8,2016-01-04,33,MIA,H,IND,3,0,15:01,1,3,0.333,0,0,NA,0,2,0,2,3,5,0,1,1,1,0,2,2.5,3,11.8
Amar'e Stoudemire,36,9,2016-01-08,33,MIA,A,PHO,8,0,13:10,0,1,0,0,0,NA,0,0,NA,0,2,2,1,0,3,1,0,0,1.7,1,9.5
Amar'e Stoudemire,37,10,2016-01-09,33,MIA,A,UTA,-15,0,6:20,0,1,0,0,0,NA,2,2,1,1,1,2,0,0,0,0,0,2,2.3,-4,4.5
Amar'e Stoudemire,38,11,2016-01-11,33,MIA,A,GSW,-8,0,4:44,3,4,0.75,0,0,NA,0,0,NA,1,1,2,0,0,0,0,1,6,5,-4,8.5
Amar'e Stoudemire,40,12,2016-01-15,33,MIA,A,DEN,3,0,6:22,2,4,0.5,0,0,NA,1,1,1,2,0,2,1,0,0,0,1,5,4.7,-9,9
Amar'e Stoudemire,41,13,2016-01-17,33,MIA,A,OKC,-25,0,13:57,0,0,NA,0,0,NA,2,2,1,0,2,2,1,1,1,2,2,2,2.2,-13,9
Amar'e Stoudemire,42,14,2016-01-19,33,MIA,H,MIL,-12,0,6:20,3,5,0.6,0,0,NA,0,0,NA,0,0,0,0,0,0,0,2,6,2.9,2,6
Amar'e Stoudemire,43,15,2016-01-20,33,MIA,A,WAS,-19,0,20:46,5,6,0.833,0,0,NA,1,2,0.5,1,2,3,0,0,0,4,2,11,4.9,6,12.8
Amar'e Stoudemire,44,16,2016-01-22,33,MIA,A,TOR,-20,1,17:49,4,5,0.8,0,0,NA,0,0,NA,2,3,5,0,0,0,2,2,8,5.6,-11,13.3
Amar'e Stoudemire,45,17,2016-01-25,33,MIA,A,CHI,5,1,25:36,3,7,0.429,0,0,NA,2,2,1,2,8,10,2,1,1,1,1,8,9.8,-2,27
Amar'e Stoudemire,46,18,2016-01-26,33,MIA,A,BRK,4,1,22:28,2,7,0.286,0,0,NA,0,0,NA,1,6,7,1,2,0,1,1,4,3.7,10,17.8
Amar'e Stoudemire,47,19,2016-01-29,33,MIA,A,MIL,4,1,23:33,6,9,0.667,0,0,NA,0,0,NA,2,6,8,0,0,2,0,3,12,11.5,-2,26
Amar'e Stoudemire,48,20,2016-01-31,33,MIA,H,ATL,18,1,21:24,5,8,0.625,0,0,NA,3,4,0.75,5,7,12,0,3,1,2,1,13,15.9,16,36.5
Amar'e Stoudemire,49,21,2016-02-02,33,MIA,A,HOU,-13,1,23:39,6,12,0.5,0,0,NA,2,2,1,6,4,10,1,0,0,3,3,14,9.9,-5,28
Amar'e Stoudemire,50,22,2016-02-03,33,MIA,A,DAL,3,1,17:19,2,4,0.5,0,0,NA,2,2,1,1,4,5,1,0,4,0,2,6,8.6,1,21.8
Amar'e Stoudemire,51,23,2016-02-05,33,MIA,A,CHO,3,1,15:55,2,5,0.4,0,0,NA,3,6,0.5,0,5,5,0,0,2,0,1,7,5.6,-10,17.3
Amar'e Stoudemire,52,24,2016-02-07,33,MIA,H,LAC,-7,1,15:34,1,2,0.5,0,0,NA,0,0,NA,1,7,8,1,0,0,1,1,2,3.1,-1,13
Amar'e Stoudemire,53,25,2016-02-09,33,MIA,H,SAS,-18,1,12:39,1,3,0.333,0,0,NA,0,0,NA,0,8,8,2,0,2,0,3,2,4.3,0,19
Amar'e Stoudemire,54,26,2016-02-19,33,MIA,A,ATL,4,1,18:43,2,6,0.333,0,0,NA,2,4,0.5,2,4,6,1,0,0,1,0,6,4.1,1,14.5
Amar'e Stoudemire,55,27,2016-02-20,33,MIA,H,WAS,20,1,16:33,2,3,0.667,0,0,NA,0,0,NA,0,6,6,2,0,2,1,4,4,4.7,14,18
Amar'e Stoudemire,56,28,2016-02-22,33,MIA,H,IND,8,1,11:49,2,3,0.667,0,0,NA,0,0,NA,1,4,5,1,0,0,3,1,4,1.9,-11,10.3
Amar'e Stoudemire,57,29,2016-02-24,33,MIA,H,GSW,-6,1,5:43,0,2,0,0,0,NA,0,0,NA,0,2,2,0,0,0,0,1,0,-1.2,2,2.5
Amar'e Stoudemire,58,30,2016-02-27,33,MIA,A,BOS,-12,1,15:24,3,7,0.429,0,0,NA,0,0,NA,1,4,5,0,0,1,0,1,6,4.5,5,14.3
Amar'e Stoudemire,59,31,2016-02-28,33,MIA,A,NYK,17,1,21:57,4,7,0.571,0,0,NA,0,0,NA,3,4,7,2,0,1,1,5,8,7.1,15,21.3
Amar'e Stoudemire,60,32,2016-03-01,33,MIA,H,CHI,18,1,14:59,3,3,1,0,0,NA,1,1,1,2,2,4,1,0,5,1,2,7,10.5,16,23
Amar'e Stoudemire,61,33,2016-03-03,33,MIA,H,PHO,16,1,24:32,3,3,1,0,0,NA,2,2,1,3,6,9,0,0,3,2,5,8,9.1,17,24.3
Amar'e Stoudemire,62,34,2016-03-04,33,MIA,A,PHI,10,1,13:50,4,5,0.8,0,0,NA,4,5,0.8,2,2,4,0,1,0,1,3,12,10.5,-1,18.5
Amar'e Stoudemire,63,35,2016-03-06,33,MIA,H,PHI,5,1,16:46,1,6,0.167,0,0,NA,0,0,NA,1,5,6,0,0,2,1,2,2,0,11,13
Amar'e Stoudemire,64,36,2016-03-09,33,MIA,A,MIL,-6,1,18:12,3,5,0.6,0,0,NA,0,0,NA,0,1,1,1,0,3,1,2,6,5,-7,14.3
Amar'e Stoudemire,65,37,2016-03-11,33,MIA,A,CHI,22,1,14:37,3,3,1,0,0,NA,0,0,NA,0,0,0,0,0,0,1,0,6,4.1,-2,5.5
Amar'e Stoudemire,66,38,2016-03-12,33,MIA,A,TOR,-8,1,19:31,1,4,0.25,0,0,NA,2,2,1,3,2,5,0,1,0,1,4,4,2.7,-1,11.8
Amar'e Stoudemire,67,39,2016-03-14,33,MIA,H,DEN,5,1,10:32,2,2,1,0,0,NA,0,0,NA,0,0,0,1,0,0,1,2,4,2.3,-5,5
Amar'e Stoudemire,68,40,2016-03-17,33,MIA,H,CHO,-3,1,20:35,3,3,1,0,0,NA,0,0,NA,0,3,3,0,0,0,0,1,6,5.6,-11,9.8
Amar'e Stoudemire,69,41,2016-03-19,33,MIA,H,CLE,21,1,12:03,3,4,0.75,0,0,NA,2,2,1,2,3,5,1,0,0,2,4,8,5.8,9,14.8
Amar'e Stoudemire,70,42,2016-03-22,33,MIA,A,NOP,14,1,15:10,6,8,0.75,0,0,NA,4,4,1,5,4,9,0,0,2,1,2,16,17.1,3,30.8
Amar'e Stoudemire,71,43,2016-03-23,33,MIA,A,SAS,-24,1,13:48,1,5,0.2,0,0,NA,0,0,NA,0,4,4,0,0,2,1,1,2,0.1,-11,10.5
Amar'e Stoudemire,72,44,2016-03-25,33,MIA,H,ORL,11,1,16:04,6,7,0.857,0,0,NA,1,3,0.333,2,3,5,0,1,0,0,3,13,11.8,5,21.3
Amar'e Stoudemire,73,45,2016-03-28,33,MIA,H,BRK,11,1,16:58,3,3,1,0,0,NA,1,2,0.5,1,2,3,0,3,0,1,0,7,9,-5,16.3
Amar'e Stoudemire,74,46,2016-03-30,33,MIA,A,LAL,-2,1,14:13,2,5,0.4,0,0,NA,0,0,NA,1,2,3,0,0,1,0,3,4,2.1,7,9.8
Amar'e Stoudemire,75,47,2016-04-01,33,MIA,A,SAC,6,1,17:26,3,4,0.75,0,0,NA,2,2,1,0,4,4,0,0,0,1,1,8,6.2,9,12.5
Amar'e Stoudemire,76,48,2016-04-02,33,MIA,A,POR,-17,1,10:43,0,1,0,0,0,NA,2,2,1,1,0,1,0,0,0,2,1,2,-0.4,-9,2.3
Amar'e Stoudemire,77,49,2016-04-05,33,MIA,H,DET,18,1,14:16,2,4,0.5,0,0,NA,0,0,NA,0,4,4,0,0,0,1,2,4,1.4,-3,8.5
Amar'e Stoudemire,78,50,2016-04-07,33,MIA,H,CHI,8,1,16:03,5,8,0.625,0,0,NA,0,1,0,0,3,3,0,3,0,0,3,10,8.7,3,19.8
Amar'e Stoudemire,79,51,2016-04-08,33,MIA,A,ORL,-3,1,10:53,2,3,0.667,0,0,NA,0,0,NA,2,2,4,0,0,0,1,3,4,2.5,-4,8.5
Amar'e Stoudemire,81,52,2016-04-12,33,MIA,A,DET,6,0,5:58,2,3,0.667,0,0,NA,0,0,NA,0,1,1,0,0,0,0,3,4,1.8,0,5.3
Dwyane Wade,1,1,2015-10-28,33,MIA,H,CHO,10,1,29:00,7,16,0.438,0,0,NA,6,6,1,1,2,3,5,0,1,1,2,20,15.3,-2,32.8
Dwyane Wade,2,2,2015-10-30,33,MIA,A,CLE,-10,1,30:25,8,15,0.533,1,2,0.5,8,8,1,0,4,4,3,2,1,7,4,25,15.1,4,37.5
Dwyane Wade,3,3,2015-11-01,33,MIA,H,HOU,20,1,32:50,6,16,0.375,2,3,0.667,6,6,1,0,2,2,8,2,0,1,1,20,18,15,39
Dwyane Wade,4,4,2015-11-03,33,MIA,H,ATL,-6,1,27:09,8,15,0.533,1,3,0.333,4,6,0.667,1,0,1,3,0,1,4,1,21,12,-6,27.3
Dwyane Wade,5,5,2015-11-05,33,MIA,A,MIN,12,1,31:11,11,19,0.579,1,2,0.5,2,5,0.4,1,4,5,2,3,0,2,1,25,18.8,23,39.8
Dwyane Wade,6,6,2015-11-06,33,MIA,A,IND,-3,1,29:42,4,15,0.267,0,4,0,1,2,0.5,1,0,1,6,1,1,0,2,9,5.5,-24,23.3
Dwyane Wade,7,7,2015-11-08,33,MIA,H,TOR,20,1,24:56,4,13,0.308,1,1,1,3,4,0.75,1,2,3,2,0,1,1,1,12,6.1,3,20.8
Dwyane Wade,8,8,2015-11-10,33,MIA,H,LAL,13,1,24:44,5,14,0.357,0,1,0,2,3,0.667,0,2,2,6,0,1,1,2,12,7.5,23,25
Dwyane Wade,10,9,2015-11-17,33,MIA,H,MIN,-12,1,31:54,5,13,0.385,0,1,0,0,0,NA,1,1,2,6,1,0,5,1,10,3.7,-2,21
Dwyane Wade,11,10,2015-11-19,33,MIA,H,SAC,7,1,31:17,10,23,0.435,0,2,0,4,6,0.667,1,4,5,6,2,0,0,1,24,18.8,0,43.3
Dwyane Wade,12,11,2015-11-21,33,MIA,H,PHI,5,1,36:01,8,17,0.471,0,1,0,11,13,0.846,2,5,7,4,3,1,1,3,27,24.7,20,49.3
Dwyane Wade,13,12,2015-11-23,33,MIA,H,NYK,17,1,29:48,6,16,0.375,0,1,0,4,4,1,2,2,4,5,0,0,2,3,16,9.5,3,27.5
Dwyane Wade,14,13,2015-11-25,33,MIA,A,DET,-23,1,23:26,1,9,0.111,0,0,NA,0,1,0,0,2,2,2,1,2,2,0,2,-1.9,-26,12.5
Dwyane Wade,15,14,2015-11-27,33,MIA,A,NYK,19,1,28:56,7,17,0.412,0,0,NA,3,3,1,2,3,5,3,0,0,3,0,17,9.3,12,26.3
Dwyane Wade,16,15,2015-11-30,33,MIA,H,BOS,-10,1,31:32,12,24,0.5,0,1,0,6,6,1,3,1,4,4,5,0,6,3,30,21,-7,48
Dwyane Wade,17,16,2015-12-03,33,MIA,H,OKC,2,1,33:08,11,21,0.524,0,0,NA,6,9,0.667,0,4,4,4,1,0,2,1,28,19.1,-3,40
Dwyane Wade,18,17,2015-12-05,33,MIA,H,CLE,15,1,28:53,8,14,0.571,0,0,NA,3,5,0.6,1,4,5,4,1,0,1,2,19,15.5,6,32.8
Dwyane Wade,19,18,2015-12-07,33,MIA,H,WAS,-11,1,31:36,12,15,0.8,0,0,NA,2,2,1,0,7,7,9,1,0,5,3,26,23.5,-1,47.8
Dwyane Wade,20,19,2015-12-09,33,MIA,A,CHO,-18,1,24:46,5,11,0.455,0,0,NA,1,2,0.5,1,1,2,4,0,1,1,0,11,8.4,-17,21
Dwyane Wade,21,20,2015-12-11,33,MIA,A,IND,-13,1,34:06,10,23,0.435,0,0,NA,0,0,NA,0,5,5,5,0,0,2,0,20,10.9,-12,32.8
Dwyane Wade,22,21,2015-12-13,33,MIA,H,MEM,3,1,30:13,7,16,0.438,0,0,NA,0,0,NA,1,3,4,2,0,0,2,3,14,5.4,-7,21
Dwyane Wade,23,22,2015-12-14,33,MIA,A,ATL,12,1,29:03,3,16,0.188,0,1,0,1,1,1,2,4,6,6,0,0,1,0,7,2.8,6,23
Dwyane Wade,24,23,2015-12-16,33,MIA,A,BRK,6,1,30:09,13,17,0.765,1,1,1,1,2,0.5,1,4,5,2,0,3,3,0,28,23.3,-1,42.3
Dwyane Wade,25,24,2015-12-18,33,MIA,H,TOR,-14,1,31:28,8,16,0.5,0,2,0,5,5,1,2,4,6,5,0,0,8,0,21,11.1,-6,32
Dwyane Wade,26,25,2015-12-20,33,MIA,H,POR,7,1,27:22,6,11,0.545,0,0,NA,6,9,0.667,1,1,2,7,2,0,2,3,18,16.2,0,34
Dwyane Wade,27,26,2015-12-22,33,MIA,H,DET,-1,1,28:53,8,21,0.381,0,0,NA,3,4,0.75,2,3,5,1,1,0,0,0,19,11.1,-3,28.8
Dwyane Wade,28,27,2015-12-25,33,MIA,H,NOP,6,1,36:48,7,20,0.35,0,2,0,5,9,0.556,1,5,6,4,1,0,3,2,19,8.4,-3,33
Dwyane Wade,29,28,2015-12-26,33,MIA,A,ORL,7,1,29:53,7,12,0.583,0,0,NA,10,10,1,1,1,2,6,2,1,1,1,24,24.9,7,41
Dwyane Wade,30,29,2015-12-28,33,MIA,H,BRK,-6,1,30:19,7,11,0.636,0,1,0,10,12,0.833,0,2,2,6,1,0,3,4,24,19.5,0,36
Dwyane Wade,31,30,2015-12-29,33,MIA,A,MEM,-9,1,37:25,9,18,0.5,0,0,NA,1,5,0.2,3,2,5,5,3,0,2,1,19,15.2,-8,37.8
Dwyane Wade,32,31,2016-01-01,33,MIA,H,DAL,24,0,18:47,5,6,0.833,0,0,NA,0,0,NA,0,2,2,7,1,0,2,1,10,11.9,5,24
Dwyane Wade,33,32,2016-01-03,33,MIA,A,WAS,22,1,24:35,3,10,0.3,0,0,NA,2,2,1,1,3,4,3,1,0,1,0,8,5.9,20,19
Dwyane Wade,34,33,2016-01-04,33,MIA,H,IND,3,1,37:49,9,22,0.409,0,0,NA,9,10,0.9,3,5,8,3,0,1,0,3,27,20,0,43.5
Dwyane Wade,35,34,2016-01-06,33,MIA,H,NYK,-8,1,30:30,8,16,0.5,0,0,NA,2,2,1,3,3,6,6,0,0,4,2,18,12.4,-5,32.5
Dwyane Wade,36,35,2016-01-08,33,MIA,A,PHO,8,1,33:09,9,14,0.643,0,0,NA,9,10,0.9,1,1,2,2,1,2,5,1,27,19.8,5,36
Dwyane Wade,37,36,2016-01-09,33,MIA,A,UTA,-15,1,32:36,3,17,0.176,0,0,NA,2,5,0.4,3,2,5,4,1,0,4,0,8,-1.4,-14,20.3
Dwyane Wade,38,37,2016-01-11,33,MIA,A,GSW,-8,1,32:39,6,20,0.3,0,0,NA,8,8,1,4,3,7,11,0,1,0,2,20,19.7,2,48.8
Dwyane Wade,39,38,2016-01-13,33,MIA,A,LAC,-14,1,30:22,6,10,0.6,0,0,NA,4,9,0.444,2,6,8,4,0,0,7,1,16,8,-9,28.5
Dwyane Wade,41,39,2016-01-17,34,MIA,A,OKC,-25,1,28:51,9,15,0.6,0,1,0,4,4,1,0,2,2,3,0,0,4,1,22,13.4,-22,27
Dwyane Wade,42,40,2016-01-19,34,MIA,H,MIL,-12,1,21:10,1,6,0.167,0,1,0,0,0,NA,1,1,2,4,0,0,5,1,2,-3.4,-21,8
Dwyane Wade,44,41,2016-01-22,34,MIA,A,TOR,-20,1,36:37,10,20,0.5,0,0,NA,2,6,0.333,1,2,3,4,1,0,4,1,22,11.1,-17,31.8
Dwyane Wade,45,42,2016-01-25,34,MIA,A,CHI,5,1,34:01,11,21,0.524,0,0,NA,6,8,0.75,1,6,7,5,0,1,1,2,28,21.8,14,45.8
Dwyane Wade,46,43,2016-01-26,34,MIA,A,BRK,4,1,32:26,11,22,0.5,0,0,NA,5,5,1,1,3,4,8,3,2,3,1,27,24.2,6,52.5
Dwyane Wade,47,44,2016-01-29,34,MIA,A,MIL,4,1,32:14,7,13,0.538,0,0,NA,10,13,0.769,1,3,4,7,3,3,4,2,24,23.3,1,49.5
Dwyane Wade,48,45,2016-01-31,34,MIA,H,ATL,18,1,28:53,5,12,0.417,0,0,NA,7,8,0.875,0,4,4,8,2,1,3,1,17,16.3,12,38.5
Dwyane Wade,49,46,2016-02-02,34,MIA,A,HOU,-13,1,29:23,6,18,0.333,0,0,NA,4,6,0.667,3,1,4,4,1,1,3,0,16,8.9,-11,29.5
Dwyane Wade,50,47,2016-02-03,34,MIA,A,DAL,3,1,28:15,6,19,0.316,0,1,0,6,8,0.75,4,4,8,4,1,0,1,0,18,13.1,-4,35.5
Dwyane Wade,51,48,2016-02-05,34,MIA,A,CHO,3,1,29:40,11,20,0.55,0,0,NA,0,0,NA,1,2,3,5,2,0,3,2,22,15.4,-7,35.8
Dwyane Wade,52,49,2016-02-07,34,MIA,H,LAC,-7,1,32:12,7,20,0.35,0,0,NA,3,5,0.6,1,2,3,3,1,0,4,3,17,4.2,-2,25.3
Dwyane Wade,53,50,2016-02-09,34,MIA,H,SAS,-18,1,30:50,9,12,0.75,0,0,NA,2,3,0.667,0,0,0,5,1,0,2,2,20,16.5,-15,28.5
Dwyane Wade,56,51,2016-02-22,34,MIA,H,IND,8,1,39:11,4,21,0.19,0,2,0,8,10,0.8,1,4,5,3,1,1,5,4,16,1.2,8,28.3
Dwyane Wade,57,52,2016-02-24,34,MIA,H,GSW,-6,1,32:38,11,20,0.55,0,0,NA,10,11,0.909,1,2,3,7,1,1,4,4,32,24.3,-13,48.3
Dwyane Wade,58,53,2016-02-27,34,MIA,A,BOS,-12,1,33:28,7,19,0.368,0,1,0,5,7,0.714,1,4,5,3,1,0,4,0,19,8.7,-13,29.8
Dwyane Wade,59,54,2016-02-28,34,MIA,A,NYK,17,1,32:17,9,20,0.45,0,0,NA,8,10,0.8,1,6,7,6,2,0,2,2,26,20.7,8,46.8
Dwyane Wade,60,55,2016-03-01,34,MIA,H,CHI,18,1,34:13,7,13,0.538,0,0,NA,4,6,0.667,0,2,2,7,1,1,5,5,18,11.1,13,32.5
Dwyane Wade,61,56,2016-03-03,34,MIA,H,PHO,16,1,33:00,9,17,0.529,0,0,NA,9,10,0.9,1,3,4,7,0,0,2,1,27,22.4,13,41.5
Dwyane Wade,62,57,2016-03-04,34,MIA,A,PHI,10,1,26:29,7,16,0.438,0,0,NA,7,9,0.778,2,6,8,4,3,1,4,2,21,16.7,4,43
Dwyane Wade,63,58,2016-03-06,34,MIA,H,PHI,5,1,31:09,5,15,0.333,0,0,NA,13,14,0.929,0,3,3,3,2,0,1,2,23,17.3,22,34.8
Dwyane Wade,64,59,2016-03-09,34,MIA,A,MIL,-6,1,33:55,6,14,0.429,0,1,0,6,6,1,0,3,3,6,2,0,6,5,18,9.7,-7,31.8
Dwyane Wade,65,60,2016-03-11,34,MIA,A,CHI,22,1,30:59,3,15,0.2,0,0,NA,3,4,0.75,2,5,7,5,0,2,2,0,9,5.1,2,28.3
Dwyane Wade,67,61,2016-03-14,34,MIA,H,DEN,5,1,30:36,7,15,0.467,0,0,NA,5,7,0.714,0,2,2,5,2,1,5,1,19,11.9,-6,32.5
Dwyane Wade,68,62,2016-03-17,34,MIA,H,CHO,-3,1,30:57,3,13,0.231,0,1,0,5,6,0.833,0,3,3,3,0,2,3,1,11,3.7,-16,21.8
Dwyane Wade,69,63,2016-03-19,34,MIA,H,CLE,21,1,28:24,10,17,0.588,0,0,NA,4,4,1,2,2,4,4,1,0,2,1,24,19.5,28,36
Dwyane Wade,70,64,2016-03-22,34,MIA,A,NOP,14,1,31:12,10,21,0.476,0,0,NA,5,6,0.833,2,5,7,3,1,0,1,3,25,17.7,11,39.8
Dwyane Wade,71,65,2016-03-23,34,MIA,A,SAS,-24,1,24:38,8,13,0.615,0,0,NA,0,1,0,1,4,5,3,0,1,3,0,16,11.4,-23,27.3
Dwyane Wade,72,66,2016-03-25,34,MIA,H,ORL,11,1,25:21,2,9,0.222,0,1,0,7,8,0.875,0,3,3,4,1,1,0,1,11,10.1,6,24.8
Dwyane Wade,73,67,2016-03-28,34,MIA,H,BRK,11,1,31:32,14,19,0.737,0,1,0,2,2,1,0,2,2,9,2,2,4,3,30,27.4,9,52
Dwyane Wade,74,68,2016-03-30,34,MIA,A,LAL,-2,1,38:35,12,21,0.571,0,0,NA,2,2,1,2,8,10,5,0,2,4,2,26,20,13,49.5
Dwyane Wade,77,69,2016-04-05,34,MIA,H,DET,18,1,24:33,5,10,0.5,0,0,NA,6,7,0.857,0,1,1,2,2,0,2,1,16,11.9,10,23.3
Dwyane Wade,78,70,2016-04-07,34,MIA,H,CHI,8,1,32:56,9,18,0.5,0,0,NA,3,3,1,2,3,5,4,1,0,4,1,21,13.7,15,33.3
Dwyane Wade,79,71,2016-04-08,34,MIA,A,ORL,-3,1,31:27,7,19,0.368,0,3,0,3,4,0.75,1,0,1,5,1,0,3,1,17,7.9,-7,26.3
Dwyane Wade,80,72,2016-04-10,34,MIA,H,ORL,22,1,23:56,7,9,0.778,0,0,NA,3,3,1,0,3,3,3,3,0,1,1,17,18.1,8,30.8
Dwyane Wade,81,73,2016-04-12,34,MIA,A,DET,6,1,33:39,6,16,0.375,0,1,0,2,3,0.667,0,4,4,3,0,0,1,2,14,6.3,-4,23
Dwyane Wade,82,74,2016-04-13,34,MIA,A,BOS,-10,1,31:03,7,16,0.438,0,1,0,3,3,1,0,3,3,5,0,1,3,2,17,9.9,-21,28.8
Chris Bosh,1,1,2015-10-28,31,MIA,H,CHO,10,1,32:19,5,13,0.385,2,5,0.4,9,10,0.9,0,10,10,1,1,1,1,1,21,17.5,10,41
Chris Bosh,2,2,2015-10-30,31,MIA,A,CLE,-10,1,33:10,7,15,0.467,2,4,0.5,0,0,NA,0,5,5,3,1,0,0,0,16,12.9,3,29.8
Chris Bosh,3,3,2015-11-01,31,MIA,H,HOU,20,1,24:45,4,11,0.364,2,4,0.5,0,0,NA,1,7,8,0,0,2,0,1,10,7.7,1,25
Chris Bosh,4,4,2015-11-03,31,MIA,H,ATL,-6,1,39:14,4,14,0.286,1,6,0.167,0,0,NA,2,12,14,2,3,2,0,4,9,10,-5,40
Chris Bosh,5,5,2015-11-05,31,MIA,A,MIN,12,1,28:05,5,11,0.455,1,2,0.5,5,6,0.833,0,12,12,2,1,0,1,1,16,14.5,3,37.5
Chris Bosh,6,6,2015-11-06,31,MIA,A,IND,-3,1,35:10,7,16,0.438,1,5,0.2,6,7,0.857,2,9,11,2,1,1,0,0,21,19.4,6,43.8
Chris Bosh,7,7,2015-11-08,31,MIA,H,TOR,20,1,30:14,8,14,0.571,4,7,0.571,3,5,0.6,1,7,8,1,1,0,0,3,23,18.9,15,38.5
Chris Bosh,8,8,2015-11-10,31,MIA,H,LAL,13,1,32:41,9,16,0.563,2,5,0.4,10,12,0.833,3,8,11,0,0,0,3,2,30,22.3,9,44.8
Chris Bosh,9,9,2015-11-12,31,MIA,H,UTA,1,1,36:18,9,18,0.5,1,3,0.333,6,9,0.667,2,6,8,4,0,4,3,1,25,20.2,12,48
Chris Bosh,10,10,2015-11-17,31,MIA,H,MIN,-12,1,31:31,5,12,0.417,0,5,0,0,0,NA,2,5,7,0,0,1,1,2,10,5.4,-36,20.3
Chris Bosh,11,11,2015-11-19,31,MIA,H,SAC,7,1,34:36,8,12,0.667,2,2,1,5,5,1,0,11,11,4,0,1,1,0,23,23.6,3,46.8
Chris Bosh,12,12,2015-11-21,31,MIA,H,PHI,5,1,35:19,3,11,0.273,2,5,0.4,5,8,0.625,2,9,11,1,1,3,2,3,13,10,11,37.8
Chris Bosh,13,13,2015-11-23,31,MIA,H,NYK,17,1,29:03,2,12,0.167,1,5,0.2,11,12,0.917,1,5,6,1,2,0,1,2,16,11.1,4,29
Chris Bosh,14,14,2015-11-25,31,MIA,A,DET,-23,1,30:18,3,9,0.333,1,1,1,2,2,1,0,8,8,4,0,0,1,1,9,7.7,-21,25
Chris Bosh,15,15,2015-11-27,31,MIA,A,NYK,19,1,31:13,7,15,0.467,1,4,0.25,5,6,0.833,0,5,5,3,0,1,1,1,20,14.8,8,32.8
Chris Bosh,16,16,2015-11-30,31,MIA,H,BOS,-10,1,39:20,8,17,0.471,2,5,0.4,3,3,1,0,10,10,5,1,1,2,2,21,17.7,4,46.5
Chris Bosh,17,17,2015-12-03,31,MIA,H,OKC,2,1,34:55,7,17,0.412,1,5,0.2,1,2,0.5,1,7,8,2,2,0,0,1,16,12.3,20,33.5
Chris Bosh,18,18,2015-12-05,31,MIA,H,CLE,15,1,35:45,5,6,0.833,1,1,1,3,5,0.6,0,6,6,3,0,2,3,1,14,12.9,13,29
Chris Bosh,19,19,2015-12-07,31,MIA,H,WAS,-11,1,36:21,5,11,0.455,1,3,0.333,7,8,0.875,2,7,9,4,1,2,2,1,18,18.2,7,40.8
Chris Bosh,20,20,2015-12-09,31,MIA,A,CHO,-18,1,21:31,3,8,0.375,0,0,NA,1,1,1,0,2,2,2,0,0,0,1,7,4.2,-22,12.5
Chris Bosh,21,21,2015-12-11,31,MIA,A,IND,-13,1,36:03,8,19,0.421,1,5,0.2,6,8,0.75,2,8,10,0,1,3,4,2,23,14.2,-3,43.5
Chris Bosh,22,22,2015-12-13,31,MIA,H,MEM,3,1,34:40,7,10,0.7,2,3,0.667,6,6,1,0,4,4,2,1,0,1,0,22,20.4,18,32.5
Chris Bosh,23,23,2015-12-14,31,MIA,A,ATL,12,1,36:11,8,14,0.571,4,6,0.667,4,4,1,2,8,10,3,0,0,2,1,24,20.9,8,43.5
Chris Bosh,24,24,2015-12-16,31,MIA,A,BRK,6,1,30:16,1,7,0.143,0,3,0,5,6,0.833,0,7,7,2,0,0,1,0,7,4.6,11,18.3
Chris Bosh,25,25,2015-12-18,31,MIA,H,TOR,-14,1,28:55,4,8,0.5,1,2,0.5,2,2,1,0,4,4,3,1,0,1,4,11,8.7,-19,22.5
Chris Bosh,26,26,2015-12-20,31,MIA,H,POR,7,1,30:52,11,19,0.579,3,7,0.429,4,5,0.8,0,6,6,4,2,0,5,2,29,20.5,8,45.5
Chris Bosh,27,27,2015-12-22,31,MIA,H,DET,-1,1,33:35,9,21,0.429,2,7,0.286,0,0,NA,0,3,3,2,0,0,1,3,20,9,8,27.3
Chris Bosh,28,28,2015-12-25,31,MIA,H,NOP,6,1,42:24,11,25,0.44,2,8,0.25,6,7,0.857,2,8,10,4,1,0,1,2,30,22.3,13,52.5
Chris Bosh,29,29,2015-12-26,31,MIA,A,ORL,7,1,34:46,10,16,0.625,2,3,0.667,2,2,1,0,10,10,3,2,0,1,2,24,22.1,7,47
Chris Bosh,30,30,2015-12-28,31,MIA,H,BRK,-6,1,34:05,7,8,0.875,5,5,1,5,8,0.625,4,8,12,3,1,0,2,2,24,25.5,1,48.5
Chris Bosh,31,31,2015-12-29,31,MIA,A,MEM,-9,1,40:49,9,21,0.429,4,7,0.571,0,1,0,0,5,5,1,0,0,1,3,22,10.5,-2,31.3
Chris Bosh,32,32,2016-01-01,31,MIA,H,DAL,24,1,33:47,6,16,0.375,3,6,0.5,1,2,0.5,1,6,7,4,0,0,1,1,16,10.7,15,31.8
Chris Bosh,33,33,2016-01-03,31,MIA,A,WAS,22,1,28:12,8,15,0.533,2,5,0.4,5,5,1,1,6,7,2,1,1,1,0,23,20.3,19,39.3
Chris Bosh,34,34,2016-01-04,31,MIA,H,IND,3,1,41:56,8,20,0.4,2,6,0.333,13,16,0.813,2,9,11,1,1,1,0,5,31,23.5,2,52.8
Chris Bosh,35,35,2016-01-06,31,MIA,H,NYK,-8,1,34:07,12,22,0.545,1,4,0.25,3,4,0.75,0,5,5,2,0,1,1,1,28,19.2,0,39.3
Chris Bosh,36,36,2016-01-08,31,MIA,A,PHO,8,1,35:31,5,11,0.455,2,4,0.5,2,3,0.667,0,3,3,3,2,0,0,2,14,12.1,10,27.3
Chris Bosh,37,37,2016-01-09,31,MIA,A,UTA,-15,1,35:08,11,16,0.688,2,6,0.333,0,1,0,2,5,7,2,1,0,1,2,24,20.3,-15,38.3
Chris Bosh,38,38,2016-01-11,31,MIA,A,GSW,-8,1,36:18,6,15,0.4,0,5,0,3,4,0.75,2,10,12,4,0,2,4,1,15,10.7,0,39.5
Chris Bosh,39,39,2016-01-13,31,MIA,A,LAC,-14,1,32:52,3,11,0.273,0,4,0,5,7,0.714,0,12,12,7,0,0,1,1,11,10.8,-24,37.5
Chris Bosh,40,40,2016-01-15,31,MIA,A,DEN,3,1,31:39,9,13,0.692,1,2,0.5,5,6,0.833,0,3,3,3,0,1,3,4,24,17.2,-4,33.3
Chris Bosh,41,41,2016-01-17,31,MIA,A,OKC,-25,1,32:30,5,16,0.313,0,2,0,2,3,0.667,0,4,4,2,2,2,1,2,12,6.6,-16,27.5
Chris Bosh,42,42,2016-01-19,31,MIA,H,MIL,-12,1,34:15,7,15,0.467,2,2,1,7,7,1,2,3,5,2,1,0,3,3,23,15.8,-8,33.8
Chris Bosh,43,43,2016-01-20,31,MIA,A,WAS,-19,1,28:16,6,10,0.6,1,4,0.25,5,6,0.833,1,3,4,2,1,0,2,5,18,13,-7,27.5
Chris Bosh,44,44,2016-01-22,31,MIA,A,TOR,-20,1,38:41,9,19,0.474,1,5,0.2,7,9,0.778,2,5,7,1,0,0,1,0,26,18.1,-20,36.3
Chris Bosh,45,45,2016-01-25,31,MIA,A,CHI,5,1,35:51,8,16,0.5,1,4,0.25,1,4,0.25,1,6,7,3,1,0,0,3,18,13.2,-5,33.8
Chris Bosh,46,46,2016-01-26,31,MIA,A,BRK,4,1,32:07,12,18,0.667,1,4,0.25,2,3,0.667,0,5,5,4,0,0,4,3,27,17.9,4,37.8
Chris Bosh,47,47,2016-01-29,31,MIA,A,MIL,4,1,34:32,5,11,0.455,2,5,0.4,8,9,0.889,1,5,6,5,1,1,2,2,20,18.5,2,39
Chris Bosh,48,48,2016-01-31,31,MIA,H,ATL,18,1,33:24,6,14,0.429,2,4,0.5,4,4,1,0,7,7,2,0,0,1,4,18,11.5,16,30.3
Chris Bosh,49,49,2016-02-02,31,MIA,A,HOU,-13,1,30:27,3,11,0.273,1,2,0.5,6,8,0.75,1,6,7,1,0,1,0,2,13,8.8,-9,25.8
Chris Bosh,50,50,2016-02-03,31,MIA,A,DAL,3,1,31:58,10,23,0.435,0,6,0,0,1,0,1,3,4,1,0,0,1,3,20,7.6,-10,26
Chris Bosh,51,51,2016-02-05,31,MIA,A,CHO,3,1,35:13,9,20,0.45,0,2,0,2,3,0.667,1,5,6,2,0,0,0,1,20,12.4,11,30.5
Chris Bosh,52,52,2016-02-07,31,MIA,H,LAC,-7,1,31:59,5,17,0.294,3,5,0.6,4,7,0.571,1,4,5,2,0,0,2,4,17,5.6,-10,26.8
Chris Bosh,53,53,2016-02-09,31,MIA,H,SAS,-18,1,34:48,6,12,0.5,0,2,0,6,6,1,0,5,5,2,1,0,7,3,18,7.7,-15,25.8
Chris Andersen,4,1,2015-11-03,37,MIA,H,ATL,-6,0,10:09,1,1,1,0,0,NA,1,2,0.5,1,3,4,0,0,0,2,1,3,1.5,8,7
Chris Andersen,5,2,2015-11-05,37,MIA,A,MIN,12,0,2:29,0,0,NA,0,0,NA,0,0,NA,0,0,0,0,0,0,0,0,0,0,-5,0
Chris Andersen,14,3,2015-11-25,37,MIA,A,DET,-23,0,4:12,1,1,1,1,1,1,0,0,NA,0,1,1,1,0,0,0,0,3,3.7,5,6.3
Chris Andersen,32,4,2016-01-01,37,MIA,H,DAL,24,0,2:58,0,2,0,0,1,0,0,0,NA,1,0,1,0,0,0,0,0,0,-0.7,1,1.3
Chris Andersen,33,5,2016-01-03,37,MIA,A,WAS,22,0,3:43,0,2,0,0,2,0,2,2,1,0,0,0,0,0,1,0,0,2,1.3,-5,4
Chris Andersen,34,6,2016-01-04,37,MIA,H,IND,3,1,9:55,1,3,0.333,0,0,NA,0,0,NA,1,1,2,1,1,1,0,3,2,2.5,-24,10
Chris Andersen,39,7,2016-01-13,37,MIA,A,LAC,-14,0,2:39,1,1,1,1,1,1,0,0,NA,0,1,1,1,0,1,0,0,3,4.4,3,8.3
Gerald Green,1,1,2015-10-28,29,MIA,H,CHO,10,0,30:25,7,15,0.467,5,8,0.625,0,0,NA,0,1,1,1,0,0,2,4,19,8.7,0,23.3
Gerald Green,2,2,2015-10-30,29,MIA,A,CLE,-10,0,16:07,1,9,0.111,1,4,0.25,2,2,1,0,1,1,0,0,0,1,1,5,-2,-18,6.3
Gerald Green,3,3,2015-11-01,29,MIA,H,HOU,20,0,18:21,2,7,0.286,1,5,0.2,2,2,1,0,0,0,0,0,0,0,2,7,2.1,7,7.5
Gerald Green,10,4,2015-11-17,29,MIA,H,MIN,-12,0,11:48,1,5,0.2,0,2,0,0,0,NA,1,3,4,1,0,0,0,3,2,0,-15,8.5
Gerald Green,11,5,2015-11-19,29,MIA,H,SAC,7,0,16:11,2,6,0.333,1,4,0.25,0,0,NA,1,5,6,1,0,0,1,3,5,2.3,13,14
Gerald Green,12,6,2015-11-21,29,MIA,H,PHI,5,0,22:56,0,5,0,0,3,0,6,8,0.75,0,1,1,0,0,1,0,3,6,1.5,3,9.3
Gerald Green,13,7,2015-11-23,29,MIA,H,NYK,17,0,14:35,4,10,0.4,0,4,0,1,1,1,1,4,5,0,0,0,0,1,9,5.1,16,15.3
Gerald Green,14,8,2015-11-25,29,MIA,A,DET,-23,1,38:18,6,17,0.353,2,7,0.286,2,3,0.667,2,3,5,1,0,1,3,3,16,5.6,-15,25.3
Gerald Green,15,9,2015-11-27,29,MIA,A,NYK,19,1,26:31,8,14,0.571,4,8,0.5,5,5,1,0,2,2,0,1,0,2,3,25,16.8,17,30.5
Gerald Green,16,10,2015-11-30,29,MIA,H,BOS,-10,1,35:49,3,8,0.375,1,6,0.167,2,2,1,0,3,3,1,0,1,0,2,9,6.1,11,16.8
Gerald Green,17,11,2015-12-03,29,MIA,H,OKC,2,1,28:06,2,9,0.222,0,2,0,1,2,0.5,0,2,2,2,0,0,2,1,5,-1.3,-4,9.5
Gerald Green,18,12,2015-12-05,29,MIA,H,CLE,15,1,26:17,5,12,0.417,1,4,0.25,1,2,0.5,0,3,3,1,1,1,1,6,12,5.1,20,21.3
Gerald Green,19,13,2015-12-07,29,MIA,H,WAS,-11,1,36:16,4,8,0.5,1,3,0.333,0,0,NA,0,1,1,1,0,1,0,4,9,5.1,-11,14.3
Gerald Green,20,14,2015-12-09,29,MIA,A,CHO,-18,1,24:20,4,10,0.4,1,3,0.333,2,2,1,1,2,3,0,0,2,1,1,11,6.9,-21,18.8
Gerald Green,21,15,2015-12-11,29,MIA,A,IND,-13,0,27:52,5,10,0.5,3,5,0.6,0,0,NA,0,3,3,0,2,1,0,3,13,10.4,-3,24.3
Gerald Green,22,16,2015-12-13,29,MIA,H,MEM,3,0,33:16,5,9,0.556,2,5,0.4,4,5,0.8,0,1,1,0,1,0,0,0,16,12.6,12,20.3
Gerald Green,23,17,2015-12-14,29,MIA,A,ATL,12,0,31:26,9,14,0.643,1,2,0.5,1,1,1,2,1,3,2,1,0,2,2,20,15.1,5,28.3
Gerald Green,24,18,2015-12-16,29,MIA,A,BRK,6,0,20:44,5,11,0.455,2,5,0.4,1,2,0.5,0,0,0,2,0,0,1,1,13,6.9,8,16.5
Gerald Green,25,19,2015-12-18,29,MIA,H,TOR,-14,0,31:09,7,15,0.467,5,10,0.5,1,1,1,0,0,0,1,1,0,1,2,20,12.2,-8,25.5
Gerald Green,26,20,2015-12-20,29,MIA,H,POR,7,0,32:14,6,9,0.667,4,6,0.667,1,3,0.333,0,1,1,1,0,0,0,1,17,12.9,7,21.8
Gerald Green,27,21,2015-12-22,29,MIA,H,DET,-1,0,29:12,3,6,0.5,2,3,0.667,0,0,NA,1,3,4,1,0,3,0,0,8,9.4,-7,21.5
Gerald Green,28,22,2015-12-25,29,MIA,H,NOP,6,0,26:18,3,10,0.3,0,6,0,0,0,NA,0,6,6,0,4,0,4,3,6,0.8,13,19.5
Gerald Green,29,23,2015-12-26,29,MIA,A,ORL,7,0,29:56,5,10,0.5,3,5,0.6,2,2,1,0,1,1,0,0,0,0,0,15,10.3,7,17.8
Gerald Green,30,24,2015-12-28,29,MIA,H,BRK,-6,0,33:13,2,11,0.182,1,7,0.143,2,2,1,0,3,3,2,1,0,1,1,7,2,-4,15.8
Gerald Green,31,25,2015-12-29,29,MIA,A,MEM,-9,0,20:07,1,7,0.143,1,6,0.167,0,0,NA,0,4,4,0,1,0,1,2,3,-1.1,-7,10
Gerald Green,32,26,2016-01-01,29,MIA,H,DAL,24,0,33:07,8,13,0.615,2,4,0.5,1,1,1,0,3,3,2,0,0,0,3,19,14.2,17,26.8
Gerald Green,33,27,2016-01-03,29,MIA,A,WAS,22,0,28:20,6,12,0.5,2,4,0.5,1,1,1,2,2,4,2,1,0,1,2,15,11.6,19,25.5
Gerald Green,34,28,2016-01-04,29,MIA,H,IND,3,0,15:45,2,6,0.333,1,4,0.25,0,0,NA,0,2,2,1,1,1,0,0,5,4.6,13,13.5
Gerald Green,35,29,2016-01-06,29,MIA,H,NYK,-8,0,26:16,2,8,0.25,1,5,0.2,2,2,1,1,2,3,0,1,1,0,4,7,3.6,7,15.3
Gerald Green,36,30,2016-01-08,29,MIA,A,PHO,8,0,34:00,7,11,0.636,2,5,0.4,5,7,0.714,0,4,4,3,1,0,0,1,21,19.2,21,33.5
Gerald Green,37,31,2016-01-09,29,MIA,A,UTA,-15,0,34:11,6,13,0.462,1,6,0.167,0,0,NA,2,4,6,1,2,1,2,5,13,8.3,-13,27.5
Gerald Green,38,32,2016-01-11,29,MIA,A,GSW,-8,0,33:34,6,13,0.462,2,3,0.667,1,1,1,0,2,2,2,1,0,0,5,15,9.3,-10,23.5
Gerald Green,39,33,2016-01-13,29,MIA,A,LAC,-14,0,32:42,7,14,0.5,4,8,0.5,1,2,0.5,0,2,2,1,1,0,1,2,19,12.1,-5,26.5
Gerald Green,40,34,2016-01-15,29,MIA,A,DEN,3,1,23:30,1,5,0.2,0,2,0,0,1,0,0,3,3,2,0,0,1,3,2,-1.4,2,8.3
Gerald Green,41,35,2016-01-17,29,MIA,A,OKC,-25,0,11:45,1,7,0.143,1,3,0.333,0,0,NA,1,0,1,0,0,0,1,1,3,-2.2,-1,4.3
Gerald Green,42,36,2016-01-19,29,MIA,H,MIL,-12,0,18:51,2,10,0.2,2,5,0.4,0,0,NA,0,0,0,1,0,0,1,0,6,-0.5,1,8
Gerald Green,43,37,2016-01-20,29,MIA,A,WAS,-19,1,26:39,2,10,0.2,0,2,0,0,0,NA,0,1,1,2,0,0,1,1,4,-1.9,-13,7.8
Gerald Green,44,38,2016-01-22,29,MIA,A,TOR,-20,0,22:06,0,7,0,0,3,0,0,0,NA,1,2,3,0,0,0,2,3,0,-6.8,-5,2.8
Gerald Green,45,39,2016-01-25,29,MIA,A,CHI,5,0,24:56,4,12,0.333,0,4,0,1,1,1,0,3,3,2,0,0,1,1,9,3.1,3,15.3
Gerald Green,46,40,2016-01-26,30,MIA,A,BRK,4,0,15:34,3,6,0.5,0,1,0,0,0,NA,0,0,0,2,0,0,1,2,6,2.6,-2,8.5
Gerald Green,47,41,2016-01-29,30,MIA,A,MIL,4,0,20:14,4,10,0.4,1,4,0.25,1,2,0.5,1,1,2,1,3,1,0,1,10,9.2,1,22.5
Gerald Green,48,42,2016-01-31,30,MIA,H,ATL,18,0,21:29,3,6,0.5,1,3,0.333,0,0,NA,0,4,4,1,1,0,2,2,7,4.1,-1,15
Gerald Green,49,43,2016-02-02,30,MIA,A,HOU,-13,0,25:02,4,6,0.667,1,3,0.333,4,4,1,0,4,4,3,0,1,1,1,13,13,-14,24.5
Gerald Green,50,44,2016-02-03,30,MIA,A,DAL,3,0,25:40,0,2,0,0,1,0,3,5,0.6,0,7,7,1,0,0,0,2,3,2.8,7,13.3
Gerald Green,51,45,2016-02-05,30,MIA,A,CHO,3,0,23:38,3,11,0.273,0,4,0,1,1,1,0,3,3,0,0,0,1,3,7,-0.8,18,10.3
Gerald Green,52,46,2016-02-07,30,MIA,H,LAC,-7,0,28:50,3,8,0.375,0,3,0,1,2,0.5,1,2,3,0,1,0,1,1,7,3.1,-7,12.3
Gerald Green,53,47,2016-02-09,30,MIA,H,SAS,-18,0,23:12,3,7,0.429,2,4,0.5,0,0,NA,0,5,5,0,0,0,0,0,8,5.8,-8,15.3
Gerald Green,54,48,2016-02-19,30,MIA,A,ATL,4,1,36:52,6,13,0.462,1,3,0.333,1,3,0.333,1,4,5,2,2,1,3,2,14,8.7,-4,28.3
Gerald Green,55,49,2016-02-20,30,MIA,H,WAS,20,1,28:53,2,8,0.25,1,3,0.333,0,0,NA,1,1,2,0,0,1,0,2,5,1.1,8,10
Gerald Green,56,50,2016-02-22,30,MIA,H,IND,8,1,18:24,0,5,0,0,2,0,0,0,NA,0,0,0,1,0,1,0,0,0,-2.1,-16,3.5
Gerald Green,57,51,2016-02-24,30,MIA,H,GSW,-6,0,24:45,0,0,NA,0,0,NA,0,0,NA,0,1,1,0,0,0,1,2,0,-1.5,7,0.8
Gerald Green,58,52,2016-02-27,30,MIA,A,BOS,-12,0,19:10,0,6,0,0,2,0,0,0,NA,0,1,1,1,1,0,1,1,0,-3.6,-4,4.3
Gerald Green,61,53,2016-03-03,30,MIA,H,PHO,16,0,10:05,2,7,0.286,0,1,0,0,0,NA,0,1,1,1,0,0,1,0,4,-0.1,2,6.3
Gerald Green,62,54,2016-03-04,30,MIA,A,PHI,10,0,19:35,5,14,0.357,2,6,0.333,0,0,NA,0,1,1,0,0,0,0,0,12,4.5,3,14.3
Gerald Green,63,55,2016-03-06,30,MIA,H,PHI,5,0,3:52,1,3,0.333,0,1,0,0,0,NA,0,0,0,0,0,0,0,0,2,0.3,-7,2
Gerald Green,65,56,2016-03-11,30,MIA,A,CHI,22,0,2:47,0,1,0,0,1,0,0,0,NA,0,0,0,0,0,0,0,1,0,-1.1,0,0
Gerald Green,66,57,2016-03-12,30,MIA,A,TOR,-8,0,21:47,1,9,0.111,1,4,0.25,4,4,1,2,5,7,2,0,0,0,0,7,5.4,0,19.3
Gerald Green,69,58,2016-03-19,30,MIA,H,CLE,21,0,10:48,3,8,0.375,2,4,0.5,0,0,NA,0,2,2,1,0,0,0,3,8,3.7,-7,13
Gerald Green,70,59,2016-03-22,30,MIA,A,NOP,14,0,5:22,0,1,0,0,1,0,0,0,NA,0,0,0,0,0,0,0,0,0,-0.7,-2,0
Gerald Green,71,60,2016-03-23,30,MIA,A,SAS,-24,0,15:07,5,9,0.556,1,2,0.5,2,2,1,0,3,3,0,1,0,0,1,13,10.2,5,19.3
Gerald Green,72,61,2016-03-25,30,MIA,H,ORL,11,0,1:58,1,2,0.5,1,1,1,0,0,NA,0,0,0,0,0,0,0,1,3,1.6,-4,3.5
Gerald Green,73,62,2016-03-28,30,MIA,H,BRK,11,0,7:39,1,3,0.333,0,1,0,0,0,NA,1,0,1,0,0,0,0,0,2,1,-1,3.3
Gerald Green,75,63,2016-04-01,30,MIA,A,SAC,6,1,32:53,11,19,0.579,5,9,0.556,3,3,1,1,2,3,1,3,0,0,3,30,24.9,5,43.8
Gerald Green,76,64,2016-04-02,30,MIA,A,POR,-17,1,26:02,3,9,0.333,1,4,0.25,0,0,NA,1,2,3,1,2,0,0,0,7,5.9,-6,16.8
Gerald Green,77,65,2016-04-05,30,MIA,H,DET,18,0,3:55,0,0,NA,0,0,NA,1,2,0.5,0,0,0,0,1,0,0,1,1,1.2,1,3
Gerald Green,79,66,2016-04-08,30,MIA,A,ORL,-3,0,15:23,4,9,0.444,2,4,0.5,1,1,1,0,1,1,1,0,0,0,4,11,5.7,6,14.8
Gerald Green,80,67,2016-04-10,30,MIA,H,ORL,22,0,16:30,7,12,0.583,1,3,0.333,0,0,NA,0,3,3,0,1,0,0,2,15,10.5,5,21.3
Gerald Green,81,68,2016-04-12,30,MIA,A,DET,6,0,19:28,1,4,0.25,1,4,0.25,2,2,1,0,1,1,0,1,0,0,2,5,3.1,-1,8.8
Gerald Green,82,69,2016-04-13,30,MIA,A,BOS,-10,0,5:08,0,1,0,0,0,NA,0,0,NA,0,0,0,0,0,0,0,3,0,-1.9,-1,0
