Michael Carter-Williams,1,1,2015-10-28,24,MIL,H,NYK,-25,1,33:53,6,17,0.353,0,1,0,8,9,0.889,2,3,5,4,1,0,6,4,20,8.6,-11,31.3
Michael Carter-Williams,2,2,2015-10-30,24,MIL,H,WAS,-5,1,35:32,6,12,0.5,1,5,0.2,0,0,NA,0,6,6,11,1,2,3,3,13,14.7,7,43.5
Michael Carter-Williams,3,3,2015-11-01,24,MIL,A,TOR,-19,1,32:39,3,10,0.3,2,5,0.4,4,4,1,1,4,5,7,2,0,4,2,12,10.2,-15,31.8
Michael Carter-Williams,4,4,2015-11-02,24,MIL,A,BRK,7,1,22:38,2,3,0.667,0,0,NA,2,4,0.5,0,2,2,5,3,2,2,5,6,8.4,8,25
Michael Carter-Williams,10,5,2015-11-14,24,MIL,H,CLE,3,1,40:02,6,12,0.5,0,0,NA,5,6,0.833,1,4,5,4,2,2,3,1,17,15.3,4,35.8
Michael Carter-Williams,11,6,2015-11-17,24,MIL,A,WAS,-29,1,21:59,5,10,0.5,2,4,0.5,0,2,0,0,1,1,0,0,0,4,2,12,1.7,-14,12.3
Michael Carter-Williams,12,7,2015-11-19,24,MIL,A,CLE,-15,1,26:44,4,11,0.364,0,0,NA,1,2,0.5,1,0,1,5,0,0,2,5,9,2.7,-5,16.8
Michael Carter-Williams,13,8,2015-11-21,24,MIL,A,IND,-37,1,25:39,3,5,0.6,0,0,NA,1,3,0.333,0,3,3,3,0,0,5,3,7,0.7,-20,12.8
Michael Carter-Williams,14,9,2015-11-23,24,MIL,H,DET,21,1,26:05,6,10,0.6,0,0,NA,0,0,NA,2,1,3,8,3,1,2,2,12,15.6,13,34.8
Michael Carter-Williams,15,10,2015-11-25,24,MIL,H,SAC,-11,1,27:37,0,7,0,0,0,NA,4,4,1,0,0,0,3,1,0,4,1,4,-2.2,-21,8.5
Michael Carter-Williams,16,11,2015-11-27,24,MIL,A,ORL,-24,1,24:04,1,3,0.333,0,0,NA,1,2,0.5,1,3,4,3,0,1,5,2,3,-0.5,-14,12
Michael Carter-Williams,17,12,2015-11-29,24,MIL,A,CHO,-5,0,15:36,1,3,0.333,0,1,0,1,2,0.5,0,4,4,2,0,0,2,2,3,0.7,-15,10
Michael Carter-Williams,18,13,2015-11-30,24,MIL,H,DEN,18,0,30:10,5,9,0.556,0,0,NA,2,2,1,1,5,6,9,3,3,2,4,12,17.7,27,44
Michael Carter-Williams,19,14,2015-12-02,24,MIL,A,SAS,-25,0,30:07,2,10,0.2,0,1,0,0,0,NA,1,4,5,4,2,0,1,1,4,3.1,-15,19.8
Michael Carter-Williams,20,15,2015-12-04,24,MIL,A,DET,-7,0,26:33,3,8,0.375,0,2,0,0,0,NA,0,7,7,5,0,0,3,4,6,2.6,-1,20.8
Michael Carter-Williams,21,16,2015-12-05,24,MIL,H,NYK,15,0,28:25,9,16,0.563,0,0,NA,2,3,0.667,1,2,3,5,0,1,2,2,20,14.7,4,32.3
Michael Carter-Williams,22,17,2015-12-07,24,MIL,H,POR,2,0,31:09,2,9,0.222,0,0,NA,4,6,0.667,3,2,5,7,0,0,6,3,8,2.1,-3,21.8
Michael Carter-Williams,23,18,2015-12-09,24,MIL,H,LAC,-14,0,32:07,9,16,0.563,0,0,NA,2,3,0.667,0,1,1,11,1,0,2,4,20,17.4,1,40.3
Michael Carter-Williams,24,19,2015-12-11,24,MIL,A,TOR,-7,0,27:29,1,7,0.143,0,1,0,0,0,NA,0,3,3,6,0,1,3,3,2,-0.9,-8,15.3
Michael Carter-Williams,25,20,2015-12-12,24,MIL,H,GSW,13,0,30:01,7,10,0.7,0,0,NA,3,3,1,1,2,3,7,5,0,1,4,17,21.4,22,40.8
Michael Carter-Williams,26,21,2015-12-15,24,MIL,A,LAL,-18,0,31:44,9,18,0.5,0,0,NA,1,2,0.5,2,3,5,5,2,1,1,3,19,15.9,-9,38.3
Michael Carter-Williams,27,22,2015-12-16,24,MIL,A,LAC,-13,1,39:14,8,18,0.444,0,0,NA,1,2,0.5,1,5,6,5,1,0,4,2,17,9.1,-14,32
Michael Carter-Williams,28,23,2015-12-18,24,MIL,A,GSW,-9,1,38:56,9,18,0.5,1,1,1,5,6,0.833,2,3,5,4,1,1,2,3,24,18.2,-8,39.8
Michael Carter-Williams,29,24,2015-12-20,24,MIL,A,PHO,6,1,35:38,9,16,0.563,0,1,0,2,4,0.5,1,8,9,6,1,1,3,3,20,16.4,10,42.8
Michael Carter-Williams,30,25,2015-12-23,24,MIL,H,PHI,13,1,32:39,9,13,0.692,0,0,NA,0,0,NA,0,5,5,9,4,0,7,1,18,16.9,19,42.3
Michael Carter-Williams,31,26,2015-12-26,24,MIL,H,TOR,-21,1,32:28,4,13,0.308,0,0,NA,0,0,NA,1,7,8,3,2,0,2,3,8,4.2,-20,25.5
Michael Carter-Williams,32,27,2015-12-28,24,MIL,A,DAL,-10,1,21:13,4,8,0.5,0,1,0,0,0,NA,0,5,5,0,0,0,2,1,8,3.1,-18,13.3
Michael Carter-Williams,33,28,2015-12-29,24,MIL,A,OKC,-8,1,31:41,8,14,0.571,1,1,1,2,6,0.333,4,5,9,9,2,0,2,4,19,19.8,9,47.3
Michael Carter-Williams,34,29,2015-12-31,24,MIL,A,IND,4,1,38:15,4,9,0.444,0,0,NA,3,6,0.5,1,6,7,8,3,3,4,3,11,13.1,13,41.8
Michael Carter-Williams,35,30,2016-01-02,24,MIL,A,MIN,10,1,34:50,1,7,0.143,0,0,NA,3,4,0.75,1,6,7,6,2,3,1,4,5,8.3,-5,32.3
Michael Carter-Williams,36,31,2016-01-04,24,MIL,H,SAS,-25,1,31:26,6,10,0.6,1,1,1,3,6,0.5,0,4,4,6,1,1,0,3,16,16.1,-7,34.5
Michael Carter-Williams,37,32,2016-01-05,24,MIL,A,CHI,-11,1,37:25,9,14,0.643,1,1,1,1,1,1,0,3,3,12,2,0,2,1,20,22.7,-14,46.8
Michael Carter-Williams,38,33,2016-01-08,24,MIL,H,DAL,1,1,41:12,5,12,0.417,0,1,0,5,8,0.625,2,10,12,8,5,1,3,2,15,19.3,-2,54
Michael Carter-Williams,39,34,2016-01-10,24,MIL,A,NYK,-12,1,22:27,1,8,0.125,0,1,0,2,4,0.5,1,4,5,6,2,0,3,3,4,1.9,-22,21.8
Michael Carter-Williams,40,35,2016-01-12,24,MIL,H,CHI,5,1,36:55,4,13,0.308,0,0,NA,3,5,0.6,0,4,4,6,3,0,0,3,11,9.9,5,31
Michael Carter-Williams,41,36,2016-01-13,24,MIL,A,WAS,-5,1,26:19,2,6,0.333,0,0,NA,0,0,NA,1,4,5,6,3,0,4,1,4,5.3,-1,23.3
Michael Carter-Williams,42,37,2016-01-15,24,MIL,H,ATL,7,1,41:51,5,15,0.333,2,3,0.667,3,3,1,1,8,9,7,3,2,6,5,15,10.9,7,44.8
Michael Carter-Williams,43,38,2016-01-16,24,MIL,A,CHO,13,1,26:15,3,8,0.375,1,2,0.5,2,2,1,0,6,6,4,0,2,1,4,9,8,9,26.5
Michael Carter-Williams,44,39,2016-01-19,24,MIL,A,MIA,12,1,25:12,3,5,0.6,0,0,NA,1,2,0.5,1,2,3,0,2,0,1,1,7,6.2,20,14.3
Michael Carter-Williams,45,40,2016-01-22,24,MIL,A,HOU,-4,1,34:45,4,11,0.364,0,2,0,3,5,0.6,4,8,12,5,2,0,4,3,11,9.6,-3,37
Michael Carter-Williams,46,41,2016-01-23,24,MIL,A,NOP,-17,1,32:56,9,12,0.75,0,0,NA,1,2,0.5,0,4,4,5,2,2,4,4,19,16.3,-2,37.5
Michael Carter-Williams,47,42,2016-01-26,24,MIL,H,ORL,7,1,37:59,2,8,0.25,0,1,0,1,2,0.5,0,2,2,5,1,0,3,5,5,-0.1,4,15.5
Michael Carter-Williams,48,43,2016-01-28,24,MIL,A,MEM,-20,1,27:15,4,7,0.571,0,2,0,2,2,1,1,5,6,1,0,0,3,2,10,5.8,-11,17.5
Michael Carter-Williams,49,44,2016-01-29,24,MIL,H,MIA,-4,1,26:17,4,9,0.444,0,1,0,1,2,0.5,1,7,8,6,2,0,2,5,9,8.9,-2,31
Michael Carter-Williams,50,45,2016-02-01,24,MIL,A,SAC,-7,1,34:12,6,8,0.75,1,1,1,5,6,0.833,0,5,5,13,1,1,3,4,18,22.1,-1,48.3
Michael Carter-Williams,51,46,2016-02-02,24,MIL,A,POR,-12,1,25:40,1,4,0.25,0,1,0,0,0,NA,3,3,6,2,0,0,2,2,2,1.2,-9,11.5
Michael Carter-Williams,52,47,2016-02-05,24,MIL,A,UTA,-3,1,28:35,5,14,0.357,0,2,0,0,1,0,1,5,6,4,3,1,3,3,10,6.3,-8,30
Michael Carter-Williams,53,48,2016-02-09,24,MIL,H,BOS,1,0,26:01,6,8,0.75,0,1,0,4,6,0.667,1,5,6,5,1,0,2,5,16,14.7,7,32
Michael Carter-Williams,54,49,2016-02-11,24,MIL,H,WAS,7,0,20:06,1,5,0.2,0,1,0,3,4,0.75,1,4,5,3,1,0,4,3,5,1.3,9,15.8
Michael Carter-Williams,55,50,2016-02-19,24,MIL,H,CHO,-3,0,29:20,6,7,0.857,2,3,0.667,0,0,NA,0,6,6,3,1,2,2,3,14,14.6,-9,32
Michael Carter-Williams,56,51,2016-02-20,24,MIL,A,ATL,8,0,38:29,6,14,0.429,0,3,0,5,8,0.625,1,8,9,2,1,3,1,5,17,13,-2,38.8
Michael Carter-Williams,57,52,2016-02-22,24,MIL,H,LAL,7,0,34:33,4,12,0.333,0,1,0,2,3,0.667,1,4,5,2,2,1,0,4,10,7.2,-7,25.3
Michael Carter-Williams,58,53,2016-02-25,24,MIL,A,BOS,-5,0,32:38,5,13,0.385,0,2,0,2,2,1,0,3,3,3,0,0,3,4,12,3.3,-4,18.8
Michael Carter-Williams,59,54,2016-02-27,24,MIL,H,DET,-11,0,26:24,4,10,0.4,0,1,0,0,3,0,0,4,4,3,0,3,7,3,8,-1.4,-8,20
O.J. Mayo,12,1,2015-11-19,28,MIL,A,CLE,-15,0,14:09,1,2,0.5,1,2,0.5,0,0,NA,0,1,1,1,2,0,0,2,3,4.2,-14,10.3
O.J. Mayo,13,2,2015-11-21,28,MIL,A,IND,-37,0,22:23,4,8,0.5,2,5,0.4,0,0,NA,0,2,2,1,0,0,2,2,10,4.5,-23,14
O.J. Mayo,14,3,2015-11-23,28,MIL,H,DET,21,0,19:12,2,3,0.667,2,3,0.667,0,0,NA,0,3,3,2,2,0,0,4,6,7.4,8,17.8
O.J. Mayo,15,4,2015-11-25,28,MIL,H,SAC,-11,0,29:22,5,15,0.333,2,12,0.167,0,0,NA,0,3,3,2,0,0,0,1,12,5.4,-8,19.8
O.J. Mayo,16,5,2015-11-27,28,MIL,A,ORL,-24,0,25:19,1,6,0.167,0,4,0,3,3,1,1,3,4,4,0,0,2,4,5,2,-4,15
O.J. Mayo,17,6,2015-11-29,28,MIL,A,CHO,-5,1,44:16,5,13,0.385,2,8,0.25,0,2,0,1,3,4,5,2,0,1,4,12,8.6,-2,29
O.J. Mayo,18,7,2015-11-30,28,MIL,H,DEN,18,1,30:57,3,8,0.375,2,5,0.4,1,1,1,0,4,4,1,2,0,2,4,9,4.9,23,19.5
O.J. Mayo,19,8,2015-12-02,28,MIL,A,SAS,-25,1,24:03,1,6,0.167,0,1,0,0,0,NA,1,5,6,3,1,0,3,2,2,-0.3,-22,14.5
O.J. Mayo,20,9,2015-12-04,28,MIL,A,DET,-7,1,33:43,5,13,0.385,0,4,0,3,3,1,0,5,5,4,1,0,2,6,13,6.8,-11,26.3
O.J. Mayo,21,10,2015-12-05,28,MIL,H,NYK,15,1,35:09,8,12,0.667,1,1,1,0,0,NA,0,3,3,5,1,0,1,4,17,14.6,17,30.3
O.J. Mayo,22,11,2015-12-07,28,MIL,H,POR,2,1,36:25,5,13,0.385,3,7,0.429,2,2,1,0,1,1,2,3,0,1,5,15,9.6,11,26.3
O.J. Mayo,23,12,2015-12-09,28,MIL,H,LAC,-14,1,36:05,7,15,0.467,0,3,0,0,0,NA,0,4,4,8,2,0,3,5,14,10.1,-13,33.5
O.J. Mayo,24,13,2015-12-11,28,MIL,A,TOR,-7,1,34:39,4,13,0.308,1,4,0.25,0,0,NA,1,2,3,4,3,1,3,1,9,5.9,3,25.8
O.J. Mayo,25,14,2015-12-12,28,MIL,H,GSW,13,1,28:33,6,13,0.462,4,8,0.5,2,2,1,0,1,1,1,1,0,2,2,18,10.5,6,23.8
O.J. Mayo,26,15,2015-12-15,28,MIL,A,LAL,-18,1,27:05,3,11,0.273,2,5,0.4,1,2,0.5,0,1,1,2,2,0,3,4,9,1.2,-9,16.8
O.J. Mayo,27,16,2015-12-16,28,MIL,A,LAC,-13,1,38:20,7,18,0.389,3,9,0.333,0,0,NA,1,3,4,6,3,0,1,5,17,13,1,38
O.J. Mayo,28,17,2015-12-18,28,MIL,A,GSW,-9,0,21:55,3,11,0.273,0,6,0,6,6,1,2,1,3,4,0,0,2,4,12,6.4,-4,20.8
O.J. Mayo,29,18,2015-12-20,28,MIL,A,PHO,6,1,41:02,5,11,0.455,1,5,0.2,1,4,0.25,0,5,5,5,2,1,2,2,12,10,9,31.3
O.J. Mayo,30,19,2015-12-23,28,MIL,H,PHI,13,0,22:26,2,7,0.286,0,2,0,0,0,NA,0,1,1,4,0,0,4,0,4,-1,1,9.3
O.J. Mayo,31,20,2015-12-26,28,MIL,H,TOR,-21,0,21:56,1,7,0.143,0,2,0,4,4,1,0,1,1,4,0,1,2,2,6,2.5,-5,14.3
O.J. Mayo,32,21,2015-12-28,28,MIL,A,DAL,-10,0,31:22,5,8,0.625,3,5,0.6,0,0,NA,0,4,4,0,1,0,1,2,13,9.8,3,21
O.J. Mayo,33,22,2015-12-29,28,MIL,A,OKC,-8,0,25:42,5,12,0.417,2,4,0.5,2,2,1,0,2,2,2,2,0,2,5,14,7.6,4,23.5
O.J. Mayo,34,23,2015-12-31,28,MIL,A,IND,4,0,22:33,1,5,0.2,0,2,0,5,5,1,1,3,4,3,1,0,1,4,7,6,1,18
O.J. Mayo,35,24,2016-01-02,28,MIL,A,MIN,10,0,2:47,0,2,0,0,0,NA,0,0,NA,0,0,0,0,0,0,0,2,0,-2.2,-2,0
O.J. Mayo,36,25,2016-01-04,28,MIL,H,SAS,-25,0,24:03,0,4,0,0,0,NA,0,0,NA,0,0,0,1,1,0,2,1,0,-3.5,-25,2.5
O.J. Mayo,37,26,2016-01-05,28,MIL,A,CHI,-11,0,20:13,3,9,0.333,0,3,0,0,1,0,0,1,1,3,0,0,0,1,6,2.5,-4,11.8
O.J. Mayo,38,27,2016-01-08,28,MIL,H,DAL,1,0,34:38,4,8,0.5,3,5,0.6,0,1,0,2,3,5,6,1,1,3,0,11,11.8,10,30.3
O.J. Mayo,40,28,2016-01-12,28,MIL,H,CHI,5,0,26:00,2,9,0.222,1,4,0.25,0,0,NA,0,1,1,4,1,0,0,1,5,3.2,-1,14.8
O.J. Mayo,41,29,2016-01-13,28,MIL,A,WAS,-5,0,11:57,1,3,0.333,0,0,NA,0,0,NA,0,0,0,3,0,0,1,1,2,1,-5,6
O.J. Mayo,53,30,2016-02-09,28,MIL,H,BOS,1,1,18:29,0,2,0,0,2,0,0,0,NA,0,1,1,6,0,0,1,4,0,0.5,-2,9.8
O.J. Mayo,54,31,2016-02-11,28,MIL,H,WAS,7,1,19:38,1,4,0.25,0,1,0,0,0,NA,0,1,1,1,1,1,3,4,2,-2.3,-3,7.3
O.J. Mayo,55,32,2016-02-19,28,MIL,H,CHO,-3,1,28:45,2,5,0.4,2,4,0.5,0,0,NA,2,1,3,2,0,1,3,3,6,2.9,0,14.3
O.J. Mayo,56,33,2016-02-20,28,MIL,A,ATL,8,1,37:59,3,8,0.375,2,5,0.4,1,2,0.5,0,7,7,6,5,0,3,1,9,12.1,1,36.3
O.J. Mayo,57,34,2016-02-22,28,MIL,H,LAL,7,1,24:27,4,7,0.571,4,7,0.571,0,0,NA,0,3,3,4,0,0,0,5,12,10.4,6,23.8
O.J. Mayo,58,35,2016-02-25,28,MIL,A,BOS,-5,1,19:56,1,4,0.25,1,3,0.333,0,0,NA,0,0,0,2,1,1,2,4,3,0.1,-2,9.5
O.J. Mayo,59,36,2016-02-27,28,MIL,H,DET,-11,1,25:15,3,5,0.6,3,4,0.75,0,0,NA,0,2,2,2,0,0,2,5,9,4.7,-3,15
O.J. Mayo,60,37,2016-02-29,28,MIL,H,HOU,7,1,12:42,0,2,0,0,1,0,0,0,NA,0,2,2,1,0,0,3,2,0,-3.9,0,2.5
O.J. Mayo,61,38,2016-03-02,28,MIL,H,IND,-5,1,33:55,1,4,0.25,1,4,0.25,0,0,NA,0,5,5,2,1,0,2,5,3,0.5,-5,13.8
O.J. Mayo,62,39,2016-03-04,28,MIL,H,MIN,15,1,32:00,4,8,0.5,4,8,0.5,0,0,NA,0,1,1,0,3,0,2,5,12,7.3,17,20.3
O.J. Mayo,63,40,2016-03-06,28,MIL,H,OKC,-8,1,24:27,0,3,0,0,2,0,0,0,NA,0,0,0,0,3,0,1,5,0,-2.1,-20,5.5
O.J. Mayo,64,41,2016-03-07,28,MIL,A,CHI,-10,1,25:53,1,4,0.25,0,2,0,0,0,NA,1,3,4,2,0,1,4,3,2,-1.9,10,10
Giannis Antetokounmpo,2,1,2015-10-30,20,MIL,H,WAS,-5,1,34:09,9,15,0.6,1,3,0.333,8,10,0.8,3,6,9,2,3,0,6,6,27,19.2,-10,44.8
Giannis Antetokounmpo,3,2,2015-11-01,20,MIL,A,TOR,-19,1,32:41,8,12,0.667,1,1,1,3,3,1,0,9,9,2,0,1,0,1,20,19.2,-7,36.8
Giannis Antetokounmpo,4,3,2015-11-02,20,MIL,A,BRK,7,1,42:12,8,16,0.5,1,3,0.333,4,5,0.8,3,5,8,3,0,2,4,4,21,14.1,2,38
Giannis Antetokounmpo,5,4,2015-11-04,20,MIL,H,PHI,4,1,40:32,7,11,0.636,1,1,1,2,3,0.667,0,5,5,3,1,1,3,2,17,13.2,0,30.8
Giannis Antetokounmpo,6,5,2015-11-06,20,MIL,A,NYK,7,1,35:39,7,13,0.538,0,0,NA,6,6,1,1,6,7,1,2,1,1,4,20,17,7,35.8
Giannis Antetokounmpo,7,6,2015-11-07,20,MIL,H,BRK,8,1,37:02,4,8,0.5,1,3,0.333,2,2,1,1,5,6,2,1,0,2,4,11,8,11,23
Giannis Antetokounmpo,8,7,2015-11-10,20,MIL,H,BOS,-16,1,24:07,6,13,0.462,1,3,0.333,3,3,1,0,3,3,0,2,0,4,5,16,6.2,-4,22.3
Giannis Antetokounmpo,9,8,2015-11-11,20,MIL,A,DEN,-1,1,29:08,6,12,0.5,0,3,0,0,0,NA,1,6,7,5,0,2,3,5,12,8.4,-26,30.8
Giannis Antetokounmpo,10,9,2015-11-14,20,MIL,H,CLE,3,1,44:31,6,18,0.333,0,2,0,4,5,0.8,4,7,11,1,0,3,2,6,16,8.7,1,37.8
Giannis Antetokounmpo,11,10,2015-11-17,20,MIL,A,WAS,-29,1,34:59,3,13,0.231,0,0,NA,3,6,0.5,1,4,5,7,1,1,4,4,9,2.8,-17,27.8
Giannis Antetokounmpo,12,11,2015-11-19,20,MIL,A,CLE,-15,1,39:45,12,15,0.8,1,2,0.5,8,8,1,2,3,5,2,2,0,0,3,33,31.8,-14,46.8
Giannis Antetokounmpo,13,12,2015-11-21,20,MIL,A,IND,-37,1,29:06,3,8,0.375,0,0,NA,3,4,0.75,0,5,5,2,2,2,3,3,9,6.3,-26,24.8
Giannis Antetokounmpo,14,13,2015-11-23,20,MIL,H,DET,21,1,26:48,6,10,0.6,1,1,1,4,4,1,2,4,6,4,0,1,2,3,17,15.3,10,32
Giannis Antetokounmpo,15,14,2015-11-25,20,MIL,H,SAC,-11,1,30:19,7,13,0.538,1,3,0.333,6,7,0.857,2,3,5,2,0,2,0,6,21,17,-2,34.8
Giannis Antetokounmpo,16,15,2015-11-27,20,MIL,A,ORL,-24,1,31:36,7,10,0.7,0,1,0,3,3,1,0,4,4,4,2,0,3,4,17,14.2,-18,30.5
Giannis Antetokounmpo,17,16,2015-11-29,20,MIL,A,CHO,-5,1,30:58,4,5,0.8,0,0,NA,0,0,NA,0,5,5,3,1,1,0,2,8,10.6,7,22.8
Giannis Antetokounmpo,18,17,2015-11-30,20,MIL,H,DEN,18,1,19:51,3,10,0.3,0,2,0,3,4,0.75,2,4,6,0,0,1,2,3,9,2.9,4,17.5
Giannis Antetokounmpo,19,18,2015-12-02,20,MIL,A,SAS,-25,1,25:40,2,8,0.25,0,1,0,3,4,0.75,1,3,4,2,0,2,2,2,7,3.4,-13,18
Giannis Antetokounmpo,20,19,2015-12-04,20,MIL,A,DET,-7,1,33:40,5,11,0.455,0,0,NA,2,2,1,1,8,9,2,0,1,4,5,12,5.5,-10,26.3
Giannis Antetokounmpo,21,20,2015-12-05,20,MIL,H,NYK,15,1,34:40,6,15,0.4,0,1,0,5,6,0.833,1,5,6,6,1,2,2,3,17,14.1,18,38.5
Giannis Antetokounmpo,22,21,2015-12-07,21,MIL,H,POR,2,1,30:39,5,10,0.5,0,0,NA,7,8,0.875,3,6,9,1,1,2,3,1,17,15.2,6,34.3
Giannis Antetokounmpo,23,22,2015-12-09,21,MIL,H,LAC,-14,1,28:23,5,11,0.455,0,2,0,5,6,0.833,0,6,6,1,0,1,1,5,15,9.1,-19,25.5
Giannis Antetokounmpo,24,23,2015-12-11,21,MIL,A,TOR,-7,1,42:49,7,12,0.583,0,1,0,1,2,0.5,2,5,7,3,2,1,4,3,15,11.5,-5,32.3
Giannis Antetokounmpo,25,24,2015-12-12,21,MIL,H,GSW,13,1,42:58,4,10,0.4,1,2,0.5,2,3,0.667,0,12,12,8,1,2,4,2,11,12,3,44
Giannis Antetokounmpo,26,25,2015-12-15,21,MIL,A,LAL,-18,1,35:28,6,11,0.545,0,1,0,3,4,0.75,0,6,6,5,0,0,1,2,15,12.8,-19,29.5
Giannis Antetokounmpo,27,26,2015-12-16,21,MIL,A,LAC,-13,0,33:52,4,12,0.333,1,1,1,0,0,NA,2,9,11,2,0,0,3,4,9,3.1,-9,24.8
Giannis Antetokounmpo,28,27,2015-12-18,21,MIL,A,GSW,-9,1,36:21,9,17,0.529,0,0,NA,2,3,0.667,3,3,6,4,0,1,3,6,20,12.4,-11,34
Giannis Antetokounmpo,30,28,2015-12-23,21,MIL,H,PHI,13,1,33:23,11,13,0.846,0,0,NA,0,0,NA,1,4,5,6,2,2,2,3,22,23.6,16,44.3
Giannis Antetokounmpo,31,29,2015-12-26,21,MIL,H,TOR,-21,1,34:48,2,5,0.4,0,2,0,0,0,NA,0,2,2,2,0,0,1,2,4,1.5,-20,9
Giannis Antetokounmpo,32,30,2015-12-28,21,MIL,A,DAL,-10,1,28:08,4,10,0.4,0,1,0,3,4,0.75,1,8,9,1,1,1,2,5,11,6.7,-22,26.8
Giannis Antetokounmpo,33,31,2015-12-29,21,MIL,A,OKC,-8,1,40:07,11,19,0.579,0,0,NA,5,7,0.714,6,4,10,2,0,0,3,6,27,18.7,-14,42.5
Giannis Antetokounmpo,34,32,2015-12-31,21,MIL,A,IND,4,1,37:20,4,11,0.364,0,2,0,6,10,0.6,0,6,6,0,3,4,2,2,14,11.1,-5,34.5
Giannis Antetokounmpo,35,33,2016-01-02,21,MIL,A,MIN,10,1,30:18,3,9,0.333,1,2,0.5,4,4,1,1,8,9,2,2,0,4,3,11,7.2,19,27.8
Giannis Antetokounmpo,36,34,2016-01-04,21,MIL,H,SAS,-25,1,29:35,5,9,0.556,0,2,0,1,2,0.5,2,2,4,2,1,1,2,2,11,8.6,-6,22
Giannis Antetokounmpo,37,35,2016-01-05,21,MIL,A,CHI,-11,1,36:18,8,17,0.471,0,2,0,2,5,0.4,2,5,7,2,4,1,0,3,18,15.9,-1,39.8
Giannis Antetokounmpo,38,36,2016-01-08,21,MIL,H,DAL,1,1,32:56,2,8,0.25,0,0,NA,1,4,0.25,1,4,5,1,1,1,3,5,5,-1.7,-1,15.3
Giannis Antetokounmpo,39,37,2016-01-10,21,MIL,A,NYK,-12,1,35:38,3,9,0.333,0,4,0,2,4,0.5,1,9,10,5,0,0,2,3,8,5.8,7,27
Giannis Antetokounmpo,40,38,2016-01-12,21,MIL,H,CHI,5,1,31:18,10,14,0.714,0,1,0,9,14,0.643,3,7,10,5,1,1,0,4,29,29,19,54.5
Giannis Antetokounmpo,41,39,2016-01-13,21,MIL,A,WAS,-5,1,40:41,6,11,0.545,0,1,0,7,9,0.778,1,10,11,6,2,1,6,4,19,15.9,-1,46.3
Giannis Antetokounmpo,42,40,2016-01-15,21,MIL,H,ATL,7,1,50:03,10,18,0.556,1,2,0.5,7,9,0.778,5,11,16,0,1,3,3,3,28,24.3,5,56.5
Giannis Antetokounmpo,43,41,2016-01-16,21,MIL,A,CHO,13,1,36:42,4,10,0.4,0,1,0,6,6,1,1,10,11,3,0,3,3,2,14,12.7,21,38.3
Giannis Antetokounmpo,44,42,2016-01-19,21,MIL,A,MIA,12,1,33:42,5,10,0.5,0,0,NA,4,4,1,2,4,6,4,0,1,5,2,14,9.3,18,27
Giannis Antetokounmpo,45,43,2016-01-22,21,MIL,A,HOU,-4,1,33:30,7,12,0.583,0,0,NA,4,4,1,1,5,6,2,1,1,2,3,18,14.5,-5,31.5
Giannis Antetokounmpo,46,44,2016-01-23,21,MIL,A,NOP,-17,1,28:25,4,8,0.5,0,0,NA,2,4,0.5,0,6,6,2,1,1,4,6,10,3.7,-4,22.5
Giannis Antetokounmpo,47,45,2016-01-26,21,MIL,H,ORL,7,1,38:18,12,16,0.75,0,0,NA,1,1,1,3,6,9,2,2,1,2,2,25,23.8,16,44.3
Giannis Antetokounmpo,48,46,2016-01-28,21,MIL,A,MEM,-20,1,35:28,2,10,0.2,0,0,NA,3,4,0.75,2,5,7,3,0,0,2,4,7,1.8,-18,19.3
Giannis Antetokounmpo,49,47,2016-01-29,21,MIL,H,MIA,-4,1,46:13,11,17,0.647,0,2,0,6,7,0.857,0,4,4,6,3,2,6,4,28,22.3,6,49
Giannis Antetokounmpo,50,48,2016-02-01,21,MIL,A,SAC,-7,1,35:09,6,12,0.5,0,1,0,5,7,0.714,0,5,5,1,2,0,2,4,17,10.8,-12,27.8
Giannis Antetokounmpo,51,49,2016-02-02,21,MIL,A,POR,-12,1,38:46,7,15,0.467,1,2,0.5,4,9,0.444,1,7,8,5,2,1,2,1,19,15.9,-12,42
Giannis Antetokounmpo,52,50,2016-02-05,21,MIL,A,UTA,-3,1,33:03,4,8,0.5,1,2,0.5,5,8,0.625,1,5,6,0,1,1,3,3,14,8.5,-7,24.5
Giannis Antetokounmpo,53,51,2016-02-09,21,MIL,H,BOS,1,1,36:50,6,12,0.5,0,1,0,2,2,1,1,2,3,2,2,3,0,2,14,14,0,30.8
Giannis Antetokounmpo,54,52,2016-02-11,21,MIL,H,WAS,7,1,36:46,6,16,0.375,1,2,0.5,4,5,0.8,4,9,13,3,0,1,2,1,17,13.7,-4,40.8
Giannis Antetokounmpo,55,53,2016-02-19,21,MIL,H,CHO,-3,1,38:33,7,17,0.412,0,1,0,4,6,0.667,2,10,12,4,1,1,2,2,18,14.2,1,43.5
Giannis Antetokounmpo,56,54,2016-02-20,21,MIL,A,ATL,8,1,38:00,8,17,0.471,0,1,0,3,4,0.75,2,10,12,3,0,2,5,6,19,10.4,2,41.5
Giannis Antetokounmpo,57,55,2016-02-22,21,MIL,H,LAL,7,1,41:44,12,17,0.706,0,1,0,3,6,0.5,2,10,12,10,3,4,1,3,27,33.7,13,75
Giannis Antetokounmpo,58,56,2016-02-25,21,MIL,A,BOS,-5,1,31:06,6,12,0.5,0,0,NA,2,5,0.4,2,5,7,8,1,3,2,3,14,15.2,-14,41.8
Giannis Antetokounmpo,59,57,2016-02-27,21,MIL,H,DET,-11,1,37:30,3,11,0.273,0,0,NA,2,2,1,2,10,12,7,0,0,3,4,8,6.2,-10,32
Giannis Antetokounmpo,60,58,2016-02-29,21,MIL,H,HOU,7,1,42:22,7,13,0.538,0,1,0,4,11,0.364,0,16,16,11,4,2,5,4,18,20.2,13,68.5
Giannis Antetokounmpo,61,59,2016-03-02,21,MIL,H,IND,-5,1,41:27,7,16,0.438,0,0,NA,8,8,1,1,5,6,3,1,1,2,3,22,16.4,-6,37
Giannis Antetokounmpo,62,60,2016-03-04,21,MIL,H,MIN,15,1,35:01,9,17,0.529,0,0,NA,9,10,0.9,2,7,9,12,3,2,4,2,27,29.8,24,65.8
Giannis Antetokounmpo,63,61,2016-03-06,21,MIL,H,OKC,-8,1,42:26,8,20,0.4,0,2,0,10,11,0.909,2,10,12,10,3,4,2,3,26,28.8,-9,73.5
Giannis Antetokounmpo,64,62,2016-03-07,21,MIL,A,CHI,-10,1,36:46,5,13,0.385,0,1,0,2,2,1,0,5,5,10,3,1,3,1,12,13.7,-18,41.3
Giannis Antetokounmpo,65,63,2016-03-09,21,MIL,H,MIA,6,1,37:20,9,15,0.6,0,0,NA,6,10,0.6,2,5,7,6,2,0,2,4,24,21,5,44.8
Giannis Antetokounmpo,66,64,2016-03-12,21,MIL,H,NOP,11,1,37:00,6,15,0.4,0,0,NA,6,10,0.6,0,5,5,4,0,2,5,3,18,7.8,11,31.8
Giannis Antetokounmpo,67,65,2016-03-13,21,MIL,A,BRK,9,1,40:39,12,16,0.75,0,0,NA,4,11,0.364,3,8,11,14,4,2,3,1,28,35.1,19,77.8
Giannis Antetokounmpo,68,66,2016-03-15,21,MIL,H,TOR,-18,1,35:07,6,12,0.5,0,1,0,6,11,0.545,2,10,12,9,0,3,1,4,18,20.2,-5,53.5
Giannis Antetokounmpo,69,67,2016-03-17,21,MIL,H,MEM,10,1,29:53,6,9,0.667,0,1,0,3,4,0.75,2,4,6,11,1,3,3,2,15,20.3,-1,47
Giannis Antetokounmpo,70,68,2016-03-20,21,MIL,H,UTA,-9,1,29:17,5,10,0.5,0,1,0,2,2,1,0,3,3,7,2,2,2,1,12,13.8,-5,33.3
Giannis Antetokounmpo,71,69,2016-03-21,21,MIL,A,DET,-1,1,36:46,10,17,0.588,1,3,0.333,0,0,NA,1,11,12,5,0,2,0,1,21,21.6,8,49.5
Giannis Antetokounmpo,72,70,2016-03-23,21,MIL,A,CLE,-9,1,39:17,11,19,0.579,0,3,0,2,2,1,2,4,6,6,0,1,2,4,24,19,-6,41.5
Giannis Antetokounmpo,73,71,2016-03-25,21,MIL,A,ATL,-11,1,39:34,5,14,0.357,0,1,0,1,2,0.5,0,7,7,4,1,3,2,3,11,7.6,-2,32.8
Giannis Antetokounmpo,74,72,2016-03-26,21,MIL,H,CHO,-24,1,26:11,3,9,0.333,0,2,0,2,2,1,0,3,3,1,2,0,0,3,8,5.3,-22,17.3
Giannis Antetokounmpo,75,73,2016-03-30,21,MIL,H,PHO,11,1,31:52,3,5,0.6,1,1,1,3,8,0.375,1,2,3,6,0,1,2,4,10,8.3,19,24.3
Giannis Antetokounmpo,76,74,2016-04-01,21,MIL,H,ORL,3,1,39:07,5,13,0.385,0,1,0,8,11,0.727,2,9,11,11,2,3,4,1,18,21.2,8,60.8
Giannis Antetokounmpo,77,75,2016-04-03,21,MIL,H,CHI,-4,1,42:55,14,22,0.636,1,1,1,5,7,0.714,0,5,5,9,1,1,4,4,34,27.3,4,56.3
Giannis Antetokounmpo,78,76,2016-04-05,21,MIL,H,CLE,-29,1,39:17,10,18,0.556,2,4,0.5,0,0,NA,3,11,14,8,1,0,3,3,22,21.2,-25,54.5
Giannis Antetokounmpo,79,77,2016-04-08,21,MIL,A,BOS,-15,1,26:35,8,12,0.667,4,5,0.8,7,8,0.875,0,7,7,7,1,1,5,5,27,23.1,-10,49.8
Giannis Antetokounmpo,80,78,2016-04-10,21,MIL,A,PHI,1,1,40:23,4,15,0.267,1,4,0.25,5,6,0.833,1,8,9,7,3,5,3,0,14,16.2,-2,50.8
Giannis Antetokounmpo,81,79,2016-04-11,21,MIL,A,ORL,-9,1,36:52,5,7,0.714,1,2,0.5,0,2,0,2,7,9,3,1,3,5,5,11,9,-14,32.8
Giannis Antetokounmpo,82,80,2016-04-13,21,MIL,H,IND,-5,1,29:06,7,14,0.5,1,5,0.2,4,4,1,2,7,9,5,0,1,4,2,19,14.9,-1,38.3
Chris Copeland,1,1,2015-10-28,31,MIL,H,NYK,-25,1,19:29,3,7,0.429,2,3,0.667,0,0,NA,1,1,2,0,1,0,1,3,8,4.1,-17,13
Chris Copeland,2,2,2015-10-30,31,MIL,H,WAS,-5,0,8:50,2,4,0.5,2,4,0.5,0,0,NA,0,2,2,1,0,0,0,5,6,3.3,6,11
Chris Copeland,3,3,2015-11-01,31,MIL,A,TOR,-19,0,20:32,3,6,0.5,2,4,0.5,2,2,1,0,0,0,0,0,0,2,0,10,5,-14,10
Chris Copeland,4,4,2015-11-02,31,MIL,A,BRK,7,0,0:05,0,0,NA,0,0,NA,0,0,NA,0,0,0,0,0,0,0,0,0,0,0,0
Chris Copeland,5,5,2015-11-04,31,MIL,H,PHI,4,0,10:25,3,9,0.333,1,7,0.143,1,1,1,0,0,0,2,0,0,0,0,8,4.3,10,11.5
Chris Copeland,6,6,2015-11-06,31,MIL,A,NYK,7,0,8:44,0,3,0,0,2,0,0,0,NA,0,2,2,1,0,0,0,0,0,-0.8,-4,4
Chris Copeland,7,7,2015-11-07,31,MIL,H,BRK,8,0,1:44,0,0,NA,0,0,NA,0,0,NA,0,0,0,0,0,0,0,0,0,0,-7,0
Chris Copeland,8,8,2015-11-10,31,MIL,H,BOS,-16,0,5:26,0,2,0,0,1,0,0,0,NA,0,0,0,0,0,0,0,0,0,-1.4,-9,0
Chris Copeland,11,9,2015-11-17,31,MIL,A,WAS,-29,0,8:42,1,2,0.5,0,0,NA,0,0,NA,0,0,0,1,1,0,0,2,2,1.9,-11,5.5
Chris Copeland,13,10,2015-11-21,31,MIL,A,IND,-37,0,10:15,1,3,0.333,0,1,0,1,2,0.5,0,0,0,0,0,0,0,0,3,0.9,-11,3
Chris Copeland,14,11,2015-11-23,31,MIL,H,DET,21,0,2:19,0,0,NA,0,0,NA,0,0,NA,0,0,0,1,0,0,0,0,0,0.7,-1,1.5
Chris Copeland,15,12,2015-11-25,31,MIL,H,SAC,-11,0,7:34,1,2,0.5,0,1,0,0,0,NA,0,1,1,0,0,0,0,1,2,0.9,5,3.3
Chris Copeland,16,13,2015-11-27,31,MIL,A,ORL,-24,0,2:58,0,1,0,0,1,0,0,0,NA,0,1,1,0,0,0,0,0,0,-0.4,0,1.3
Chris Copeland,18,14,2015-11-30,31,MIL,H,DEN,18,0,3:33,0,0,NA,0,0,NA,0,0,NA,0,0,0,0,0,0,0,0,0,0,-4,0
Chris Copeland,19,15,2015-12-02,31,MIL,A,SAS,-25,0,7:05,0,0,NA,0,0,NA,0,0,NA,0,0,0,3,0,0,1,1,0,0.7,-1,4
Chris Copeland,26,16,2015-12-15,31,MIL,A,LAL,-18,0,6:52,0,1,0,0,1,0,0,0,NA,0,0,0,0,0,0,1,1,0,-2.1,-3,-0.5
Chris Copeland,29,17,2015-12-20,31,MIL,A,PHO,6,0,8:00,0,2,0,0,2,0,0,0,NA,0,1,1,0,0,0,0,1,0,-1.5,-9,1.3
Chris Copeland,30,18,2015-12-23,31,MIL,H,PHI,13,0,2:01,0,1,0,0,1,0,0,0,NA,0,0,0,1,0,0,0,1,0,-0.4,-3,1.5
Chris Copeland,36,19,2016-01-04,31,MIL,H,SAS,-25,0,5:03,1,1,1,1,1,1,0,0,NA,0,0,0,0,0,0,0,0,3,2.7,-3,3.5
Chris Copeland,43,20,2016-01-16,31,MIL,A,CHO,13,0,2:43,1,1,1,1,1,1,0,0,NA,0,1,1,0,0,0,0,0,3,3,-4,4.8
Chris Copeland,44,21,2016-01-19,31,MIL,A,MIA,12,0,1:33,0,1,0,0,1,0,0,0,NA,0,0,0,0,0,0,0,0,0,-0.7,-2,0
Chris Copeland,46,22,2016-01-23,31,MIL,A,NOP,-17,0,2:46,1,2,0.5,1,2,0.5,0,0,NA,0,0,0,0,0,0,0,0,3,2,-2,3.5
Chris Copeland,48,23,2016-01-28,31,MIL,A,MEM,-20,0,6:30,0,3,0,0,3,0,2,2,1,0,0,0,1,0,0,1,1,2,-0.8,1,3
Chris Copeland,51,24,2016-02-02,31,MIL,A,POR,-12,0,2:46,0,0,NA,0,0,NA,0,0,NA,0,0,0,0,0,0,0,1,0,-0.4,3,0
Jared Cunningham,56,41,2016-03-20,24,MIL,H,UTA,-9,0,15:39,0,1,0,0,1,0,4,4,1,0,1,1,1,1,0,1,0,4,4.3,1,8.3
Jared Cunningham,57,42,2016-03-21,24,MIL,A,DET,-1,0,13:35,1,3,0.333,0,1,0,0,0,NA,0,1,1,0,1,0,2,1,2,-0.8,-17,4.3
Jared Cunningham,58,43,2016-03-23,24,MIL,A,CLE,-9,0,10:44,2,6,0.333,1,3,0.333,2,3,0.667,0,3,3,0,0,0,0,2,7,3.3,-7,11.3
Jared Cunningham,59,44,2016-03-25,24,MIL,A,ATL,-11,0,15:01,1,4,0.25,1,2,0.5,0,0,NA,0,4,4,0,0,0,0,1,3,1.4,-6,8.5
Miles Plumlee,1,1,2015-10-28,27,MIL,H,NYK,-25,0,3:23,0,1,0,0,0,NA,0,0,NA,1,0,1,0,0,0,1,1,0,-1.4,-9,0.8
Miles Plumlee,2,2,2015-10-30,27,MIL,H,WAS,-5,0,13:04,2,3,0.667,0,0,NA,0,0,NA,0,2,2,0,0,0,1,2,4,1.5,-8,6
Miles Plumlee,3,3,2015-11-01,27,MIL,A,TOR,-19,0,14:47,3,5,0.6,0,0,NA,2,2,1,3,0,3,0,1,4,1,3,8,9.4,-2,21.3
Miles Plumlee,4,4,2015-11-02,27,MIL,A,BRK,7,0,6:19,1,1,1,0,0,NA,0,0,NA,1,1,2,1,0,0,3,4,2,-1.2,-5,4.5
Miles Plumlee,5,5,2015-11-04,27,MIL,H,PHI,4,0,11:44,1,1,1,0,0,NA,0,0,NA,0,4,4,1,0,2,1,2,2,3.2,-2,12
Miles Plumlee,6,6,2015-11-06,27,MIL,A,NYK,7,0,1:47,1,1,1,0,0,NA,0,0,NA,1,0,1,0,0,0,0,0,2,2.4,-2,3.3
Miles Plumlee,7,7,2015-11-07,27,MIL,H,BRK,8,0,4:08,0,0,NA,0,0,NA,0,0,NA,0,1,1,0,0,0,1,1,0,-1.1,-8,0.8
Miles Plumlee,8,8,2015-11-10,27,MIL,H,BOS,-16,0,3:22,0,0,NA,0,0,NA,0,0,NA,0,1,1,0,0,0,0,0,0,0.3,-1,1.3
Miles Plumlee,10,9,2015-11-14,27,MIL,H,CLE,3,0,1:34,0,1,0,0,0,NA,0,0,NA,0,0,0,0,0,0,0,0,0,-0.7,-1,0
Miles Plumlee,11,10,2015-11-17,27,MIL,A,WAS,-29,0,6:23,1,2,0.5,0,0,NA,0,0,NA,0,0,0,0,0,0,0,0,2,1,-5,2
Miles Plumlee,13,11,2015-11-21,27,MIL,A,IND,-37,0,12:00,2,6,0.333,0,0,NA,0,0,NA,2,2,4,1,0,0,0,0,4,3.3,-14,10.5
Miles Plumlee,14,12,2015-11-23,27,MIL,H,DET,21,0,2:19,0,0,NA,0,0,NA,0,0,NA,0,0,0,0,0,0,0,0,0,0,-1,0
Miles Plumlee,16,13,2015-11-27,27,MIL,A,ORL,-24,0,2:58,1,1,1,0,0,NA,0,0,NA,0,0,0,0,0,0,0,0,2,1.7,0,2
Miles Plumlee,18,14,2015-11-30,27,MIL,H,DEN,18,0,3:33,0,0,NA,0,0,NA,0,0,NA,0,0,0,0,0,0,0,0,0,0,-4,0
Miles Plumlee,19,15,2015-12-02,27,MIL,A,SAS,-25,0,7:05,0,0,NA,0,0,NA,0,0,NA,0,1,1,0,1,0,1,1,0,-0.1,-1,2.8
Miles Plumlee,26,16,2015-12-15,27,MIL,A,LAL,-18,0,24:15,5,7,0.714,0,0,NA,0,2,0,2,6,8,0,0,1,1,3,10,8,-3,21.5
Miles Plumlee,27,17,2015-12-16,27,MIL,A,LAC,-13,1,21:34,1,4,0.25,0,0,NA,0,0,NA,2,1,3,0,0,1,0,2,2,1.2,-15,7.8
Miles Plumlee,28,18,2015-12-18,27,MIL,A,GSW,-9,0,19:14,3,3,1,0,0,NA,7,8,0.875,3,4,7,0,0,3,0,1,13,16.7,10,27.8
Miles Plumlee,30,19,2015-12-23,27,MIL,H,PHI,13,0,2:01,0,0,NA,0,0,NA,0,0,NA,0,2,2,0,0,0,0,0,0,0.6,-3,2.5
Miles Plumlee,32,20,2015-12-28,27,MIL,A,DAL,-10,0,15:08,3,3,1,0,0,NA,0,0,NA,1,4,5,1,1,2,0,0,6,10.1,8,19.8
Miles Plumlee,33,21,2015-12-29,27,MIL,A,OKC,-8,0,2:59,0,0,NA,0,0,NA,0,0,NA,0,0,0,0,0,0,0,0,0,0,-3,0
Miles Plumlee,36,22,2016-01-04,27,MIL,H,SAS,-25,0,6:01,1,1,1,0,0,NA,0,0,NA,0,0,0,0,0,0,1,0,2,0.7,-3,1.5
Miles Plumlee,39,23,2016-01-10,27,MIL,A,NYK,-12,0,5:53,0,3,0,0,0,NA,2,2,1,3,0,3,0,1,0,0,0,2,3,-2,7.8
Miles Plumlee,43,24,2016-01-16,27,MIL,A,CHO,13,0,2:43,0,0,NA,0,0,NA,0,0,NA,0,0,0,0,0,0,0,1,0,-0.4,-4,0
Miles Plumlee,44,25,2016-01-19,27,MIL,A,MIA,12,0,2:55,0,0,NA,0,0,NA,0,0,NA,0,0,0,0,0,0,0,1,0,-0.4,-3,0
Miles Plumlee,46,26,2016-01-23,27,MIL,A,NOP,-17,0,2:46,0,0,NA,0,0,NA,0,0,NA,0,1,1,0,0,0,0,0,0,0.3,-2,1.3
Miles Plumlee,48,27,2016-01-28,27,MIL,A,MEM,-20,0,19:06,3,5,0.6,0,0,NA,0,0,NA,2,3,5,1,2,2,0,1,6,9.7,1,21.8
Miles Plumlee,49,28,2016-01-29,27,MIL,H,MIA,-4,0,13:53,4,6,0.667,0,0,NA,0,0,NA,4,3,7,0,1,1,0,0,8,10.8,-5,20.8
Miles Plumlee,50,29,2016-02-01,27,MIL,A,SAC,-7,0,13:22,0,1,0,0,0,NA,0,0,NA,2,1,3,0,0,2,2,3,0,-0.8,-2,6.8
Miles Plumlee,51,30,2016-02-02,27,MIL,A,POR,-12,0,18:10,4,8,0.5,0,0,NA,0,0,NA,3,3,6,0,0,1,0,1,8,7.3,6,17.5
Miles Plumlee,52,31,2016-02-05,27,MIL,A,UTA,-3,0,14:06,3,4,0.75,0,0,NA,0,0,NA,2,1,3,0,1,3,0,1,6,8.8,9,17.8
Miles Plumlee,53,32,2016-02-09,27,MIL,H,BOS,1,1,18:28,3,6,0.5,0,0,NA,0,0,NA,1,4,5,0,0,1,1,0,6,4.6,-8,13.8
Miles Plumlee,54,33,2016-02-11,27,MIL,H,WAS,7,1,14:59,2,2,1,0,0,NA,0,1,0,1,5,6,1,0,1,2,2,4,3.8,-2,14
Miles Plumlee,55,34,2016-02-19,27,MIL,H,CHO,-3,1,18:28,3,5,0.6,0,0,NA,0,0,NA,2,3,5,1,1,3,0,3,6,8.6,9,21.8
Miles Plumlee,56,35,2016-02-20,27,MIL,A,ATL,8,1,21:54,3,4,0.75,0,0,NA,0,0,NA,5,2,7,0,1,1,3,2,6,6.4,4,17.3
Miles Plumlee,57,36,2016-02-22,27,MIL,H,LAL,7,1,20:35,7,7,1,0,0,NA,0,4,0,1,4,5,1,0,1,0,3,14,12.4,12,23.8
Miles Plumlee,58,37,2016-02-25,27,MIL,A,BOS,-5,1,13:49,1,2,0.5,0,0,NA,3,4,0.75,0,1,1,0,0,1,1,0,5,3.6,-9,7.8
Miles Plumlee,59,38,2016-02-27,27,MIL,H,DET,-11,1,21:05,5,7,0.714,0,0,NA,0,0,NA,5,1,6,0,1,2,2,1,10,10.9,-5,22.5
Miles Plumlee,60,39,2016-02-29,27,MIL,H,HOU,7,1,28:17,4,8,0.5,0,0,NA,1,2,0.5,5,3,8,2,0,1,1,5,9,8.1,-4,23.5
Miles Plumlee,61,40,2016-03-02,27,MIL,H,IND,-5,1,19:09,3,3,1,0,0,NA,0,0,NA,1,5,6,0,1,0,0,2,6,7.5,-6,15.5
Miles Plumlee,62,41,2016-03-04,27,MIL,H,MIN,15,1,16:26,4,4,1,0,0,NA,1,2,0.5,1,5,6,0,0,0,0,2,9,8.8,14,16.5
Miles Plumlee,63,42,2016-03-06,27,MIL,H,OKC,-8,1,17:31,1,2,0.5,0,0,NA,0,0,NA,3,2,5,0,0,1,1,1,2,3,-10,9.8
Miles Plumlee,64,43,2016-03-07,27,MIL,A,CHI,-10,1,19:00,3,5,0.6,0,0,NA,0,2,0,5,2,7,0,0,0,0,2,6,6.2,-14,14.8
Miles Plumlee,65,44,2016-03-09,27,MIL,H,MIA,6,0,24:26,8,12,0.667,0,0,NA,2,3,0.667,2,2,4,1,1,0,3,3,18,11.9,2,25
Miles Plumlee,66,45,2016-03-12,27,MIL,H,NOP,11,0,20:48,3,4,0.75,0,0,NA,0,0,NA,0,4,4,1,1,2,0,2,6,7.9,10,18.5
Miles Plumlee,67,46,2016-03-13,27,MIL,A,BRK,9,0,20:45,4,10,0.4,0,0,NA,4,5,0.8,5,2,7,0,0,1,1,0,12,10,-5,22.3
Miles Plumlee,68,47,2016-03-15,27,MIL,H,TOR,-18,0,13:40,2,5,0.4,0,0,NA,2,2,1,2,1,3,0,0,0,1,0,6,4,-11,9.3
Miles Plumlee,69,48,2016-03-17,27,MIL,H,MEM,10,0,21:26,4,5,0.8,0,0,NA,1,2,0.5,2,5,7,1,1,3,1,2,9,11.6,9,26.8
Miles Plumlee,70,49,2016-03-20,27,MIL,H,UTA,-9,0,22:54,3,4,0.75,0,0,NA,1,4,0.25,1,2,3,0,0,3,0,0,7,7.6,1,16.8
Miles Plumlee,71,50,2016-03-21,27,MIL,A,DET,-1,0,13:43,2,3,0.667,0,0,NA,0,0,NA,0,2,2,0,0,0,1,2,4,1.5,-11,6
Miles Plumlee,72,51,2016-03-23,27,MIL,A,CLE,-9,0,22:18,2,4,0.5,0,0,NA,0,0,NA,2,1,3,0,0,2,1,4,4,2.5,5,11.3
Miles Plumlee,73,52,2016-03-25,27,MIL,A,ATL,-11,0,17:42,2,3,0.667,0,0,NA,0,0,NA,3,4,7,0,0,0,2,0,4,4,-3,11.8
Miles Plumlee,74,53,2016-03-26,27,MIL,H,CHO,-24,0,19:26,3,5,0.6,0,0,NA,0,0,NA,0,3,3,0,0,0,2,1,6,2.2,9,8.8
Miles Plumlee,75,54,2016-03-30,27,MIL,H,PHO,11,0,13:39,2,6,0.333,0,0,NA,0,0,NA,0,4,4,0,1,1,1,2,4,1.7,0,12.5
Miles Plumlee,76,55,2016-04-01,27,MIL,H,ORL,3,0,16:56,5,7,0.714,0,0,NA,2,4,0.5,1,1,2,0,0,0,1,1,12,7.9,-5,14
Miles Plumlee,77,56,2016-04-03,27,MIL,H,CHI,-4,0,24:50,5,11,0.455,0,0,NA,1,2,0.5,5,3,8,0,0,1,0,0,11,10,3,23
Miles Plumlee,78,57,2016-04-05,27,MIL,H,CLE,-29,0,19:42,2,6,0.333,0,0,NA,1,2,0.5,3,4,7,0,0,0,0,2,5,3.7,-13,13.8
Miles Plumlee,79,58,2016-04-08,27,MIL,A,BOS,-15,0,19:59,6,8,0.75,0,0,NA,4,6,0.667,1,4,5,1,3,0,2,1,16,15.2,-8,28.8
Miles Plumlee,80,59,2016-04-10,27,MIL,A,PHI,1,1,28:29,4,7,0.571,0,0,NA,0,0,NA,0,6,6,1,2,1,0,1,8,9.5,11,23
Miles Plumlee,81,60,2016-04-11,27,MIL,A,ORL,-9,0,20:59,2,4,0.5,0,0,NA,0,0,NA,4,9,13,0,0,2,0,0,4,8.9,3,24.3
Miles Plumlee,82,61,2016-04-13,27,MIL,H,IND,-5,0,19:59,3,7,0.429,0,0,NA,0,0,NA,1,3,4,1,0,0,0,1,6,4.2,-4,12.5
Tyler Ennis,5,1,2015-11-04,21,MIL,H,PHI,4,0,8:26,1,2,0.5,0,0,NA,0,0,NA,0,2,2,1,0,0,1,2,2,0.5,-7,5.5
Tyler Ennis,6,2,2015-11-06,21,MIL,A,NYK,7,1,17:27,1,4,0.25,0,0,NA,2,2,1,1,3,4,3,0,0,1,3,4,3.1,-1,13
Tyler Ennis,7,3,2015-11-07,21,MIL,H,BRK,8,1,16:22,4,9,0.444,1,1,1,0,0,NA,1,0,1,1,1,0,1,2,9,4.9,-1,13.8
Tyler Ennis,8,4,2015-11-10,21,MIL,H,BOS,-16,1,23:40,2,4,0.5,0,0,NA,0,0,NA,0,0,0,2,1,0,1,1,4,3,2,8.5
Tyler Ennis,9,5,2015-11-11,21,MIL,A,DEN,-1,1,15:10,3,4,0.75,1,2,0.5,0,0,NA,0,0,0,0,0,0,2,1,7,3,-6,6.5
Tyler Ennis,11,6,2015-11-17,21,MIL,A,WAS,-29,0,6:33,0,1,0,0,0,NA,3,4,0.75,0,2,2,2,0,0,1,0,3,2.9,-5,8
Tyler Ennis,17,7,2015-11-29,21,MIL,A,CHO,-5,0,3:36,0,1,0,0,1,0,0,0,NA,0,0,0,0,0,0,0,0,0,-0.7,-2,0
Tyler Ennis,18,8,2015-11-30,21,MIL,H,DEN,18,0,3:33,0,1,0,0,0,NA,1,2,0.5,1,2,3,1,0,0,0,0,1,1.9,-4,6.3
Tyler Ennis,19,9,2015-12-02,21,MIL,A,SAS,-25,1,23:53,2,8,0.25,0,3,0,0,0,NA,0,3,3,1,0,1,2,2,4,-1.3,-12,10.3
Tyler Ennis,26,10,2015-12-15,21,MIL,A,LAL,-18,0,3:44,1,1,1,0,0,NA,0,0,NA,0,1,1,0,1,0,0,1,2,2.6,-1,5.3
Tyler Ennis,27,11,2015-12-16,21,MIL,A,LAC,-13,0,8:46,0,2,0,0,1,0,0,0,NA,0,0,0,0,0,0,1,0,0,-2.4,1,-0.5
Tyler Ennis,29,12,2015-12-20,21,MIL,A,PHO,6,0,5:15,1,1,1,0,0,NA,1,2,0.5,0,1,1,0,0,0,1,0,3,1.6,-8,3.8
Tyler Ennis,30,13,2015-12-23,21,MIL,H,PHI,13,0,7:52,4,6,0.667,2,3,0.667,0,0,NA,0,0,0,1,0,0,1,1,10,6.7,-4,12
Tyler Ennis,31,14,2015-12-26,21,MIL,H,TOR,-21,0,7:33,3,4,0.75,0,0,NA,0,0,NA,0,1,1,1,1,0,0,1,6,6,-1,10.8
Tyler Ennis,36,15,2016-01-04,21,MIL,H,SAS,-25,0,5:06,0,1,0,0,0,NA,0,0,NA,0,0,0,2,0,0,0,1,0,0.3,-3,3
Tyler Ennis,39,16,2016-01-10,21,MIL,A,NYK,-12,0,16:18,0,5,0,0,2,0,0,0,NA,0,0,0,2,0,0,0,1,0,-2.5,5,3
Tyler Ennis,42,17,2016-01-15,21,MIL,H,ATL,7,0,5:57,0,0,NA,0,0,NA,0,0,NA,0,0,0,1,0,0,0,1,0,0.3,1,1.5
Tyler Ennis,43,18,2016-01-16,21,MIL,A,CHO,13,0,2:43,0,0,NA,0,0,NA,0,0,NA,0,0,0,1,0,0,0,1,0,0.3,-4,1.5
Tyler Ennis,44,19,2016-01-19,21,MIL,A,MIA,12,0,1:46,0,2,0,0,0,NA,0,0,NA,0,0,0,0,0,0,0,2,0,-2.2,-3,0
Tyler Ennis,46,20,2016-01-23,21,MIL,A,NOP,-17,0,2:46,1,1,1,0,0,NA,0,0,NA,0,0,0,1,0,0,0,0,2,2.4,-2,3.5
Tyler Ennis,48,21,2016-01-28,21,MIL,A,MEM,-20,0,5:28,1,3,0.333,0,1,0,2,2,1,0,1,1,0,0,0,0,1,4,2.2,5,5.3
Tyler Ennis,49,22,2016-01-29,21,MIL,H,MIA,-4,0,5:43,0,0,NA,0,0,NA,0,0,NA,0,2,2,1,0,0,2,2,0,-1.5,0,3
Tyler Ennis,51,23,2016-02-02,21,MIL,A,POR,-12,0,2:46,0,0,NA,0,0,NA,0,0,NA,0,2,2,2,0,0,0,0,0,2,3,5.5
Tyler Ennis,52,24,2016-02-05,21,MIL,A,UTA,-3,0,7:42,0,0,NA,0,0,NA,0,0,NA,0,1,1,1,2,0,0,0,0,3,7,6.8
Tyler Ennis,58,25,2016-02-25,21,MIL,A,BOS,-5,0,4:51,1,2,0.5,0,0,NA,0,0,NA,0,0,0,1,1,0,1,1,2,1.3,2,5
Tyler Ennis,59,26,2016-02-27,21,MIL,H,DET,-11,0,2:47,1,1,1,1,1,1,0,0,NA,0,0,0,0,0,0,0,1,3,2.3,3,3.5
Tyler Ennis,62,27,2016-03-04,21,MIL,H,MIN,15,0,7:14,0,1,0,0,0,NA,0,0,NA,0,1,1,1,0,0,0,0,0,0.3,-6,2.8
Tyler Ennis,63,28,2016-03-06,21,MIL,H,OKC,-8,0,7:05,1,5,0.2,0,1,0,1,2,0.5,0,0,0,2,2,0,0,0,3,2.9,-2,10
Tyler Ennis,65,29,2016-03-09,21,MIL,H,MIA,6,0,25:56,3,7,0.429,1,1,1,1,2,0.5,0,0,0,5,0,0,1,2,8,5.6,6,15.5
Tyler Ennis,66,30,2016-03-12,21,MIL,H,NOP,11,0,8:22,4,6,0.667,1,2,0.5,1,1,1,0,2,2,1,0,0,2,0,10,6.7,-4,13.5
Tyler Ennis,67,31,2016-03-13,21,MIL,A,BRK,9,0,14:31,1,3,0.333,0,1,0,0,0,NA,0,1,1,1,0,0,0,1,2,0.9,-2,4.8
Tyler Ennis,68,32,2016-03-15,21,MIL,H,TOR,-18,0,28:21,4,8,0.5,0,2,0,2,3,0.667,1,3,4,3,0,0,1,2,10,7.5,-13,19
Tyler Ennis,69,33,2016-03-17,21,MIL,H,MEM,10,0,23:20,6,10,0.6,0,0,NA,1,1,1,1,4,5,3,1,0,0,2,13,12.6,11,25.8
Tyler Ennis,70,34,2016-03-20,21,MIL,H,UTA,-9,0,19:47,2,4,0.5,1,1,1,0,0,NA,0,2,2,6,2,0,2,2,5,7,6,20
Tyler Ennis,71,35,2016-03-21,21,MIL,A,DET,-1,0,11:07,2,5,0.4,0,0,NA,0,0,NA,0,1,1,1,1,0,1,2,4,1.5,-4,8.3
Tyler Ennis,72,36,2016-03-23,21,MIL,A,CLE,-9,0,14:59,2,6,0.333,1,1,1,0,0,NA,0,2,2,0,0,0,1,2,5,0.4,-3,7.5
Tyler Ennis,73,37,2016-03-25,21,MIL,A,ATL,-11,0,13:24,3,7,0.429,0,1,0,1,2,0.5,2,0,2,2,0,0,1,4,7,3.1,-6,12
Tyler Ennis,74,38,2016-03-26,21,MIL,H,CHO,-24,0,28:29,4,10,0.4,1,4,0.25,0,0,NA,0,4,4,12,1,0,2,0,9,12.2,-2,33.5
Tyler Ennis,75,39,2016-03-30,21,MIL,H,PHO,11,0,22:43,4,7,0.571,0,2,0,2,2,1,3,1,4,0,0,0,1,2,10,7.3,-1,14.5
Tyler Ennis,76,40,2016-04-01,21,MIL,H,ORL,3,0,25:31,5,9,0.556,2,3,0.667,3,4,0.75,1,1,2,1,2,0,2,2,15,11.2,-6,23
Tyler Ennis,77,41,2016-04-03,21,MIL,H,CHI,-4,0,30:46,3,7,0.429,0,1,0,1,1,1,0,4,4,8,2,0,4,3,7,6.9,-3,26
Tyler Ennis,78,42,2016-04-05,21,MIL,H,CLE,-29,0,27:31,2,4,0.5,0,0,NA,0,0,NA,0,4,4,2,2,0,2,3,4,3.4,-15,15
Tyler Ennis,79,43,2016-04-08,21,MIL,A,BOS,-15,1,37:33,3,11,0.273,0,1,0,3,4,0.75,2,4,6,11,2,0,3,4,9,9.8,0,35.5
Tyler Ennis,80,44,2016-04-10,21,MIL,A,PHI,1,1,39:16,2,5,0.4,0,2,0,0,0,NA,0,3,3,4,0,0,2,3,4,1.8,-8,12.8
Tyler Ennis,81,45,2016-04-11,21,MIL,A,ORL,-9,0,23:36,5,6,0.833,0,0,NA,0,0,NA,0,2,2,2,0,0,3,3,10,5.6,4,14
Tyler Ennis,82,46,2016-04-13,21,MIL,H,IND,-5,0,29:14,2,3,0.667,1,1,1,0,0,NA,0,2,2,5,3,0,3,2,5,7,13,20
Khris Middleton,1,1,2015-10-28,24,MIL,H,NYK,-25,1,35:19,4,15,0.267,3,6,0.5,0,0,NA,1,1,2,0,0,0,2,4,11,-0.5,-12,14
Khris Middleton,2,2,2015-10-30,24,MIL,H,WAS,-5,1,38:53,6,14,0.429,1,4,0.25,5,6,0.833,0,3,3,5,1,0,1,4,18,13,1,31.3
Khris Middleton,3,3,2015-11-01,24,MIL,A,TOR,-19,1,29:13,3,10,0.3,0,2,0,2,2,1,0,2,2,0,0,0,2,5,8,-1.2,-11,9.5
Khris Middleton,4,4,2015-11-02,24,MIL,A,BRK,7,1,38:57,6,12,0.5,2,5,0.4,3,4,0.75,1,4,5,3,1,1,0,2,17,15.5,-2,32.8
Khris Middleton,5,5,2015-11-04,24,MIL,H,PHI,4,1,35:38,7,20,0.35,3,7,0.429,4,4,1,1,2,3,3,1,0,1,2,21,12.4,7,32.3
Khris Middleton,6,6,2015-11-06,24,MIL,A,NYK,7,1,38:15,3,9,0.333,1,3,0.333,6,6,1,0,5,5,2,1,0,2,5,13,7.8,14,23.8
Khris Middleton,7,7,2015-11-07,24,MIL,H,BRK,8,1,33:23,4,6,0.667,3,3,1,3,5,0.6,0,9,9,7,1,0,1,2,14,17.4,11,38.8
Khris Middleton,8,8,2015-11-10,24,MIL,H,BOS,-16,1,37:14,3,12,0.25,2,6,0.333,5,5,1,0,2,2,2,0,1,1,1,13,7.1,-1,21
Khris Middleton,9,9,2015-11-11,24,MIL,A,DEN,-1,1,42:26,5,13,0.385,3,5,0.6,0,0,NA,0,1,1,2,4,0,2,2,13,8.8,5,25.8
Khris Middleton,10,10,2015-11-14,24,MIL,H,CLE,3,1,41:48,4,13,0.308,1,2,0.5,2,2,1,0,4,4,1,3,0,1,4,11,5.8,6,23.5
Khris Middleton,11,11,2015-11-17,24,MIL,A,WAS,-29,1,27:19,6,12,0.5,2,6,0.333,0,0,NA,0,2,2,0,1,0,1,4,14,7,-16,19
Khris Middleton,12,12,2015-11-19,24,MIL,A,CLE,-15,1,31:58,4,10,0.4,0,1,0,7,7,1,0,1,1,4,1,0,2,6,15,9.3,5,23.3
Khris Middleton,13,13,2015-11-21,24,MIL,A,IND,-37,1,27:37,3,11,0.273,1,4,0.25,1,2,0.5,0,2,2,1,2,1,1,1,8,3.7,-13,18
Khris Middleton,14,14,2015-11-23,24,MIL,H,DET,21,1,22:35,5,7,0.714,2,2,1,4,5,0.8,0,3,3,4,1,0,1,2,16,15.6,10,28.3
Khris Middleton,15,15,2015-11-25,24,MIL,H,SAC,-11,1,24:15,8,15,0.533,5,8,0.625,0,1,0,1,1,2,6,1,0,1,5,21,16.5,-7,36.5
Khris Middleton,16,16,2015-11-27,24,MIL,A,ORL,-24,1,33:52,4,7,0.571,3,5,0.6,4,4,1,0,3,3,4,3,0,1,1,15,17,-16,31.8
Khris Middleton,17,17,2015-11-29,24,MIL,A,CHO,-5,1,37:24,7,18,0.389,4,9,0.444,1,1,1,1,4,5,6,3,0,3,3,19,14.1,7,40.8
Khris Middleton,18,18,2015-11-30,24,MIL,H,DEN,18,1,30:52,3,9,0.333,3,5,0.6,1,1,1,0,1,1,5,0,0,2,2,10,5.9,6,19.3
Khris Middleton,19,19,2015-12-02,24,MIL,A,SAS,-25,1,30:22,6,11,0.545,1,2,0.5,3,3,1,0,3,3,3,0,0,2,2,16,10.9,-18,23.8
Khris Middleton,20,20,2015-12-04,24,MIL,A,DET,-7,1,33:51,6,15,0.4,3,7,0.429,6,6,1,0,5,5,3,0,0,1,3,21,14.3,-1,32.8
Khris Middleton,21,21,2015-12-05,24,MIL,H,NYK,15,1,31:33,2,10,0.2,1,1,1,2,3,0.667,1,3,4,3,0,0,0,1,7,3.7,18,17
Khris Middleton,22,22,2015-12-07,24,MIL,H,POR,2,1,40:45,4,13,0.308,1,6,0.167,5,6,0.833,0,1,1,3,2,1,1,5,14,8.2,2,25.8
Khris Middleton,23,23,2015-12-09,24,MIL,H,LAC,-14,1,38:50,3,9,0.333,1,3,0.333,2,3,0.667,0,6,6,2,1,0,4,5,9,1.7,-21,20
Khris Middleton,24,24,2015-12-11,24,MIL,A,TOR,-7,1,42:49,8,15,0.533,3,4,0.75,7,8,0.875,0,3,3,3,0,0,1,3,26,19.1,-4,35.3
Khris Middleton,25,25,2015-12-12,24,MIL,H,GSW,13,1,38:26,3,12,0.25,1,4,0.25,0,0,NA,1,5,6,5,2,1,2,2,7,5.4,13,27.5
Khris Middleton,26,26,2015-12-15,24,MIL,A,LAL,-18,1,33:36,6,16,0.375,2,4,0.5,2,2,1,0,2,2,4,2,0,1,0,16,11.6,-17,29
Khris Middleton,27,27,2015-12-16,24,MIL,A,LAC,-13,1,41:28,4,11,0.364,1,5,0.2,6,6,1,2,3,5,6,1,1,1,3,15,14.9,-17,34.3
Khris Middleton,28,28,2015-12-18,24,MIL,A,GSW,-9,1,38:10,6,16,0.375,2,9,0.222,2,2,1,0,2,2,4,2,0,2,0,16,10.6,-10,28.5
Khris Middleton,29,29,2015-12-20,24,MIL,A,PHO,6,1,39:41,10,17,0.588,2,6,0.333,4,4,1,0,3,3,7,2,0,3,4,26,21.3,17,43.8
Khris Middleton,30,30,2015-12-23,24,MIL,H,PHI,13,1,30:45,8,9,0.889,2,2,1,3,4,0.75,1,4,5,6,2,0,0,2,21,24.8,16,41.3
Khris Middleton,31,31,2015-12-26,24,MIL,H,TOR,-21,1,37:15,7,16,0.438,5,8,0.625,1,1,1,0,3,3,7,0,0,2,3,20,14.2,-4,35.8
Khris Middleton,32,32,2015-12-28,24,MIL,A,DAL,-10,1,35:34,6,13,0.462,0,3,0,3,3,1,0,6,6,1,0,0,5,5,15,3.8,-14,21.5
Khris Middleton,33,33,2015-12-29,24,MIL,A,OKC,-8,1,36:54,13,22,0.591,6,9,0.667,4,4,1,0,0,0,7,1,0,2,2,36,28.9,4,50.5
Khris Middleton,34,34,2015-12-31,24,MIL,A,IND,4,1,36:51,12,18,0.667,4,6,0.667,5,6,0.833,1,4,5,4,2,1,2,5,33,28.2,5,52.3
Khris Middleton,35,35,2016-01-02,24,MIL,A,MIN,10,1,35:59,4,11,0.364,3,5,0.6,2,3,0.667,1,3,4,5,0,0,4,0,13,7.6,-7,25
Khris Middleton,36,36,2016-01-04,24,MIL,H,SAS,-25,1,33:45,6,13,0.462,0,4,0,7,7,1,1,2,3,4,0,0,3,2,19,12.6,-13,27.3
Khris Middleton,37,37,2016-01-05,24,MIL,A,CHI,-11,1,38:12,10,21,0.476,5,10,0.5,1,1,1,0,4,4,7,1,0,2,4,26,18.8,-13,45
Khris Middleton,38,38,2016-01-08,24,MIL,H,DAL,1,1,39:09,10,18,0.556,0,1,0,7,9,0.778,0,3,3,5,0,0,1,3,27,19.8,-2,37.8
Khris Middleton,39,39,2016-01-10,24,MIL,A,NYK,-12,1,38:11,6,16,0.375,1,3,0.333,7,10,0.7,0,1,1,1,1,0,3,3,20,7.8,-16,23.8
Khris Middleton,40,40,2016-01-12,24,MIL,H,CHI,5,1,40:31,6,16,0.375,2,6,0.333,2,2,1,3,3,6,9,0,1,2,3,16,14,2,39
Khris Middleton,41,41,2016-01-13,24,MIL,A,WAS,-5,1,41:38,9,17,0.529,1,5,0.2,6,7,0.857,1,4,5,5,2,0,5,4,25,17.1,4,40.8
Khris Middleton,42,42,2016-01-15,24,MIL,H,ATL,7,1,45:48,11,23,0.478,0,4,0,4,5,0.8,0,4,4,3,3,0,2,0,26,18.2,11,40.5
Khris Middleton,43,43,2016-01-16,24,MIL,A,CHO,13,1,35:37,11,16,0.688,0,2,0,2,2,1,0,4,4,2,0,0,1,1,24,18.4,17,31.5
Khris Middleton,44,44,2016-01-19,24,MIL,A,MIA,12,1,35:42,8,20,0.4,2,4,0.5,4,4,1,0,7,7,7,2,0,0,1,22,19.8,20,46.3
Khris Middleton,45,45,2016-01-22,24,MIL,A,HOU,-4,1,42:43,8,21,0.381,1,7,0.143,4,4,1,0,1,1,7,1,1,4,1,21,12,2,35.3
Khris Middleton,46,46,2016-01-23,24,MIL,A,NOP,-17,1,33:13,8,16,0.5,4,7,0.571,2,2,1,0,7,7,5,0,0,5,0,22,14.6,-18,37.8
Khris Middleton,47,47,2016-01-26,24,MIL,H,ORL,7,1,36:17,6,14,0.429,2,4,0.5,11,11,1,1,4,5,7,1,0,2,2,25,22.6,11,43.8
Khris Middleton,48,48,2016-01-28,24,MIL,A,MEM,-20,1,31:42,6,18,0.333,1,4,0.25,2,2,1,4,1,5,6,3,0,1,1,15,13.7,-10,36.3
Khris Middleton,49,49,2016-01-29,24,MIL,H,MIA,-4,1,38:59,2,13,0.154,0,3,0,5,5,1,2,5,7,0,2,0,4,2,9,0.8,8,19.8
Khris Middleton,50,50,2016-02-01,24,MIL,A,SAC,-7,1,33:55,6,17,0.353,2,7,0.286,0,1,0,0,0,0,2,3,0,3,3,14,4.3,-1,22.5
Khris Middleton,51,51,2016-02-02,24,MIL,A,POR,-12,1,38:32,7,22,0.318,2,5,0.4,5,8,0.625,3,5,8,3,3,0,3,3,21,11.7,-16,41
Khris Middleton,52,52,2016-02-05,24,MIL,A,UTA,-3,1,39:32,6,16,0.375,1,4,0.25,5,5,1,0,6,6,2,3,0,9,3,18,5.2,-4,30.5
Khris Middleton,53,53,2016-02-09,24,MIL,H,BOS,1,1,38:22,6,16,0.375,2,7,0.286,6,8,0.75,1,4,5,5,0,0,3,3,20,11.6,-5,33.3
Khris Middleton,54,54,2016-02-11,24,MIL,H,WAS,7,1,40:11,9,17,0.529,1,3,0.333,8,9,0.889,2,4,6,9,5,0,2,2,27,29.4,-8,57.5
Khris Middleton,55,55,2016-02-19,24,MIL,H,CHO,-3,1,39:17,6,17,0.353,3,4,0.75,5,7,0.714,2,2,4,7,2,1,6,1,20,12.9,1,40
Khris Middleton,56,56,2016-02-20,24,MIL,A,ATL,8,1,47:35,4,16,0.25,1,6,0.167,3,4,0.75,1,3,4,4,4,2,4,2,12,7,15,33.5
Khris Middleton,57,57,2016-02-22,24,MIL,H,LAL,7,1,35:04,5,15,0.333,1,5,0.2,7,8,0.875,1,1,2,6,2,0,1,1,18,14.9,25,33.5
Khris Middleton,58,58,2016-02-25,24,MIL,A,BOS,-5,1,42:11,8,15,0.533,1,4,0.25,4,4,1,0,5,5,6,3,0,3,2,21,18.6,-5,41.3
Khris Middleton,59,59,2016-02-27,24,MIL,H,DET,-11,1,39:30,11,20,0.55,2,3,0.667,2,2,1,1,6,7,2,1,1,1,4,26,19.4,-10,42.3
Khris Middleton,60,60,2016-02-29,24,MIL,H,HOU,7,1,44:14,7,10,0.7,1,3,0.333,15,15,1,1,2,3,4,5,1,2,3,30,32.4,4,51.3
Khris Middleton,61,61,2016-03-02,24,MIL,H,IND,-5,1,38:26,7,19,0.368,2,5,0.4,7,9,0.778,1,4,5,4,2,0,3,1,23,15,0,38.8
Khris Middleton,62,62,2016-03-04,24,MIL,H,MIN,15,1,33:46,11,16,0.688,8,9,0.889,2,2,1,0,2,2,2,2,0,2,3,32,26,21,44.5
Khris Middleton,63,63,2016-03-06,24,MIL,H,OKC,-8,1,39:54,6,19,0.316,2,6,0.333,4,4,1,1,4,5,3,5,0,2,5,18,12.1,-6,38.8
Khris Middleton,64,64,2016-03-07,24,MIL,A,CHI,-10,1,42:53,7,21,0.333,1,5,0.2,3,4,0.75,1,4,5,3,2,1,4,3,18,7.2,-20,33.3
Khris Middleton,65,65,2016-03-09,24,MIL,H,MIA,6,1,39:49,8,15,0.533,1,3,0.333,5,5,1,1,6,7,8,1,0,4,4,22,18.2,13,43.3
Khris Middleton,66,66,2016-03-12,24,MIL,H,NOP,11,1,40:57,9,16,0.563,0,4,0,1,1,1,1,9,10,8,3,0,1,3,19,21.2,22,50.5
Khris Middleton,67,67,2016-03-13,24,MIL,A,BRK,9,1,38:53,7,15,0.467,3,5,0.6,2,2,1,0,5,5,7,5,0,2,2,19,19.9,15,46.3
Khris Middleton,68,68,2016-03-15,24,MIL,H,TOR,-18,1,30:33,5,10,0.5,0,2,0,2,2,1,1,0,1,3,3,0,1,2,12,11,-4,23.3
Khris Middleton,69,69,2016-03-17,24,MIL,H,MEM,10,1,29:42,4,13,0.308,2,6,0.333,0,0,NA,1,0,1,2,2,1,3,3,10,3.1,-5,19.8
Khris Middleton,70,70,2016-03-20,24,MIL,H,UTA,-9,1,30:06,6,10,0.6,1,2,0.5,0,0,NA,0,0,0,0,3,0,3,2,13,7.6,-12,18
Khris Middleton,71,71,2016-03-21,24,MIL,A,DET,-1,1,31:56,11,16,0.688,2,3,0.667,3,3,1,0,1,1,4,1,0,3,5,27,19.3,18,35.8
Khris Middleton,72,72,2016-03-23,24,MIL,A,CLE,-9,1,37:16,3,7,0.429,1,3,0.333,2,2,1,1,1,2,11,2,0,2,3,9,12.8,-2,31.5
Khris Middleton,73,73,2016-03-25,24,MIL,A,ATL,-11,1,36:19,4,14,0.286,0,4,0,2,2,1,0,4,4,2,1,1,2,0,10,4.1,-4,21
Khris Middleton,74,74,2016-03-26,24,MIL,H,CHO,-24,1,24:16,6,10,0.6,1,3,0.333,0,0,NA,0,1,1,5,0,0,2,3,13,9,-26,21.3
Khris Middleton,75,75,2016-03-30,24,MIL,H,PHO,11,1,33:58,10,16,0.625,3,4,0.75,3,3,1,0,7,7,1,0,0,2,4,26,18,13,36.8
Khris Middleton,76,76,2016-04-01,24,MIL,H,ORL,3,1,37:46,8,17,0.471,2,7,0.286,0,0,NA,0,5,5,4,5,2,2,1,18,17.6,6,44.3
Khris Middleton,80,77,2016-04-10,24,MIL,A,PHI,1,1,42:44,14,24,0.583,1,5,0.2,7,7,1,0,6,6,9,4,0,6,3,36,29.7,12,62.5
Khris Middleton,81,78,2016-04-11,24,MIL,A,ORL,-9,1,35:24,6,11,0.545,0,2,0,5,5,1,0,5,5,7,2,0,6,2,17,13.3,-15,34.8
Khris Middleton,82,79,2016-04-13,24,MIL,H,IND,-5,1,7:45,0,3,0,0,1,0,0,0,NA,0,0,0,2,0,0,0,1,0,-1.1,-10,3
Greivis Vasquez,1,1,2015-10-28,28,MIL,H,NYK,-25,0,29:19,4,10,0.4,2,4,0.5,8,8,1,1,6,7,5,0,0,2,2,18,15.8,-16,34.3
Greivis Vasquez,2,2,2015-10-30,28,MIL,H,WAS,-5,0,16:36,0,3,0,0,1,0,0,0,NA,0,2,2,5,0,0,2,4,0,-1.6,-10,9
Greivis Vasquez,3,3,2015-11-01,28,MIL,A,TOR,-19,0,25:27,2,7,0.286,0,4,0,5,5,1,0,3,3,4,1,0,3,2,9,5.8,-10,19.3
Greivis Vasquez,4,4,2015-11-02,28,MIL,A,BRK,7,0,26:42,0,8,0,0,5,0,0,0,NA,1,0,1,8,1,0,1,1,0,0.3,-5,14.8
Greivis Vasquez,5,5,2015-11-04,28,MIL,H,PHI,4,0,22:00,4,12,0.333,1,4,0.25,2,3,0.667,1,0,1,5,1,0,1,5,11,6,20,21.8
Greivis Vasquez,6,6,2015-11-06,28,MIL,A,NYK,7,0,30:33,3,8,0.375,1,4,0.25,1,1,1,0,4,4,5,1,0,1,2,8,7.5,8,22.5
Greivis Vasquez,7,7,2015-11-07,28,MIL,H,BRK,8,0,28:14,0,10,0,0,7,0,1,1,1,0,2,2,3,1,0,2,1,1,-4.7,5,9
Greivis Vasquez,8,8,2015-11-10,28,MIL,H,BOS,-16,0,18:36,1,3,0.333,0,0,NA,0,0,NA,0,1,1,2,0,0,3,2,2,-1.8,-20,4.8
Greivis Vasquez,9,9,2015-11-11,28,MIL,A,DEN,-1,0,32:50,6,14,0.429,3,8,0.375,0,0,NA,0,2,2,9,1,0,2,1,15,13.1,5,33.5
Greivis Vasquez,10,10,2015-11-14,28,MIL,H,CLE,3,0,23:50,4,8,0.5,2,5,0.4,3,5,0.6,0,3,3,4,0,0,1,2,13,10.1,4,23.3
Greivis Vasquez,11,11,2015-11-17,28,MIL,A,WAS,-29,0,19:38,5,7,0.714,2,3,0.667,0,0,NA,0,2,2,3,0,0,0,2,12,11,-10,20
Greivis Vasquez,12,12,2015-11-19,28,MIL,A,CLE,-15,0,21:16,0,3,0,0,1,0,0,0,NA,0,1,1,5,1,0,3,3,0,-1.5,-10,9.3
Greivis Vasquez,13,13,2015-11-21,28,MIL,A,IND,-37,0,14:58,2,2,1,0,0,NA,0,0,NA,0,1,1,3,0,0,4,2,4,1,-22,7.8
Greivis Vasquez,14,14,2015-11-23,28,MIL,H,DET,21,0,21:55,4,8,0.5,1,2,0.5,1,1,1,1,3,4,3,0,0,2,1,10,7.3,8,19
Greivis Vasquez,15,15,2015-11-25,28,MIL,H,SAC,-11,0,15:47,3,4,0.75,2,3,0.667,1,1,1,0,2,2,7,0,0,3,1,9,9.5,5,21.5
Greivis Vasquez,16,16,2015-11-27,28,MIL,A,ORL,-24,0,13:16,1,5,0.2,0,3,0,0,0,NA,0,1,1,0,0,0,0,2,2,-1.6,-11,3.3
Greivis Vasquez,75,17,2016-03-30,29,MIL,H,PHO,11,0,13:05,0,2,0,0,1,0,0,0,NA,0,3,3,3,1,0,1,1,0,1.2,-2,9.8
Greivis Vasquez,76,18,2016-04-01,29,MIL,H,ORL,3,0,11:52,0,5,0,0,4,0,0,0,NA,0,1,1,4,1,0,3,1,0,-2.8,-10,7.8
Greivis Vasquez,77,19,2016-04-03,29,MIL,H,CHI,-4,0,5:54,0,2,0,0,1,0,0,0,NA,0,0,0,1,0,0,0,0,0,-0.7,-11,1.5
Greivis Vasquez,79,20,2016-04-08,29,MIL,A,BOS,-15,0,15:11,2,3,0.667,1,2,0.5,0,1,0,0,0,0,1,0,0,2,2,5,1.2,-17,6
Greivis Vasquez,80,21,2016-04-10,29,MIL,A,PHI,1,0,13:44,0,2,0,0,2,0,0,0,NA,0,2,2,4,0,0,1,0,0,1,9,8
Greivis Vasquez,81,22,2016-04-11,29,MIL,A,ORL,-9,0,16:47,3,7,0.429,2,5,0.4,0,0,NA,1,2,3,3,0,0,2,3,8,4.5,4,16.3
Greivis Vasquez,82,23,2016-04-13,29,MIL,H,IND,-5,0,22:25,1,5,0.2,1,4,0.25,0,0,NA,0,1,1,4,1,0,1,2,3,2.2,-8,12.3
Johnny O'Bryant,1,1,2015-10-28,22,MIL,H,NYK,-25,0,16:32,0,1,0,0,0,NA,0,0,NA,1,2,3,0,0,0,0,3,0,-0.6,-10,3.8
Johnny O'Bryant,2,2,2015-10-30,22,MIL,H,WAS,-5,1,27:43,2,5,0.4,0,0,NA,5,6,0.833,1,1,2,2,1,0,0,4,9,7.7,4,16.5
Johnny O'Bryant,3,3,2015-11-01,22,MIL,A,TOR,-19,1,27:01,1,5,0.2,0,0,NA,0,0,NA,0,4,4,1,0,0,0,2,2,0,-5,8.5
Johnny O'Bryant,4,4,2015-11-02,22,MIL,A,BRK,7,0,17:02,3,4,0.75,0,0,NA,2,2,1,1,1,2,1,0,1,0,1,8,8.4,13,14
Johnny O'Bryant,5,5,2015-11-04,22,MIL,H,PHI,4,0,11:41,1,3,0.333,0,0,NA,0,1,0,3,1,4,1,0,1,0,1,2,3.3,0,10.5
Johnny O'Bryant,6,6,2015-11-06,22,MIL,A,NYK,7,0,16:17,4,4,1,0,0,NA,3,5,0.6,2,1,3,0,0,0,0,3,11,9.5,-5,14.8
Johnny O'Bryant,7,7,2015-11-07,22,MIL,H,BRK,8,0,16:06,3,7,0.429,0,0,NA,0,0,NA,3,4,7,1,1,1,1,1,6,6.6,7,19.8
Johnny O'Bryant,8,8,2015-11-10,22,MIL,H,BOS,-16,0,13:03,1,4,0.25,0,0,NA,1,2,0.5,2,2,4,0,0,0,1,1,3,0.8,-24,7.5
Johnny O'Bryant,9,9,2015-11-11,22,MIL,A,DEN,-1,1,34:02,4,7,0.571,0,0,NA,3,3,1,4,5,9,3,0,1,0,6,11,12.4,19,28.8
Johnny O'Bryant,10,10,2015-11-14,22,MIL,H,CLE,3,0,4:41,0,2,0,0,0,NA,0,0,NA,0,0,0,0,0,0,0,1,0,-1.8,1,0
Johnny O'Bryant,11,11,2015-11-17,22,MIL,A,WAS,-29,0,24:46,0,1,0,0,0,NA,0,0,NA,0,5,5,1,0,0,2,2,0,-1.3,-11,6.8
Johnny O'Bryant,12,12,2015-11-19,22,MIL,A,CLE,-15,0,5:41,0,0,NA,0,0,NA,0,0,NA,0,1,1,1,0,0,0,1,0,0.6,3,2.8
Johnny O'Bryant,13,13,2015-11-21,22,MIL,A,IND,-37,0,16:27,2,6,0.333,0,0,NA,0,0,NA,1,1,2,0,1,0,1,1,4,1.2,-13,8
Johnny O'Bryant,14,14,2015-11-23,22,MIL,H,DET,21,0,16:25,0,3,0,0,0,NA,0,0,NA,1,3,4,1,0,0,0,1,0,-0.2,8,6.5
Johnny O'Bryant,16,15,2015-11-27,22,MIL,A,ORL,-24,0,8:55,1,1,1,0,0,NA,0,0,NA,0,2,2,1,0,0,2,0,2,1,1,5
Johnny O'Bryant,18,16,2015-11-30,22,MIL,H,DEN,18,0,3:33,1,1,1,0,0,NA,0,0,NA,0,0,0,0,0,0,1,0,2,0.7,-4,1.5
Johnny O'Bryant,19,17,2015-12-02,22,MIL,A,SAS,-25,0,7:05,2,4,0.5,0,0,NA,0,1,0,0,2,2,0,0,0,0,0,4,2.2,-1,6.5
Johnny O'Bryant,20,18,2015-12-04,22,MIL,A,DET,-7,0,8:38,1,1,1,0,0,NA,0,0,NA,0,1,1,1,1,0,1,1,2,2.3,1,6.3
Johnny O'Bryant,21,19,2015-12-05,22,MIL,H,NYK,15,0,22:19,2,3,0.667,0,0,NA,2,2,1,1,4,5,2,0,0,3,2,6,4.2,-3,13.8
Johnny O'Bryant,22,20,2015-12-07,22,MIL,H,POR,2,0,12:05,0,4,0,0,0,NA,0,0,NA,0,1,1,0,0,0,0,2,0,-3.3,-9,1.3
Johnny O'Bryant,23,21,2015-12-09,22,MIL,H,LAC,-14,0,8:16,1,1,1,1,1,1,0,0,NA,0,1,1,0,0,0,0,1,3,2.6,12,4.8
Johnny O'Bryant,24,22,2015-12-11,22,MIL,A,TOR,-7,0,14:16,0,7,0,0,0,NA,0,0,NA,3,3,6,0,1,0,0,3,0,-2.1,-6,9.5
Johnny O'Bryant,25,23,2015-12-12,22,MIL,H,GSW,13,0,14:21,1,5,0.2,0,0,NA,0,0,NA,1,0,1,2,0,0,1,1,2,-0.4,2,5.8
Johnny O'Bryant,26,24,2015-12-15,22,MIL,A,LAL,-18,0,20:00,3,5,0.6,0,0,NA,0,0,NA,4,3,7,2,0,1,1,3,6,7.3,-5,19.3
Johnny O'Bryant,27,25,2015-12-16,22,MIL,A,LAC,-13,0,11:01,3,4,0.75,0,0,NA,0,1,0,2,0,2,1,3,0,0,2,6,8.3,-11,16
Johnny O'Bryant,28,26,2015-12-18,22,MIL,A,GSW,-9,0,14:50,0,1,0,0,0,NA,0,0,NA,1,2,3,0,1,0,1,2,0,-0.2,3,5.3
Johnny O'Bryant,29,27,2015-12-20,22,MIL,A,PHO,6,0,17:46,3,5,0.6,0,0,NA,0,0,NA,1,3,4,0,1,0,2,4,6,2.7,0,12
Johnny O'Bryant,30,28,2015-12-23,22,MIL,H,PHI,13,0,15:15,3,7,0.429,0,0,NA,0,0,NA,1,2,3,0,1,0,0,4,6,3,5,11.8
Johnny O'Bryant,31,29,2015-12-26,22,MIL,H,TOR,-21,0,15:07,2,4,0.5,0,0,NA,0,0,NA,4,1,5,1,0,0,1,3,4,3.6,-13,11.3
Johnny O'Bryant,32,30,2015-12-28,22,MIL,A,DAL,-10,0,15:57,3,6,0.5,0,0,NA,1,2,0.5,2,1,3,1,0,0,0,2,7,5.2,12,12.3
Johnny O'Bryant,33,31,2015-12-29,22,MIL,A,OKC,-8,0,16:48,1,1,1,0,0,NA,0,0,NA,1,2,3,1,0,0,1,2,2,1.9,-11,6.8
Johnny O'Bryant,35,32,2016-01-02,22,MIL,A,MIN,10,0,5:12,1,1,1,0,0,NA,0,0,NA,0,0,0,0,1,0,0,2,2,1.9,8,4
Johnny O'Bryant,36,33,2016-01-04,22,MIL,H,SAS,-25,0,7:37,2,3,0.667,0,0,NA,1,2,0.5,0,1,1,0,1,0,0,2,5,3.8,-10,8.3
Johnny O'Bryant,37,34,2016-01-05,22,MIL,A,CHI,-11,0,19:14,3,6,0.5,0,0,NA,0,0,NA,2,2,4,0,1,0,0,3,6,4.8,6,13
Johnny O'Bryant,39,35,2016-01-10,22,MIL,A,NYK,-12,0,15:16,1,3,0.333,0,0,NA,0,0,NA,0,3,3,0,0,0,1,0,2,0.2,1,5.3
Johnny O'Bryant,40,36,2016-01-12,22,MIL,H,CHI,5,0,3:34,0,0,NA,0,0,NA,0,0,NA,1,0,1,0,0,0,0,0,0,0.7,-4,1.3
Johnny O'Bryant,41,37,2016-01-13,22,MIL,A,WAS,-5,0,14:50,0,1,0,0,0,NA,2,4,0.5,2,2,4,0,0,0,1,3,2,0.3,-5,6.5
Johnny O'Bryant,42,38,2016-01-15,22,MIL,H,ATL,7,0,13:09,2,3,0.667,0,0,NA,0,0,NA,0,2,2,1,1,0,0,2,4,4.2,-4,10
Johnny O'Bryant,43,39,2016-01-16,22,MIL,A,CHO,13,0,18:58,1,6,0.167,0,0,NA,2,2,1,0,1,1,0,0,1,3,1,4,-2.2,3,5.8
Johnny O'Bryant,44,40,2016-01-19,22,MIL,A,MIA,12,0,15:45,2,2,1,0,0,NA,0,0,NA,1,5,6,1,0,0,2,1,4,3.9,-11,12
Johnny O'Bryant,45,41,2016-01-22,22,MIL,A,HOU,-4,0,15:35,1,4,0.25,0,0,NA,0,0,NA,1,2,3,1,0,0,0,1,2,1.2,-10,7.3
Johnny O'Bryant,46,42,2016-01-23,22,MIL,A,NOP,-17,0,15:35,2,5,0.4,0,0,NA,0,0,NA,1,2,3,0,0,0,0,2,4,1.8,-10,7.8
Johnny O'Bryant,47,43,2016-01-26,22,MIL,H,ORL,7,0,10:19,1,2,0.5,0,0,NA,0,0,NA,2,1,3,0,0,1,0,1,2,3,6,7.8
Johnny O'Bryant,48,44,2016-01-28,22,MIL,A,MEM,-20,0,19:38,0,4,0,0,0,NA,0,0,NA,2,2,4,0,0,0,0,1,0,-1.2,-18,5
Johnny O'Bryant,50,45,2016-02-01,22,MIL,A,SAC,-7,0,6:14,0,2,0,0,0,NA,0,0,NA,0,0,0,0,0,0,0,1,0,-1.8,-4,0
Johnny O'Bryant,51,46,2016-02-02,22,MIL,A,POR,-12,0,2:46,1,2,0.5,0,0,NA,0,0,NA,0,0,0,2,0,0,0,1,2,2,3,5
Johnny O'Bryant,52,47,2016-02-05,22,MIL,A,UTA,-3,0,14:43,1,5,0.2,0,0,NA,0,0,NA,0,3,3,0,0,0,1,0,2,-1.2,1,5.3
Johnny O'Bryant,57,48,2016-02-22,22,MIL,H,LAL,7,0,1:24,0,0,NA,0,0,NA,0,0,NA,0,0,0,0,0,0,1,1,0,-1.4,-4,-0.5
Johnny O'Bryant,58,49,2016-02-25,22,MIL,A,BOS,-5,0,4:02,0,1,0,0,0,NA,0,0,NA,1,0,1,0,0,0,0,3,0,-1.2,-7,1.3
Johnny O'Bryant,59,50,2016-02-27,22,MIL,H,DET,-11,0,2:45,0,1,0,0,0,NA,0,0,NA,0,1,1,0,0,0,0,0,0,-0.4,5,1.3
Johnny O'Bryant,60,51,2016-02-29,22,MIL,H,HOU,7,0,3:48,0,1,0,0,0,NA,0,0,NA,0,0,0,1,0,0,0,0,0,0,3,1.5
Johnny O'Bryant,62,52,2016-03-04,22,MIL,H,MIN,15,0,6:43,0,1,0,0,0,NA,0,0,NA,1,0,1,0,0,0,0,2,0,-0.8,-7,1.3
Johnny O'Bryant,65,53,2016-03-09,22,MIL,H,MIA,6,0,7:58,1,1,1,0,0,NA,1,2,0.5,1,1,2,0,0,0,0,0,3,3.3,1,5.5
Johnny O'Bryant,66,54,2016-03-12,22,MIL,H,NOP,11,0,15:15,0,4,0,0,0,NA,0,0,NA,0,0,0,0,1,0,0,1,0,-2.2,3,2
Johnny O'Bryant,67,55,2016-03-13,22,MIL,A,BRK,9,0,13:46,1,6,0.167,0,0,NA,0,0,NA,1,2,3,0,0,0,0,2,2,-1.3,-8,5.8
Johnny O'Bryant,68,56,2016-03-15,22,MIL,H,TOR,-18,0,15:29,1,3,0.333,0,0,NA,0,0,NA,1,1,2,0,1,0,0,0,2,2.3,-9,6.5
Johnny O'Bryant,69,57,2016-03-17,22,MIL,H,MEM,10,0,0:06,0,0,NA,0,0,NA,0,0,NA,0,0,0,0,0,0,0,0,0,0,0,0
Johnny O'Bryant,70,58,2016-03-20,22,MIL,H,UTA,-9,0,2:49,0,0,NA,0,0,NA,0,0,NA,0,1,1,0,0,0,0,0,0,0.3,3,1.3
Johnny O'Bryant,72,59,2016-03-23,22,MIL,A,CLE,-9,0,1:49,0,0,NA,0,0,NA,0,0,NA,0,0,0,0,0,0,0,0,0,0,-1,0
Johnny O'Bryant,74,60,2016-03-26,22,MIL,H,CHO,-24,0,5:52,1,4,0.25,0,0,NA,0,0,NA,0,2,2,0,0,0,0,0,2,0.2,-2,4.5
Johnny O'Bryant,76,61,2016-04-01,22,MIL,H,ORL,3,0,2:46,0,0,NA,0,0,NA,0,0,NA,0,0,0,0,0,0,0,1,0,-0.4,-6,0
Johnny O'Bryant,77,62,2016-04-03,22,MIL,H,CHI,-4,0,20:56,2,2,1,0,0,NA,0,0,NA,2,3,5,1,1,1,0,3,4,6.9,11,15.8
Johnny O'Bryant,78,63,2016-04-05,22,MIL,H,CLE,-29,1,30:35,6,10,0.6,0,0,NA,0,0,NA,4,3,7,1,0,0,1,2,12,10,-16,21.8
Johnny O'Bryant,79,64,2016-04-08,22,MIL,A,BOS,-15,0,11:22,3,5,0.6,0,0,NA,1,1,1,0,0,0,0,0,0,0,1,7,4.3,-10,7
Johnny O'Bryant,80,65,2016-04-10,22,MIL,A,PHI,1,0,21:33,1,2,0.5,0,0,NA,3,4,0.75,2,6,8,0,0,0,2,3,5,3.6,-2,14
Johnny O'Bryant,82,66,2016-04-13,22,MIL,H,IND,-5,0,16:05,4,7,0.571,0,0,NA,0,0,NA,0,6,6,0,0,0,0,0,8,6.5,3,15.5
Steve Novak,55,8,2016-02-22,32,MIL,H,LAL,7,0,1:24,0,1,0,0,1,0,0,0,NA,0,0,0,0,0,0,0,1,0,-1.1,-4,NA
Steve Novak,56,9,2016-02-25,32,MIL,A,BOS,-5,0,7:25,1,3,0.333,1,3,0.333,0,0,NA,0,1,1,0,0,0,0,1,3,1.2,11,4.8
Steve Novak,57,10,2016-02-27,32,MIL,H,DET,-11,0,11:00,1,2,0.5,1,2,0.5,1,1,1,0,0,0,0,0,0,0,0,4,3,-7,4.5
Damien Inglis,1,1,2015-10-28,20,MIL,H,NYK,-25,0,14:44,1,2,0.5,1,2,0.5,0,0,NA,1,3,4,1,1,0,1,3,3,3.1,-6,11.5
Damien Inglis,2,2,2015-10-30,20,MIL,H,WAS,-5,0,3:15,0,1,0,0,0,NA,0,0,NA,0,1,1,0,0,0,0,1,0,-0.8,-7,1.3
Damien Inglis,3,3,2015-11-01,20,MIL,A,TOR,-19,0,3:33,0,2,0,0,1,0,2,2,1,0,0,0,0,1,0,1,0,2,0.6,0,3.5
Damien Inglis,7,4,2015-11-07,20,MIL,H,BRK,8,0,1:44,0,0,NA,0,0,NA,0,0,NA,0,0,0,0,0,0,0,0,0,0,-7,0
Damien Inglis,8,5,2015-11-10,20,MIL,H,BOS,-16,0,12:12,1,3,0.333,0,2,0,1,2,0.5,0,3,3,1,0,0,1,1,3,1.1,-14,7.8
Damien Inglis,26,6,2015-12-15,20,MIL,A,LAL,-18,0,1:49,0,0,NA,0,0,NA,0,0,NA,0,0,0,0,0,0,0,0,0,0,2,0
Damien Inglis,30,7,2015-12-23,20,MIL,H,PHI,13,0,2:01,0,0,NA,0,0,NA,0,0,NA,0,0,0,0,0,0,1,0,0,-1,-3,-0.5
Damien Inglis,39,8,2016-01-10,20,MIL,A,NYK,-12,0,2:45,0,0,NA,0,0,NA,0,0,NA,0,1,1,0,0,0,0,0,0,0.3,5,1.3
Damien Inglis,66,9,2016-03-12,20,MIL,H,NOP,11,0,2:44,1,1,1,0,0,NA,0,0,NA,0,1,1,0,0,0,0,0,2,2,-4,3.3
Damien Inglis,67,10,2016-03-13,20,MIL,A,BRK,9,0,0:38,0,0,NA,0,0,NA,0,0,NA,0,0,0,0,0,0,0,0,0,0,-2,0
Damien Inglis,68,11,2016-03-15,20,MIL,H,TOR,-18,0,3:31,0,1,0,0,1,0,0,0,NA,0,0,0,0,1,0,1,0,0,-0.7,0,1.5
Damien Inglis,69,12,2016-03-17,20,MIL,H,MEM,10,0,21:33,3,5,0.6,0,2,0,4,4,1,0,5,5,2,0,3,0,0,10,12.7,11,25.3
Damien Inglis,70,13,2016-03-20,20,MIL,H,UTA,-9,0,7:46,1,3,0.333,0,0,NA,0,0,NA,0,2,2,0,0,0,1,0,2,-0.1,3,4
Damien Inglis,71,14,2016-03-21,20,MIL,A,DET,-1,0,13:21,1,3,0.333,0,0,NA,0,0,NA,0,3,3,1,0,0,0,1,2,1.5,-9,7.3
Damien Inglis,72,15,2016-03-23,20,MIL,A,CLE,-9,0,8:43,1,3,0.333,0,1,0,0,0,NA,1,3,4,0,0,0,0,1,2,1.5,-3,7
Damien Inglis,74,16,2016-03-26,20,MIL,H,CHO,-24,0,5:52,0,2,0,0,1,0,0,0,NA,0,1,1,1,0,0,0,0,0,-0.4,-2,2.8
Damien Inglis,77,17,2016-04-03,20,MIL,H,CHI,-4,1,9:19,0,1,0,0,0,NA,0,0,NA,0,1,1,1,1,0,1,0,0,0.3,-7,4.3
Damien Inglis,78,18,2016-04-05,20,MIL,H,CLE,-29,0,5:41,0,2,0,0,0,NA,0,0,NA,0,0,0,1,0,0,1,0,0,-1.7,-1,1
Damien Inglis,79,19,2016-04-08,20,MIL,A,BOS,-15,0,14:54,0,3,0,0,1,0,0,0,NA,0,1,1,1,1,0,1,3,0,-2.3,2,4.3
Damien Inglis,82,20,2016-04-13,20,MIL,H,IND,-5,0,20:16,4,5,0.8,2,2,1,0,0,NA,0,4,4,1,1,0,2,1,10,8.6,-2,18.5
Jerryd Bayless,1,1,2015-10-28,27,MIL,H,NYK,-25,1,30:03,0,6,0,0,0,NA,4,4,1,1,5,6,2,2,0,3,2,4,1.6,-15,17
Jerryd Bayless,2,2,2015-10-30,27,MIL,H,WAS,-5,0,27:02,5,11,0.455,2,7,0.286,2,3,0.667,0,0,0,4,1,0,1,1,14,10.3,-11,22.5
Jerryd Bayless,3,3,2015-11-01,27,MIL,A,TOR,-19,0,22:10,1,3,0.333,0,1,0,0,0,NA,1,0,1,2,0,1,3,1,2,-0.3,-13,6.8
Jerryd Bayless,4,4,2015-11-02,27,MIL,A,BRK,7,1,46:40,8,15,0.533,6,10,0.6,4,7,0.571,0,3,3,2,0,0,2,2,26,17,11,34.8
Jerryd Bayless,5,5,2015-11-04,27,MIL,H,PHI,4,1,30:24,2,6,0.333,1,2,0.5,0,0,NA,0,4,4,3,0,0,1,2,5,3.1,-7,14.5
Jerryd Bayless,6,6,2015-11-06,27,MIL,A,NYK,7,0,27:49,2,9,0.222,1,5,0.2,0,0,NA,0,2,2,4,1,0,2,3,5,0.7,-3,15
Jerryd Bayless,7,7,2015-11-07,27,MIL,H,BRK,8,0,31:30,7,13,0.538,3,6,0.5,2,2,1,0,1,1,10,2,2,2,1,19,21,19,45.3
Jerryd Bayless,8,8,2015-11-10,27,MIL,H,BOS,-16,0,29:33,3,9,0.333,2,4,0.5,4,4,1,0,2,2,2,3,0,2,3,12,8.7,-8,23.5
Jerryd Bayless,9,9,2015-11-11,27,MIL,A,DEN,-1,0,28:25,7,10,0.7,3,3,1,5,6,0.833,1,1,2,4,2,0,3,4,22,18.6,3,34.5
Jerryd Bayless,10,10,2015-11-14,27,MIL,H,CLE,3,0,38:48,7,16,0.438,3,7,0.429,0,0,NA,0,2,2,5,0,0,1,3,17,10.5,1,28
Jerryd Bayless,11,11,2015-11-17,27,MIL,A,WAS,-29,1,36:50,5,11,0.455,3,6,0.5,0,0,NA,0,6,6,3,2,0,2,3,13,10,-22,29.5
Jerryd Bayless,12,12,2015-11-19,27,MIL,A,CLE,-15,0,25:17,4,8,0.5,1,2,0.5,0,0,NA,0,1,1,2,0,0,1,4,9,4.1,-12,13.3
Jerryd Bayless,13,13,2015-11-21,27,MIL,A,IND,-37,0,19:00,1,5,0.2,1,5,0.2,0,0,NA,0,2,2,2,1,0,2,1,3,0.5,-7,10
Jerryd Bayless,14,14,2015-11-23,27,MIL,H,DET,21,0,31:24,5,8,0.625,3,4,0.75,1,2,0.5,0,6,6,4,3,0,1,3,14,15.4,20,34.5
Jerryd Bayless,15,15,2015-11-25,27,MIL,H,SAC,-11,0,35:55,4,8,0.5,3,4,0.75,2,3,0.667,1,3,4,4,4,0,0,2,13,16.2,-9,33.5
Jerryd Bayless,16,16,2015-11-27,27,MIL,A,ORL,-24,0,33:01,6,14,0.429,5,10,0.5,0,0,NA,0,4,4,3,2,0,4,2,17,10.1,-16,31
Jerryd Bayless,17,17,2015-11-29,27,MIL,A,CHO,-5,1,43:08,4,14,0.286,2,9,0.222,1,2,0.5,2,4,6,6,1,0,2,3,11,7,-3,29.5
Jerryd Bayless,18,18,2015-11-30,27,MIL,H,DEN,18,1,32:30,2,6,0.333,1,4,0.25,2,2,1,0,1,1,4,1,0,3,2,7,3.9,7,15.3
Jerryd Bayless,20,19,2015-12-04,27,MIL,A,DET,-7,1,26:03,4,9,0.444,1,5,0.2,0,1,0,0,3,3,5,0,0,0,1,9,7.9,-12,20.8
Jerryd Bayless,32,20,2015-12-28,27,MIL,A,DAL,-10,0,26:47,8,12,0.667,1,4,0.25,2,2,1,0,2,2,7,1,0,5,4,19,13.7,8,32
Jerryd Bayless,33,21,2015-12-29,27,MIL,A,OKC,-8,0,19:33,3,6,0.5,1,2,0.5,1,1,1,0,2,2,4,0,0,0,1,8,8,-15,17
Jerryd Bayless,34,22,2015-12-31,27,MIL,A,IND,4,0,25:01,5,8,0.625,2,4,0.5,2,2,1,1,1,2,1,0,0,3,4,14,7.5,-12,17.5
Jerryd Bayless,35,23,2016-01-02,27,MIL,A,MIN,10,0,32:05,4,13,0.308,3,6,0.5,2,2,1,1,4,5,2,0,0,2,1,13,6.4,18,22.8
Jerryd Bayless,36,24,2016-01-04,27,MIL,H,SAS,-25,0,7:17,1,4,0.25,1,2,0.5,0,0,NA,1,0,1,0,0,0,1,1,3,-0.1,-8,4.3
Jerryd Bayless,43,25,2016-01-16,27,MIL,A,CHO,13,0,21:34,1,5,0.2,1,3,0.333,0,0,NA,1,1,2,6,0,1,1,1,3,4.4,4,16.5
Jerryd Bayless,44,26,2016-01-19,27,MIL,A,MIA,12,0,29:46,4,7,0.571,3,6,0.5,0,0,NA,1,2,3,3,1,0,3,3,11,7.9,-2,21.3
Jerryd Bayless,45,27,2016-01-22,27,MIL,A,HOU,-4,0,20:16,1,6,0.167,1,4,0.25,0,0,NA,1,0,1,6,1,0,2,2,3,2.3,0,14.8
Jerryd Bayless,46,28,2016-01-23,27,MIL,A,NOP,-17,0,21:10,1,5,0.2,1,5,0.2,0,0,NA,0,1,1,0,0,1,0,1,3,0.5,-19,6.8
Jerryd Bayless,47,29,2016-01-26,27,MIL,H,ORL,7,0,29:51,3,9,0.333,3,6,0.5,3,5,0.6,0,5,5,1,1,0,0,4,12,7.7,-2,23.3
Jerryd Bayless,48,30,2016-01-28,27,MIL,A,MEM,-20,0,19:43,2,4,0.5,0,1,0,5,5,1,0,3,3,3,1,1,2,1,9,9.3,-14,20.3
Jerryd Bayless,49,31,2016-01-29,27,MIL,H,MIA,-4,0,23:58,0,4,0,0,3,0,0,0,NA,0,1,1,3,1,0,0,2,0,-0.2,-13,7.8
Jerryd Bayless,50,32,2016-02-01,27,MIL,A,SAC,-7,0,27:28,2,9,0.222,2,6,0.333,0,0,NA,0,4,4,5,1,0,2,3,6,3,-4,20.5
Jerryd Bayless,51,33,2016-02-02,27,MIL,A,POR,-12,0,30:27,6,9,0.667,2,3,0.667,2,2,1,0,1,1,5,0,1,2,2,16,13.8,-5,26.8
Jerryd Bayless,52,34,2016-02-05,27,MIL,A,UTA,-3,0,25:24,5,8,0.625,5,6,0.833,0,1,0,0,3,3,2,1,0,1,1,15,12.9,-1,25.8
Jerryd Bayless,53,35,2016-02-09,27,MIL,H,BOS,1,0,32:02,5,9,0.556,4,6,0.667,0,0,NA,0,1,1,2,0,0,3,5,14,6.4,-4,18.8
Jerryd Bayless,54,36,2016-02-11,27,MIL,H,WAS,7,0,20:44,3,10,0.3,1,4,0.25,0,0,NA,1,7,8,2,0,1,0,1,7,5.7,13,22.5
Jerryd Bayless,60,37,2016-02-29,27,MIL,H,HOU,7,0,35:20,6,10,0.6,5,8,0.625,1,2,0.5,1,2,3,4,1,0,1,3,18,15.9,8,31.8
Jerryd Bayless,61,38,2016-03-02,27,MIL,H,IND,-5,0,31:46,3,9,0.333,0,5,0,5,5,1,0,3,3,5,0,0,0,4,11,8.7,-5,22.3
Jerryd Bayless,62,39,2016-03-04,27,MIL,H,MIN,15,0,25:58,2,9,0.222,1,4,0.25,1,1,1,0,1,1,1,1,0,0,0,6,2.5,-5,11.3
Jerryd Bayless,63,40,2016-03-06,27,MIL,H,OKC,-8,0,31:32,2,4,0.5,1,3,0.333,7,8,0.875,2,4,6,1,0,0,2,4,12,9.3,-4,20.5
Jerryd Bayless,64,41,2016-03-07,27,MIL,A,CHI,-10,0,37:49,7,15,0.467,5,8,0.625,1,2,0.5,1,1,2,4,1,0,0,1,20,16.3,-8,33
Jerryd Bayless,65,42,2016-03-09,27,MIL,H,MIA,6,1,39:59,2,7,0.286,1,2,0.5,1,2,0.5,1,1,2,3,0,0,0,3,6,3.4,7,13.5
Jerryd Bayless,66,43,2016-03-12,27,MIL,H,NOP,11,1,39:38,7,13,0.538,3,7,0.429,0,0,NA,1,3,4,4,2,1,0,1,17,17.4,15,35.5
Jerryd Bayless,67,44,2016-03-13,27,MIL,A,BRK,9,1,37:49,3,8,0.375,3,7,0.429,0,0,NA,1,2,3,2,3,0,2,1,9,7.9,10,22.3
Jerryd Bayless,68,45,2016-03-15,27,MIL,H,TOR,-18,1,28:24,3,9,0.333,1,3,0.333,4,4,1,0,0,0,0,1,0,0,4,11,5.3,-11,13.5
Jerryd Bayless,69,46,2016-03-17,27,MIL,H,MEM,10,1,24:40,3,8,0.375,2,5,0.4,2,4,0.5,0,1,1,2,0,0,1,2,10,4.7,-1,14.8
Jerryd Bayless,70,47,2016-03-20,27,MIL,H,UTA,-9,1,28:13,3,5,0.6,1,3,0.333,0,0,NA,0,1,1,3,1,0,1,1,7,6.7,-15,14.8
Jerryd Bayless,71,48,2016-03-21,27,MIL,A,DET,-1,1,36:53,2,5,0.4,1,1,1,0,2,0,0,3,3,6,0,0,1,1,5,5.2,3,17.8
Jerryd Bayless,72,49,2016-03-23,27,MIL,A,CLE,-9,1,33:01,6,9,0.667,3,4,0.75,0,0,NA,1,4,5,1,0,0,0,1,15,13.3,-6,24.3
Jerryd Bayless,73,50,2016-03-25,27,MIL,A,ATL,-11,1,31:16,3,6,0.5,2,4,0.5,4,4,1,0,4,4,3,2,2,1,3,12,13.5,-6,30
Jerryd Bayless,74,51,2016-03-26,27,MIL,H,CHO,-24,1,21:48,1,7,0.143,0,1,0,0,0,NA,0,1,1,0,1,0,1,2,2,-3,-28,4.8
Jerryd Bayless,75,52,2016-03-30,27,MIL,H,PHO,11,1,12:04,1,4,0.25,0,1,0,0,0,NA,0,1,1,1,1,0,1,0,2,0.6,-7,6.3
Jabari Parker,5,1,2015-11-04,20,MIL,H,PHI,4,1,16:21,1,5,0.2,0,0,NA,0,0,NA,0,3,3,1,0,0,0,0,2,0.5,-8,7.3
Jabari Parker,6,2,2015-11-06,20,MIL,A,NYK,7,1,17:31,3,6,0.5,0,0,NA,0,0,NA,0,1,1,1,0,0,1,1,6,2.6,10,8.3
Jabari Parker,7,3,2015-11-07,20,MIL,H,BRK,8,1,24:11,4,7,0.571,0,0,NA,0,1,0,0,2,2,0,0,0,1,0,8,3.9,1,10
Jabari Parker,8,4,2015-11-10,20,MIL,H,BOS,-16,1,23:33,4,6,0.667,0,0,NA,0,0,NA,3,5,8,1,2,0,0,1,8,11.3,23,23.5
Jabari Parker,10,5,2015-11-14,20,MIL,H,CLE,3,1,30:01,5,10,0.5,0,0,NA,2,2,1,0,3,3,1,0,0,1,2,12,6.8,-1,16.8
Jabari Parker,12,6,2015-11-19,20,MIL,A,CLE,-15,1,30:33,6,10,0.6,0,0,NA,2,2,1,1,2,3,1,0,1,1,3,14,9.9,-11,20.8
Jabari Parker,13,7,2015-11-21,20,MIL,A,IND,-37,1,21:25,4,8,0.5,0,0,NA,2,2,1,3,1,4,1,2,1,2,1,10,9.4,-8,21.5
Jabari Parker,14,8,2015-11-23,20,MIL,H,DET,21,1,27:23,5,10,0.5,0,0,NA,2,3,0.667,1,0,1,1,0,1,0,0,12,8.7,10,16.8
Jabari Parker,15,9,2015-11-25,20,MIL,H,SAC,-11,1,21:11,3,5,0.6,0,0,NA,4,4,1,0,2,2,3,1,0,1,0,10,10.4,-7,18.5
Jabari Parker,16,10,2015-11-27,20,MIL,A,ORL,-24,1,21:58,4,9,0.444,0,1,0,0,0,NA,1,2,3,1,0,0,0,1,8,4.9,-17,13.3
Jabari Parker,17,11,2015-11-29,20,MIL,A,CHO,-5,0,17:02,4,10,0.4,0,0,NA,2,2,1,2,5,7,0,0,0,1,3,10,5.3,-12,18.3
Jabari Parker,18,12,2015-11-30,20,MIL,H,DEN,18,0,25:49,6,13,0.462,0,0,NA,4,4,1,0,4,4,1,2,2,0,1,16,14.2,18,30.5
Jabari Parker,19,13,2015-12-02,20,MIL,A,SAS,-25,0,26:25,1,7,0.143,0,1,0,5,6,0.833,1,6,7,0,1,0,1,2,7,3.8,-11,17.3
Jabari Parker,20,14,2015-12-04,20,MIL,A,DET,-7,0,19:05,4,8,0.5,0,0,NA,2,2,1,3,2,5,0,0,0,0,5,10,6.7,2,16.3
Jabari Parker,21,15,2015-12-05,20,MIL,H,NYK,15,1,35:56,8,13,0.615,0,0,NA,1,2,0.5,2,5,7,2,2,1,2,2,17,14.9,10,33.8
Jabari Parker,22,16,2015-12-07,20,MIL,H,POR,2,1,32:19,4,8,0.5,0,0,NA,4,5,0.8,0,6,6,4,0,0,2,1,12,9.8,3,24.5
Jabari Parker,23,17,2015-12-09,20,MIL,H,LAC,-14,1,30:52,5,13,0.385,0,0,NA,0,0,NA,2,3,5,0,1,0,0,2,10,5.4,-25,18.3
Jabari Parker,24,18,2015-12-11,20,MIL,A,TOR,-7,1,24:47,4,12,0.333,0,0,NA,2,2,1,1,5,6,1,0,0,2,3,10,2.9,-5,18
Jabari Parker,25,19,2015-12-12,20,MIL,H,GSW,13,1,28:28,9,14,0.643,0,0,NA,1,3,0.333,1,6,7,1,2,1,2,3,19,14.7,10,34.3
Jabari Parker,26,20,2015-12-15,20,MIL,A,LAL,-18,1,25:41,4,9,0.444,0,1,0,4,6,0.667,3,1,4,3,0,0,0,0,12,11,-14,21.5
Jabari Parker,27,21,2015-12-16,20,MIL,A,LAC,-13,1,24:50,6,11,0.545,0,0,NA,2,2,1,1,1,2,1,1,1,0,3,14,10.9,-8,22
Jabari Parker,28,22,2015-12-18,20,MIL,A,GSW,-9,1,30:50,6,13,0.462,0,1,0,2,3,0.667,0,2,2,2,0,1,2,5,14,5.6,-2,20.5
Jabari Parker,29,23,2015-12-20,20,MIL,A,PHO,6,1,27:29,2,7,0.286,0,0,NA,3,4,0.75,2,4,6,1,1,0,0,2,7,6,7,18
Jabari Parker,30,24,2015-12-23,20,MIL,H,PHI,13,1,30:31,8,10,0.8,0,0,NA,0,0,NA,0,1,1,3,2,2,1,2,16,16.2,14,29.3
Jabari Parker,31,25,2015-12-26,20,MIL,H,TOR,-21,1,32:53,2,12,0.167,0,0,NA,5,6,0.833,3,1,4,2,0,0,2,2,9,2,-8,16
Jabari Parker,32,26,2015-12-28,20,MIL,A,DAL,-10,1,18:21,2,7,0.286,0,0,NA,2,2,1,2,2,4,0,0,0,1,1,6,2.5,-13,10.5
Jabari Parker,33,27,2015-12-29,20,MIL,A,OKC,-8,1,17:52,2,11,0.182,0,0,NA,1,2,0.5,4,0,4,0,0,0,0,1,5,0.1,-4,10
Jabari Parker,34,28,2015-12-31,20,MIL,A,IND,4,1,29:50,7,10,0.7,0,0,NA,0,0,NA,1,2,3,1,1,0,0,2,14,12,5,21.3
Jabari Parker,35,29,2016-01-02,20,MIL,A,MIN,10,1,35:00,4,7,0.571,0,0,NA,4,4,1,1,5,6,1,0,0,1,4,12,9,-11,20.5
Jabari Parker,36,30,2016-01-04,20,MIL,H,SAS,-25,1,31:45,5,14,0.357,0,1,0,4,4,1,4,4,8,3,0,1,0,1,14,12.6,-9,30.5
Jabari Parker,37,31,2016-01-05,20,MIL,A,CHI,-11,1,34:25,5,12,0.417,0,0,NA,1,2,0.5,1,6,7,0,0,0,1,1,11,5.3,-21,19.3
Jabari Parker,38,32,2016-01-08,20,MIL,H,DAL,1,1,30:04,4,9,0.444,0,0,NA,2,2,1,2,0,2,3,2,0,1,4,10,8.2,-3,20.5
Jabari Parker,39,33,2016-01-10,20,MIL,A,NYK,-12,1,32:00,7,12,0.583,0,0,NA,0,0,NA,4,2,6,1,2,1,0,3,14,14,-23,29
Jabari Parker,40,34,2016-01-12,20,MIL,H,CHI,5,1,27:01,8,14,0.571,0,0,NA,0,2,0,2,1,3,0,3,0,1,3,16,11.1,7,25.3
Jabari Parker,41,35,2016-01-13,20,MIL,A,WAS,-5,1,32:24,9,13,0.692,0,0,NA,4,5,0.8,2,4,6,1,1,0,3,2,22,16.6,-17,31.5
Jabari Parker,42,36,2016-01-15,20,MIL,H,ATL,7,1,37:17,5,15,0.333,0,1,0,0,0,NA,3,7,10,2,1,1,1,0,10,7.8,12,30.5
Jabari Parker,43,37,2016-01-16,20,MIL,A,CHO,13,1,30:06,7,9,0.778,0,0,NA,1,2,0.5,1,1,2,4,1,0,3,0,15,12.9,10,24
Jabari Parker,44,38,2016-01-19,20,MIL,A,MIA,12,1,35:31,4,7,0.571,0,0,NA,1,2,0.5,0,2,2,3,1,0,2,1,9,6.6,16,17
Jabari Parker,45,39,2016-01-22,20,MIL,A,HOU,-4,1,39:53,5,9,0.556,0,0,NA,1,2,0.5,3,7,10,4,2,2,1,1,11,15.3,6,38.5
Jabari Parker,46,40,2016-01-23,20,MIL,A,NOP,-17,1,34:25,3,7,0.429,0,0,NA,4,4,1,1,4,5,3,0,1,2,1,10,8.6,-2,21.8
Jabari Parker,47,41,2016-01-26,20,MIL,H,ORL,7,1,33:06,6,8,0.75,0,0,NA,3,4,0.75,0,7,7,1,0,1,3,1,15,11.5,-4,25.8
Jabari Parker,48,42,2016-01-28,20,MIL,A,MEM,-20,1,29:15,2,5,0.4,0,0,NA,3,4,0.75,3,5,8,0,1,0,0,2,7,7.7,-12,19
Jabari Parker,49,43,2016-01-29,20,MIL,H,MIA,-4,1,39:29,7,13,0.538,0,0,NA,3,3,1,3,2,5,1,1,1,4,2,17,11,-8,26.8
Jabari Parker,50,44,2016-02-01,20,MIL,A,SAC,-7,1,37:13,8,13,0.615,0,0,NA,0,0,NA,3,4,7,2,2,0,2,5,16,12.8,-2,30.8
Jabari Parker,51,45,2016-02-02,20,MIL,A,POR,-12,1,32:21,3,7,0.429,0,1,0,0,0,NA,0,1,1,1,1,1,2,3,6,1.8,-17,11.8
Jabari Parker,52,46,2016-02-05,20,MIL,A,UTA,-3,1,32:59,1,6,0.167,0,0,NA,0,0,NA,1,3,4,0,0,1,1,4,2,-2.1,-2,8.5
Jabari Parker,53,47,2016-02-09,20,MIL,H,BOS,1,1,26:34,5,12,0.417,0,0,NA,0,1,0,1,2,3,2,1,0,1,0,10,5.9,-4,18.3
Jabari Parker,54,48,2016-02-11,20,MIL,H,WAS,7,1,40:42,7,11,0.636,0,0,NA,3,6,0.5,3,6,9,4,1,0,4,1,17,14.2,5,34.3
Jabari Parker,55,49,2016-02-19,20,MIL,H,CHO,-3,1,41:30,10,19,0.526,0,1,0,3,4,0.75,3,8,11,2,1,0,5,2,23,14.4,-4,40.8
Jabari Parker,56,50,2016-02-20,20,MIL,A,ATL,8,1,51:19,11,21,0.524,0,0,NA,6,7,0.857,3,10,13,2,0,0,0,1,28,23.4,18,48.8
Jabari Parker,57,51,2016-02-22,20,MIL,H,LAL,7,1,36:18,7,15,0.467,0,0,NA,1,2,0.5,1,8,9,4,1,1,2,4,15,10.9,3,35.3
Jabari Parker,58,52,2016-02-25,20,MIL,A,BOS,-5,1,36:54,8,16,0.5,0,1,0,6,7,0.857,3,3,6,2,1,0,2,5,22,15,-6,33.5
Jabari Parker,59,53,2016-02-27,20,MIL,H,DET,-11,1,34:20,5,10,0.5,0,0,NA,3,4,0.75,0,5,5,3,0,0,2,2,13,8.4,-13,22.8
Jabari Parker,60,54,2016-02-29,20,MIL,H,HOU,7,1,40:04,16,25,0.64,1,1,1,3,3,1,1,3,4,5,2,0,5,1,36,26.6,3,50.5
Jabari Parker,61,55,2016-03-02,20,MIL,H,IND,-5,1,36:52,8,15,0.533,0,0,NA,2,2,1,2,2,4,0,2,0,4,3,18,9.5,1,25
Jabari Parker,62,56,2016-03-04,20,MIL,H,MIN,15,1,38:59,7,18,0.389,1,2,0.5,1,1,1,1,5,6,4,2,1,4,3,16,8.7,24,34
Jabari Parker,63,57,2016-03-06,20,MIL,H,OKC,-8,1,35:55,12,23,0.522,0,2,0,2,3,0.667,0,5,5,4,2,1,1,3,26,19.1,10,43.8
Jabari Parker,64,58,2016-03-07,20,MIL,A,CHI,-10,1,38:18,7,17,0.412,0,0,NA,4,5,0.8,4,7,11,1,1,1,0,5,18,13.8,-8,38.8
Jabari Parker,65,59,2016-03-09,20,MIL,H,MIA,6,1,37:42,7,13,0.538,1,1,1,8,11,0.727,1,2,3,0,2,0,1,1,23,17.4,-7,30.8
Jabari Parker,66,60,2016-03-12,20,MIL,H,NOP,11,1,38:11,4,10,0.4,0,0,NA,7,8,0.875,3,2,5,2,3,0,6,2,15,9.5,5,27.3
Jabari Parker,67,61,2016-03-13,20,MIL,A,BRK,9,1,36:37,11,17,0.647,0,1,0,1,1,1,3,2,5,0,1,0,0,2,23,18.4,10,31.3
Jabari Parker,68,62,2016-03-15,21,MIL,H,TOR,-18,1,37:15,7,16,0.438,1,2,0.5,3,3,1,0,4,4,2,0,0,0,2,18,11.4,-22,26.5
Jabari Parker,69,63,2016-03-17,21,MIL,H,MEM,10,1,27:34,3,11,0.273,0,1,0,1,2,0.5,1,2,3,0,0,1,0,1,7,1.7,-8,12.8
Jabari Parker,70,64,2016-03-20,21,MIL,H,UTA,-9,1,34:59,8,14,0.571,0,0,NA,3,3,1,0,8,8,2,1,1,2,3,19,14.7,-16,35
Jabari Parker,71,65,2016-03-21,21,MIL,A,DET,-1,1,34:39,2,7,0.286,1,1,1,0,0,NA,2,4,6,2,0,2,2,4,5,2.7,8,19
Jabari Parker,72,66,2016-03-23,21,MIL,A,CLE,-9,1,26:32,5,8,0.625,1,1,1,1,2,0.5,1,0,1,3,4,0,2,3,12,11.6,-10,25.3
Jabari Parker,73,67,2016-03-25,21,MIL,A,ATL,-11,1,36:48,8,18,0.444,0,1,0,3,6,0.5,2,6,8,1,0,0,4,2,19,7.5,-21,28.5
Jabari Parker,74,68,2016-03-26,21,MIL,H,CHO,-24,1,38:17,6,13,0.462,1,2,0.5,2,2,1,2,5,7,4,1,0,1,2,15,13.2,-21,31.8
Jabari Parker,75,69,2016-03-30,21,MIL,H,PHO,11,1,36:03,6,10,0.6,0,1,0,9,11,0.818,3,2,5,3,4,0,2,2,21,21.6,11,38.8
Jabari Parker,76,70,2016-04-01,21,MIL,H,ORL,3,1,41:09,12,14,0.857,0,0,NA,2,3,0.667,0,7,7,5,1,0,2,0,26,25.2,18,43.3
Jabari Parker,77,71,2016-04-03,21,MIL,H,CHI,-4,1,43:58,9,21,0.429,0,2,0,6,6,1,6,5,11,3,1,0,4,3,24,16.5,4,43.8
Jabari Parker,78,72,2016-04-05,21,MIL,H,CLE,-29,1,41:16,7,19,0.368,0,2,0,5,10,0.5,1,1,2,4,0,0,2,1,19,7.9,-23,26.5
Jabari Parker,79,73,2016-04-08,21,MIL,A,BOS,-15,1,28:41,8,18,0.444,0,1,0,2,3,0.667,2,3,5,1,0,0,1,3,18,9,-12,25.3
Jabari Parker,80,74,2016-04-10,21,MIL,A,PHI,1,1,31:27,6,10,0.6,2,2,1,1,1,1,0,6,6,0,0,0,3,4,15,7.6,3,22
Jabari Parker,81,75,2016-04-11,21,MIL,A,ORL,-9,1,36:33,8,17,0.471,0,2,0,1,2,0.5,1,2,3,1,0,0,3,1,17,6.5,-8,20.8
Jabari Parker,82,76,2016-04-13,21,MIL,H,IND,-5,1,25:12,7,17,0.412,0,1,0,3,4,0.75,2,5,7,1,1,0,0,1,17,11.7,-10,29.3
John Henson,1,1,2015-10-28,24,MIL,H,NYK,-25,0,10:06,2,5,0.4,0,0,NA,0,0,NA,1,0,1,1,0,1,1,2,4,1.6,-1,8.3
John Henson,6,2,2015-11-06,24,MIL,A,NYK,7,0,23:15,8,12,0.667,0,0,NA,6,7,0.857,4,1,5,1,1,3,1,1,22,21.9,9,37.3
John Henson,7,3,2015-11-07,24,MIL,H,BRK,8,0,8:44,2,5,0.4,0,0,NA,0,0,NA,2,2,4,1,0,1,1,3,4,2.5,4,12
John Henson,8,4,2015-11-10,24,MIL,H,BOS,-16,0,9:58,1,3,0.333,0,0,NA,0,2,0,2,1,3,0,1,0,2,1,2,-0.2,-22,6.8
John Henson,9,5,2015-11-11,24,MIL,A,DEN,-1,0,15:24,2,5,0.4,0,0,NA,0,0,NA,0,2,2,1,0,1,1,2,4,1.5,-7,9.5
John Henson,10,6,2015-11-14,24,MIL,H,CLE,3,0,21:17,3,5,0.6,0,0,NA,0,2,0,4,2,6,1,1,3,1,3,6,7.9,-8,22.5
John Henson,11,7,2015-11-17,24,MIL,A,WAS,-29,0,16:03,3,3,1,0,0,NA,4,6,0.667,2,4,6,1,0,1,1,4,10,9.7,2,20.5
John Henson,12,8,2015-11-19,24,MIL,A,CLE,-15,0,10:58,0,0,NA,0,0,NA,0,0,NA,0,0,0,0,0,1,0,2,0,-0.1,-15,2
John Henson,13,9,2015-11-21,24,MIL,A,IND,-37,0,12:09,2,3,0.667,0,0,NA,2,2,1,0,3,3,1,0,0,1,3,6,4.1,-8,10.8
John Henson,14,10,2015-11-23,24,MIL,H,DET,21,0,8:02,1,4,0.25,0,0,NA,0,0,NA,0,1,1,1,0,0,2,4,2,-3,-5,3.8
John Henson,15,11,2015-11-25,24,MIL,H,SAC,-11,0,19:17,6,8,0.75,0,0,NA,3,5,0.6,6,5,11,0,0,1,1,1,15,16,-5,31.8
John Henson,16,12,2015-11-27,24,MIL,A,ORL,-24,0,19:56,1,2,0.5,0,0,NA,6,6,1,0,3,3,0,1,1,3,2,8,5.8,-7,14.3
John Henson,17,13,2015-11-29,24,MIL,A,CHO,-5,0,17:46,1,3,0.333,0,0,NA,0,0,NA,4,1,5,0,0,1,3,2,2,0.3,-10,8.8
John Henson,18,14,2015-11-30,24,MIL,H,DEN,18,0,23:18,4,7,0.571,0,0,NA,0,4,0,2,5,7,2,1,3,1,2,8,8.7,15,27.3
John Henson,19,15,2015-12-02,24,MIL,A,SAS,-25,0,13:11,2,2,1,0,0,NA,2,2,1,0,2,2,0,0,2,0,2,6,6.6,-7,12.5
John Henson,20,16,2015-12-04,24,MIL,A,DET,-7,0,14:36,4,5,0.8,0,0,NA,0,0,NA,3,0,3,0,1,3,2,3,8,8.1,-4,18.8
John Henson,21,17,2015-12-05,24,MIL,H,NYK,15,0,14:46,1,6,0.167,0,0,NA,2,6,0.333,4,3,7,2,0,1,1,4,4,1.8,-5,17.3
John Henson,22,18,2015-12-07,24,MIL,H,POR,2,0,20:51,3,3,1,0,0,NA,2,4,0.5,1,6,7,1,0,4,0,0,8,12.3,-11,26.3
John Henson,23,19,2015-12-09,24,MIL,H,LAC,-14,0,11:40,4,7,0.571,0,0,NA,0,0,NA,1,1,2,1,0,0,0,5,8,4.4,11,12
John Henson,24,20,2015-12-11,24,MIL,A,TOR,-7,0,15:01,3,4,0.75,0,0,NA,0,0,NA,3,2,5,0,0,1,1,1,6,6.4,-4,13.8
John Henson,25,21,2015-12-12,24,MIL,H,GSW,13,0,12:28,3,8,0.375,0,0,NA,0,0,NA,0,2,2,2,0,0,1,5,6,0.6,-4,11
John Henson,26,22,2015-12-15,24,MIL,A,LAL,-18,1,23:45,3,5,0.6,0,0,NA,0,2,0,1,3,4,1,0,4,2,3,6,4.8,-15,19.5
John Henson,27,23,2015-12-16,24,MIL,A,LAC,-13,0,20:55,5,8,0.625,0,0,NA,0,0,NA,4,4,8,0,0,3,1,0,10,11.5,7,25.5
John Henson,28,24,2015-12-18,24,MIL,A,GSW,-9,0,2:06,0,0,NA,0,0,NA,0,0,NA,0,0,0,0,0,0,0,3,0,-1.2,-4,0
John Henson,29,25,2015-12-20,24,MIL,A,PHO,6,0,22:02,3,4,0.75,0,0,NA,2,4,0.5,2,4,6,2,1,4,0,2,8,12.6,0,28.5
John Henson,30,26,2015-12-23,24,MIL,H,PHI,13,0,21:08,1,4,0.25,0,0,NA,0,0,NA,1,3,4,3,1,6,0,4,2,6.9,-2,25.5
John Henson,31,27,2015-12-26,24,MIL,H,TOR,-21,0,14:56,5,7,0.714,0,0,NA,1,2,0.5,0,1,1,0,0,3,1,0,11,9.1,-22,17.8
John Henson,33,28,2015-12-29,25,MIL,A,OKC,-8,0,25:08,4,6,0.667,0,0,NA,0,0,NA,1,5,6,3,0,5,1,3,8,11,6,29.5
John Henson,34,29,2015-12-31,25,MIL,A,IND,4,0,13:34,2,4,0.5,0,0,NA,0,2,0,1,2,3,1,1,1,2,2,4,2.1,11,12.3
John Henson,35,30,2016-01-02,25,MIL,A,MIN,10,0,21:01,6,7,0.857,0,0,NA,3,6,0.5,2,2,4,1,0,1,1,1,15,13.3,8,23
John Henson,36,31,2016-01-04,25,MIL,H,SAS,-25,0,14:03,4,5,0.8,0,0,NA,0,1,0,0,4,4,1,0,1,1,3,8,6.1,-10,16
John Henson,37,32,2016-01-05,25,MIL,A,CHI,-11,0,19:24,3,5,0.6,0,0,NA,0,0,NA,4,0,4,1,0,2,1,3,6,6.4,-7,16
John Henson,38,33,2016-01-08,25,MIL,H,DAL,1,0,20:17,8,9,0.889,0,0,NA,0,0,NA,0,3,3,1,1,1,1,0,16,15.2,8,24.8
John Henson,39,34,2016-01-10,25,MIL,A,NYK,-12,0,8:47,0,2,0,0,0,NA,0,0,NA,0,1,1,0,0,1,0,1,0,-0.8,-19,3.3
John Henson,40,35,2016-01-12,25,MIL,H,CHI,5,0,21:55,4,8,0.5,0,0,NA,0,2,0,1,2,3,3,0,5,2,3,8,6.9,-12,25.3
John Henson,41,36,2016-01-13,25,MIL,A,WAS,-5,0,17:00,2,4,0.5,0,0,NA,0,0,NA,0,2,2,0,0,1,4,2,4,-1.5,-5,6.5
John Henson,42,37,2016-01-15,25,MIL,H,ATL,7,0,31:13,3,6,0.5,0,0,NA,4,8,0.5,2,5,7,1,0,6,3,3,10,9,16,30.8
John Henson,43,38,2016-01-16,25,MIL,A,CHO,13,0,18:39,2,4,0.5,0,0,NA,2,4,0.5,0,7,7,0,1,3,0,0,6,8.4,5,22.8
John Henson,44,39,2016-01-19,25,MIL,A,MIA,12,0,15:10,4,5,0.8,0,0,NA,1,1,1,1,0,1,0,0,2,2,4,9,5.6,14,13.3
John Henson,45,40,2016-01-22,25,MIL,A,HOU,-4,0,18:14,2,4,0.5,0,0,NA,4,4,1,2,4,6,2,0,2,1,3,8,9.2,-3,22
John Henson,46,41,2016-01-23,25,MIL,A,NOP,-17,0,14:48,2,3,0.667,0,0,NA,0,0,NA,0,2,2,1,0,0,1,2,4,2.2,-16,7.5
John Henson,47,42,2016-01-26,25,MIL,H,ORL,7,0,16:39,1,3,0.333,0,0,NA,0,0,NA,0,3,3,4,0,4,0,6,2,4.4,10,19.8
John Henson,68,43,2016-03-15,25,MIL,H,TOR,-18,0,5:45,2,3,0.667,0,0,NA,0,0,NA,1,0,1,0,1,0,1,0,4,3.4,3,6.8
John Henson,69,44,2016-03-17,25,MIL,H,MEM,10,0,14:24,1,2,0.5,0,0,NA,1,2,0.5,2,0,2,0,2,4,1,1,3,6.4,19,17
John Henson,70,45,2016-03-20,25,MIL,H,UTA,-9,0,26:06,3,6,0.5,0,0,NA,2,2,1,0,2,2,0,0,3,0,2,8,6.9,-3,16.5
John Henson,71,46,2016-03-21,25,MIL,A,DET,-1,0,14:26,1,2,0.5,0,0,NA,1,2,0.5,0,1,1,3,0,1,1,2,3,2.9,-17,10.3
John Henson,72,47,2016-03-23,25,MIL,A,CLE,-9,0,19:39,5,9,0.556,0,0,NA,2,4,0.5,2,1,3,1,1,1,3,2,12,7.2,2,19.8
John Henson,73,48,2016-03-25,25,MIL,A,ATL,-11,0,25:33,7,11,0.636,0,0,NA,3,4,0.75,8,2,10,1,0,3,2,1,17,18.3,-1,37.5
John Henson,74,49,2016-03-26,25,MIL,H,CHO,-24,0,25:18,8,10,0.8,0,0,NA,3,3,1,4,4,8,0,1,3,0,3,19,21.1,7,37
John Henson,75,50,2016-03-30,25,MIL,H,PHO,11,0,23:24,3,9,0.333,0,0,NA,4,6,0.667,1,4,5,2,1,4,1,4,10,8.6,7,28.8
John Henson,76,51,2016-04-01,25,MIL,H,ORL,3,0,11:20,1,1,1,0,0,NA,0,0,NA,1,2,3,2,0,0,0,5,2,2.4,-7,8.8
John Henson,77,52,2016-04-03,25,MIL,H,CHI,-4,0,9:07,0,2,0,0,0,NA,0,0,NA,0,1,1,0,0,1,0,1,0,-0.8,-16,3.3
John Henson,78,53,2016-04-05,25,MIL,H,CLE,-29,0,6:39,0,1,0,0,0,NA,0,0,NA,0,0,0,1,0,0,0,1,0,-0.4,-11,1.5
John Henson,79,54,2016-04-08,25,MIL,A,BOS,-15,0,17:22,2,6,0.333,0,0,NA,1,2,0.5,0,4,4,1,1,3,1,2,5,4.4,-4,19
John Henson,80,55,2016-04-10,25,MIL,A,PHI,1,0,24:31,6,12,0.5,0,0,NA,6,6,1,5,5,10,1,0,2,1,3,18,16.9,-10,37
John Henson,81,56,2016-04-11,25,MIL,A,ORL,-9,0,14:36,2,5,0.4,0,0,NA,1,2,0.5,1,2,3,0,0,0,2,2,5,0.4,2,7.8
John Henson,82,57,2016-04-13,25,MIL,H,IND,-5,0,21:48,3,9,0.333,0,1,0,1,2,0.5,1,3,4,1,0,1,3,2,7,0.7,-5,14
Greg Monroe,1,1,2015-10-28,25,MIL,H,NYK,-25,1,34:31,7,17,0.412,0,0,NA,8,10,0.8,7,7,14,4,2,2,0,3,22,24.1,-15,55
Greg Monroe,2,2,2015-10-30,25,MIL,H,WAS,-5,1,34:56,10,14,0.714,0,0,NA,2,3,0.667,2,3,5,3,2,0,2,2,22,19.4,3,35.8
Greg Monroe,3,3,2015-11-01,25,MIL,A,TOR,-19,1,28:24,5,7,0.714,0,0,NA,4,4,1,2,4,6,5,1,2,2,5,14,15.6,-18,34
Greg Monroe,4,4,2015-11-02,25,MIL,A,BRK,7,1,39:25,10,14,0.714,0,0,NA,3,4,0.75,1,12,13,1,1,1,2,4,23,19.9,13,45.3
Greg Monroe,5,5,2015-11-04,25,MIL,H,PHI,4,1,36:16,7,14,0.5,0,0,NA,4,5,0.8,2,6,8,4,3,0,2,3,18,16.4,6,39
Greg Monroe,6,6,2015-11-06,25,MIL,A,NYK,7,1,22:43,3,12,0.25,0,0,NA,2,2,1,4,3,7,3,0,1,3,2,8,3.5,2,21.8
Greg Monroe,7,7,2015-11-07,25,MIL,H,BRK,8,1,35:08,8,16,0.5,0,0,NA,4,5,0.8,3,5,8,2,2,2,2,0,20,18,12,40
Greg Monroe,8,8,2015-11-10,25,MIL,H,BOS,-16,1,32:51,7,11,0.636,0,0,NA,3,5,0.6,2,12,14,4,1,1,2,2,17,18,7,45
Greg Monroe,9,9,2015-11-11,25,MIL,A,DEN,-1,1,32:36,9,13,0.692,0,0,NA,0,0,NA,2,8,10,2,1,0,2,2,18,15.9,6,36
Greg Monroe,10,10,2015-11-14,25,MIL,H,CLE,3,1,43:28,8,17,0.471,0,0,NA,0,0,NA,6,11,17,3,0,1,2,3,16,14.4,8,44.3
Greg Monroe,11,11,2015-11-17,25,MIL,A,WAS,-29,1,25:34,1,6,0.167,0,0,NA,2,4,0.5,3,2,5,4,0,1,3,2,4,1.8,-26,16.8
Greg Monroe,12,12,2015-11-19,25,MIL,A,CLE,-15,1,33:39,7,14,0.5,0,0,NA,3,7,0.429,2,6,8,1,2,0,2,0,17,12.3,-2,31.5
Greg Monroe,13,13,2015-11-21,25,MIL,A,IND,-37,1,23:51,4,10,0.4,0,0,NA,3,4,0.75,7,7,14,3,1,1,2,2,11,13.2,-15,37.5
Greg Monroe,14,14,2015-11-23,25,MIL,H,DET,21,1,31:20,9,19,0.474,0,0,NA,2,2,1,5,8,13,1,2,0,1,3,20,16.7,28,42.8
Greg Monroe,15,15,2015-11-25,25,MIL,H,SAC,-11,1,28:43,5,11,0.455,0,0,NA,1,2,0.5,0,7,7,3,0,4,1,4,11,9.3,-6,31.8
Greg Monroe,16,16,2015-11-27,25,MIL,A,ORL,-24,1,19:09,3,12,0.25,0,0,NA,3,4,0.75,3,5,8,0,0,0,1,1,9,3.6,-18,18.5
Greg Monroe,17,17,2015-11-29,25,MIL,A,CHO,-5,1,30:14,7,15,0.467,0,0,NA,3,5,0.6,3,7,10,3,2,0,2,5,17,12.8,5,38.5
Greg Monroe,18,18,2015-11-30,25,MIL,H,DEN,18,1,24:58,8,11,0.727,0,0,NA,2,2,1,2,3,5,2,1,2,0,1,18,19.2,7,33.3
Greg Monroe,19,19,2015-12-02,25,MIL,A,SAS,-25,1,27:44,6,13,0.462,0,0,NA,2,2,1,1,6,7,0,1,1,1,2,14,9.7,-17,26.3
Greg Monroe,20,20,2015-12-04,25,MIL,A,DET,-7,1,33:17,7,15,0.467,0,0,NA,0,0,NA,2,11,13,1,2,2,1,2,14,13.3,-1,40.8
Greg Monroe,21,21,2015-12-05,25,MIL,H,NYK,15,1,33:14,8,13,0.615,0,0,NA,2,2,1,3,11,14,0,1,1,2,3,18,16,20,40
Greg Monroe,22,22,2015-12-07,25,MIL,H,POR,2,1,27:09,7,11,0.636,0,0,NA,2,2,1,2,10,12,3,0,0,2,1,16,15.2,13,36
Greg Monroe,23,23,2015-12-09,25,MIL,H,LAC,-14,1,36:20,8,16,0.5,0,0,NA,0,0,NA,4,6,10,2,1,0,1,1,16,13.6,-25,34.5
Greg Monroe,24,24,2015-12-11,25,MIL,A,TOR,-7,1,32:59,6,9,0.667,0,0,NA,1,2,0.5,0,7,7,2,3,0,1,0,13,14.2,-3,30.3
Greg Monroe,25,25,2015-12-12,25,MIL,H,GSW,13,1,35:32,11,17,0.647,0,0,NA,6,7,0.857,4,7,11,5,0,0,3,4,28,23.9,17,49.3
Greg Monroe,28,26,2015-12-18,25,MIL,A,GSW,-9,1,26:40,5,11,0.455,0,0,NA,0,0,NA,3,10,13,6,2,1,3,5,10,11.3,-15,41.3
Greg Monroe,29,27,2015-12-20,25,MIL,A,PHO,6,1,25:58,6,10,0.6,0,0,NA,1,2,0.5,0,2,2,4,0,0,1,4,13,8.8,6,21
Greg Monroe,30,28,2015-12-23,25,MIL,H,PHI,13,1,24:51,4,10,0.4,0,0,NA,3,4,0.75,0,6,6,1,2,2,0,3,11,9.9,18,28
Greg Monroe,31,29,2015-12-26,25,MIL,H,TOR,-21,1,33:04,7,10,0.7,0,0,NA,5,5,1,1,10,11,3,0,1,2,1,19,18.9,1,39.8
Greg Monroe,32,30,2015-12-28,25,MIL,A,DAL,-10,1,32:52,3,10,0.3,0,0,NA,2,2,1,3,8,11,2,0,2,1,2,8,7.7,-18,28.3
Greg Monroe,33,31,2015-12-29,25,MIL,A,OKC,-8,1,19:53,2,9,0.222,0,0,NA,0,0,NA,2,8,10,1,1,0,2,2,4,1.2,-11,19
Greg Monroe,34,32,2015-12-31,25,MIL,A,IND,4,1,29:45,10,12,0.833,0,0,NA,3,4,0.75,0,3,3,0,1,1,1,2,23,19,5,30.3
Greg Monroe,35,33,2016-01-02,25,MIL,A,MIN,10,1,26:59,7,13,0.538,0,0,NA,5,5,1,4,6,10,3,2,0,0,1,19,21,2,41.5
Greg Monroe,36,34,2016-01-04,25,MIL,H,SAS,-25,1,27:56,5,9,0.556,0,0,NA,5,8,0.625,2,6,8,2,2,1,2,1,15,14.4,-12,33
Greg Monroe,37,35,2016-01-05,25,MIL,A,CHI,-11,1,28:36,5,18,0.278,0,0,NA,3,4,0.75,8,4,12,3,1,0,4,2,13,7.1,-4,34
Greg Monroe,38,36,2016-01-08,25,MIL,H,DAL,1,1,27:43,3,10,0.3,0,0,NA,3,5,0.6,7,5,12,0,1,0,3,3,9,5.6,-7,24.5
Greg Monroe,39,37,2016-01-10,25,MIL,A,NYK,-12,1,33:20,11,16,0.688,0,0,NA,6,7,0.857,4,6,10,2,0,1,2,2,28,24.7,9,46
Greg Monroe,40,38,2016-01-12,25,MIL,H,CHI,5,1,37:00,7,13,0.538,0,0,NA,3,3,1,4,8,12,1,1,1,0,1,17,17.9,14,39
Greg Monroe,41,39,2016-01-13,25,MIL,A,WAS,-5,1,31:00,8,13,0.615,0,0,NA,5,9,0.556,2,10,12,1,2,0,3,1,21,17.2,0,41.5
Greg Monroe,42,40,2016-01-15,25,MIL,H,ATL,7,1,27:18,4,16,0.25,0,0,NA,7,12,0.583,10,2,12,4,0,1,1,0,15,13.5,-8,39
Greg Monroe,43,41,2016-01-16,25,MIL,A,CHO,13,1,26:38,7,9,0.778,0,0,NA,5,6,0.833,3,7,10,3,0,1,3,3,19,17.9,12,38
Greg Monroe,44,42,2016-01-19,25,MIL,A,MIA,12,1,29:55,6,13,0.462,0,0,NA,3,3,1,1,9,10,1,0,1,2,1,15,10.7,1,31.5
Greg Monroe,45,43,2016-01-22,25,MIL,A,HOU,-4,1,29:46,10,17,0.588,0,0,NA,1,3,0.333,2,7,9,3,0,4,1,3,21,18.5,-1,44.3
Greg Monroe,46,44,2016-01-23,25,MIL,A,NOP,-17,1,30:26,8,13,0.615,0,0,NA,6,6,1,4,7,11,2,0,1,2,3,22,19.9,1,41.3
Greg Monroe,47,45,2016-01-26,25,MIL,H,ORL,7,1,31:21,7,15,0.467,0,0,NA,7,8,0.875,5,6,11,2,0,0,2,2,21,16.8,-3,38.3
Greg Monroe,48,46,2016-01-28,25,MIL,A,MEM,-20,1,25:10,8,13,0.615,0,0,NA,5,6,0.833,2,5,7,2,0,0,5,1,21,13.6,-15,30.3
Greg Monroe,49,47,2016-01-29,25,MIL,H,MIA,-4,1,34:07,7,14,0.5,0,0,NA,10,11,0.909,3,2,5,1,0,1,0,2,24,19.9,1,33.8
Greg Monroe,50,48,2016-02-01,25,MIL,A,SAC,-7,1,34:38,11,16,0.688,0,0,NA,2,3,0.667,5,7,12,3,1,1,1,1,24,24.8,-5,48.5
Greg Monroe,51,49,2016-02-02,25,MIL,A,POR,-12,1,29:50,7,15,0.467,0,0,NA,3,5,0.6,2,6,8,3,0,0,1,3,17,11.6,-18,31
Greg Monroe,52,50,2016-02-05,25,MIL,A,UTA,-3,1,33:29,5,9,0.556,0,0,NA,4,6,0.667,2,7,9,0,1,1,2,1,14,11.7,-12,28.3
Greg Monroe,53,51,2016-02-09,25,MIL,H,BOS,1,0,29:32,13,21,0.619,0,0,NA,3,6,0.5,6,6,12,3,1,2,3,1,29,25.4,11,54.5
Greg Monroe,54,52,2016-02-11,25,MIL,H,WAS,7,0,33:01,5,13,0.385,0,0,NA,2,4,0.5,3,6,9,1,2,0,1,4,12,8.1,9,28.3
Greg Monroe,55,53,2016-02-19,25,MIL,H,CHO,-3,0,29:32,0,2,0,0,0,NA,4,4,1,1,5,6,2,1,3,4,3,4,4.1,-12,20.5
Greg Monroe,56,54,2016-02-20,25,MIL,A,ATL,8,0,36:06,10,20,0.5,0,0,NA,4,7,0.571,5,7,12,4,1,1,0,2,24,22.1,4,50.5
Greg Monroe,57,55,2016-02-22,25,MIL,H,LAL,7,0,27:25,5,9,0.556,0,0,NA,2,2,1,1,7,8,1,2,1,1,1,12,12.5,-5,29
Greg Monroe,58,56,2016-02-25,25,MIL,A,BOS,-5,0,34:11,9,13,0.692,0,0,NA,2,3,0.667,1,7,8,4,1,2,0,3,20,20.9,4,42
Greg Monroe,59,57,2016-02-27,25,MIL,H,DET,-11,0,26:55,5,10,0.5,0,0,NA,0,0,NA,4,3,7,3,1,1,4,3,10,7.3,-6,25.3
Greg Monroe,60,58,2016-02-29,25,MIL,H,HOU,7,0,19:41,5,9,0.556,0,0,NA,0,0,NA,2,4,6,1,0,0,0,5,10,7,10,19
Greg Monroe,61,59,2016-03-02,25,MIL,H,IND,-5,0,28:51,5,9,0.556,0,0,NA,6,8,0.75,1,6,7,0,1,0,1,1,16,13,1,26.3
Greg Monroe,62,60,2016-03-04,25,MIL,H,MIN,15,0,31:34,6,6,1,0,0,NA,2,4,0.5,4,5,9,4,0,3,6,2,14,13.8,1,34.3
Greg Monroe,63,61,2016-03-06,25,MIL,H,OKC,-8,0,30:29,4,10,0.4,0,0,NA,1,2,0.5,6,4,10,2,2,0,1,1,9,10.6,2,28
Greg Monroe,64,62,2016-03-07,25,MIL,A,CHI,-10,0,29:00,5,14,0.357,0,0,NA,1,2,0.5,6,8,14,3,0,1,0,4,11,10.6,4,36.5
Greg Monroe,65,63,2016-03-09,25,MIL,H,MIA,6,1,23:18,4,9,0.444,0,0,NA,2,2,1,4,4,8,4,1,0,2,2,10,10.3,2,27
Greg Monroe,66,64,2016-03-12,25,MIL,H,NOP,11,1,27:12,6,10,0.6,0,0,NA,4,4,1,0,11,11,2,1,1,0,3,16,16.6,1,38.3
Greg Monroe,67,65,2016-03-13,25,MIL,A,BRK,9,1,27:15,6,13,0.462,0,0,NA,2,2,1,2,3,5,3,0,0,1,2,14,9.9,14,24.3
Greg Monroe,68,66,2016-03-15,25,MIL,H,TOR,-18,1,28:35,4,8,0.5,0,0,NA,0,1,0,2,7,9,0,0,0,0,1,8,6.7,-10,19.3
Greg Monroe,69,67,2016-03-17,25,MIL,H,MEM,10,1,26:34,5,6,0.833,0,0,NA,4,6,0.667,0,10,10,0,0,1,1,0,14,13.7,1,29.5
Greg Monroe,70,68,2016-03-20,25,MIL,H,UTA,-9,1,22:24,3,8,0.375,0,0,NA,2,2,1,1,3,4,2,0,1,1,0,8,6.3,-8,17.5
Greg Monroe,71,69,2016-03-21,25,MIL,A,DET,-1,1,33:34,9,15,0.6,0,0,NA,0,0,NA,2,8,10,1,2,2,2,1,18,16.6,16,40.5
Greg Monroe,72,70,2016-03-23,25,MIL,A,CLE,-9,1,25:42,6,9,0.667,0,0,NA,2,2,1,0,2,2,1,1,0,3,2,14,8.6,-14,18.5
Greg Monroe,73,71,2016-03-25,25,MIL,A,ATL,-11,1,24:23,2,7,0.286,0,0,NA,3,6,0.5,1,2,3,3,0,0,1,2,7,3.3,-6,14.8
Greg Monroe,74,72,2016-03-26,25,MIL,H,CHO,-24,1,22:42,3,7,0.429,0,0,NA,6,8,0.75,2,4,6,1,0,0,0,2,12,10,-31,21
Greg Monroe,75,73,2016-03-30,25,MIL,H,PHO,11,1,27:24,5,12,0.417,0,1,0,4,4,1,1,4,5,4,2,2,1,3,14,13.5,-1,33.8
Greg Monroe,76,74,2016-04-01,25,MIL,H,ORL,3,1,31:04,9,14,0.643,0,0,NA,0,2,0,3,3,6,3,2,1,2,1,18,16.4,8,35
Greg Monroe,77,75,2016-04-03,25,MIL,H,CHI,-4,1,23:10,4,11,0.364,0,0,NA,3,4,0.75,2,3,5,3,0,1,1,1,11,8.2,-7,23.3
Greg Monroe,78,76,2016-04-05,25,MIL,H,CLE,-29,1,24:47,4,11,0.364,0,0,NA,0,0,NA,1,4,5,2,1,0,1,1,8,4.8,-14,18.8
Greg Monroe,79,77,2016-04-08,25,MIL,A,BOS,-15,1,28:01,4,6,0.667,0,0,NA,2,4,0.5,2,6,8,4,0,0,3,3,10,8.4,-7,24.5
Greg Monroe,81,78,2016-04-11,25,MIL,A,ORL,-9,1,27:01,9,15,0.6,0,0,NA,5,6,0.833,4,3,7,2,3,1,2,2,23,21.7,-12,41.8
Greg Monroe,82,79,2016-04-13,25,MIL,H,IND,-5,1,12:33,2,3,0.667,0,0,NA,3,3,1,0,2,2,1,1,0,1,0,7,7,-8,12.5
Rashad Vaughn,1,1,2015-10-28,19,MIL,H,NYK,-25,0,12:41,3,5,0.6,1,2,0.5,0,0,NA,1,1,2,0,0,1,1,0,7,5.4,-13,11.5
Rashad Vaughn,3,2,2015-11-01,19,MIL,A,TOR,-19,0,3:33,0,2,0,0,1,0,0,0,NA,0,0,0,0,0,0,0,0,0,-1.4,0,0
Rashad Vaughn,5,3,2015-11-04,19,MIL,H,PHI,4,0,16:33,1,3,0.333,1,2,0.5,0,0,NA,1,1,2,0,0,0,0,0,3,2.3,1,6
Rashad Vaughn,7,4,2015-11-07,19,MIL,H,BRK,8,0,1:44,1,1,1,0,0,NA,0,0,NA,0,0,0,0,0,0,1,1,2,0.3,-7,1.5
Rashad Vaughn,8,5,2015-11-10,19,MIL,H,BOS,-16,0,6:25,1,3,0.333,1,1,1,0,0,NA,0,0,0,0,0,0,0,0,3,1.3,-9,3.5
Rashad Vaughn,9,6,2015-11-11,19,MIL,A,DEN,-1,0,9:59,0,1,0,0,1,0,0,0,NA,0,0,0,0,0,0,1,0,0,-1.7,-4,-0.5
Rashad Vaughn,11,7,2015-11-17,19,MIL,A,WAS,-29,0,11:14,1,4,0.25,1,2,0.5,2,2,1,0,0,0,0,0,0,1,2,5,0.8,-10,5
Rashad Vaughn,13,8,2015-11-21,19,MIL,A,IND,-37,0,5:10,3,4,0.75,1,2,0.5,0,0,NA,0,1,1,1,0,0,0,0,7,6.4,-5,10.3
Rashad Vaughn,14,9,2015-11-23,19,MIL,H,DET,21,0,4:13,0,1,0,0,1,0,0,0,NA,0,1,1,0,1,1,1,0,0,0.3,-3,4.8
Rashad Vaughn,16,10,2015-11-27,19,MIL,A,ORL,-24,0,2:58,1,3,0.333,0,1,0,0,0,NA,0,1,1,0,0,0,0,1,2,0.2,0,3.3
Rashad Vaughn,18,11,2015-11-30,19,MIL,H,DEN,18,0,7:23,0,2,0,0,2,0,0,0,NA,0,1,1,0,0,1,0,0,0,-0.4,-1,3.3
Rashad Vaughn,19,12,2015-12-02,19,MIL,A,SAS,-25,0,17:20,2,9,0.222,2,5,0.4,0,0,NA,1,3,4,1,1,0,2,3,6,0.6,-7,14.5
Rashad Vaughn,20,13,2015-12-04,19,MIL,A,DET,-7,0,10:34,0,2,0,0,0,NA,0,0,NA,0,0,0,0,1,0,0,3,0,-1.6,2,2
Rashad Vaughn,21,14,2015-12-05,19,MIL,H,NYK,15,0,3:58,0,1,0,0,1,0,0,0,NA,0,0,0,0,0,0,0,1,0,-1.1,-4,0
Rashad Vaughn,22,15,2015-12-07,19,MIL,H,POR,2,0,8:38,0,2,0,0,0,NA,0,0,NA,1,2,3,1,2,0,1,1,0,1.2,-2,8.8
Rashad Vaughn,23,16,2015-12-09,19,MIL,H,LAC,-14,0,17:27,0,2,0,0,1,0,0,0,NA,0,5,5,1,1,0,0,1,0,1.4,9,9.8
Rashad Vaughn,24,17,2015-12-11,19,MIL,A,TOR,-7,0,5:11,0,1,0,0,1,0,2,2,1,0,0,0,0,0,0,0,2,2,0.5,-3,2
Rashad Vaughn,25,18,2015-12-12,19,MIL,H,GSW,13,0,9:13,0,1,0,0,0,NA,0,0,NA,0,1,1,0,1,0,0,1,0,0.2,-4,3.3
Rashad Vaughn,26,19,2015-12-15,19,MIL,A,LAL,-18,0,6:01,0,1,0,0,1,0,0,0,NA,0,0,0,1,0,0,0,0,0,0,3,1.5
Rashad Vaughn,28,20,2015-12-18,19,MIL,A,GSW,-9,0,10:58,1,1,1,1,1,1,0,0,NA,0,0,0,1,0,0,1,0,3,2.4,-4,4.5
Rashad Vaughn,29,21,2015-12-20,19,MIL,A,PHO,6,0,17:09,2,6,0.333,2,2,1,0,0,NA,0,0,0,0,0,0,1,1,6,1.2,-2,6.5
Rashad Vaughn,30,22,2015-12-23,19,MIL,H,PHI,13,0,15:07,1,5,0.2,1,4,0.25,0,0,NA,1,1,2,0,0,0,0,1,3,0.5,-9,6
Rashad Vaughn,31,23,2015-12-26,19,MIL,H,TOR,-21,0,9:59,1,3,0.333,1,2,0.5,0,0,NA,0,2,2,2,0,0,0,0,3,3.3,-13,9
Rashad Vaughn,32,24,2015-12-28,19,MIL,A,DAL,-10,0,14:38,0,2,0,0,0,NA,0,0,NA,0,3,3,1,0,0,0,0,0,0.2,4,5.3
Rashad Vaughn,33,25,2015-12-29,19,MIL,A,OKC,-8,0,3:23,0,0,NA,0,0,NA,0,0,NA,0,1,1,0,0,0,1,0,0,-0.7,-5,0.8
Rashad Vaughn,34,26,2015-12-31,19,MIL,A,IND,4,0,6:51,0,0,NA,0,0,NA,0,0,NA,0,1,1,0,0,0,1,1,0,-1.1,-3,0.8
Rashad Vaughn,35,27,2016-01-02,19,MIL,A,MIN,10,0,15:49,2,5,0.4,1,3,0.333,0,0,NA,0,3,3,0,0,1,0,0,5,3.9,20,11.3
Rashad Vaughn,36,28,2016-01-04,19,MIL,H,SAS,-25,0,16:23,1,3,0.333,0,1,0,0,0,NA,0,2,2,2,0,0,3,1,2,-1.1,-16,6
Rashad Vaughn,37,29,2016-01-05,19,MIL,A,CHI,-11,0,6:13,0,0,NA,0,0,NA,0,0,NA,0,1,1,0,0,0,0,1,0,-0.1,3,1.3
Rashad Vaughn,38,30,2016-01-08,19,MIL,H,DAL,1,0,14:01,1,6,0.167,1,2,0.5,0,0,NA,1,0,1,0,0,0,0,3,3,-1.3,2,4.8
Rashad Vaughn,39,31,2016-01-10,19,MIL,A,NYK,-12,0,29:26,3,6,0.5,2,3,0.667,2,3,0.667,1,1,2,2,1,1,0,0,10,10.7,-5,20.5
Rashad Vaughn,40,32,2016-01-12,19,MIL,H,CHI,5,0,15:46,2,6,0.333,0,2,0,0,0,NA,0,0,0,0,2,1,0,1,4,2.9,-5,10
Rashad Vaughn,41,33,2016-01-13,19,MIL,A,WAS,-5,0,24:11,1,4,0.25,0,2,0,0,0,NA,1,1,2,1,0,0,0,3,2,0.1,5,6
Rashad Vaughn,42,34,2016-01-15,19,MIL,H,ATL,7,0,12:24,0,0,NA,0,0,NA,0,0,NA,0,0,0,0,0,0,0,0,0,0,-5,0
Rashad Vaughn,43,35,2016-01-16,19,MIL,A,CHO,13,0,17:22,2,4,0.5,2,3,0.667,2,2,1,0,2,2,0,1,0,0,1,8,7.2,-4,13.5
Rashad Vaughn,44,36,2016-01-19,19,MIL,A,MIA,12,0,13:03,0,2,0,0,1,0,0,0,NA,0,1,1,0,0,0,0,2,0,-1.9,-8,1.3
Rashad Vaughn,45,37,2016-01-22,19,MIL,A,HOU,-4,0,5:17,1,1,1,1,1,1,0,0,NA,0,0,0,0,0,0,0,0,3,2.7,-6,3.5
Rashad Vaughn,46,38,2016-01-23,19,MIL,A,NOP,-17,0,20:44,0,2,0,0,1,0,0,0,NA,0,3,3,1,0,0,0,1,0,-0.2,-9,5.3
Rashad Vaughn,47,39,2016-01-26,19,MIL,H,ORL,7,0,6:10,0,2,0,0,2,0,0,0,NA,0,0,0,0,0,0,0,0,0,-1.4,-3,0
Rashad Vaughn,48,40,2016-01-28,19,MIL,A,MEM,-20,0,20:45,1,7,0.143,0,5,0,0,0,NA,0,0,0,0,1,0,0,1,2,-1.9,-9,4
Rashad Vaughn,49,41,2016-01-29,19,MIL,H,MIA,-4,0,11:21,3,4,0.75,2,3,0.667,0,0,NA,0,1,1,0,0,0,1,1,8,5.3,-7,9.8
Rashad Vaughn,50,42,2016-02-01,19,MIL,A,SAC,-7,0,17:49,3,6,0.5,3,5,0.6,0,0,NA,0,1,1,1,1,1,0,3,9,7.5,-4,17.3
Rashad Vaughn,51,43,2016-02-02,19,MIL,A,POR,-12,0,17:56,2,4,0.5,0,2,0,0,0,NA,0,3,3,0,1,0,1,1,4,2.5,2,9.3
Rashad Vaughn,52,44,2016-02-05,19,MIL,A,UTA,-3,0,10:27,0,1,0,0,0,NA,0,0,NA,0,0,0,0,0,0,0,1,0,-1.1,2,0
Rashad Vaughn,53,45,2016-02-09,19,MIL,H,BOS,1,0,13:42,1,2,0.5,1,2,0.5,0,0,NA,0,2,2,0,0,0,0,0,3,2.6,10,6
Rashad Vaughn,54,46,2016-02-11,19,MIL,H,WAS,7,0,13:53,2,4,0.5,1,3,0.333,3,3,1,0,1,1,0,0,0,0,1,8,5.9,16,9.8
Rashad Vaughn,55,47,2016-02-19,19,MIL,H,CHO,-3,0,14:35,2,9,0.222,0,6,0,0,0,NA,0,0,0,1,0,0,0,0,4,-0.8,-1,5.5
Rashad Vaughn,56,48,2016-02-20,19,MIL,A,ATL,8,0,18:38,1,4,0.25,0,2,0,0,0,NA,0,1,1,2,0,1,1,2,2,0.2,-2,7.8
Rashad Vaughn,57,49,2016-02-22,19,MIL,H,LAL,7,0,17:06,0,3,0,0,1,0,0,0,NA,0,0,0,4,0,0,2,4,0,-2.9,-4,5
Rashad Vaughn,58,50,2016-02-25,19,MIL,A,BOS,-5,0,12:57,2,6,0.333,1,2,0.5,0,0,NA,0,3,3,0,1,0,0,1,5,3.1,5,11.3
Rashad Vaughn,59,51,2016-02-27,19,MIL,H,DET,-11,0,12:29,0,1,0,0,1,0,0,0,NA,0,0,0,1,0,0,0,0,0,0,-1,1.5
Rashad Vaughn,60,52,2016-02-29,19,MIL,H,HOU,7,0,13:32,3,3,1,1,1,1,0,0,NA,0,0,0,1,0,0,0,1,7,6.4,-2,9
Rashad Vaughn,61,53,2016-03-02,19,MIL,H,IND,-5,0,9:34,0,1,0,0,0,NA,0,0,NA,0,1,1,0,0,0,0,2,0,-1.2,-5,1.3
Rashad Vaughn,62,54,2016-03-04,19,MIL,H,MIN,15,0,12:19,0,3,0,0,1,0,0,0,NA,0,1,1,0,2,0,0,0,0,0.2,-8,5.3
Rashad Vaughn,63,55,2016-03-06,19,MIL,H,OKC,-8,0,10:41,0,4,0,0,3,0,0,0,NA,0,0,0,0,0,0,0,2,0,-3.6,-1,0
Rashad Vaughn,64,56,2016-03-07,19,MIL,A,CHI,-10,0,10:21,1,2,0.5,1,2,0.5,0,0,NA,0,0,0,1,0,0,0,0,3,2.7,4,5
Rashad Vaughn,65,57,2016-03-09,19,MIL,H,MIA,6,0,3:32,0,1,0,0,1,0,0,0,NA,0,1,1,0,0,0,0,0,0,-0.4,1,1.3
Rashad Vaughn,66,58,2016-03-12,19,MIL,H,NOP,11,0,9:53,0,2,0,0,0,NA,0,0,NA,0,0,0,0,0,0,0,1,0,-1.8,-4,0
Rashad Vaughn,67,59,2016-03-13,19,MIL,A,BRK,9,0,9:07,0,1,0,0,0,NA,0,0,NA,0,1,1,0,0,0,0,1,0,-0.8,-6,1.3
Rashad Vaughn,68,60,2016-03-15,19,MIL,H,TOR,-18,0,13:20,0,2,0,0,2,0,0,0,NA,0,1,1,1,1,0,1,1,0,-0.8,-8,4.3
Rashad Vaughn,69,61,2016-03-17,19,MIL,H,MEM,10,0,20:49,2,6,0.333,1,4,0.25,0,0,NA,0,4,4,0,0,1,2,2,5,0.7,14,11.5
Rashad Vaughn,74,62,2016-03-26,19,MIL,H,CHO,-24,0,21:49,2,7,0.286,1,2,0.5,0,0,NA,1,0,1,2,0,0,1,0,5,2,-2,9.3
Rashad Vaughn,75,63,2016-03-30,19,MIL,H,PHO,11,0,25:48,3,6,0.5,2,4,0.5,0,0,NA,0,1,1,1,3,1,1,1,8,8.3,16,19.3
Rashad Vaughn,76,64,2016-04-01,19,MIL,H,ORL,3,1,22:29,2,6,0.333,0,2,0,0,1,0,1,2,3,1,1,0,0,2,4,2.4,9,11.3
Rashad Vaughn,77,65,2016-04-03,19,MIL,H,CHI,-4,1,29:05,3,6,0.5,1,2,0.5,0,0,NA,0,4,4,2,0,2,0,2,7,7.2,2,19.5
Rashad Vaughn,78,66,2016-04-05,19,MIL,H,CLE,-29,1,44:32,4,17,0.235,2,10,0.2,0,0,NA,0,2,2,1,3,1,0,1,10,4.3,-27,23
Rashad Vaughn,79,67,2016-04-08,19,MIL,A,BOS,-15,1,40:22,5,12,0.417,2,7,0.286,0,0,NA,0,2,2,3,2,1,1,3,12,8.8,-9,25.5
Rashad Vaughn,80,68,2016-04-10,19,MIL,A,PHI,1,0,22:53,3,10,0.3,3,8,0.375,0,0,NA,0,3,3,0,1,0,1,2,9,3.3,-8,15.8
Rashad Vaughn,81,69,2016-04-11,19,MIL,A,ORL,-9,1,28:12,1,6,0.167,0,4,0,1,2,0.5,0,0,0,0,0,1,0,2,3,-1.3,-9,5
Rashad Vaughn,82,70,2016-04-13,19,MIL,H,IND,-5,1,35:37,4,14,0.286,2,8,0.25,0,0,NA,1,3,4,2,1,1,1,3,10,4.3,7,22.5
