Andrew Wiggins,1,1,2015-10-28,20,MIN,A,LAL,1,1,29:05,2,10,0.2,0,2,0,5,6,0.833,0,1,1,0,0,0,2,3,9,-0.5,8,9.3
Andrew Wiggins,2,2,2015-10-30,20,MIN,A,DEN,17,1,30:41,5,13,0.385,0,1,0,8,10,0.8,2,2,4,1,0,1,4,2,18,8.7,14,24.5
Andrew Wiggins,3,3,2015-11-02,20,MIN,H,POR,-5,1,23:25,5,17,0.294,0,3,0,6,7,0.857,3,3,6,3,1,0,3,2,16,8,-6,28.5
Andrew Wiggins,4,4,2015-11-05,20,MIN,H,MIA,-12,1,31:19,5,18,0.278,1,3,0.333,1,2,0.5,3,1,4,0,1,0,0,1,12,4,-19,19.5
Andrew Wiggins,5,5,2015-11-07,20,MIN,A,CHI,9,1,41:01,11,27,0.407,4,5,0.8,5,10,0.5,1,2,3,2,0,1,1,3,31,15.7,20,41.3
Andrew Wiggins,6,6,2015-11-09,20,MIN,A,ATL,10,1,37:39,15,22,0.682,1,2,0.5,2,4,0.5,2,3,5,4,1,1,5,1,33,24.2,10,47.3
Andrew Wiggins,8,7,2015-11-12,20,MIN,H,GSW,-13,1,34:43,7,17,0.412,1,2,0.5,4,6,0.667,1,1,2,5,0,0,1,1,19,12.2,-21,29
Andrew Wiggins,9,8,2015-11-13,20,MIN,A,IND,-4,1,41:36,10,19,0.526,1,4,0.25,5,6,0.833,0,2,2,2,0,0,3,3,26,14.1,1,30.5
Andrew Wiggins,10,9,2015-11-15,20,MIN,H,MEM,-8,1,37:18,8,14,0.571,1,2,0.5,4,5,0.8,0,1,1,1,1,1,2,2,21,13.9,1,27.3
Andrew Wiggins,11,10,2015-11-17,20,MIN,A,MIA,12,1,32:59,8,21,0.381,0,1,0,8,11,0.727,2,1,3,1,3,1,1,1,24,16,1,36.8
Andrew Wiggins,12,11,2015-11-18,20,MIN,A,ORL,-3,1,38:12,8,17,0.471,0,1,0,12,14,0.857,3,2,5,1,0,2,2,2,28,20.5,-8,38.8
Andrew Wiggins,13,12,2015-11-20,20,MIN,H,DET,-10,1,36:19,7,17,0.412,0,3,0,7,11,0.636,1,4,5,3,0,0,2,1,21,11.9,-13,30.8
Andrew Wiggins,14,13,2015-11-23,20,MIN,H,PHI,5,1,38:17,10,21,0.476,1,3,0.333,11,12,0.917,4,2,6,3,1,2,2,1,32,26.4,12,49.5
Andrew Wiggins,15,14,2015-11-25,20,MIN,H,ATL,4,1,35:44,5,17,0.294,0,4,0,5,8,0.625,1,3,4,1,3,0,3,0,15,6.2,-2,26
Andrew Wiggins,16,15,2015-11-27,20,MIN,A,SAC,10,1,36:10,8,17,0.471,1,3,0.333,5,6,0.833,5,1,6,1,0,1,1,4,22,15.5,5,33
Andrew Wiggins,17,16,2015-11-29,20,MIN,A,LAC,-8,1,37:58,7,15,0.467,2,4,0.5,5,7,0.714,0,2,2,2,1,1,4,3,21,11,-6,29.5
Andrew Wiggins,18,17,2015-12-01,20,MIN,H,ORL,-3,1,36:15,9,15,0.6,1,3,0.333,8,11,0.727,1,3,4,2,0,1,2,3,27,19.4,-5,36.5
Andrew Wiggins,19,18,2015-12-05,20,MIN,H,POR,-6,1,40:12,6,15,0.4,0,4,0,5,6,0.833,1,4,5,0,0,1,1,3,17,8.9,-3,24.8
Andrew Wiggins,20,19,2015-12-07,20,MIN,H,LAC,-4,1,30:44,3,15,0.2,1,4,0.25,1,5,0.2,3,4,7,0,1,1,2,4,8,-1.5,-10,20.3
Andrew Wiggins,21,20,2015-12-09,20,MIN,H,LAL,1,1,36:07,7,16,0.438,0,2,0,5,5,1,0,0,0,2,0,0,1,0,19,11,-1,21.5
Andrew Wiggins,22,21,2015-12-11,20,MIN,A,DEN,-3,1,34:37,8,17,0.471,0,0,NA,6,8,0.75,0,3,3,1,1,1,3,4,22,11.2,-11,29.8
Andrew Wiggins,23,22,2015-12-13,20,MIN,A,PHO,-7,1,27:27,4,8,0.5,0,1,0,5,7,0.714,0,2,2,1,0,0,3,2,13,5.7,-17,15.5
Andrew Wiggins,24,23,2015-12-15,20,MIN,H,DEN,-12,1,33:52,9,17,0.529,1,1,1,4,5,0.8,0,1,1,1,0,1,3,3,23,11.8,-5,26.8
Andrew Wiggins,25,24,2015-12-16,20,MIN,A,NYK,-5,1,37:28,8,22,0.364,0,4,0,7,7,1,2,3,5,1,1,1,2,3,23,12.3,1,33.8
Andrew Wiggins,26,25,2015-12-18,20,MIN,H,SAC,4,1,36:25,11,20,0.55,1,3,0.333,9,10,0.9,5,5,10,6,0,0,4,2,32,26.4,10,53.5
Andrew Wiggins,27,26,2015-12-20,20,MIN,A,BRK,15,1,31:38,6,11,0.545,0,2,0,4,6,0.667,2,1,3,0,1,1,3,3,16,9.1,17,22.3
Andrew Wiggins,28,27,2015-12-21,20,MIN,A,BOS,-14,1,33:53,8,17,0.471,1,4,0.25,9,10,0.9,0,3,3,0,0,0,3,4,26,13.2,-4,28.8
Andrew Wiggins,29,28,2015-12-23,20,MIN,H,SAS,-25,1,31:04,2,11,0.182,0,1,0,6,9,0.667,0,0,0,4,0,0,2,1,10,2.3,-14,15
Andrew Wiggins,30,29,2015-12-26,20,MIN,H,IND,-14,1,37:40,9,18,0.5,0,1,0,1,3,0.333,3,0,3,1,1,0,1,1,19,11.6,0,25.8
Andrew Wiggins,31,30,2015-12-28,20,MIN,A,SAS,-6,1,37:22,8,18,0.444,0,1,0,2,8,0.25,2,4,6,1,2,0,3,3,18,7.3,-2,29.5
Andrew Wiggins,32,31,2015-12-30,20,MIN,H,UTA,14,1,40:49,6,17,0.353,0,1,0,5,8,0.625,3,3,6,4,1,0,0,2,17,12.3,9,32.5
Andrew Wiggins,33,32,2015-12-31,20,MIN,A,DET,-25,1,34:51,8,19,0.421,1,3,0.333,4,4,1,0,3,3,1,3,0,2,2,21,12.7,-25,31.8
Andrew Wiggins,34,33,2016-01-02,20,MIN,H,MIL,-10,1,35:01,7,17,0.412,0,3,0,5,9,0.556,2,4,6,1,3,1,4,2,19,10.5,-17,34
Andrew Wiggins,35,34,2016-01-04,20,MIN,A,PHI,-10,1,25:06,4,9,0.444,0,0,NA,8,10,0.8,0,3,3,2,1,2,3,3,16,11,-6,27.3
Andrew Wiggins,36,35,2016-01-06,20,MIN,H,DEN,-4,1,31:22,4,14,0.286,0,1,0,3,6,0.5,1,2,3,1,0,0,4,0,11,-0.4,-2,14.3
Andrew Wiggins,37,36,2016-01-08,20,MIN,H,CLE,-26,1,39:29,12,19,0.632,3,7,0.429,8,12,0.667,1,1,2,3,1,1,3,1,35,26.3,-28,46
Andrew Wiggins,38,37,2016-01-10,20,MIN,H,DAL,-6,1,36:00,8,19,0.421,1,4,0.25,4,5,0.8,3,4,7,3,2,0,3,1,21,14.5,9,37.3
Andrew Wiggins,39,38,2016-01-12,20,MIN,H,OKC,-5,1,34:40,8,19,0.421,0,2,0,6,8,0.75,3,2,5,2,1,0,3,3,22,12,-6,31.8
Andrew Wiggins,40,39,2016-01-13,20,MIN,A,HOU,-3,1,35:36,9,16,0.563,2,3,0.667,8,9,0.889,1,1,2,1,1,0,1,3,28,20.5,10,34.5
Andrew Wiggins,41,40,2016-01-15,20,MIN,A,OKC,-20,1,39:35,10,22,0.455,0,1,0,5,5,1,2,1,3,3,1,0,3,3,25,14.2,-21,33.8
Andrew Wiggins,42,41,2016-01-17,20,MIN,H,PHO,30,1,28:09,8,13,0.615,0,1,0,2,2,1,2,2,4,4,0,0,1,2,18,15.1,13,28.5
Andrew Wiggins,43,42,2016-01-19,20,MIN,A,NOP,-15,1,34:33,7,17,0.412,0,4,0,7,10,0.7,2,2,4,2,3,0,0,1,21,16.7,2,35
Andrew Wiggins,44,43,2016-01-20,20,MIN,A,DAL,-12,1,40:26,9,17,0.529,1,2,0.5,4,5,0.8,2,5,7,3,0,1,2,4,23,16.4,-5,37.8
Andrew Wiggins,45,44,2016-01-23,20,MIN,H,MEM,5,1,33:50,7,10,0.7,0,1,0,5,5,1,1,4,5,1,0,1,1,0,19,17.1,1,28.3
Andrew Wiggins,46,45,2016-01-25,20,MIN,A,CLE,-7,1,38:42,7,14,0.5,1,3,0.333,5,6,0.833,0,1,1,1,2,1,2,5,20,12.3,2,28.3
Andrew Wiggins,47,46,2016-01-27,20,MIN,H,OKC,-3,1,37:18,8,14,0.571,0,1,0,4,6,0.667,0,1,1,4,0,0,1,0,20,14.7,-2,26.8
Andrew Wiggins,48,47,2016-01-29,20,MIN,A,UTA,-13,1,35:39,2,11,0.182,0,0,NA,1,2,0.5,0,0,0,0,2,0,0,2,5,-1.1,0,9
Andrew Wiggins,49,48,2016-01-31,20,MIN,A,POR,-3,1,34:53,3,18,0.167,0,4,0,9,12,0.75,5,4,9,2,0,0,3,0,15,5.5,11,27.8
Andrew Wiggins,50,49,2016-02-02,20,MIN,A,LAL,-4,1,41:10,13,20,0.65,1,2,0.5,3,6,0.5,3,1,4,1,1,2,1,6,30,22.1,-3,42.5
Andrew Wiggins,51,50,2016-02-03,20,MIN,A,LAC,6,1,36:54,12,21,0.571,3,5,0.6,4,4,1,2,2,4,3,0,2,3,3,31,22.4,13,44.5
Andrew Wiggins,52,51,2016-02-06,20,MIN,H,CHI,7,1,32:57,8,17,0.471,0,1,0,5,6,0.833,1,1,2,2,0,0,1,0,21,13.3,9,26
Andrew Wiggins,53,52,2016-02-08,20,MIN,H,NOP,-14,1,31:06,5,14,0.357,0,2,0,5,5,1,0,0,0,2,0,2,3,2,15,6.2,-17,20.5
Andrew Wiggins,54,53,2016-02-10,20,MIN,H,TOR,5,1,37:08,8,18,0.444,0,2,0,10,13,0.769,1,2,3,0,2,1,1,5,26,16.4,15,35.3
Andrew Wiggins,55,54,2016-02-19,20,MIN,A,MEM,-5,1,33:44,5,10,0.5,0,0,NA,10,10,1,0,2,2,5,1,0,1,1,20,18.7,-8,31.5
Andrew Wiggins,56,55,2016-02-20,20,MIN,H,NYK,-8,1,36:11,8,20,0.4,2,2,1,6,8,0.75,1,4,5,0,2,2,1,2,24,15.9,-3,38.8
Andrew Wiggins,57,56,2016-02-22,20,MIN,H,BOS,2,1,35:48,5,11,0.455,0,1,0,7,12,0.583,1,0,1,4,1,1,4,3,17,9.3,-1,26.3
Andrew Wiggins,58,57,2016-02-24,21,MIN,A,TOR,-9,1,31:54,9,19,0.474,2,2,1,6,9,0.667,2,2,4,3,1,0,6,2,26,13.4,8,35.5
Andrew Wiggins,59,58,2016-02-27,21,MIN,A,NOP,2,1,36:39,5,15,0.333,0,3,0,10,10,1,0,4,4,4,1,1,2,2,20,14.4,4,34
Andrew Wiggins,60,59,2016-02-28,21,MIN,A,DAL,-27,1,30:23,5,14,0.357,0,1,0,5,8,0.625,2,2,4,1,0,0,3,2,15,4.9,-33,20
Andrew Wiggins,61,60,2016-03-02,21,MIN,H,WAS,-6,1,36:14,6,11,0.545,0,0,NA,5,6,0.833,0,2,2,1,1,0,2,2,17,10.8,9,22
Andrew Wiggins,62,61,2016-03-04,21,MIN,A,MIL,-15,1,20:32,3,7,0.429,1,2,0.5,3,4,0.75,2,0,2,2,0,0,3,1,10,5.3,-22,14.5
Andrew Wiggins,63,62,2016-03-05,21,MIN,H,BRK,14,1,33:23,10,14,0.714,2,2,1,4,4,1,0,4,4,6,1,0,1,3,26,24.4,21,42.5
Andrew Wiggins,64,63,2016-03-07,21,MIN,A,CHO,-5,1,40:46,11,17,0.647,1,1,1,2,3,0.667,2,3,5,1,1,1,2,1,25,19.4,10,36.3
Andrew Wiggins,65,64,2016-03-08,21,MIN,H,SAS,-25,1,38:33,9,21,0.429,1,3,0.333,4,4,1,0,8,8,1,1,0,5,1,23,10.6,-17,34.5
Andrew Wiggins,66,65,2016-03-11,21,MIN,A,OKC,3,1,34:56,8,19,0.421,2,5,0.4,2,4,0.5,0,0,0,4,5,0,3,2,20,13.1,12,35.5
Andrew Wiggins,67,66,2016-03-14,21,MIN,A,PHO,-3,1,40:41,9,14,0.643,0,0,NA,4,4,1,0,4,4,2,2,1,1,2,22,19.3,4,35.5
Andrew Wiggins,68,67,2016-03-16,21,MIN,A,MEM,6,1,30:50,7,13,0.538,2,5,0.4,0,0,NA,0,3,3,1,0,2,3,3,16,8.5,6,24.8
Andrew Wiggins,69,68,2016-03-18,21,MIN,A,HOU,-5,1,36:24,8,12,0.667,1,2,0.5,4,4,1,1,1,2,5,3,0,4,1,21,18.9,-9,35.5
Andrew Wiggins,70,69,2016-03-21,21,MIN,H,GSW,-5,1,40:47,8,21,0.381,1,3,0.333,8,11,0.727,0,5,5,4,1,1,1,2,25,16.5,-1,41.3
Andrew Wiggins,71,70,2016-03-23,21,MIN,H,SAC,9,1,41:18,10,15,0.667,0,0,NA,3,6,0.5,2,2,4,3,0,0,0,0,23,19.4,13,32.5
Andrew Wiggins,72,71,2016-03-25,21,MIN,A,WAS,3,1,43:21,4,14,0.286,0,4,0,8,8,1,2,5,7,3,1,0,2,1,16,11.4,13,30.3
Andrew Wiggins,73,72,2016-03-26,21,MIN,H,UTA,-9,1,32:58,4,12,0.333,0,1,0,5,7,0.714,1,3,4,2,0,0,1,2,13,6.6,1,20.5
Andrew Wiggins,74,73,2016-03-28,21,MIN,H,PHO,5,1,36:28,6,13,0.462,3,5,0.6,17,21,0.81,1,4,5,2,1,3,1,0,32,29.1,16,50.3
Andrew Wiggins,75,74,2016-03-30,21,MIN,H,LAC,-20,1,24:29,3,9,0.333,1,2,0.5,0,0,NA,0,0,0,1,1,0,6,3,7,-3.6,-12,8
Andrew Wiggins,76,75,2016-04-01,21,MIN,A,UTA,-13,1,37:29,11,21,0.524,2,6,0.333,0,2,0,2,0,2,1,1,0,2,3,24,12.8,-18,30
Andrew Wiggins,77,76,2016-04-03,21,MIN,H,DAL,-10,1,41:04,12,21,0.571,1,3,0.333,5,5,1,0,4,4,2,2,0,2,0,30,22.7,3,41.5
Andrew Wiggins,78,77,2016-04-05,21,MIN,A,GSW,7,1,41:52,11,19,0.579,2,3,0.667,8,9,0.889,1,4,5,4,6,0,5,0,32,28.4,4,54.8
Andrew Wiggins,79,78,2016-04-07,21,MIN,A,SAC,8,1,33:43,5,12,0.417,1,2,0.5,4,5,0.8,2,2,4,2,1,0,2,2,15,9.8,19,24.5
Andrew Wiggins,80,79,2016-04-09,21,MIN,A,POR,1,1,32:17,9,22,0.409,0,3,0,5,6,0.833,1,1,2,1,0,0,1,4,23,9.9,-8,27.8
Andrew Wiggins,81,80,2016-04-11,21,MIN,H,HOU,-24,1,26:43,3,7,0.429,0,0,NA,6,6,1,0,1,1,3,1,0,4,3,12,6.5,-20,17.8
Andrew Wiggins,82,81,2016-04-13,21,MIN,H,NOP,35,1,33:10,8,14,0.571,1,2,0.5,4,6,0.667,1,3,4,0,0,2,0,1,21,16.2,27,30.5
Kevin Garnett,1,1,2015-10-28,39,MIN,A,LAL,1,1,12:53,2,4,0.5,0,0,NA,0,0,NA,0,7,7,2,0,1,0,2,4,5.4,12,17.8
Kevin Garnett,2,2,2015-10-30,39,MIN,A,DEN,17,1,22:19,1,3,0.333,0,0,NA,2,2,1,1,5,6,0,2,0,0,2,4,5.7,16,15.5
Kevin Garnett,3,3,2015-11-02,39,MIN,H,POR,-5,1,16:35,0,3,0,0,0,NA,0,2,0,0,1,1,1,1,0,0,0,0,-0.9,-10,4.8
Kevin Garnett,4,4,2015-11-05,39,MIN,H,MIA,-12,1,11:16,0,1,0,0,0,NA,0,0,NA,0,4,4,1,0,0,0,2,0,0.4,4,6.5
Kevin Garnett,5,5,2015-11-07,39,MIN,A,CHI,9,1,12:16,1,2,0.5,0,0,NA,0,2,0,0,5,5,2,1,0,0,1,2,3.7,-3,13.3
Kevin Garnett,6,6,2015-11-09,39,MIN,A,ATL,10,1,18:06,2,5,0.4,0,0,NA,0,0,NA,0,8,8,1,0,1,1,3,4,2.9,11,17
Kevin Garnett,8,7,2015-11-12,39,MIN,H,GSW,-13,1,11:33,0,0,NA,0,0,NA,0,0,NA,1,4,5,2,0,0,1,2,0,1.5,-14,8.8
Kevin Garnett,9,8,2015-11-13,39,MIN,A,IND,-4,1,14:54,1,3,0.333,0,0,NA,0,0,NA,0,2,2,0,0,0,2,0,2,-1.1,-14,3.5
Kevin Garnett,10,9,2015-11-15,39,MIN,H,MEM,-8,1,23:54,4,4,1,0,0,NA,0,0,NA,0,5,5,4,3,0,0,1,8,13.7,0,26.3
Kevin Garnett,11,10,2015-11-17,39,MIN,A,MIA,12,1,14:43,2,3,0.667,0,0,NA,0,0,NA,1,6,7,2,0,0,0,1,4,6.2,15,15.8
Kevin Garnett,13,11,2015-11-20,39,MIN,H,DET,-10,1,13:39,0,2,0,0,0,NA,0,0,NA,0,4,4,0,2,0,0,2,0,1,-7,9
Kevin Garnett,14,12,2015-11-23,39,MIN,H,PHI,5,1,17:44,4,5,0.8,0,0,NA,0,0,NA,0,10,10,1,2,0,0,0,8,11.8,6,26
Kevin Garnett,15,13,2015-11-25,39,MIN,H,ATL,4,1,14:59,2,3,0.667,0,0,NA,0,0,NA,0,3,3,2,1,0,0,3,4,4.8,-5,12.8
Kevin Garnett,16,14,2015-11-27,39,MIN,A,SAC,10,1,16:46,1,1,1,0,0,NA,0,0,NA,0,5,5,4,1,0,2,3,2,3.8,4,15.3
Kevin Garnett,17,15,2015-11-29,39,MIN,A,LAC,-8,1,15:23,0,5,0,0,0,NA,0,0,NA,2,4,6,5,0,0,1,4,0,0,6,14.5
Kevin Garnett,18,16,2015-12-01,39,MIN,H,ORL,-3,1,20:25,1,4,0.25,0,0,NA,2,2,1,2,6,8,0,0,3,2,1,4,4.5,-12,19
Kevin Garnett,19,17,2015-12-05,39,MIN,H,POR,-6,1,15:30,2,4,0.5,0,0,NA,1,2,0.5,0,2,2,2,0,1,1,1,5,3.9,-4,12
Kevin Garnett,20,18,2015-12-07,39,MIN,H,LAC,-4,1,18:37,2,5,0.4,0,0,NA,1,2,0.5,0,3,3,2,1,0,1,5,5,2.2,-16,13.3
Kevin Garnett,21,19,2015-12-09,39,MIN,H,LAL,1,1,14:41,3,3,1,0,0,NA,0,0,NA,1,3,4,4,1,0,0,2,6,9.7,5,19
Kevin Garnett,22,20,2015-12-11,39,MIN,A,DEN,-3,1,11:32,1,2,0.5,0,0,NA,0,0,NA,1,4,5,0,0,0,0,3,2,1.7,6,8.3
Kevin Garnett,23,21,2015-12-13,39,MIN,A,PHO,-7,1,11:25,0,2,0,0,0,NA,2,2,1,2,1,3,2,1,0,0,1,2,4.3,2,10.8
Kevin Garnett,24,22,2015-12-15,39,MIN,H,DEN,-12,1,12:43,2,3,0.667,0,0,NA,2,2,1,1,3,4,0,1,0,0,2,6,6.5,-5,13
Kevin Garnett,26,23,2015-12-18,39,MIN,H,SAC,4,1,20:48,1,2,0.5,0,0,NA,0,0,NA,0,2,2,3,0,2,0,0,2,5.1,8,13
Kevin Garnett,27,24,2015-12-20,39,MIN,A,BRK,15,1,10:00,0,1,0,0,0,NA,0,0,NA,0,7,7,2,2,0,0,2,0,4,1,15.8
Kevin Garnett,29,25,2015-12-23,39,MIN,H,SAS,-25,1,11:27,1,1,1,0,0,NA,2,2,1,0,1,1,0,1,0,0,1,4,4.6,-10,7.3
Kevin Garnett,30,26,2015-12-26,39,MIN,H,IND,-14,1,10:52,1,4,0.25,0,0,NA,0,0,NA,0,3,3,1,2,0,0,3,2,2,2,11.3
Kevin Garnett,31,27,2015-12-28,39,MIN,A,SAS,-6,1,15:35,5,7,0.714,0,0,NA,0,0,NA,0,3,3,2,0,0,1,2,10,7.6,10,16.3
Kevin Garnett,32,28,2015-12-30,39,MIN,H,UTA,14,1,17:50,4,5,0.8,0,0,NA,0,0,NA,0,6,6,0,0,0,0,4,8,6.3,12,15.5
Kevin Garnett,34,29,2016-01-02,39,MIN,H,MIL,-10,1,16:26,2,4,0.5,0,1,0,0,0,NA,1,5,6,2,1,0,1,2,4,4.8,3,16
Kevin Garnett,35,30,2016-01-04,39,MIN,A,PHI,-10,1,16:49,2,3,0.667,0,0,NA,1,1,1,0,2,2,1,1,0,1,2,5,4.2,-1,10.5
Kevin Garnett,36,31,2016-01-06,39,MIN,H,DEN,-4,1,20:44,2,4,0.5,0,0,NA,0,0,NA,1,3,4,4,1,1,2,3,4,4.9,11,18
Kevin Garnett,37,32,2016-01-08,39,MIN,H,CLE,-26,1,7:29,1,2,0.5,0,0,NA,0,0,NA,0,1,1,1,1,0,0,0,2,3,5,6.8
Kevin Garnett,38,33,2016-01-10,39,MIN,H,DAL,-6,1,7:26,1,3,0.333,0,0,NA,0,0,NA,0,0,0,2,0,0,0,3,2,0.5,11,5
Kevin Garnett,39,34,2016-01-12,39,MIN,H,OKC,-5,1,9:04,0,1,0,0,0,NA,0,0,NA,0,3,3,1,0,0,0,1,0,0.5,-11,5.3
Kevin Garnett,41,35,2016-01-15,39,MIN,A,OKC,-20,1,9:34,1,5,0.2,0,0,NA,0,0,NA,0,1,1,1,0,0,0,0,2,-0.1,-5,4.8
Kevin Garnett,42,36,2016-01-17,39,MIN,H,PHO,30,1,14:52,0,2,0,0,0,NA,0,0,NA,1,2,3,2,2,0,0,2,0,2.5,11,10.8
Kevin Garnett,43,37,2016-01-19,39,MIN,A,NOP,-15,1,15:39,1,2,0.5,0,0,NA,1,2,0.5,0,1,1,3,0,1,0,3,3,3.5,0,10.8
Kevin Garnett,45,38,2016-01-23,39,MIN,H,MEM,5,1,9:11,1,2,0.5,0,0,NA,0,0,NA,0,0,0,0,0,0,0,1,2,0.6,12,2
Kevin Martin,1,1,2015-10-28,32,MIN,A,LAL,1,0,28:58,6,15,0.4,0,5,0,11,12,0.917,0,1,1,0,0,0,0,2,23,14,-10,24.3
Kevin Martin,2,2,2015-10-30,32,MIN,A,DEN,17,0,21:20,4,9,0.444,1,2,0.5,5,6,0.833,0,3,3,1,1,0,2,1,14,9.1,-1,20.8
Kevin Martin,3,3,2015-11-02,32,MIN,H,POR,-5,0,35:01,7,12,0.583,2,4,0.5,8,11,0.727,0,2,2,1,0,0,3,3,24,14.3,-1,27.5
Kevin Martin,4,4,2015-11-05,32,MIN,H,MIA,-12,0,26:36,4,10,0.4,0,2,0,6,6,1,0,3,3,0,0,0,2,5,14,5.5,-15,16.8
Kevin Martin,6,5,2015-11-09,32,MIN,A,ATL,10,0,23:51,4,11,0.364,2,5,0.4,3,4,0.75,0,0,0,1,0,0,0,1,13,6.8,5,15.5
Kevin Martin,7,6,2015-11-10,32,MIN,H,CHO,-9,1,39:35,6,16,0.375,1,3,0.333,5,6,0.833,1,2,3,5,1,0,6,5,18,6.6,10,28.8
Kevin Martin,8,7,2015-11-12,32,MIN,H,GSW,-13,0,28:22,5,13,0.385,1,1,1,4,4,1,1,3,4,6,0,0,0,2,15,12.9,2,29.5
Kevin Martin,9,8,2015-11-13,32,MIN,A,IND,-4,0,12:56,0,4,0,0,2,0,2,2,1,0,1,1,1,0,0,1,2,2,-1.6,-5,4.3
Kevin Martin,10,9,2015-11-15,32,MIN,H,MEM,-8,0,17:30,3,11,0.273,0,2,0,2,2,1,0,2,2,2,2,0,1,0,8,4.5,-2,17
Kevin Martin,11,10,2015-11-17,32,MIN,A,MIA,12,0,23:10,2,11,0.182,0,4,0,4,4,1,1,3,4,0,1,0,0,1,8,3.3,-1,15
Kevin Martin,12,11,2015-11-18,32,MIN,A,ORL,-3,0,21:23,3,7,0.429,1,2,0.5,5,6,0.833,0,4,4,1,1,0,0,0,12,10.8,5,21
Kevin Martin,13,12,2015-11-20,32,MIN,H,DET,-10,0,21:36,2,7,0.286,0,0,NA,4,4,1,0,7,7,1,0,0,0,1,8,6.3,-4,18.3
Kevin Martin,14,13,2015-11-23,32,MIN,H,PHI,5,1,31:58,4,11,0.364,1,4,0.25,2,2,1,0,1,1,0,1,0,1,0,11,5.2,16,14.3
Kevin Martin,15,14,2015-11-25,32,MIN,H,ATL,4,1,23:14,3,12,0.25,1,2,0.5,4,7,0.571,0,3,3,0,0,0,0,2,11,2.7,1,15.3
Kevin Martin,16,15,2015-11-27,32,MIN,A,SAC,10,1,28:42,1,6,0.167,1,4,0.25,0,0,NA,0,2,2,0,0,0,2,1,3,-2.6,1,5
Kevin Martin,17,16,2015-11-29,32,MIN,A,LAC,-8,1,23:28,1,5,0.2,0,0,NA,0,0,NA,0,3,3,0,1,0,0,3,2,-0.4,-5,7.8
Kevin Martin,18,17,2015-12-01,32,MIN,H,ORL,-3,1,23:07,4,9,0.444,2,2,1,6,6,1,0,1,1,0,0,0,1,2,16,9.8,-3,17.8
Kevin Martin,19,18,2015-12-05,32,MIN,H,POR,-6,1,24:20,3,6,0.5,1,1,1,4,4,1,0,1,1,2,0,0,0,1,11,9.3,2,15.8
Kevin Martin,20,19,2015-12-07,32,MIN,H,LAC,-4,1,14:05,0,3,0,0,1,0,0,0,NA,0,2,2,0,1,0,1,1,0,-1.9,-7,4
Kevin Martin,21,20,2015-12-09,32,MIN,H,LAL,1,1,40:12,14,27,0.519,6,9,0.667,3,3,1,0,1,1,3,1,0,1,3,37,24.9,8,47.3
Kevin Martin,22,21,2015-12-11,32,MIN,A,DEN,-3,1,40:40,8,20,0.4,2,7,0.286,4,4,1,1,3,4,3,0,0,0,1,22,14.5,-3,32.5
Kevin Martin,23,22,2015-12-13,32,MIN,A,PHO,-7,1,24:47,5,12,0.417,2,5,0.4,7,9,0.778,1,2,3,1,1,0,1,1,19,13.4,-5,26.8
Kevin Martin,24,23,2015-12-15,32,MIN,H,DEN,-12,1,22:05,1,8,0.125,0,2,0,0,0,NA,0,0,0,3,0,0,0,2,2,-1.9,-13,6.5
Kevin Martin,26,24,2015-12-18,32,MIN,H,SAC,4,0,15:47,1,4,0.25,0,0,NA,0,0,NA,0,2,2,0,0,0,1,0,2,-0.8,-10,4
Kevin Martin,27,25,2015-12-20,32,MIN,A,BRK,15,0,17:47,5,9,0.556,3,4,0.75,3,3,1,0,0,0,3,2,0,2,2,16,13,4,25
Kevin Martin,28,26,2015-12-21,32,MIN,A,BOS,-14,0,18:36,1,6,0.167,1,1,1,0,0,NA,0,0,0,0,1,1,0,2,3,0.1,-2,7.5
Kevin Martin,36,27,2016-01-06,32,MIN,H,DEN,-4,0,16:22,3,9,0.333,1,3,0.333,2,2,1,0,2,2,1,0,0,0,2,9,4.4,-6,13.5
Kevin Martin,37,28,2016-01-08,32,MIN,H,CLE,-26,0,13:21,0,4,0,0,1,0,2,2,1,1,2,3,2,1,0,0,2,2,2.1,-7,10.8
Kevin Martin,38,29,2016-01-10,32,MIN,H,DAL,-6,0,12:00,3,6,0.5,0,2,0,3,3,1,0,1,1,0,0,0,3,0,9,3.3,-15,8.8
Kevin Martin,39,30,2016-01-12,32,MIN,H,OKC,-5,0,13:20,2,7,0.286,0,2,0,2,3,0.667,0,0,0,2,1,0,0,1,6,3.5,1,11
Kevin Martin,40,31,2016-01-13,32,MIN,A,HOU,-3,0,28:50,6,10,0.6,3,7,0.429,7,8,0.875,0,2,2,1,0,0,2,4,22,14.7,-8,26.5
Kevin Martin,42,32,2016-01-17,32,MIN,H,PHO,30,0,15:45,3,6,0.5,1,3,0.333,4,4,1,0,0,0,2,0,0,0,3,11,8.2,15,14.5
Kevin Martin,43,33,2016-01-19,32,MIN,A,NOP,-15,0,13:27,1,5,0.2,0,2,0,0,0,NA,1,0,1,0,0,0,3,1,2,-3.8,-17,1.8
Kevin Martin,44,34,2016-01-20,32,MIN,A,DAL,-12,0,14:16,3,6,0.5,0,1,0,3,3,1,0,1,1,1,0,0,0,2,9,6.2,-10,11.8
Kevin Martin,45,35,2016-01-23,32,MIN,H,MEM,5,0,14:10,3,6,0.5,3,4,0.75,2,2,1,2,2,4,1,0,0,1,1,11,9.3,4,18.5
Kevin Martin,55,36,2016-02-19,33,MIN,A,MEM,-5,0,13:22,3,5,0.6,2,3,0.667,4,4,1,0,2,2,1,0,0,4,4,12,5.4,-1,15
Kevin Martin,56,37,2016-02-20,33,MIN,H,NYK,-8,0,12:28,0,2,0,0,0,NA,1,2,0.5,1,2,3,0,1,0,1,0,1,0.5,-5,6.3
Kevin Martin,57,38,2016-02-22,33,MIN,H,BOS,2,0,13:54,1,3,0.333,0,1,0,3,4,0.75,0,5,5,1,0,0,2,3,5,1.9,-1,11.8
Kevin Martin,58,39,2016-02-24,33,MIN,A,TOR,-9,0,4:04,1,1,1,0,0,NA,0,0,NA,0,0,0,0,0,0,0,1,2,1.3,0,2
Tyus Jones,7,1,2015-11-10,19,MIN,H,CHO,-9,0,12:31,0,4,0,0,0,NA,1,2,0.5,0,1,1,1,1,0,0,1,1,-0.6,-23,5.8
Tyus Jones,8,2,2015-11-12,19,MIN,H,GSW,-13,0,1:11,0,1,0,0,1,0,0,0,NA,0,0,0,0,0,0,0,0,0,-0.7,-4,0
Tyus Jones,29,3,2015-12-23,19,MIN,H,SAS,-25,0,19:49,3,7,0.429,0,1,0,0,0,NA,0,1,1,2,2,0,1,0,6,5,-11,13.8
Tyus Jones,30,4,2015-12-26,19,MIN,H,IND,-14,0,11:24,0,1,0,0,0,NA,0,0,NA,0,3,3,1,0,1,0,1,0,1.2,-13,7.3
Tyus Jones,31,5,2015-12-28,19,MIN,A,SAS,-6,0,11:26,1,2,0.5,0,0,NA,0,0,NA,0,0,0,2,0,0,3,2,2,-1.4,-8,3.5
Tyus Jones,32,6,2015-12-30,19,MIN,H,UTA,14,0,12:15,2,4,0.5,1,1,1,0,0,NA,0,1,1,2,1,0,1,1,5,4.3,0,11.3
Tyus Jones,33,7,2015-12-31,19,MIN,A,DET,-25,0,13:09,2,5,0.4,1,1,1,0,0,NA,0,5,5,4,0,0,1,1,5,5.2,0,17.3
Tyus Jones,34,8,2016-01-02,19,MIN,H,MIL,-10,0,14:30,2,6,0.333,0,0,NA,2,3,0.667,3,1,4,2,0,0,1,0,6,5,-19,13.5
Tyus Jones,35,9,2016-01-04,19,MIN,A,PHI,-10,0,1:47,1,1,1,0,0,NA,0,0,NA,0,0,0,0,0,0,1,0,2,0.7,-5,1.5
Tyus Jones,53,10,2016-02-08,19,MIN,H,NOP,-14,0,12:00,1,5,0.2,0,1,0,1,1,1,0,3,3,5,0,0,0,0,3,4.3,11,14.3
Tyus Jones,55,11,2016-02-19,19,MIN,A,MEM,-5,0,13:41,1,3,0.333,1,1,1,2,2,1,0,0,0,2,0,0,1,1,5,3.3,-3,8
Tyus Jones,57,12,2016-02-22,19,MIN,H,BOS,2,0,15:59,4,7,0.571,1,2,0.5,0,0,NA,1,1,2,1,1,0,1,2,9,6.6,-9,15
Tyus Jones,58,13,2016-02-24,19,MIN,A,TOR,-9,0,11:48,1,3,0.333,0,0,NA,2,2,1,0,0,0,3,1,0,0,1,4,5,-2,10.5
Tyus Jones,59,14,2016-02-27,19,MIN,A,NOP,2,0,12:30,2,4,0.5,2,3,0.667,1,2,0.5,1,2,3,3,0,0,1,0,7,7,-5,15.8
Tyus Jones,60,15,2016-02-28,19,MIN,A,DAL,-27,0,23:07,2,9,0.222,2,4,0.5,1,1,1,0,3,3,6,2,0,0,0,7,8.6,1,24.8
Tyus Jones,61,16,2016-03-02,19,MIN,H,WAS,-6,0,10:06,1,4,0.25,1,3,0.333,0,0,NA,0,0,0,0,0,0,1,0,3,-0.4,-16,3
Tyus Jones,62,17,2016-03-04,19,MIN,A,MIL,-15,0,24:05,1,3,0.333,0,1,0,0,0,NA,1,4,5,5,2,0,2,0,2,5.7,7,18.8
Tyus Jones,63,18,2016-03-05,19,MIN,H,BRK,14,0,15:47,3,5,0.6,2,3,0.667,1,1,1,0,1,1,2,0,0,1,3,9,6.2,-6,13.8
Tyus Jones,64,19,2016-03-07,19,MIN,A,CHO,-5,0,13:39,1,3,0.333,0,0,NA,0,0,NA,0,1,1,4,1,0,1,0,2,3.4,-18,10.8
Tyus Jones,65,20,2016-03-08,19,MIN,H,SAS,-25,0,26:47,4,7,0.571,2,4,0.5,0,0,NA,0,0,0,6,0,0,0,1,10,10.5,1,20
Tyus Jones,66,21,2016-03-11,19,MIN,A,OKC,3,0,12:05,2,7,0.286,1,4,0.25,0,0,NA,0,0,0,1,0,0,0,0,5,1.6,-13,7
Tyus Jones,67,22,2016-03-14,19,MIN,A,PHO,-3,0,11:34,0,3,0,0,1,0,0,0,NA,0,1,1,1,1,0,2,2,0,-2.9,-15,3.8
Tyus Jones,68,23,2016-03-16,19,MIN,A,MEM,6,0,19:11,3,4,0.75,0,1,0,4,6,0.667,0,0,0,5,1,2,2,0,10,11.5,10,22.5
Tyus Jones,69,24,2016-03-18,19,MIN,A,HOU,-5,0,15:38,1,4,0.25,0,1,0,0,0,NA,0,2,2,4,0,0,0,1,2,2.6,7,10.5
Tyus Jones,70,25,2016-03-21,19,MIN,H,GSW,-5,0,15:09,0,2,0,0,1,0,0,0,NA,0,0,0,0,0,0,1,2,0,-3.2,-6,-0.5
Tyus Jones,71,26,2016-03-23,19,MIN,H,SAC,9,0,21:38,1,5,0.2,0,1,0,1,2,0.5,0,0,0,5,3,0,2,1,3,3.6,-4,15.5
Tyus Jones,72,27,2016-03-25,19,MIN,A,WAS,3,0,13:31,3,6,0.5,0,1,0,2,2,1,0,0,0,6,2,0,1,2,8,9.4,-7,20.5
Tyus Jones,73,28,2016-03-26,19,MIN,H,UTA,-9,0,17:26,2,7,0.286,0,1,0,4,4,1,0,2,2,2,1,0,2,1,8,4.5,-16,14.5
Tyus Jones,74,29,2016-03-28,19,MIN,H,PHO,5,0,13:46,1,3,0.333,0,2,0,1,2,0.5,0,0,0,2,2,0,2,0,3,2.3,-2,9
Tyus Jones,75,30,2016-03-30,19,MIN,H,LAC,-20,0,22:49,1,10,0.1,0,7,0,0,0,NA,0,0,0,2,0,0,0,3,2,-4.4,2,5
Tyus Jones,76,31,2016-04-01,19,MIN,A,UTA,-13,0,5:45,0,1,0,0,1,0,0,0,NA,1,0,1,1,1,0,2,0,0,-0.3,8,3.8
Tyus Jones,77,32,2016-04-03,19,MIN,H,DAL,-10,0,13:56,0,1,0,0,1,0,1,2,0.5,0,1,1,0,0,0,0,1,1,-0.2,-17,2.3
Tyus Jones,78,33,2016-04-05,19,MIN,A,GSW,7,0,19:10,3,4,0.75,0,0,NA,1,2,0.5,0,0,0,5,1,0,0,1,7,9.1,19,16.5
Tyus Jones,79,34,2016-04-07,19,MIN,A,SAC,8,0,26:21,2,3,0.667,1,2,0.5,0,0,NA,0,3,3,4,4,0,1,1,5,10,6,22.8
Tyus Jones,80,35,2016-04-09,19,MIN,A,POR,1,0,15:38,1,2,0.5,0,0,NA,1,1,1,0,0,0,2,1,0,0,0,3,4.4,8,8
Tyus Jones,81,36,2016-04-11,19,MIN,H,HOU,-24,0,25:47,1,5,0.2,0,1,0,0,0,NA,0,3,3,5,2,0,2,4,2,1.7,-7,16.3
Tyus Jones,82,37,2016-04-13,19,MIN,H,NOP,35,0,25:49,3,5,0.6,1,2,0.5,2,4,0.5,0,1,1,12,1,0,0,0,9,15.6,14,30.8
Zach LaVine,1,1,2015-10-28,20,MIN,A,LAL,1,0,19:56,4,10,0.4,0,2,0,0,0,NA,1,2,3,3,1,0,0,0,8,7,-4,18.3
Zach LaVine,2,2,2015-10-30,20,MIN,A,DEN,17,0,17:36,3,6,0.5,0,1,0,4,4,1,0,4,4,3,0,0,4,3,10,5.1,-4,17.5
Zach LaVine,3,3,2015-11-02,20,MIN,H,POR,-5,0,16:01,3,7,0.429,0,1,0,4,4,1,0,0,0,5,0,0,2,1,10,7.4,-8,16.5
Zach LaVine,4,4,2015-11-05,20,MIN,H,MIA,-12,0,20:11,1,5,0.2,1,1,1,0,0,NA,0,2,2,3,0,0,3,3,3,-1.6,-4,9
Zach LaVine,5,5,2015-11-07,20,MIN,A,CHI,9,0,19:18,3,9,0.333,1,3,0.333,1,1,1,1,3,4,4,0,0,3,3,8,3.1,7,18
Zach LaVine,6,6,2015-11-09,20,MIN,A,ATL,10,0,15:53,5,7,0.714,1,1,1,2,2,1,1,2,3,6,3,0,1,2,13,16.8,9,31.8
Zach LaVine,7,7,2015-11-10,20,MIN,H,CHO,-9,1,36:34,9,19,0.474,1,4,0.25,1,2,0.5,1,4,5,8,2,0,8,2,20,10.6,13,38.8
Zach LaVine,8,8,2015-11-12,20,MIN,H,GSW,-13,1,25:32,3,11,0.273,0,2,0,7,8,0.875,1,1,2,1,1,0,2,2,13,6,-22,18
Zach LaVine,9,9,2015-11-13,20,MIN,A,IND,-4,1,40:05,11,22,0.5,4,7,0.571,0,0,NA,1,5,6,4,1,0,2,1,26,18.6,0,42.5
Zach LaVine,10,10,2015-11-15,20,MIN,H,MEM,-8,1,17:29,8,15,0.533,4,7,0.571,5,6,0.833,1,2,3,3,0,0,1,5,25,17.7,2,34.8
Zach LaVine,11,11,2015-11-17,20,MIN,A,MIA,12,0,28:29,5,12,0.417,2,5,0.4,5,6,0.833,0,4,4,3,1,0,0,0,17,14.5,23,29.5
Zach LaVine,12,12,2015-11-18,20,MIN,A,ORL,-3,0,29:50,6,12,0.5,2,5,0.4,0,0,NA,0,3,3,3,0,0,3,4,14,6.4,2,21.8
Zach LaVine,13,13,2015-11-20,20,MIN,H,DET,-10,0,26:11,6,13,0.462,2,5,0.4,0,0,NA,1,2,3,2,0,1,2,2,14,7.9,-4,22.8
Zach LaVine,14,14,2015-11-23,20,MIN,H,PHI,5,0,24:52,4,12,0.333,0,3,0,4,4,1,0,5,5,0,0,0,3,2,12,2.9,-6,16.8
Zach LaVine,15,15,2015-11-25,20,MIN,H,ATL,4,0,26:53,7,13,0.538,2,5,0.4,2,2,1,1,4,5,6,0,0,2,4,18,14.2,1,33.3
Zach LaVine,16,16,2015-11-27,20,MIN,A,SAC,10,1,29:14,7,14,0.5,1,6,0.167,4,4,1,1,7,8,4,0,0,2,2,19,14.8,-2,34.5
Zach LaVine,17,17,2015-11-29,20,MIN,A,LAC,-8,1,32:30,6,15,0.4,3,5,0.6,3,3,1,0,3,3,7,0,0,1,5,18,12.7,0,33.3
Zach LaVine,18,18,2015-12-01,20,MIN,H,ORL,-3,0,28:30,3,11,0.273,0,5,0,6,6,1,1,4,5,5,1,1,2,1,12,10.2,3,28.8
Zach LaVine,19,19,2015-12-05,20,MIN,H,POR,-6,0,22:45,4,14,0.286,2,5,0.4,2,2,1,1,0,1,2,1,0,1,4,12,4.3,0,18.8
Zach LaVine,20,20,2015-12-07,20,MIN,H,LAC,-4,0,25:21,7,16,0.438,1,2,0.5,6,6,1,0,3,3,2,1,0,2,2,21,13.1,-4,29.3
Zach LaVine,21,21,2015-12-09,20,MIN,H,LAL,1,0,19:49,2,8,0.25,0,2,0,0,2,0,0,2,2,2,0,0,2,1,4,-2,-19,8.5
Zach LaVine,22,22,2015-12-11,20,MIN,A,DEN,-3,0,24:54,4,11,0.364,1,4,0.25,3,4,0.75,1,4,5,5,0,0,2,0,12,8.9,3,25.3
Zach LaVine,23,23,2015-12-13,20,MIN,A,PHO,-7,0,25:33,10,19,0.526,3,4,0.75,5,5,1,0,2,2,2,1,0,2,4,28,18.1,-2,36
Zach LaVine,24,24,2015-12-15,20,MIN,H,DEN,-12,0,24:35,8,18,0.444,1,3,0.333,3,4,0.75,1,3,4,5,1,1,2,1,20,14.6,-7,36
Zach LaVine,25,25,2015-12-16,20,MIN,A,NYK,-5,0,29:07,9,20,0.45,1,5,0.2,0,0,NA,0,2,2,2,0,0,1,3,19,8.4,3,24.5
Zach LaVine,26,26,2015-12-18,20,MIN,H,SAC,4,0,17:48,4,11,0.364,0,4,0,0,0,NA,1,1,2,0,0,0,4,2,8,-1.9,-5,8.5
Zach LaVine,27,27,2015-12-20,20,MIN,A,BRK,15,0,22:24,4,10,0.4,0,2,0,2,2,1,1,3,4,4,0,0,1,1,10,7.6,-7,20.5
Zach LaVine,28,28,2015-12-21,20,MIN,A,BOS,-14,0,25:48,7,12,0.583,0,2,0,3,5,0.6,0,3,3,2,1,0,1,1,17,12.5,-13,25.3
Zach LaVine,29,29,2015-12-23,20,MIN,H,SAS,-25,0,24:19,7,13,0.538,1,1,1,2,4,0.5,1,1,2,4,2,0,3,2,17,11.9,-10,28.5
Zach LaVine,30,30,2015-12-26,20,MIN,H,IND,-14,0,26:18,3,10,0.3,1,3,0.333,2,2,1,0,0,0,4,1,0,1,0,9,6,-20,17
Zach LaVine,31,31,2015-12-28,20,MIN,A,SAS,-6,0,24:41,5,14,0.357,0,4,0,5,5,1,0,0,0,2,0,0,1,1,15,7.2,-9,17.5
Zach LaVine,32,32,2015-12-30,20,MIN,H,UTA,14,0,11:37,1,6,0.167,0,0,NA,0,0,NA,1,2,3,0,0,0,1,3,2,-2.7,4,5.3
Zach LaVine,33,33,2015-12-31,20,MIN,A,DET,-25,0,24:48,1,8,0.125,0,1,0,2,4,0.5,0,4,4,2,0,0,2,5,4,-3.4,-22,11
Zach LaVine,34,34,2016-01-02,20,MIN,H,MIL,-10,0,21:09,3,9,0.333,0,3,0,0,0,NA,0,3,3,1,0,0,2,4,6,-1.1,-17,10.3
Zach LaVine,35,35,2016-01-04,20,MIN,A,PHI,-10,0,17:57,2,8,0.25,0,0,NA,1,2,0.5,0,1,1,2,2,0,2,2,5,0.7,0,12.3
Zach LaVine,36,36,2016-01-06,20,MIN,H,DEN,-4,0,16:49,1,5,0.2,0,1,0,0,0,NA,0,0,0,4,1,0,1,2,2,0.9,-9,9.5
Zach LaVine,37,37,2016-01-08,20,MIN,H,CLE,-26,0,22:15,1,6,0.167,0,0,NA,0,0,NA,0,4,4,2,0,0,2,2,2,-2,-14,9
Zach LaVine,38,38,2016-01-10,20,MIN,H,DAL,-6,0,8:22,0,2,0,0,0,NA,0,0,NA,0,1,1,1,0,0,1,0,0,-1.4,-5,2.3
Zach LaVine,39,39,2016-01-12,20,MIN,H,OKC,-5,0,26:35,7,12,0.583,3,4,0.75,4,6,0.667,0,9,9,4,0,0,3,3,21,15.9,6,38.3
Zach LaVine,40,40,2016-01-13,20,MIN,A,HOU,-3,0,15:20,1,6,0.167,0,1,0,0,0,NA,0,2,2,4,0,0,2,2,2,-1.2,-17,9.5
Zach LaVine,41,41,2016-01-15,20,MIN,A,OKC,-20,0,24:20,5,9,0.556,1,1,1,2,3,0.667,1,5,6,0,0,0,2,2,13,7.7,-3,20
Zach LaVine,42,42,2016-01-17,20,MIN,H,PHO,30,0,23:37,3,6,0.5,2,4,0.5,3,4,0.75,1,2,3,3,4,0,0,2,11,14.2,20,28.3
Zach LaVine,43,43,2016-01-19,20,MIN,A,NOP,-15,0,18:01,2,5,0.4,0,0,NA,0,0,NA,0,1,1,4,1,1,1,5,4,3.1,-14,14.8
Zach LaVine,44,44,2016-01-20,20,MIN,A,DAL,-12,0,17:21,2,4,0.5,0,2,0,0,0,NA,0,1,1,4,0,0,2,1,4,2.7,6,10.3
Zach LaVine,45,45,2016-01-23,20,MIN,H,MEM,5,0,19:11,1,3,0.333,1,1,1,2,2,1,0,2,2,4,3,1,3,4,5,5.8,-4,20.5
Zach LaVine,46,46,2016-01-25,20,MIN,A,CLE,-7,0,30:11,8,15,0.533,2,7,0.286,3,3,1,0,4,4,6,1,0,1,3,21,17.9,-8,37.5
Zach LaVine,47,47,2016-01-27,20,MIN,H,OKC,-3,0,29:26,14,17,0.824,5,8,0.625,2,5,0.4,0,2,2,1,1,0,0,5,35,27.8,-4,43.5
Zach LaVine,48,48,2016-01-29,20,MIN,A,UTA,-13,0,31:25,9,12,0.75,0,0,NA,1,2,0.5,0,1,1,3,0,0,3,4,19,11.6,-14,23.3
Zach LaVine,49,49,2016-01-31,20,MIN,A,POR,-3,0,25:28,6,14,0.429,1,4,0.25,1,1,1,0,2,2,2,1,0,1,6,14,6.2,-11,21.5
Zach LaVine,50,50,2016-02-02,20,MIN,A,LAL,-4,0,26:27,6,12,0.5,2,5,0.4,0,0,NA,0,1,1,7,0,0,4,4,14,7.6,0,24.8
Zach LaVine,51,51,2016-02-03,20,MIN,A,LAC,6,0,34:24,7,14,0.5,2,4,0.5,1,3,0.333,0,4,4,3,1,0,1,4,17,10.9,-4,29
Zach LaVine,52,52,2016-02-06,20,MIN,H,CHI,7,0,35:41,5,16,0.313,1,4,0.25,2,2,1,0,1,1,3,2,0,1,0,13,7.2,0,22.8
Zach LaVine,53,53,2016-02-08,20,MIN,H,NOP,-14,0,28:24,4,10,0.4,1,2,0.5,3,4,0.75,0,2,2,2,0,3,0,2,12,9.5,-5,24
Zach LaVine,54,54,2016-02-10,20,MIN,H,TOR,5,1,37:36,4,13,0.308,1,4,0.25,4,6,0.667,1,3,4,5,0,1,1,3,13,8.3,-1,27.5
Zach LaVine,55,55,2016-02-19,20,MIN,A,MEM,-5,1,25:44,8,13,0.615,4,6,0.667,2,2,1,0,2,2,0,1,0,4,5,22,11.7,1,26.5
Zach LaVine,56,56,2016-02-20,20,MIN,H,NYK,-8,0,32:32,7,14,0.5,0,5,0,0,0,NA,0,5,5,3,1,0,1,0,14,10.6,5,26.3
Zach LaVine,57,57,2016-02-22,20,MIN,H,BOS,2,1,32:07,4,7,0.571,4,5,0.8,4,5,0.8,1,4,5,3,0,0,3,0,16,13.3,4,27.3
Zach LaVine,58,58,2016-02-24,20,MIN,A,TOR,-9,0,32:32,3,10,0.3,1,3,0.333,0,2,0,1,1,2,3,1,2,1,5,7,2.9,-19,20
Zach LaVine,59,59,2016-02-27,20,MIN,A,NOP,2,1,35:45,11,17,0.647,2,4,0.5,1,1,1,0,5,5,1,1,0,2,5,25,16.7,6,34.8
Zach LaVine,60,60,2016-02-28,20,MIN,A,DAL,-27,1,41:25,3,13,0.231,1,6,0.167,3,4,0.75,1,7,8,4,2,0,1,4,10,6.7,-25,30
Zach LaVine,61,61,2016-03-02,20,MIN,H,WAS,-6,1,38:55,7,18,0.389,2,5,0.4,5,5,1,0,3,3,2,1,0,1,2,21,12.7,1,30.3
Zach LaVine,62,62,2016-03-04,20,MIN,A,MIL,-15,1,38:40,8,17,0.471,2,4,0.5,2,2,1,0,2,2,4,3,0,6,2,20,10.9,-12,32.5
Zach LaVine,63,63,2016-03-05,20,MIN,H,BRK,14,1,36:49,9,12,0.75,3,5,0.6,0,0,NA,0,0,0,4,2,0,1,1,21,19.6,15,32
Zach LaVine,64,64,2016-03-07,20,MIN,A,CHO,-5,1,44:39,7,20,0.35,2,8,0.25,3,4,0.75,0,4,4,2,2,0,4,3,19,6.8,-5,30
Zach LaVine,65,65,2016-03-08,20,MIN,H,SAS,-25,1,36:03,7,10,0.7,1,3,0.333,0,1,0,0,2,2,3,0,0,1,1,15,11.7,-33,22
Zach LaVine,66,66,2016-03-11,21,MIN,A,OKC,3,1,35:16,3,8,0.375,1,1,1,2,2,1,0,1,1,2,1,1,3,1,9,4.6,17,16.3
Zach LaVine,67,67,2016-03-14,21,MIN,A,PHO,-3,1,31:40,10,15,0.667,3,7,0.429,5,6,0.833,0,3,3,1,0,0,1,5,28,19.7,-8,34.3
Zach LaVine,68,68,2016-03-16,21,MIN,A,MEM,6,1,40:33,11,19,0.579,6,10,0.6,0,0,NA,0,3,3,1,0,0,0,1,28,20.3,7,36.3
Zach LaVine,69,69,2016-03-18,21,MIN,A,HOU,-5,1,35:20,6,15,0.4,3,5,0.6,0,0,NA,1,1,2,3,4,1,0,3,15,13.5,-12,33.5
Zach LaVine,70,70,2016-03-21,21,MIN,H,GSW,-5,1,39:35,7,13,0.538,2,5,0.4,3,4,0.75,0,2,2,4,1,0,2,1,19,14.3,0,29.5
Zach LaVine,71,71,2016-03-23,21,MIN,H,SAC,9,1,44:04,7,12,0.583,4,7,0.571,5,10,0.5,0,0,0,4,0,0,6,0,23,12.2,15,28
Zach LaVine,72,72,2016-03-25,21,MIN,A,WAS,3,1,44:33,10,17,0.588,5,9,0.556,0,0,NA,0,0,0,4,2,0,1,1,25,20.5,8,37
Zach LaVine,73,73,2016-03-26,21,MIN,H,UTA,-9,1,35:18,3,11,0.273,1,2,0.5,2,2,1,0,0,0,2,0,0,0,1,9,3.5,1,12.5
Zach LaVine,74,74,2016-03-28,21,MIN,H,PHO,5,1,33:55,6,10,0.6,1,5,0.2,2,2,1,0,1,1,1,0,0,3,5,15,6.4,-5,16.8
Zach LaVine,75,75,2016-03-30,21,MIN,H,LAC,-20,1,22:11,0,6,0,0,0,NA,0,0,NA,0,2,2,4,0,0,1,0,0,-1.8,-22,8
Zach LaVine,76,76,2016-04-01,21,MIN,A,UTA,-13,1,40:12,1,9,0.111,1,5,0.2,0,0,NA,1,1,2,6,1,0,3,3,3,-0.9,-22,15.5
Zach LaVine,77,77,2016-04-03,21,MIN,H,DAL,-10,1,30:16,4,11,0.364,2,7,0.286,1,1,1,0,3,3,1,1,0,3,5,11,2.5,-7,17.8
Zach LaVine,78,78,2016-04-05,21,MIN,A,GSW,7,1,40:09,6,14,0.429,4,7,0.571,0,0,NA,0,4,4,5,4,0,1,1,16,15.9,-7,38
Zach LaVine,79,79,2016-04-07,21,MIN,A,SAC,8,1,25:32,6,10,0.6,4,7,0.571,2,2,1,0,1,1,2,3,1,2,1,18,16.4,11,31.3
Zach LaVine,80,80,2016-04-09,21,MIN,A,POR,1,1,26:56,2,7,0.286,1,4,0.25,5,6,0.833,0,3,3,1,0,1,0,3,10,6.6,-12,17.8
Zach LaVine,81,81,2016-04-11,21,MIN,H,HOU,-24,1,27:10,8,14,0.571,3,7,0.429,2,2,1,1,1,2,3,1,1,1,1,21,17.8,-22,33
Zach LaVine,82,82,2016-04-13,21,MIN,H,NOP,35,1,30:49,8,16,0.5,3,9,0.333,0,0,NA,0,2,2,5,2,1,3,1,19,14.4,26,35
Gorgui Dieng,1,1,2015-10-28,25,MIN,A,LAL,1,0,20:19,1,4,0.25,0,0,NA,2,2,1,1,3,4,1,1,2,1,3,4,4.1,-13,16
Gorgui Dieng,2,2,2015-10-30,25,MIN,A,DEN,17,0,13:16,1,3,0.333,0,0,NA,0,0,NA,0,1,1,0,0,1,1,1,2,-0.1,0,4.8
Gorgui Dieng,3,3,2015-11-02,25,MIN,H,POR,-5,0,21:06,6,9,0.667,0,0,NA,0,1,0,1,4,5,1,0,0,0,2,12,9.5,0,19.8
Gorgui Dieng,4,4,2015-11-05,25,MIN,H,MIA,-12,0,25:50,4,8,0.5,0,0,NA,2,2,1,1,5,6,0,2,1,3,3,10,6.7,9,22
Gorgui Dieng,5,5,2015-11-07,25,MIN,A,CHI,9,0,22:45,3,6,0.5,0,0,NA,0,0,NA,3,4,7,0,2,0,2,1,6,5.9,-10,17.8
Gorgui Dieng,6,6,2015-11-09,25,MIN,A,ATL,10,0,16:11,3,5,0.6,0,0,NA,0,0,NA,1,2,3,1,2,0,2,2,6,4.9,-1,14.3
Gorgui Dieng,7,7,2015-11-10,25,MIN,H,CHO,-9,0,17:59,1,4,0.25,0,0,NA,0,0,NA,2,4,6,0,0,0,2,2,2,-0.6,-20,8.5
Gorgui Dieng,8,8,2015-11-12,25,MIN,H,GSW,-13,0,17:46,4,6,0.667,0,0,NA,3,3,1,1,3,4,0,1,1,1,0,11,10.7,11,19.5
Gorgui Dieng,9,9,2015-11-13,25,MIN,A,IND,-4,0,11:24,1,2,0.5,0,0,NA,0,0,NA,2,5,7,0,1,0,1,2,2,3.1,-2,12.3
Gorgui Dieng,10,10,2015-11-15,25,MIN,H,MEM,-8,0,16:26,2,3,0.667,0,0,NA,4,4,1,1,4,5,0,0,0,2,1,8,6.2,-9,13.3
Gorgui Dieng,11,11,2015-11-17,25,MIN,A,MIA,12,0,21:58,2,8,0.25,0,0,NA,1,2,0.5,2,4,6,1,2,0,1,4,5,2.5,-2,17.5
Gorgui Dieng,12,12,2015-11-18,25,MIN,A,ORL,-3,0,21:00,3,6,0.5,0,0,NA,1,2,0.5,1,6,7,1,2,5,1,3,7,10.1,-7,30.8
Gorgui Dieng,13,13,2015-11-20,25,MIN,H,DET,-10,0,19:55,3,7,0.429,0,0,NA,2,2,1,2,2,4,0,2,0,2,3,8,5.1,4,16
Gorgui Dieng,14,14,2015-11-23,25,MIN,H,PHI,5,0,28:54,4,5,0.8,0,0,NA,4,5,0.8,2,3,5,0,1,2,1,3,12,12.2,-3,23.8
Gorgui Dieng,15,15,2015-11-25,25,MIN,H,ATL,4,0,25:30,3,7,0.429,0,0,NA,4,4,1,3,8,11,3,2,3,2,3,10,13.8,5,38.8
Gorgui Dieng,16,16,2015-11-27,25,MIN,A,SAC,10,0,26:40,2,4,0.5,0,0,NA,4,4,1,3,5,8,2,2,0,2,1,8,10.6,14,24
Gorgui Dieng,17,17,2015-11-29,25,MIN,A,LAC,-8,0,24:32,5,7,0.714,0,0,NA,4,4,1,2,8,10,2,1,1,1,3,14,15.8,-3,34.5
Gorgui Dieng,18,18,2015-12-01,25,MIN,H,ORL,-3,0,29:00,4,6,0.667,0,0,NA,3,3,1,2,5,7,1,1,3,2,2,11,12.3,5,28.3
Gorgui Dieng,19,19,2015-12-05,25,MIN,H,POR,-6,0,24:23,6,8,0.75,0,0,NA,3,3,1,2,3,5,1,1,0,4,4,15,10.2,0,22.8
Gorgui Dieng,20,20,2015-12-07,25,MIN,H,LAC,-4,0,30:14,5,10,0.5,0,0,NA,4,4,1,1,4,5,2,0,0,2,5,14,8.3,14,22.3
Gorgui Dieng,21,21,2015-12-09,25,MIN,H,LAL,1,0,30:25,0,3,0,0,0,NA,5,6,0.833,1,6,7,1,1,0,1,2,5,4.9,-9,16.8
Gorgui Dieng,22,22,2015-12-11,25,MIN,A,DEN,-3,0,22:57,2,4,0.5,0,0,NA,4,4,1,0,6,6,1,2,3,2,3,8,9.4,2,26
Gorgui Dieng,23,23,2015-12-13,25,MIN,A,PHO,-7,0,28:49,4,7,0.571,0,0,NA,2,3,0.667,0,5,5,1,0,2,5,5,10,2.9,-1,19.3
Gorgui Dieng,24,24,2015-12-15,25,MIN,H,DEN,-12,0,23:03,2,4,0.5,0,0,NA,0,0,NA,2,7,9,1,2,1,1,4,4,6.3,-1,22.3
Gorgui Dieng,25,25,2015-12-16,25,MIN,A,NYK,-5,1,36:14,6,9,0.667,0,0,NA,2,2,1,3,7,10,3,1,1,1,4,14,15.5,13,36
Gorgui Dieng,26,26,2015-12-18,25,MIN,H,SAC,4,0,28:52,2,4,0.5,0,0,NA,0,0,NA,2,9,11,5,0,1,1,1,4,8.9,-6,26.8
Gorgui Dieng,27,27,2015-12-20,25,MIN,A,BRK,15,0,36:18,9,12,0.75,0,0,NA,2,2,1,0,10,10,3,1,1,1,4,20,19.4,9,42
Gorgui Dieng,28,28,2015-12-21,25,MIN,A,BOS,-14,1,29:38,6,12,0.5,0,0,NA,0,2,0,1,4,5,3,1,2,2,3,12,8.4,-22,27.8
Gorgui Dieng,29,29,2015-12-23,25,MIN,H,SAS,-25,0,28:45,5,9,0.556,0,0,NA,2,2,1,1,5,6,2,0,1,3,4,12,7.4,-13,23
Gorgui Dieng,30,30,2015-12-26,25,MIN,H,IND,-14,0,34:31,2,8,0.25,0,0,NA,3,4,0.75,2,5,7,2,1,0,6,2,7,0.3,-9,17.8
Gorgui Dieng,31,31,2015-12-28,25,MIN,A,SAS,-6,0,22:46,3,9,0.333,0,0,NA,2,4,0.5,3,2,5,2,3,0,5,5,8,2.2,-17,20.8
Gorgui Dieng,32,32,2015-12-30,25,MIN,H,UTA,14,0,25:36,4,7,0.571,1,1,1,3,5,0.6,1,8,9,1,2,0,1,0,12,12.7,9,28.8
Gorgui Dieng,33,33,2015-12-31,25,MIN,A,DET,-25,1,21:59,3,5,0.6,0,0,NA,0,0,NA,1,2,3,2,1,2,2,3,6,5.6,2,17.8
Gorgui Dieng,34,34,2016-01-02,25,MIN,H,MIL,-10,0,25:04,3,5,0.6,0,0,NA,3,3,1,2,4,6,0,0,0,4,3,9,4.1,-3,14.5
Gorgui Dieng,35,35,2016-01-04,25,MIN,A,PHI,-10,0,27:28,6,9,0.667,0,0,NA,2,2,1,3,5,8,1,2,2,1,2,14,16,-3,33
Gorgui Dieng,36,36,2016-01-06,25,MIN,H,DEN,-4,0,27:01,0,4,0,0,0,NA,0,0,NA,2,6,8,2,1,1,0,2,0,2.7,-13,17
Gorgui Dieng,37,37,2016-01-08,25,MIN,H,CLE,-26,0,21:09,1,3,0.333,0,0,NA,0,0,NA,0,6,6,2,1,0,1,4,2,1.9,-2,14
Gorgui Dieng,38,38,2016-01-10,25,MIN,H,DAL,-6,0,18:49,0,1,0,0,0,NA,0,0,NA,4,3,7,1,0,0,2,3,0,0.5,-9,9.3
Gorgui Dieng,39,39,2016-01-12,25,MIN,H,OKC,-5,0,31:59,1,3,0.333,0,0,NA,0,0,NA,1,5,6,2,1,6,2,2,2,6.3,11,25.5
Gorgui Dieng,40,40,2016-01-13,25,MIN,A,HOU,-3,0,24:36,3,10,0.3,0,1,0,3,4,0.75,1,4,5,1,3,0,1,4,9,5.8,-11,22.3
Gorgui Dieng,41,41,2016-01-15,25,MIN,A,OKC,-20,0,15:33,1,3,0.333,0,0,NA,0,0,NA,2,3,5,2,0,0,1,0,2,3,-9,10.8
Gorgui Dieng,42,42,2016-01-17,25,MIN,H,PHO,30,0,17:36,4,6,0.667,0,0,NA,7,7,1,2,4,6,1,1,1,3,2,15,13.6,20,26.5
Gorgui Dieng,43,43,2016-01-19,26,MIN,A,NOP,-15,0,18:15,3,4,0.75,0,0,NA,2,2,1,3,4,7,0,2,2,2,0,8,11.1,-18,23.8
Gorgui Dieng,44,44,2016-01-20,26,MIN,A,DAL,-12,0,16:12,3,7,0.429,0,0,NA,0,0,NA,2,9,11,1,2,0,1,3,6,6.9,3,24.8
Gorgui Dieng,45,45,2016-01-23,26,MIN,H,MEM,5,0,19:22,1,5,0.2,0,0,NA,0,0,NA,1,5,6,2,0,2,4,3,2,-1.3,-6,14.5
Gorgui Dieng,46,46,2016-01-25,26,MIN,A,CLE,-7,0,25:38,2,4,0.5,0,0,NA,9,9,1,2,4,6,2,2,0,3,3,13,12.8,-11,26
Gorgui Dieng,47,47,2016-01-27,26,MIN,H,OKC,-3,1,26:58,10,13,0.769,0,0,NA,1,3,0.333,6,3,9,1,1,1,1,2,21,20.8,6,37.3
Gorgui Dieng,48,48,2016-01-29,26,MIN,A,UTA,-13,1,39:22,7,12,0.583,0,0,NA,6,9,0.667,7,8,15,2,2,0,0,2,20,23.1,0,47.3
Gorgui Dieng,49,49,2016-01-31,26,MIN,A,POR,-3,1,38:20,4,8,0.5,0,2,0,5,6,0.833,1,9,10,2,0,1,1,4,13,11.5,5,31.5
Gorgui Dieng,50,50,2016-02-02,26,MIN,A,LAL,-4,1,36:48,6,9,0.667,0,2,0,7,9,0.778,1,5,6,5,1,0,2,3,19,17.8,-4,35
Gorgui Dieng,51,51,2016-02-03,26,MIN,A,LAC,6,1,30:50,4,6,0.667,0,0,NA,4,5,0.8,1,9,10,0,0,0,5,3,12,6.2,6,23.5
Gorgui Dieng,52,52,2016-02-06,26,MIN,H,CHI,7,1,41:29,10,13,0.769,0,1,0,4,4,1,5,8,13,7,0,1,1,4,24,27.8,10,53.8
Gorgui Dieng,53,53,2016-02-08,26,MIN,H,NOP,-14,1,30:55,5,10,0.5,1,2,0.5,1,3,0.333,5,7,12,4,0,1,1,5,12,12.3,3,36.5
Gorgui Dieng,54,54,2016-02-10,26,MIN,H,TOR,5,1,41:01,4,7,0.571,0,0,NA,6,9,0.667,3,7,10,6,2,1,2,2,14,17.8,11,42
Gorgui Dieng,55,55,2016-02-19,26,MIN,A,MEM,-5,1,44:01,4,9,0.444,0,1,0,6,6,1,4,8,12,1,3,1,3,3,14,14.7,0,38.5
Gorgui Dieng,56,56,2016-02-20,26,MIN,H,NYK,-8,1,24:43,1,6,0.167,0,0,NA,1,2,0.5,2,1,3,1,0,1,1,2,3,0.1,-23,9.8
Gorgui Dieng,57,57,2016-02-22,26,MIN,H,BOS,2,1,36:59,7,10,0.7,1,1,1,2,2,1,5,7,12,2,1,1,0,1,17,21.1,12,41
Gorgui Dieng,58,58,2016-02-24,26,MIN,A,TOR,-9,1,41:21,8,9,0.889,0,0,NA,5,6,0.833,3,5,8,3,1,2,3,4,21,21,9,40
Gorgui Dieng,59,59,2016-02-27,26,MIN,A,NOP,2,1,38:00,6,10,0.6,0,0,NA,0,0,NA,0,3,3,2,3,2,0,3,12,12.9,6,28.8
Gorgui Dieng,60,60,2016-02-28,26,MIN,A,DAL,-27,1,25:20,3,11,0.273,0,0,NA,3,5,0.6,7,3,10,0,0,2,2,3,9,5.7,-23,24.5
Gorgui Dieng,61,61,2016-03-02,26,MIN,H,WAS,-6,1,30:08,3,5,0.6,0,1,0,0,0,NA,1,7,8,5,1,0,1,2,6,9.2,2,25
Gorgui Dieng,62,62,2016-03-04,26,MIN,A,MIL,-15,1,29:46,6,7,0.857,0,0,NA,2,2,1,1,8,9,2,0,3,2,3,14,14.9,-15,33.3
Gorgui Dieng,63,63,2016-03-05,26,MIN,H,BRK,14,1,24:27,2,4,0.5,0,1,0,0,2,0,0,3,3,2,0,3,2,3,4,2.4,17,15.8
Gorgui Dieng,64,64,2016-03-07,26,MIN,A,CHO,-5,1,31:31,5,9,0.556,0,0,NA,2,2,1,1,8,9,1,4,2,3,4,12,12.3,-1,35.3
Gorgui Dieng,65,65,2016-03-08,26,MIN,H,SAS,-25,1,27:50,1,7,0.143,0,0,NA,2,2,1,0,4,4,1,2,2,2,4,4,1.2,-12,17.5
Gorgui Dieng,66,66,2016-03-11,26,MIN,A,OKC,3,1,30:49,7,12,0.583,0,1,0,11,11,1,1,8,9,1,2,3,1,5,25,24.3,19,47.3
Gorgui Dieng,67,67,2016-03-14,26,MIN,A,PHO,-3,1,33:05,3,8,0.375,0,0,NA,6,7,0.857,1,8,9,1,3,2,2,2,12,12.6,1,33.8
Gorgui Dieng,68,68,2016-03-16,26,MIN,A,MEM,6,1,31:42,6,8,0.75,0,0,NA,3,4,0.75,1,5,6,7,0,3,1,3,15,18.4,20,38.5
Gorgui Dieng,69,69,2016-03-18,26,MIN,A,HOU,-5,1,35:46,3,11,0.273,0,0,NA,7,8,0.875,3,6,9,5,2,1,1,4,13,13.6,-9,37.3
Gorgui Dieng,70,70,2016-03-21,26,MIN,H,GSW,-5,1,27:46,2,7,0.286,0,1,0,4,4,1,2,5,7,1,2,2,2,3,8,7.7,9,25.3
Gorgui Dieng,71,71,2016-03-23,26,MIN,H,SAC,9,1,36:49,7,10,0.7,0,0,NA,2,3,0.667,1,11,12,3,2,2,1,1,16,19.5,11,44.5
Gorgui Dieng,72,72,2016-03-25,26,MIN,A,WAS,3,1,39:54,8,11,0.727,1,2,0.5,1,1,1,1,8,9,5,0,2,0,5,18,19.5,16,41.3
Gorgui Dieng,73,73,2016-03-26,26,MIN,H,UTA,-9,1,29:46,2,6,0.333,0,0,NA,0,0,NA,1,2,3,2,1,1,1,2,4,3.2,9,14.3
Gorgui Dieng,74,74,2016-03-28,26,MIN,H,PHO,5,1,30:10,5,7,0.714,0,0,NA,1,1,1,4,5,9,0,2,0,3,3,11,10.2,6,24.8
Gorgui Dieng,75,75,2016-03-30,26,MIN,H,LAC,-20,1,21:37,1,6,0.167,0,0,NA,1,2,0.5,2,8,10,2,0,1,0,2,3,3.9,-18,20.5
Gorgui Dieng,76,76,2016-04-01,26,MIN,A,UTA,-13,1,10:32,2,4,0.5,0,0,NA,0,0,NA,0,1,1,0,2,0,0,3,4,3.1,-5,9.3
Gorgui Dieng,77,77,2016-04-03,26,MIN,H,DAL,-10,1,23:09,3,7,0.429,0,0,NA,2,2,1,1,2,3,1,1,0,1,1,8,5.9,4,14.8
Gorgui Dieng,78,78,2016-04-05,26,MIN,A,GSW,7,1,19:00,5,8,0.625,0,0,NA,0,0,NA,0,5,5,0,1,2,2,1,10,7.9,-15,21.3
Gorgui Dieng,79,79,2016-04-07,26,MIN,A,SAC,8,1,34:09,7,15,0.467,0,1,0,4,6,0.667,5,8,13,2,0,1,1,1,18,16.1,23,40.3
Gorgui Dieng,80,80,2016-04-09,26,MIN,A,POR,1,1,24:20,1,3,0.333,0,0,NA,5,6,0.833,1,2,3,1,1,3,2,2,7,7.2,-6,19.3
Gorgui Dieng,81,81,2016-04-11,26,MIN,H,HOU,-24,1,25:18,4,8,0.5,0,0,NA,5,6,0.833,1,3,4,1,1,0,0,2,13,11.1,-17,21.5
Gorgui Dieng,82,82,2016-04-13,26,MIN,H,NOP,35,1,32:40,7,8,0.875,2,2,1,4,4,1,4,7,11,4,0,2,1,3,20,24.1,38,45.8
Nikola Pekovic,36,1,2016-01-06,30,MIN,H,DEN,-4,0,15:53,3,4,0.75,0,0,NA,6,6,1,0,2,2,0,0,0,2,3,12,7.8,-5,13.5
Nikola Pekovic,37,2,2016-01-08,30,MIN,H,CLE,-26,0,15:27,1,4,0.25,0,0,NA,0,0,NA,0,2,2,3,0,0,2,3,2,-0.9,-19,8
Nikola Pekovic,38,3,2016-01-10,30,MIN,H,DAL,-6,0,15:19,2,5,0.4,0,0,NA,0,0,NA,0,1,1,0,0,0,1,4,4,-1,-8,4.8
Nikola Pekovic,40,4,2016-01-13,30,MIN,A,HOU,-3,1,15:52,4,9,0.444,0,0,NA,0,0,NA,4,1,5,1,0,0,1,3,8,4.9,4,15.3
Nikola Pekovic,41,5,2016-01-15,30,MIN,A,OKC,-20,0,17:33,2,3,0.667,0,0,NA,6,6,1,1,2,3,1,0,0,0,2,10,9.9,-5,15.3
Nikola Pekovic,42,6,2016-01-17,30,MIN,H,PHO,30,0,6:56,1,2,0.5,0,0,NA,2,4,0.5,0,0,0,0,0,0,0,0,4,2.2,0,4
Nikola Pekovic,44,7,2016-01-20,30,MIN,A,DAL,-12,1,14:19,2,5,0.4,0,0,NA,0,0,NA,0,1,1,1,0,0,1,2,4,0.5,-5,6.3
Nikola Pekovic,45,8,2016-01-23,30,MIN,H,MEM,5,0,13:29,2,5,0.4,0,0,NA,1,2,0.5,0,0,0,1,0,0,0,1,5,2.2,-1,6.5
Nikola Pekovic,46,9,2016-01-25,30,MIN,A,CLE,-7,1,12:34,2,6,0.333,0,0,NA,0,0,NA,0,2,2,0,0,0,1,2,4,-0.6,-5,6
Nikola Pekovic,47,10,2016-01-27,30,MIN,H,OKC,-3,0,12:01,0,5,0,0,0,NA,1,2,0.5,1,0,1,3,0,0,0,1,1,-0.5,-1,6.8
Nikola Pekovic,48,11,2016-01-29,30,MIN,A,UTA,-13,0,10:31,0,1,0,0,0,NA,0,0,NA,0,1,1,1,1,0,1,0,0,0.3,-13,4.3
Nikola Pekovic,49,12,2016-01-31,30,MIN,A,POR,-3,0,6:25,0,1,0,0,0,NA,0,0,NA,1,2,3,0,0,0,0,1,0,0.2,-5,3.8
Adreian Payne,1,1,2015-10-28,24,MIN,A,LAL,1,0,3:47,0,1,0,0,0,NA,0,0,NA,0,0,0,0,0,0,0,0,0,-0.7,-2,0
Adreian Payne,4,2,2015-11-05,24,MIN,H,MIA,-12,0,13:02,3,4,0.75,1,1,1,2,2,1,1,5,6,1,0,1,2,5,9,7,1,19.5
Adreian Payne,5,3,2015-11-07,24,MIN,A,CHI,9,0,3:59,1,2,0.5,0,0,NA,0,0,NA,0,0,0,0,0,0,0,3,2,-0.2,4,2
Adreian Payne,7,4,2015-11-10,24,MIN,H,CHO,-9,1,20:07,4,5,0.8,2,2,1,0,0,NA,1,4,5,2,1,0,2,2,10,9.6,13,21.3
Adreian Payne,8,5,2015-11-12,24,MIN,H,GSW,-13,0,1:11,0,0,NA,0,0,NA,0,0,NA,0,0,0,0,0,0,0,0,0,0,-4,0
Adreian Payne,11,6,2015-11-17,24,MIN,A,MIA,12,0,17:28,4,7,0.571,0,1,0,0,0,NA,1,3,4,0,1,0,0,4,8,5.7,5,15
Adreian Payne,12,7,2015-11-18,24,MIN,A,ORL,-3,1,16:17,0,6,0,0,1,0,0,0,NA,1,4,5,1,0,0,1,0,0,-2.6,0,7.3
Adreian Payne,13,8,2015-11-20,24,MIN,H,DET,-10,0,19:16,2,4,0.5,0,0,NA,1,2,0.5,1,2,3,0,0,0,4,1,5,-0.5,0,6.8
Adreian Payne,14,9,2015-11-23,24,MIN,H,PHI,5,0,11:56,2,3,0.667,0,0,NA,0,0,NA,0,3,3,1,1,1,3,6,4,0.6,-7,11.8
Adreian Payne,15,10,2015-11-25,24,MIN,H,ATL,4,0,16:02,2,3,0.667,2,3,0.667,2,2,1,0,4,4,1,1,0,0,5,8,7.6,3,17.5
Adreian Payne,16,11,2015-11-27,24,MIN,A,SAC,10,0,7:28,2,4,0.5,0,0,NA,0,0,NA,2,1,3,1,0,0,1,0,4,3.4,-6,8.8
Adreian Payne,17,12,2015-11-29,24,MIN,A,LAC,-8,0,8:07,0,4,0,0,1,0,0,0,NA,1,0,1,0,0,0,1,2,0,-3.9,-15,0.8
Adreian Payne,19,13,2015-12-05,24,MIN,H,POR,-6,0,10:33,1,2,0.5,0,1,0,0,0,NA,0,5,5,0,0,0,0,2,2,1.7,-1,8.3
Adreian Payne,21,14,2015-12-09,24,MIN,H,LAL,1,0,4:48,0,0,NA,0,0,NA,0,0,NA,0,0,0,1,0,0,0,0,0,0.7,-8,1.5
Adreian Payne,23,15,2015-12-13,24,MIN,A,PHO,-7,0,0:43,0,0,NA,0,0,NA,0,0,NA,0,0,0,0,0,0,0,0,0,0,0,0
Adreian Payne,24,16,2015-12-15,24,MIN,H,DEN,-12,0,3:49,2,2,1,0,0,NA,1,2,0.5,0,1,1,0,0,0,0,1,5,3.9,6,6.3
Adreian Payne,25,17,2015-12-16,24,MIN,A,NYK,-5,0,5:38,0,1,0,0,1,0,0,0,NA,0,2,2,0,0,0,0,1,0,-0.5,1,3.8
Adreian Payne,26,18,2015-12-18,24,MIN,H,SAC,4,0,7:24,0,1,0,0,0,NA,0,0,NA,0,0,0,1,0,1,1,1,0,-0.7,2,3
Adreian Payne,27,19,2015-12-20,24,MIN,A,BRK,15,0,16:54,0,3,0,0,0,NA,0,0,NA,0,7,7,0,0,1,1,1,0,-0.7,16,10.3
Adreian Payne,28,20,2015-12-21,24,MIN,A,BOS,-14,0,8:11,0,1,0,0,1,0,0,0,NA,0,2,2,1,1,0,0,1,0,1.2,-5,6
Adreian Payne,29,21,2015-12-23,24,MIN,H,SAS,-25,0,7:53,0,1,0,0,0,NA,0,0,NA,0,0,0,0,0,0,0,2,0,-1.5,-3,0
Adreian Payne,30,22,2015-12-26,24,MIN,H,IND,-14,0,10:12,2,2,1,2,2,1,0,0,NA,0,1,1,0,0,0,1,1,6,4.3,-14,7.8
Adreian Payne,31,23,2015-12-28,24,MIN,A,SAS,-6,0,14:28,3,6,0.5,1,2,0.5,0,0,NA,0,1,1,0,2,2,0,3,7,6.5,-9,16.8
Adreian Payne,32,24,2015-12-30,24,MIN,H,UTA,14,0,15:49,1,5,0.2,0,1,0,0,0,NA,1,3,4,1,1,1,0,1,2,2.5,-6,12.5
Adreian Payne,34,25,2016-01-02,24,MIN,H,MIL,-10,0,5:43,0,2,0,0,1,0,0,0,NA,0,0,0,0,0,1,1,1,0,-2.1,1,1.5
Adreian Payne,35,26,2016-01-04,24,MIN,A,PHI,-10,0,6:31,0,0,NA,0,0,NA,0,0,NA,0,0,0,1,0,0,0,1,0,0.3,-5,1.5
Adreian Payne,37,27,2016-01-08,24,MIN,H,CLE,-26,0,1:51,1,2,0.5,0,1,0,0,0,NA,0,0,0,0,0,0,0,0,2,1,1,2
Adreian Payne,38,28,2016-01-10,24,MIN,H,DAL,-6,0,16:20,0,6,0,0,2,0,0,0,NA,0,2,2,1,1,0,1,1,0,-3.3,-15,5.5
Adreian Payne,42,29,2016-01-17,24,MIN,H,PHO,30,0,3:13,1,1,1,0,0,NA,0,0,NA,0,1,1,0,0,0,0,0,2,2,2,3.3
Adreian Payne,43,30,2016-01-19,24,MIN,A,NOP,-15,0,6:48,2,2,1,0,0,NA,2,4,0.5,0,0,0,1,0,0,0,1,6,4.9,4,7.5
Adreian Payne,50,31,2016-02-02,24,MIN,A,LAL,-4,0,6:31,1,1,1,0,0,NA,0,0,NA,0,1,1,1,0,0,1,0,2,1.7,-10,4.3
Adreian Payne,53,32,2016-02-08,24,MIN,H,NOP,-14,0,11:06,1,2,0.5,0,1,0,0,0,NA,0,3,3,1,0,0,1,3,2,0.4,1,6.8
Adreian Payne,54,33,2016-02-10,24,MIN,H,TOR,5,0,7:32,1,4,0.25,0,1,0,0,0,NA,0,2,2,0,0,0,0,0,2,0.2,1,4.5
Adreian Payne,55,34,2016-02-19,25,MIN,A,MEM,-5,0,9:37,0,1,0,0,1,0,0,0,NA,0,3,3,1,1,1,1,3,0,0.4,-10,8.8
Adreian Payne,57,35,2016-02-22,25,MIN,H,BOS,2,0,11:31,2,6,0.333,0,0,NA,0,0,NA,1,2,3,0,0,1,0,1,4,2.2,9,9.8
Adreian Payne,58,36,2016-02-24,25,MIN,A,TOR,-9,0,6:57,1,3,0.333,0,0,NA,0,0,NA,1,1,2,0,1,0,1,0,2,1.3,-10,6
Adreian Payne,59,37,2016-02-27,25,MIN,A,NOP,2,0,12:17,0,0,NA,0,0,NA,1,2,0.5,1,2,3,2,1,0,1,4,1,1.7,-1,9.3
Adreian Payne,60,38,2016-02-28,25,MIN,A,DAL,-27,0,20:49,2,6,0.333,0,0,NA,3,4,0.75,3,5,8,0,0,0,1,0,7,5.8,4,16.5
Adreian Payne,61,39,2016-03-02,25,MIN,H,WAS,-6,0,8:17,0,3,0,0,0,NA,0,0,NA,0,0,0,0,0,0,2,3,0,-5.3,-11,-1
Adreian Payne,62,40,2016-03-04,25,MIN,A,MIL,-15,0,9:39,2,7,0.286,0,2,0,0,0,NA,0,2,2,0,0,0,0,3,4,-0.7,-4,6.5
Adreian Payne,63,41,2016-03-05,25,MIN,H,BRK,14,0,8:08,2,3,0.667,1,2,0.5,2,2,1,0,3,3,1,0,0,2,2,7,4.5,1,11.8
Adreian Payne,64,42,2016-03-07,25,MIN,A,CHO,-5,0,3:32,0,0,NA,0,0,NA,0,0,NA,0,1,1,0,0,0,1,0,0,-0.7,-4,0.8
Adreian Payne,65,43,2016-03-08,25,MIN,H,SAS,-25,0,20:57,3,6,0.5,0,0,NA,0,0,NA,0,3,3,2,1,0,1,2,6,4.5,-12,14.3
Adreian Payne,66,44,2016-03-11,25,MIN,A,OKC,3,0,3:51,0,1,0,0,0,NA,0,0,NA,0,0,0,0,0,0,0,3,0,-1.9,-9,0
Adreian Payne,67,45,2016-03-14,25,MIN,A,PHO,-3,0,2:56,0,1,0,0,0,NA,0,0,NA,0,0,0,0,0,0,0,1,0,-1.1,2,0
Adreian Payne,69,46,2016-03-18,25,MIN,A,HOU,-5,0,6:23,0,2,0,0,0,NA,0,0,NA,1,1,2,2,0,0,0,0,0,1,2,5.5
Adreian Payne,75,47,2016-03-30,25,MIN,H,LAC,-20,0,11:02,0,3,0,0,2,0,0,0,NA,0,4,4,4,0,0,1,0,0,0.9,-7,10.5
Adreian Payne,76,48,2016-04-01,25,MIN,A,UTA,-13,0,1:27,0,0,NA,0,0,NA,0,0,NA,0,0,0,0,0,0,0,0,0,0,2,0
Adreian Payne,77,49,2016-04-03,25,MIN,H,DAL,-10,0,14:15,2,4,0.5,0,0,NA,0,0,NA,1,2,3,0,0,1,1,2,4,2.2,1,9.3
Adreian Payne,79,50,2016-04-07,25,MIN,A,SAC,8,0,7:49,0,4,0,0,1,0,0,0,NA,1,2,3,0,0,0,1,2,0,-3.3,-18,3.3
Adreian Payne,81,51,2016-04-11,25,MIN,H,HOU,-24,0,9:10,2,6,0.333,0,1,0,3,6,0.5,2,2,4,0,3,0,1,1,7,6,-2,17.5
Adreian Payne,82,52,2016-04-13,25,MIN,H,NOP,35,0,6:21,1,2,0.5,0,0,NA,0,0,NA,0,1,1,1,0,0,1,1,2,0.6,-4,4.3
Karl-Anthony Towns,1,1,2015-10-28,19,MIN,A,LAL,1,1,31:53,6,10,0.6,0,1,0,2,2,1,2,10,12,1,0,0,3,4,14,9.9,6,30.5
Karl-Anthony Towns,2,2,2015-10-30,19,MIN,A,DEN,17,1,33:12,11,19,0.579,0,0,NA,6,7,0.857,3,11,14,2,0,4,1,3,28,26.1,15,57.5
Karl-Anthony Towns,3,3,2015-11-02,19,MIN,H,POR,-5,1,26:56,5,9,0.556,1,1,1,0,0,NA,1,4,5,0,0,4,4,5,11,5.4,-5,23.8
Karl-Anthony Towns,4,4,2015-11-05,19,MIN,H,MIA,-12,1,22:10,3,13,0.231,0,0,NA,0,0,NA,0,4,4,1,0,3,0,3,6,0.9,-21,18.5
Karl-Anthony Towns,5,5,2015-11-07,19,MIN,A,CHI,9,1,26:47,8,18,0.444,0,0,NA,1,1,1,6,7,13,2,1,4,0,4,17,17.5,15,47.8
Karl-Anthony Towns,6,6,2015-11-09,19,MIN,A,ATL,10,1,31:49,5,7,0.714,0,1,0,7,8,0.875,3,9,12,1,0,3,2,3,17,18.1,11,40
Karl-Anthony Towns,7,7,2015-11-10,19,MIN,H,CHO,-9,1,30:10,7,16,0.438,0,1,0,5,5,1,2,11,13,2,1,3,2,3,19,16.6,10,46.8
Karl-Anthony Towns,8,8,2015-11-12,19,MIN,H,GSW,-13,1,30:14,7,15,0.467,0,0,NA,3,4,0.75,3,8,11,0,1,0,5,2,17,8.6,-24,31.8
Karl-Anthony Towns,9,9,2015-11-13,19,MIN,A,IND,-4,1,27:11,5,9,0.556,0,0,NA,2,2,1,2,7,9,1,1,0,0,0,12,12.9,-7,26.8
Karl-Anthony Towns,10,10,2015-11-15,20,MIN,H,MEM,-8,1,31:34,5,11,0.455,0,1,0,4,4,1,3,6,9,1,0,1,3,4,14,9,1,27.3
Karl-Anthony Towns,11,11,2015-11-17,20,MIN,A,MIA,12,1,26:02,6,12,0.5,0,0,NA,2,2,1,5,9,14,0,2,1,4,4,14,11.3,14,37
Karl-Anthony Towns,12,12,2015-11-18,20,MIN,A,ORL,-3,1,37:21,8,12,0.667,0,1,0,5,6,0.833,3,9,12,0,0,6,4,2,21,19.6,-7,47.5
Karl-Anthony Towns,13,13,2015-11-20,20,MIN,H,DET,-10,1,27:53,8,10,0.8,0,0,NA,2,2,1,0,7,7,3,3,2,2,4,18,19.2,-14,40.3
Karl-Anthony Towns,14,14,2015-11-23,20,MIN,H,PHI,5,1,19:06,3,7,0.429,0,0,NA,0,0,NA,2,1,3,0,1,2,0,4,6,4.8,8,14.5
Karl-Anthony Towns,15,15,2015-11-25,20,MIN,H,ATL,4,1,22:21,3,6,0.5,0,0,NA,0,0,NA,1,5,6,1,0,1,3,0,6,3.6,-2,15.5
Karl-Anthony Towns,16,16,2015-11-27,20,MIN,A,SAC,10,1,21:20,3,5,0.6,1,1,1,0,0,NA,0,8,8,0,0,2,2,0,7,6.5,-4,20.5
Karl-Anthony Towns,17,17,2015-11-29,20,MIN,A,LAC,-8,1,26:10,8,13,0.615,1,2,0.5,0,2,0,1,7,8,0,3,1,1,3,17,14.6,0,35
Karl-Anthony Towns,18,18,2015-12-01,20,MIN,H,ORL,-3,1,22:12,2,11,0.182,0,1,0,2,4,0.5,2,4,6,0,1,2,1,3,6,1.1,-9,19
Karl-Anthony Towns,19,19,2015-12-05,20,MIN,H,POR,-6,1,31:50,13,21,0.619,1,2,0.5,0,0,NA,5,7,12,2,0,2,3,4,27,21.3,-6,49.5
Karl-Anthony Towns,20,20,2015-12-07,20,MIN,H,LAC,-4,1,29:24,7,9,0.778,3,3,1,1,2,0.5,0,5,5,2,0,2,2,6,18,14,-4,31.8
Karl-Anthony Towns,21,21,2015-12-09,20,MIN,H,LAL,1,1,34:58,11,19,0.579,0,1,0,4,6,0.667,5,9,14,1,0,3,2,5,26,21.3,18,51.5
Karl-Anthony Towns,22,22,2015-12-11,20,MIN,A,DEN,-3,1,31:27,6,11,0.545,0,1,0,2,2,1,3,6,9,1,2,3,2,4,14,13.8,-2,35.8
Karl-Anthony Towns,23,23,2015-12-13,20,MIN,A,PHO,-7,1,18:24,4,8,0.5,0,0,NA,0,0,NA,2,4,6,2,0,1,1,3,8,6.5,-6,20
Karl-Anthony Towns,24,24,2015-12-15,20,MIN,H,DEN,-12,1,28:03,5,7,0.714,0,0,NA,8,8,1,4,2,6,1,1,2,0,4,18,20,-12,33
Karl-Anthony Towns,25,25,2015-12-16,20,MIN,A,NYK,-5,1,32:26,11,22,0.5,2,4,0.5,1,1,1,5,6,11,0,0,0,2,4,25,15.7,-5,39
Karl-Anthony Towns,26,26,2015-12-18,20,MIN,H,SAC,4,1,23:51,6,11,0.545,1,1,1,2,2,1,2,6,8,0,0,1,4,5,15,7.6,12,25.5
Karl-Anthony Towns,27,27,2015-12-20,20,MIN,A,BRK,15,1,28:07,10,19,0.526,0,0,NA,4,4,1,3,7,10,1,1,2,2,3,24,18.8,9,44.5
Karl-Anthony Towns,28,28,2015-12-21,20,MIN,A,BOS,-14,1,35:06,8,14,0.571,0,1,0,9,9,1,3,13,16,2,1,3,2,4,25,25.3,-8,56.5
Karl-Anthony Towns,29,29,2015-12-23,20,MIN,H,SAS,-25,1,34:00,4,12,0.333,0,2,0,2,2,1,2,9,11,1,0,0,2,3,10,4.8,-13,25.8
Karl-Anthony Towns,30,30,2015-12-26,20,MIN,H,IND,-14,1,39:58,10,16,0.625,0,2,0,4,5,0.8,3,5,8,3,1,1,5,4,24,17.2,-7,40
Karl-Anthony Towns,31,31,2015-12-28,20,MIN,A,SAS,-6,1,31:06,4,7,0.571,0,0,NA,2,3,0.667,1,11,12,1,1,0,1,5,10,9,8,29.5
Karl-Anthony Towns,32,32,2015-12-30,20,MIN,H,UTA,14,1,31:31,10,16,0.625,0,0,NA,5,8,0.625,4,6,10,1,1,2,3,2,25,20.5,9,45
Karl-Anthony Towns,33,33,2015-12-31,20,MIN,A,DET,-25,1,35:03,10,17,0.588,0,1,0,2,2,1,2,7,9,3,0,1,2,2,22,17.6,-29,38.8
Karl-Anthony Towns,34,34,2016-01-02,20,MIN,H,MIL,-10,1,26:12,4,17,0.235,0,0,NA,0,0,NA,3,7,10,2,1,3,0,1,8,6,-4,31.5
Karl-Anthony Towns,35,35,2016-01-04,20,MIN,A,PHI,-10,1,24:35,4,8,0.5,0,0,NA,0,0,NA,0,6,6,1,0,0,0,4,8,4.9,-7,17
Karl-Anthony Towns,36,36,2016-01-06,20,MIN,H,DEN,-4,1,32:07,6,14,0.429,0,1,0,2,2,1,4,10,14,2,0,2,0,2,14,14.4,1,40
Karl-Anthony Towns,37,37,2016-01-08,20,MIN,H,CLE,-26,1,35:20,11,14,0.786,0,0,NA,0,0,NA,2,4,6,3,0,0,2,3,22,18.1,-22,33
Karl-Anthony Towns,38,38,2016-01-10,20,MIN,H,DAL,-6,1,25:05,5,9,0.556,0,0,NA,0,0,NA,1,3,4,1,1,2,2,3,10,7.2,7,21.5
Karl-Anthony Towns,39,39,2016-01-12,20,MIN,H,OKC,-5,1,28:24,6,14,0.429,0,1,0,2,2,1,5,5,10,1,0,0,3,1,14,8.9,-20,28
Karl-Anthony Towns,40,40,2016-01-13,20,MIN,A,HOU,-3,1,33:22,4,10,0.4,1,1,1,3,4,0.75,6,10,16,3,2,0,3,2,12,13.7,13,41
Karl-Anthony Towns,41,41,2016-01-15,20,MIN,A,OKC,-20,1,29:37,4,13,0.308,0,2,0,1,1,1,8,4,12,1,0,0,2,5,9,5,-22,24.5
Karl-Anthony Towns,42,42,2016-01-17,20,MIN,H,PHO,30,1,26:02,5,8,0.625,1,1,1,3,3,1,1,7,8,1,1,3,2,2,14,14.2,11,33
Karl-Anthony Towns,43,43,2016-01-19,20,MIN,A,NOP,-15,1,31:58,7,17,0.412,1,1,1,5,5,1,2,11,13,2,1,1,5,2,20,12.9,5,42.8
Karl-Anthony Towns,44,44,2016-01-20,20,MIN,A,DAL,-12,1,36:48,12,19,0.632,1,1,1,2,3,0.667,3,14,17,3,1,6,3,3,27,27.5,-15,67.3
Karl-Anthony Towns,45,45,2016-01-23,20,MIN,H,MEM,5,1,31:04,6,6,1,0,0,NA,2,2,1,1,8,9,3,1,1,2,3,14,15.9,14,32.8
Karl-Anthony Towns,46,46,2016-01-25,20,MIN,A,CLE,-7,1,29:46,11,16,0.688,0,1,0,4,5,0.8,4,7,11,4,1,1,2,3,26,25,4,50.3
Karl-Anthony Towns,47,47,2016-01-27,20,MIN,H,OKC,-3,1,33:48,8,15,0.533,0,0,NA,3,3,1,2,11,13,5,0,3,2,1,19,19.6,-9,49.3
Karl-Anthony Towns,48,48,2016-01-29,20,MIN,A,UTA,-13,1,36:08,13,17,0.765,1,2,0.5,5,5,1,5,7,12,1,1,1,5,1,32,27.9,0,52
Karl-Anthony Towns,49,49,2016-01-31,20,MIN,A,POR,-3,1,38:31,9,18,0.5,1,2,0.5,2,4,0.5,6,7,13,2,2,3,3,0,21,20,5,50.8
Karl-Anthony Towns,50,50,2016-02-02,20,MIN,A,LAL,-4,1,31:58,6,9,0.667,1,2,0.5,1,2,0.5,2,8,10,2,0,2,1,3,14,14.1,-2,35
Karl-Anthony Towns,51,51,2016-02-03,20,MIN,A,LAC,6,1,31:03,7,16,0.438,1,3,0.333,2,2,1,3,9,12,2,0,1,1,4,17,12.9,1,38.5
Karl-Anthony Towns,52,52,2016-02-06,20,MIN,H,CHI,7,1,40:52,12,19,0.632,0,2,0,2,2,1,6,11,17,1,0,3,2,3,26,24.6,5,55.3
Karl-Anthony Towns,53,53,2016-02-08,20,MIN,H,NOP,-14,1,29:16,6,10,0.6,0,0,NA,7,8,0.875,1,11,12,1,0,1,3,3,19,15.2,-14,37.5
Karl-Anthony Towns,54,54,2016-02-10,20,MIN,H,TOR,5,1,35:23,12,19,0.632,0,0,NA,11,13,0.846,4,7,11,1,0,3,0,4,35,31.8,11,57.8
Karl-Anthony Towns,55,55,2016-02-19,20,MIN,A,MEM,-5,1,35:30,4,15,0.267,1,4,0.25,2,2,1,5,10,15,3,1,2,3,4,11,8.5,0,40.8
Karl-Anthony Towns,56,56,2016-02-20,20,MIN,H,NYK,-8,1,41:15,10,23,0.435,0,1,0,4,5,0.8,3,5,8,4,1,3,0,2,24,20.2,3,48
Karl-Anthony Towns,57,57,2016-02-22,20,MIN,H,BOS,2,1,36:25,13,22,0.591,1,2,0.5,1,2,0.5,5,8,13,4,0,2,3,2,28,23.7,1,54.8
Karl-Anthony Towns,58,58,2016-02-24,20,MIN,A,TOR,-9,1,37:20,5,13,0.385,0,1,0,6,8,0.75,0,6,6,0,1,0,1,5,16,7.9,-12,25
Karl-Anthony Towns,59,59,2016-02-27,20,MIN,A,NOP,2,1,35:13,13,20,0.65,0,1,0,4,8,0.5,3,12,15,4,2,1,1,3,30,28.6,5,61.8
Karl-Anthony Towns,60,60,2016-02-28,20,MIN,A,DAL,-27,1,25:54,6,9,0.667,0,0,NA,0,2,0,4,7,11,3,0,0,4,3,12,9.1,-25,29.8
Karl-Anthony Towns,61,61,2016-03-02,20,MIN,H,WAS,-6,1,39:48,5,12,0.417,0,1,0,4,4,1,4,11,15,5,1,2,4,4,14,14,4,45.8
Karl-Anthony Towns,62,62,2016-03-04,20,MIN,A,MIL,-15,1,21:52,10,14,0.714,1,1,1,0,0,NA,4,3,7,2,0,1,4,1,21,16.6,-19,33.3
Karl-Anthony Towns,63,63,2016-03-05,20,MIN,H,BRK,14,1,38:21,14,18,0.778,0,0,NA,0,0,NA,2,4,6,7,2,3,4,4,28,27,13,54
Karl-Anthony Towns,64,64,2016-03-07,20,MIN,A,CHO,-5,1,38:24,11,18,0.611,0,0,NA,6,7,0.857,1,13,14,2,1,2,1,3,28,25.6,7,55.5
Karl-Anthony Towns,65,65,2016-03-08,20,MIN,H,SAS,-25,1,35:40,9,17,0.529,0,2,0,1,2,0.5,4,5,9,1,0,0,3,1,19,11.9,-19,30.3
Karl-Anthony Towns,66,66,2016-03-11,20,MIN,A,OKC,3,1,38:40,8,15,0.533,0,0,NA,1,2,0.5,5,7,12,0,1,3,3,3,17,13.8,17,40
Karl-Anthony Towns,67,67,2016-03-14,20,MIN,A,PHO,-3,1,35:04,6,13,0.462,0,0,NA,5,7,0.714,2,8,10,2,1,0,3,3,17,11.5,-7,34.5
Karl-Anthony Towns,68,68,2016-03-16,20,MIN,A,MEM,6,1,39:43,5,8,0.625,0,0,NA,8,9,0.889,2,8,10,4,2,1,4,3,18,18.1,-4,42
Karl-Anthony Towns,69,69,2016-03-18,20,MIN,A,HOU,-5,1,40:01,13,22,0.591,0,2,0,6,7,0.857,4,7,11,1,2,1,1,2,32,27.9,-9,54.3
Karl-Anthony Towns,70,70,2016-03-21,20,MIN,H,GSW,-5,1,38:20,11,19,0.579,1,1,1,1,2,0.5,3,8,11,2,0,1,2,5,24,17.3,-9,43.8
Karl-Anthony Towns,71,71,2016-03-23,20,MIN,H,SAC,9,1,29:09,11,17,0.647,0,0,NA,4,5,0.8,2,9,11,2,0,4,3,5,26,21.4,14,50.8
Karl-Anthony Towns,72,72,2016-03-25,20,MIN,A,WAS,3,1,47:34,12,21,0.571,1,2,0.5,2,2,1,1,9,10,5,1,0,4,3,27,19.8,3,49
Karl-Anthony Towns,73,73,2016-03-26,20,MIN,H,UTA,-9,1,34:14,6,12,0.5,0,2,0,2,2,1,1,10,11,1,2,2,1,2,14,14,7,38.3
Karl-Anthony Towns,74,74,2016-03-28,20,MIN,H,PHO,5,1,38:22,10,18,0.556,1,3,0.333,6,6,1,2,8,10,5,2,0,1,3,27,25.5,6,52.5
Karl-Anthony Towns,75,75,2016-03-30,20,MIN,H,LAC,-20,1,23:29,7,13,0.538,2,3,0.667,0,0,NA,4,7,11,1,0,0,3,2,16,11.5,-25,32.3
Karl-Anthony Towns,76,76,2016-04-01,20,MIN,A,UTA,-13,1,35:04,6,15,0.4,1,1,1,4,5,0.8,2,9,11,3,0,1,3,2,17,11.6,-12,37.8
Karl-Anthony Towns,77,77,2016-04-03,20,MIN,H,DAL,-10,1,44:24,5,13,0.385,0,3,0,1,1,1,3,18,21,9,1,3,6,3,11,13.6,-4,57.3
Karl-Anthony Towns,78,78,2016-04-05,20,MIN,A,GSW,7,1,44:43,8,18,0.444,0,1,0,4,8,0.5,2,10,12,4,0,2,2,5,20,13.6,2,45.5
Karl-Anthony Towns,79,79,2016-04-07,20,MIN,A,SAC,8,1,27:17,6,16,0.375,1,1,1,4,6,0.667,4,6,10,3,1,1,1,2,17,14,12,39.5
Karl-Anthony Towns,80,80,2016-04-09,20,MIN,A,POR,1,1,37:58,13,20,0.65,0,0,NA,1,2,0.5,4,5,9,2,0,2,1,2,27,23.1,-4,44.8
Karl-Anthony Towns,81,81,2016-04-11,20,MIN,H,HOU,-24,1,27:29,6,15,0.4,0,3,0,0,0,NA,0,5,5,1,1,1,1,3,12,5.6,-13,23.3
Karl-Anthony Towns,82,82,2016-04-13,20,MIN,H,NOP,35,1,31:57,12,17,0.706,2,5,0.4,2,2,1,0,14,14,3,1,2,3,3,28,25.4,24,57
Ricky Rubio,1,1,2015-10-28,25,MIN,A,LAL,1,1,32:29,10,17,0.588,2,4,0.5,6,7,0.857,0,2,2,14,1,0,1,3,28,28.9,12,55.5
Ricky Rubio,2,2,2015-10-30,25,MIN,A,DEN,17,1,30:24,2,8,0.25,0,2,0,8,9,0.889,1,4,5,8,1,0,2,3,12,12.1,21,31.3
Ricky Rubio,3,3,2015-11-02,25,MIN,H,POR,-5,1,31:57,4,10,0.4,0,2,0,4,4,1,0,9,9,9,3,0,1,4,12,16,3,42.3
Ricky Rubio,4,4,2015-11-05,25,MIN,H,MIA,-12,1,23:50,2,6,0.333,0,0,NA,5,5,1,0,1,1,5,3,0,3,0,9,9.4,-17,22.3
Ricky Rubio,5,5,2015-11-07,25,MIN,A,CHI,9,1,38:50,2,10,0.2,0,1,0,3,4,0.75,1,7,8,10,3,0,3,3,7,9,15,36.5
Ricky Rubio,6,6,2015-11-09,25,MIN,A,ATL,10,1,27:29,4,10,0.4,0,1,0,2,2,1,0,1,1,8,3,0,2,3,10,10.3,4,28.3
Ricky Rubio,11,7,2015-11-17,25,MIN,A,MIA,12,1,26:33,1,7,0.143,0,2,0,5,8,0.625,1,3,4,3,2,1,1,5,7,4.7,-1,22
Ricky Rubio,12,8,2015-11-18,25,MIN,A,ORL,-3,1,34:56,3,11,0.273,0,1,0,2,2,1,2,10,12,12,1,0,3,3,8,11.1,0,43
Ricky Rubio,13,9,2015-11-20,25,MIN,H,DET,-10,1,30:26,5,12,0.417,1,4,0.25,1,2,0.5,1,0,1,7,0,0,3,4,12,6.2,-10,22.8
Ricky Rubio,14,10,2015-11-23,25,MIN,H,PHI,5,1,32:41,2,5,0.4,0,1,0,4,4,1,1,5,6,11,1,0,4,5,8,10.2,21,32
Ricky Rubio,15,11,2015-11-25,25,MIN,H,ATL,4,1,21:07,2,7,0.286,0,1,0,1,2,0.5,1,2,3,6,1,0,1,1,5,5.6,3,19.3
Ricky Rubio,18,12,2015-12-01,25,MIN,H,ORL,-3,1,26:39,0,5,0,0,3,0,3,4,0.75,1,4,5,3,3,0,2,2,3,3.3,-3,18.8
Ricky Rubio,19,13,2015-12-05,25,MIN,H,POR,-6,1,33:47,1,5,0.2,1,2,0.5,6,6,1,3,3,6,15,0,0,3,3,9,15.2,-8,38
Ricky Rubio,20,14,2015-12-07,25,MIN,H,LAC,-4,1,28:38,4,8,0.5,0,1,0,8,8,1,1,4,5,7,4,0,6,2,16,16,-15,37.8
Ricky Rubio,21,15,2015-12-09,25,MIN,H,LAL,1,1,33:14,0,4,0,0,2,0,5,6,0.833,2,7,9,12,1,0,3,2,5,10.9,22,34.8
Ricky Rubio,22,16,2015-12-11,25,MIN,A,DEN,-3,1,30:06,4,7,0.571,2,2,1,3,4,0.75,0,5,5,7,0,0,1,6,13,12.3,-7,30.3
Ricky Rubio,23,17,2015-12-13,25,MIN,A,PHO,-7,1,22:31,0,4,0,0,1,0,1,2,0.5,1,1,2,7,3,0,4,1,1,2.3,-5,18
Ricky Rubio,24,18,2015-12-15,25,MIN,H,DEN,-12,1,29:44,3,6,0.5,2,3,0.667,5,6,0.833,0,4,4,9,0,0,1,1,13,15.7,-7,32
Ricky Rubio,25,19,2015-12-16,25,MIN,A,NYK,-5,1,34:20,3,10,0.3,1,1,1,2,2,1,3,7,10,12,8,0,1,1,9,22.4,3,57
Ricky Rubio,26,20,2015-12-18,25,MIN,H,SAC,4,1,32:23,3,10,0.3,2,6,0.333,4,4,1,2,5,7,8,2,0,3,3,12,12.5,6,36.3
Ricky Rubio,27,21,2015-12-20,25,MIN,A,BRK,15,1,27:57,1,6,0.167,0,1,0,6,7,0.857,0,2,2,15,4,0,2,1,8,16.5,19,40
Ricky Rubio,28,22,2015-12-21,25,MIN,A,BOS,-14,1,33:03,1,9,0.111,0,2,0,2,4,0.5,0,2,2,8,4,0,2,2,4,4.7,-5,25.5
Ricky Rubio,29,23,2015-12-23,25,MIN,H,SAS,-25,1,25:15,3,5,0.6,1,2,0.5,2,2,1,1,3,4,2,0,0,1,2,9,7.9,-10,17
Ricky Rubio,30,24,2015-12-26,25,MIN,H,IND,-14,1,36:36,6,10,0.6,1,4,0.25,2,2,1,0,5,5,9,5,0,5,1,15,17.8,-1,42.8
Ricky Rubio,31,25,2015-12-28,25,MIN,A,SAS,-6,1,36:34,2,9,0.222,0,2,0,3,4,0.75,0,3,3,14,4,0,1,5,7,12.8,2,39.3
Ricky Rubio,32,26,2015-12-30,25,MIN,H,UTA,14,1,35:45,2,6,0.333,2,4,0.5,4,6,0.667,1,1,2,17,3,0,3,2,10,17.9,14,45
Ricky Rubio,33,27,2015-12-31,25,MIN,A,DET,-25,1,27:46,3,11,0.273,0,1,0,3,3,1,1,5,6,8,2,0,5,1,9,6.9,-23,30
Ricky Rubio,34,28,2016-01-02,25,MIN,H,MIL,-10,1,33:30,4,8,0.5,2,3,0.667,4,5,0.8,1,5,6,7,3,1,2,3,14,17.2,9,40
Ricky Rubio,35,29,2016-01-04,25,MIN,A,PHI,-10,1,33:21,3,11,0.273,0,2,0,1,2,0.5,0,0,0,10,3,0,2,1,7,7.7,-1,27
Ricky Rubio,36,30,2016-01-06,25,MIN,H,DEN,-4,1,31:11,3,8,0.375,2,4,0.5,1,2,0.5,0,4,4,7,1,0,0,2,9,10.5,5,27.5
Ricky Rubio,37,31,2016-01-08,25,MIN,H,CLE,-26,1,25:45,2,6,0.333,2,2,1,2,2,1,1,3,4,6,2,0,0,4,8,10.8,-12,27
Ricky Rubio,38,32,2016-01-10,25,MIN,H,DAL,-6,1,33:30,4,10,0.4,0,2,0,4,5,0.8,1,6,7,8,3,0,2,2,12,14.5,6,37.8
Ricky Rubio,39,33,2016-01-12,25,MIN,H,OKC,-5,1,21:25,1,5,0.2,1,3,0.333,0,0,NA,0,2,2,6,1,0,3,1,3,2.3,-11,15.5
Ricky Rubio,40,34,2016-01-13,25,MIN,A,HOU,-3,1,32:48,3,4,0.75,0,0,NA,3,5,0.6,0,5,5,12,4,1,8,3,9,12,14,39.3
Ricky Rubio,41,35,2016-01-15,25,MIN,A,OKC,-20,1,23:40,2,6,0.333,2,3,0.667,0,0,NA,0,4,4,2,1,0,0,2,6,5.4,-17,17
Ricky Rubio,42,36,2016-01-17,25,MIN,H,PHO,30,1,24:23,6,11,0.545,2,5,0.4,4,4,1,0,2,2,3,2,0,3,3,18,13.2,10,28.5
Ricky Rubio,43,37,2016-01-19,25,MIN,A,NOP,-15,1,29:44,5,7,0.714,1,2,0.5,4,4,1,0,1,1,4,1,0,2,3,15,13,-3,23.8
Ricky Rubio,44,38,2016-01-20,25,MIN,A,DAL,-12,1,35:39,1,9,0.111,0,4,0,0,0,NA,0,2,2,11,0,0,5,3,2,-1.8,-18,18.5
Ricky Rubio,45,39,2016-01-23,25,MIN,H,MEM,5,1,28:49,2,7,0.286,0,3,0,11,13,0.846,2,4,6,12,3,0,1,4,15,21.5,9,47.5
Ricky Rubio,46,40,2016-01-25,25,MIN,A,CLE,-7,1,31:08,2,7,0.286,0,1,0,0,0,NA,1,6,7,10,2,0,1,2,4,9.6,-4,31.3
Ricky Rubio,47,41,2016-01-27,25,MIN,H,OKC,-3,1,30:06,1,6,0.167,0,3,0,2,3,0.667,0,2,2,10,3,0,1,2,4,8.6,-2,27
Ricky Rubio,48,42,2016-01-29,25,MIN,A,UTA,-13,1,29:31,0,6,0,0,2,0,3,4,0.75,0,2,2,8,2,0,1,2,3,4.8,5,21
Ricky Rubio,49,43,2016-01-31,25,MIN,A,POR,-3,1,28:55,6,7,0.857,1,1,1,2,5,0.4,0,4,4,9,3,0,0,4,15,20.2,9,40
Ricky Rubio,50,44,2016-02-02,25,MIN,A,LAL,-4,1,29:01,4,10,0.4,0,2,0,2,2,1,0,2,2,15,1,0,2,1,10,14.3,-9,37.5
Ricky Rubio,51,45,2016-02-03,25,MIN,A,LAC,6,1,30:06,1,6,0.167,0,1,0,6,7,0.857,0,5,5,7,5,0,2,4,8,11.6,12,33.8
Ricky Rubio,52,46,2016-02-06,25,MIN,H,CHI,7,1,31:39,4,6,0.667,0,0,NA,6,6,1,0,5,5,6,3,0,3,3,14,15.9,9,33.8
Ricky Rubio,53,47,2016-02-08,25,MIN,H,NOP,-14,1,27:18,3,7,0.429,0,1,0,5,7,0.714,0,5,5,7,0,0,3,2,11,9.1,-13,26.3
Ricky Rubio,54,48,2016-02-10,25,MIN,H,TOR,5,1,37:12,5,9,0.556,3,6,0.5,6,6,1,1,7,8,8,1,0,2,3,19,20.9,-2,43.5
Ricky Rubio,55,49,2016-02-19,25,MIN,A,MEM,-5,1,34:19,0,5,0,0,3,0,5,5,1,0,2,2,9,0,1,3,2,5,5.3,-2,21.5
Ricky Rubio,56,50,2016-02-20,25,MIN,H,NYK,-8,1,35:13,2,6,0.333,1,1,1,4,6,0.667,0,1,1,16,3,0,1,2,9,17.5,2,40.3
Ricky Rubio,57,51,2016-02-22,25,MIN,H,BOS,2,1,32:01,3,7,0.429,0,1,0,9,11,0.818,0,8,8,8,1,0,4,3,15,14.3,11,37
Ricky Rubio,58,52,2016-02-24,25,MIN,A,TOR,-9,1,36:12,2,3,0.667,2,2,1,6,6,1,0,3,3,13,2,0,3,2,12,18.9,-7,40.3
Ricky Rubio,59,53,2016-02-27,25,MIN,A,NOP,2,1,35:30,2,5,0.4,0,1,0,5,5,1,0,4,4,10,0,0,4,2,9,9.7,7,27
Ricky Rubio,60,54,2016-02-28,25,MIN,A,DAL,-27,1,24:53,5,11,0.455,1,4,0.25,3,3,1,1,1,2,5,0,0,0,0,14,12.8,-28,24.5
Ricky Rubio,61,55,2016-03-02,25,MIN,H,WAS,-6,1,37:54,6,14,0.429,2,3,0.667,8,9,0.889,1,5,6,3,3,0,6,4,22,13.9,10,38
Ricky Rubio,62,56,2016-03-04,25,MIN,A,MIL,-15,1,23:18,2,6,0.333,1,3,0.333,1,1,1,1,0,1,7,1,1,5,3,6,3.7,-21,19.8
Ricky Rubio,63,57,2016-03-05,25,MIN,H,BRK,14,1,32:13,5,8,0.625,2,4,0.5,4,5,0.8,0,7,7,10,2,0,1,4,16,20.5,20,45.8
Ricky Rubio,64,58,2016-03-07,25,MIN,A,CHO,-5,1,34:48,2,6,0.333,0,3,0,6,6,1,0,5,5,10,1,1,2,2,10,14,15,35.8
Ricky Rubio,65,59,2016-03-08,25,MIN,H,SAS,-25,1,21:13,1,5,0.2,0,1,0,0,0,NA,1,3,4,3,0,0,2,4,2,-1,-26,10.5
Ricky Rubio,66,60,2016-03-11,25,MIN,A,OKC,3,1,35:55,4,9,0.444,3,6,0.5,2,2,1,0,8,8,12,3,0,0,2,13,21.3,16,50
Ricky Rubio,67,61,2016-03-14,25,MIN,A,PHO,-3,1,36:26,3,11,0.273,1,4,0.25,6,6,1,0,3,3,17,4,0,3,2,13,19.5,12,50.8
Ricky Rubio,68,62,2016-03-16,25,MIN,A,MEM,6,1,28:26,3,6,0.5,2,3,0.667,7,8,0.875,1,2,3,11,1,0,2,5,15,17.6,-4,38.8
Ricky Rubio,69,63,2016-03-18,25,MIN,A,HOU,-5,1,32:22,6,9,0.667,1,4,0.25,1,1,1,0,3,3,6,0,1,5,1,14,10.5,-12,26.8
Ricky Rubio,70,64,2016-03-21,25,MIN,H,GSW,-5,1,32:51,5,9,0.556,3,7,0.429,7,7,1,0,4,4,11,4,1,6,4,20,21.7,1,51.5
Ricky Rubio,71,65,2016-03-23,25,MIN,H,SAC,9,1,26:22,2,7,0.286,1,3,0.333,2,2,1,0,5,5,12,3,0,3,4,7,11.2,13,36.3
Ricky Rubio,72,66,2016-03-25,25,MIN,A,WAS,3,1,44:28,4,12,0.333,1,5,0.2,4,4,1,0,5,5,7,2,0,3,5,13,9.6,10,32.8
Ricky Rubio,73,67,2016-03-26,25,MIN,H,UTA,-9,1,30:34,9,12,0.75,2,2,1,3,4,0.75,1,4,5,6,4,1,4,2,23,23.8,7,47.3
Ricky Rubio,74,68,2016-03-28,25,MIN,H,PHO,5,1,34:14,6,15,0.4,2,6,0.333,3,4,0.75,1,6,7,11,3,0,6,2,17,14.9,7,47.8
Ricky Rubio,75,69,2016-03-30,25,MIN,H,LAC,-20,1,25:11,2,9,0.222,2,4,0.5,3,3,1,1,2,3,1,1,0,0,1,9,6.1,-22,17.3
Ricky Rubio,76,70,2016-04-01,25,MIN,A,UTA,-13,1,28:15,2,8,0.25,1,4,0.25,1,1,1,1,5,6,9,4,0,3,4,6,9.1,-14,34
Ricky Rubio,77,71,2016-04-03,25,MIN,H,DAL,-10,1,34:04,2,7,0.286,1,4,0.25,4,4,1,0,2,2,5,1,0,2,3,9,6.8,7,20.5
Ricky Rubio,78,72,2016-04-05,25,MIN,A,GSW,7,1,33:50,1,6,0.167,0,1,0,0,0,NA,0,4,4,9,1,0,4,5,2,0.7,-12,20.5
Ricky Rubio,79,73,2016-04-07,25,MIN,A,SAC,8,1,21:39,0,0,NA,0,0,NA,2,4,0.5,0,3,3,7,1,0,5,3,2,1.8,2,15.8
Ricky Rubio,80,74,2016-04-09,25,MIN,A,POR,1,1,32:22,2,7,0.286,1,1,1,0,0,NA,0,4,4,11,4,0,4,3,5,8.6,-7,33
Ricky Rubio,81,75,2016-04-11,25,MIN,H,HOU,-24,1,22:13,2,6,0.333,0,2,0,0,2,0,0,2,2,5,2,1,0,1,4,6.2,-17,20
Ricky Rubio,82,76,2016-04-13,25,MIN,H,NOP,35,1,22:11,1,3,0.333,1,2,0.5,4,4,1,0,4,4,10,5,0,2,3,7,15.3,21,36.5
Greg Smith,1,1,2016-03-02,25,MIN,H,WAS,-6,0,9:38,1,1,1,0,0,NA,2,4,0.5,0,1,1,1,0,0,0,1,4,3.5,-12,NA
Greg Smith,2,2,2016-03-04,25,MIN,A,MIL,-15,0,18:14,2,2,1,0,0,NA,0,0,NA,1,5,6,0,0,0,0,6,4,3.2,0,11.5
Greg Smith,3,3,2016-03-05,25,MIN,H,BRK,14,0,17:05,3,3,1,0,0,NA,0,0,NA,1,3,4,1,0,1,0,2,6,7.3,-6,14.5
Greg Smith,4,4,2016-03-07,25,MIN,A,CHO,-5,0,2:52,0,0,NA,0,0,NA,0,0,NA,0,0,0,1,0,0,0,1,0,0.3,-5,1.5
Greg Smith,5,5,2016-03-08,25,MIN,H,SAS,-25,0,4:47,0,0,NA,0,0,NA,1,2,0.5,1,0,1,0,0,0,1,2,1,-0.5,-7,1.8
Greg Smith,6,6,2016-03-11,25,MIN,A,OKC,3,0,11:48,1,2,0.5,0,0,NA,0,0,NA,0,1,1,0,0,0,0,1,2,0.9,-7,3.3
Greg Smith,8,7,2016-03-16,25,MIN,A,MEM,6,0,12:34,2,4,0.5,0,0,NA,0,0,NA,0,2,2,0,0,0,0,3,4,1.4,3,6.5
Greg Smith,9,8,2016-03-18,25,MIN,A,HOU,-5,0,7:33,0,0,NA,0,0,NA,0,2,0,0,2,2,0,1,0,1,2,0,-1,6,4
Greg Smith,10,9,2016-03-21,25,MIN,H,GSW,-5,0,8:51,0,4,0,0,0,NA,0,0,NA,3,0,3,0,0,0,1,1,0,-2.1,-2,3.3
Greg Smith,11,10,2016-03-23,25,MIN,H,SAC,9,0,14:15,3,4,0.75,0,0,NA,1,4,0.25,1,4,5,0,0,0,0,2,7,5.3,-5,13.3
Greg Smith,12,11,2016-03-25,25,MIN,A,WAS,3,0,14:30,2,3,0.667,0,0,NA,1,1,1,2,0,2,0,0,0,0,3,5,3.9,-11,7.5
Greg Smith,13,12,2016-03-26,25,MIN,H,UTA,-9,0,18:14,1,5,0.2,0,0,NA,0,0,NA,0,4,4,2,1,0,0,1,2,2.1,-18,12
Greg Smith,14,13,2016-03-28,25,MIN,H,PHO,5,0,9:38,0,0,NA,0,0,NA,1,2,0.5,0,1,1,0,0,0,1,1,1,-0.5,1,1.8
Greg Smith,15,14,2016-03-30,25,MIN,H,LAC,-20,0,16:48,0,1,0,0,0,NA,1,2,0.5,1,5,6,0,0,0,1,0,1,1.1,7,8
Greg Smith,16,15,2016-04-01,25,MIN,A,UTA,-13,0,12:48,3,3,1,0,0,NA,0,0,NA,1,0,1,0,1,0,1,1,6,5.4,-8,8.8
Greg Smith,19,16,2016-04-07,25,MIN,A,SAC,8,0,1:10,0,0,NA,0,0,NA,0,0,NA,0,0,0,0,0,0,0,0,0,0,-7,0
Greg Smith,21,17,2016-04-11,25,MIN,H,HOU,-24,0,4:51,0,0,NA,0,0,NA,0,0,NA,1,1,2,1,0,0,0,0,0,1.7,-2,4
Greg Smith,22,18,2016-04-13,25,MIN,H,NOP,35,0,6:21,0,0,NA,0,0,NA,0,0,NA,0,1,1,0,1,0,1,1,0,-0.1,-4,2.8
Damjan Rudez,1,1,2015-10-28,29,MIN,A,LAL,1,0,4:32,1,1,1,0,0,NA,0,0,NA,1,0,1,0,0,0,0,1,2,2,-7,3.3
Damjan Rudez,4,2,2015-11-05,29,MIN,H,MIA,-12,0,2:29,0,0,NA,0,0,NA,0,0,NA,0,0,0,0,0,0,1,1,0,-1.4,5,-0.5
Damjan Rudez,7,3,2015-11-10,29,MIN,H,CHO,-9,0,7:35,1,2,0.5,1,2,0.5,0,0,NA,0,1,1,1,0,0,0,0,3,3,-10,6.3
Damjan Rudez,8,4,2015-11-12,29,MIN,H,GSW,-13,0,1:11,0,0,NA,0,0,NA,0,0,NA,0,0,0,0,0,0,0,0,0,0,-4,0
Damjan Rudez,9,5,2015-11-13,29,MIN,A,IND,-4,0,6:57,0,0,NA,0,0,NA,0,0,NA,0,1,1,0,0,0,0,0,0,0.3,6,1.3
Damjan Rudez,13,6,2015-11-20,29,MIN,H,DET,-10,0,6:28,0,1,0,0,1,0,0,0,NA,0,1,1,0,0,0,0,0,0,-0.4,1,1.3
Damjan Rudez,15,7,2015-11-25,29,MIN,H,ATL,4,0,16:59,4,5,0.8,3,4,0.75,2,2,1,0,1,1,0,0,0,0,2,13,10.6,6,15.8
Damjan Rudez,16,8,2015-11-27,29,MIN,A,SAC,10,0,17:41,1,4,0.25,1,4,0.25,0,0,NA,0,1,1,3,0,0,2,3,3,-0.2,8,8.3
Damjan Rudez,22,9,2015-12-11,29,MIN,A,DEN,-3,0,6:28,1,2,0.5,1,1,1,2,2,1,0,0,0,0,0,0,0,0,5,4,-2,5.5
Damjan Rudez,23,10,2015-12-13,29,MIN,A,PHO,-7,0,21:51,4,6,0.667,3,5,0.6,0,0,NA,0,0,0,1,0,0,3,2,11,5.3,3,12.5
Damjan Rudez,24,11,2015-12-15,29,MIN,H,DEN,-12,0,10:36,0,0,NA,0,0,NA,0,0,NA,0,0,0,0,0,0,0,1,0,-0.4,-4,0
Damjan Rudez,25,12,2015-12-16,29,MIN,A,NYK,-5,0,6:43,0,1,0,0,1,0,0,0,NA,0,0,0,0,0,0,0,1,0,-1.1,-8,0
Damjan Rudez,27,13,2015-12-20,29,MIN,A,BRK,15,0,1:35,0,1,0,0,1,0,0,0,NA,0,1,1,0,0,0,0,0,0,-0.4,0,1.3
Damjan Rudez,28,14,2015-12-21,29,MIN,A,BOS,-14,0,9:59,0,0,NA,0,0,NA,0,0,NA,0,0,0,0,0,0,0,1,0,-0.4,14,0
Damjan Rudez,33,15,2015-12-31,29,MIN,A,DET,-25,0,9:19,1,5,0.2,1,3,0.333,0,0,NA,0,0,0,1,0,0,1,3,3,-1.6,-8,4.5
Damjan Rudez,41,16,2016-01-15,29,MIN,A,OKC,-20,0,2:11,1,1,1,0,0,NA,0,0,NA,0,0,0,0,0,0,0,0,2,1.7,5,2
Damjan Rudez,44,17,2016-01-20,29,MIN,A,DAL,-12,0,8:34,0,3,0,0,3,0,0,0,NA,0,0,0,0,0,0,0,0,0,-2.1,-2,0
Damjan Rudez,50,18,2016-02-02,29,MIN,A,LAL,-4,0,14:22,2,4,0.5,0,2,0,2,2,1,2,0,2,0,0,0,0,1,6,5,6,8.5
Damjan Rudez,51,19,2016-02-03,29,MIN,A,LAC,6,0,18:25,3,3,1,2,2,1,0,0,NA,0,0,0,1,0,0,1,2,8,6,-3,10
Damjan Rudez,52,20,2016-02-06,29,MIN,H,CHI,7,0,13:39,0,2,0,0,2,0,0,0,NA,0,2,2,0,1,0,1,2,0,-1.6,-1,4
Damjan Rudez,53,21,2016-02-08,29,MIN,H,NOP,-14,0,8:58,0,1,0,0,1,0,0,0,NA,0,0,0,0,0,0,1,1,0,-2.1,-20,-0.5
Damjan Rudez,55,22,2016-02-19,29,MIN,A,MEM,-5,0,6:35,1,3,0.333,1,3,0.333,0,0,NA,0,1,1,2,0,1,0,2,3,2.9,0,9.8
Damjan Rudez,56,23,2016-02-20,29,MIN,H,NYK,-8,0,3:53,0,0,NA,0,0,NA,0,0,NA,0,0,0,0,0,0,1,1,0,-1.4,-6,-0.5
Damjan Rudez,60,24,2016-02-28,29,MIN,A,DAL,-27,0,13:40,1,4,0.25,1,4,0.25,0,0,NA,0,2,2,0,1,0,1,3,3,0,-1,7.5
Damjan Rudez,62,25,2016-03-04,29,MIN,A,MIL,-15,0,16:29,1,7,0.143,1,6,0.167,0,0,NA,2,0,2,1,1,0,1,2,3,-0.2,8,9
Damjan Rudez,63,26,2016-03-05,29,MIN,H,BRK,14,0,1:31,0,0,NA,0,0,NA,0,0,NA,0,0,0,0,0,0,0,0,0,0,0,0
Damjan Rudez,64,27,2016-03-07,29,MIN,A,CHO,-5,0,7:09,0,0,NA,0,0,NA,2,2,1,0,0,0,0,0,0,0,2,2,1.2,-3,2
Damjan Rudez,65,28,2016-03-08,29,MIN,H,SAS,-25,0,6:46,0,1,0,0,1,0,0,0,NA,0,2,2,0,0,0,0,0,0,-0.1,0,2.5
Damjan Rudez,75,29,2016-03-30,29,MIN,H,LAC,-20,0,6:19,3,4,0.75,2,3,0.667,0,0,NA,0,0,0,0,0,0,0,0,8,6.4,11,9
Damjan Rudez,76,30,2016-04-01,29,MIN,A,UTA,-13,0,1:27,0,0,NA,0,0,NA,0,0,NA,0,0,0,1,0,0,0,0,0,0.7,2,1.5
Damjan Rudez,79,31,2016-04-07,29,MIN,A,SAC,8,0,1:10,0,0,NA,0,0,NA,0,0,NA,0,0,0,0,0,0,0,0,0,0,-7,0
Damjan Rudez,81,32,2016-04-11,29,MIN,H,HOU,-24,0,7:00,0,1,0,0,1,0,0,0,NA,0,0,0,0,0,0,0,0,0,-0.7,1,0
Damjan Rudez,82,33,2016-04-13,29,MIN,H,NOP,35,0,8:47,0,0,NA,0,0,NA,0,0,NA,0,2,2,0,0,0,0,2,0,-0.2,-3,2.5
Andre Miller,4,1,2015-11-05,39,MIN,H,MIA,-12,0,3:59,0,0,NA,0,0,NA,0,0,NA,0,0,0,1,1,0,0,0,0,1.7,9,3.5
Andre Miller,6,2,2015-11-09,39,MIN,A,ATL,10,0,4:42,0,1,0,0,0,NA,0,0,NA,0,0,0,1,1,0,1,1,0,-0.4,-1,3
Andre Miller,7,3,2015-11-10,39,MIN,H,CHO,-9,0,3:02,0,0,NA,0,0,NA,0,0,NA,0,0,0,0,0,0,0,0,0,0,-9,0
Andre Miller,8,4,2015-11-12,39,MIN,H,GSW,-13,0,21:40,5,8,0.625,0,0,NA,1,2,0.5,2,1,3,4,0,0,2,4,11,7.9,12,19.8
Andre Miller,9,5,2015-11-13,39,MIN,A,IND,-4,0,22:42,4,5,0.8,0,0,NA,2,2,1,1,3,4,5,1,0,3,5,10,9.2,12,23
Andre Miller,10,6,2015-11-15,39,MIN,H,MEM,-8,0,33:31,4,8,0.5,0,1,0,0,0,NA,1,2,3,8,3,0,2,4,8,10.3,-17,28.8
Andre Miller,14,7,2015-11-23,39,MIN,H,PHI,5,0,8:47,0,1,0,0,0,NA,0,0,NA,0,1,1,4,0,0,2,1,0,0,-4,6.3
Andre Miller,16,8,2015-11-27,39,MIN,A,SAC,10,0,18:46,4,4,1,1,1,1,3,3,1,0,1,1,4,1,0,0,3,12,13.7,12,21.8
Andre Miller,17,9,2015-11-29,39,MIN,A,LAC,-8,0,21:18,4,7,0.571,0,0,NA,3,3,1,0,1,1,4,1,0,3,1,11,8.4,-8,18.8
Andre Miller,23,10,2015-12-13,39,MIN,A,PHO,-7,0,13:05,0,0,NA,0,0,NA,0,0,NA,1,2,3,5,0,0,1,1,0,3.4,12,10.8
Andre Miller,24,11,2015-12-15,39,MIN,H,DEN,-12,0,8:40,1,3,0.333,0,0,NA,0,2,0,0,0,0,1,0,0,0,2,2,-0.6,2,3.5
Andre Miller,25,12,2015-12-16,39,MIN,A,NYK,-5,0,9:21,0,1,0,0,0,NA,0,0,NA,0,0,0,1,0,0,0,1,0,-0.4,-9,1.5
Andre Miller,26,13,2015-12-18,39,MIN,H,SAC,4,0,5:01,1,1,1,0,0,NA,0,0,NA,0,0,0,1,0,0,0,1,2,2,-2,3.5
Andre Miller,27,14,2015-12-20,39,MIN,A,BRK,15,0,9:39,1,1,1,0,0,NA,0,0,NA,0,0,0,1,1,0,0,1,2,3,8,5.5
Andre Miller,28,15,2015-12-21,39,MIN,A,BOS,-14,0,3:04,0,1,0,0,0,NA,0,0,NA,0,0,0,1,0,0,0,1,0,-0.4,2,1.5
Andre Miller,35,16,2016-01-04,39,MIN,A,PHI,-10,0,11:19,3,3,1,0,0,NA,3,3,1,0,1,1,2,0,0,1,0,9,8.8,-2,12.8
Andre Miller,38,17,2016-01-10,39,MIN,H,DAL,-6,0,6:08,1,1,1,0,0,NA,1,1,1,0,0,0,2,0,0,1,1,3,2.7,-7,5.5
Andre Miller,41,18,2016-01-15,39,MIN,A,OKC,-20,0,6:14,0,1,0,0,0,NA,0,0,NA,0,0,0,1,0,0,0,0,0,0,-4,1.5
Andre Miller,42,19,2016-01-17,39,MIN,H,PHO,30,0,4:26,0,0,NA,0,0,NA,1,2,0.5,0,0,0,1,0,0,1,0,1,0.3,1,2
Andre Miller,43,20,2016-01-19,39,MIN,A,NOP,-15,0,0:15,0,0,NA,0,0,NA,0,0,NA,0,0,0,0,0,0,0,0,0,0,2,0
Andre Miller,49,21,2016-01-31,39,MIN,A,POR,-3,0,12:16,3,3,1,0,0,NA,0,0,NA,1,1,2,1,0,0,4,2,6,2,-10,8
Andre Miller,50,22,2016-02-02,39,MIN,A,LAL,-4,0,5:40,1,2,0.5,0,0,NA,0,0,NA,0,2,2,0,0,0,2,0,2,-0.4,-1,3.5
Andre Miller,51,23,2016-02-03,39,MIN,A,LAC,6,0,14:27,1,2,0.5,0,1,0,1,1,1,0,0,0,7,0,0,2,2,3,4.1,-6,12.5
Andre Miller,52,24,2016-02-06,39,MIN,H,CHI,7,0,16:21,2,4,0.5,0,1,0,0,0,NA,0,1,1,2,0,0,0,1,4,3.3,-2,8.3
Andre Miller,53,25,2016-02-08,39,MIN,H,NOP,-14,0,5:16,1,1,1,0,0,NA,0,0,NA,0,0,0,0,0,0,0,0,2,1.7,-8,2
Andre Miller,54,26,2016-02-10,39,MIN,H,TOR,5,0,10:48,0,0,NA,0,0,NA,0,0,NA,0,2,2,1,0,0,0,0,0,1.3,7,4
Nemanja Bjelica,1,1,2015-10-28,27,MIN,A,LAL,1,0,22:36,3,6,0.5,2,4,0.5,0,0,NA,0,5,5,2,0,1,0,5,8,6.6,6,20.3
Nemanja Bjelica,2,2,2015-10-30,27,MIN,A,DEN,17,0,25:41,1,2,0.5,1,1,1,0,3,0,0,8,8,1,1,0,2,4,3,1.3,1,16
Nemanja Bjelica,3,3,2015-11-02,27,MIN,H,POR,-5,0,31:25,2,4,0.5,0,2,0,1,2,0.5,3,6,9,2,2,0,2,4,5,6.3,5,22.3
Nemanja Bjelica,4,4,2015-11-05,27,MIN,H,MIA,-12,0,23:42,2,7,0.286,1,4,0.25,0,0,NA,1,6,7,3,0,0,1,1,5,4.1,-17,18.3
Nemanja Bjelica,5,5,2015-11-07,27,MIN,A,CHI,9,0,40:13,5,9,0.556,2,6,0.333,5,6,0.833,1,10,11,5,1,1,2,2,17,18.4,12,43.8
Nemanja Bjelica,6,6,2015-11-09,27,MIN,A,ATL,10,0,29:54,3,5,0.6,3,5,0.6,2,2,1,0,5,5,4,0,0,2,2,11,10.2,-1,23.8
Nemanja Bjelica,7,7,2015-11-10,27,MIN,H,CHO,-9,0,27:44,4,7,0.571,3,5,0.6,2,2,1,2,5,7,4,0,1,1,4,13,13.5,-21,30.8
Nemanja Bjelica,8,8,2015-11-12,27,MIN,H,GSW,-13,0,33:20,3,5,0.6,1,2,0.5,1,4,0.25,2,7,9,3,1,0,0,2,8,10.3,8,26.3
Nemanja Bjelica,9,9,2015-11-13,27,MIN,A,IND,-4,0,25:02,4,8,0.5,2,5,0.4,0,0,NA,0,2,2,1,1,0,1,4,10,5.7,-2,16.5
Nemanja Bjelica,10,10,2015-11-15,27,MIN,H,MEM,-8,0,24:06,2,5,0.4,0,2,0,0,0,NA,1,0,1,0,0,0,0,5,4,0,-8,5.3
Nemanja Bjelica,11,11,2015-11-17,27,MIN,A,MIA,12,0,15:36,0,7,0,0,5,0,0,0,NA,0,4,4,0,0,2,0,3,0,-3.5,-8,9
Nemanja Bjelica,12,12,2015-11-18,27,MIN,A,ORL,-3,0,18:38,1,4,0.25,1,4,0.25,0,0,NA,0,4,4,1,0,0,0,6,3,0.1,10,10
Nemanja Bjelica,17,13,2015-11-29,27,MIN,A,LAC,-8,0,21:48,4,4,1,2,2,1,0,0,NA,0,2,2,1,0,0,0,2,10,9.3,-4,15
Nemanja Bjelica,18,14,2015-12-01,27,MIN,H,ORL,-3,0,24:20,1,5,0.2,1,3,0.333,0,0,NA,3,5,8,2,1,1,0,3,3,5.4,10,20.5
Nemanja Bjelica,19,15,2015-12-05,27,MIN,H,POR,-6,0,13:25,1,1,1,0,0,NA,0,1,0,1,4,5,0,0,0,1,0,2,2.2,1,7.8
Nemanja Bjelica,20,16,2015-12-07,27,MIN,H,LAC,-4,0,17:05,3,5,0.6,2,4,0.5,1,1,1,2,2,4,1,0,0,1,3,9,7.2,7,16
Nemanja Bjelica,21,17,2015-12-09,27,MIN,H,LAL,1,0,20:47,3,5,0.6,0,1,0,0,1,0,3,1,4,2,0,1,1,4,6,5.2,-4,15.5
Nemanja Bjelica,22,18,2015-12-11,27,MIN,A,DEN,-3,0,12:37,1,2,0.5,1,2,0.5,0,0,NA,0,0,0,2,0,0,0,5,3,1.4,-10,6.5
Nemanja Bjelica,23,19,2015-12-13,27,MIN,A,PHO,-7,0,14:44,0,5,0,0,3,0,0,0,NA,2,4,6,0,0,1,2,3,0,-3.4,-12,8.5
Nemanja Bjelica,24,20,2015-12-15,27,MIN,H,DEN,-12,0,17:00,1,3,0.333,0,1,0,0,0,NA,2,0,2,0,0,1,0,3,2,1.2,3,6.5
Nemanja Bjelica,25,21,2015-12-16,27,MIN,A,NYK,-5,0,9:42,1,4,0.25,0,3,0,0,0,NA,0,0,0,0,1,0,0,1,2,0.2,2,4
Nemanja Bjelica,26,22,2015-12-18,27,MIN,H,SAC,4,0,3:56,0,1,0,0,0,NA,0,0,NA,0,0,0,0,0,1,0,2,0,-0.8,-4,2
Nemanja Bjelica,27,23,2015-12-20,27,MIN,A,BRK,15,0,3:06,0,0,NA,0,0,NA,0,0,NA,0,0,0,0,0,0,0,2,0,-0.8,-5,0
Nemanja Bjelica,28,24,2015-12-21,27,MIN,A,BOS,-14,0,4:30,0,1,0,0,1,0,0,0,NA,0,0,0,1,0,0,1,0,0,-1,5,1
Nemanja Bjelica,29,25,2015-12-23,27,MIN,H,SAS,-25,0,16:48,0,2,0,0,2,0,0,0,NA,0,1,1,2,0,1,0,2,0,0.2,-12,6.3
Nemanja Bjelica,31,26,2015-12-28,27,MIN,A,SAS,-6,0,4:36,0,0,NA,0,0,NA,0,0,NA,0,0,0,1,0,0,0,0,0,0.7,-5,1.5
Nemanja Bjelica,32,27,2015-12-30,27,MIN,H,UTA,14,0,5:14,0,1,0,0,0,NA,0,0,NA,0,0,0,0,2,0,1,0,0,0.3,4,3.5
Nemanja Bjelica,33,28,2015-12-31,27,MIN,A,DET,-25,0,25:37,2,6,0.333,1,2,0.5,0,0,NA,1,2,3,0,0,0,0,4,5,1.3,-6,9.3
Nemanja Bjelica,34,29,2016-01-02,27,MIN,H,MIL,-10,0,7:51,1,1,1,0,0,NA,1,1,1,1,0,1,1,0,0,0,0,3,4.1,-7,5.8
Nemanja Bjelica,35,30,2016-01-04,27,MIN,A,PHI,-10,0,20:37,2,3,0.667,1,2,0.5,0,0,NA,0,2,2,3,0,0,1,3,5,4.2,-4,12
Nemanja Bjelica,37,31,2016-01-08,27,MIN,H,CLE,-26,0,9:54,0,1,0,0,1,0,0,0,NA,0,3,3,0,0,1,1,1,0,-0.5,-6,5.3
Nemanja Bjelica,38,32,2016-01-10,27,MIN,H,DAL,-6,0,13:01,2,2,1,2,2,1,0,0,NA,0,2,2,1,1,0,0,3,6,6.5,2,13
Nemanja Bjelica,39,33,2016-01-12,27,MIN,H,OKC,-5,0,26:33,2,2,1,2,2,1,0,0,NA,0,4,4,1,3,0,1,2,6,8.5,10,19
Nemanja Bjelica,40,34,2016-01-13,27,MIN,A,HOU,-3,0,18:31,2,4,0.5,2,3,0.667,0,0,NA,1,2,3,1,0,0,0,5,6,4,-11,12.3
Nemanja Bjelica,41,35,2016-01-15,27,MIN,A,OKC,-20,0,23:43,1,8,0.125,1,4,0.25,2,4,0.5,1,4,5,4,1,2,1,2,5,4.3,1,23.3
Nemanja Bjelica,42,36,2016-01-17,27,MIN,H,PHO,30,0,22:42,1,1,1,1,1,1,3,4,0.75,0,2,2,3,0,1,2,5,6,4.7,20,14.5
Nemanja Bjelica,43,37,2016-01-19,27,MIN,A,NOP,-15,0,16:12,2,6,0.333,0,2,0,0,0,NA,2,2,4,1,2,1,2,5,4,2,-16,15.5
Nemanja Bjelica,44,38,2016-01-20,27,MIN,A,DAL,-12,0,17:16,2,3,0.667,1,2,0.5,0,0,NA,0,0,0,0,0,0,1,1,5,2.3,10,5
Nemanja Bjelica,45,39,2016-01-23,27,MIN,H,MEM,5,0,22:20,0,4,0,0,4,0,2,2,1,0,2,2,1,0,0,2,3,2,-2.7,-13,5
Nemanja Bjelica,46,40,2016-01-25,27,MIN,A,CLE,-7,0,16:10,2,5,0.4,1,2,0.5,0,0,NA,0,0,0,1,0,0,0,4,5,1.4,-2,7
Nemanja Bjelica,47,41,2016-01-27,27,MIN,H,OKC,-3,0,23:05,3,5,0.6,0,1,0,5,5,1,1,2,3,3,1,0,1,3,11,10.9,-2,20.8
Nemanja Bjelica,48,42,2016-01-29,27,MIN,A,UTA,-13,0,9:59,0,3,0,0,1,0,0,0,NA,0,1,1,0,0,0,2,0,0,-3.8,-13,0.3
Nemanja Bjelica,49,43,2016-01-31,27,MIN,A,POR,-3,0,12:04,1,2,0.5,0,0,NA,0,0,NA,1,2,3,1,1,0,1,3,2,1.8,-12,8.8
Nemanja Bjelica,50,44,2016-02-02,27,MIN,A,LAL,-4,0,6:22,0,0,NA,0,0,NA,0,0,NA,0,1,1,1,1,0,0,0,0,2,2,4.8
Nemanja Bjelica,53,45,2016-02-08,27,MIN,H,NOP,-14,0,12:00,5,6,0.833,0,0,NA,0,0,NA,1,3,4,1,0,0,0,2,10,9.3,11,16.5
Nemanja Bjelica,54,46,2016-02-10,27,MIN,H,TOR,5,0,12:04,0,0,NA,0,0,NA,0,0,NA,1,1,2,1,0,0,1,1,0,0.3,-13,3.5
Nemanja Bjelica,66,47,2016-03-11,27,MIN,A,OKC,3,0,6:53,0,1,0,0,1,0,0,0,NA,0,1,1,1,0,0,1,4,0,-2.3,-12,2.3
Nemanja Bjelica,67,48,2016-03-14,27,MIN,A,PHO,-3,0,6:03,0,2,0,0,2,0,0,0,NA,0,1,1,0,0,0,1,1,0,-2.5,-15,0.8
Nemanja Bjelica,71,49,2016-03-23,27,MIN,H,SAC,9,0,4:19,2,4,0.5,0,1,0,0,0,NA,1,1,2,0,0,0,1,2,4,1.2,-5,6
Nemanja Bjelica,72,50,2016-03-25,27,MIN,A,WAS,3,0,13:14,4,5,0.8,0,1,0,2,2,1,0,3,3,0,1,0,0,1,10,9.6,-4,15.8
Nemanja Bjelica,73,51,2016-03-26,27,MIN,H,UTA,-9,0,13:46,1,5,0.2,1,2,0.5,0,0,NA,1,2,3,1,0,0,0,1,3,1.5,-16,8.8
Nemanja Bjelica,74,52,2016-03-28,27,MIN,H,PHO,5,0,13:20,1,4,0.25,0,2,0,0,0,NA,1,1,2,1,0,0,1,3,2,-0.9,-7,5.5
Nemanja Bjelica,75,53,2016-03-30,27,MIN,H,LAC,-20,0,20:10,4,5,0.8,1,1,1,5,6,0.833,2,5,7,1,0,0,1,2,14,13.5,-1,24.3
Nemanja Bjelica,76,54,2016-04-01,27,MIN,A,UTA,-13,0,35:08,6,8,0.75,3,4,0.75,0,0,NA,2,6,8,2,0,0,0,2,15,15.6,3,29.5
Nemanja Bjelica,77,55,2016-04-03,27,MIN,H,DAL,-10,0,14:12,1,3,0.333,0,1,0,1,1,1,0,0,0,1,0,0,0,3,3,0.8,-21,4.5
Nemanja Bjelica,78,56,2016-04-05,27,MIN,A,GSW,7,0,20:39,1,3,0.333,0,0,NA,0,0,NA,1,2,3,3,1,2,2,1,2,3.7,15,15.3
Nemanja Bjelica,79,57,2016-04-07,27,MIN,A,SAC,8,0,25:35,6,7,0.857,4,5,0.8,2,2,1,1,3,4,2,0,1,2,4,18,15.6,6,29
Nemanja Bjelica,80,58,2016-04-09,27,MIN,A,POR,1,0,30:04,4,6,0.667,2,3,0.667,1,2,0.5,3,7,10,5,1,1,1,2,11,15.6,16,37
Nemanja Bjelica,81,59,2016-04-11,27,MIN,H,HOU,-24,0,29:12,3,7,0.429,1,3,0.333,4,4,1,4,10,14,1,0,0,2,5,11,9.8,-14,31
Nemanja Bjelica,82,60,2016-04-13,27,MIN,H,NOP,35,0,18:41,4,5,0.8,2,3,0.667,0,0,NA,0,3,3,3,3,1,1,4,10,12.2,16,26.8
Tayshaun Prince,1,1,2015-10-28,35,MIN,A,LAL,1,1,14:37,0,0,NA,0,0,NA,2,4,0.5,1,1,2,1,0,0,0,2,2,2.1,4,6
Tayshaun Prince,2,2,2015-10-30,35,MIN,A,DEN,17,1,29:20,1,3,0.333,0,2,0,0,0,NA,0,3,3,2,2,0,0,2,2,3.8,22,12.8
Tayshaun Prince,3,3,2015-11-02,35,MIN,H,POR,-5,1,20:12,0,3,0,0,0,NA,2,2,1,0,0,0,0,2,0,0,0,2,1.9,2,6
Tayshaun Prince,4,4,2015-11-05,35,MIN,H,MIA,-12,1,12:58,1,3,0.333,0,0,NA,0,0,NA,0,1,1,0,0,0,0,1,2,0.2,-1,3.3
Tayshaun Prince,5,5,2015-11-07,35,MIN,A,CHI,9,1,38:34,4,9,0.444,0,1,0,0,1,0,1,4,5,0,0,1,2,0,8,3.5,2,15.3
Tayshaun Prince,6,6,2015-11-09,35,MIN,A,ATL,10,1,24:05,2,4,0.5,0,0,NA,0,0,NA,1,1,2,0,0,0,1,0,4,2,3,6
Tayshaun Prince,7,7,2015-11-10,35,MIN,H,CHO,-9,1,30:30,2,3,0.667,1,1,1,0,0,NA,1,5,6,2,0,0,0,2,5,6.5,13,16
Tayshaun Prince,8,8,2015-11-12,35,MIN,H,GSW,-13,1,14:05,3,3,1,0,0,NA,0,0,NA,1,2,3,0,0,0,1,1,6,5,-11,9.3
Tayshaun Prince,9,9,2015-11-13,35,MIN,A,IND,-4,1,18:34,2,3,0.667,0,0,NA,0,0,NA,0,1,1,1,0,0,0,0,4,3.7,-12,6.8
Tayshaun Prince,10,10,2015-11-15,35,MIN,H,MEM,-8,1,21:39,1,3,0.333,0,0,NA,0,0,NA,0,0,0,1,1,0,0,2,2,1.2,-2,5.5
Tayshaun Prince,11,11,2015-11-17,35,MIN,A,MIA,12,1,12:45,0,1,0,0,0,NA,0,0,NA,2,2,4,2,0,0,1,2,0,0.9,2,7.5
Tayshaun Prince,12,12,2015-11-18,35,MIN,A,ORL,-3,1,29:54,2,3,0.667,0,0,NA,0,0,NA,0,3,3,1,0,0,0,1,4,3.9,-3,9.3
Tayshaun Prince,13,13,2015-11-20,35,MIN,H,DET,-10,1,21:04,0,1,0,0,0,NA,0,2,0,0,2,2,1,0,1,1,0,0,-0.5,-5,5.5
Tayshaun Prince,14,14,2015-11-23,35,MIN,H,PHI,5,0,9:43,0,1,0,0,0,NA,0,0,NA,0,1,1,0,0,0,0,0,0,-0.4,-7,1.3
Tayshaun Prince,15,15,2015-11-25,35,MIN,H,ATL,4,0,21:06,1,2,0.5,0,0,NA,2,2,1,0,3,3,1,1,0,0,0,4,5.6,12,11.3
Tayshaun Prince,16,16,2015-11-27,35,MIN,A,SAC,10,0,21:31,3,10,0.3,0,1,0,0,0,NA,1,2,3,1,0,0,1,0,6,1.2,8,10.8
Tayshaun Prince,17,17,2015-11-29,35,MIN,A,LAC,-8,0,10:02,0,1,0,0,0,NA,0,0,NA,0,0,0,0,0,0,0,0,0,-0.7,-2,0
Tayshaun Prince,18,18,2015-12-01,35,MIN,H,ORL,-3,0,12:57,1,2,0.5,0,0,NA,0,0,NA,0,0,0,1,0,0,0,1,2,1.3,-1,3.5
Tayshaun Prince,19,19,2015-12-05,35,MIN,H,POR,-6,0,11:54,0,2,0,0,0,NA,0,0,NA,0,2,2,0,0,0,0,1,0,-1.2,-10,2.5
Tayshaun Prince,20,20,2015-12-07,35,MIN,H,LAC,-4,0,19:34,1,1,1,0,0,NA,0,0,NA,0,3,3,2,2,0,0,1,2,5.6,0,12.8
Tayshaun Prince,21,21,2015-12-09,35,MIN,H,LAL,1,0,14:44,0,0,NA,0,0,NA,0,0,NA,0,1,1,1,0,0,1,0,0,0,-2,2.3
Tayshaun Prince,22,22,2015-12-11,35,MIN,A,DEN,-3,0,33:37,0,5,0,0,2,0,0,0,NA,2,2,4,2,0,0,0,1,0,-0.5,2,8
Tayshaun Prince,23,23,2015-12-13,35,MIN,A,PHO,-7,0,8:23,0,0,NA,0,0,NA,0,0,NA,0,1,1,0,0,0,0,0,0,0.3,-6,1.3
Tayshaun Prince,24,24,2015-12-15,35,MIN,H,DEN,-12,0,11:42,1,1,1,0,0,NA,0,0,NA,0,0,0,0,1,0,0,0,2,2.7,-10,4
Tayshaun Prince,25,25,2015-12-16,35,MIN,A,NYK,-5,1,21:14,1,3,0.333,0,1,0,0,0,NA,0,1,1,2,0,0,0,3,2,0.8,-10,6.3
Tayshaun Prince,26,26,2015-12-18,35,MIN,H,SAC,4,1,20:42,3,4,0.75,0,0,NA,0,0,NA,0,0,0,0,0,0,0,0,6,4.4,12,6
Tayshaun Prince,27,27,2015-12-20,35,MIN,A,BRK,15,1,24:25,2,3,0.667,0,0,NA,0,0,NA,0,1,1,0,0,0,1,1,4,1.6,15,4.8
Tayshaun Prince,28,28,2015-12-21,35,MIN,A,BOS,-14,1,22:01,2,2,1,0,0,NA,0,0,NA,2,2,4,2,0,0,1,0,4,5.8,-17,11.5
Tayshaun Prince,29,29,2015-12-23,35,MIN,H,SAS,-25,1,19:34,0,2,0,0,0,NA,0,0,NA,0,2,2,1,0,0,1,0,0,-1.1,-13,3.5
Tayshaun Prince,30,30,2015-12-26,35,MIN,H,IND,-14,1,22:09,2,4,0.5,0,0,NA,0,0,NA,1,1,2,1,2,0,1,2,4,3.9,6,11.5
Tayshaun Prince,31,31,2015-12-28,35,MIN,A,SAS,-6,1,29:56,5,6,0.833,0,0,NA,0,0,NA,0,2,2,0,0,2,0,3,10,8.6,2,16.5
Tayshaun Prince,32,32,2015-12-30,35,MIN,H,UTA,14,1,24:38,4,5,0.8,0,0,NA,0,0,NA,2,2,4,1,2,0,0,0,8,10.8,12,18.5
Tayshaun Prince,33,33,2015-12-31,35,MIN,A,DET,-25,1,24:39,0,3,0,0,0,NA,0,0,NA,0,0,0,0,2,0,0,1,0,-0.5,-10,4
Tayshaun Prince,34,34,2016-01-02,35,MIN,H,MIL,-10,1,28:09,2,4,0.5,0,1,0,0,0,NA,1,0,1,2,1,0,1,0,4,4.1,5,9.8
Tayshaun Prince,35,35,2016-01-04,35,MIN,A,PHI,-10,1,20:09,4,7,0.571,0,0,NA,0,0,NA,0,1,1,2,1,0,2,0,8,5.4,-6,13.3
Tayshaun Prince,36,36,2016-01-06,35,MIN,H,DEN,-4,1,32:33,3,5,0.6,0,0,NA,0,0,NA,0,3,3,2,1,1,0,2,6,6.9,3,16.8
Tayshaun Prince,37,37,2016-01-08,35,MIN,H,CLE,-26,1,21:48,0,5,0,0,1,0,0,0,NA,0,0,0,0,2,0,0,1,0,-1.9,-16,4
Tayshaun Prince,38,38,2016-01-10,35,MIN,H,DAL,-6,1,20:23,2,5,0.4,0,0,NA,0,0,NA,1,0,1,3,0,0,0,0,4,4.1,1,9.8
Tayshaun Prince,39,39,2016-01-12,35,MIN,H,OKC,-5,1,13:55,1,3,0.333,0,0,NA,0,0,NA,1,1,2,0,0,0,0,1,2,0.9,-17,4.5
Tayshaun Prince,40,40,2016-01-13,35,MIN,A,HOU,-3,1,19:15,3,4,0.75,0,0,NA,0,0,NA,0,1,1,0,0,0,0,1,6,4.3,6,7.3
Tayshaun Prince,41,41,2016-01-15,35,MIN,A,OKC,-20,1,14:20,2,2,1,0,0,NA,0,0,NA,0,2,2,0,0,0,0,1,4,3.6,-10,6.5
Tayshaun Prince,42,42,2016-01-17,35,MIN,H,PHO,30,1,26:38,3,3,1,0,0,NA,0,0,NA,0,4,4,3,1,2,1,1,6,9.4,12,21
Tayshaun Prince,43,43,2016-01-19,35,MIN,A,NOP,-15,1,27:12,1,1,1,1,1,1,0,0,NA,0,2,2,1,0,0,0,0,3,4,-6,7.5
Tayshaun Prince,44,44,2016-01-20,35,MIN,A,DAL,-12,1,29:05,0,2,0,0,1,0,0,0,NA,0,5,5,1,1,1,0,2,0,1.7,-7,11.8
Tayshaun Prince,45,45,2016-01-23,35,MIN,H,MEM,5,1,16:02,3,5,0.6,0,0,NA,0,0,NA,1,0,1,1,0,0,0,0,6,5.1,-4,8.8
Tayshaun Prince,46,46,2016-01-25,35,MIN,A,CLE,-7,1,29:08,2,4,0.5,0,0,NA,0,0,NA,0,4,4,1,1,0,0,1,4,4.5,-18,12.5
Tayshaun Prince,47,47,2016-01-27,35,MIN,H,OKC,-3,1,22:22,1,3,0.333,0,0,NA,0,0,NA,0,1,1,4,0,0,1,2,2,1.6,-2,8.8
Tayshaun Prince,48,48,2016-01-29,35,MIN,A,UTA,-13,1,25:35,0,3,0,0,1,0,0,0,NA,0,2,2,1,0,1,1,2,0,-1.9,-8,5.5
Tayshaun Prince,49,49,2016-01-31,35,MIN,A,POR,-3,1,30:19,3,6,0.5,1,1,1,0,0,NA,0,3,3,1,3,0,1,0,7,7.6,-6,18.3
Tayshaun Prince,50,50,2016-02-02,35,MIN,A,LAL,-4,1,18:14,3,4,0.75,0,0,NA,0,0,NA,0,1,1,3,0,0,1,2,6,5,-1,11.3
Tayshaun Prince,51,51,2016-02-03,35,MIN,A,LAC,6,1,31:23,3,7,0.429,0,0,NA,2,2,1,4,2,6,1,0,0,0,2,8,7.6,19,17
Tayshaun Prince,52,52,2016-02-06,35,MIN,H,CHI,7,1,12:19,1,2,0.5,0,0,NA,0,0,NA,0,0,0,0,0,0,0,1,2,0.6,7,2
Tayshaun Prince,53,53,2016-02-08,35,MIN,H,NOP,-14,1,19:11,1,2,0.5,0,0,NA,0,0,NA,0,0,0,0,0,2,0,1,2,2,-6,6
Tayshaun Prince,56,54,2016-02-20,35,MIN,H,NYK,-8,1,21:13,0,2,0,0,1,0,0,0,NA,0,3,3,0,0,0,0,1,0,-0.9,-18,3.8
Tayshaun Prince,57,55,2016-02-22,35,MIN,H,BOS,2,0,5:04,0,1,0,0,0,NA,0,0,NA,0,0,0,1,0,0,0,0,0,0,-5,1.5
Tayshaun Prince,58,56,2016-02-24,35,MIN,A,TOR,-9,1,16:44,2,2,1,1,1,1,0,0,NA,1,4,5,0,0,0,0,1,5,5.9,3,11.8
Tayshaun Prince,59,57,2016-02-27,35,MIN,A,NOP,2,0,9:08,0,2,0,0,0,NA,0,0,NA,0,1,1,1,0,1,0,1,0,-0.1,-8,4.8
Tayshaun Prince,61,58,2016-03-02,36,MIN,H,WAS,-6,0,5:19,0,1,0,0,0,NA,0,0,NA,0,1,1,0,1,0,0,1,0,0.2,-4,3.3
Tayshaun Prince,62,59,2016-03-04,36,MIN,A,MIL,-15,0,9:57,0,2,0,0,0,NA,0,0,NA,0,2,2,0,2,0,0,0,0,1.2,-4,6.5
Tayshaun Prince,63,60,2016-03-05,36,MIN,H,BRK,14,0,13:11,0,1,0,0,1,0,0,0,NA,0,0,0,1,0,1,0,2,0,-0.1,-2,3.5
Tayshaun Prince,64,61,2016-03-07,36,MIN,A,CHO,-5,0,4:54,0,1,0,0,0,NA,0,0,NA,1,1,2,0,0,0,0,1,0,-0.1,-7,2.5
Tayshaun Prince,66,62,2016-03-11,36,MIN,A,OKC,3,0,14:39,1,3,0.333,0,0,NA,0,0,NA,0,2,2,1,0,0,0,1,2,1.2,-13,6
Tayshaun Prince,67,63,2016-03-14,36,MIN,A,PHO,-3,0,19:02,1,4,0.25,0,1,0,0,0,NA,1,0,1,1,1,0,1,1,2,0.6,3,6.3
Tayshaun Prince,68,64,2016-03-16,36,MIN,A,MEM,6,0,22:09,2,4,0.5,0,0,NA,2,2,1,1,2,3,2,1,0,0,1,6,7.3,-10,14.8
Tayshaun Prince,69,65,2016-03-18,36,MIN,A,HOU,-5,0,12:47,1,3,0.333,0,1,0,0,0,NA,0,1,1,2,1,0,0,0,2,3,4,8.3
Tayshaun Prince,70,66,2016-03-21,36,MIN,H,GSW,-5,0,20:24,1,1,1,0,0,NA,2,2,1,1,2,3,3,0,0,0,1,4,6.7,-14,12.3
Tayshaun Prince,71,67,2016-03-23,36,MIN,H,SAC,9,0,11:28,0,0,NA,0,0,NA,0,0,NA,0,1,1,0,0,0,1,1,0,-1.1,3,0.8
Tayshaun Prince,72,68,2016-03-25,36,MIN,A,WAS,3,0,14:16,2,3,0.667,0,1,0,0,0,NA,1,2,3,2,0,0,1,0,4,4.4,-3,10.3
Tayshaun Prince,73,69,2016-03-26,36,MIN,H,UTA,-9,0,12:42,0,2,0,0,1,0,0,0,NA,0,2,2,0,0,0,0,0,0,-0.8,-10,2.5
Tayshaun Prince,74,70,2016-03-28,36,MIN,H,PHO,5,0,16:04,1,1,1,0,0,NA,1,2,0.5,0,1,1,0,0,0,0,1,3,2.2,13,4.3
Tayshaun Prince,75,71,2016-03-30,36,MIN,H,LAC,-20,0,19:48,4,9,0.444,0,1,0,0,0,NA,2,0,2,0,0,0,1,0,8,3.7,-12,10
Tayshaun Prince,76,72,2016-04-01,36,MIN,A,UTA,-13,0,12:28,0,4,0,0,0,NA,0,0,NA,0,2,2,1,1,0,0,0,0,-0.5,6,6
Tayshaun Prince,77,73,2016-04-03,36,MIN,H,DAL,-10,0,8:17,0,0,NA,0,0,NA,0,0,NA,0,1,1,0,1,0,1,0,0,0.3,3,2.8
Tayshaun Prince,78,74,2016-04-05,36,MIN,A,GSW,7,0,6:42,0,2,0,0,1,0,0,0,NA,0,1,1,0,0,0,0,1,0,-1.5,0,1.3
Tayshaun Prince,79,75,2016-04-07,36,MIN,A,SAC,8,0,19:09,1,3,0.333,0,0,NA,0,0,NA,0,0,0,3,1,0,0,1,2,3,-1,8.5
Tayshaun Prince,80,76,2016-04-09,36,MIN,A,POR,1,0,22:27,4,4,1,0,0,NA,0,0,NA,0,2,2,0,1,0,1,0,8,7.4,8,12
Tayshaun Prince,81,77,2016-04-11,36,MIN,H,HOU,-24,0,12:53,0,1,0,0,0,NA,0,0,NA,1,1,2,3,0,0,1,0,0,1.4,-2,6.5
Shabazz Muhammad,1,1,2015-10-28,22,MIN,A,LAL,1,0,18:55,3,5,0.6,1,2,0.5,3,4,0.75,0,1,1,0,0,0,1,1,10,6.2,-7,11.3
Shabazz Muhammad,2,2,2015-10-30,22,MIN,A,DEN,17,0,16:11,1,5,0.2,0,2,0,0,0,NA,0,1,1,0,0,0,1,3,2,-3,1,2.8
Shabazz Muhammad,3,3,2015-11-02,22,MIN,H,POR,-5,0,17:22,2,5,0.4,0,0,NA,5,6,0.833,0,4,4,0,1,0,0,1,9,7.7,-5,16
Shabazz Muhammad,4,4,2015-11-05,22,MIN,H,MIA,-12,0,22:38,5,10,0.5,0,1,0,4,5,0.8,4,2,6,1,0,1,1,2,14,11.6,6,24.5
Shabazz Muhammad,5,5,2015-11-07,22,MIN,A,CHI,9,0,21:17,1,4,0.25,0,0,NA,2,2,1,0,2,2,1,0,0,2,3,4,-0.3,-17,7
Shabazz Muhammad,6,6,2015-11-09,22,MIN,A,ATL,10,0,10:21,3,3,1,0,0,NA,0,0,NA,0,1,1,0,0,0,2,0,6,3.4,0,6.3
Shabazz Muhammad,7,7,2015-11-10,22,MIN,H,CHO,-9,0,14:13,2,4,0.5,0,1,0,0,2,0,0,1,1,0,0,0,1,0,4,0.5,-21,4.8
Shabazz Muhammad,8,8,2015-11-12,22,MIN,H,GSW,-13,0,19:12,6,8,0.75,0,1,0,4,5,0.8,2,2,4,0,0,0,0,2,16,13.6,6,21
Shabazz Muhammad,9,9,2015-11-13,23,MIN,A,IND,-4,0,18:38,4,8,0.5,0,2,0,1,1,1,2,2,4,1,0,0,2,2,9,4.9,3,14.5
Shabazz Muhammad,10,10,2015-11-15,23,MIN,H,MEM,-8,0,16:33,4,8,0.5,0,1,0,0,0,NA,2,2,4,0,0,0,1,0,8,5,-6,12.5
Shabazz Muhammad,11,11,2015-11-17,23,MIN,A,MIA,12,0,20:17,6,8,0.75,2,3,0.667,2,2,1,0,0,0,2,0,0,0,1,16,13.8,12,20
Shabazz Muhammad,12,12,2015-11-18,23,MIN,A,ORL,-3,0,17:29,2,7,0.286,0,3,0,0,0,NA,1,1,2,0,0,0,0,2,4,0.1,-7,6.5
Shabazz Muhammad,13,13,2015-11-20,23,MIN,H,DET,-10,0,17:13,0,3,0,0,0,NA,0,0,NA,0,3,3,0,0,0,1,1,0,-2.6,2,3.3
Shabazz Muhammad,14,14,2015-11-23,23,MIN,H,PHI,5,0,16:02,3,7,0.429,1,1,1,0,0,NA,0,1,1,0,0,0,1,3,7,1.4,-11,8.3
Shabazz Muhammad,15,15,2015-11-25,23,MIN,H,ATL,4,0,16:05,2,7,0.286,1,2,0.5,0,0,NA,0,2,2,1,0,0,0,3,5,1,-2,9.5
Shabazz Muhammad,16,16,2015-11-27,23,MIN,A,SAC,10,0,15:42,5,8,0.625,3,5,0.6,2,2,1,0,1,1,0,0,0,2,2,15,8.9,10,16.8
Shabazz Muhammad,17,17,2015-11-29,23,MIN,A,LAC,-8,0,18:44,2,6,0.333,0,2,0,2,2,1,1,2,3,0,0,0,1,1,6,2.5,-3,9.3
Shabazz Muhammad,18,18,2015-12-01,23,MIN,H,ORL,-3,0,16:36,4,9,0.444,0,2,0,1,2,0.5,0,2,2,0,0,0,1,2,9,2.7,0,11
Shabazz Muhammad,19,19,2015-12-05,23,MIN,H,POR,-6,0,11:21,1,5,0.2,0,0,NA,1,2,0.5,0,1,1,0,1,0,0,1,3,0.4,-1,6.3
Shabazz Muhammad,20,20,2015-12-07,23,MIN,H,LAC,-4,0,26:18,4,10,0.4,0,3,0,5,7,0.714,4,5,9,0,0,0,1,0,13,10.1,15,23.8
Shabazz Muhammad,21,21,2015-12-09,23,MIN,H,LAL,1,0,15:15,6,8,0.75,1,2,0.5,2,2,1,2,3,5,1,0,0,2,1,15,12.4,-5,22.3
Shabazz Muhammad,22,22,2015-12-11,23,MIN,A,DEN,-3,0,16:04,3,6,0.5,0,0,NA,1,1,1,0,2,2,0,0,1,0,0,7,5.3,7,11.5
Shabazz Muhammad,23,23,2015-12-13,23,MIN,A,PHO,-7,0,22:18,2,2,1,0,0,NA,5,6,0.833,0,5,5,0,1,0,2,3,9,7.3,2,16.3
Shabazz Muhammad,24,24,2015-12-15,23,MIN,H,DEN,-12,0,14:08,1,5,0.2,0,0,NA,1,2,0.5,0,0,0,0,0,0,2,0,3,-2.5,-7,2
Shabazz Muhammad,25,25,2015-12-16,23,MIN,A,NYK,-5,0,17:48,3,8,0.375,0,1,0,2,2,1,3,6,9,0,1,0,0,1,8,8.1,-16,21.3
Shabazz Muhammad,26,26,2015-12-18,23,MIN,H,SAC,4,0,27:02,7,13,0.538,2,4,0.5,0,0,NA,2,5,7,1,0,0,0,2,16,12.5,-3,27.3
Shabazz Muhammad,27,27,2015-12-20,23,MIN,A,BRK,15,0,10:10,0,4,0,0,2,0,0,0,NA,1,0,1,0,0,0,0,0,0,-2.1,-11,1.3
Shabazz Muhammad,28,28,2015-12-21,23,MIN,A,BOS,-14,0,16:11,3,4,0.75,0,1,0,2,2,1,0,1,1,0,0,0,0,0,8,6.7,-15,9.3
Shabazz Muhammad,29,29,2015-12-23,23,MIN,H,SAS,-25,0,21:06,5,9,0.556,1,1,1,4,4,1,3,0,3,1,0,0,0,0,15,13.5,-16,20.8
Shabazz Muhammad,30,30,2015-12-26,23,MIN,H,IND,-14,0,10:20,0,2,0,0,0,NA,2,2,1,0,1,1,0,1,0,1,1,2,0.5,-14,4.8
Shabazz Muhammad,31,31,2015-12-28,23,MIN,A,SAS,-6,0,11:30,3,4,0.75,2,2,1,0,0,NA,0,0,0,0,0,0,0,0,8,6.4,-2,9
Shabazz Muhammad,32,32,2015-12-30,23,MIN,H,UTA,14,0,18:56,2,5,0.4,1,2,0.5,0,0,NA,0,2,2,0,0,0,0,1,5,2.5,3,8
Shabazz Muhammad,33,33,2015-12-31,23,MIN,A,DET,-25,0,22:49,5,7,0.714,1,2,0.5,4,6,0.667,1,2,3,1,1,0,0,2,15,13.5,-4,22.8
Shabazz Muhammad,34,34,2016-01-02,23,MIN,H,MIL,-10,0,26:25,5,11,0.455,1,2,0.5,1,3,0.333,2,2,4,1,1,0,0,2,12,8.4,-1,21
Shabazz Muhammad,35,35,2016-01-04,23,MIN,A,PHI,-10,0,34:21,8,11,0.727,1,1,1,3,4,0.75,3,0,3,1,1,0,2,0,20,16.9,-10,26.8
Shabazz Muhammad,36,36,2016-01-06,23,MIN,H,DEN,-4,0,15:58,3,6,0.5,0,1,0,1,2,0.5,0,0,0,0,0,0,0,1,7,3.2,-5,7
Shabazz Muhammad,37,37,2016-01-08,23,MIN,H,CLE,-26,0,26:12,6,13,0.462,2,3,0.667,8,10,0.8,2,0,2,2,0,0,1,0,22,16.3,-10,28
Shabazz Muhammad,38,38,2016-01-10,23,MIN,H,DAL,-6,0,27:37,5,10,0.5,1,4,0.25,5,8,0.625,1,4,5,0,0,0,0,4,16,10.1,-7,22.8
Shabazz Muhammad,39,39,2016-01-12,23,MIN,H,OKC,-5,0,34:05,8,15,0.533,1,4,0.25,3,4,0.75,1,3,4,3,0,0,3,0,20,13,12,28.5
Shabazz Muhammad,40,40,2016-01-13,23,MIN,A,HOU,-3,0,15:50,1,5,0.2,0,1,0,0,0,NA,1,1,2,1,1,0,2,0,2,-0.4,-15,7
Shabazz Muhammad,41,41,2016-01-15,23,MIN,A,OKC,-20,0,33:40,5,12,0.417,1,1,1,4,4,1,1,3,4,0,0,0,3,2,15,6.4,-10,19
Shabazz Muhammad,42,42,2016-01-17,23,MIN,H,PHO,30,0,25:41,4,10,0.4,0,3,0,3,6,0.5,1,7,8,0,0,0,2,3,11,4,15,20
Shabazz Muhammad,43,43,2016-01-19,23,MIN,A,NOP,-15,0,27:56,5,10,0.5,0,2,0,3,4,0.75,2,3,5,0,0,1,1,0,13,9.6,-14,20.8
Shabazz Muhammad,44,44,2016-01-20,23,MIN,A,DAL,-12,0,35:04,6,16,0.375,2,7,0.286,0,0,NA,3,4,7,1,0,1,2,0,14,7.9,-17,26.3
Shabazz Muhammad,45,45,2016-01-23,23,MIN,H,MEM,5,0,32:33,8,15,0.533,1,4,0.25,8,8,1,0,3,3,0,0,0,1,1,25,17.2,13,28.8
Shabazz Muhammad,46,46,2016-01-25,23,MIN,A,CLE,-7,0,26:43,5,13,0.385,0,2,0,0,0,NA,1,2,3,3,1,0,0,1,10,6.9,7,20.3
Shabazz Muhammad,47,47,2016-01-27,23,MIN,H,OKC,-3,0,24:56,5,12,0.417,0,1,0,0,1,0,2,1,3,0,0,0,1,0,10,3.9,1,13.3
Shabazz Muhammad,48,48,2016-01-29,23,MIN,A,UTA,-13,0,21:50,4,10,0.4,1,4,0.25,2,4,0.5,1,3,4,1,1,0,1,0,11,7.1,-22,19.5
Shabazz Muhammad,49,49,2016-01-31,23,MIN,A,POR,-3,0,12:49,0,3,0,0,2,0,0,0,NA,0,0,0,0,0,0,2,3,0,-5.3,-1,-1
Shabazz Muhammad,50,50,2016-02-02,23,MIN,A,LAL,-4,0,23:28,4,9,0.444,0,2,0,4,4,1,0,3,3,1,2,0,1,1,12,9.5,2,20.8
Shabazz Muhammad,51,51,2016-02-03,23,MIN,A,LAC,6,0,12:28,1,2,0.5,0,1,0,2,2,1,0,1,1,0,0,0,0,0,4,3.3,-8,5.3
Shabazz Muhammad,52,52,2016-02-06,23,MIN,H,CHI,7,0,15:03,3,8,0.375,0,1,0,2,2,1,2,2,4,3,1,0,0,1,8,8.3,-2,19.5
Shabazz Muhammad,53,53,2016-02-08,23,MIN,H,NOP,-14,0,24:31,4,13,0.308,0,2,0,6,7,0.857,4,5,9,1,0,0,0,2,14,10.3,-13,26.8
Shabazz Muhammad,54,54,2016-02-10,23,MIN,H,TOR,5,0,21:16,1,6,0.167,0,1,0,6,6,1,1,2,3,0,0,0,0,3,8,4.3,-4,11.8
Shabazz Muhammad,55,55,2016-02-19,23,MIN,A,MEM,-5,0,23:27,5,11,0.455,2,4,0.5,0,0,NA,2,1,3,1,0,0,0,0,12,8.7,-2,18.3
Shabazz Muhammad,56,56,2016-02-20,23,MIN,H,NYK,-8,0,32:32,8,11,0.727,2,2,1,2,2,1,0,3,3,0,1,0,1,1,20,16,5,26.3
Shabazz Muhammad,57,57,2016-02-22,23,MIN,H,BOS,2,0,20:12,4,9,0.444,1,2,0.5,4,4,1,1,1,2,0,1,1,0,2,13,10.2,-11,20
Shabazz Muhammad,58,58,2016-02-24,23,MIN,A,TOR,-9,0,21:08,5,11,0.455,0,1,0,0,0,NA,3,3,6,0,0,0,0,1,10,6.9,-15,17.5
Shabazz Muhammad,59,59,2016-02-27,23,MIN,A,NOP,2,0,24:58,3,11,0.273,1,3,0.333,1,2,0.5,2,4,6,1,1,0,0,1,8,5,-4,19.5
Shabazz Muhammad,60,60,2016-02-28,23,MIN,A,DAL,-27,0,34:29,7,13,0.538,2,4,0.5,8,10,0.8,5,0,5,0,0,1,3,2,24,17.3,-5,31.8
Shabazz Muhammad,61,61,2016-03-02,23,MIN,H,WAS,-6,0,23:41,3,6,0.5,0,1,0,5,6,0.833,3,6,9,0,0,0,2,1,11,9.1,-13,21.3
Shabazz Muhammad,62,62,2016-03-04,23,MIN,A,MIL,-15,0,27:28,7,15,0.467,1,3,0.333,2,5,0.4,3,2,5,2,0,0,2,1,17,9.8,7,25.8
Shabazz Muhammad,63,63,2016-03-05,23,MIN,H,BRK,14,0,19:05,4,8,0.5,0,0,NA,7,8,0.875,1,1,2,2,1,0,0,2,15,13.2,-3,22.5
Shabazz Muhammad,64,64,2016-03-07,23,MIN,A,CHO,-5,0,17:46,2,6,0.333,1,3,0.333,0,0,NA,0,2,2,1,0,0,1,2,5,1.1,-14,9
Shabazz Muhammad,65,65,2016-03-08,23,MIN,H,SAS,-25,0,21:24,2,5,0.4,0,1,0,7,8,0.875,1,1,2,1,1,0,0,1,11,10.2,0,17
Shabazz Muhammad,66,66,2016-03-11,23,MIN,A,OKC,3,0,15:08,3,9,0.333,0,3,0,0,0,NA,0,3,3,0,0,0,1,1,6,0.4,-12,9.3
Shabazz Muhammad,67,67,2016-03-14,23,MIN,A,PHO,-3,0,23:29,5,13,0.385,0,1,0,0,0,NA,2,2,4,0,1,1,2,1,10,4.2,8,18
Shabazz Muhammad,68,68,2016-03-16,23,MIN,A,MEM,6,0,14:52,1,5,0.2,0,2,0,0,2,0,2,1,3,0,0,0,1,1,2,-1.6,2,5.3
Shabazz Muhammad,69,69,2016-03-18,23,MIN,A,HOU,-5,0,17:46,5,7,0.714,1,1,1,1,2,0.5,1,0,1,2,1,0,0,0,12,11.8,7,18.8
Shabazz Muhammad,70,70,2016-03-21,23,MIN,H,GSW,-5,0,16:18,2,6,0.333,0,1,0,0,0,NA,1,1,2,1,0,0,0,1,4,1.9,-3,8
Shabazz Muhammad,71,71,2016-03-23,23,MIN,H,SAC,9,0,10:38,2,6,0.333,0,1,0,0,0,NA,2,1,3,0,0,0,0,2,4,1.5,-10,7.8
Shabazz Muhammad,72,72,2016-03-25,23,MIN,A,WAS,3,0,14:39,2,4,0.5,0,1,0,2,2,1,1,2,3,1,0,0,2,1,6,3.6,-10,10.3
Shabazz Muhammad,73,73,2016-03-26,23,MIN,H,UTA,-9,0,15:02,4,12,0.333,0,0,NA,0,0,NA,4,3,7,0,0,0,1,1,8,3.5,-10,16.3
Shabazz Muhammad,74,74,2016-03-28,23,MIN,H,PHO,5,0,14:02,5,10,0.5,0,3,0,0,0,NA,2,3,5,0,0,0,0,0,10,7.3,-10,16.3
Shabazz Muhammad,75,75,2016-03-30,23,MIN,H,LAC,-20,0,26:07,5,12,0.417,0,0,NA,1,4,0.25,2,6,8,4,0,0,2,2,11,6.6,-1,26
Shabazz Muhammad,76,76,2016-04-01,23,MIN,A,UTA,-13,0,19:25,4,6,0.667,1,2,0.5,1,2,0.5,0,0,0,1,0,0,1,2,10,5.9,-7,11.5
Shabazz Muhammad,77,77,2016-04-03,23,MIN,H,DAL,-10,0,16:23,0,4,0,0,2,0,1,2,0.5,1,2,3,1,1,0,0,0,1,0.8,-19,8.3
Shabazz Muhammad,78,78,2016-04-05,23,MIN,A,GSW,7,0,38:55,9,12,0.75,2,4,0.5,15,17,0.882,2,4,6,0,0,0,1,0,35,31,29,43
Shabazz Muhammad,79,79,2016-04-07,23,MIN,A,SAC,8,0,16:26,3,10,0.3,0,2,0,4,6,0.667,0,2,2,0,0,0,0,0,10,4,-6,12.5
Shabazz Muhammad,80,80,2016-04-09,23,MIN,A,POR,1,0,17:58,5,13,0.385,1,2,0.5,1,2,0.5,3,0,3,1,0,0,1,2,12,5.5,10,17.3
Shabazz Muhammad,81,81,2016-04-11,23,MIN,H,HOU,-24,0,22:14,9,13,0.692,1,3,0.333,4,7,0.571,0,1,1,2,1,0,1,0,23,18,-5,29.3
Shabazz Muhammad,82,82,2016-04-13,23,MIN,H,NOP,35,0,23:14,12,16,0.75,1,3,0.333,3,3,1,0,0,0,3,1,0,1,1,28,23.3,20,34.5
