James Ennis,59,14,2016-03-30,25,NOP,A,SAS,-8,0,24:06,4,9,0.444,3,4,0.75,2,2,1,3,2,5,4,0,0,1,2,13,12,3,NA
James Ennis,60,15,2016-03-31,25,NOP,H,DEN,6,0,30:00,4,12,0.333,3,5,0.6,0,0,NA,5,1,6,3,0,0,1,1,11,8.7,-3,NA
James Ennis,61,16,2016-04-03,25,NOP,A,BRK,19,0,28:47,4,10,0.4,2,6,0.333,4,6,0.667,0,3,3,2,4,1,0,3,14,13.6,19,31.8
James Ennis,62,17,2016-04-05,25,NOP,A,PHI,-14,0,29:44,3,7,0.429,1,4,0.25,4,6,0.667,0,1,1,2,0,1,4,3,11,3.7,-12,15.8
James Ennis,63,18,2016-04-06,25,NOP,A,BOS,-7,1,28:38,5,6,0.833,2,3,0.667,1,1,1,2,2,4,1,2,0,5,6,13,8.1,-8,22
James Ennis,64,19,2016-04-08,25,NOP,H,LAL,8,1,26:45,2,6,0.333,0,3,0,2,2,1,0,3,3,2,1,0,2,1,6,3.5,9,13.8
James Ennis,65,20,2016-04-09,25,NOP,H,PHO,-21,1,33:50,8,16,0.5,2,6,0.333,0,0,NA,4,2,6,0,3,0,3,3,18,12.2,-3,31
James Ennis,66,21,2016-04-11,25,NOP,H,CHI,-5,1,39:54,9,14,0.643,5,8,0.625,6,7,0.857,2,3,5,4,1,1,1,3,29,27,-9,47.3
James Ennis,67,22,2016-04-13,25,NOP,A,MIN,-35,1,39:50,11,20,0.55,6,11,0.545,0,0,NA,1,1,2,0,1,0,0,4,28,18.8,-16,35.5
Ish Smith,1,1,2015-10-27,27,NOP,A,GSW,-16,0,38:01,7,13,0.538,1,2,0.5,2,4,0.5,1,1,2,9,3,0,2,5,17,16.2,5,38.5
Ish Smith,2,2,2015-10-28,27,NOP,A,POR,-18,0,28:35,3,14,0.214,1,3,0.333,0,2,0,0,4,4,8,2,0,3,5,7,1.4,1,27
Ish Smith,3,3,2015-10-31,27,NOP,H,GSW,-14,0,10:59,2,6,0.333,0,1,0,0,0,NA,1,1,2,3,0,0,3,1,4,0.3,-2,9.5
Ish Smith,4,4,2015-11-03,27,NOP,H,ORL,-9,0,16:36,1,3,0.333,1,1,1,0,0,NA,1,2,3,7,1,0,1,0,3,7.5,-7,19.3
Ish Smith,5,5,2015-11-06,27,NOP,H,ATL,-6,0,34:07,4,11,0.364,0,3,0,0,0,NA,1,3,4,11,2,0,0,2,8,12.4,3,33.5
Ish Smith,6,6,2015-11-07,27,NOP,A,DAL,-9,1,32:43,3,14,0.214,1,3,0.333,0,0,NA,0,7,7,7,2,1,2,2,7,5.3,8,31.8
Ish Smith,7,7,2015-11-10,27,NOP,H,DAL,15,0,27:07,6,11,0.545,0,0,NA,5,5,1,0,3,3,12,1,1,2,2,17,19.9,-6,43.3
Ish Smith,8,8,2015-11-11,27,NOP,A,ATL,-8,1,38:44,8,17,0.471,2,4,0.5,0,0,NA,0,5,5,10,1,0,3,0,18,15.8,-1,42.3
Ish Smith,9,9,2015-11-13,27,NOP,A,TOR,-19,0,23:05,1,9,0.111,0,2,0,4,4,1,2,2,4,4,0,2,3,3,6,2.1,-4,19.5
Ish Smith,10,10,2015-11-15,27,NOP,A,NYK,-8,0,21:54,1,2,0.5,0,0,NA,0,0,NA,1,2,3,5,0,0,3,0,2,2.8,1,11.8
Ish Smith,11,11,2015-11-17,27,NOP,H,DEN,-17,0,37:30,6,9,0.667,1,1,1,0,0,NA,0,3,3,8,1,1,3,1,13,13.9,-6,31.8
Ish Smith,12,12,2015-11-18,27,NOP,A,OKC,-7,1,33:55,8,20,0.4,0,2,0,2,2,1,0,3,3,6,0,0,1,1,18,10.9,0,30.3
Ish Smith,13,13,2015-11-20,27,NOP,H,SAS,14,0,30:54,7,10,0.7,1,2,0.5,2,2,1,0,4,4,13,0,0,2,3,17,19.9,13,42.5
Ish Smith,14,14,2015-11-22,27,NOP,H,PHO,6,0,30:29,6,15,0.4,0,2,0,5,6,0.833,2,7,9,8,3,1,2,2,17,18.5,9,47.3
Ish Smith,15,15,2015-11-25,27,NOP,A,PHO,6,0,35:32,9,16,0.563,2,2,1,0,0,NA,0,5,5,11,1,0,2,4,20,19,-2,46.3
Ish Smith,16,16,2015-11-27,27,NOP,A,LAC,-21,0,37:59,7,20,0.35,0,1,0,1,3,0.333,1,3,4,10,2,0,1,1,15,12.2,-20,40
Ish Smith,17,17,2015-11-28,27,NOP,A,UTA,-14,0,36:32,5,14,0.357,0,2,0,3,5,0.6,1,5,6,6,2,0,2,1,13,10.4,-12,32.5
Ish Smith,18,18,2015-12-01,27,NOP,H,MEM,-9,0,14:14,1,2,0.5,0,0,NA,2,2,1,0,1,1,1,0,0,2,1,4,1.6,-10,5.8
Ish Smith,19,19,2015-12-02,27,NOP,A,HOU,-7,0,13:27,2,3,0.667,0,0,NA,0,0,NA,2,6,8,2,1,0,1,1,4,6.9,-2,18.5
Ish Smith,21,20,2015-12-07,27,NOP,H,BOS,-18,0,15:55,3,4,0.75,0,0,NA,1,2,0.5,0,4,4,4,0,0,3,0,7,6,0,16.5
Ish Smith,22,21,2015-12-11,27,NOP,H,WAS,2,0,15:24,3,5,0.6,0,0,NA,2,2,1,0,3,3,4,0,0,1,1,8,8,11,17.3
Ish Smith,23,22,2015-12-12,27,NOP,A,CHI,-4,0,13:13,1,2,0.5,0,0,NA,0,0,NA,0,3,3,2,1,0,0,0,2,4.3,-4,10.8
Ish Smith,24,23,2015-12-14,27,NOP,A,POR,-4,0,5:26,0,0,NA,0,0,NA,0,0,NA,0,0,0,1,0,0,0,0,0,0.7,-4,1.5
Ish Smith,25,24,2015-12-16,27,NOP,A,UTA,10,0,2:29,0,0,NA,0,0,NA,0,0,NA,1,0,1,0,0,0,1,1,0,-0.7,-1,0.8
Ish Smith,26,25,2015-12-18,27,NOP,A,PHO,-16,0,15:53,4,7,0.571,0,2,0,4,4,1,0,0,0,2,1,0,2,1,12,8.7,0,16
Ish Smith,27,26,2015-12-20,27,NOP,A,DEN,5,0,2:38,0,0,NA,0,0,NA,0,0,NA,0,0,0,0,0,0,0,0,0,0,-2,0
Ish Smith,28,27,2015-12-23,27,NOP,H,POR,26,0,3:46,0,1,0,0,0,NA,0,0,NA,0,1,1,0,0,0,0,0,0,-0.4,1,1.3
Tyreke Evans,18,1,2015-12-01,26,NOP,H,MEM,-9,1,31:18,7,12,0.583,2,5,0.4,4,4,1,2,3,5,10,0,1,1,0,20,23.4,3,45.3
Tyreke Evans,19,2,2015-12-02,26,NOP,A,HOU,-7,1,32:08,2,9,0.222,0,1,0,6,8,0.75,0,6,6,8,1,1,3,1,10,9.4,-9,32
Tyreke Evans,20,3,2015-12-04,26,NOP,H,CLE,6,1,35:13,5,13,0.385,0,2,0,4,5,0.8,1,6,7,10,0,0,4,4,14,10.4,0,37.3
Tyreke Evans,21,4,2015-12-07,26,NOP,H,BOS,-18,1,17:33,0,5,0,0,0,NA,0,0,NA,1,1,2,3,1,0,5,2,0,-5.2,-15,6.5
Tyreke Evans,22,5,2015-12-11,26,NOP,H,WAS,2,1,33:37,10,18,0.556,5,6,0.833,2,4,0.5,0,7,7,4,2,0,3,2,27,20.7,9,46.8
Tyreke Evans,23,6,2015-12-12,26,NOP,A,CHI,-4,1,36:02,10,22,0.455,2,6,0.333,0,0,NA,1,2,3,8,0,0,1,3,22,15.3,-13,38.3
Tyreke Evans,24,7,2015-12-14,26,NOP,A,POR,-4,1,38:23,7,15,0.467,1,2,0.5,4,5,0.8,2,10,12,5,4,1,3,4,19,18.9,1,52
Tyreke Evans,25,8,2015-12-16,26,NOP,A,UTA,10,1,35:23,4,12,0.333,1,4,0.25,2,2,1,1,3,4,5,2,0,3,3,11,7.1,9,26.5
Tyreke Evans,26,9,2015-12-18,26,NOP,A,PHO,-16,1,24:26,4,10,0.4,0,1,0,4,4,1,1,3,4,1,2,1,3,4,12,7,1,23
Tyreke Evans,27,10,2015-12-20,26,NOP,A,DEN,5,1,32:48,7,13,0.538,1,2,0.5,6,8,0.75,1,7,8,10,1,1,2,3,21,22.2,14,51
Tyreke Evans,28,11,2015-12-23,26,NOP,H,POR,26,1,35:21,7,14,0.5,2,6,0.333,8,8,1,1,7,8,9,2,0,3,1,24,24.7,26,51
Tyreke Evans,29,12,2015-12-25,26,NOP,A,MIA,-6,1,35:22,2,9,0.222,0,1,0,2,2,1,0,6,6,7,0,0,5,3,6,1,-1,21.5
Tyreke Evans,30,13,2015-12-26,26,NOP,H,HOU,2,1,40:30,3,13,0.231,1,3,0.333,4,4,1,0,4,4,13,2,1,4,2,11,11.3,10,41.5
Tyreke Evans,31,14,2015-12-28,26,NOP,A,ORL,-15,1,29:53,6,12,0.5,2,2,1,2,2,1,2,2,4,8,0,0,1,3,16,15.4,-19,33.5
Tyreke Evans,32,15,2015-12-31,26,NOP,H,LAC,-6,1,33:45,5,13,0.385,1,7,0.143,3,5,0.6,0,6,6,9,3,0,4,4,14,11.6,-6,39.5
Tyreke Evans,34,16,2016-01-06,26,NOP,H,DAL,-9,1,35:07,6,13,0.462,1,4,0.25,3,4,0.75,0,9,9,5,2,0,2,3,16,13.9,3,38.3
Tyreke Evans,35,17,2016-01-08,26,NOP,H,IND,-5,1,38:19,10,19,0.526,3,5,0.6,4,4,1,0,7,7,5,4,0,4,3,27,22.1,-5,50.8
Tyreke Evans,36,18,2016-01-10,26,NOP,A,LAC,-3,1,40:31,9,19,0.474,2,5,0.4,6,8,0.75,3,4,7,7,1,1,5,5,26,18.4,0,47.8
Tyreke Evans,37,19,2016-01-12,26,NOP,A,LAL,-4,1,34:06,8,17,0.471,3,7,0.429,2,4,0.5,0,5,5,4,1,0,5,4,21,10.2,-2,34.3
Tyreke Evans,38,20,2016-01-13,26,NOP,A,SAC,12,1,6:42,0,3,0,0,2,0,0,0,NA,0,2,2,3,0,0,0,0,0,0.6,5,7
Tyreke Evans,39,21,2016-01-15,26,NOP,H,CHO,2,1,26:47,5,10,0.5,2,3,0.667,0,0,NA,0,2,2,7,1,0,2,3,12,10.3,-4,27
Tyreke Evans,41,22,2016-01-19,26,NOP,H,MIN,15,1,20:55,6,11,0.545,0,2,0,1,1,1,1,2,3,5,0,1,4,2,13,8.4,-2,24.3
Tyreke Evans,42,23,2016-01-21,26,NOP,H,DET,16,1,31:09,8,14,0.571,2,3,0.667,4,4,1,1,3,4,10,2,0,4,3,22,20.8,16,46.5
Tyreke Evans,43,24,2016-01-23,26,NOP,H,MIL,17,1,24:02,3,12,0.25,1,3,0.333,3,4,0.75,1,1,2,6,1,0,2,2,10,5.8,-12,23
Tyreke Evans,44,25,2016-01-25,26,NOP,H,HOU,-1,1,16:00,2,6,0.333,1,3,0.333,0,3,0,1,1,2,2,0,0,0,2,5,2,-23,11
Toney Douglas,1,1,2015-10-31,29,NOP,H,GSW,-14,0,22:49,7,12,0.583,1,1,1,2,3,0.667,1,2,3,4,1,0,3,3,17,11.9,-4,27.8
Toney Douglas,2,2,2015-11-03,29,NOP,H,ORL,-9,0,19:32,4,6,0.667,0,2,0,1,1,1,2,4,6,4,2,0,2,5,9,9.8,-14,25.5
Toney Douglas,3,3,2015-11-06,29,NOP,H,ATL,-6,0,8:00,1,3,0.333,1,2,0.5,0,0,NA,0,0,0,0,0,0,1,0,3,0.3,-2,3
Toney Douglas,4,4,2015-11-07,29,NOP,A,DAL,-9,0,27:38,4,10,0.4,1,3,0.333,2,2,1,0,1,1,3,2,0,0,4,11,8.4,-17,21.3
Toney Douglas,5,5,2015-11-10,29,NOP,H,DAL,15,0,25:21,5,8,0.625,5,7,0.714,2,2,1,0,1,1,2,0,0,2,4,17,11.5,4,22.8
Toney Douglas,6,6,2015-11-11,29,NOP,A,ATL,-8,0,24:17,4,11,0.364,3,7,0.429,1,1,1,0,1,1,4,2,0,3,1,12,7.6,1,23.3
Toney Douglas,7,7,2015-11-13,29,NOP,A,TOR,-19,0,15:29,1,7,0.143,0,0,NA,0,0,NA,0,0,0,1,3,0,0,2,2,0.4,3,9.5
Toney Douglas,8,8,2015-11-15,29,NOP,A,NYK,-8,0,10:46,0,3,0,0,2,0,4,4,1,0,0,0,2,1,0,0,1,4,3.9,-1,9
Toney Douglas,9,9,2015-11-17,29,NOP,H,DEN,-17,0,17:22,3,5,0.6,0,1,0,0,0,NA,1,1,2,1,0,0,1,2,6,3.6,9,9.5
Toney Douglas,10,10,2015-11-18,29,NOP,A,OKC,-7,0,14:29,3,6,0.5,0,2,0,2,2,1,0,0,0,3,0,0,2,2,8,4.3,-8,11.5
Toney Douglas,11,11,2015-11-20,29,NOP,H,SAS,14,0,12:12,0,3,0,0,1,0,0,0,NA,1,3,4,1,0,0,0,0,0,0.2,9,6.5
Toney Douglas,12,12,2015-11-22,29,NOP,H,PHO,6,0,5:16,0,1,0,0,1,0,0,0,NA,0,0,0,0,1,0,1,1,0,-1.1,-4,1.5
Toney Douglas,13,13,2015-11-25,29,NOP,A,PHO,6,0,10:16,1,1,1,1,1,1,4,4,1,0,0,0,0,0,0,0,1,7,6.3,-6,7.5
Toney Douglas,14,14,2015-11-27,29,NOP,A,LAC,-21,0,23:43,4,11,0.364,1,4,0.25,2,2,1,1,0,1,2,2,0,1,4,11,6.4,3,19.3
Toney Douglas,15,15,2015-11-28,29,NOP,A,UTA,-14,0,15:45,3,4,0.75,2,3,0.667,0,0,NA,1,1,2,2,0,0,1,3,8,6.6,-6,14
Toney Douglas,17,16,2015-12-02,29,NOP,A,HOU,-7,0,8:17,1,2,0.5,1,2,0.5,0,0,NA,0,1,1,0,1,0,1,3,3,1.1,1,6.3
Toney Douglas,26,17,2015-12-23,29,NOP,H,POR,26,0,2:34,0,0,NA,0,0,NA,0,0,NA,0,0,0,1,0,0,0,1,0,0.3,0,1.5
Toney Douglas,29,18,2015-12-28,29,NOP,A,ORL,-15,0,2:02,0,1,0,0,0,NA,0,0,NA,0,0,0,2,1,0,0,0,0,1.7,3,5
Toney Douglas,31,19,2016-01-02,29,NOP,A,DAL,7,0,13:50,0,2,0,0,1,0,0,0,NA,0,1,1,4,0,0,0,2,0,0.9,-4,7.3
Toney Douglas,34,20,2016-01-10,29,NOP,A,LAC,-3,0,6:09,1,2,0.5,0,1,0,0,0,NA,0,1,1,0,1,0,0,1,2,1.9,-5,5.3
Toney Douglas,40,21,2016-01-21,29,NOP,H,DET,16,0,10:45,1,3,0.333,0,1,0,0,0,NA,0,0,0,2,3,0,0,2,2,3.9,6,11
Toney Douglas,41,22,2016-01-23,29,NOP,H,MIL,17,0,23:44,5,8,0.625,4,6,0.667,0,1,0,1,0,1,4,3,0,0,0,14,16.5,10,29.3
Toney Douglas,42,23,2016-01-25,29,NOP,H,HOU,-1,0,25:17,6,8,0.75,3,4,0.75,3,4,0.75,0,3,3,6,1,1,0,1,18,20.8,20,36.3
Toney Douglas,43,24,2016-01-28,29,NOP,H,SAC,9,0,9:01,1,3,0.333,0,0,NA,0,0,NA,0,2,2,0,0,0,1,1,2,-0.5,0,4
Toney Douglas,44,25,2016-01-30,29,NOP,H,BRK,2,0,15:18,1,5,0.2,1,3,0.333,0,0,NA,0,0,0,1,1,0,0,0,3,1.6,4,7
Toney Douglas,45,26,2016-02-01,29,NOP,H,MEM,-15,0,11:54,2,6,0.333,2,5,0.4,0,0,NA,0,1,1,1,2,0,0,3,6,4.4,-5,13.8
Toney Douglas,46,27,2016-02-03,29,NOP,A,SAS,-13,0,21:50,1,6,0.167,1,4,0.25,0,0,NA,1,1,2,1,3,0,0,3,3,2.7,-16,13.5
Toney Douglas,47,28,2016-02-04,29,NOP,H,LAL,-3,0,5:45,0,3,0,0,1,0,0,0,NA,0,0,0,1,1,0,0,1,0,-0.8,-8,3.5
Toney Douglas,48,29,2016-02-06,29,NOP,A,CLE,-15,0,13:35,0,3,0,0,1,0,0,0,NA,0,0,0,1,0,0,0,2,0,-2.2,-9,1.5
Toney Douglas,49,30,2016-02-08,29,NOP,A,MIN,14,0,15:40,1,5,0.2,1,4,0.25,1,2,0.5,0,2,2,2,0,0,0,1,4,2.1,-3,10
Toney Douglas,50,31,2016-02-10,29,NOP,H,UTA,4,0,21:45,3,6,0.5,2,3,0.667,0,0,NA,0,1,1,2,2,0,0,1,8,8.3,9,17.3
Toney Douglas,51,32,2016-02-11,29,NOP,A,OKC,-26,0,25:15,4,9,0.444,1,4,0.25,1,2,0.5,0,2,2,1,2,0,0,2,10,7.4,-21,18.5
Toney Douglas,52,33,2016-02-19,29,NOP,H,PHI,7,0,17:52,1,3,0.333,1,3,0.333,0,0,NA,1,0,1,2,1,1,0,3,3,3.9,-3,11.8
Toney Douglas,53,34,2016-02-21,29,NOP,A,DET,5,0,22:38,1,4,0.25,1,3,0.333,0,0,NA,0,2,2,1,2,0,3,1,3,0.5,-1,10
Toney Douglas,54,35,2016-02-23,29,NOP,A,WAS,-20,0,25:31,2,8,0.25,1,4,0.25,6,7,0.857,0,4,4,1,2,0,0,3,11,8.5,-8,22
Toney Douglas,55,36,2016-02-25,29,NOP,H,OKC,4,0,14:25,5,7,0.714,2,3,0.667,0,0,NA,1,3,4,2,1,0,0,1,12,12.7,6,23
Toney Douglas,56,37,2016-02-27,29,NOP,H,MIN,-2,0,10:26,2,3,0.667,0,0,NA,0,0,NA,0,2,2,1,1,0,1,2,4,3.2,1,9.5
Toney Douglas,57,38,2016-03-02,29,NOP,A,HOU,-5,0,7:50,0,2,0,0,2,0,0,0,NA,0,2,2,0,0,0,1,2,0,-2.6,-2,2
Toney Douglas,58,39,2016-03-03,29,NOP,H,SAS,-8,0,9:43,1,3,0.333,0,1,0,0,0,NA,0,0,0,0,0,0,0,1,2,-0.1,-9,2
Toney Douglas,59,40,2016-03-05,29,NOP,H,UTA,-12,0,18:56,3,8,0.375,3,4,0.75,0,0,NA,0,1,1,0,0,0,0,3,9,3.7,-15,11.8
Toney Douglas,60,41,2016-03-07,29,NOP,H,SAC,3,0,20:37,2,9,0.222,2,6,0.333,0,0,NA,0,2,2,3,1,1,3,1,6,1.5,5,16.5
Toney Douglas,61,42,2016-03-09,29,NOP,A,CHO,-9,0,37:29,5,13,0.385,3,7,0.429,1,1,1,1,0,1,5,0,1,2,5,14,7.8,6,25.3
Toney Douglas,62,43,2016-03-11,29,NOP,A,MEM,-7,1,41:44,5,15,0.333,1,7,0.143,1,4,0.25,1,6,7,6,2,0,2,6,12,6.6,1,33.3
Toney Douglas,63,44,2016-03-12,29,NOP,A,MIL,-11,1,19:11,2,4,0.5,1,2,0.5,0,0,NA,0,6,6,4,2,0,3,2,5,5.8,-13,21.5
Toney Douglas,64,45,2016-03-14,29,NOP,A,GSW,-18,1,37:34,6,14,0.429,4,10,0.4,6,6,1,1,4,5,8,3,0,4,3,22,19.9,-3,46.3
Toney Douglas,65,46,2016-03-16,30,NOP,A,SAC,15,1,21:28,4,7,0.571,3,4,0.75,0,0,NA,1,2,3,3,1,1,0,3,11,11.6,11,24.8
Toney Douglas,66,47,2016-03-18,30,NOP,H,POR,-5,1,31:02,4,10,0.4,2,3,0.667,2,4,0.5,0,1,1,6,2,0,0,4,12,10.7,-16,27.3
Toney Douglas,67,48,2016-03-20,30,NOP,H,LAC,4,1,36:52,5,12,0.417,1,6,0.167,4,6,0.667,0,7,7,9,1,0,4,3,15,12,8,37.8
Toney Douglas,68,49,2016-03-22,30,NOP,H,MIA,-14,1,31:18,4,16,0.25,1,3,0.333,5,6,0.833,1,8,9,1,1,0,2,4,14,5.2,-4,28.3
Toney Douglas,69,50,2016-03-24,30,NOP,A,IND,-8,1,28:43,5,13,0.385,1,5,0.2,2,2,1,1,4,5,3,3,0,1,4,13,10.3,-8,29.8
Toney Douglas,70,51,2016-03-26,30,NOP,H,TOR,-24,1,21:34,4,14,0.286,2,5,0.4,1,1,1,0,1,1,2,1,0,1,3,11,3.3,-21,17.8
Toney Douglas,71,52,2016-03-28,30,NOP,H,NYK,8,0,24:42,4,10,0.4,2,3,0.667,6,6,1,1,4,5,2,0,0,3,2,16,10.1,22,24.8
Toney Douglas,72,53,2016-03-30,30,NOP,A,SAS,-8,1,27:31,4,9,0.444,4,5,0.8,0,0,NA,0,2,2,5,1,0,1,1,12,11,-10,25.5
Toney Douglas,73,54,2016-03-31,30,NOP,H,DEN,6,1,36:22,7,12,0.583,3,7,0.429,3,3,1,1,2,3,10,0,0,2,2,20,19.9,13,40.8
Toney Douglas,74,55,2016-04-03,30,NOP,A,BRK,19,1,26:48,1,6,0.167,0,2,0,0,0,NA,0,4,4,4,1,0,2,0,2,1.2,1,14
Toney Douglas,75,56,2016-04-05,30,NOP,A,PHI,-14,1,36:46,3,12,0.25,1,4,0.25,0,0,NA,2,5,7,1,1,0,2,2,7,1.6,-16,18.8
Toney Douglas,76,57,2016-04-06,30,NOP,A,BOS,-7,1,30:18,7,13,0.538,2,6,0.333,3,3,1,0,7,7,3,1,0,3,4,19,13.3,-5,33.8
Toney Douglas,77,58,2016-04-08,30,NOP,H,LAL,8,1,33:21,7,15,0.467,1,4,0.25,5,6,0.833,1,5,6,4,1,0,1,4,20,15.3,6,35.5
Toney Douglas,78,59,2016-04-09,30,NOP,H,PHO,-21,1,30:32,8,14,0.571,3,6,0.5,4,4,1,0,2,2,5,1,0,1,2,23,19.7,-23,36
Toney Douglas,79,60,2016-04-11,30,NOP,H,CHI,-5,1,33:06,8,13,0.615,3,6,0.5,2,2,1,0,2,2,3,1,0,0,1,21,18.4,9,31.5
Toney Douglas,80,61,2016-04-13,30,NOP,A,MIN,-35,1,42:22,6,13,0.462,2,5,0.4,8,8,1,3,1,4,5,4,0,3,2,22,21.4,-21,42
Norris Cole,18,1,2015-12-01,27,NOP,H,MEM,-9,0,22:43,3,12,0.25,2,7,0.286,3,6,0.5,0,2,2,2,0,0,0,4,11,3,-10,17.5
Norris Cole,19,2,2015-12-02,27,NOP,A,HOU,-7,0,24:17,2,10,0.2,0,5,0,1,1,1,0,3,3,3,0,0,3,4,5,-2.8,-2,11.8
Norris Cole,20,3,2015-12-04,27,NOP,H,CLE,6,0,15:40,2,7,0.286,0,1,0,0,0,NA,0,0,0,2,0,0,0,1,4,0.9,3,7
Norris Cole,21,4,2015-12-07,27,NOP,H,BOS,-18,0,28:32,4,15,0.267,0,4,0,0,0,NA,1,1,2,1,2,1,3,4,8,-1.1,-3,16.5
Norris Cole,22,5,2015-12-11,27,NOP,H,WAS,2,0,20:51,2,5,0.4,0,2,0,1,2,0.5,0,1,1,2,0,0,1,3,5,1.4,-6,8.8
Norris Cole,23,6,2015-12-12,27,NOP,A,CHI,-4,0,20:40,5,9,0.556,0,0,NA,0,0,NA,0,6,6,6,0,0,1,0,10,10.7,-2,26
Norris Cole,24,7,2015-12-14,27,NOP,A,POR,-4,0,15:22,2,6,0.333,2,3,0.667,0,0,NA,0,2,2,2,0,0,0,1,6,4.2,-4,12.5
Norris Cole,25,8,2015-12-16,27,NOP,A,UTA,10,0,17:57,3,7,0.429,1,2,0.5,0,0,NA,0,3,3,1,1,0,2,2,7,3.1,3,13.8
Norris Cole,26,9,2015-12-18,27,NOP,A,PHO,-16,0,24:02,2,6,0.333,0,3,0,0,0,NA,0,2,2,1,0,0,2,1,4,-0.5,-11,7
Norris Cole,27,10,2015-12-20,27,NOP,A,DEN,5,0,20:16,3,6,0.5,0,0,NA,4,4,1,0,0,0,1,0,0,0,2,10,6.9,-11,11.5
Norris Cole,28,11,2015-12-23,27,NOP,H,POR,26,0,18:45,2,7,0.286,0,2,0,2,4,0.5,0,5,5,1,1,1,1,4,6,2.4,8,17.3
Norris Cole,29,12,2015-12-25,27,NOP,A,MIA,-6,0,31:02,4,10,0.4,0,2,0,0,0,NA,1,2,3,1,3,0,1,3,8,5.4,-2,18.8
Norris Cole,30,13,2015-12-26,27,NOP,H,HOU,2,0,16:07,2,6,0.333,1,2,0.5,0,0,NA,0,1,1,0,1,0,1,2,5,1.1,-5,8.3
Norris Cole,31,14,2015-12-28,27,NOP,A,ORL,-15,0,30:00,8,14,0.571,1,2,0.5,0,0,NA,1,7,8,3,1,0,4,1,17,11.9,-6,32
Norris Cole,32,15,2015-12-31,27,NOP,H,LAC,-6,0,34:29,6,13,0.462,2,4,0.5,1,2,0.5,1,4,5,4,1,0,2,1,15,11.2,-6,29.3
Norris Cole,33,16,2016-01-02,27,NOP,A,DAL,7,1,38:00,7,16,0.438,0,2,0,2,2,1,1,11,12,4,4,0,5,4,16,11.8,7,44
Norris Cole,34,17,2016-01-06,27,NOP,H,DAL,-9,0,27:35,1,6,0.167,0,1,0,2,2,1,1,3,4,0,0,0,0,3,4,0.6,-18,9
Norris Cole,35,18,2016-01-08,27,NOP,H,IND,-5,0,22:47,1,9,0.111,0,2,0,2,2,1,0,1,1,1,2,0,0,3,4,-0.1,-6,10.8
Norris Cole,36,19,2016-01-10,27,NOP,A,LAC,-3,0,14:47,3,8,0.375,0,2,0,0,0,NA,0,2,2,1,0,0,1,2,6,1.1,-2,9.5
Norris Cole,37,20,2016-01-12,27,NOP,A,LAL,-4,0,32:24,5,13,0.385,1,1,1,0,0,NA,0,3,3,4,0,1,0,3,11,7.1,-9,23.3
Norris Cole,38,21,2016-01-13,27,NOP,A,SAC,12,0,26:29,8,16,0.5,2,4,0.5,0,0,NA,0,2,2,2,0,0,1,0,18,11,-14,24
Norris Cole,39,22,2016-01-15,27,NOP,H,CHO,2,0,16:20,1,4,0.25,0,1,0,0,0,NA,0,1,1,4,1,1,0,0,2,4.4,5,13.3
Norris Cole,40,23,2016-01-18,27,NOP,A,MEM,-2,1,30:24,5,12,0.417,0,3,0,0,0,NA,0,1,1,4,2,0,4,0,10,4.7,-2,19.3
Norris Cole,41,24,2016-01-19,27,NOP,H,MIN,15,0,23:02,3,6,0.5,0,1,0,1,1,1,0,5,5,2,0,0,2,2,7,4.1,20,15.3
Norris Cole,42,25,2016-01-21,27,NOP,H,DET,16,1,31:07,5,11,0.455,0,0,NA,2,2,1,0,8,8,7,0,0,1,4,12,11,7,32
Norris Cole,43,26,2016-01-23,27,NOP,H,MIL,17,1,26:56,4,10,0.4,3,5,0.6,0,0,NA,0,3,3,3,1,0,1,2,11,7.8,7,22.3
Norris Cole,44,27,2016-01-25,27,NOP,H,HOU,-1,1,34:30,4,11,0.364,2,4,0.5,0,2,0,0,4,4,4,0,0,3,2,10,3.3,-6,20.5
Norris Cole,45,28,2016-01-28,27,NOP,H,SAC,9,1,37:48,8,19,0.421,1,3,0.333,0,0,NA,0,7,7,10,1,0,3,2,17,13.2,11,43.3
Norris Cole,46,29,2016-01-30,27,NOP,H,BRK,2,1,30:10,6,14,0.429,0,2,0,0,0,NA,0,2,2,5,0,0,3,3,12,4.5,-6,20.5
Norris Cole,47,30,2016-02-01,27,NOP,H,MEM,-15,1,37:30,9,15,0.6,3,3,1,2,2,1,1,2,3,6,1,0,1,3,23,20.4,-9,38.8
Norris Cole,48,31,2016-02-03,27,NOP,A,SAS,-13,1,33:55,7,17,0.412,0,1,0,0,0,NA,0,4,4,9,1,0,2,3,14,10.2,-8,33.5
Norris Cole,49,32,2016-02-04,27,NOP,H,LAL,-3,1,13:01,1,10,0.1,0,1,0,0,0,NA,0,0,0,2,2,0,1,3,2,-3.4,-15,8.5
Norris Cole,50,33,2016-02-06,27,NOP,A,CLE,-15,1,34:25,10,19,0.526,2,4,0.5,4,4,1,0,2,2,5,1,0,5,2,26,16,-6,36.5
Norris Cole,51,34,2016-02-08,27,NOP,A,MIN,14,1,31:40,4,9,0.444,0,1,0,2,2,1,0,3,3,6,0,0,1,3,10,8.2,8,22.3
Norris Cole,52,35,2016-02-10,27,NOP,H,UTA,4,1,23:37,4,10,0.4,1,1,1,2,2,1,0,2,2,4,2,0,2,0,11,9,-7,23
Norris Cole,53,36,2016-02-11,27,NOP,A,OKC,-26,1,27:21,5,13,0.385,1,3,0.333,4,4,1,0,5,5,6,0,0,1,1,15,12.2,-10,30.3
Norris Cole,54,37,2016-02-19,27,NOP,H,PHI,7,1,27:24,5,8,0.625,0,0,NA,2,4,0.5,0,3,3,4,0,0,3,4,12,6.7,4,20.3
Norris Cole,55,38,2016-02-21,27,NOP,A,DET,5,1,21:03,2,5,0.4,0,1,0,1,2,0.5,0,2,2,3,0,0,3,3,5,0.4,2,10.5
Norris Cole,56,39,2016-02-23,27,NOP,A,WAS,-20,1,17:53,3,10,0.3,1,2,0.5,2,2,1,0,2,2,2,1,0,0,1,9,5.8,-14,17
Norris Cole,57,40,2016-02-25,27,NOP,H,OKC,4,1,34:46,7,14,0.5,2,3,0.667,5,5,1,1,5,6,8,0,0,4,4,21,16.2,-3,39.5
Norris Cole,58,41,2016-02-27,27,NOP,H,MIN,-2,1,29:07,3,9,0.333,1,2,0.5,0,0,NA,1,4,5,7,1,0,1,3,7,7.5,-1,25.8
Norris Cole,59,42,2016-03-02,27,NOP,A,HOU,-5,1,35:59,9,16,0.563,2,3,0.667,1,1,1,0,4,4,8,1,1,1,0,21,20.9,-2,42.5
Norris Cole,60,43,2016-03-03,27,NOP,H,SAS,-8,1,29:19,5,13,0.385,1,3,0.333,0,0,NA,0,3,3,5,2,0,3,2,11,6.5,15,25.3
Norris Cole,61,44,2016-03-05,27,NOP,H,UTA,-12,1,28:33,3,9,0.333,0,0,NA,0,0,NA,0,2,2,5,1,0,1,4,6,3.4,-3,17.5
Norris Cole,62,45,2016-03-07,27,NOP,H,SAC,3,1,39:44,8,19,0.421,1,4,0.25,6,7,0.857,1,6,7,6,3,0,1,3,23,20,5,46.8
Anthony Davis,1,1,2015-10-27,22,NOP,A,GSW,-16,1,34:31,4,20,0.2,0,2,0,10,15,0.667,1,5,6,2,0,3,5,4,18,2.7,-16,32
Anthony Davis,2,2,2015-10-28,22,NOP,A,POR,-18,1,40:39,10,17,0.588,3,5,0.6,2,4,0.5,2,8,10,0,2,2,2,1,25,21.1,-8,47.5
Anthony Davis,3,3,2015-10-31,22,NOP,H,GSW,-14,1,37:11,8,17,0.471,1,2,0.5,9,11,0.818,5,10,15,4,0,2,3,2,26,23.4,-19,55.3
Anthony Davis,4,4,2015-11-03,22,NOP,H,ORL,-9,1,36:16,3,12,0.25,0,2,0,8,10,0.8,1,8,9,1,1,5,2,2,14,11.5,-2,37.8
Anthony Davis,5,5,2015-11-06,22,NOP,H,ATL,-6,1,41:23,14,23,0.609,1,1,1,14,16,0.875,2,8,10,3,4,3,1,5,43,40.7,-1,75.5
Anthony Davis,6,6,2015-11-07,22,NOP,A,DAL,-9,1,39:20,11,19,0.579,0,2,0,3,5,0.6,1,5,6,4,1,2,4,5,25,16.7,-7,42.5
Anthony Davis,7,7,2015-11-10,22,NOP,H,DAL,15,1,18:50,8,14,0.571,0,1,0,1,4,0.25,0,7,7,2,1,1,1,2,17,12.6,17,32.3
Anthony Davis,10,8,2015-11-15,22,NOP,A,NYK,-8,1,40:23,14,26,0.538,2,4,0.5,6,7,0.857,1,10,11,1,1,4,4,4,36,25.6,-9,61.8
Anthony Davis,11,9,2015-11-17,22,NOP,H,DEN,-17,1,6:21,0,3,0,0,0,NA,0,0,NA,0,2,2,1,0,0,0,0,0,-0.8,-2,4
Anthony Davis,13,10,2015-11-20,22,NOP,H,SAS,14,1,39:12,9,23,0.391,0,1,0,2,2,1,2,16,18,3,0,2,1,2,20,15.4,15,52
Anthony Davis,14,11,2015-11-22,22,NOP,H,PHO,6,1,39:03,11,22,0.5,1,2,0.5,9,11,0.818,6,13,19,1,2,4,3,4,32,29.2,16,69.8
Anthony Davis,15,12,2015-11-25,22,NOP,A,PHO,6,1,39:03,11,14,0.786,0,0,NA,4,6,0.667,2,15,17,0,2,2,4,3,26,23.9,7,54.8
Anthony Davis,16,13,2015-11-27,22,NOP,A,LAC,-21,1,28:11,7,16,0.438,0,1,0,3,4,0.75,2,4,6,0,0,0,3,3,17,6.6,-26,23
Anthony Davis,17,14,2015-11-28,22,NOP,A,UTA,-14,1,44:20,12,18,0.667,0,2,0,12,15,0.8,1,10,11,1,2,3,2,4,36,31.9,1,61.8
Anthony Davis,18,15,2015-12-01,22,NOP,H,MEM,-9,1,41:06,4,15,0.267,1,1,1,8,13,0.615,3,11,14,2,2,9,1,1,17,19.8,-1,61
Anthony Davis,19,16,2015-12-02,22,NOP,A,HOU,-7,1,34:49,9,20,0.45,1,2,0.5,10,11,0.909,2,11,13,1,2,2,2,2,29,24.2,-11,55.8
Anthony Davis,20,17,2015-12-04,22,NOP,H,CLE,6,1,46:16,13,22,0.591,2,4,0.5,3,6,0.5,1,11,12,1,4,1,1,2,31,27.2,7,59.5
Anthony Davis,21,18,2015-12-07,22,NOP,H,BOS,-18,1,30:19,8,21,0.381,0,2,0,0,0,NA,2,4,6,0,2,3,0,3,16,10,-24,33.5
Anthony Davis,22,19,2015-12-11,22,NOP,H,WAS,2,1,39:20,8,15,0.533,1,3,0.333,1,2,0.5,4,7,11,2,1,0,2,1,18,15.2,13,37.8
Anthony Davis,23,20,2015-12-12,22,NOP,A,CHI,-4,1,41:36,8,24,0.333,0,2,0,6,9,0.667,0,13,13,2,1,4,4,1,22,11.9,8,50.8
Anthony Davis,24,21,2015-12-14,22,NOP,A,POR,-4,1,42:10,11,19,0.579,0,2,0,6,9,0.667,2,8,10,1,0,5,2,2,28,23.1,-7,52.5
Anthony Davis,25,22,2015-12-16,22,NOP,A,UTA,10,1,38:08,7,15,0.467,0,1,0,3,3,1,2,11,13,0,0,1,0,3,17,13.5,8,36.8
Anthony Davis,26,23,2015-12-18,22,NOP,A,PHO,-16,1,41:48,5,12,0.417,0,0,NA,6,6,1,3,9,12,2,2,3,4,3,16,14.7,-18,43.5
Anthony Davis,27,24,2015-12-20,22,NOP,A,DEN,5,1,19:43,9,12,0.75,0,0,NA,9,9,1,0,6,6,1,0,4,1,1,27,26.1,11,43.5
Anthony Davis,28,25,2015-12-23,22,NOP,H,POR,26,1,35:43,12,21,0.571,0,1,0,4,5,0.8,3,9,12,1,1,3,2,1,28,23.9,21,53
Anthony Davis,29,26,2015-12-25,22,NOP,A,MIA,-6,1,50:11,13,29,0.448,1,2,0.5,2,3,0.667,3,12,15,4,4,3,4,2,29,23.3,-11,67.8
Anthony Davis,30,27,2015-12-26,22,NOP,H,HOU,2,1,37:49,8,16,0.5,1,2,0.5,7,8,0.875,2,11,13,2,0,3,4,3,24,18.6,7,49.3
Anthony Davis,31,28,2015-12-28,22,NOP,A,ORL,-15,1,28:08,9,16,0.563,0,2,0,2,5,0.4,2,6,8,1,2,1,2,1,20,15.4,-12,36.5
Anthony Davis,32,29,2015-12-31,22,NOP,H,LAC,-6,1,38:13,7,17,0.412,0,2,0,0,2,0,2,13,15,1,0,2,1,3,14,9.3,-10,39.3
Anthony Davis,33,30,2016-01-02,22,NOP,A,DAL,7,1,42:50,13,22,0.591,0,0,NA,5,6,0.833,4,10,14,0,1,1,4,2,31,23.1,7,52
Anthony Davis,34,31,2016-01-06,22,NOP,H,DAL,-9,1,42:24,11,25,0.44,0,3,0,4,5,0.8,5,6,11,7,2,3,3,3,26,22.6,-3,60.3
Anthony Davis,35,32,2016-01-08,22,NOP,H,IND,-5,1,3:21,1,2,0.5,0,0,NA,0,0,NA,0,1,1,1,0,0,1,0,2,1,-1,4.3
Anthony Davis,38,33,2016-01-13,22,NOP,A,SAC,12,1,37:08,8,23,0.348,1,2,0.5,7,8,0.875,3,7,10,3,2,0,0,2,24,18.2,2,47
Anthony Davis,39,34,2016-01-15,22,NOP,H,CHO,2,1,35:28,8,14,0.571,0,2,0,6,7,0.857,1,4,5,4,1,2,1,3,22,19.9,-5,39.8
Anthony Davis,40,35,2016-01-18,22,NOP,A,MEM,-2,1,36:44,6,12,0.5,0,2,0,9,11,0.818,0,8,8,2,3,3,3,3,21,18.9,-4,44.5
Anthony Davis,41,36,2016-01-19,22,NOP,H,MIN,15,1,37:17,13,22,0.591,1,2,0.5,8,10,0.8,3,4,7,0,0,2,0,5,35,26.7,8,48.3
Anthony Davis,42,37,2016-01-21,22,NOP,H,DET,16,1,35:50,13,23,0.565,1,2,0.5,5,5,1,3,4,7,2,1,2,2,4,32,24.6,15,49.3
Anthony Davis,43,38,2016-01-23,22,NOP,H,MIL,17,1,36:14,8,17,0.471,1,2,0.5,5,7,0.714,1,6,7,5,1,4,1,1,22,20.9,9,48.3
Anthony Davis,44,39,2016-01-25,22,NOP,H,HOU,-1,1,18:58,4,9,0.444,0,0,NA,1,1,1,2,4,6,1,2,0,4,1,9,5.2,-4,20
Anthony Davis,46,40,2016-01-30,22,NOP,H,BRK,2,1,40:19,9,22,0.409,1,2,0.5,1,2,0.5,6,10,16,3,0,2,1,2,20,16.7,-3,50
Anthony Davis,47,41,2016-02-01,22,NOP,H,MEM,-15,1,37:12,10,20,0.5,1,2,0.5,2,3,0.667,3,6,9,3,1,1,1,1,23,18.9,-28,42.8
Anthony Davis,48,42,2016-02-03,22,NOP,A,SAS,-13,1,37:13,11,22,0.5,0,1,0,6,7,0.857,3,7,10,4,4,4,4,1,28,26,-12,62
Anthony Davis,49,43,2016-02-04,22,NOP,H,LAL,-3,1,38:32,16,25,0.64,0,2,0,7,12,0.583,2,9,11,0,1,1,1,3,39,29.5,4,57.8
Anthony Davis,50,44,2016-02-06,22,NOP,A,CLE,-15,1,40:08,11,20,0.55,0,0,NA,2,4,0.5,4,7,11,0,0,2,2,3,24,16.7,-9,42.3
Anthony Davis,51,45,2016-02-08,22,NOP,A,MIN,14,1,31:12,12,20,0.6,1,2,0.5,2,6,0.333,0,8,8,1,2,0,0,2,27,20.5,15,43
Anthony Davis,52,46,2016-02-10,22,NOP,H,UTA,4,1,34:03,7,15,0.467,1,1,1,4,6,0.667,2,2,4,5,0,1,0,5,19,14.7,-10,34
Anthony Davis,53,47,2016-02-11,22,NOP,A,OKC,-26,1,30:53,8,14,0.571,0,1,0,7,12,0.583,0,3,3,2,2,0,1,3,23,16.5,-13,33.3
Anthony Davis,54,48,2016-02-19,22,NOP,H,PHI,7,1,38:22,9,22,0.409,0,2,0,16,20,0.8,2,5,7,1,2,2,2,3,34,24.4,-2,51.3
Anthony Davis,55,49,2016-02-21,22,NOP,A,DET,5,1,43:21,24,34,0.706,2,2,1,9,10,0.9,6,14,20,4,0,1,2,1,59,53.9,17,93.5
Anthony Davis,56,50,2016-02-23,22,NOP,A,WAS,-20,1,37:23,3,9,0.333,0,1,0,3,4,0.75,3,17,20,3,2,1,3,1,9,12.1,-20,43
Anthony Davis,57,51,2016-02-25,22,NOP,H,OKC,4,1,38:06,11,26,0.423,2,3,0.667,6,7,0.857,1,5,6,2,1,4,2,2,30,20.4,1,50.5
Anthony Davis,59,52,2016-03-02,22,NOP,A,HOU,-5,1,39:10,5,13,0.385,1,2,0.5,1,2,0.5,1,7,8,3,2,1,1,4,12,9.5,-15,32.5
Anthony Davis,60,53,2016-03-03,22,NOP,H,SAS,-8,1,35:07,7,12,0.583,0,1,0,3,3,1,1,12,13,1,2,2,2,1,17,17.4,-3,43.3
Anthony Davis,61,54,2016-03-05,22,NOP,H,UTA,-12,1,35:23,11,31,0.355,1,2,0.5,6,7,0.857,2,9,11,2,1,2,1,4,29,16.6,-5,53.3
Anthony Davis,62,55,2016-03-07,22,NOP,H,SAC,3,1,37:49,13,21,0.619,1,3,0.333,4,9,0.444,1,9,10,1,3,1,5,5,31,20.3,-8,52.5
Anthony Davis,63,56,2016-03-09,22,NOP,A,CHO,-9,1,39:19,14,26,0.538,2,7,0.286,10,12,0.833,1,12,13,5,0,1,2,2,40,32.3,-7,67.3
Anthony Davis,64,57,2016-03-11,23,NOP,A,MEM,-7,1,46:30,9,17,0.529,0,1,0,7,9,0.778,2,11,13,2,1,1,3,3,25,19.5,-10,48.3
Anthony Davis,65,58,2016-03-12,23,NOP,A,MIL,-11,1,33:37,8,22,0.364,2,3,0.667,11,12,0.917,2,9,11,2,2,0,1,1,29,22.5,-24,51.8
Anthony Davis,66,59,2016-03-14,23,NOP,A,GSW,-18,1,29:07,6,20,0.3,0,0,NA,10,11,0.909,5,7,12,1,1,2,2,3,22,15.5,-30,45
Anthony Davis,67,60,2016-03-16,23,NOP,A,SAC,15,1,31:09,10,20,0.5,1,3,0.333,6,8,0.75,3,11,14,2,1,2,1,2,27,23.6,2,55
Anthony Davis,68,61,2016-03-18,23,NOP,H,POR,-5,1,14:07,8,18,0.444,0,1,0,3,3,1,1,0,1,0,0,0,0,2,19,9.5,-11,20.3
Tim Frazier,55,36,2016-03-16,25,NOP,A,SAC,15,0,26:32,6,10,0.6,0,2,0,2,2,1,0,3,3,9,1,0,0,2,14,16.8,4,NA
Tim Frazier,56,37,2016-03-18,25,NOP,H,POR,-5,0,26:40,4,6,0.667,1,1,1,4,5,0.8,0,3,3,4,0,0,4,2,13,8.9,1,21.3
Tim Frazier,57,38,2016-03-20,25,NOP,H,LAC,4,0,20:03,5,8,0.625,1,1,1,6,7,0.857,2,5,7,2,4,0,5,5,17,14.3,-1,34.8
Tim Frazier,58,39,2016-03-22,25,NOP,H,MIA,-14,0,28:18,3,10,0.3,1,2,0.5,4,4,1,0,2,2,4,0,0,1,2,11,6.8,-7,19.5
Tim Frazier,59,40,2016-03-24,25,NOP,A,IND,-8,0,28:40,7,11,0.636,1,1,1,3,3,1,2,3,5,5,0,0,6,2,18,12.1,-5,29.3
Tim Frazier,60,41,2016-03-26,25,NOP,H,TOR,-24,0,28:42,5,9,0.556,0,1,0,2,2,1,1,2,3,6,0,0,2,1,12,10.8,-9,23.8
Tim Frazier,61,42,2016-03-28,25,NOP,H,NYK,8,0,22:49,1,7,0.143,0,1,0,2,6,0.333,0,6,6,2,2,0,1,1,4,1.7,-2,18
Tim Frazier,62,43,2016-03-30,25,NOP,A,SAS,-8,0,24:55,4,8,0.5,0,0,NA,3,4,0.75,1,2,3,7,2,0,3,2,11,11,3,27.8
Tim Frazier,63,44,2016-03-31,25,NOP,H,DEN,6,0,29:18,6,12,0.5,3,5,0.6,2,2,1,1,4,5,8,0,0,2,3,17,15.3,6,35.8
Tim Frazier,64,45,2016-04-03,25,NOP,A,BRK,19,0,37:21,7,11,0.636,2,3,0.667,3,4,0.75,0,2,2,13,3,0,0,3,19,25.2,30,49.5
Tim Frazier,65,46,2016-04-05,25,NOP,A,PHI,-14,1,35:36,4,12,0.333,0,2,0,4,4,1,3,3,6,9,3,0,1,2,12,15.7,5,38.5
Tim Frazier,66,47,2016-04-06,25,NOP,A,BOS,-7,0,33:50,7,14,0.5,1,2,0.5,3,3,1,0,5,5,6,2,1,4,3,18,14.2,-2,37.8
Tim Frazier,67,48,2016-04-08,25,NOP,H,LAL,8,0,26:23,3,7,0.429,1,2,0.5,0,2,0,0,3,3,12,1,0,3,3,7,8.6,2,29.8
Tim Frazier,68,49,2016-04-09,25,NOP,H,PHO,-21,0,31:20,5,14,0.357,1,3,0.333,0,2,0,3,5,8,7,1,0,1,2,11,10.1,-5,33.5
Tim Frazier,69,50,2016-04-11,25,NOP,H,CHI,-5,0,32:58,6,15,0.4,1,3,0.333,7,9,0.778,1,5,6,11,3,0,2,5,20,20,-8,51
Tim Frazier,70,51,2016-04-13,25,NOP,A,MIN,-35,0,35:59,3,15,0.2,0,2,0,0,0,NA,1,3,4,15,1,0,3,4,6,5.2,-21,34
Orlando Johnson,4,3,2016-03-09,26,NOP,A,CHO,-9,1,20:33,2,7,0.286,0,3,0,1,2,0.5,0,3,3,0,0,0,2,1,5,-1,-20,NA
Orlando Johnson,5,4,2016-03-11,27,NOP,A,MEM,-7,0,4:47,0,4,0,0,0,NA,0,0,NA,0,1,1,0,0,0,0,1,0,-2.9,-5,1.3
Orlando Johnson,6,5,2016-03-12,27,NOP,A,MIL,-11,0,5:10,0,1,0,0,0,NA,0,0,NA,0,0,0,1,0,0,0,0,0,0,0,1.5
Orlando Johnson,7,6,2016-03-14,27,NOP,A,GSW,-18,0,22:19,2,5,0.4,1,2,0.5,0,0,NA,1,0,1,1,1,0,0,1,5,4.3,-7,10.3
Orlando Johnson,8,7,2016-03-16,27,NOP,A,SAC,15,0,1:31,0,0,NA,0,0,NA,0,0,NA,0,1,1,0,0,0,1,1,0,-1.1,-3,0.8
Luke Babbitt,3,1,2015-10-31,26,NOP,H,GSW,-14,0,30:29,2,6,0.333,0,4,0,0,0,NA,0,6,6,1,0,0,1,2,4,1.3,-8,12.5
Luke Babbitt,4,2,2015-11-03,26,NOP,H,ORL,-9,1,28:10,3,8,0.375,2,6,0.333,0,0,NA,0,8,8,1,1,0,0,1,8,7.3,-11,22.5
Luke Babbitt,5,3,2015-11-06,26,NOP,H,ATL,-6,1,29:17,5,10,0.5,1,6,0.167,2,2,1,0,4,4,1,0,0,1,5,13,6.9,-2,19.5
Luke Babbitt,6,4,2015-11-07,26,NOP,A,DAL,-9,1,19:10,1,3,0.333,1,2,0.5,0,0,NA,0,2,2,1,0,1,0,5,3,1.3,-8,9.5
Luke Babbitt,7,5,2015-11-10,26,NOP,H,DAL,15,1,24:08,1,3,0.333,1,3,0.333,0,0,NA,0,7,7,1,0,0,1,3,3,1.9,17,13.3
Luke Babbitt,8,6,2015-11-11,26,NOP,A,ATL,-8,1,29:39,2,8,0.25,2,5,0.4,1,2,0.5,0,3,3,2,0,0,1,2,7,2.3,-6,14.3
Luke Babbitt,9,7,2015-11-13,26,NOP,A,TOR,-19,0,17:09,1,2,0.5,0,0,NA,2,3,0.667,1,1,2,0,0,0,0,4,4,2,5,6.5
Luke Babbitt,10,8,2015-11-15,26,NOP,A,NYK,-8,0,7:20,1,2,0.5,1,2,0.5,0,0,NA,0,1,1,1,0,1,0,0,3,3.7,-3,8.3
Luke Babbitt,11,9,2015-11-17,26,NOP,H,DEN,-17,0,25:44,4,7,0.571,3,4,0.75,0,0,NA,0,7,7,0,0,0,0,2,11,9,-2,21.3
Luke Babbitt,12,10,2015-11-18,26,NOP,A,OKC,-7,0,26:34,2,5,0.4,1,4,0.25,0,0,NA,2,4,6,1,0,1,1,3,5,4.1,-8,16
Luke Babbitt,14,11,2015-11-22,26,NOP,H,PHO,6,0,7:48,1,3,0.333,1,3,0.333,1,2,0.5,0,0,0,1,0,0,0,3,4,1.4,-4,6
Luke Babbitt,15,12,2015-11-25,26,NOP,A,PHO,6,0,4:24,0,1,0,0,1,0,0,0,NA,0,0,0,0,0,0,0,0,0,-0.7,1,0
Luke Babbitt,16,13,2015-11-27,26,NOP,A,LAC,-21,0,14:44,2,5,0.4,2,3,0.667,2,2,1,1,4,5,0,0,0,0,1,8,6.8,2,15.3
Luke Babbitt,20,14,2015-12-04,26,NOP,H,CLE,6,0,5:21,0,2,0,0,2,0,0,0,NA,0,0,0,0,0,0,0,2,0,-2.2,-7,0
Luke Babbitt,21,15,2015-12-07,26,NOP,H,BOS,-18,0,3:58,0,1,0,0,0,NA,0,0,NA,0,0,0,0,0,0,0,0,0,-0.7,3,0
Luke Babbitt,27,16,2015-12-20,26,NOP,A,DEN,5,0,6:32,1,3,0.333,1,3,0.333,0,0,NA,0,0,0,0,0,0,0,0,3,1.3,-6,3.5
Luke Babbitt,28,17,2015-12-23,26,NOP,H,POR,26,0,2:34,1,2,0.5,0,1,0,0,0,NA,0,0,0,0,0,0,0,1,2,0.6,0,2
Luke Babbitt,36,18,2016-01-10,26,NOP,A,LAC,-3,0,4:09,0,1,0,0,1,0,0,0,NA,0,0,0,0,0,0,0,1,0,-1.1,-2,0
Luke Babbitt,37,19,2016-01-12,26,NOP,A,LAL,-4,0,5:06,0,0,NA,0,0,NA,0,0,NA,0,1,1,0,0,0,0,2,0,-0.5,-1,1.3
Luke Babbitt,42,20,2016-01-21,26,NOP,H,DET,16,0,0:30,0,0,NA,0,0,NA,0,0,NA,0,0,0,0,0,0,0,0,0,0,-3,0
Luke Babbitt,43,21,2016-01-23,26,NOP,H,MIL,17,0,7:56,0,1,0,0,1,0,0,0,NA,1,0,1,0,0,0,0,0,0,0,0,1.3
Luke Babbitt,44,22,2016-01-25,26,NOP,H,HOU,-1,0,0:04,0,0,NA,0,0,NA,0,0,NA,0,0,0,0,0,0,0,0,0,0,0,0
Luke Babbitt,51,23,2016-02-08,26,NOP,A,MIN,14,0,14:38,3,6,0.5,2,4,0.5,0,0,NA,0,0,0,0,0,0,0,1,8,4.6,10,9
Luke Babbitt,53,24,2016-02-11,26,NOP,A,OKC,-26,0,8:56,1,4,0.25,0,0,NA,1,2,0.5,2,0,2,0,1,0,0,1,3,2.2,1,7.5
Luke Babbitt,56,25,2016-02-23,26,NOP,A,WAS,-20,0,3:05,1,1,1,1,1,1,0,0,NA,0,1,1,0,0,0,0,0,3,3,-1,4.8
Luke Babbitt,57,26,2016-02-25,26,NOP,H,OKC,4,0,4:42,0,0,NA,0,0,NA,0,0,NA,0,0,0,0,0,0,0,0,0,0,-2,0
Luke Babbitt,58,27,2016-02-27,26,NOP,H,MIN,-2,0,6:02,2,5,0.4,1,2,0.5,0,0,NA,0,1,1,1,0,1,0,0,5,4,5,10.3
Luke Babbitt,60,28,2016-03-03,26,NOP,H,SAS,-8,0,16:48,1,4,0.25,1,2,0.5,0,0,NA,0,3,3,2,0,1,1,1,3,2.2,-1,11.8
Luke Babbitt,61,29,2016-03-05,26,NOP,H,UTA,-12,0,0:31,0,0,NA,0,0,NA,0,0,NA,0,0,0,0,0,0,0,0,0,0,0,0
Luke Babbitt,64,30,2016-03-11,26,NOP,A,MEM,-7,0,10:39,1,3,0.333,0,0,NA,0,0,NA,1,2,3,1,0,0,0,4,2,0.7,-6,7.3
Luke Babbitt,65,31,2016-03-12,26,NOP,A,MIL,-11,1,37:45,7,17,0.412,1,5,0.2,1,2,0.5,2,7,9,3,1,0,0,3,16,11.9,-4,34.3
Luke Babbitt,66,32,2016-03-14,26,NOP,A,GSW,-18,0,34:34,5,11,0.455,1,2,0.5,1,2,0.5,1,4,5,1,2,0,0,2,12,9.7,-8,24.3
Luke Babbitt,67,33,2016-03-16,26,NOP,A,SAC,15,0,12:43,1,1,1,1,1,1,0,0,NA,0,1,1,0,0,0,0,0,3,3,11,4.8
Luke Babbitt,68,34,2016-03-18,26,NOP,H,POR,-5,0,6:38,1,1,1,1,1,1,0,0,NA,0,1,1,0,0,0,0,2,3,2.2,4,4.8
Luke Babbitt,69,35,2016-03-20,26,NOP,H,LAC,4,1,29:00,4,9,0.444,1,2,0.5,5,5,1,2,6,8,0,0,0,2,4,14,8.9,5,23.5
Luke Babbitt,70,36,2016-03-22,26,NOP,H,MIA,-14,1,35:12,10,19,0.526,2,2,1,1,2,0.5,3,1,4,1,1,0,2,5,23,13.4,-12,31.5
Luke Babbitt,71,37,2016-03-24,26,NOP,A,IND,-8,0,24:21,1,8,0.125,0,3,0,0,0,NA,0,3,3,1,1,0,2,2,2,-3.4,-2,8.3
Luke Babbitt,72,38,2016-03-26,26,NOP,H,TOR,-24,0,28:06,6,11,0.545,2,4,0.5,0,0,NA,0,4,4,5,0,0,0,3,14,12.2,-4,27.5
Luke Babbitt,73,39,2016-03-28,26,NOP,H,NYK,8,1,24:25,4,6,0.667,2,3,0.667,4,4,1,0,4,4,2,1,0,0,2,14,14.2,12,25
Luke Babbitt,74,40,2016-03-30,26,NOP,A,SAS,-8,0,19:20,4,7,0.571,0,1,0,2,3,0.667,0,2,2,2,0,0,2,2,10,5.5,11,14.5
Luke Babbitt,75,41,2016-03-31,26,NOP,H,DEN,6,1,36:27,9,25,0.36,2,6,0.333,2,2,1,2,8,10,3,2,1,3,2,22,12.9,9,46
Luke Babbitt,76,42,2016-04-03,26,NOP,A,BRK,19,1,33:12,8,15,0.533,3,5,0.6,2,3,0.667,0,1,1,4,0,1,0,5,21,15.1,4,31.8
Luke Babbitt,77,43,2016-04-05,26,NOP,A,PHI,-14,1,31:04,7,16,0.438,2,3,0.667,0,0,NA,2,6,8,3,0,0,2,3,16,9.7,-6,30.5
Luke Babbitt,78,44,2016-04-06,26,NOP,A,BOS,-7,0,33:14,5,13,0.385,2,5,0.4,4,6,0.667,0,8,8,4,0,0,0,1,16,12.9,7,33
Luke Babbitt,79,45,2016-04-08,26,NOP,H,LAL,8,0,23:59,5,8,0.625,3,3,1,2,2,1,0,3,3,4,1,0,1,2,15,14.3,-9,27.8
Luke Babbitt,80,46,2016-04-09,26,NOP,H,PHO,-21,0,34:14,7,16,0.438,0,1,0,3,3,1,1,8,9,2,0,0,0,5,17,11.1,-7,31.3
Luke Babbitt,81,47,2016-04-11,26,NOP,H,CHI,-5,1,34:44,2,10,0.2,0,2,0,3,3,1,4,1,5,4,0,0,3,3,7,2.5,0,17.8
Jimmer Fredette,1,1,2015-11-10,26,NOP,H,DAL,15,0,5:26,1,3,0.333,0,1,0,0,0,NA,0,0,0,1,1,0,0,1,2,1.6,-12,NA
Jimmer Fredette,3,2,2015-11-13,26,NOP,A,TOR,-19,0,2:29,0,1,0,0,0,NA,0,0,NA,0,0,0,0,0,0,0,0,0,-0.7,2,0
Jimmer Fredette,5,3,2015-11-17,26,NOP,H,DEN,-17,0,0:40,0,0,NA,0,0,NA,0,0,NA,0,0,0,0,0,0,0,0,0,0,0,0
Jimmer Fredette,6,4,2015-11-18,26,NOP,A,OKC,-7,0,3:57,0,0,NA,0,0,NA,0,0,NA,0,0,0,0,0,0,1,0,0,-1,-9,-0.5
Omer Asik,3,1,2015-10-31,29,NOP,H,GSW,-14,0,10:20,0,0,NA,0,0,NA,0,0,NA,1,0,1,0,1,0,0,2,0,0.9,-12,3.3
Omer Asik,7,2,2015-11-10,29,NOP,H,DAL,15,1,15:32,1,2,0.5,0,0,NA,0,0,NA,0,5,5,0,0,1,0,2,2,2.4,4,10.3
Omer Asik,8,3,2015-11-11,29,NOP,A,ATL,-8,1,20:50,0,1,0,0,0,NA,4,6,0.667,1,7,8,0,0,0,3,4,4,0.7,0,12.5
Omer Asik,9,4,2015-11-13,29,NOP,A,TOR,-19,1,24:15,0,3,0,0,0,NA,2,4,0.5,2,5,7,0,1,2,3,1,2,1,-16,15.3
Omer Asik,10,5,2015-11-15,29,NOP,A,NYK,-8,1,12:50,0,0,NA,0,0,NA,0,0,NA,0,1,1,0,0,0,0,1,0,-0.1,-4,1.3
Omer Asik,13,6,2015-11-20,29,NOP,H,SAS,14,1,11:52,0,0,NA,0,0,NA,1,2,0.5,1,6,7,0,0,0,1,2,1,1.3,-5,9.3
Omer Asik,14,7,2015-11-22,29,NOP,H,PHO,6,1,14:41,0,0,NA,0,0,NA,2,2,1,0,4,4,0,0,0,1,0,2,2.2,3,6.5
Omer Asik,15,8,2015-11-25,29,NOP,A,PHO,6,1,10:28,0,1,0,0,0,NA,0,2,0,1,2,3,0,0,1,1,2,0,-1.3,-5,5.3
Omer Asik,16,9,2015-11-27,29,NOP,A,LAC,-21,1,16:03,1,1,1,0,0,NA,1,2,0.5,1,9,10,0,0,0,0,2,3,4.9,-10,15.5
Omer Asik,17,10,2015-11-28,29,NOP,A,UTA,-14,1,7:55,0,3,0,0,0,NA,0,0,NA,0,2,2,0,0,0,1,0,0,-2.5,-16,2
Omer Asik,18,11,2015-12-01,29,NOP,H,MEM,-9,0,5:14,0,0,NA,0,0,NA,0,0,NA,0,0,0,0,0,0,0,2,0,-0.8,-10,0
Omer Asik,19,12,2015-12-02,29,NOP,A,HOU,-7,1,21:36,3,6,0.5,0,0,NA,0,0,NA,3,1,4,1,0,0,2,4,6,2.5,-5,11.5
Omer Asik,20,13,2015-12-04,29,NOP,H,CLE,6,1,25:01,1,2,0.5,0,0,NA,4,6,0.667,2,3,5,1,2,0,1,3,6,7,5,17.3
Omer Asik,21,14,2015-12-07,29,NOP,H,BOS,-18,1,10:08,0,1,0,0,0,NA,3,4,0.75,1,1,2,0,1,0,0,0,3,3.9,-7,7.5
Omer Asik,22,15,2015-12-11,29,NOP,H,WAS,2,1,8:50,0,1,0,0,0,NA,0,0,NA,1,1,2,0,0,0,1,0,0,-0.7,0,2
Omer Asik,23,16,2015-12-12,29,NOP,A,CHI,-4,0,12:32,3,3,1,0,0,NA,0,0,NA,1,3,4,2,1,0,0,4,6,7.5,9,16
Omer Asik,24,17,2015-12-14,29,NOP,A,POR,-4,0,8:43,0,0,NA,0,0,NA,2,4,0.5,1,2,3,0,0,1,0,3,2,2,11,7.8
Omer Asik,25,18,2015-12-16,29,NOP,A,UTA,10,1,19:51,1,2,0.5,0,0,NA,0,0,NA,1,4,5,0,0,0,0,2,2,2.1,1,8.3
Omer Asik,26,19,2015-12-18,29,NOP,A,PHO,-16,1,21:12,2,3,0.667,0,0,NA,0,0,NA,3,3,6,1,1,0,1,3,4,5.2,-9,14.5
Omer Asik,27,20,2015-12-20,29,NOP,A,DEN,5,1,17:12,2,2,1,0,0,NA,1,2,0.5,2,2,4,1,0,0,1,3,5,4.5,16,11
Omer Asik,28,21,2015-12-23,29,NOP,H,POR,26,1,25:12,2,3,0.667,0,0,NA,0,0,NA,1,4,5,1,0,2,0,5,4,4.7,17,15.8
Omer Asik,29,22,2015-12-25,29,NOP,A,MIA,-6,1,18:11,1,1,1,0,0,NA,0,0,NA,0,3,3,1,0,0,1,0,2,2.3,-3,6.8
Omer Asik,30,23,2015-12-26,29,NOP,H,HOU,2,1,22:31,2,4,0.5,0,0,NA,6,6,1,2,6,8,0,0,2,1,2,10,10.8,0,23.5
Omer Asik,31,24,2015-12-28,29,NOP,A,ORL,-15,1,15:07,1,2,0.5,0,0,NA,0,2,0,1,4,5,0,0,0,1,2,2,0.3,-13,7.8
Omer Asik,32,25,2015-12-31,29,NOP,H,LAC,-6,1,20:32,2,2,1,0,0,NA,0,0,NA,1,7,8,0,0,0,1,1,4,4.8,7,13.5
Omer Asik,33,26,2016-01-02,29,NOP,A,DAL,7,1,19:45,0,0,NA,0,0,NA,1,2,0.5,2,1,3,1,0,0,4,3,1,-2.2,8,4.3
Omer Asik,34,27,2016-01-06,29,NOP,H,DAL,-9,1,18:55,3,6,0.5,0,0,NA,0,0,NA,6,1,7,0,0,2,2,0,6,6.9,3,17.8
Omer Asik,35,28,2016-01-08,29,NOP,H,IND,-5,1,15:56,0,1,0,0,0,NA,1,2,0.5,0,5,5,1,1,0,2,2,1,0.3,-6,9.8
Omer Asik,36,29,2016-01-10,29,NOP,A,LAC,-3,1,26:00,2,4,0.5,0,0,NA,4,6,0.667,2,9,11,2,0,0,1,3,8,8.5,-7,24.3
Omer Asik,37,30,2016-01-12,29,NOP,A,LAL,-4,1,17:43,0,3,0,0,0,NA,1,2,0.5,2,11,13,2,1,1,0,1,1,5.9,7,24.3
Omer Asik,38,31,2016-01-13,29,NOP,A,SAC,12,1,28:33,4,9,0.444,0,0,NA,0,0,NA,8,5,13,0,0,0,2,5,8,6.4,-2,23.3
Omer Asik,39,32,2016-01-15,29,NOP,H,CHO,2,1,13:33,0,1,0,0,0,NA,1,2,0.5,1,2,3,0,0,1,1,1,1,0.5,-4,6.3
Omer Asik,40,33,2016-01-18,29,NOP,A,MEM,-2,1,20:15,4,4,1,0,0,NA,0,0,NA,2,4,6,0,0,0,0,2,8,8.6,-1,15.5
Omer Asik,41,34,2016-01-19,29,NOP,H,MIN,15,1,11:19,1,4,0.25,0,0,NA,0,0,NA,3,5,8,0,1,0,2,1,2,1.8,-3,13
Omer Asik,42,35,2016-01-21,29,NOP,H,DET,16,1,19:33,4,5,0.8,0,0,NA,4,4,1,4,4,8,0,0,1,0,1,12,14.4,7,24
Omer Asik,43,36,2016-01-23,29,NOP,H,MIL,17,1,18:37,2,4,0.5,0,0,NA,0,0,NA,4,4,8,0,0,0,1,2,4,4.2,-4,13.5
Omer Asik,44,37,2016-01-25,29,NOP,H,HOU,-1,1,6:17,1,1,1,0,0,NA,1,2,0.5,1,1,2,0,0,0,0,0,3,3.3,-9,5.5
Omer Asik,45,38,2016-01-28,29,NOP,H,SAC,9,1,26:55,4,6,0.667,0,0,NA,0,0,NA,4,9,13,0,0,4,2,3,8,10.5,6,31.3
Omer Asik,46,39,2016-01-30,29,NOP,H,BRK,2,1,24:48,3,5,0.6,0,0,NA,0,0,NA,3,8,11,0,0,3,1,3,6,8.1,-3,25.3
Omer Asik,47,40,2016-02-01,29,NOP,H,MEM,-15,1,20:08,3,7,0.429,0,0,NA,0,2,0,4,4,8,0,0,0,0,2,6,4.7,2,16
Omer Asik,48,41,2016-02-03,29,NOP,A,SAS,-13,1,20:07,3,4,0.75,0,0,NA,0,1,0,3,8,11,0,0,0,1,1,6,7.1,10,19.3
Omer Asik,49,42,2016-02-04,29,NOP,H,LAL,-3,1,15:11,0,0,NA,0,0,NA,0,0,NA,1,7,8,0,0,0,0,2,0,2,-8,10
Omer Asik,50,43,2016-02-06,29,NOP,A,CLE,-15,1,29:18,3,4,0.75,0,0,NA,0,0,NA,4,8,12,2,0,0,0,2,6,10.2,-7,24
Omer Asik,51,44,2016-02-08,29,NOP,A,MIN,14,1,17:00,2,3,0.667,0,0,NA,0,2,0,4,4,8,0,0,0,0,1,4,5.5,-1,14
Omer Asik,52,45,2016-02-10,29,NOP,H,UTA,4,1,17:21,2,3,0.667,0,0,NA,0,3,0,3,5,8,0,1,0,1,1,4,4.7,-9,15.5
Omer Asik,53,46,2016-02-11,29,NOP,A,OKC,-26,1,18:08,1,1,1,0,0,NA,0,0,NA,0,4,4,0,0,0,0,2,2,2.1,-6,7
Omer Asik,54,47,2016-02-19,29,NOP,H,PHI,7,1,19:13,4,6,0.667,0,0,NA,1,2,0.5,7,7,14,0,1,0,1,3,9,11.8,-9,28
Omer Asik,55,48,2016-02-21,29,NOP,A,DET,5,1,7:11,2,3,0.667,0,0,NA,1,2,0.5,0,1,1,0,0,0,0,1,5,3.2,1,6.3
Omer Asik,61,49,2016-03-05,29,NOP,H,UTA,-12,1,24:46,1,2,0.5,0,0,NA,2,2,1,2,4,6,1,0,1,0,2,4,6.2,12,15
Omer Asik,62,50,2016-03-07,29,NOP,H,SAC,3,1,13:32,0,2,0,0,0,NA,0,0,NA,2,1,3,0,0,0,2,4,0,-3.3,-8,2.8
Omer Asik,63,51,2016-03-09,29,NOP,A,CHO,-9,1,6:04,0,0,NA,0,0,NA,0,0,NA,0,1,1,2,1,0,0,2,0,1.9,-12,6.3
Omer Asik,64,52,2016-03-11,29,NOP,A,MEM,-7,1,12:52,0,2,0,0,0,NA,0,0,NA,2,3,5,0,0,0,0,1,0,0.5,8,6.3
Omer Asik,65,53,2016-03-12,29,NOP,A,MIL,-11,1,6:08,0,1,0,0,0,NA,0,0,NA,1,2,3,0,0,0,1,1,0,-0.8,-8,3.3
Omer Asik,67,54,2016-03-16,29,NOP,A,SAC,15,1,21:29,2,3,0.667,0,0,NA,1,2,0.5,1,3,4,1,1,0,0,1,5,6.2,-1,13.5
Omer Asik,68,55,2016-03-18,29,NOP,H,POR,-5,1,12:39,1,2,0.5,0,0,NA,0,0,NA,0,2,2,0,0,1,0,2,2,1.5,-12,6.5
Omer Asik,69,56,2016-03-20,29,NOP,H,LAC,4,1,29:46,6,9,0.667,0,0,NA,3,5,0.6,1,13,14,2,0,0,3,4,15,11.7,7,35.5
Omer Asik,70,57,2016-03-22,29,NOP,H,MIA,-14,1,20:56,3,6,0.5,0,0,NA,2,5,0.4,1,8,9,0,1,0,0,1,8,7.5,-2,21.3
Omer Asik,71,58,2016-03-24,29,NOP,A,IND,-8,1,23:53,1,4,0.25,0,0,NA,0,2,0,1,14,15,0,0,0,1,1,2,2.3,-13,20.3
Omer Asik,72,59,2016-03-26,29,NOP,H,TOR,-24,1,23:42,2,6,0.333,0,0,NA,3,6,0.5,2,5,7,0,2,0,0,0,7,7.3,-25,19.8
Omer Asik,73,60,2016-03-28,29,NOP,H,NYK,8,1,7:41,1,2,0.5,0,0,NA,0,0,NA,1,2,3,0,0,0,2,1,2,-0.1,-6,4.8
Omer Asik,74,61,2016-03-30,29,NOP,A,SAS,-8,1,25:22,1,3,0.333,0,0,NA,0,2,0,1,8,9,0,0,0,0,1,2,2.2,-19,13.3
Omer Asik,75,62,2016-03-31,29,NOP,H,DEN,6,1,15:01,0,1,0,0,0,NA,0,0,NA,1,3,4,1,0,0,0,0,0,1.6,-6,6.5
Omer Asik,76,63,2016-04-03,29,NOP,A,BRK,19,1,4:01,0,0,NA,0,0,NA,0,0,NA,0,0,0,0,0,0,2,2,0,-2.8,-5,-1
Omer Asik,78,64,2016-04-06,29,NOP,A,BOS,-7,1,14:22,0,2,0,0,0,NA,2,2,1,2,2,4,0,0,0,3,3,2,-1.6,-18,5.5
Omer Asik,79,65,2016-04-08,29,NOP,H,LAL,8,1,17:55,0,1,0,0,0,NA,1,2,0.5,2,5,7,1,0,0,1,2,1,1.7,7,10.8
Omer Asik,80,66,2016-04-09,29,NOP,H,PHO,-21,1,13:30,0,1,0,0,0,NA,0,0,NA,0,3,3,0,0,0,1,2,0,-1.6,-16,3.3
Omer Asik,81,67,2016-04-11,29,NOP,H,CHI,-5,1,24:00,6,8,0.75,0,0,NA,2,4,0.5,2,5,7,1,3,0,1,1,14,15.2,4,29.8
Omer Asik,82,68,2016-04-13,29,NOP,A,MIN,-35,1,32:06,10,13,0.769,0,0,NA,4,6,0.667,3,8,11,1,1,0,2,1,24,21.9,-14,41.8
Dante Cunningham,1,1,2015-10-27,28,NOP,A,GSW,-16,1,26:31,5,8,0.625,2,3,0.667,1,1,1,1,1,2,0,0,0,0,2,13,9.6,-15,16.5
Dante Cunningham,2,2,2015-10-28,28,NOP,A,POR,-18,1,31:21,0,3,0,0,3,0,0,0,NA,0,6,6,1,1,0,0,3,0,0.2,9,11
Dante Cunningham,3,3,2015-10-31,28,NOP,H,GSW,-14,1,22:09,3,4,0.75,2,2,1,0,0,NA,0,1,1,0,0,1,0,2,8,6.6,-11,12.3
Dante Cunningham,4,4,2015-11-03,28,NOP,H,ORL,-9,0,21:11,2,5,0.4,0,2,0,1,2,0.5,1,5,6,1,1,0,0,1,5,5.4,1,16
Dante Cunningham,5,5,2015-11-06,28,NOP,H,ATL,-6,1,22:32,3,6,0.5,1,2,0.5,1,1,1,0,3,3,1,0,0,0,3,8,5.4,-9,13.8
Dante Cunningham,6,6,2015-11-07,28,NOP,A,DAL,-9,0,18:51,0,3,0,0,2,0,0,0,NA,1,4,5,1,0,0,0,1,0,0.1,-17,7.8
Dante Cunningham,7,7,2015-11-10,28,NOP,H,DAL,15,0,18:05,1,3,0.333,0,1,0,0,0,NA,1,2,3,0,0,0,0,0,2,1.6,0,5.8
Dante Cunningham,8,8,2015-11-11,28,NOP,A,ATL,-8,0,21:42,3,3,1,0,0,NA,1,2,0.5,1,3,4,1,0,0,2,3,7,4.8,-15,12.5
Dante Cunningham,9,9,2015-11-13,28,NOP,A,TOR,-19,0,18:50,1,3,0.333,1,2,0.5,0,0,NA,1,2,3,2,0,0,1,0,3,3,-11,9.8
Dante Cunningham,10,10,2015-11-15,28,NOP,A,NYK,-8,0,24:43,3,3,1,0,0,NA,0,0,NA,0,5,5,0,0,0,0,3,6,5.4,1,12.3
Dante Cunningham,11,11,2015-11-17,28,NOP,H,DEN,-17,1,31:25,5,8,0.625,0,1,0,1,2,0.5,4,1,5,0,2,3,1,2,11,12.4,-8,26.8
Dante Cunningham,12,12,2015-11-18,28,NOP,A,OKC,-7,0,26:59,4,9,0.444,1,3,0.333,0,0,NA,0,6,6,2,2,0,0,6,9,7.1,8,24
Dante Cunningham,13,13,2015-11-20,28,NOP,H,SAS,14,0,24:16,2,6,0.333,0,2,0,0,0,NA,2,3,5,0,0,0,1,1,4,1.5,7,9.8
Dante Cunningham,14,14,2015-11-22,28,NOP,H,PHO,6,0,8:57,1,2,0.5,0,1,0,0,0,NA,0,1,1,0,0,0,1,3,2,-0.9,-10,2.8
Dante Cunningham,15,15,2015-11-25,28,NOP,A,PHO,6,0,27:48,2,6,0.333,1,2,0.5,0,2,0,0,7,7,0,0,1,1,2,5,1.8,3,15.8
Dante Cunningham,16,16,2015-11-27,28,NOP,A,LAC,-21,0,19:49,1,5,0.2,0,1,0,0,0,NA,2,3,5,1,2,0,2,0,2,1.9,5,12.8
Dante Cunningham,17,17,2015-11-28,28,NOP,A,UTA,-14,0,20:16,2,3,0.667,1,1,1,0,0,NA,1,7,8,0,0,0,1,3,5,4.3,-23,15
Dante Cunningham,18,18,2015-12-01,28,NOP,H,MEM,-9,0,5:37,0,2,0,0,1,0,0,0,NA,1,0,1,0,0,0,0,2,0,-1.5,-4,1.3
Dante Cunningham,19,19,2015-12-02,28,NOP,A,HOU,-7,0,12:22,2,3,0.667,1,1,1,0,0,NA,1,2,3,1,0,0,0,1,5,5.3,5,10.8
Dante Cunningham,20,20,2015-12-04,28,NOP,H,CLE,6,0,37:29,3,5,0.6,0,2,0,0,0,NA,2,6,8,3,1,1,1,3,6,8.5,8,24
Dante Cunningham,21,21,2015-12-07,28,NOP,H,BOS,-18,0,30:07,2,3,0.667,1,1,1,2,2,1,0,5,5,2,1,0,0,2,7,8.8,-12,18.8
Dante Cunningham,22,22,2015-12-11,28,NOP,H,WAS,2,0,18:55,2,3,0.667,2,2,1,2,2,1,0,0,0,0,2,0,0,2,8,7.9,-15,13
Dante Cunningham,23,23,2015-12-12,28,NOP,A,CHI,-4,0,17:22,1,1,1,1,1,1,0,0,NA,0,1,1,0,0,0,0,4,3,1.4,-11,4.8
Dante Cunningham,24,24,2015-12-14,28,NOP,A,POR,-4,0,14:15,0,0,NA,0,0,NA,0,0,NA,0,2,2,0,0,1,0,1,0,0.9,-9,4.5
Dante Cunningham,25,25,2015-12-16,28,NOP,A,UTA,10,0,13:55,0,2,0,0,2,0,1,2,0.5,0,1,1,0,0,0,0,1,1,-0.9,15,2.3
Dante Cunningham,26,26,2015-12-18,28,NOP,A,PHO,-16,0,4:42,0,2,0,0,0,NA,0,0,NA,0,0,0,0,0,0,0,1,0,-1.8,-7,0
Dante Cunningham,27,27,2015-12-20,28,NOP,A,DEN,5,0,19:04,1,2,0.5,1,2,0.5,0,0,NA,0,3,3,0,0,2,0,3,3,3.1,-12,11.3
Dante Cunningham,28,28,2015-12-23,28,NOP,H,POR,26,0,5:51,0,1,0,0,0,NA,0,0,NA,0,1,1,1,0,0,0,1,0,-0.1,-1,2.8
Dante Cunningham,29,29,2015-12-25,28,NOP,A,MIA,-6,0,5:36,0,1,0,0,1,0,0,0,NA,0,1,1,0,0,0,0,0,0,-0.4,2,1.3
Dante Cunningham,30,30,2015-12-26,28,NOP,H,HOU,2,0,4:38,0,0,NA,0,0,NA,0,0,NA,0,3,3,0,0,0,0,0,0,0.9,0,3.8
Dante Cunningham,31,31,2015-12-28,28,NOP,A,ORL,-15,0,18:19,2,6,0.333,0,2,0,0,0,NA,0,3,3,0,0,0,0,2,4,0.7,3,7.8
Dante Cunningham,32,32,2015-12-31,28,NOP,H,LAC,-6,0,3:33,0,2,0,0,2,0,0,0,NA,0,0,0,0,0,0,0,0,0,-1.4,-4,0
Dante Cunningham,34,33,2016-01-06,28,NOP,H,DAL,-9,0,14:09,1,4,0.25,1,3,0.333,1,2,0.5,0,4,4,0,1,0,0,1,4,3,-7,11.5
Dante Cunningham,35,34,2016-01-08,28,NOP,H,IND,-5,1,26:17,2,5,0.4,0,3,0,0,0,NA,2,0,2,1,1,0,0,1,4,4,-6,10
Dante Cunningham,36,35,2016-01-10,28,NOP,A,LAC,-3,1,35:29,3,10,0.3,2,6,0.333,0,0,NA,2,5,7,1,1,0,1,3,8,4.6,9,20.8
Dante Cunningham,37,36,2016-01-12,28,NOP,A,LAL,-4,1,17:01,0,3,0,0,3,0,0,0,NA,0,3,3,1,0,1,0,5,0,-1.8,6,7.3
Dante Cunningham,38,37,2016-01-13,28,NOP,A,SAC,12,1,22:46,2,2,1,2,2,1,0,0,NA,0,2,2,1,2,0,1,1,6,7.3,10,14.5
Dante Cunningham,39,38,2016-01-15,28,NOP,H,CHO,2,1,24:28,2,6,0.333,1,3,0.333,0,0,NA,0,2,2,2,1,2,1,2,5,4.2,-1,16.5
Dante Cunningham,40,39,2016-01-18,28,NOP,A,MEM,-2,1,24:19,2,5,0.4,1,3,0.333,2,2,1,0,1,1,0,1,2,0,3,7,5.8,0,14.8
Dante Cunningham,41,40,2016-01-19,28,NOP,H,MIN,15,1,23:38,4,6,0.667,3,4,0.75,0,0,NA,1,0,1,0,2,2,0,4,11,10.9,10,21.8
Dante Cunningham,42,41,2016-01-21,28,NOP,H,DET,16,1,18:56,1,3,0.333,1,2,0.5,0,0,NA,0,1,1,0,0,0,0,0,3,1.6,7,4.8
Dante Cunningham,44,42,2016-01-25,28,NOP,H,HOU,-1,0,22:36,3,6,0.5,1,3,0.333,0,0,NA,2,1,3,0,0,2,0,2,7,6.3,-4,15.3
Dante Cunningham,45,43,2016-01-28,28,NOP,H,SAC,9,0,8:27,0,1,0,0,1,0,0,0,NA,0,1,1,0,0,0,0,1,0,-0.8,-4,1.3
Dante Cunningham,46,44,2016-01-30,28,NOP,H,BRK,2,0,4:59,1,2,0.5,0,0,NA,0,0,NA,1,1,2,0,0,0,0,1,2,1.6,3,4.5
Dante Cunningham,47,45,2016-02-01,28,NOP,H,MEM,-15,0,18:26,1,3,0.333,0,1,0,2,2,1,1,1,2,1,0,1,0,1,4,4.3,-16,10
Dante Cunningham,48,46,2016-02-03,28,NOP,A,SAS,-13,0,19:30,2,3,0.667,0,1,0,0,0,NA,0,0,0,1,0,0,0,2,4,2.6,0,5.5
Dante Cunningham,49,47,2016-02-04,28,NOP,H,LAL,-3,0,31:41,0,1,0,0,0,NA,1,2,0.5,3,2,5,2,0,1,0,3,1,3.5,26,12.3
Dante Cunningham,50,48,2016-02-06,28,NOP,A,CLE,-15,1,31:14,2,6,0.333,2,5,0.4,0,0,NA,0,3,3,2,1,0,0,4,6,4.3,-6,15.8
Dante Cunningham,51,49,2016-02-08,28,NOP,A,MIN,14,1,29:10,4,5,0.8,0,1,0,0,0,NA,1,1,2,1,1,0,0,4,8,7.2,7,14
Dante Cunningham,52,50,2016-02-10,28,NOP,H,UTA,4,1,28:43,3,6,0.5,2,5,0.4,0,0,NA,0,2,2,0,0,1,0,2,8,5.5,-5,13.5
Dante Cunningham,53,51,2016-02-11,28,NOP,A,OKC,-26,1,27:11,2,4,0.5,0,1,0,2,2,1,1,1,2,1,1,0,0,2,6,5.9,-11,12
Dante Cunningham,54,52,2016-02-19,28,NOP,H,PHI,7,1,31:54,1,1,1,0,0,NA,0,0,NA,1,1,2,0,0,0,1,2,2,0.9,-8,4
Dante Cunningham,55,53,2016-02-21,28,NOP,A,DET,5,1,23:41,1,5,0.2,0,2,0,2,2,1,0,3,3,2,0,0,0,2,4,2.4,-3,10.8
Dante Cunningham,56,54,2016-02-23,28,NOP,A,WAS,-20,1,27:35,3,8,0.375,1,3,0.333,0,0,NA,2,1,3,0,0,2,2,3,7,2.5,-22,14.3
Dante Cunningham,57,55,2016-02-25,28,NOP,H,OKC,4,1,41:50,4,6,0.667,2,2,1,0,0,NA,3,3,6,3,2,0,1,2,10,12.7,8,26.5
Dante Cunningham,58,56,2016-02-27,28,NOP,H,MIN,-2,1,33:19,3,9,0.333,0,3,0,2,4,0.5,1,1,2,2,0,0,2,2,8,1.7,-4,12.5
Dante Cunningham,59,57,2016-03-02,28,NOP,A,HOU,-5,1,28:56,5,9,0.556,4,7,0.571,2,4,0.5,0,3,3,1,0,0,3,2,16,8.7,-9,21.8
Dante Cunningham,60,58,2016-03-03,28,NOP,H,SAS,-8,1,32:05,2,6,0.333,1,4,0.25,0,0,NA,0,1,1,2,0,0,1,2,5,1.5,-3,9.3
Dante Cunningham,61,59,2016-03-05,28,NOP,H,UTA,-12,1,29:54,1,2,0.5,0,0,NA,0,0,NA,0,1,1,3,1,0,1,5,2,1.4,6,9.3
Dante Cunningham,62,60,2016-03-07,28,NOP,H,SAC,3,1,28:36,3,5,0.6,1,3,0.333,0,0,NA,0,2,2,0,4,1,0,2,7,9.2,-8,20
Dante Cunningham,63,61,2016-03-09,28,NOP,A,CHO,-9,1,31:38,2,4,0.5,0,1,0,1,1,1,1,0,1,1,0,0,1,2,5,2.6,-5,7.3
Dante Cunningham,64,62,2016-03-11,28,NOP,A,MEM,-7,1,45:59,7,11,0.636,2,5,0.4,1,2,0.5,1,5,6,1,2,4,2,5,17,15.4,-5,38
Dante Cunningham,65,63,2016-03-12,28,NOP,A,MIL,-11,1,29:53,4,6,0.667,1,3,0.333,0,0,NA,1,2,3,0,0,1,1,2,9,6.6,-12,14.8
Dante Cunningham,66,64,2016-03-14,28,NOP,A,GSW,-18,1,20:47,1,6,0.167,0,3,0,0,0,NA,2,1,3,0,0,1,0,4,2,-1,-9,7.8
Dante Cunningham,67,65,2016-03-16,28,NOP,A,SAC,15,1,25:34,3,6,0.5,0,1,0,0,0,NA,0,1,1,2,0,0,0,0,6,4.7,-3,10.3
Dante Cunningham,68,66,2016-03-18,28,NOP,H,POR,-5,1,27:54,1,4,0.25,0,2,0,1,2,0.5,1,6,7,1,1,1,0,3,3,3.9,-1,17.3
Dante Cunningham,69,67,2016-03-20,28,NOP,H,LAC,4,1,39:45,6,10,0.6,1,5,0.2,6,7,0.857,3,3,6,0,2,0,0,3,19,17.8,5,31
Dante Cunningham,70,68,2016-03-22,28,NOP,H,MIA,-14,1,27:26,1,3,0.333,0,1,0,2,2,1,1,3,4,3,0,0,1,4,4,3.4,-17,13
Dante Cunningham,71,69,2016-03-24,28,NOP,A,IND,-8,1,37:46,4,13,0.308,1,5,0.2,0,0,NA,1,1,2,1,2,0,0,1,9,4.8,-4,17.5
Dante Cunningham,72,70,2016-03-26,28,NOP,H,TOR,-24,1,36:01,3,12,0.25,0,4,0,1,2,0.5,1,0,1,1,0,0,0,2,7,0,-21,9.8
Dante Cunningham,73,71,2016-03-28,28,NOP,H,NYK,8,1,40:18,3,7,0.429,1,3,0.333,5,6,0.833,0,3,3,2,0,0,0,2,12,9.4,3,19.3
Dante Cunningham,74,72,2016-03-30,28,NOP,A,SAS,-8,1,37:30,4,9,0.444,0,2,0,2,2,1,2,3,5,3,1,0,1,1,10,9.3,-14,22.3
Dante Cunningham,75,73,2016-03-31,28,NOP,H,DEN,6,1,36:49,2,5,0.4,0,1,0,1,2,0.5,1,6,7,2,1,1,3,2,5,3.7,14,19.3
Dante Cunningham,76,74,2016-04-03,28,NOP,A,BRK,19,1,31:52,6,11,0.545,1,3,0.333,1,3,0.333,2,2,4,3,1,0,3,3,14,8.8,13,24.5
Dante Cunningham,77,75,2016-04-05,28,NOP,A,PHI,-14,1,32:10,7,9,0.778,3,5,0.6,2,4,0.5,0,2,2,1,0,0,1,1,19,14.6,-8,24
Dante Cunningham,78,76,2016-04-06,28,NOP,A,BOS,-7,1,30:58,0,6,0,0,2,0,2,2,1,0,3,3,3,0,1,0,5,2,-0.5,-21,12.3
Dante Cunningham,79,77,2016-04-08,28,NOP,H,LAL,8,1,34:15,7,11,0.636,3,4,0.75,2,2,1,0,1,1,3,0,0,2,2,19,13.7,14,25.3
Dante Cunningham,80,78,2016-04-09,28,NOP,H,PHO,-21,1,30:25,5,11,0.455,0,1,0,3,5,0.6,0,1,1,2,1,0,0,2,13,8.4,-23,19.3
Dante Cunningham,81,79,2016-04-11,28,NOP,H,CHI,-5,1,35:01,5,9,0.556,0,1,0,0,0,NA,0,1,1,2,0,0,0,4,10,5.8,-8,14.3
Dante Cunningham,82,80,2016-04-13,28,NOP,A,MIN,-35,1,34:53,6,14,0.429,2,6,0.333,3,4,0.75,0,0,0,2,0,0,1,3,17,8.4,-28,20.5
Eric Gordon,1,1,2015-10-27,26,NOP,A,GSW,-16,1,33:29,5,17,0.294,2,7,0.286,2,2,1,0,4,4,4,1,0,4,1,14,4.7,-9,26
Eric Gordon,2,2,2015-10-28,26,NOP,A,POR,-18,1,40:47,6,13,0.462,3,8,0.375,5,7,0.714,1,1,2,3,1,0,1,1,20,15.2,-22,30
Eric Gordon,3,3,2015-10-31,26,NOP,H,GSW,-14,1,24:29,3,11,0.273,1,3,0.333,2,2,1,1,3,4,2,1,0,0,5,9,4.5,6,19.5
Eric Gordon,4,4,2015-11-03,26,NOP,H,ORL,-9,1,37:49,8,19,0.421,4,12,0.333,1,2,0.5,1,1,2,4,0,0,4,2,21,9.5,4,29.5
Eric Gordon,5,5,2015-11-06,26,NOP,H,ATL,-6,1,39:07,8,15,0.533,3,7,0.429,3,3,1,0,2,2,2,1,1,1,5,22,15.4,-7,32.5
Eric Gordon,6,6,2015-11-07,26,NOP,A,DAL,-9,1,41:11,7,15,0.467,5,10,0.5,2,2,1,0,5,5,4,1,0,2,3,21,15.4,-5,36.8
Eric Gordon,7,7,2015-11-10,26,NOP,H,DAL,15,1,33:53,5,19,0.263,4,13,0.308,3,3,1,1,1,2,3,1,1,0,1,17,10.1,28,30
Eric Gordon,8,8,2015-11-11,26,NOP,A,ATL,-8,1,31:30,10,20,0.5,4,6,0.667,2,3,0.667,0,3,3,3,2,0,2,4,26,17,-9,39.3
Eric Gordon,9,9,2015-11-13,26,NOP,A,TOR,-19,1,36:15,11,22,0.5,4,11,0.364,4,5,0.8,1,2,3,1,1,0,3,2,30,17.8,-22,37.8
Eric Gordon,10,10,2015-11-15,26,NOP,A,NYK,-8,1,38:34,5,11,0.455,1,5,0.2,0,0,NA,0,2,2,2,0,0,0,4,11,5.7,-7,17
Eric Gordon,11,11,2015-11-17,26,NOP,H,DEN,-17,1,38:28,7,17,0.412,2,8,0.25,3,3,1,0,1,1,6,1,1,1,1,19,14.7,-25,33.8
Eric Gordon,12,12,2015-11-18,26,NOP,A,OKC,-7,1,36:51,6,20,0.3,1,9,0.111,5,5,1,1,1,2,5,3,0,1,3,18,11.7,2,34
Eric Gordon,13,13,2015-11-20,26,NOP,H,SAS,14,1,34:54,3,9,0.333,1,3,0.333,4,4,1,0,1,1,2,2,0,1,0,11,8.6,6,19.3
Eric Gordon,14,14,2015-11-22,26,NOP,H,PHO,6,1,39:15,6,16,0.375,5,12,0.417,3,4,0.75,0,4,4,4,2,0,3,2,20,13,11,36
Eric Gordon,15,15,2015-11-25,26,NOP,A,PHO,6,1,34:43,6,11,0.545,4,9,0.444,7,7,1,0,1,1,3,0,0,1,2,23,18.3,13,30.3
Eric Gordon,16,16,2015-11-27,26,NOP,A,LAC,-21,1,30:09,5,12,0.417,1,5,0.2,5,6,0.833,0,3,3,2,0,0,2,2,16,8.7,-19,22.3
Eric Gordon,17,17,2015-11-28,26,NOP,A,UTA,-14,1,32:15,1,9,0.111,1,3,0.333,1,2,0.5,0,0,0,1,1,0,2,1,4,-3,-8,7
Eric Gordon,18,18,2015-12-01,26,NOP,H,MEM,-9,0,19:30,2,5,0.4,0,3,0,4,4,1,0,1,1,4,0,1,1,2,8,7.3,-20,16.8
Eric Gordon,19,19,2015-12-02,26,NOP,A,HOU,-7,1,33:19,4,10,0.4,1,5,0.2,1,1,1,0,2,2,2,0,0,2,3,10,3.4,-3,15
Eric Gordon,20,20,2015-12-04,26,NOP,H,CLE,6,1,30:51,7,9,0.778,4,5,0.8,1,2,0.5,0,1,1,2,0,0,2,0,19,14.8,6,24.3
Eric Gordon,21,21,2015-12-07,26,NOP,H,BOS,-18,1,15:34,0,2,0,0,1,0,0,0,NA,0,2,2,1,0,1,1,2,0,-1.2,-16,5.5
Eric Gordon,22,22,2015-12-11,26,NOP,H,WAS,2,1,36:26,5,12,0.417,3,7,0.429,2,2,1,0,4,4,1,1,0,2,2,15,8.7,1,24
Eric Gordon,23,23,2015-12-12,26,NOP,A,CHI,-4,1,34:17,5,15,0.333,2,6,0.333,2,2,1,0,0,0,2,1,0,1,2,14,6.1,3,19.5
Eric Gordon,24,24,2015-12-14,26,NOP,A,POR,-4,1,34:10,3,9,0.333,0,5,0,3,3,1,0,3,3,3,2,0,1,2,9,7.1,2,20.8
Eric Gordon,25,25,2015-12-16,26,NOP,A,UTA,10,1,27:34,5,9,0.556,4,7,0.571,5,5,1,0,0,0,1,1,0,3,4,19,11.8,2,23
Eric Gordon,26,26,2015-12-18,26,NOP,A,PHO,-16,1,29:11,2,11,0.182,2,9,0.222,9,11,0.818,0,1,1,1,2,1,2,3,15,7.8,-3,23.8
Eric Gordon,27,27,2015-12-20,26,NOP,A,DEN,5,1,31:42,6,11,0.545,4,7,0.571,4,5,0.8,1,2,3,3,0,1,1,1,20,17,19,31.8
Eric Gordon,28,28,2015-12-23,26,NOP,H,POR,26,1,34:15,3,8,0.375,3,7,0.429,2,2,1,1,3,4,6,1,0,1,0,11,12.4,15,28
Eric Gordon,29,29,2015-12-25,27,NOP,A,MIA,-6,1,43:06,5,15,0.333,1,3,0.333,5,5,1,0,3,3,2,2,0,3,5,16,6.8,-1,25.8
Eric Gordon,30,30,2015-12-26,27,NOP,H,HOU,2,1,39:37,10,12,0.833,6,8,0.75,0,0,NA,1,1,2,5,1,0,1,3,26,24.9,-4,40.5
Eric Gordon,31,31,2015-12-28,27,NOP,A,ORL,-15,1,24:22,1,6,0.167,1,5,0.2,0,0,NA,0,0,0,0,0,1,2,0,3,-2.1,-13,4.5
Eric Gordon,32,32,2015-12-31,27,NOP,H,LAC,-6,1,35:25,3,11,0.273,2,5,0.4,2,2,1,0,2,2,0,1,1,2,4,10,2.2,-8,16.5
Eric Gordon,33,33,2016-01-02,27,NOP,A,DAL,7,1,36:59,6,14,0.429,2,5,0.4,2,2,1,0,3,3,1,0,0,1,2,16,8.4,15,21.8
Eric Gordon,34,34,2016-01-06,27,NOP,H,DAL,-9,1,23:15,5,9,0.556,4,7,0.571,0,0,NA,1,0,1,3,0,0,1,1,14,11.1,2,21.3
Eric Gordon,35,35,2016-01-08,27,NOP,H,IND,-5,1,35:35,3,11,0.273,1,6,0.167,1,2,0.5,0,3,3,3,1,0,1,2,8,3.3,1,18.3
Eric Gordon,36,36,2016-01-10,27,NOP,A,LAC,-3,1,38:09,3,10,0.3,1,5,0.2,0,0,NA,0,1,1,4,2,1,1,2,7,5.2,2,20.3
Eric Gordon,37,37,2016-01-12,27,NOP,A,LAL,-4,1,27:02,6,9,0.667,1,3,0.333,1,1,1,0,2,2,1,0,1,1,3,14,9.9,-4,20
Eric Gordon,38,38,2016-01-13,27,NOP,A,SAC,12,1,42:49,9,19,0.474,6,12,0.5,0,0,NA,0,5,5,6,3,1,1,2,24,21.9,20,49.8
Eric Gordon,39,39,2016-01-15,27,NOP,H,CHO,2,1,31:40,4,12,0.333,2,6,0.333,0,0,NA,0,1,1,2,1,0,1,0,10,4.9,-3,16.8
Eric Gordon,40,40,2016-01-18,27,NOP,A,MEM,-2,1,37:16,2,7,0.286,2,4,0.5,4,4,1,0,2,2,3,1,0,3,3,10,5.4,-1,18.5
Eric Gordon,41,41,2016-01-19,27,NOP,H,MIN,15,1,24:58,4,9,0.444,3,7,0.429,0,0,NA,0,1,1,3,1,0,2,2,11,6.9,-5,19.3
Eric Gordon,58,42,2016-02-27,27,NOP,H,MIN,-2,1,33:48,9,17,0.529,4,9,0.444,9,10,0.9,0,3,3,2,3,0,3,3,31,23.4,-3,44.3
Eric Gordon,59,43,2016-03-02,27,NOP,A,HOU,-5,1,32:01,5,11,0.455,4,9,0.444,0,0,NA,0,3,3,3,1,0,5,5,14,5.3,-3,23.8
Eric Gordon,60,44,2016-03-03,27,NOP,H,SAS,-8,1,33:34,9,19,0.474,3,6,0.5,2,2,1,0,5,5,4,0,0,0,1,23,17.2,-10,36.8
Eric Gordon,61,45,2016-03-05,27,NOP,H,UTA,-12,1,11:17,3,4,0.75,1,1,1,0,0,NA,0,0,0,2,0,2,0,0,7,8.2,2,14.5
Ryan Anderson,1,1,2015-10-27,27,NOP,A,GSW,-16,0,28:40,2,7,0.286,1,3,0.333,4,5,0.8,2,4,6,1,1,0,3,2,9,5,-8,19
Ryan Anderson,2,2,2015-10-28,27,NOP,A,POR,-18,0,38:32,9,20,0.45,3,9,0.333,0,1,0,0,9,9,1,1,0,2,1,21,12.2,-2,36.3
Ryan Anderson,3,3,2015-10-31,27,NOP,H,GSW,-14,0,30:01,8,16,0.5,2,4,0.5,1,1,1,3,4,7,0,0,1,1,0,19,14,-2,30.3
Ryan Anderson,4,4,2015-11-03,27,NOP,H,ORL,-9,0,26:36,4,15,0.267,3,7,0.429,3,4,0.75,1,3,4,0,3,1,0,1,14,9.6,-12,28.5
Ryan Anderson,5,5,2015-11-06,27,NOP,H,ATL,-6,0,29:33,4,10,0.4,2,7,0.286,0,0,NA,2,3,5,4,0,2,1,3,10,8.9,-7,26.8
Ryan Anderson,6,6,2015-11-07,27,NOP,A,DAL,-9,0,35:12,8,15,0.533,1,5,0.2,4,4,1,2,7,9,1,0,1,2,2,21,15.8,-18,35.3
Ryan Anderson,7,7,2015-11-10,27,NOP,H,DAL,15,0,28:27,10,16,0.625,2,4,0.5,3,4,0.75,5,6,11,1,0,0,2,3,25,20.2,14,41.8
Ryan Anderson,8,8,2015-11-11,27,NOP,A,ATL,-8,1,35:00,7,16,0.438,2,5,0.4,1,1,1,5,6,11,0,0,0,3,1,17,10.5,-7,31.8
Ryan Anderson,9,9,2015-11-13,27,NOP,A,TOR,-19,1,32:54,2,9,0.222,0,3,0,1,2,0.5,0,6,6,2,0,0,1,0,5,1.3,-19,15
Ryan Anderson,10,10,2015-11-15,27,NOP,A,NYK,-8,0,26:04,5,11,0.455,2,5,0.4,4,4,1,0,5,5,0,0,0,3,1,16,8.4,2,21.8
Ryan Anderson,11,11,2015-11-17,27,NOP,H,DEN,-17,0,34:00,10,17,0.588,1,4,0.25,3,4,0.75,2,4,6,2,0,0,0,1,24,19.3,-8,35
Ryan Anderson,12,12,2015-11-18,27,NOP,A,OKC,-7,1,43:57,13,25,0.52,4,10,0.4,0,0,NA,4,3,7,3,2,0,3,3,30,21.3,-7,47.8
Ryan Anderson,13,13,2015-11-20,27,NOP,H,SAS,14,0,33:26,12,21,0.571,6,11,0.545,0,0,NA,1,6,7,0,0,0,2,0,30,20.6,16,40.8
Ryan Anderson,14,14,2015-11-22,27,NOP,H,PHO,6,0,33:19,8,14,0.571,4,7,0.571,9,9,1,1,4,5,0,0,1,1,2,29,23.2,3,38.8
Ryan Anderson,15,15,2015-11-25,27,NOP,A,PHO,6,0,37:11,7,13,0.538,1,3,0.333,5,7,0.714,2,4,6,1,0,0,1,1,20,14.8,13,29
Ryan Anderson,16,16,2015-11-27,27,NOP,A,LAC,-21,0,23:04,3,14,0.214,1,3,0.333,2,2,1,6,2,8,0,2,1,1,4,9,5.3,-12,25
Ryan Anderson,17,17,2015-11-28,27,NOP,A,UTA,-14,0,38:12,1,7,0.143,1,4,0.25,6,6,1,0,2,2,5,1,1,2,2,9,7.5,1,22.5
Ryan Anderson,18,18,2015-12-01,27,NOP,H,MEM,-9,0,33:27,6,16,0.375,2,6,0.333,2,2,1,2,6,8,2,0,0,0,2,16,11,-13,30
Ryan Anderson,19,19,2015-12-02,27,NOP,A,HOU,-7,0,27:14,7,18,0.389,3,9,0.333,2,2,1,5,5,10,0,0,2,6,5,19,7.6,-5,35.5
Ryan Anderson,20,20,2015-12-04,27,NOP,H,CLE,6,0,31:36,5,12,0.417,2,6,0.333,6,7,0.857,3,2,5,0,1,0,3,3,18,10.7,10,25.8
Ryan Anderson,21,21,2015-12-07,27,NOP,H,BOS,-18,0,33:38,7,17,0.412,1,2,0.5,3,4,0.75,5,4,9,2,0,0,1,2,18,12.8,-11,32.3
Ryan Anderson,24,22,2015-12-14,27,NOP,A,POR,-4,0,31:02,5,16,0.313,2,7,0.286,4,4,1,0,4,4,0,1,0,0,1,16,8.6,-5,24
Ryan Anderson,25,23,2015-12-16,27,NOP,A,UTA,10,0,34:10,5,10,0.5,1,1,1,13,13,1,1,3,4,1,2,0,1,1,24,21.9,11,34.5
Ryan Anderson,26,24,2015-12-18,27,NOP,A,PHO,-16,0,21:18,0,3,0,0,0,NA,3,3,1,0,2,2,0,0,0,3,1,3,-1.9,4,4
Ryan Anderson,27,25,2015-12-20,27,NOP,A,DEN,5,0,31:50,6,12,0.5,2,3,0.667,2,3,0.667,2,3,5,1,0,1,2,1,16,10.9,7,25.8
Ryan Anderson,28,26,2015-12-23,27,NOP,H,POR,26,0,26:40,4,11,0.364,3,7,0.429,2,2,1,1,5,6,1,0,1,3,0,13,7.5,15,24
Ryan Anderson,29,27,2015-12-25,27,NOP,A,MIA,-6,0,37:18,7,14,0.5,3,6,0.5,1,1,1,2,6,8,1,1,0,1,3,18,13.7,2,32.5
Ryan Anderson,30,28,2015-12-26,27,NOP,H,HOU,2,0,22:44,6,9,0.667,2,4,0.5,2,3,0.667,2,3,5,1,0,1,2,2,16,12.6,1,25.8
Ryan Anderson,31,29,2015-12-28,27,NOP,A,ORL,-15,0,22:37,1,8,0.125,0,4,0,1,1,1,1,2,3,4,0,0,1,0,3,0.9,-1,12.3
Ryan Anderson,32,30,2015-12-31,27,NOP,H,LAC,-6,0,29:14,7,11,0.636,1,3,0.333,2,2,1,0,4,4,0,0,0,0,1,17,12.9,4,22.5
Ryan Anderson,33,31,2016-01-02,27,NOP,A,DAL,7,0,29:04,4,12,0.333,2,6,0.333,6,6,1,2,6,8,1,1,0,1,1,16,12.7,1,30
Ryan Anderson,34,32,2016-01-06,27,NOP,H,DAL,-9,0,28:32,2,12,0.167,0,6,0,6,7,0.857,0,3,3,0,1,0,0,0,10,3.9,-14,15.8
Ryan Anderson,35,33,2016-01-08,27,NOP,H,IND,-5,0,36:36,7,17,0.412,4,10,0.4,3,4,0.75,3,3,6,2,3,2,3,3,21,16.1,-4,42
Ryan Anderson,36,34,2016-01-10,27,NOP,A,LAC,-3,1,42:52,5,14,0.357,2,6,0.333,4,4,1,3,7,10,0,0,0,2,4,16,8.8,-7,30
Ryan Anderson,37,35,2016-01-12,27,NOP,A,LAL,-4,1,42:23,7,19,0.368,1,5,0.2,0,1,0,4,3,7,2,0,1,3,2,15,6.1,2,27.8
Ryan Anderson,38,36,2016-01-13,27,NOP,A,SAC,12,0,20:06,7,12,0.583,4,6,0.667,0,1,0,1,0,1,0,2,0,0,0,18,14.7,15,25.3
Ryan Anderson,39,37,2016-01-15,27,NOP,H,CHO,2,0,28:42,12,19,0.632,6,8,0.75,2,2,1,2,6,8,0,0,0,0,0,32,26.7,10,45
Ryan Anderson,40,38,2016-01-18,27,NOP,A,MEM,-2,0,26:47,6,14,0.429,2,5,0.4,0,0,NA,1,3,4,0,1,0,0,3,14,8,5,22
Ryan Anderson,41,39,2016-01-19,27,NOP,H,MIN,15,0,27:01,1,6,0.167,1,4,0.25,4,4,1,0,3,3,0,2,1,3,4,7,2.2,9,15.8
Ryan Anderson,42,40,2016-01-21,27,NOP,H,DET,16,0,30:30,5,9,0.556,0,1,0,3,3,1,1,1,2,0,0,0,1,1,13,8.3,13,15
Ryan Anderson,43,41,2016-01-23,27,NOP,H,MIL,17,0,34:06,8,20,0.4,6,11,0.545,1,1,1,1,5,6,2,0,0,1,1,23,14.4,21,36
Ryan Anderson,44,42,2016-01-25,27,NOP,H,HOU,-1,0,37:15,7,20,0.35,3,6,0.5,5,6,0.833,7,2,9,0,0,1,1,0,22,15.6,5,36.3
Ryan Anderson,45,43,2016-01-28,27,NOP,H,SAC,9,1,40:27,13,25,0.52,5,11,0.455,5,6,0.833,3,6,9,4,0,0,1,2,36,28.2,11,55.3
Ryan Anderson,46,44,2016-01-30,27,NOP,H,BRK,2,0,25:54,8,15,0.533,5,9,0.556,3,4,0.75,2,4,6,5,2,1,0,2,24,24.3,7,47.5
Ryan Anderson,47,45,2016-02-01,27,NOP,H,MEM,-15,0,29:16,3,9,0.333,1,4,0.25,2,4,0.5,1,2,3,1,1,0,4,0,9,2.1,-13,14.8
Ryan Anderson,48,46,2016-02-03,27,NOP,A,SAS,-13,0,30:30,4,9,0.444,0,2,0,2,2,1,2,8,10,0,0,0,1,2,10,7.3,-17,23.5
Ryan Anderson,49,47,2016-02-04,27,NOP,H,LAL,-3,0,32:49,7,14,0.5,2,7,0.286,1,2,0.5,0,4,4,0,0,0,0,2,17,10,5,23
Ryan Anderson,50,48,2016-02-06,27,NOP,A,CLE,-15,0,26:34,2,11,0.182,0,5,0,2,2,1,1,3,4,2,0,0,1,0,6,1.1,-14,13.5
Ryan Anderson,51,49,2016-02-08,27,NOP,A,MIN,14,0,31:18,9,17,0.529,3,4,0.75,5,6,0.833,1,2,3,0,1,1,1,2,26,18.5,14,34.8
Ryan Anderson,52,50,2016-02-10,27,NOP,H,UTA,4,0,23:40,3,10,0.3,0,4,0,1,1,1,0,3,3,1,0,0,0,2,7,2,16,12.3
Ryan Anderson,53,51,2016-02-11,27,NOP,A,OKC,-26,0,21:04,2,12,0.167,0,2,0,0,0,NA,3,2,5,0,0,0,0,1,4,-1.3,-23,10.3
Ryan Anderson,54,52,2016-02-19,27,NOP,H,PHI,7,0,27:47,9,15,0.6,4,6,0.667,4,4,1,0,4,4,1,1,0,2,2,26,19.2,17,35.5
Ryan Anderson,55,53,2016-02-21,27,NOP,A,DET,5,0,24:56,1,12,0.083,0,6,0,4,4,1,0,3,3,0,1,0,0,1,6,-0.5,0,11.8
Ryan Anderson,56,54,2016-02-23,27,NOP,A,WAS,-20,0,24:52,7,11,0.636,2,4,0.5,0,0,NA,1,3,4,2,2,0,1,1,16,14.7,4,28.5
Ryan Anderson,57,55,2016-02-25,27,NOP,H,OKC,4,0,25:32,11,22,0.5,2,6,0.333,2,2,1,4,2,6,0,0,0,1,2,26,16.6,-2,34
Ryan Anderson,58,56,2016-02-27,27,NOP,H,MIN,-2,1,40:20,10,18,0.556,3,7,0.429,8,9,0.889,3,11,14,0,1,2,0,3,31,28.6,2,57.5
Ryan Anderson,59,57,2016-03-02,27,NOP,A,HOU,-5,0,25:19,5,20,0.25,2,7,0.286,2,2,1,5,5,10,0,1,0,3,4,14,3.4,-1,29.5
Ryan Anderson,60,58,2016-03-03,27,NOP,H,SAS,-8,0,12:52,3,10,0.3,1,3,0.333,1,1,1,1,3,4,0,0,0,0,2,8,3,-6,13.5
Ryan Anderson,61,59,2016-03-05,27,NOP,H,UTA,-12,0,22:20,4,10,0.4,1,5,0.2,0,0,NA,0,2,2,2,1,0,1,0,9,5.6,-14,16.5
Ryan Anderson,62,60,2016-03-07,27,NOP,H,SAC,3,0,27:13,6,14,0.429,1,4,0.25,6,8,0.75,3,3,6,2,1,0,1,1,19,14.8,24,31.5
Ryan Anderson,63,61,2016-03-09,27,NOP,A,CHO,-9,0,28:43,0,8,0,0,6,0,3,3,1,0,6,6,1,0,0,0,3,3,-1.3,-4,12
Ryan Anderson,64,62,2016-03-11,27,NOP,A,MEM,-7,0,36:36,8,17,0.471,2,4,0.5,6,7,0.857,8,6,14,3,0,0,3,1,24,21,-12,47
Ryan Anderson,65,63,2016-03-12,27,NOP,A,MIL,-11,0,33:39,5,18,0.278,1,9,0.111,2,2,1,3,3,6,0,1,2,3,2,13,4,-6,25.5
Ryan Anderson,66,64,2016-03-14,27,NOP,A,GSW,-18,0,30:39,6,13,0.462,0,2,0,7,9,0.778,2,2,4,2,0,0,0,3,19,13.7,-3,27
Ryan Anderson,67,65,2016-03-16,27,NOP,A,SAC,15,0,27:55,11,21,0.524,5,6,0.833,2,2,1,2,3,5,3,0,0,1,2,29,21.3,14,41.8
Ryan Anderson,68,66,2016-03-18,27,NOP,H,POR,-5,0,37:00,10,21,0.476,2,9,0.222,8,8,1,1,6,7,3,0,1,0,1,30,24.2,10,46.3
Alonzo Gee,1,1,2015-10-27,28,NOP,A,GSW,-16,0,26:56,4,5,0.8,0,0,NA,0,0,NA,0,5,5,1,3,0,3,3,8,7.1,-8,20.3
Alonzo Gee,2,2,2015-10-28,28,NOP,A,POR,-18,0,17:55,1,3,0.333,0,1,0,1,1,1,0,1,1,2,0,0,1,2,3,1.2,-30,6.8
Alonzo Gee,3,3,2015-10-31,28,NOP,H,GSW,-14,0,16:13,1,3,0.333,0,1,0,0,0,NA,0,2,2,0,0,0,0,1,2,0.5,-16,4.5
Alonzo Gee,4,4,2015-11-03,28,NOP,H,ORL,-9,0,9:57,1,4,0.25,0,1,0,0,0,NA,2,0,2,0,1,0,1,0,2,1,-11,6
Alonzo Gee,5,5,2015-11-06,28,NOP,H,ATL,-6,0,4:17,0,2,0,0,0,NA,0,0,NA,1,0,1,0,0,0,0,0,0,-0.7,-5,1.3
Alonzo Gee,6,6,2015-11-07,28,NOP,A,DAL,-9,0,9:29,1,2,0.5,0,1,0,0,0,NA,0,1,1,0,1,1,1,1,2,1.6,12,6.8
Alonzo Gee,7,7,2015-11-10,28,NOP,H,DAL,15,0,22:16,4,7,0.571,0,1,0,0,0,NA,2,5,7,0,2,0,2,6,8,5.2,11,19.8
Alonzo Gee,8,8,2015-11-11,28,NOP,A,ATL,-8,0,29:37,3,4,0.75,1,2,0.5,0,0,NA,0,1,1,0,1,0,1,5,7,3.7,-5,10.3
Alonzo Gee,9,9,2015-11-13,28,NOP,A,TOR,-19,1,24:38,0,3,0,0,1,0,0,0,NA,1,3,4,2,2,0,0,4,0,1.3,-15,12
Alonzo Gee,10,10,2015-11-15,28,NOP,A,NYK,-8,1,25:39,1,4,0.25,0,2,0,0,0,NA,1,3,4,1,2,0,2,3,2,0.7,-2,11.5
Alonzo Gee,11,11,2015-11-17,28,NOP,H,DEN,-17,1,21:38,0,1,0,0,0,NA,0,0,NA,1,5,6,0,0,1,2,4,0,-1.4,-14,8.5
Alonzo Gee,12,12,2015-11-18,28,NOP,A,OKC,-7,1,30:40,1,2,0.5,1,2,0.5,0,0,NA,2,4,6,0,1,1,1,2,3,4.5,-2,14.5
Alonzo Gee,13,13,2015-11-20,28,NOP,H,SAS,14,1,17:52,2,2,1,0,0,NA,0,0,NA,0,1,1,0,1,0,0,2,4,3.9,1,7.3
Alonzo Gee,14,14,2015-11-22,28,NOP,H,PHO,6,1,38:15,3,6,0.5,0,2,0,2,2,1,1,6,7,5,3,0,1,3,8,11.8,13,29.8
Alonzo Gee,15,15,2015-11-25,28,NOP,A,PHO,6,1,15:34,0,3,0,0,0,NA,0,0,NA,0,1,1,0,1,1,2,4,0,-3.7,-2,4.3
Alonzo Gee,16,16,2015-11-27,28,NOP,A,LAC,-21,1,33:18,1,4,0.25,0,0,NA,0,0,NA,1,5,6,2,0,0,0,2,2,2.4,-24,12.5
Alonzo Gee,17,17,2015-11-28,28,NOP,A,UTA,-14,1,26:02,4,5,0.8,0,1,0,0,0,NA,0,2,2,2,2,0,1,3,8,7.9,8,17
Alonzo Gee,18,18,2015-12-01,28,NOP,H,MEM,-9,1,28:16,3,4,0.75,0,0,NA,0,0,NA,0,1,1,0,0,0,1,2,6,2.9,5,6.8
Alonzo Gee,19,19,2015-12-02,28,NOP,A,HOU,-7,1,23:02,1,1,1,0,0,NA,2,2,1,2,1,3,2,0,0,1,4,4,4.2,-6,10.3
Alonzo Gee,20,20,2015-12-04,28,NOP,H,CLE,6,1,12:32,1,3,0.333,0,1,0,1,2,0.5,0,1,1,1,0,0,1,4,3,-0.7,-13,5.3
Alonzo Gee,21,21,2015-12-07,28,NOP,H,BOS,-18,1,12:43,3,3,1,1,1,1,1,1,1,0,1,1,1,0,0,0,0,8,8.1,-8,11.3
Alonzo Gee,22,22,2015-12-11,28,NOP,H,WAS,2,1,17:22,0,2,0,0,0,NA,0,0,NA,1,2,3,2,0,0,1,2,0,-0.5,-3,6.3
Alonzo Gee,23,23,2015-12-12,28,NOP,A,CHI,-4,1,37:26,4,6,0.667,1,1,1,0,0,NA,1,4,5,2,5,0,1,5,9,11.7,0,28.3
Alonzo Gee,24,24,2015-12-14,28,NOP,A,POR,-4,1,10:19,0,0,NA,0,0,NA,0,0,NA,0,0,0,1,0,0,0,2,0,-0.1,-15,1.5
Alonzo Gee,25,25,2015-12-16,28,NOP,A,UTA,10,1,23:17,3,3,1,1,1,1,1,2,0.5,0,1,1,2,1,0,0,4,8,7.8,-7,14.8
Alonzo Gee,26,26,2015-12-18,28,NOP,A,PHO,-16,1,20:39,2,3,0.667,1,1,1,0,0,NA,2,3,5,1,0,1,1,2,5,5.6,-15,14.8
Alonzo Gee,27,27,2015-12-20,28,NOP,A,DEN,5,1,16:45,2,4,0.5,0,2,0,0,0,NA,0,2,2,1,1,0,0,3,4,3.1,16,10
Alonzo Gee,28,28,2015-12-23,28,NOP,H,POR,26,1,28:27,3,4,0.75,2,2,1,0,0,NA,1,4,5,1,0,1,1,2,8,7.9,21,18.3
Alonzo Gee,29,29,2015-12-25,28,NOP,A,MIA,-6,1,17:27,0,2,0,0,2,0,0,0,NA,1,2,3,1,0,0,0,2,0,-0.2,-14,5.3
Alonzo Gee,30,30,2015-12-26,28,NOP,H,HOU,2,1,20:37,2,6,0.333,1,3,0.333,0,0,NA,0,0,0,1,0,0,0,0,5,2.3,-1,7
Alonzo Gee,31,31,2015-12-28,28,NOP,A,ORL,-15,1,15:37,1,3,0.333,0,1,0,0,0,NA,1,1,2,0,0,0,0,2,2,0.5,-15,4.5
Alonzo Gee,32,32,2015-12-31,28,NOP,H,LAC,-6,1,13:40,0,2,0,0,0,NA,0,0,NA,0,0,0,1,0,0,0,2,0,-1.5,-5,1.5
Alonzo Gee,33,33,2016-01-02,28,NOP,A,DAL,7,1,25:21,2,3,0.667,0,0,NA,1,2,0.5,0,8,8,2,0,0,0,3,5,5.9,4,18
Alonzo Gee,34,34,2016-01-06,28,NOP,H,DAL,-9,1,17:41,0,4,0,0,3,0,0,0,NA,1,5,6,1,0,0,0,1,0,-0.3,8,9
Alonzo Gee,35,35,2016-01-08,28,NOP,H,IND,-5,0,0:06,0,0,NA,0,0,NA,0,0,NA,0,0,0,0,0,0,0,0,0,0,-2,0
Alonzo Gee,36,36,2016-01-10,28,NOP,A,LAC,-3,0,6:26,0,0,NA,0,0,NA,0,0,NA,0,0,0,0,0,0,0,0,0,0,-1,0
Alonzo Gee,37,37,2016-01-12,28,NOP,A,LAL,-4,0,16:16,1,1,1,0,0,NA,3,4,0.75,1,1,2,0,0,0,0,2,5,4.5,-7,7.5
Alonzo Gee,38,38,2016-01-13,28,NOP,A,SAC,12,0,17:48,2,4,0.5,1,1,1,0,0,NA,0,4,4,2,0,0,1,0,5,4.6,7,13
Alonzo Gee,39,39,2016-01-15,28,NOP,H,CHO,2,0,29:21,3,5,0.6,0,1,0,2,2,1,3,6,9,0,2,1,0,2,8,11.5,1,25.3
Alonzo Gee,40,40,2016-01-18,28,NOP,A,MEM,-2,0,23:32,0,2,0,0,0,NA,2,2,1,2,4,6,1,0,0,2,3,2,0.7,-8,10
Alonzo Gee,41,41,2016-01-19,28,NOP,H,MIN,15,0,29:47,2,2,1,0,0,NA,3,3,1,1,3,4,1,2,0,1,2,7,8.9,8,17
Alonzo Gee,42,42,2016-01-21,28,NOP,H,DET,16,0,29:04,3,4,0.75,1,2,0.5,0,0,NA,2,7,9,1,1,1,0,1,7,10.9,9,24.3
Alonzo Gee,43,43,2016-01-23,28,NOP,H,MIL,17,1,35:22,5,9,0.556,0,0,NA,2,2,1,3,3,6,3,1,0,0,4,12,12.2,18,26
Alonzo Gee,44,44,2016-01-25,28,NOP,H,HOU,-1,1,32:55,2,7,0.286,1,3,0.333,0,2,0,2,8,10,1,2,0,0,3,5,5.4,-6,23.5
Alonzo Gee,45,45,2016-01-28,28,NOP,H,SAC,9,1,28:37,3,4,0.75,0,1,0,4,4,1,0,2,2,0,5,0,1,2,10,12.2,20,22
Alonzo Gee,46,46,2016-01-30,28,NOP,H,BRK,2,1,39:04,2,4,0.5,0,1,0,0,0,NA,0,2,2,2,2,0,0,1,4,5.6,3,13.5
Alonzo Gee,47,47,2016-02-01,28,NOP,H,MEM,-15,1,25:29,3,6,0.5,2,4,0.5,0,0,NA,0,0,0,1,1,0,1,1,8,5.3,1,12
Alonzo Gee,48,48,2016-02-03,28,NOP,A,SAS,-13,1,17:42,0,2,0,0,1,0,0,0,NA,0,0,0,0,1,0,1,3,0,-2.6,-8,1.5
Alonzo Gee,49,49,2016-02-04,28,NOP,H,LAL,-3,1,16:19,0,0,NA,0,0,NA,0,0,NA,0,0,0,1,1,0,2,3,0,-1.5,-29,2.5
Alonzo Gee,50,50,2016-02-06,28,NOP,A,CLE,-15,0,16:46,1,4,0.25,0,2,0,1,2,0.5,2,2,4,0,1,0,0,2,3,2.4,-9,10
Alonzo Gee,51,51,2016-02-08,28,NOP,A,MIN,14,0,12:32,1,1,1,0,0,NA,0,0,NA,0,0,0,1,0,1,0,6,2,0.7,0,5.5
Alonzo Gee,52,52,2016-02-10,28,NOP,H,UTA,4,0,20:01,2,2,1,1,1,1,0,0,NA,0,1,1,0,1,0,1,2,5,3.9,8,8.3
Alonzo Gee,53,53,2016-02-11,28,NOP,A,OKC,-26,1,32:42,2,5,0.4,0,1,0,0,0,NA,0,1,1,1,1,0,0,1,4,2.9,-19,8.8
Alonzo Gee,54,54,2016-02-19,28,NOP,H,PHI,7,0,17:07,1,2,0.5,0,0,NA,0,0,NA,0,2,2,1,3,0,0,2,2,4.5,11,12
Alonzo Gee,55,55,2016-02-21,28,NOP,A,DET,5,0,26:46,0,0,NA,0,0,NA,0,0,NA,0,4,4,2,0,1,0,4,0,1.7,0,10
Alonzo Gee,56,56,2016-02-23,28,NOP,A,WAS,-20,0,16:17,1,4,0.25,0,1,0,3,7,0.429,0,0,0,0,1,0,2,1,5,-0.4,1,6
Alonzo Gee,57,57,2016-02-25,28,NOP,H,OKC,4,1,23:14,0,0,NA,0,0,NA,0,0,NA,0,1,1,2,0,0,0,4,0,0.1,-6,4.3
Alonzo Gee,58,58,2016-02-27,28,NOP,H,MIN,-2,0,18:45,1,3,0.333,0,1,0,0,0,NA,1,6,7,0,0,0,0,2,2,2,0,10.8
Alonzo Gee,59,59,2016-03-02,28,NOP,A,HOU,-5,0,12:15,0,0,NA,0,0,NA,0,0,NA,0,2,2,0,0,0,1,3,0,-1.6,-2,2
Alonzo Gee,60,60,2016-03-03,28,NOP,H,SAS,-8,0,15:55,1,3,0.333,0,0,NA,0,0,NA,3,2,5,0,0,1,1,0,2,2.7,-5,9.8
Alonzo Gee,61,61,2016-03-05,28,NOP,H,UTA,-12,0,17:51,2,2,1,0,0,NA,0,1,0,1,1,2,3,0,0,0,3,4,4.9,-18,11
Alonzo Gee,62,62,2016-03-07,28,NOP,H,SAC,3,0,19:37,4,6,0.667,0,0,NA,1,1,1,3,4,7,0,0,0,0,2,9,8.9,11,17.8
Alonzo Gee,63,63,2016-03-09,28,NOP,A,CHO,-9,0,24:14,3,3,1,0,0,NA,0,0,NA,1,6,7,1,1,0,0,1,6,8.9,-2,18.3
Alonzo Gee,64,64,2016-03-11,28,NOP,A,MEM,-7,0,25:23,0,0,NA,0,0,NA,0,2,0,0,4,4,0,1,0,0,2,0,0.6,-9,7
Alonzo Gee,65,65,2016-03-12,28,NOP,A,MIL,-11,0,33:44,4,5,0.8,0,1,0,2,4,0.5,2,3,5,4,0,0,0,4,10,10.8,1,22.3
Alonzo Gee,66,66,2016-03-14,28,NOP,A,GSW,-18,1,31:15,3,6,0.5,0,1,0,4,4,1,4,1,5,1,4,0,1,2,10,13,-8,25.3
Alonzo Gee,67,67,2016-03-16,28,NOP,A,SAC,15,0,24:27,3,4,0.75,1,1,1,0,0,NA,0,4,4,2,1,1,1,2,7,7.9,19,19
Alonzo Gee,68,68,2016-03-18,28,NOP,H,POR,-5,0,28:08,0,1,0,0,0,NA,0,0,NA,0,5,5,2,1,0,2,2,0,0.4,-4,10.3
Alonzo Gee,69,69,2016-03-20,28,NOP,H,LAC,4,0,27:42,1,5,0.2,0,1,0,2,2,1,1,6,7,0,0,0,3,4,4,-1.2,-3,11.3
Alonzo Gee,70,70,2016-03-22,28,NOP,H,MIA,-14,0,25:36,3,3,1,0,0,NA,1,1,1,1,1,2,0,0,1,2,4,7,4.2,-1,10.5
Alonzo Gee,71,71,2016-03-24,28,NOP,A,IND,-8,1,41:21,7,13,0.538,1,2,0.5,2,3,0.667,1,2,3,1,0,0,1,0,17,11.3,0,22.3
Alonzo Gee,72,72,2016-03-26,28,NOP,H,TOR,-24,1,41:00,8,12,0.667,0,1,0,2,4,0.5,3,5,8,2,1,0,3,3,18,13.8,-27,31.5
Alonzo Gee,73,73,2016-03-28,28,NOP,H,NYK,8,0,20:08,4,8,0.5,0,0,NA,1,4,0.25,1,1,2,1,2,0,3,1,9,4.1,-2,15.5
Kendrick Perkins,1,1,2015-10-27,30,NOP,A,GSW,-16,1,15:53,5,5,1,0,0,NA,0,0,NA,0,4,4,1,0,0,0,1,10,10,-12,16.5
Kendrick Perkins,2,2,2015-10-28,30,NOP,A,POR,-18,1,9:28,2,4,0.5,0,0,NA,0,0,NA,1,3,4,0,0,0,0,0,4,3.6,-16,9
Kendrick Perkins,3,3,2015-10-31,30,NOP,H,GSW,-14,1,2:26,1,1,1,0,0,NA,0,0,NA,0,0,0,1,0,0,0,1,2,2,4,3.5
Kendrick Perkins,23,4,2015-12-12,31,NOP,A,CHI,-4,0,0:47,0,0,NA,0,0,NA,0,0,NA,0,0,0,0,0,0,1,0,0,-1,-3,-0.5
Kendrick Perkins,26,5,2015-12-18,31,NOP,A,PHO,-16,0,9:57,1,1,1,0,0,NA,1,2,0.5,1,1,2,0,0,1,1,2,3,2.2,-4,7
Kendrick Perkins,27,6,2015-12-20,31,NOP,A,DEN,5,0,16:46,0,0,NA,0,0,NA,0,0,NA,1,1,2,1,0,1,2,2,0,-0.4,-16,5
Kendrick Perkins,30,7,2015-12-26,31,NOP,H,HOU,2,0,8:16,2,2,1,0,0,NA,0,2,0,1,1,2,0,0,0,0,0,4,3.6,-4,6.5
Kendrick Perkins,31,8,2015-12-28,31,NOP,A,ORL,-15,0,15:26,2,3,0.667,0,0,NA,0,0,NA,2,2,4,1,0,0,1,2,4,3.6,-3,10
Kendrick Perkins,33,9,2016-01-02,31,NOP,A,DAL,7,0,4:10,0,0,NA,0,0,NA,0,0,NA,0,1,1,1,0,0,1,1,0,-0.4,-4,2.3
Kendrick Perkins,45,10,2016-01-28,31,NOP,H,SAC,9,0,6:04,0,0,NA,0,0,NA,0,0,NA,0,0,0,0,0,0,2,1,0,-2.4,1,-1
Kendrick Perkins,55,11,2016-02-21,31,NOP,A,DET,5,0,7:10,0,0,NA,0,0,NA,0,0,NA,1,2,3,0,1,0,0,1,0,1.9,0,5.8
Kendrick Perkins,56,12,2016-02-23,31,NOP,A,WAS,-20,0,17:44,1,1,1,0,0,NA,0,0,NA,1,3,4,0,0,0,3,2,2,-0.5,-12,5.5
Kendrick Perkins,57,13,2016-02-25,31,NOP,H,OKC,4,0,12:50,0,0,NA,0,0,NA,0,0,NA,1,1,2,2,0,0,0,3,0,1.2,5,5.5
Kendrick Perkins,58,14,2016-02-27,31,NOP,H,MIN,-2,0,20:10,1,5,0.2,0,0,NA,0,0,NA,1,2,3,1,1,0,2,4,2,-1.7,-5,8.3
Kendrick Perkins,59,15,2016-03-02,31,NOP,A,HOU,-5,1,22:12,0,1,0,0,0,NA,0,0,NA,0,8,8,1,3,0,2,2,0,2.6,11,16.5
Kendrick Perkins,60,16,2016-03-03,31,NOP,H,SAS,-8,1,26:47,1,2,0.5,0,0,NA,0,0,NA,1,3,4,2,0,0,2,3,2,0.8,-12,9
Kendrick Perkins,61,17,2016-03-05,31,NOP,H,UTA,-12,0,13:00,1,2,0.5,0,0,NA,0,0,NA,1,4,5,0,0,0,1,2,2,1.1,-17,7.8
Kendrick Perkins,62,18,2016-03-07,31,NOP,H,SAC,3,0,17:13,0,0,NA,0,0,NA,0,0,NA,0,2,2,1,1,2,2,1,0,1.3,-2,9
Kendrick Perkins,63,19,2016-03-09,31,NOP,A,CHO,-9,0,14:02,1,1,1,0,0,NA,0,2,0,2,5,7,1,0,1,0,4,2,3.6,3,14.3
Kendrick Perkins,65,20,2016-03-12,31,NOP,A,MIL,-11,0,11:39,1,2,0.5,0,0,NA,0,1,0,0,1,1,1,0,0,0,1,2,1.2,9,4.8
Kendrick Perkins,66,21,2016-03-14,31,NOP,A,GSW,-18,0,5:37,1,2,0.5,0,0,NA,0,0,NA,1,0,1,0,1,0,0,0,2,2.7,6,5.3
Kendrick Perkins,67,22,2016-03-16,31,NOP,A,SAC,15,0,18:52,2,4,0.5,0,0,NA,0,0,NA,0,6,6,0,0,0,1,0,4,2.8,15,11
Kendrick Perkins,68,23,2016-03-18,31,NOP,H,POR,-5,0,17:30,0,1,0,0,0,NA,0,2,0,0,5,5,1,1,1,0,3,0,1.2,1,11.8
Kendrick Perkins,69,24,2016-03-20,31,NOP,H,LAC,4,0,16:01,1,1,1,0,0,NA,1,2,0.5,0,3,3,1,1,0,0,5,3,2.9,3,10.3
Kendrick Perkins,70,25,2016-03-22,31,NOP,H,MIA,-14,0,23:11,2,3,0.667,0,0,NA,0,0,NA,2,3,5,0,0,0,3,3,4,0.8,-4,8.8
Kendrick Perkins,71,26,2016-03-24,31,NOP,A,IND,-8,0,19:07,0,3,0,0,0,NA,1,2,0.5,1,4,5,2,0,0,0,2,1,1,3,10.3
Kendrick Perkins,72,27,2016-03-26,31,NOP,H,TOR,-24,0,15:55,1,1,1,0,0,NA,0,0,NA,0,4,4,2,1,0,0,2,2,4.5,-3,12
Kendrick Perkins,73,28,2016-03-28,31,NOP,H,NYK,8,0,21:14,0,0,NA,0,0,NA,3,4,0.75,2,6,8,0,0,1,0,1,3,6.1,15,15
Kendrick Perkins,74,29,2016-03-30,31,NOP,A,SAS,-8,0,18:30,1,1,1,0,0,NA,0,0,NA,0,4,4,2,0,0,4,2,2,-0.5,6,8
Kendrick Perkins,75,30,2016-03-31,31,NOP,H,DEN,6,0,8:08,2,2,1,0,0,NA,0,0,NA,0,1,1,0,0,0,1,2,4,1.9,0,4.8
Kendrick Perkins,76,31,2016-04-03,31,NOP,A,BRK,19,0,14:56,3,3,1,0,0,NA,1,2,0.5,0,1,1,1,1,1,1,2,7,6.6,7,13.3
Kendrick Perkins,77,32,2016-04-05,31,NOP,A,PHI,-14,0,22:42,4,7,0.571,0,0,NA,0,0,NA,0,7,7,2,0,0,0,0,8,8.2,-23,19.8
Kendrick Perkins,78,33,2016-04-06,31,NOP,A,BOS,-7,0,19:01,1,4,0.25,0,0,NA,1,2,0.5,1,3,4,0,0,0,2,0,3,-0.2,14,7
Kendrick Perkins,79,34,2016-04-08,31,NOP,H,LAL,8,0,16:05,1,3,0.333,0,0,NA,0,0,NA,1,2,3,1,0,2,0,3,2,2.5,1,11.3
Kendrick Perkins,80,35,2016-04-09,31,NOP,H,PHO,-21,0,16:28,0,2,0,0,0,NA,1,2,0.5,1,3,4,1,0,0,2,3,1,-1.7,1,6.5
Kendrick Perkins,81,36,2016-04-11,31,NOP,H,CHI,-5,0,16:30,0,1,0,0,0,NA,0,0,NA,1,3,4,1,0,1,1,2,0,0.5,-10,8
Kendrick Perkins,82,37,2016-04-13,31,NOP,A,MIN,-35,0,20:14,2,7,0.286,0,0,NA,2,2,1,1,4,5,3,0,0,6,1,6,-0.5,-31,13.8
Jrue Holiday,2,1,2015-10-28,25,NOP,A,POR,-18,1,21:07,5,14,0.357,1,4,0.25,1,1,1,0,1,1,3,0,0,2,2,12,3.8,-13,17.3
Jrue Holiday,3,2,2015-10-31,25,NOP,H,GSW,-14,1,26:45,8,19,0.421,1,4,0.25,5,5,1,0,2,2,6,0,0,4,4,22,11.1,-11,32
Jrue Holiday,4,3,2015-11-03,25,NOP,H,ORL,-9,1,23:24,4,13,0.308,2,3,0.667,4,6,0.667,0,2,2,4,2,1,3,0,14,8.8,8,28
Jrue Holiday,5,4,2015-11-06,25,NOP,H,ATL,-6,1,23:00,1,2,0.5,1,2,0.5,1,2,0.5,0,1,1,8,1,0,7,0,4,2.5,0,16.3
Jrue Holiday,7,5,2015-11-10,25,NOP,H,DAL,15,1,15:29,4,5,0.8,2,2,1,0,0,NA,0,1,1,3,2,0,1,2,10,10.7,10,20.3
Jrue Holiday,9,6,2015-11-13,25,NOP,A,TOR,-19,1,21:11,8,14,0.571,2,4,0.5,1,2,0.5,0,0,0,3,2,0,2,1,19,13.7,-15,27.5
Jrue Holiday,10,7,2015-11-15,25,NOP,A,NYK,-8,1,24:46,2,8,0.25,0,1,0,3,4,0.75,0,3,3,4,1,0,3,3,7,2.3,-9,17.3
Jrue Holiday,11,8,2015-11-17,25,NOP,H,DEN,-17,1,22:42,4,13,0.308,0,4,0,2,2,1,0,1,1,7,0,1,1,1,10,7,-20,23.3
Jrue Holiday,13,9,2015-11-20,25,NOP,H,SAS,14,1,23:52,3,10,0.3,0,2,0,3,3,1,0,3,3,7,0,1,1,4,9,7.1,6,24.8
Jrue Holiday,14,10,2015-11-22,25,NOP,H,PHO,6,1,22:57,3,6,0.5,0,0,NA,2,4,0.5,0,0,0,4,0,0,1,6,8,3.6,-7,13.5
Jrue Holiday,15,11,2015-11-25,25,NOP,A,PHO,6,1,25:01,6,15,0.4,1,4,0.25,6,6,1,0,2,2,5,0,1,2,4,19,12.1,8,30.5
Jrue Holiday,16,12,2015-11-27,25,NOP,A,LAC,-21,1,13:00,3,6,0.5,0,2,0,1,2,0.5,0,2,2,3,0,0,2,4,7,2.7,-4,13
Jrue Holiday,17,13,2015-11-28,25,NOP,A,UTA,-14,1,14:22,0,4,0,0,1,0,2,2,1,0,2,2,2,0,0,4,1,2,-3.2,-6,5.5
Jrue Holiday,18,14,2015-12-01,25,NOP,H,MEM,-9,1,25:58,4,7,0.571,2,4,0.5,2,2,1,0,1,1,4,1,0,2,1,12,10.4,6,21.3
Jrue Holiday,20,15,2015-12-04,25,NOP,H,CLE,6,0,25:01,5,10,0.5,1,2,0.5,2,3,0.667,2,5,7,5,2,0,2,3,13,12.8,11,32.8
Jrue Holiday,21,16,2015-12-07,25,NOP,H,BOS,-18,0,22:13,4,9,0.444,1,2,0.5,5,5,1,0,2,2,6,1,1,1,1,14,14.4,-4,29.5
Jrue Holiday,22,17,2015-12-11,25,NOP,H,WAS,2,0,26:44,6,10,0.6,5,7,0.714,2,2,1,0,0,0,6,3,0,4,3,19,16.4,3,34.5
Jrue Holiday,24,18,2015-12-14,25,NOP,A,POR,-4,0,28:41,7,14,0.5,3,6,0.5,2,2,1,0,5,5,2,2,1,2,3,19,14.4,17,34.8
Jrue Holiday,25,19,2015-12-16,25,NOP,A,UTA,10,0,23:33,6,10,0.6,2,3,0.667,1,1,1,2,1,3,4,2,1,0,2,15,16.8,11,31.8
Jrue Holiday,26,20,2015-12-18,25,NOP,A,PHO,-16,0,26:50,4,13,0.308,1,6,0.167,5,8,0.625,0,2,2,4,0,0,2,2,14,5.9,-18,22
Jrue Holiday,27,21,2015-12-20,25,NOP,A,DEN,5,0,24:44,7,13,0.538,2,5,0.4,5,8,0.625,0,3,3,5,2,1,1,3,21,18.4,-11,38.8
Jrue Holiday,28,22,2015-12-23,25,NOP,H,POR,26,0,20:52,7,13,0.538,3,5,0.6,2,2,1,0,2,2,5,0,0,0,1,19,16.4,7,30.5
Jrue Holiday,29,23,2015-12-25,25,NOP,A,MIA,-6,0,26:47,4,9,0.444,1,3,0.333,0,0,NA,0,3,3,2,0,0,2,2,9,3.8,-2,15.3
Jrue Holiday,30,24,2015-12-26,25,NOP,H,HOU,2,0,27:11,3,7,0.429,1,2,0.5,2,3,0.667,0,2,2,3,1,1,2,3,9,6.1,6,19.5
Jrue Holiday,31,25,2015-12-28,25,NOP,A,ORL,-15,0,25:48,4,10,0.4,1,2,0.5,2,2,1,0,2,2,4,1,1,1,0,11,9.7,5,23.5
Jrue Holiday,32,26,2015-12-31,25,NOP,H,LAC,-6,0,27:54,4,8,0.5,1,2,0.5,2,2,1,1,1,2,6,1,0,5,5,11,6.2,-1,22.5
Jrue Holiday,33,27,2016-01-02,25,NOP,A,DAL,7,0,30:01,8,14,0.571,2,6,0.333,2,4,0.5,0,3,3,5,2,1,3,1,20,16.3,1,36.8
Jrue Holiday,34,28,2016-01-06,25,NOP,H,DAL,-9,0,29:20,5,13,0.385,1,3,0.333,0,0,NA,1,5,6,6,1,0,2,5,11,7.3,-16,29
Jrue Holiday,35,29,2016-01-08,25,NOP,H,IND,-5,0,35:15,5,12,0.417,1,2,0.5,4,6,0.667,0,0,0,4,4,2,3,2,15,12.2,-4,32
Jrue Holiday,36,30,2016-01-10,25,NOP,A,LAC,-3,0,36:14,11,27,0.407,1,4,0.25,6,8,0.75,3,8,11,4,3,0,3,3,29,19.8,-4,55.3
Jrue Holiday,37,31,2016-01-12,25,NOP,A,LAL,-4,0,26:19,7,18,0.389,0,4,0,0,0,NA,0,5,5,4,0,0,0,1,14,8.1,-5,26.3
Jrue Holiday,38,32,2016-01-13,25,NOP,A,SAC,12,0,27:26,2,12,0.167,0,4,0,2,2,1,0,3,3,10,1,0,1,4,6,4.7,8,26.3
Jrue Holiday,39,33,2016-01-15,25,NOP,H,CHO,2,0,27:24,6,14,0.429,1,3,0.333,0,0,NA,1,5,6,10,0,0,2,2,13,12,6,36.5
Jrue Holiday,40,34,2016-01-18,25,NOP,A,MEM,-2,0,28:57,9,13,0.692,1,2,0.5,4,4,1,0,2,2,9,0,0,3,2,23,20.6,4,38
Jrue Holiday,41,35,2016-01-19,25,NOP,H,MIN,15,0,27:05,7,14,0.5,2,3,0.667,3,4,0.75,1,1,2,9,1,0,1,0,19,18.9,17,37.5
Jrue Holiday,42,36,2016-01-21,25,NOP,H,DET,16,0,22:29,3,11,0.273,0,1,0,0,0,NA,0,2,2,4,1,0,1,0,6,2.9,6,16
Jrue Holiday,43,37,2016-01-23,25,NOP,H,MIL,17,0,24:52,6,11,0.545,1,2,0.5,0,0,NA,0,4,4,9,3,0,2,3,13,15,32,37
Jrue Holiday,44,38,2016-01-25,25,NOP,H,HOU,-1,0,36:09,13,21,0.619,2,5,0.4,4,5,0.8,1,5,6,9,3,0,4,2,32,28.8,16,58
Jrue Holiday,45,39,2016-01-28,25,NOP,H,SAC,9,0,33:47,8,24,0.333,1,4,0.25,8,8,1,3,2,5,8,0,0,0,3,25,18.5,10,43.8
Jrue Holiday,46,40,2016-01-30,25,NOP,H,BRK,2,0,23:30,10,19,0.526,3,7,0.429,3,3,1,0,0,0,7,0,0,3,3,26,17.4,3,36.5
Jrue Holiday,47,41,2016-02-01,25,NOP,H,MEM,-15,0,27:09,1,14,0.071,0,4,0,2,4,0.5,0,1,1,4,0,2,2,2,4,-4.5,-12,14.3
Jrue Holiday,48,42,2016-02-03,25,NOP,A,SAS,-13,0,30:09,8,18,0.444,0,4,0,4,4,1,2,2,4,5,2,0,3,3,20,13.9,-19,35
Jrue Holiday,49,43,2016-02-04,25,NOP,H,LAL,-3,0,34:00,9,20,0.45,1,6,0.167,0,0,NA,0,0,0,9,1,1,2,1,19,14.2,13,36
Jrue Holiday,50,44,2016-02-06,25,NOP,A,CLE,-15,0,28:25,5,18,0.278,1,4,0.25,1,2,0.5,2,3,5,4,2,0,0,1,12,7.7,-15,28.8
Jrue Holiday,51,45,2016-02-08,25,NOP,A,MIN,14,0,27:56,11,23,0.478,3,7,0.429,2,2,1,1,5,6,9,3,0,1,0,27,25.8,26,55
Jrue Holiday,52,46,2016-02-10,25,NOP,H,UTA,4,0,30:59,9,19,0.474,0,3,0,3,4,0.75,2,4,6,9,2,1,5,3,21,16.3,13,45.5
Jrue Holiday,53,47,2016-02-11,25,NOP,A,OKC,-26,0,31:31,11,20,0.55,1,4,0.25,0,0,NA,0,4,4,6,5,0,4,1,23,19.4,-17,45.5
Jrue Holiday,54,48,2016-02-19,25,NOP,H,PHI,7,0,33:25,8,17,0.471,1,4,0.25,7,8,0.875,0,3,3,12,4,0,4,1,24,23.8,22,53.8
Jrue Holiday,55,49,2016-02-21,25,NOP,A,DET,5,0,32:18,6,14,0.429,0,4,0,8,9,0.889,2,5,7,9,0,0,5,3,20,15.2,4,39.8
Jrue Holiday,56,50,2016-02-23,25,NOP,A,WAS,-20,0,31:59,7,21,0.333,0,5,0,6,7,0.857,0,4,4,7,0,0,3,3,20,9.6,1,34
Jrue Holiday,57,51,2016-02-25,25,NOP,H,OKC,4,0,25:45,8,12,0.667,2,3,0.667,4,4,1,0,1,1,9,1,0,4,5,22,18.4,8,37.8
Jrue Holiday,58,52,2016-02-27,25,NOP,H,MIN,-2,0,35:30,8,13,0.615,1,3,0.333,3,3,1,0,2,2,8,2,1,6,1,20,16.6,4,38
Jrue Holiday,59,53,2016-03-02,25,NOP,A,HOU,-5,0,29:44,5,13,0.385,1,7,0.143,2,2,1,0,3,3,8,1,0,5,3,13,7.2,-4,28.8
Jrue Holiday,60,54,2016-03-03,25,NOP,H,SAS,-8,0,27:50,5,17,0.294,1,4,0.25,2,2,1,1,2,3,7,2,0,1,0,13,10.3,-6,31.3
Jrue Holiday,61,55,2016-03-05,25,NOP,H,UTA,-12,0,37:29,9,22,0.409,3,7,0.429,1,1,1,0,2,2,7,2,0,3,4,22,13.1,-8,39
Jrue Holiday,62,56,2016-03-07,25,NOP,H,SAC,3,1,35:39,9,18,0.5,1,5,0.2,1,1,1,0,4,4,10,4,1,3,2,20,20.1,-4,50.5
Jrue Holiday,63,57,2016-03-09,25,NOP,A,CHO,-9,1,37:58,13,23,0.565,5,9,0.556,7,7,1,0,4,4,6,0,0,4,3,38,27.3,-4,52.5
Jrue Holiday,64,58,2016-03-11,25,NOP,A,MEM,-7,1,40:31,12,27,0.444,2,7,0.286,8,10,0.8,0,5,5,10,0,1,7,4,34,19.7,3,56.3
Jrue Holiday,65,59,2016-03-12,25,NOP,A,MIL,-11,0,29:14,4,13,0.308,0,6,0,0,0,NA,0,3,3,4,1,1,7,3,8,-2.3,2,18.3
Jrue Holiday,66,60,2016-03-14,25,NOP,A,GSW,-18,1,28:08,5,16,0.313,1,5,0.2,2,2,1,0,4,4,4,2,0,1,1,13,8.4,-28,28
Jrue Holiday,67,61,2016-03-16,25,NOP,A,SAC,15,1,28:20,7,14,0.5,1,3,0.333,2,2,1,0,0,0,4,0,0,3,1,17,9.4,6,22
Jrue Holiday,68,62,2016-03-18,25,NOP,H,POR,-5,1,38:22,11,19,0.579,4,4,1,4,4,1,0,2,2,6,2,0,1,5,30,24.9,3,47
Jrue Holiday,69,63,2016-03-20,25,NOP,H,LAC,4,1,39:15,7,17,0.412,3,6,0.5,5,6,0.833,1,1,2,8,1,1,5,4,22,14.2,1,39.5
Jrue Holiday,70,64,2016-03-22,25,NOP,H,MIA,-14,1,36:24,7,23,0.304,3,8,0.375,7,7,1,0,5,5,7,4,0,1,2,24,19.3,-17,49.8
Jrue Holiday,73,65,2016-03-28,25,NOP,H,NYK,8,1,34:12,9,19,0.474,2,5,0.4,2,2,1,1,5,6,6,4,0,2,0,22,20.7,4,46.5
Bryce Dejean-Jones,1,1,2016-01-21,23,NOP,H,DET,16,0,0:30,0,0,NA,0,0,NA,0,0,NA,0,0,0,0,0,0,0,0,0,0,-3,NA
Bryce Dejean-Jones,2,2,2016-01-23,23,NOP,H,MIL,17,0,1:33,1,1,1,1,1,1,0,0,NA,0,0,0,0,0,0,0,0,3,2.7,2,3.5
Bryce Dejean-Jones,3,3,2016-01-25,23,NOP,H,HOU,-1,0,5:57,0,1,0,0,1,0,0,0,NA,0,4,4,0,0,0,0,1,0,0.1,2,5
Bryce Dejean-Jones,4,4,2016-01-28,23,NOP,H,SAC,9,1,34:53,5,12,0.417,3,6,0.5,1,6,0.167,1,1,2,2,2,1,1,2,14,8.9,-14,26.5
Bryce Dejean-Jones,5,5,2016-01-30,23,NOP,H,BRK,2,1,35:58,3,7,0.429,1,3,0.333,1,1,1,2,7,9,1,1,0,1,2,8,7.7,2,22.8
Bryce Dejean-Jones,6,6,2016-02-01,23,NOP,H,MEM,-15,1,23:32,3,7,0.429,1,3,0.333,2,2,1,3,2,5,1,2,0,0,0,9,10.7,-4,21.3
Bryce Dejean-Jones,7,7,2016-02-03,23,NOP,A,SAS,-13,1,22:54,3,7,0.429,2,5,0.4,0,0,NA,0,3,3,1,1,0,3,3,8,2.7,7,14.8
Bryce Dejean-Jones,8,8,2016-02-04,23,NOP,H,LAL,-3,1,43:14,6,10,0.6,1,3,0.333,4,8,0.5,1,8,9,1,2,0,1,1,17,15.2,4,33.8
Bryce Dejean-Jones,9,9,2016-02-06,23,NOP,A,CLE,-15,1,19:35,0,2,0,0,2,0,1,2,0.5,0,1,1,2,0,0,0,0,1,0.9,0,5.3
Bryce Dejean-Jones,10,10,2016-02-08,23,NOP,A,MIN,14,1,12:24,0,4,0,0,1,0,0,0,NA,1,3,4,2,0,0,1,3,0,-2,-6,7.5
Bryce Dejean-Jones,11,11,2016-02-10,23,NOP,H,UTA,4,1,18:58,3,5,0.6,1,1,1,2,2,1,0,2,2,2,1,0,0,0,9,9.7,-8,17
Bryce Dejean-Jones,12,12,2016-02-19,23,NOP,H,PHI,7,1,17:18,2,5,0.4,1,2,0.5,0,0,NA,0,4,4,1,0,0,3,2,5,0.4,-6,NA
Bryce Dejean-Jones,13,13,2016-02-21,23,NOP,A,DET,5,1,20:39,2,3,0.667,1,2,0.5,0,0,NA,0,3,3,2,1,0,1,2,5,5.2,4,13.8
Bryce Dejean-Jones,14,14,2016-02-23,23,NOP,A,WAS,-20,1,21:09,0,5,0,0,2,0,0,0,NA,0,2,2,0,0,1,0,1,0,-2.6,-19,4.5
Alexis Ajinca,1,1,2015-10-27,27,NOP,A,GSW,-16,0,16:56,3,7,0.429,0,0,NA,0,0,NA,3,1,4,0,0,0,1,3,6,2.5,4,10.5
Alexis Ajinca,2,2,2015-10-28,27,NOP,A,POR,-18,0,7:21,0,3,0,0,0,NA,2,2,1,1,1,2,0,0,0,0,2,2,0.1,-10,4.5
Alexis Ajinca,3,3,2015-10-31,27,NOP,H,GSW,-14,0,6:09,3,5,0.6,0,0,NA,1,1,1,4,1,5,1,1,0,0,0,7,9.5,5,16.8
Alexis Ajinca,4,4,2015-11-03,27,NOP,H,ORL,-9,1,20:29,2,5,0.4,0,0,NA,0,0,NA,1,3,4,1,0,2,1,2,4,3.2,-1,14
Alexis Ajinca,5,5,2015-11-06,27,NOP,H,ATL,-6,0,8:44,2,2,1,0,0,NA,0,0,NA,0,2,2,0,1,1,0,1,4,5.3,0,10.5
Alexis Ajinca,6,6,2015-11-07,27,NOP,A,DAL,-9,1,16:26,4,5,0.8,0,0,NA,0,0,NA,3,3,6,0,0,0,1,1,8,7.7,7,15
Alexis Ajinca,7,7,2015-11-10,27,NOP,H,DAL,15,0,5:26,0,1,0,0,0,NA,0,0,NA,0,1,1,0,1,1,0,1,0,0.9,-12,5.3
Alexis Ajinca,8,8,2015-11-11,27,NOP,A,ATL,-8,0,8:41,0,3,0,0,0,NA,0,0,NA,1,3,4,1,0,0,1,1,0,-1.2,2,6
Alexis Ajinca,9,9,2015-11-13,27,NOP,A,TOR,-19,0,23:45,5,9,0.556,0,0,NA,0,0,NA,2,7,9,0,1,0,1,5,10,7.2,-3,22.8
Alexis Ajinca,10,10,2015-11-15,27,NOP,A,NYK,-8,0,7:01,0,1,0,0,0,NA,0,0,NA,1,0,1,0,0,0,3,2,0,-3.8,-9,-0.3
Alexis Ajinca,11,11,2015-11-17,27,NOP,H,DEN,-17,0,4:09,2,3,0.667,0,0,NA,0,0,NA,0,0,0,0,0,1,0,3,4,2.2,-9,6
Alexis Ajinca,12,12,2015-11-18,27,NOP,A,OKC,-7,1,22:38,6,8,0.75,0,0,NA,0,0,NA,1,9,10,1,0,2,1,5,12,11.3,-11,31
Alexis Ajinca,13,13,2015-11-20,27,NOP,H,SAS,14,0,11:30,2,4,0.5,0,0,NA,4,4,1,0,3,3,0,0,0,0,3,8,5.7,2,11.8
Alexis Ajinca,17,14,2015-11-28,27,NOP,A,UTA,-14,0,4:21,1,2,0.5,0,0,NA,0,0,NA,0,0,0,0,0,0,0,1,2,0.6,-9,2
Alexis Ajinca,18,15,2015-12-01,27,NOP,H,MEM,-9,1,12:36,5,6,0.833,0,0,NA,0,0,NA,1,2,3,0,0,0,0,4,10,7.5,9,13.8
Alexis Ajinca,19,16,2015-12-02,27,NOP,A,HOU,-7,0,9:29,3,6,0.5,0,0,NA,0,0,NA,1,2,3,0,0,1,2,4,6,1.4,2,10.8
Alexis Ajinca,21,17,2015-12-07,27,NOP,H,BOS,-18,0,19:20,6,9,0.667,0,0,NA,0,0,NA,3,6,9,1,0,0,0,1,12,12.3,7,24.8
Alexis Ajinca,22,18,2015-12-11,27,NOP,H,WAS,2,0,22:30,3,8,0.375,0,0,NA,1,2,0.5,1,9,10,0,0,0,1,2,7,3.8,-3,19
Alexis Ajinca,23,19,2015-12-12,27,NOP,A,CHI,-4,1,26:04,3,7,0.429,0,0,NA,0,0,NA,2,4,6,2,0,2,1,3,6,5.5,-7,20
Alexis Ajinca,24,20,2015-12-14,27,NOP,A,POR,-4,1,11:29,1,3,0.333,0,0,NA,0,0,NA,0,0,0,0,0,0,1,3,2,-1.9,-7,1.5
Alexis Ajinca,25,21,2015-12-16,27,NOP,A,UTA,10,0,3:43,0,3,0,0,0,NA,0,0,NA,0,1,1,0,0,0,0,1,0,-2.2,-2,1.3
Alexis Ajinca,31,22,2015-12-28,27,NOP,A,ORL,-15,0,12:41,2,2,1,0,0,NA,3,3,1,0,3,3,0,0,2,0,2,7,7.9,-4,14.8
Alexis Ajinca,32,23,2015-12-31,27,NOP,H,LAC,-6,0,3:15,2,3,0.667,0,0,NA,0,0,NA,0,0,0,0,0,0,0,1,4,2.3,-1,4
Alexis Ajinca,34,24,2016-01-06,27,NOP,H,DAL,-9,0,3:02,0,0,NA,0,0,NA,0,0,NA,0,0,0,0,0,0,0,1,0,-0.4,-3,0
Alexis Ajinca,35,25,2016-01-08,27,NOP,H,IND,-5,0,25:48,2,7,0.286,0,1,0,0,0,NA,3,9,12,3,5,1,1,2,4,10.7,8,35
Alexis Ajinca,36,26,2016-01-10,27,NOP,A,LAC,-3,0,14:14,3,5,0.6,0,0,NA,3,3,1,2,4,6,1,0,0,0,0,9,10,2,18
Alexis Ajinca,37,27,2016-01-12,27,NOP,A,LAL,-4,0,21:40,4,8,0.5,0,0,NA,2,2,1,5,5,10,2,0,1,2,4,10,9.5,-7,28
Alexis Ajinca,38,28,2016-01-13,27,NOP,A,SAC,12,0,10:13,0,0,NA,0,0,NA,0,0,NA,1,2,3,0,0,2,0,4,0,1.1,9,7.8
Alexis Ajinca,39,29,2016-01-15,27,NOP,H,CHO,2,0,6:17,2,2,1,0,0,NA,0,0,NA,0,1,1,0,0,0,0,2,4,2.9,5,5.3
Alexis Ajinca,40,30,2016-01-18,27,NOP,A,MEM,-2,0,11:46,2,5,0.4,0,0,NA,0,0,NA,1,3,4,0,0,0,0,3,4,1.7,-3,9
Alexis Ajinca,41,31,2016-01-19,27,NOP,H,MIN,15,0,14:58,1,3,0.333,0,0,NA,0,0,NA,2,4,6,1,0,0,0,2,2,2.8,13,11
Alexis Ajinca,42,32,2016-01-21,27,NOP,H,DET,16,0,9:37,3,3,1,0,0,NA,0,0,NA,0,3,3,0,0,1,0,1,6,6.3,0,11.8
Alexis Ajinca,43,33,2016-01-23,27,NOP,H,MIL,17,0,6:38,1,1,1,0,0,NA,2,2,1,0,3,3,1,0,0,0,2,4,4.5,2,9.3
Alexis Ajinca,44,34,2016-01-25,27,NOP,H,HOU,-1,0,4:02,0,1,0,0,0,NA,0,0,NA,0,1,1,0,0,0,0,2,0,-1.2,4,1.3
Alexis Ajinca,45,35,2016-01-28,27,NOP,H,SAC,9,0,14:01,1,4,0.25,0,0,NA,0,0,NA,1,5,6,1,1,1,3,3,2,0,4,13.5
Alexis Ajinca,47,36,2016-02-01,27,NOP,H,MEM,-15,0,9:24,1,1,1,0,0,NA,1,2,0.5,1,4,5,1,0,0,0,1,3,4.5,9,10.8
Alexis Ajinca,48,37,2016-02-03,27,NOP,A,SAS,-13,0,6:10,2,2,1,0,0,NA,0,0,NA,0,1,1,0,0,0,1,2,4,1.9,-2,4.8
Alexis Ajinca,49,38,2016-02-04,27,NOP,H,LAL,-3,0,9:28,0,2,0,0,0,NA,1,2,0.5,0,3,3,0,0,1,0,2,1,0,-7,6.8
Alexis Ajinca,51,39,2016-02-08,27,NOP,A,MIN,14,0,16:30,0,4,0,0,0,NA,0,0,NA,1,4,5,0,0,1,0,2,0,-1,0,8.3
Alexis Ajinca,52,40,2016-02-10,27,NOP,H,UTA,4,0,20:54,3,6,0.5,0,0,NA,2,3,0.667,2,9,11,0,0,0,0,5,8,6.7,13,21.8
Alexis Ajinca,53,41,2016-02-11,27,NOP,A,OKC,-26,0,17:00,2,6,0.333,0,0,NA,1,2,0.5,1,2,3,0,1,2,1,3,5,2.7,-11,14.3
Alexis Ajinca,54,42,2016-02-19,27,NOP,H,PHI,7,0,9:38,1,2,0.5,0,0,NA,2,2,1,0,2,2,0,0,1,0,0,4,4.3,9,8.5
Alexis Ajinca,55,43,2016-02-21,27,NOP,A,DET,5,0,10:16,2,6,0.333,0,0,NA,0,0,NA,2,1,3,0,0,0,1,1,4,0.9,1,7.3
Alexis Ajinca,56,44,2016-02-23,27,NOP,A,WAS,-20,1,16:32,1,5,0.2,0,0,NA,5,6,0.833,1,3,4,2,0,0,2,1,7,4.1,-10,14
Alexis Ajinca,57,45,2016-02-25,27,NOP,H,OKC,4,1,18:50,1,3,0.333,0,0,NA,0,0,NA,3,4,7,1,0,2,0,2,2,4.9,5,16.3
Alexis Ajinca,58,46,2016-02-27,27,NOP,H,MIN,-2,1,12:33,0,2,0,0,0,NA,0,0,NA,0,3,3,0,0,0,0,4,0,-2.1,-9,3.8
Alexis Ajinca,59,47,2016-03-02,27,NOP,A,HOU,-5,0,6:34,2,5,0.4,0,0,NA,1,2,0.5,0,0,0,0,1,1,0,3,5,2.4,2,9
Alexis Ajinca,69,48,2016-03-20,27,NOP,H,LAC,4,0,1:35,0,0,NA,0,0,NA,0,0,NA,0,0,0,0,0,0,1,2,0,-1.8,-5,-0.5
Alexis Ajinca,70,49,2016-03-22,27,NOP,H,MIA,-14,0,11:39,1,4,0.25,0,0,NA,2,3,0.667,2,0,2,0,0,0,0,0,4,2.6,-6,6.5
Alexis Ajinca,71,50,2016-03-24,27,NOP,A,IND,-8,1,36:09,10,20,0.5,0,0,NA,2,2,1,2,7,9,2,1,0,5,4,22,11.3,-11,35.8
Alexis Ajinca,72,51,2016-03-26,27,NOP,H,TOR,-24,1,20:42,3,10,0.3,0,0,NA,3,3,1,1,3,4,1,1,1,1,2,9,5.4,-11,19
Alexis Ajinca,73,52,2016-03-28,27,NOP,H,NYK,8,1,26:00,4,11,0.364,0,0,NA,4,5,0.8,0,6,6,1,0,1,1,3,12,6.5,-10,22.5
Alexis Ajinca,74,53,2016-03-30,27,NOP,A,SAS,-8,1,31:52,8,19,0.421,0,0,NA,2,3,0.667,3,6,9,0,1,0,3,4,18,7.8,-7,29.8
Alexis Ajinca,75,54,2016-03-31,27,NOP,H,DEN,6,0,15:32,4,7,0.571,0,0,NA,0,0,NA,3,5,8,0,2,1,3,2,8,7.2,2,22.5
Alexis Ajinca,76,55,2016-04-03,27,NOP,A,BRK,19,0,29:03,7,9,0.778,0,0,NA,2,2,1,1,5,6,1,1,4,2,1,16,16.8,17,34
Alexis Ajinca,77,56,2016-04-05,27,NOP,A,PHI,-14,1,25:18,6,12,0.5,0,0,NA,0,0,NA,2,8,10,0,0,0,4,3,12,4.6,9,24
Alexis Ajinca,78,57,2016-04-06,27,NOP,A,BOS,-7,1,21:42,4,9,0.444,0,0,NA,2,2,1,2,6,8,3,0,0,4,4,10,5,-8,22.5
Alexis Ajinca,79,58,2016-04-08,27,NOP,H,LAL,8,1,37:11,12,17,0.706,0,0,NA,4,4,1,5,10,15,2,1,2,2,3,28,28,3,56.3
Alexis Ajinca,80,59,2016-04-09,27,NOP,H,PHO,-21,1,23:11,2,9,0.222,0,0,NA,0,0,NA,3,1,4,1,0,1,3,3,4,-1.9,-22,11
