Derrick Williams,1,1,2015-10-28,24,NYK,A,MIL,25,0,21:19,8,17,0.471,1,3,0.333,7,9,0.778,4,3,7,1,0,1,2,1,24,17.2,20,35.8
Derrick Williams,2,2,2015-10-29,24,NYK,H,ATL,-11,0,18:07,3,9,0.333,0,3,0,3,4,0.75,0,2,2,0,1,0,1,0,9,4.1,-2,13
Derrick Williams,3,3,2015-10-31,24,NYK,A,WAS,7,0,15:22,2,5,0.4,1,2,0.5,2,4,0.5,0,1,1,1,1,0,1,2,7,3.7,2,11.8
Derrick Williams,4,4,2015-11-02,24,NYK,H,SAS,-10,0,10:30,3,7,0.429,0,1,0,0,0,NA,0,2,2,0,0,1,1,0,6,2.6,-12,10
Derrick Williams,5,5,2015-11-04,24,NYK,A,CLE,-10,0,10:56,2,4,0.5,1,1,1,2,2,1,0,2,2,0,0,0,1,1,7,4.2,1,9.5
Derrick Williams,6,6,2015-11-06,24,NYK,H,MIL,-7,0,20:06,4,11,0.364,0,3,0,7,8,0.875,1,0,1,0,1,0,0,1,15,9.8,-4,18.3
Derrick Williams,7,7,2015-11-08,24,NYK,H,LAL,4,0,15:08,1,4,0.25,0,0,NA,4,6,0.667,0,1,1,1,0,0,1,0,6,2.8,-3,8.3
Derrick Williams,8,8,2015-11-10,24,NYK,A,TOR,2,0,7:45,1,3,0.333,1,2,0.5,2,2,1,0,2,2,3,1,0,0,0,5,7,-2,14.5
Derrick Williams,9,9,2015-11-11,24,NYK,A,CHO,-2,0,4:02,0,1,0,0,0,NA,0,0,NA,0,0,0,0,2,0,2,1,0,-1.1,-12,3
Derrick Williams,10,10,2015-11-13,24,NYK,H,CLE,-6,0,16:20,1,6,0.167,0,2,0,3,6,0.5,1,6,7,1,2,1,0,1,5,5.5,-7,21.3
Derrick Williams,11,11,2015-11-15,24,NYK,H,NOP,8,0,5:59,0,2,0,0,0,NA,0,0,NA,1,1,2,2,1,0,0,1,0,1.6,2,7.5
Derrick Williams,12,12,2015-11-17,24,NYK,H,CHO,8,0,5:42,1,3,0.333,0,0,NA,2,2,1,0,0,0,0,0,1,0,1,4,2.6,-15,6
Derrick Williams,13,13,2015-11-20,24,NYK,A,OKC,3,0,15:49,3,5,0.6,2,3,0.667,1,4,0.25,0,3,3,2,0,0,1,1,9,6.4,1,16.3
Derrick Williams,14,14,2015-11-21,24,NYK,A,HOU,5,0,10:32,1,5,0.2,0,2,0,4,4,1,1,3,4,0,0,0,0,1,6,4.1,-5,11
Derrick Williams,15,15,2015-11-23,24,NYK,A,MIA,-17,0,4:15,0,0,NA,0,0,NA,0,0,NA,0,1,1,0,0,0,0,0,0,0.3,-9,1.3
Derrick Williams,17,16,2015-11-27,24,NYK,H,MIA,-19,0,17:41,3,6,0.5,1,3,0.333,2,2,1,0,2,2,0,0,0,1,1,9,5.2,-6,11.5
Derrick Williams,18,17,2015-11-29,24,NYK,H,HOU,-5,0,15:02,4,5,0.8,1,1,1,3,3,1,0,4,4,1,0,0,1,2,12,10.2,2,18.5
Derrick Williams,19,18,2015-12-02,24,NYK,H,PHI,12,0,18:38,3,7,0.429,0,2,0,2,4,0.5,1,1,2,1,0,0,0,1,8,4.8,5,12
Derrick Williams,20,19,2015-12-04,24,NYK,H,BRK,17,0,16:36,3,7,0.429,0,3,0,2,2,1,0,0,0,0,1,0,0,1,8,4.9,3,10
Derrick Williams,21,20,2015-12-05,24,NYK,A,MIL,-15,0,12:37,3,6,0.5,1,2,0.5,0,0,NA,1,2,3,0,0,0,0,1,7,4.9,11,11.3
Derrick Williams,22,21,2015-12-07,24,NYK,H,DAL,-7,0,10:02,2,4,0.5,0,1,0,0,0,NA,0,2,2,2,0,0,0,1,4,3.6,-3,9.5
Derrick Williams,23,22,2015-12-09,24,NYK,A,UTA,-21,0,19:37,3,8,0.375,1,2,0.5,0,0,NA,0,2,2,1,0,0,0,3,7,2.7,-5,11.5
Derrick Williams,24,23,2015-12-10,24,NYK,A,SAC,-2,0,6:09,0,2,0,0,1,0,0,0,NA,0,1,1,0,0,0,0,0,0,-1.1,-6,1.3
Derrick Williams,25,24,2015-12-12,24,NYK,A,POR,2,0,13:28,3,6,0.5,3,4,0.75,1,2,0.5,0,4,4,4,0,0,0,1,10,10.2,19,22.5
Derrick Williams,26,25,2015-12-16,24,NYK,H,MIN,5,0,11:08,1,4,0.25,0,1,0,1,2,0.5,0,1,1,1,0,0,0,0,3,1.2,1,5.8
Derrick Williams,27,26,2015-12-18,24,NYK,A,PHI,10,0,22:29,7,11,0.636,1,3,0.333,2,4,0.5,0,3,3,0,1,0,1,4,17,10.6,-2,22.8
Derrick Williams,28,27,2015-12-19,24,NYK,H,CHI,16,0,16:11,2,6,0.333,0,1,0,5,7,0.714,2,4,6,0,0,0,1,0,9,6.4,2,16
Derrick Williams,29,28,2015-12-21,24,NYK,H,ORL,-8,0,10:18,2,5,0.4,0,2,0,1,2,0.5,0,2,2,0,0,0,0,2,5,1.7,3,7.5
Derrick Williams,30,29,2015-12-23,24,NYK,A,CLE,-7,0,20:46,2,6,0.333,0,2,0,7,7,1,0,3,3,1,0,2,2,1,11,8.2,1,19.3
Derrick Williams,31,30,2015-12-26,24,NYK,A,ATL,-19,0,21:35,5,8,0.625,1,2,0.5,1,2,0.5,1,4,5,0,0,0,0,1,12,9.5,-13,18.8
Derrick Williams,32,31,2015-12-27,24,NYK,A,BOS,-9,0,23:01,4,8,0.5,0,2,0,2,3,0.667,1,3,4,1,1,0,1,3,10,6.7,-6,18
Derrick Williams,33,32,2015-12-29,24,NYK,H,DET,12,0,18:12,5,9,0.556,1,2,0.5,7,9,0.778,0,4,4,1,0,0,0,0,18,14.8,9,25
Derrick Williams,34,33,2016-01-01,24,NYK,A,CHI,-27,0,17:00,1,4,0.25,0,2,0,4,6,0.667,0,1,1,2,0,0,1,0,6,3.5,-17,9.8
Derrick Williams,35,34,2016-01-03,24,NYK,H,ATL,14,0,20:53,3,7,0.429,0,2,0,0,0,NA,0,5,5,3,0,0,0,2,6,5.1,12,16.8
Derrick Williams,36,35,2016-01-05,24,NYK,A,ATL,6,0,15:39,3,6,0.5,1,3,0.333,8,8,1,1,3,4,1,0,0,0,0,15,14.3,-2,22
Derrick Williams,37,36,2016-01-06,24,NYK,A,MIA,8,0,17:32,5,8,0.625,1,2,0.5,2,2,1,0,8,8,0,1,0,1,1,13,11.4,-7,25
Derrick Williams,38,37,2016-01-08,24,NYK,A,SAS,-1,0,10:01,0,3,0,0,2,0,0,0,NA,0,3,3,0,0,0,1,0,0,-2.2,-8,3.3
Derrick Williams,39,38,2016-01-10,24,NYK,H,MIL,12,0,24:00,4,9,0.444,0,1,0,0,0,NA,0,6,6,1,0,0,1,0,8,4.8,0,16.5
Derrick Williams,40,39,2016-01-12,24,NYK,H,BOS,6,0,28:37,5,11,0.455,0,2,0,5,5,1,1,9,10,0,0,0,2,0,15,10.7,7,28
Derrick Williams,41,40,2016-01-13,24,NYK,A,BRK,-6,0,31:34,11,17,0.647,0,3,0,9,11,0.818,1,6,7,0,2,0,3,0,31,24.2,8,42.3
Derrick Williams,42,41,2016-01-16,24,NYK,A,MEM,-8,0,26:03,4,9,0.444,0,2,0,5,7,0.714,1,3,4,1,2,0,0,1,13,11.4,-1,23.5
Derrick Williams,43,42,2016-01-18,24,NYK,H,PHI,6,0,14:46,2,4,0.5,0,1,0,3,3,1,0,2,2,1,0,0,1,1,7,4.9,-6,10.5
Derrick Williams,44,43,2016-01-20,24,NYK,H,UTA,7,0,28:23,6,13,0.462,1,2,0.5,5,6,0.833,2,4,6,1,0,0,1,0,18,13.2,10,27
Derrick Williams,45,44,2016-01-22,24,NYK,H,LAC,-28,0,28:56,4,9,0.444,0,3,0,1,1,1,1,6,7,0,1,0,2,3,9,4.6,-23,18.8
Derrick Williams,46,45,2016-01-23,24,NYK,A,CHO,-13,0,34:14,5,16,0.313,1,5,0.2,8,14,0.571,4,10,14,4,1,0,1,2,19,15.2,-8,46
Derrick Williams,47,46,2016-01-26,24,NYK,H,OKC,-6,0,36:06,7,15,0.467,2,4,0.5,3,4,0.75,0,10,10,4,0,0,0,1,19,16.3,-1,40
Derrick Williams,48,47,2016-01-28,24,NYK,A,TOR,-10,0,27:30,3,12,0.25,0,3,0,0,0,NA,1,4,5,2,1,0,0,0,6,3.1,-14,17.3
Derrick Williams,49,48,2016-01-29,24,NYK,H,PHO,18,0,18:41,2,6,0.333,0,1,0,6,6,1,2,6,8,0,0,0,1,0,10,8.8,-9,19.5
Derrick Williams,50,49,2016-01-31,24,NYK,H,GSW,-21,0,23:52,4,12,0.333,1,3,0.333,2,2,1,3,3,6,1,0,0,0,2,11,7.1,-14,20.5
Derrick Williams,51,50,2016-02-02,24,NYK,H,BOS,-8,0,11:24,3,7,0.429,0,2,0,0,0,NA,1,1,2,1,0,0,0,1,6,3.6,-2,10
Derrick Williams,52,51,2016-02-04,24,NYK,A,DET,-6,0,5:39,1,3,0.333,0,1,0,1,2,0.5,0,1,1,0,0,0,0,0,3,1.2,-6,4.3
Derrick Williams,53,52,2016-02-05,24,NYK,H,MEM,-6,0,15:50,1,4,0.25,0,0,NA,0,0,NA,1,1,2,0,0,0,0,1,2,0.2,-1,4.5
Derrick Williams,54,53,2016-02-07,24,NYK,H,DEN,-5,0,13:15,1,4,0.25,0,2,0,4,6,0.667,0,3,3,0,0,0,1,0,6,2.7,-1,9.3
Derrick Williams,55,54,2016-02-09,24,NYK,H,WAS,-3,0,9:18,2,2,1,0,0,NA,2,2,1,0,2,2,0,0,0,0,0,6,6,-1,8.5
Derrick Williams,56,55,2016-02-19,24,NYK,A,BRK,-11,0,11:20,2,5,0.4,2,3,0.667,0,0,NA,0,2,2,1,0,0,1,0,6,3.6,-8,10.5
Derrick Williams,57,56,2016-02-20,24,NYK,A,MIN,8,0,11:12,1,2,0.5,0,0,NA,2,3,0.667,0,2,2,0,0,0,2,0,4,1.2,-8,5.5
Derrick Williams,58,57,2016-02-22,24,NYK,H,TOR,-27,0,14:13,2,3,0.667,0,1,0,2,4,0.5,0,0,0,0,1,0,1,0,6,3.9,-16,7.5
Derrick Williams,60,58,2016-02-26,24,NYK,H,ORL,13,0,20:59,2,4,0.5,0,2,0,7,8,0.875,0,3,3,0,0,0,1,1,11,8.1,5,14.3
Derrick Williams,61,59,2016-02-28,24,NYK,H,MIA,-17,0,11:53,2,5,0.4,0,0,NA,1,1,1,0,1,1,0,0,1,1,0,5,2.3,-10,7.8
Derrick Williams,62,60,2016-03-01,24,NYK,H,POR,-19,0,17:15,2,7,0.286,0,0,NA,1,3,0.333,2,3,5,1,1,0,0,0,5,4.1,-17,14.8
Derrick Williams,63,61,2016-03-04,24,NYK,A,BOS,-1,0,4:43,1,3,0.333,1,1,1,0,0,NA,0,1,1,1,0,0,0,1,3,1.9,-8,6.3
Derrick Williams,64,62,2016-03-05,24,NYK,H,DET,13,1,19:19,3,8,0.375,0,2,0,4,5,0.8,0,3,3,0,1,0,0,3,10,5.9,-5,15.8
Derrick Williams,65,63,2016-03-08,24,NYK,A,DEN,-16,0,21:23,5,10,0.5,3,4,0.75,2,2,1,1,3,4,3,0,0,1,0,15,12.7,-9,25.5
Derrick Williams,66,64,2016-03-09,24,NYK,A,PHO,31,0,17:52,8,10,0.8,2,3,0.667,0,0,NA,0,1,1,2,1,0,1,0,18,15.9,24,24.8
Derrick Williams,67,65,2016-03-11,24,NYK,A,LAC,-7,0,15:34,4,9,0.444,0,1,0,5,7,0.714,2,4,6,1,0,0,0,0,13,10.8,-4,22
Derrick Williams,68,66,2016-03-13,24,NYK,A,LAL,3,1,31:31,3,10,0.3,0,1,0,2,6,0.333,0,9,9,1,2,1,0,2,8,5.9,9,26.8
Derrick Williams,69,67,2016-03-16,24,NYK,A,GSW,-36,0,13:34,2,3,0.667,1,1,1,1,2,0.5,0,2,2,2,0,0,0,0,6,6.3,-23,12
Derrick Williams,70,68,2016-03-19,24,NYK,A,WAS,-10,0,17:48,2,7,0.286,1,3,0.333,0,0,NA,0,2,2,3,0,0,2,1,5,1.2,4,11.5
Derrick Williams,71,69,2016-03-20,24,NYK,H,SAC,-8,0,21:36,4,9,0.444,0,1,0,3,3,1,0,3,3,2,0,1,1,2,11,7.5,-15,19.3
Derrick Williams,72,70,2016-03-23,24,NYK,A,CHI,8,0,14:49,5,7,0.714,0,1,0,0,0,NA,1,0,1,1,0,0,0,1,10,8.1,0,12.8
Derrick Williams,73,71,2016-03-24,24,NYK,H,CHI,12,0,16:53,5,8,0.625,1,3,0.333,2,2,1,0,3,3,0,0,0,2,1,13,7.9,-1,16.3
Derrick Williams,74,72,2016-03-26,24,NYK,H,CLE,-14,0,24:01,2,7,0.286,0,1,0,7,9,0.778,1,7,8,2,1,0,1,2,11,9.5,-5,25.5
Derrick Williams,75,73,2016-03-28,24,NYK,A,NOP,-8,0,15:27,2,4,0.5,0,0,NA,0,0,NA,0,2,2,0,0,0,2,0,4,0.6,1,5.5
Derrick Williams,76,74,2016-03-30,24,NYK,A,DAL,-2,1,34:30,5,8,0.625,0,0,NA,5,6,0.833,3,5,8,2,0,0,4,1,15,11.6,12,26
Derrick Williams,77,75,2016-04-01,24,NYK,H,BRK,14,1,23:59,5,8,0.625,4,4,1,2,2,1,0,1,1,1,0,0,0,2,16,12.6,-2,20.8
Derrick Williams,78,76,2016-04-03,24,NYK,H,IND,-5,1,27:51,5,13,0.385,1,3,0.333,1,2,0.5,0,6,6,2,0,0,1,0,12,6.7,-9,22.5
Derrick Williams,79,77,2016-04-06,24,NYK,H,CHO,-14,1,32:22,7,15,0.467,1,4,0.25,2,2,1,3,7,10,1,0,0,2,1,17,11.8,-7,32
Derrick Williams,80,78,2016-04-08,24,NYK,A,PHI,7,1,25:46,5,10,0.5,0,1,0,1,1,1,0,9,9,1,1,0,1,1,11,9,1,25.3
Derrick Williams,81,79,2016-04-10,24,NYK,H,TOR,-4,1,22:42,3,8,0.375,0,1,0,2,2,1,1,3,4,0,0,0,1,0,8,4.2,1,12.5
Derrick Williams,82,80,2016-04-12,24,NYK,A,IND,-12,1,31:46,8,11,0.727,4,7,0.571,1,1,1,0,1,1,2,1,0,3,2,21,15.4,-2,27.8
Sasha Vujacic,1,1,2015-10-28,31,NYK,A,MIL,25,1,28:45,4,6,0.667,1,2,0.5,2,3,0.667,1,5,6,3,4,0,0,1,11,15.9,16,31.5
Sasha Vujacic,2,2,2015-10-29,31,NYK,H,ATL,-11,1,25:10,2,8,0.25,2,6,0.333,0,0,NA,2,0,2,2,0,1,2,3,6,1.5,-18,13.5
Sasha Vujacic,3,3,2015-10-31,31,NYK,A,WAS,7,1,26:11,2,10,0.2,0,4,0,0,0,NA,1,5,6,4,1,0,1,2,4,2,6,19
Sasha Vujacic,4,4,2015-11-02,31,NYK,H,SAS,-10,1,20:29,1,7,0.143,0,2,0,0,0,NA,2,2,4,3,0,0,2,0,2,-0.4,-10,10.5
Sasha Vujacic,5,5,2015-11-04,31,NYK,A,CLE,-10,1,21:50,4,10,0.4,1,5,0.2,0,0,NA,0,4,4,0,0,0,2,0,9,2.8,7,13.5
Sasha Vujacic,6,6,2015-11-06,31,NYK,H,MIL,-7,1,26:34,1,5,0.2,0,3,0,0,0,NA,0,4,4,3,0,0,3,3,2,-2,-17,10
Sasha Vujacic,7,7,2015-11-08,31,NYK,H,LAL,4,1,14:47,2,7,0.286,1,4,0.25,0,0,NA,0,2,2,1,1,0,0,0,5,3.2,-8,11.5
Sasha Vujacic,8,8,2015-11-10,31,NYK,A,TOR,2,1,20:35,2,6,0.333,0,1,0,0,0,NA,2,4,6,2,1,0,0,3,4,4.4,7,16.5
Sasha Vujacic,11,9,2015-11-15,31,NYK,H,NOP,8,0,6:11,0,2,0,0,1,0,0,0,NA,1,0,1,0,0,0,0,1,0,-1.1,2,1.3
Sasha Vujacic,12,10,2015-11-17,31,NYK,H,CHO,8,0,2:46,0,1,0,0,1,0,0,0,NA,0,0,0,0,1,0,0,0,0,0.3,-3,2
Sasha Vujacic,13,11,2015-11-20,31,NYK,A,OKC,3,0,4:25,0,1,0,0,1,0,0,0,NA,0,0,0,0,0,0,1,0,0,-1.7,0,-0.5
Sasha Vujacic,15,12,2015-11-23,31,NYK,A,MIA,-17,0,3:01,0,0,NA,0,0,NA,0,0,NA,0,1,1,0,0,0,0,1,0,-0.1,-10,1.3
Sasha Vujacic,16,13,2015-11-25,31,NYK,A,ORL,-9,0,13:48,0,3,0,0,3,0,2,2,1,0,1,1,0,0,1,1,4,2,-1.7,-3,4.8
Sasha Vujacic,19,14,2015-12-02,31,NYK,H,PHI,12,0,6:17,0,3,0,0,1,0,0,0,NA,0,2,2,1,0,0,1,0,0,-1.8,-7,3.5
Sasha Vujacic,23,15,2015-12-09,31,NYK,A,UTA,-21,0,26:41,3,5,0.6,2,2,1,2,4,0.5,0,1,1,7,3,0,2,3,10,11.9,20,27.8
Sasha Vujacic,24,16,2015-12-10,31,NYK,A,SAC,-2,0,18:24,3,7,0.429,2,6,0.333,0,0,NA,0,2,2,0,0,0,0,2,8,4.1,8,11.5
Sasha Vujacic,25,17,2015-12-12,31,NYK,A,POR,2,0,5:58,1,1,1,0,0,NA,0,0,NA,0,0,0,2,0,0,1,3,2,0.9,-2,4.5
Sasha Vujacic,26,18,2015-12-16,31,NYK,H,MIN,5,0,9:58,0,2,0,0,0,NA,2,2,1,0,0,0,0,0,0,0,1,2,0.2,-7,2
Sasha Vujacic,27,19,2015-12-18,31,NYK,A,PHI,10,0,7:03,0,3,0,0,2,0,0,0,NA,1,0,1,0,0,0,0,0,0,-1.4,-15,1.3
Sasha Vujacic,29,20,2015-12-21,31,NYK,H,ORL,-8,0,5:17,0,2,0,0,1,0,0,0,NA,0,1,1,1,1,0,1,0,0,-0.4,0,4.3
Sasha Vujacic,31,21,2015-12-26,31,NYK,A,ATL,-19,0,2:24,0,0,NA,0,0,NA,0,0,NA,0,0,0,0,0,0,0,0,0,0,1,0
Sasha Vujacic,32,22,2015-12-27,31,NYK,A,BOS,-9,0,14:43,1,3,0.333,0,1,0,2,2,1,0,2,2,0,0,0,2,2,4,0.1,-3,5.5
Sasha Vujacic,34,23,2016-01-01,31,NYK,A,CHI,-27,0,3:33,0,1,0,0,0,NA,0,0,NA,0,1,1,0,0,0,0,0,0,-0.4,-5,1.3
Sasha Vujacic,41,24,2016-01-13,31,NYK,A,BRK,-6,0,3:30,0,1,0,0,1,0,0,0,NA,0,0,0,0,0,0,1,0,0,-1.7,8,-0.5
Sasha Vujacic,42,25,2016-01-16,31,NYK,A,MEM,-8,0,2:26,1,1,1,1,1,1,0,0,NA,0,0,0,2,0,0,0,1,3,3.7,6,6.5
Sasha Vujacic,43,26,2016-01-18,31,NYK,H,PHI,6,0,6:00,1,4,0.25,0,1,0,0,0,NA,0,1,1,0,0,0,0,1,2,-0.5,-2,3.3
Sasha Vujacic,44,27,2016-01-20,31,NYK,H,UTA,7,0,2:10,0,1,0,0,0,NA,0,0,NA,0,2,2,0,0,0,0,0,0,-0.1,1,2.5
Sasha Vujacic,45,28,2016-01-22,31,NYK,H,LAC,-28,0,12:00,0,0,NA,0,0,NA,0,0,NA,0,0,0,0,1,0,0,1,0,0.6,-6,2
Sasha Vujacic,46,29,2016-01-23,31,NYK,A,CHO,-13,0,12:00,3,5,0.6,2,2,1,0,1,0,0,2,2,4,1,0,1,0,8,8.7,8,19
Sasha Vujacic,47,30,2016-01-26,31,NYK,H,OKC,-6,0,0:15,0,0,NA,0,0,NA,0,0,NA,0,0,0,0,0,0,0,0,0,0,-2,0
Sasha Vujacic,48,31,2016-01-28,31,NYK,A,TOR,-10,0,24:17,5,10,0.5,3,6,0.5,0,2,0,2,4,6,2,2,0,1,0,13,12.2,-11,28.5
Sasha Vujacic,49,32,2016-01-29,31,NYK,H,PHO,18,0,22:18,3,9,0.333,1,3,0.333,0,0,NA,0,2,2,1,2,0,1,4,7,2.6,-3,15
Sasha Vujacic,50,33,2016-01-31,31,NYK,H,GSW,-21,0,18:34,4,5,0.8,1,1,1,2,2,1,0,2,2,2,0,0,0,2,11,10.3,-9,17
Sasha Vujacic,51,34,2016-02-02,31,NYK,H,BOS,-8,0,18:03,4,9,0.444,2,4,0.5,3,3,1,0,3,3,1,1,0,2,0,13,8.9,-7,20.3
Sasha Vujacic,52,35,2016-02-04,31,NYK,A,DET,-6,0,10:34,1,6,0.167,0,2,0,0,0,NA,1,1,2,1,1,0,0,5,2,-1.1,-12,8
Sasha Vujacic,53,36,2016-02-05,31,NYK,H,MEM,-6,0,15:35,2,5,0.4,2,5,0.4,4,4,1,1,3,4,1,0,0,1,3,10,7.4,-7,17
Sasha Vujacic,54,37,2016-02-07,31,NYK,H,DEN,-5,0,9:32,1,4,0.25,1,3,0.333,0,0,NA,0,1,1,0,0,0,0,1,3,0.5,5,4.8
Sasha Vujacic,55,38,2016-02-09,31,NYK,H,WAS,-3,0,14:18,0,3,0,0,2,0,0,0,NA,2,4,6,2,1,0,0,1,0,2.5,10,12.5
Sasha Vujacic,57,39,2016-02-20,31,NYK,A,MIN,8,0,7:17,0,2,0,0,0,NA,0,0,NA,0,0,0,2,0,0,0,1,0,-0.4,5,3
Sasha Vujacic,58,40,2016-02-22,31,NYK,H,TOR,-27,0,6:27,0,2,0,0,0,NA,0,0,NA,0,1,1,1,0,0,0,0,0,-0.4,-4,2.8
Sasha Vujacic,59,41,2016-02-24,31,NYK,A,IND,-3,0,10:43,0,1,0,0,0,NA,0,0,NA,1,0,1,2,0,0,1,0,0,0.4,7,3.8
Sasha Vujacic,61,42,2016-02-28,31,NYK,H,MIA,-17,0,9:50,0,0,NA,0,0,NA,0,0,NA,0,0,0,0,1,0,0,3,0,-0.2,-1,2
Sasha Vujacic,62,43,2016-03-01,31,NYK,H,POR,-19,0,2:50,0,1,0,0,1,0,0,0,NA,0,0,0,0,0,0,0,0,0,-0.7,-2,0
Sasha Vujacic,64,44,2016-03-05,31,NYK,H,DET,13,0,1:02,0,0,NA,0,0,NA,0,0,NA,0,0,0,0,0,0,0,0,0,0,-2,0
Sasha Vujacic,66,45,2016-03-09,32,NYK,A,PHO,31,1,32:54,7,8,0.875,6,7,0.857,3,4,0.75,0,5,5,1,1,0,2,4,23,19.4,9,34.8
Sasha Vujacic,67,46,2016-03-11,32,NYK,A,LAC,-7,1,27:57,3,7,0.429,1,5,0.2,2,2,1,0,2,2,3,0,0,0,2,9,7.2,-6,16.5
Sasha Vujacic,68,47,2016-03-13,32,NYK,A,LAL,3,1,18:22,1,8,0.125,1,7,0.143,2,2,1,0,2,2,1,1,0,0,2,5,1.3,8,11.5
Sasha Vujacic,69,48,2016-03-16,32,NYK,A,GSW,-36,1,20:41,2,8,0.25,0,3,0,0,0,NA,1,3,4,1,1,0,1,0,4,1.5,-9,12
Sasha Vujacic,70,49,2016-03-19,32,NYK,A,WAS,-10,1,12:42,0,1,0,0,0,NA,0,0,NA,0,3,3,1,0,0,1,1,0,-0.5,-5,4.8
Sasha Vujacic,71,50,2016-03-20,32,NYK,H,SAC,-8,1,12:40,0,5,0,0,3,0,0,0,NA,3,3,6,2,0,0,1,1,0,-0.5,-6,10
Sasha Vujacic,72,51,2016-03-23,32,NYK,A,CHI,8,1,13:12,2,2,1,2,2,1,0,0,NA,0,5,5,1,1,1,0,2,6,8.5,14,18.8
Sasha Vujacic,73,52,2016-03-24,32,NYK,H,CHI,12,1,18:53,3,5,0.6,3,3,1,0,0,NA,0,1,1,3,2,0,2,1,9,8.7,8,19.3
Sasha Vujacic,74,53,2016-03-26,32,NYK,H,CLE,-14,1,21:29,4,6,0.667,1,2,0.5,0,0,NA,1,4,5,1,0,0,1,1,9,7.6,-7,16.8
Sasha Vujacic,75,54,2016-03-28,32,NYK,A,NOP,-8,1,17:37,3,7,0.429,0,2,0,0,0,NA,0,2,2,2,1,0,1,2,6,3.5,-4,13
Sasha Vujacic,76,55,2016-03-30,32,NYK,A,DAL,-2,1,24:04,3,5,0.6,1,2,0.5,0,0,NA,0,5,5,2,1,0,1,2,7,6.8,7,18.3
Sasha Vujacic,77,56,2016-04-01,32,NYK,H,BRK,14,1,16:47,2,3,0.667,1,1,1,0,0,NA,2,3,5,0,0,1,1,0,5,5.7,13,13.3
Sasha Vujacic,78,57,2016-04-03,32,NYK,H,IND,-5,1,32:25,7,15,0.467,5,10,0.5,2,2,1,1,2,3,3,2,0,3,3,21,14.5,-8,34.3
Sasha Vujacic,79,58,2016-04-06,32,NYK,H,CHO,-14,1,25:13,6,9,0.667,4,5,0.8,0,0,NA,1,3,4,2,0,0,2,2,16,12.3,-4,25
Sasha Vujacic,80,59,2016-04-08,32,NYK,A,PHI,7,1,31:31,6,7,0.857,2,3,0.667,2,2,1,0,5,5,4,2,0,0,3,16,18.6,4,33.3
Sasha Vujacic,81,60,2016-04-10,32,NYK,H,TOR,-4,1,35:10,4,11,0.364,3,7,0.429,2,2,1,0,8,8,1,0,1,0,3,13,9.5,0,28
Sasha Vujacic,82,61,2016-04-12,32,NYK,A,IND,-12,1,22:15,2,8,0.25,0,3,0,0,0,NA,0,4,4,6,0,0,1,2,4,2.8,1,17.5
Jerian Grant,1,1,2015-10-28,23,NYK,A,MIL,25,0,24:11,4,7,0.571,0,1,0,2,2,1,0,1,1,5,3,0,0,2,10,12.7,20,24.8
Jerian Grant,2,2,2015-10-29,23,NYK,H,ATL,-11,0,28:45,2,4,0.5,0,0,NA,1,2,0.5,1,6,7,7,0,0,3,3,5,5.8,6,22.8
Jerian Grant,3,3,2015-10-31,23,NYK,A,WAS,7,0,21:10,3,7,0.429,1,1,1,0,0,NA,1,1,2,0,3,0,3,3,7,3.1,7,14.5
Jerian Grant,4,4,2015-11-02,23,NYK,H,SAS,-10,0,23:20,5,8,0.625,0,0,NA,2,3,0.667,0,4,4,3,0,0,1,2,12,9.5,5,21
Jerian Grant,5,5,2015-11-04,23,NYK,A,CLE,-10,0,16:37,0,5,0,0,2,0,6,6,1,0,1,1,2,0,0,0,2,6,3.4,-5,10.3
Jerian Grant,6,6,2015-11-06,23,NYK,H,MIL,-7,0,23:23,2,5,0.4,0,2,0,4,6,0.667,0,2,2,3,1,0,1,4,8,5.6,12,16.5
Jerian Grant,7,7,2015-11-08,23,NYK,H,LAL,4,0,18:21,1,6,0.167,0,3,0,0,0,NA,0,2,2,8,0,0,2,2,2,1.6,-6,15.5
Jerian Grant,8,8,2015-11-10,23,NYK,A,TOR,2,0,18:24,1,3,0.333,0,1,0,2,2,1,1,1,2,4,0,0,1,2,4,4.3,-5,12
Jerian Grant,9,9,2015-11-11,23,NYK,A,CHO,-2,0,18:44,4,8,0.5,0,3,0,0,0,NA,0,2,2,5,0,0,3,3,8,3.9,-5,16.5
Jerian Grant,10,10,2015-11-13,23,NYK,H,CLE,-6,0,15:00,0,5,0,0,2,0,6,6,1,0,4,4,1,0,0,1,1,6,3,3,12
Jerian Grant,11,11,2015-11-15,23,NYK,H,NOP,8,0,26:01,3,6,0.5,0,1,0,1,2,0.5,0,1,1,3,0,0,2,2,7,3.2,5,11.8
Jerian Grant,12,12,2015-11-17,23,NYK,H,CHO,8,0,12:44,1,4,0.25,0,0,NA,2,2,1,0,0,0,0,0,0,0,1,4,1.2,-8,4
Jerian Grant,13,13,2015-11-20,23,NYK,A,OKC,3,0,13:00,1,3,0.333,1,1,1,1,2,0.5,0,4,4,2,0,0,0,0,4,4.5,8,12.5
Jerian Grant,14,14,2015-11-21,23,NYK,A,HOU,5,0,13:18,0,4,0,0,0,NA,6,6,1,0,0,0,0,1,0,1,2,6,2.4,-7,7.5
Jerian Grant,15,15,2015-11-23,23,NYK,A,MIA,-17,0,11:45,0,4,0,0,1,0,0,0,NA,1,0,1,0,0,0,0,1,0,-2.5,-5,1.3
Jerian Grant,16,16,2015-11-25,23,NYK,A,ORL,-9,0,5:51,0,0,NA,0,0,NA,0,0,NA,0,1,1,0,0,0,2,1,0,-2.1,-7,0.3
Jerian Grant,17,17,2015-11-27,23,NYK,H,MIA,-19,0,23:02,4,7,0.571,0,0,NA,0,0,NA,0,1,1,6,1,0,0,0,8,10.2,-3,20.3
Jerian Grant,18,18,2015-11-29,23,NYK,H,HOU,-5,0,11:31,3,3,1,1,1,1,0,0,NA,0,1,1,2,0,0,1,0,7,6.8,1,11.3
Jerian Grant,19,19,2015-12-02,23,NYK,H,PHI,12,0,20:53,5,9,0.556,0,0,NA,2,2,1,0,2,2,2,0,1,4,1,12,6,-1,17.5
Jerian Grant,20,20,2015-12-04,23,NYK,H,BRK,17,0,17:55,2,4,0.5,0,0,NA,0,0,NA,0,3,3,3,1,0,3,1,4,2.6,2,12.8
Jerian Grant,21,21,2015-12-05,23,NYK,A,MIL,-15,0,19:53,2,6,0.333,1,3,0.333,2,4,0.5,0,3,3,2,0,0,1,2,7,3.3,5,13.8
Jerian Grant,22,22,2015-12-07,23,NYK,H,DAL,-7,0,10:52,1,3,0.333,0,1,0,0,0,NA,0,1,1,2,0,0,2,2,2,-0.8,0,5.3
Jerian Grant,23,23,2015-12-09,23,NYK,A,UTA,-21,0,14:11,1,7,0.143,1,3,0.333,0,0,NA,0,0,0,1,1,0,1,1,3,-1.2,-12,6.5
Jerian Grant,24,24,2015-12-10,23,NYK,A,SAC,-2,0,3:14,0,0,NA,0,0,NA,0,0,NA,1,0,1,0,0,0,2,0,0,-1.3,-2,0.3
Jerian Grant,27,25,2015-12-18,23,NYK,A,PHI,10,0,22:22,2,6,0.333,0,1,0,0,0,NA,0,2,2,2,0,0,1,1,4,1.2,-4,9
Jerian Grant,28,26,2015-12-19,23,NYK,H,CHI,16,0,13:54,2,7,0.286,0,2,0,2,2,1,0,1,1,0,0,0,1,0,6,1.2,-6,6.8
Jerian Grant,29,27,2015-12-21,23,NYK,H,ORL,-8,0,14:29,2,5,0.4,0,0,NA,2,2,1,1,1,2,1,2,0,0,1,6,6.6,-3,14
Jerian Grant,30,28,2015-12-23,23,NYK,A,CLE,-7,0,10:43,1,5,0.2,0,1,0,0,0,NA,1,0,1,1,0,0,0,1,2,-0.1,3,4.8
Jerian Grant,31,29,2015-12-26,23,NYK,A,ATL,-19,0,15:16,1,6,0.167,0,4,0,0,0,NA,0,0,0,1,2,0,3,1,2,-2.5,-13,6
Jerian Grant,33,30,2015-12-29,23,NYK,H,DET,12,0,6:41,0,2,0,0,0,NA,0,0,NA,0,2,2,1,0,0,1,1,0,-1.5,2,3.5
Jerian Grant,34,31,2016-01-01,23,NYK,A,CHI,-27,0,3:33,0,3,0,0,1,0,0,0,NA,1,1,2,0,0,1,0,0,0,-0.4,-5,4.5
Jerian Grant,35,32,2016-01-03,23,NYK,H,ATL,14,0,18:11,4,10,0.4,0,3,0,0,0,NA,0,3,3,7,2,1,1,0,8,10.1,8,27.8
Jerian Grant,36,33,2016-01-05,23,NYK,A,ATL,6,0,10:10,0,0,NA,0,0,NA,0,0,NA,0,0,0,0,0,0,1,1,0,-1.4,-3,-0.5
Jerian Grant,37,34,2016-01-06,23,NYK,A,MIA,8,0,7:54,1,4,0.25,0,0,NA,0,0,NA,0,1,1,2,0,0,0,1,2,0.9,-3,6.3
Jerian Grant,38,35,2016-01-08,23,NYK,A,SAS,-1,0,15:05,2,4,0.5,0,1,0,2,2,1,0,2,2,2,0,0,0,1,6,5.6,-5,11.5
Jerian Grant,39,36,2016-01-10,23,NYK,H,MIL,12,0,16:14,0,4,0,0,0,NA,2,2,1,1,2,3,0,0,0,1,0,2,-0.5,-19,5.3
Jerian Grant,40,37,2016-01-12,23,NYK,H,BOS,6,0,23:24,5,6,0.833,1,1,1,5,6,0.833,0,1,1,8,1,1,0,1,16,20.6,3,33.8
Jerian Grant,41,38,2016-01-13,23,NYK,A,BRK,-6,0,21:28,2,6,0.333,0,1,0,2,5,0.4,0,3,3,3,2,0,2,3,6,3.2,1,17.3
Jerian Grant,42,39,2016-01-16,23,NYK,A,MEM,-8,0,16:10,0,5,0,0,2,0,0,0,NA,1,1,2,1,0,1,0,1,0,-1.5,-4,6
Jerian Grant,43,40,2016-01-18,23,NYK,H,PHI,6,0,7:00,0,1,0,0,0,NA,0,0,NA,0,0,0,0,0,0,0,0,0,-0.7,1,0
Jerian Grant,44,41,2016-01-20,23,NYK,H,UTA,7,0,12:48,0,4,0,0,0,NA,0,0,NA,1,1,2,2,1,0,0,2,0,-0.2,1,7.5
Jerian Grant,45,42,2016-01-22,23,NYK,H,LAC,-28,0,24:24,4,6,0.667,1,2,0.5,4,4,1,0,1,1,8,0,0,2,4,13,12.7,-8,25.8
Jerian Grant,46,43,2016-01-23,23,NYK,A,CHO,-13,0,9:22,0,6,0,0,3,0,0,0,NA,0,1,1,1,0,0,0,3,0,-4.4,-6,2.8
Jerian Grant,47,44,2016-01-26,23,NYK,H,OKC,-6,0,21:24,3,5,0.6,0,1,0,1,1,1,1,1,2,6,2,0,2,0,7,9.9,-4,21.5
Jerian Grant,48,45,2016-01-28,23,NYK,A,TOR,-10,0,24:58,4,8,0.5,1,2,0.5,4,9,0.444,0,4,4,6,2,0,2,2,13,11.6,-4,30.5
Jerian Grant,49,46,2016-01-29,23,NYK,H,PHO,18,0,21:13,2,7,0.286,0,0,NA,0,0,NA,1,2,3,2,0,0,0,1,4,2.2,-7,10.8
Jerian Grant,50,47,2016-01-31,23,NYK,H,GSW,-21,0,16:39,1,4,0.25,0,1,0,1,1,1,0,1,1,2,0,0,0,2,3,1.5,-5,7.3
Jerian Grant,51,48,2016-02-02,23,NYK,H,BOS,-8,0,7:25,0,1,0,0,0,NA,0,0,NA,0,0,0,0,0,0,0,1,0,-1.1,-17,0
Jerian Grant,52,49,2016-02-04,23,NYK,A,DET,-6,0,0:06,0,0,NA,0,0,NA,0,0,NA,0,0,0,0,0,0,0,0,0,0,-4,0
Jerian Grant,53,50,2016-02-05,23,NYK,H,MEM,-6,0,17:48,1,4,0.25,0,2,0,3,4,0.75,1,0,1,4,1,0,1,2,5,4.9,4,13.8
Jerian Grant,54,51,2016-02-07,23,NYK,H,DEN,-5,0,11:25,1,1,1,0,0,NA,0,0,NA,0,0,0,3,1,0,1,1,2,3.4,-1,8
Jerian Grant,56,52,2016-02-19,23,NYK,A,BRK,-11,0,16:02,2,4,0.5,0,0,NA,2,2,1,1,4,5,3,0,0,2,2,6,5.2,3,15.8
Jerian Grant,58,53,2016-02-22,23,NYK,H,TOR,-27,0,12:00,3,5,0.6,1,2,0.5,2,2,1,1,0,1,4,0,1,1,0,9,9.9,-9,18.3
Jerian Grant,60,54,2016-02-26,23,NYK,H,ORL,13,0,16:12,2,3,0.667,1,1,1,0,0,NA,0,3,3,3,1,0,1,1,5,6.3,10,15.3
Jerian Grant,61,55,2016-02-28,23,NYK,H,MIA,-17,0,11:18,1,4,0.25,0,1,0,0,0,NA,0,1,1,1,1,0,1,1,2,0.2,-8,6.3
Jerian Grant,62,56,2016-03-01,23,NYK,H,POR,-19,0,7:54,0,1,0,0,0,NA,0,0,NA,0,1,1,0,1,0,0,0,0,0.6,-8,3.3
Jerian Grant,63,57,2016-03-04,23,NYK,A,BOS,-1,0,3:27,1,1,1,0,0,NA,0,0,NA,0,0,0,0,1,0,2,0,2,0.7,-4,3
Jerian Grant,64,58,2016-03-05,23,NYK,H,DET,13,0,16:53,1,4,0.25,1,2,0.5,0,0,NA,0,1,1,2,1,0,1,0,3,2.3,5,9.3
Jerian Grant,65,59,2016-03-08,23,NYK,A,DEN,-16,0,22:20,1,2,0.5,0,1,0,5,6,0.833,0,7,7,2,0,1,2,4,7,6.2,-9,19.8
Jerian Grant,66,60,2016-03-09,23,NYK,A,PHO,31,0,27:48,6,9,0.667,0,1,0,2,2,1,0,3,3,4,2,0,2,2,14,13,18,26.8
Jerian Grant,67,61,2016-03-11,23,NYK,A,LAC,-7,0,11:38,2,4,0.5,0,0,NA,0,0,NA,0,1,1,1,1,0,1,1,4,2.6,3,8.3
Jerian Grant,68,62,2016-03-13,23,NYK,A,LAL,3,0,12:50,2,6,0.333,0,1,0,2,2,1,1,1,2,1,0,0,0,0,6,4.3,-3,10
Jerian Grant,69,63,2016-03-16,23,NYK,A,GSW,-36,0,18:59,4,8,0.5,0,3,0,0,0,NA,1,2,3,2,2,0,0,0,8,8.7,-8,18.8
Jerian Grant,70,64,2016-03-19,23,NYK,A,WAS,-10,0,3:07,0,0,NA,0,0,NA,0,0,NA,0,1,1,0,0,0,1,0,0,-0.7,-2,0.8
Jerian Grant,71,65,2016-03-20,23,NYK,H,SAC,-8,0,27:28,6,15,0.4,2,5,0.4,0,0,NA,0,1,1,2,2,1,3,1,14,6.9,-2,23.8
Jerian Grant,72,66,2016-03-23,23,NYK,A,CHI,8,0,16:46,3,5,0.6,2,3,0.667,0,0,NA,1,2,3,0,0,0,2,1,8,4.6,-5,11.8
Jerian Grant,73,67,2016-03-24,23,NYK,H,CHI,12,0,11:45,2,4,0.5,0,2,0,0,0,NA,0,0,0,0,0,0,1,0,4,1,0,3.5
Jerian Grant,74,68,2016-03-26,23,NYK,H,CLE,-14,0,8:23,0,2,0,0,1,0,2,2,1,0,0,0,0,0,0,1,0,2,-0.4,-16,1.5
Jerian Grant,75,69,2016-03-28,23,NYK,A,NOP,-8,0,9:58,0,3,0,0,1,0,0,0,NA,0,0,0,3,0,0,0,2,0,-0.8,-5,4.5
Jerian Grant,76,70,2016-03-30,23,NYK,A,DAL,-2,0,23:06,2,6,0.333,0,3,0,2,2,1,0,2,2,3,3,0,0,2,6,7.5,-7,19
Jerian Grant,77,71,2016-04-01,23,NYK,H,BRK,14,1,28:50,6,13,0.462,2,4,0.5,0,0,NA,1,2,3,4,0,1,2,2,14,9.3,2,25.8
Jerian Grant,78,72,2016-04-03,23,NYK,H,IND,-5,1,26:02,2,9,0.222,1,3,0.333,1,2,0.5,1,2,3,2,1,0,0,2,6,3,10,15.3
Jerian Grant,79,73,2016-04-06,23,NYK,H,CHO,-14,1,22:51,5,7,0.714,1,2,0.5,3,4,0.75,1,1,2,3,1,0,2,1,14,12.4,-4,22.5
Jerian Grant,80,74,2016-04-08,23,NYK,A,PHI,7,1,30:01,6,11,0.545,0,2,0,4,7,0.571,0,5,5,6,1,0,3,3,16,12,-18,31.8
Jerian Grant,81,75,2016-04-10,23,NYK,H,TOR,-4,1,38:23,7,16,0.438,1,4,0.25,4,6,0.667,1,2,3,1,3,0,1,1,19,13.4,-4,30.3
Jerian Grant,82,76,2016-04-12,23,NYK,A,IND,-12,1,38:35,7,11,0.636,2,4,0.5,2,3,0.667,0,6,6,6,2,1,5,2,18,15.6,-14,39
Kyle O'Quinn,1,1,2015-10-28,25,NYK,A,MIL,25,0,23:29,4,10,0.4,0,1,0,0,0,NA,7,4,11,3,1,2,1,4,8,10.6,23,31.8
Kyle O'Quinn,2,2,2015-10-29,25,NYK,H,ATL,-11,0,22:03,5,9,0.556,0,0,NA,0,0,NA,6,4,10,3,1,1,3,1,10,11.5,9,31
Kyle O'Quinn,3,3,2015-10-31,25,NYK,A,WAS,7,0,14:48,3,5,0.6,0,0,NA,4,5,0.8,0,2,2,1,0,1,2,4,10,5.7,-10,15
Kyle O'Quinn,4,4,2015-11-02,25,NYK,H,SAS,-10,0,19:12,3,6,0.5,0,0,NA,0,0,NA,2,3,5,1,1,0,0,3,6,5.8,7,15.8
Kyle O'Quinn,5,5,2015-11-04,25,NYK,A,CLE,-10,0,19:01,4,6,0.667,0,1,0,0,0,NA,1,4,5,1,1,2,2,3,8,7.2,-4,20.8
Kyle O'Quinn,6,6,2015-11-06,25,NYK,H,MIL,-7,0,16:52,3,5,0.6,0,0,NA,0,0,NA,2,3,5,0,0,3,2,1,6,5.7,-5,17.3
Kyle O'Quinn,7,7,2015-11-08,25,NYK,H,LAL,4,0,11:10,0,1,0,0,1,0,1,2,0.5,1,1,2,1,0,0,0,0,1,1.6,-10,5
Kyle O'Quinn,8,8,2015-11-10,25,NYK,A,TOR,2,0,11:58,2,7,0.286,0,0,NA,2,3,0.667,0,6,6,1,0,2,0,1,6,5,1,19
Kyle O'Quinn,9,9,2015-11-11,25,NYK,A,CHO,-2,0,11:35,2,3,0.667,0,0,NA,2,2,1,1,5,6,1,0,1,0,3,6,7.1,3,17
Kyle O'Quinn,10,10,2015-11-13,25,NYK,H,CLE,-6,0,3:13,0,1,0,0,0,NA,0,0,NA,0,0,0,0,0,0,1,2,0,-2.5,-6,-0.5
Kyle O'Quinn,11,11,2015-11-15,25,NYK,H,NOP,8,0,8:43,0,2,0,0,0,NA,0,0,NA,1,0,1,1,1,1,1,3,0,-0.5,-3,6.3
Kyle O'Quinn,13,12,2015-11-20,25,NYK,A,OKC,3,0,3:55,0,1,0,0,0,NA,0,0,NA,0,0,0,1,0,0,0,1,0,-0.4,1,1.5
Kyle O'Quinn,15,13,2015-11-23,25,NYK,A,MIA,-17,0,4:15,0,1,0,0,0,NA,0,0,NA,0,2,2,0,0,1,2,1,0,-1.8,-9,3.5
Kyle O'Quinn,16,14,2015-11-25,25,NYK,A,ORL,-9,0,12:03,2,6,0.333,0,1,0,0,0,NA,1,3,4,0,0,1,0,1,4,2.5,-12,11
Kyle O'Quinn,17,15,2015-11-27,25,NYK,H,MIA,-19,0,19:28,1,5,0.2,0,2,0,3,4,0.75,3,5,8,3,3,0,2,2,5,7.4,-6,24.5
Kyle O'Quinn,18,16,2015-11-29,25,NYK,H,HOU,-5,0,3:44,0,0,NA,0,0,NA,1,2,0.5,0,0,0,0,0,0,0,1,1,0.2,-3,1
Kyle O'Quinn,19,17,2015-12-02,25,NYK,H,PHI,12,0,2:56,0,1,0,0,0,NA,0,0,NA,1,1,2,0,0,0,0,2,0,-0.5,-5,2.5
Kyle O'Quinn,23,18,2015-12-09,25,NYK,A,UTA,-21,0,16:11,2,4,0.5,0,1,0,5,6,0.833,2,4,6,2,2,1,0,4,9,11.7,7,25.5
Kyle O'Quinn,24,19,2015-12-10,25,NYK,A,SAC,-2,0,12:30,2,3,0.667,0,0,NA,2,2,1,1,5,6,3,0,1,0,0,6,9.7,5,20
Kyle O'Quinn,25,20,2015-12-12,25,NYK,A,POR,2,0,18:53,7,8,0.875,0,1,0,0,1,0,1,6,7,2,0,1,1,2,14,13.6,10,27.3
Kyle O'Quinn,26,21,2015-12-16,25,NYK,H,MIN,5,0,17:19,2,2,1,0,0,NA,0,0,NA,2,2,4,1,0,0,0,5,4,4.1,0,10.5
Kyle O'Quinn,27,22,2015-12-18,25,NYK,A,PHI,10,0,21:00,3,5,0.6,0,0,NA,4,5,0.8,2,5,7,5,1,0,3,3,10,10.5,4,26.8
Kyle O'Quinn,28,23,2015-12-19,25,NYK,H,CHI,16,0,20:25,2,4,0.5,0,0,NA,0,0,NA,3,7,10,0,1,1,3,3,4,3.7,2,19
Kyle O'Quinn,31,24,2015-12-26,25,NYK,A,ATL,-19,0,22:01,3,7,0.429,0,0,NA,1,1,1,2,2,4,4,1,0,5,3,7,2.9,-18,17.5
Kyle O'Quinn,32,25,2015-12-27,25,NYK,A,BOS,-9,0,10:45,2,6,0.333,0,2,0,0,0,NA,1,2,3,2,0,0,3,1,4,-0.1,-7,9.3
Kyle O'Quinn,33,26,2015-12-29,25,NYK,H,DET,12,0,11:13,6,8,0.75,0,0,NA,0,0,NA,1,1,2,1,1,0,0,1,12,11.1,8,18
Kyle O'Quinn,34,27,2016-01-01,25,NYK,A,CHI,-27,0,11:41,1,3,0.333,0,0,NA,0,0,NA,0,5,5,1,0,2,1,3,2,1.7,-1,13.3
Kyle O'Quinn,35,28,2016-01-03,25,NYK,H,ATL,14,0,2:54,0,1,0,0,0,NA,0,0,NA,0,1,1,2,1,0,2,1,0,-0.4,-2,5.3
Kyle O'Quinn,37,29,2016-01-06,25,NYK,A,MIA,8,0,4:41,1,3,0.333,0,0,NA,0,0,NA,0,0,0,0,0,0,1,1,2,-1.1,-6,1.5
Kyle O'Quinn,38,30,2016-01-08,25,NYK,A,SAS,-1,0,0:54,0,0,NA,0,0,NA,0,0,NA,0,0,0,0,0,0,0,0,0,0,2,0
Kyle O'Quinn,39,31,2016-01-10,25,NYK,H,MIL,12,0,2:05,0,1,0,0,0,NA,0,0,NA,0,1,1,0,0,0,0,0,0,-0.4,-5,1.3
Kyle O'Quinn,40,32,2016-01-12,25,NYK,H,BOS,6,0,2:01,0,0,NA,0,0,NA,0,0,NA,0,1,1,1,0,0,0,0,0,1,3,2.8
Kyle O'Quinn,42,33,2016-01-16,25,NYK,A,MEM,-8,0,20:44,5,6,0.833,0,0,NA,5,6,0.833,0,5,5,0,0,0,2,3,15,10.7,7,20.3
Kyle O'Quinn,43,34,2016-01-18,25,NYK,H,PHI,6,0,7:28,2,2,1,0,0,NA,0,0,NA,1,2,3,2,0,0,1,1,4,4.7,1,10.3
Kyle O'Quinn,44,35,2016-01-20,25,NYK,H,UTA,7,0,5:13,0,2,0,0,0,NA,0,0,NA,1,1,2,0,0,0,0,1,0,-0.8,-5,2.5
Kyle O'Quinn,45,36,2016-01-22,25,NYK,H,LAC,-28,0,5:08,2,3,0.667,0,0,NA,0,0,NA,1,2,3,0,0,0,2,0,4,2,-3,6.8
Kyle O'Quinn,47,37,2016-01-26,25,NYK,H,OKC,-6,0,3:12,1,2,0.5,1,1,1,0,0,NA,0,1,1,0,0,0,0,0,3,2.3,-1,4.8
Kyle O'Quinn,48,38,2016-01-28,25,NYK,A,TOR,-10,1,19:10,4,13,0.308,0,1,0,0,0,NA,2,4,6,3,1,2,1,3,8,5.4,10,25.5
Kyle O'Quinn,49,39,2016-01-29,25,NYK,H,PHO,18,0,15:15,2,5,0.4,0,1,0,0,0,NA,0,3,3,2,0,4,2,0,4,4.4,0,17.8
Kyle O'Quinn,50,40,2016-01-31,25,NYK,H,GSW,-21,0,7:37,2,3,0.667,0,0,NA,0,0,NA,1,2,3,0,0,0,1,1,4,2.6,-3,7.3
Kyle O'Quinn,52,41,2016-02-04,25,NYK,A,DET,-6,0,2:06,0,1,0,0,0,NA,0,0,NA,0,0,0,0,0,0,0,0,0,-0.7,-8,0
Kyle O'Quinn,53,42,2016-02-05,25,NYK,H,MEM,-6,0,9:48,2,6,0.333,0,1,0,0,0,NA,1,2,3,0,0,0,0,2,4,1.1,2,7.8
Kyle O'Quinn,54,43,2016-02-07,25,NYK,H,DEN,-5,0,4:05,1,3,0.333,0,0,NA,0,0,NA,1,1,2,0,0,1,1,0,2,1,-1,6
Kyle O'Quinn,56,44,2016-02-19,25,NYK,A,BRK,-11,0,7:10,1,1,1,0,0,NA,1,2,0.5,0,1,1,0,0,1,1,1,3,1.9,-10,5.8
Kyle O'Quinn,57,45,2016-02-20,25,NYK,A,MIN,8,0,9:15,0,1,0,0,0,NA,0,0,NA,0,1,1,2,1,3,1,3,0,1.9,-3,11.8
Kyle O'Quinn,58,46,2016-02-22,25,NYK,H,TOR,-27,0,9:03,0,3,0,0,0,NA,0,2,0,1,2,3,1,0,1,0,2,0,-1,-10,7.3
Kyle O'Quinn,59,47,2016-02-24,25,NYK,A,IND,-3,0,16:10,7,10,0.7,2,2,1,3,3,1,3,3,6,0,0,1,0,0,19,18.5,10,29.5
Kyle O'Quinn,60,48,2016-02-26,25,NYK,H,ORL,13,0,4:54,0,0,NA,0,0,NA,0,0,NA,1,0,1,0,0,0,0,1,0,0.3,5,1.3
Kyle O'Quinn,62,49,2016-03-01,25,NYK,H,POR,-19,0,25:22,3,10,0.3,2,3,0.667,3,4,0.75,1,8,9,1,0,0,2,2,11,5.8,-14,23.8
Kyle O'Quinn,63,50,2016-03-04,25,NYK,A,BOS,-1,0,7:57,3,4,0.75,0,0,NA,0,0,NA,0,4,4,3,1,1,0,2,6,8.6,8,19.5
Kyle O'Quinn,64,51,2016-03-05,25,NYK,H,DET,13,0,15:49,5,8,0.625,0,0,NA,0,0,NA,2,2,4,0,0,3,2,2,10,7.7,1,20
Kyle O'Quinn,65,52,2016-03-08,25,NYK,A,DEN,-16,0,18:04,5,8,0.625,0,1,0,0,0,NA,2,3,5,1,0,1,1,2,10,8.3,-3,19.3
Kyle O'Quinn,66,53,2016-03-09,25,NYK,A,PHO,31,0,11:07,1,2,0.5,0,0,NA,2,2,1,0,4,4,4,1,0,1,2,4,6.2,16,16.5
Kyle O'Quinn,67,54,2016-03-11,25,NYK,A,LAC,-7,0,6:29,0,1,0,0,0,NA,0,0,NA,0,1,1,1,0,0,1,0,0,-0.7,-2,2.3
Kyle O'Quinn,68,55,2016-03-13,25,NYK,A,LAL,3,0,12:20,1,3,0.333,0,0,NA,0,0,NA,0,3,3,0,0,1,1,2,2,0.1,-6,7.3
Kyle O'Quinn,69,56,2016-03-16,25,NYK,A,GSW,-36,0,6:27,0,1,0,0,0,NA,0,0,NA,0,0,0,2,0,0,0,1,0,0.3,-12,3
Kyle O'Quinn,71,57,2016-03-20,25,NYK,H,SAC,-8,0,10:23,1,3,0.333,0,0,NA,2,2,1,2,2,4,0,0,0,0,1,4,3.9,-7,9
Kyle O'Quinn,75,58,2016-03-28,26,NYK,A,NOP,-8,0,5:07,0,1,0,0,0,NA,0,0,NA,1,2,3,0,0,1,0,0,0,1.3,0,5.8
Kyle O'Quinn,76,59,2016-03-30,26,NYK,A,DAL,-2,0,16:56,4,8,0.5,0,0,NA,0,0,NA,1,3,4,1,1,0,1,2,8,5.5,-11,16
Kyle O'Quinn,77,60,2016-04-01,26,NYK,H,BRK,14,0,19:04,4,5,0.8,0,0,NA,1,1,1,1,4,5,1,0,1,1,3,9,8.2,12,18.3
Kyle O'Quinn,78,61,2016-04-03,26,NYK,H,IND,-5,0,12:26,3,5,0.6,0,0,NA,0,0,NA,2,3,5,1,0,0,0,0,6,6.7,-10,13.8
Kyle O'Quinn,79,62,2016-04-06,26,NYK,H,CHO,-14,0,12:53,1,2,0.5,0,1,0,0,0,NA,0,5,5,0,0,2,0,3,2,2.7,-2,12.3
Kyle O'Quinn,80,63,2016-04-08,26,NYK,A,PHI,7,0,19:37,4,8,0.5,0,0,NA,2,2,1,3,5,8,1,0,2,1,2,10,9.9,14,25
Kyle O'Quinn,81,64,2016-04-10,26,NYK,H,TOR,-4,0,20:06,3,11,0.273,0,0,NA,2,3,0.667,5,5,10,3,0,0,1,3,8,6,-4,24.5
Kyle O'Quinn,82,65,2016-04-12,26,NYK,A,IND,-12,0,14:55,2,6,0.333,0,1,0,0,0,NA,2,5,7,2,0,3,2,2,4,4.2,-7,20.8
Kevin Seraphin,4,1,2015-11-02,25,NYK,H,SAS,-10,0,5:03,1,3,0.333,0,0,NA,0,0,NA,0,2,2,0,0,0,0,1,2,0.5,1,4.5
Kevin Seraphin,5,2,2015-11-04,25,NYK,A,CLE,-10,0,9:32,2,4,0.5,0,0,NA,0,0,NA,0,0,0,0,0,1,0,1,4,2.3,6,6
Kevin Seraphin,6,3,2015-11-06,25,NYK,H,MIL,-7,0,3:31,0,0,NA,0,0,NA,0,0,NA,0,1,1,0,0,0,0,0,0,0.3,0,1.3
Kevin Seraphin,7,4,2015-11-08,25,NYK,H,LAL,4,0,7:46,0,3,0,0,0,NA,0,0,NA,1,2,3,0,1,2,1,0,0,0.6,0,9.3
Kevin Seraphin,8,5,2015-11-10,25,NYK,A,TOR,2,0,8:29,1,3,0.333,0,0,NA,0,0,NA,0,0,0,0,0,1,2,0,2,-1,2,3
Kevin Seraphin,9,6,2015-11-11,25,NYK,A,CHO,-2,0,2:34,1,1,1,0,0,NA,0,0,NA,1,0,1,0,0,0,1,0,2,1.4,-7,2.8
Kevin Seraphin,11,7,2015-11-15,25,NYK,H,NOP,8,0,14:11,6,8,0.75,0,0,NA,0,0,NA,1,2,3,2,1,0,2,1,12,10.1,9,19.8
Kevin Seraphin,12,8,2015-11-17,25,NYK,H,CHO,8,0,20:57,5,10,0.5,0,0,NA,0,0,NA,2,3,5,4,0,2,2,2,10,8.7,3,25.3
Kevin Seraphin,13,9,2015-11-20,25,NYK,A,OKC,3,0,11:09,0,3,0,0,0,NA,0,0,NA,0,0,0,2,1,0,0,5,0,-1.7,2,5
Kevin Seraphin,14,10,2015-11-21,25,NYK,A,HOU,5,0,6:33,1,4,0.25,0,0,NA,0,0,NA,3,0,3,1,0,0,0,1,2,2,-6,7.3
Kevin Seraphin,15,11,2015-11-23,25,NYK,A,MIA,-17,0,5:17,1,4,0.25,0,0,NA,0,0,NA,1,0,1,0,0,0,0,2,2,-0.5,4,3.3
Kevin Seraphin,16,12,2015-11-25,25,NYK,A,ORL,-9,0,8:14,0,2,0,0,0,NA,0,0,NA,0,0,0,1,0,0,1,2,0,-2.5,-13,1
Kevin Seraphin,17,13,2015-11-27,25,NYK,H,MIA,-19,0,16:53,5,11,0.455,0,0,NA,0,0,NA,1,2,3,1,0,0,2,2,10,3.5,-9,14.3
Kevin Seraphin,18,14,2015-11-29,25,NYK,H,HOU,-5,0,31:44,7,10,0.7,0,0,NA,0,0,NA,0,7,7,4,1,4,5,3,14,12.3,2,36.3
Kevin Seraphin,19,15,2015-12-02,25,NYK,H,PHI,12,0,16:37,2,5,0.4,0,0,NA,4,4,1,1,5,6,3,1,1,2,3,8,8.1,8,23
Kevin Seraphin,20,16,2015-12-04,25,NYK,H,BRK,17,0,14:08,1,4,0.25,0,0,NA,2,2,1,0,3,3,2,0,1,1,3,4,2.4,-1,12.3
Kevin Seraphin,21,17,2015-12-05,25,NYK,A,MIL,-15,0,23:31,0,4,0,0,0,NA,4,6,0.667,2,2,4,5,0,2,2,3,4,4.1,7,19.5
Kevin Seraphin,22,18,2015-12-07,26,NYK,H,DAL,-7,0,15:38,3,8,0.375,0,0,NA,0,0,NA,1,4,5,0,0,1,0,0,6,4.2,-8,14.3
Kevin Seraphin,23,19,2015-12-09,26,NYK,A,UTA,-21,0,8:50,1,3,0.333,0,0,NA,0,0,NA,2,3,5,1,0,0,2,0,2,1.3,-4,8.8
Kevin Seraphin,26,20,2015-12-16,26,NYK,H,MIN,5,0,6:46,1,2,0.5,0,0,NA,1,1,1,1,0,1,1,0,0,1,0,3,2.4,7,5.3
Kevin Seraphin,27,21,2015-12-18,26,NYK,A,PHI,10,0,5:02,1,4,0.25,0,0,NA,0,0,NA,0,2,2,0,0,1,0,1,2,0.5,-13,6.5
Kevin Seraphin,29,22,2015-12-21,26,NYK,H,ORL,-8,0,7:48,1,2,0.5,0,0,NA,0,0,NA,0,1,1,0,0,0,0,1,2,0.9,-5,3.3
Kevin Seraphin,30,23,2015-12-23,26,NYK,A,CLE,-7,0,4:48,0,2,0,0,0,NA,0,0,NA,0,0,0,1,0,0,0,1,0,-1.1,-8,1.5
Kevin Seraphin,34,24,2016-01-01,26,NYK,A,CHI,-27,0,12:11,2,7,0.286,0,1,0,0,2,0,3,1,4,1,1,1,0,3,4,2.7,-13,14.5
Kevin Seraphin,40,25,2016-01-12,26,NYK,H,BOS,6,0,2:15,0,1,0,0,0,NA,0,0,NA,1,0,1,0,0,0,0,0,0,0,-1,1.3
Kevin Seraphin,42,26,2016-01-16,26,NYK,A,MEM,-8,0,4:32,1,2,0.5,0,0,NA,0,0,NA,0,1,1,0,0,1,0,0,2,2,-6,5.3
Kevin Seraphin,45,27,2016-01-22,26,NYK,H,LAC,-28,0,12:33,3,7,0.429,0,0,NA,0,0,NA,1,2,3,2,0,1,3,1,6,2.3,-7,13.3
Kevin Seraphin,46,28,2016-01-23,26,NYK,A,CHO,-13,0,8:26,0,2,0,0,0,NA,0,0,NA,1,0,1,1,0,2,1,1,0,0,-5,6.3
Kevin Seraphin,47,29,2016-01-26,26,NYK,H,OKC,-6,0,16:05,4,8,0.5,0,0,NA,0,0,NA,0,4,4,0,0,3,0,1,8,6.9,8,19
Kevin Seraphin,48,30,2016-01-28,26,NYK,A,TOR,-10,0,15:04,2,4,0.5,0,0,NA,0,0,NA,0,1,1,1,0,0,1,3,4,0.8,-8,6.3
Kevin Seraphin,51,31,2016-02-02,26,NYK,H,BOS,-8,0,4:21,1,2,0.5,0,0,NA,0,0,NA,0,0,0,0,0,0,1,0,2,0,-10,1.5
Kevin Seraphin,53,32,2016-02-05,26,NYK,H,MEM,-6,0,2:40,1,3,0.333,0,0,NA,0,0,NA,1,0,1,0,0,0,1,1,2,-0.4,-3,2.8
Kevin Seraphin,54,33,2016-02-07,26,NYK,H,DEN,-5,0,9:30,1,2,0.5,0,0,NA,0,0,NA,1,1,2,1,0,0,0,1,2,2.3,-4,6
Kevin Seraphin,55,34,2016-02-09,26,NYK,H,WAS,-3,0,15:00,4,6,0.667,0,0,NA,0,0,NA,0,2,2,3,0,1,3,3,8,4.6,8,15.5
Kevin Seraphin,56,35,2016-02-19,26,NYK,A,BRK,-11,0,5:10,0,1,0,0,0,NA,0,0,NA,0,1,1,0,0,0,1,0,0,-1.4,2,0.8
Kevin Seraphin,65,36,2016-03-08,26,NYK,A,DEN,-16,0,14:20,1,4,0.25,0,0,NA,0,0,NA,0,1,1,0,0,1,1,3,2,-1.6,2,4.8
Kevin Seraphin,66,37,2016-03-09,26,NYK,A,PHO,31,0,4:00,1,3,0.333,0,0,NA,0,0,NA,1,1,2,0,0,1,0,0,2,2,-2,6.5
Kevin Seraphin,69,38,2016-03-16,26,NYK,A,GSW,-36,0,19:01,5,10,0.5,0,0,NA,2,2,1,2,1,3,3,0,0,0,0,12,10.8,-1,20.3
Kevin Seraphin,70,39,2016-03-19,26,NYK,A,WAS,-10,0,14:06,2,4,0.5,0,0,NA,2,2,1,1,8,9,1,0,1,1,3,6,6.3,2,20.3
Kevin Seraphin,72,40,2016-03-23,26,NYK,A,CHI,8,0,11:31,0,2,0,0,0,NA,2,2,1,0,5,5,2,1,1,1,1,2,3.8,-8,14.8
Kevin Seraphin,73,41,2016-03-24,26,NYK,H,CHI,12,0,9:48,1,3,0.333,0,0,NA,0,0,NA,1,2,3,1,0,2,1,0,2,2.7,-3,10.8
Kevin Seraphin,74,42,2016-03-26,26,NYK,H,CLE,-14,0,6:50,0,1,0,0,0,NA,0,0,NA,0,0,0,1,0,0,0,1,0,-0.4,-11,1.5
Kevin Seraphin,75,43,2016-03-28,26,NYK,A,NOP,-8,0,10:56,2,6,0.333,0,0,NA,0,0,NA,0,4,4,0,0,0,0,2,4,1,-6,9
Kevin Seraphin,76,44,2016-03-30,26,NYK,A,DAL,-2,0,13:36,3,5,0.6,0,0,NA,0,0,NA,0,1,1,1,0,2,0,1,6,5.7,-9,12.8
Kevin Seraphin,77,45,2016-04-01,26,NYK,H,BRK,14,0,22:23,5,9,0.556,0,1,0,2,2,1,0,7,7,0,1,0,2,3,12,7.6,12,21.8
Kevin Seraphin,78,46,2016-04-03,26,NYK,H,IND,-5,0,23:14,3,8,0.375,0,0,NA,0,0,NA,1,7,8,0,0,1,2,4,6,1.5,1,17
Kevin Seraphin,79,47,2016-04-06,26,NYK,H,CHO,-14,0,3:04,0,1,0,0,0,NA,0,0,NA,0,1,1,0,0,0,0,0,0,-0.4,-2,1.3
Kevin Seraphin,82,48,2016-04-12,26,NYK,A,IND,-12,0,10:50,2,4,0.5,0,0,NA,0,0,NA,0,5,5,1,0,2,0,3,4,4.4,0,15.8
Jose Calderon,1,1,2015-10-28,34,NYK,A,MIL,25,1,17:58,1,5,0.2,1,4,0.25,0,0,NA,0,3,3,1,0,0,1,4,3,-1.1,1,8.3
Jose Calderon,2,2,2015-10-29,34,NYK,H,ATL,-11,1,18:13,0,5,0,0,2,0,2,2,1,0,1,1,1,1,0,0,2,2,-0.3,-18,6.8
Jose Calderon,3,3,2015-10-31,34,NYK,A,WAS,7,1,21:02,4,9,0.444,1,4,0.25,1,1,1,0,0,0,3,1,0,2,3,10,5.2,-7,16
Jose Calderon,4,4,2015-11-02,34,NYK,H,SAS,-10,1,23:16,2,5,0.4,2,2,1,0,0,NA,0,0,0,2,1,0,1,2,6,3.9,-1,11.5
Jose Calderon,5,5,2015-11-04,34,NYK,A,CLE,-10,1,29:01,1,5,0.2,0,1,0,0,0,NA,1,2,3,5,0,0,1,0,2,2.7,0,12.8
Jose Calderon,6,6,2015-11-06,34,NYK,H,MIL,-7,1,16:08,0,3,0,0,3,0,0,0,NA,1,1,2,5,0,0,1,2,0,0.6,-7,9.5
Jose Calderon,7,7,2015-11-08,34,NYK,H,LAL,4,1,35:23,6,12,0.5,2,6,0.333,0,0,NA,1,4,5,3,2,0,1,1,14,12.6,5,29.3
Jose Calderon,8,8,2015-11-10,34,NYK,A,TOR,2,1,29:12,3,8,0.375,2,4,0.5,0,0,NA,0,3,3,2,1,0,0,3,8,5.7,-8,17.8
Jose Calderon,9,9,2015-11-11,34,NYK,A,CHO,-2,1,28:14,6,9,0.667,1,4,0.25,0,0,NA,0,2,2,5,1,0,2,1,13,11.8,3,24.5
Jose Calderon,10,10,2015-11-13,34,NYK,H,CLE,-6,1,22:16,4,5,0.8,2,2,1,0,0,NA,0,2,2,2,3,0,4,3,10,7.9,-12,20.5
Jose Calderon,11,11,2015-11-15,34,NYK,H,NOP,8,1,20:47,4,5,0.8,0,1,0,0,0,NA,0,2,2,3,0,0,0,2,8,8,7,15
Jose Calderon,12,12,2015-11-17,34,NYK,H,CHO,8,1,30:39,2,6,0.333,2,3,0.667,2,2,1,0,3,3,3,1,0,1,1,8,7.2,6,18.8
Jose Calderon,13,13,2015-11-20,34,NYK,A,OKC,3,1,29:48,4,7,0.571,2,2,1,0,0,NA,2,2,4,7,3,0,2,0,10,14.6,-5,31.5
Jose Calderon,14,14,2015-11-21,34,NYK,A,HOU,5,1,32:46,3,5,0.6,3,5,0.6,2,2,1,0,0,0,7,1,0,0,2,11,13.8,8,25
Jose Calderon,15,15,2015-11-23,34,NYK,A,MIA,-17,1,31:36,2,4,0.5,0,1,0,0,0,NA,0,3,3,2,1,0,0,1,4,4.9,-1,12.8
Jose Calderon,16,16,2015-11-25,34,NYK,A,ORL,-9,1,34:51,8,14,0.571,4,8,0.5,3,4,0.75,0,3,3,4,1,0,1,1,23,19.3,0,36.3
Jose Calderon,17,17,2015-11-27,34,NYK,H,MIA,-19,1,24:58,2,5,0.4,0,1,0,0,0,NA,0,1,1,0,0,0,0,1,4,1.2,-16,5.3
Jose Calderon,18,18,2015-11-29,34,NYK,H,HOU,-5,1,37:58,2,7,0.286,1,4,0.25,2,2,1,0,5,5,5,1,0,5,4,7,2.3,-3,20.8
Jose Calderon,19,19,2015-12-02,34,NYK,H,PHI,12,1,26:49,4,8,0.5,1,3,0.333,2,2,1,0,2,2,5,2,0,0,0,11,13.1,11,25.5
Jose Calderon,20,20,2015-12-04,34,NYK,H,BRK,17,1,28:32,0,2,0,0,1,0,1,2,0.5,0,4,4,10,2,0,2,1,1,7,13,24
Jose Calderon,21,21,2015-12-05,34,NYK,A,MIL,-15,1,25:51,2,4,0.5,0,2,0,0,0,NA,0,6,6,5,0,0,0,0,4,7.3,-21,19
Jose Calderon,22,22,2015-12-07,34,NYK,H,DAL,-7,1,35:17,5,7,0.714,3,4,0.75,1,1,1,0,7,7,5,1,0,1,3,14,15.5,-2,33.3
Jose Calderon,23,23,2015-12-09,34,NYK,A,UTA,-21,1,21:09,4,5,0.8,1,2,0.5,0,0,NA,1,2,3,2,0,1,0,1,9,10.1,-18,18.3
Jose Calderon,24,24,2015-12-10,34,NYK,A,SAC,-2,1,31:47,3,7,0.429,2,5,0.4,0,0,NA,1,1,2,3,1,0,1,1,8,7,-1,17.5
Jose Calderon,25,25,2015-12-12,34,NYK,A,POR,2,1,19:42,0,4,0,0,3,0,0,0,NA,0,1,1,3,0,0,0,2,0,-1.2,-14,5.8
Jose Calderon,26,26,2015-12-16,34,NYK,H,MIN,5,1,24:38,1,3,0.333,1,3,0.333,0,0,NA,0,8,8,3,0,0,4,0,3,1.8,15,16
Jose Calderon,27,27,2015-12-18,34,NYK,A,PHI,10,1,24:12,0,2,0,0,1,0,1,2,0.5,1,4,5,6,0,0,0,2,1,4.5,12,16.3
Jose Calderon,28,28,2015-12-19,34,NYK,H,CHI,16,1,22:40,1,5,0.2,1,5,0.2,2,2,1,0,2,2,5,0,0,0,2,5,5.2,-1,15.5
Jose Calderon,29,29,2015-12-21,34,NYK,H,ORL,-8,1,17:53,1,3,0.333,0,2,0,2,2,1,1,1,2,2,1,0,2,2,4,2.9,-6,10.5
Jose Calderon,30,30,2015-12-23,34,NYK,A,CLE,-7,1,34:45,4,5,0.8,1,1,1,1,1,1,0,3,3,6,1,0,1,1,10,12.8,-13,24.8
Jose Calderon,31,31,2015-12-26,34,NYK,A,ATL,-19,1,24:03,3,5,0.6,2,3,0.667,0,0,NA,1,3,4,8,2,1,0,1,8,15.2,-1,32
Jose Calderon,32,32,2015-12-27,34,NYK,A,BOS,-9,1,21:36,1,3,0.333,0,0,NA,0,0,NA,0,2,2,1,1,0,1,0,2,1.6,-9,7.5
Jose Calderon,33,33,2015-12-29,34,NYK,H,DET,12,1,33:19,5,6,0.833,3,4,0.75,2,2,1,0,2,2,4,0,0,0,2,15,15.4,9,25
Jose Calderon,34,34,2016-01-01,34,NYK,A,CHI,-27,1,34:35,7,9,0.778,3,3,1,1,1,1,1,3,4,4,1,0,1,4,18,17.3,-17,32
Jose Calderon,35,35,2016-01-03,34,NYK,H,ATL,14,1,26:18,4,8,0.5,1,2,0.5,0,0,NA,0,3,3,2,2,1,3,0,9,7,9,20.8
Jose Calderon,36,36,2016-01-05,34,NYK,A,ATL,6,1,35:39,3,7,0.429,1,3,0.333,0,0,NA,0,3,3,6,1,0,1,3,7,7.2,8,21.8
Jose Calderon,37,37,2016-01-06,34,NYK,A,MIA,8,1,34:39,4,5,0.8,1,1,1,0,0,NA,0,5,5,2,1,0,2,2,9,8.2,14,19.8
Jose Calderon,38,38,2016-01-08,34,NYK,A,SAS,-1,1,31:49,2,9,0.222,0,1,0,0,0,NA,0,3,3,5,0,0,3,1,4,-0.5,5,13.8
Jose Calderon,39,39,2016-01-10,34,NYK,H,MIL,12,1,29:06,3,5,0.6,2,3,0.667,1,2,0.5,0,4,4,7,3,0,1,2,9,13.6,34,31
Jose Calderon,40,40,2016-01-12,34,NYK,H,BOS,6,1,30:20,0,2,0,0,2,0,0,0,NA,1,2,3,5,1,0,1,1,0,3,8,12.8
Jose Calderon,41,41,2016-01-13,34,NYK,A,BRK,-6,1,28:46,6,12,0.5,4,6,0.667,0,0,NA,2,5,7,4,2,0,1,3,16,15.5,-11,36.3
Jose Calderon,42,42,2016-01-16,34,NYK,A,MEM,-8,1,31:50,4,8,0.5,0,2,0,0,0,NA,0,3,3,5,0,0,1,1,8,7,-4,18.8
Jose Calderon,43,43,2016-01-18,34,NYK,H,PHI,6,1,35:03,2,8,0.25,2,4,0.5,2,2,1,2,1,3,5,3,1,2,3,8,8.9,5,27.3
Jose Calderon,44,44,2016-01-20,34,NYK,H,UTA,7,1,32:09,4,7,0.571,1,3,0.333,0,0,NA,0,0,0,1,1,1,2,3,9,4.9,-1,14
Jose Calderon,45,45,2016-01-22,34,NYK,H,LAC,-28,1,22:40,2,5,0.4,0,1,0,0,0,NA,1,5,6,4,0,0,0,2,4,5.5,-19,17.5
Jose Calderon,46,46,2016-01-23,34,NYK,A,CHO,-13,1,33:39,3,6,0.5,0,2,0,0,0,NA,0,4,4,7,1,0,0,2,6,9.3,-13,23.5
Jose Calderon,47,47,2016-01-26,34,NYK,H,OKC,-6,1,20:48,3,5,0.6,0,0,NA,0,0,NA,0,0,0,6,1,0,1,2,6,7.1,1,16.5
Jose Calderon,52,48,2016-02-04,34,NYK,A,DET,-6,1,12:39,0,3,0,0,1,0,0,0,NA,0,0,0,3,1,0,1,1,0,-0.4,-17,6
Jose Calderon,53,49,2016-02-05,34,NYK,H,MEM,-6,1,35:11,7,14,0.5,3,7,0.429,1,1,1,0,8,8,5,1,0,4,2,18,13.1,-5,37
Jose Calderon,54,50,2016-02-07,34,NYK,H,DEN,-5,1,29:56,4,6,0.667,3,5,0.6,0,0,NA,0,4,4,3,0,0,1,5,11,8.7,4,21.5
Jose Calderon,55,51,2016-02-09,34,NYK,H,WAS,-3,1,28:20,0,4,0,0,3,0,0,0,NA,0,3,3,6,1,0,1,1,0,1.9,-8,14.3
Jose Calderon,56,52,2016-02-19,34,NYK,A,BRK,-11,1,21:46,3,9,0.333,1,3,0.333,0,0,NA,0,4,4,2,0,1,1,1,7,3.8,-17,17
Jose Calderon,57,53,2016-02-20,34,NYK,A,MIN,8,1,34:46,4,8,0.5,1,4,0.25,0,0,NA,0,6,6,3,0,0,2,2,9,6.1,8,20.5
Jose Calderon,58,54,2016-02-22,34,NYK,H,TOR,-27,1,19:21,0,2,0,0,1,0,0,0,NA,0,2,2,2,0,0,2,2,0,-2.2,-21,4.5
Jose Calderon,59,55,2016-02-24,34,NYK,A,IND,-3,1,32:40,6,10,0.6,4,4,1,4,4,1,0,4,4,4,1,0,0,0,20,20.4,-6,35
Jose Calderon,60,56,2016-02-26,34,NYK,H,ORL,13,1,30:54,6,8,0.75,0,1,0,2,2,1,0,3,3,1,0,0,2,3,14,9.2,1,18.3
Jose Calderon,61,57,2016-02-28,34,NYK,H,MIA,-17,1,39:40,3,13,0.231,1,3,0.333,0,0,NA,0,0,0,3,1,0,4,2,7,-2.6,-1,12
Jose Calderon,62,58,2016-03-01,34,NYK,H,POR,-19,1,25:22,2,8,0.25,1,5,0.2,0,0,NA,0,2,2,2,0,0,3,2,5,-1.6,-5,9.5
Jose Calderon,63,59,2016-03-04,34,NYK,A,BOS,-1,1,38:22,5,10,0.5,2,2,1,1,1,1,0,5,5,5,0,0,1,3,13,10.8,5,27.3
Jose Calderon,64,60,2016-03-05,34,NYK,H,DET,13,1,34:06,2,5,0.4,1,2,0.5,2,2,1,0,4,4,4,1,0,0,2,7,8.5,16,20.5
Jose Calderon,65,61,2016-03-08,34,NYK,A,DEN,-16,1,25:40,3,5,0.6,0,1,0,0,0,NA,1,3,4,4,0,1,0,1,6,8.4,-7,19
Jose Calderon,66,62,2016-03-09,34,NYK,A,PHO,31,1,34:25,4,6,0.667,2,3,0.667,0,0,NA,0,2,2,12,2,0,1,1,10,17,30,36.5
Jose Calderon,67,63,2016-03-11,34,NYK,A,LAC,-7,1,38:28,1,7,0.143,0,5,0,0,0,NA,0,4,4,7,1,0,1,6,2,1.2,-7,19
Jose Calderon,68,64,2016-03-13,34,NYK,A,LAL,3,1,35:10,4,7,0.571,1,3,0.333,0,0,NA,0,3,3,6,1,0,2,3,9,8.6,6,23.3
Jose Calderon,69,65,2016-03-16,34,NYK,A,GSW,-36,1,15:20,1,4,0.25,0,0,NA,0,0,NA,1,1,2,1,1,0,0,1,2,1.9,-19,8
Jose Calderon,70,66,2016-03-19,34,NYK,A,WAS,-10,1,24:26,4,8,0.5,2,3,0.667,0,0,NA,0,1,1,2,0,0,1,3,10,5.5,-15,14.8
Jose Calderon,71,67,2016-03-20,34,NYK,H,SAC,-8,1,32:36,1,4,0.25,1,2,0.5,0,0,NA,0,3,3,4,1,0,2,1,3,2.9,4,14.3
Jose Calderon,72,68,2016-03-23,34,NYK,A,CHI,8,1,37:04,3,6,0.5,2,4,0.5,3,4,0.75,0,4,4,8,1,0,0,1,11,15,12,31
Jose Calderon,73,69,2016-03-24,34,NYK,H,CHI,12,1,32:59,4,9,0.444,3,5,0.6,1,2,0.5,1,6,7,7,1,0,2,3,12,12.1,17,33.8
Jose Calderon,74,70,2016-03-26,34,NYK,H,CLE,-14,1,21:02,3,6,0.5,0,1,0,0,0,NA,1,1,2,7,1,0,0,4,6,8.3,-2,21
Jose Calderon,75,71,2016-03-28,34,NYK,A,NOP,-8,1,30:17,3,7,0.429,3,6,0.5,0,0,NA,1,6,7,6,2,0,1,4,9,11.4,-2,31.8
Jose Calderon,76,72,2016-03-30,34,NYK,A,DAL,-2,1,9:42,1,2,0.5,0,0,NA,0,0,NA,0,2,2,1,0,0,2,1,2,-0.1,10,5
Robin Lopez,1,1,2015-10-28,27,NYK,A,MIL,25,1,19:52,3,5,0.6,0,0,NA,2,2,1,2,0,2,0,0,2,2,3,8,5.3,0,13.5
Robin Lopez,2,2,2015-10-29,27,NYK,H,ATL,-11,1,21:17,8,11,0.727,0,0,NA,2,2,1,2,2,4,1,0,1,5,0,18,11.9,-13,24
Robin Lopez,3,3,2015-10-31,27,NYK,A,WAS,7,1,30:55,3,10,0.3,0,0,NA,2,2,1,4,4,8,3,0,2,3,4,8,5.1,13,25
Robin Lopez,4,4,2015-11-02,27,NYK,H,SAS,-10,1,32:10,5,12,0.417,0,0,NA,0,0,NA,1,4,5,4,1,0,1,2,10,7.5,-15,23.8
Robin Lopez,5,5,2015-11-04,27,NYK,A,CLE,-10,1,28:19,3,9,0.333,0,0,NA,0,0,NA,1,3,4,2,0,0,3,3,6,-0.3,-13,12.5
Robin Lopez,6,6,2015-11-06,27,NYK,H,MIL,-7,1,22:14,6,9,0.667,0,0,NA,0,0,NA,0,2,2,0,0,1,1,3,12,7.2,1,16
Robin Lopez,7,7,2015-11-08,27,NYK,H,LAL,4,1,31:00,5,9,0.556,0,0,NA,4,4,1,5,8,13,4,0,1,2,3,14,15.9,5,38.8
Robin Lopez,8,8,2015-11-10,27,NYK,A,TOR,2,1,29:00,6,11,0.545,0,0,NA,0,0,NA,5,3,8,2,1,4,0,6,12,13.9,-4,35
Robin Lopez,9,9,2015-11-11,27,NYK,A,CHO,-2,1,30:56,0,3,0,0,0,NA,0,0,NA,2,7,9,2,1,1,2,1,0,2.1,4,17.3
Robin Lopez,10,10,2015-11-13,27,NYK,H,CLE,-6,1,24:43,1,5,0.2,0,0,NA,2,2,1,2,3,5,1,0,0,1,2,4,2.1,-1,11.3
Robin Lopez,11,11,2015-11-15,27,NYK,H,NOP,8,1,14:00,0,3,0,0,0,NA,0,0,NA,1,4,5,3,1,2,0,1,0,3.9,2,16.8
Robin Lopez,12,12,2015-11-17,27,NYK,H,CHO,8,1,17:45,1,4,0.25,0,0,NA,2,2,1,4,3,7,1,1,0,3,3,4,2.8,2,14.8
Robin Lopez,13,13,2015-11-20,27,NYK,A,OKC,3,1,32:56,1,3,0.333,0,0,NA,5,5,1,2,5,7,2,0,3,6,4,7,4.1,0,21.8
Robin Lopez,14,14,2015-11-21,27,NYK,A,HOU,5,1,24:53,3,5,0.6,0,0,NA,2,3,0.667,4,2,6,2,0,0,1,3,8,7.9,8,18
Robin Lopez,15,15,2015-11-23,27,NYK,A,MIA,-17,1,29:30,5,12,0.417,0,0,NA,2,4,0.5,6,2,8,1,0,0,2,2,12,7.5,-2,22.5
Robin Lopez,16,16,2015-11-25,27,NYK,A,ORL,-9,1,23:25,4,8,0.5,0,0,NA,0,0,NA,5,7,12,3,0,2,0,1,8,12.7,4,31.5
Robin Lopez,17,17,2015-11-27,27,NYK,H,MIA,-19,1,13:42,1,6,0.167,0,0,NA,0,0,NA,1,3,4,1,0,0,1,5,2,-2.5,-1,8
Robin Lopez,18,18,2015-11-29,27,NYK,H,HOU,-5,1,14:33,0,1,0,0,0,NA,0,0,NA,0,3,3,2,0,1,1,3,0,0.1,-1,8.3
Robin Lopez,19,19,2015-12-02,27,NYK,H,PHI,12,1,22:05,3,6,0.5,0,0,NA,0,0,NA,1,4,5,3,0,1,2,2,6,4.9,14,17.8
Robin Lopez,20,20,2015-12-04,27,NYK,H,BRK,17,1,30:18,3,6,0.5,0,0,NA,1,1,1,3,2,5,3,0,3,1,0,7,9.9,21,23.3
Robin Lopez,21,21,2015-12-05,27,NYK,A,MIL,-15,1,20:40,2,3,0.667,0,0,NA,1,2,0.5,0,1,1,1,0,1,3,1,5,1.6,-25,8.3
Robin Lopez,22,22,2015-12-07,27,NYK,H,DAL,-7,1,15:41,3,5,0.6,0,0,NA,0,0,NA,0,2,2,1,0,1,0,3,6,4.5,-6,12
Robin Lopez,23,23,2015-12-09,27,NYK,A,UTA,-21,1,18:45,1,2,0.5,0,0,NA,0,2,0,0,0,0,0,0,1,0,2,2,0.1,-16,4
Robin Lopez,24,24,2015-12-10,27,NYK,A,SAC,-2,1,19:58,2,5,0.4,0,0,NA,2,2,1,2,5,7,1,0,0,2,4,6,3.3,-9,15.3
Robin Lopez,25,25,2015-12-12,27,NYK,A,POR,2,1,28:43,5,7,0.714,0,0,NA,4,4,1,4,3,7,1,0,0,0,3,14,14.3,-15,24.3
Robin Lopez,26,26,2015-12-16,27,NYK,H,MIN,5,1,18:12,3,8,0.375,0,0,NA,0,1,0,2,0,2,1,0,1,0,5,6,2,-12,12
Robin Lopez,27,27,2015-12-18,27,NYK,A,PHI,10,1,16:18,4,6,0.667,0,0,NA,0,0,NA,3,3,6,0,0,1,0,3,8,7.9,14,17.5
Robin Lopez,28,28,2015-12-19,27,NYK,H,CHI,16,1,18:31,3,5,0.6,0,0,NA,2,2,1,2,1,3,0,0,0,2,1,8,5,1,10.8
Robin Lopez,29,29,2015-12-21,27,NYK,H,ORL,-8,1,34:27,6,6,1,0,0,NA,0,0,NA,2,6,8,2,0,2,0,0,12,16.2,-8,29
Robin Lopez,30,30,2015-12-23,27,NYK,A,CLE,-7,1,19:37,4,9,0.444,0,0,NA,0,0,NA,1,4,5,0,1,3,2,1,8,5.9,-2,21.3
Robin Lopez,31,31,2015-12-26,27,NYK,A,ATL,-19,1,20:09,4,5,0.8,0,0,NA,1,1,1,2,2,4,2,0,1,0,0,9,11.2,5,19
Robin Lopez,32,32,2015-12-27,27,NYK,A,BOS,-9,1,29:33,3,7,0.429,0,0,NA,2,2,1,3,3,6,2,0,1,2,2,8,6.6,-5,19.5
Robin Lopez,33,33,2015-12-29,27,NYK,H,DET,12,1,36:22,5,8,0.625,0,0,NA,1,2,0.5,3,4,7,2,1,6,3,5,11,11.9,4,35.3
Robin Lopez,34,34,2016-01-01,27,NYK,A,CHI,-27,1,21:35,2,5,0.4,0,0,NA,0,0,NA,3,3,6,2,0,2,2,4,4,3.5,-5,17.5
Robin Lopez,35,35,2016-01-03,27,NYK,H,ATL,14,1,29:31,7,10,0.7,0,0,NA,2,2,1,5,6,11,5,0,3,5,4,16,16.1,9,42.3
Robin Lopez,36,36,2016-01-05,27,NYK,A,ATL,6,1,34:48,4,11,0.364,0,0,NA,1,1,1,4,4,8,1,1,2,1,2,9,8.2,9,26
Robin Lopez,37,37,2016-01-06,27,NYK,A,MIA,8,1,34:31,9,12,0.75,0,0,NA,1,1,1,3,1,4,1,0,2,1,3,19,16.5,18,29
Robin Lopez,38,38,2016-01-08,27,NYK,A,SAS,-1,1,34:22,6,13,0.462,0,0,NA,0,0,NA,0,3,3,3,0,0,0,0,12,8.3,-2,20.3
Robin Lopez,39,39,2016-01-10,27,NYK,H,MIL,12,1,27:20,4,8,0.5,0,0,NA,5,5,1,4,5,9,2,0,1,2,6,13,11,-3,28.3
Robin Lopez,40,40,2016-01-12,27,NYK,H,BOS,6,1,25:50,6,7,0.857,0,0,NA,3,4,0.75,2,3,5,1,0,1,2,4,15,12.2,9,23.8
Robin Lopez,41,41,2016-01-13,27,NYK,A,BRK,-6,1,30:40,4,8,0.5,0,0,NA,1,2,0.5,7,5,12,0,0,1,2,3,9,8.5,-14,25
Robin Lopez,42,42,2016-01-16,27,NYK,A,MEM,-8,1,15:01,3,6,0.5,0,0,NA,0,0,NA,0,2,2,0,0,2,1,4,6,2.4,-14,12
Robin Lopez,43,43,2016-01-18,27,NYK,H,PHI,6,1,33:14,6,11,0.545,0,0,NA,4,4,1,2,8,10,2,0,2,2,2,16,14.5,5,36
Robin Lopez,44,44,2016-01-20,27,NYK,H,UTA,7,1,39:58,11,14,0.786,0,0,NA,0,0,NA,6,6,12,0,0,3,1,3,22,22.5,15,44
Robin Lopez,45,45,2016-01-22,27,NYK,H,LAC,-28,1,17:21,3,11,0.273,0,0,NA,0,0,NA,5,2,7,0,1,0,1,2,6,2.8,-15,16.3
Robin Lopez,46,46,2016-01-23,27,NYK,A,CHO,-13,1,19:59,4,7,0.571,0,0,NA,2,4,0.5,1,7,8,0,0,2,3,1,10,6.7,-6,22.5
Robin Lopez,47,47,2016-01-26,27,NYK,H,OKC,-6,1,21:53,3,7,0.429,0,0,NA,4,6,0.667,4,2,6,0,0,1,1,0,10,8.6,-4,19
Robin Lopez,48,48,2016-01-28,27,NYK,A,TOR,-10,1,24:54,3,5,0.6,0,0,NA,1,2,0.5,4,4,8,0,0,2,2,2,7,6.9,0,20
Robin Lopez,49,49,2016-01-29,27,NYK,H,PHO,18,1,24:13,5,8,0.625,0,0,NA,3,4,0.75,3,2,5,0,0,1,0,1,13,12,28,21.3
Robin Lopez,50,50,2016-01-31,27,NYK,H,GSW,-21,1,18:28,3,5,0.6,0,0,NA,0,0,NA,2,3,5,2,0,2,0,0,6,8.8,-3,19.3
Robin Lopez,51,51,2016-02-02,27,NYK,H,BOS,-8,1,37:22,6,12,0.5,0,0,NA,5,6,0.833,11,2,13,2,0,3,2,1,17,20,9,42.8
Robin Lopez,52,52,2016-02-04,27,NYK,A,DET,-6,1,35:15,11,14,0.786,0,0,NA,4,4,1,6,10,16,2,1,0,2,4,26,26.6,8,51.5
Robin Lopez,53,53,2016-02-05,27,NYK,H,MEM,-6,1,30:21,4,7,0.571,0,0,NA,1,2,0.5,5,5,10,0,0,0,3,3,9,6.1,-15,20
Robin Lopez,54,54,2016-02-07,27,NYK,H,DEN,-5,1,29:57,2,7,0.286,0,0,NA,1,2,0.5,2,3,5,0,0,3,0,4,5,3.3,-2,17.3
Robin Lopez,55,55,2016-02-09,27,NYK,H,WAS,-3,1,27:13,6,9,0.667,0,0,NA,2,2,1,2,6,8,1,0,1,1,1,14,13.3,-12,27
Robin Lopez,56,56,2016-02-19,27,NYK,A,BRK,-11,1,30:43,4,9,0.444,0,1,0,2,2,1,3,4,7,0,0,0,0,1,10,8.2,-13,18.8
Robin Lopez,57,57,2016-02-20,27,NYK,A,MIN,8,1,36:04,11,14,0.786,0,0,NA,4,4,1,8,8,16,0,0,3,5,5,26,23.7,10,51
Robin Lopez,58,58,2016-02-22,27,NYK,H,TOR,-27,1,27:50,10,14,0.714,0,0,NA,1,1,1,7,6,13,0,1,0,0,2,21,22.1,-7,40.8
Robin Lopez,59,59,2016-02-24,27,NYK,A,IND,-3,1,25:12,2,3,0.667,0,0,NA,0,0,NA,2,5,7,1,0,3,2,2,4,5.6,-14,19.3
Robin Lopez,60,60,2016-02-26,27,NYK,H,ORL,13,1,30:50,5,9,0.556,0,0,NA,4,4,1,4,4,8,0,1,2,1,3,14,13.9,-3,29.5
Robin Lopez,61,61,2016-02-28,27,NYK,H,MIA,-17,1,36:07,6,9,0.667,0,0,NA,2,2,1,6,8,14,2,0,3,1,2,14,18.4,-7,41.5
Robin Lopez,62,62,2016-03-01,27,NYK,H,POR,-19,1,19:19,4,5,0.8,0,0,NA,0,0,NA,2,0,2,1,0,0,1,3,8,6,-3,11.5
Robin Lopez,63,63,2016-03-04,27,NYK,A,BOS,-1,1,32:10,4,10,0.4,0,0,NA,4,5,0.8,4,8,12,0,0,2,1,1,12,11.4,-14,32
Robin Lopez,64,64,2016-03-05,27,NYK,H,DET,13,1,32:11,9,12,0.75,0,0,NA,3,3,1,4,5,9,2,0,1,4,2,21,17.8,12,35.3
Robin Lopez,65,65,2016-03-08,27,NYK,A,DEN,-16,1,16:48,1,2,0.5,0,0,NA,0,0,NA,0,3,3,1,0,0,1,1,2,1.2,-18,6.8
Robin Lopez,66,66,2016-03-09,27,NYK,A,PHO,31,1,30:08,5,10,0.5,0,0,NA,3,4,0.75,4,4,8,3,0,5,0,2,13,16.4,7,37.5
Robin Lopez,67,67,2016-03-11,27,NYK,A,LAC,-7,1,44:21,9,15,0.6,0,0,NA,2,2,1,10,9,19,2,1,1,5,1,20,20.5,-7,49.8
Robin Lopez,68,68,2016-03-13,27,NYK,A,LAL,3,1,35:40,6,7,0.857,0,0,NA,4,5,0.8,1,7,8,2,0,2,3,1,16,15.3,9,31.5
Robin Lopez,69,69,2016-03-16,27,NYK,A,GSW,-36,1,14:06,1,4,0.25,0,0,NA,0,0,NA,2,2,4,0,1,0,2,0,2,0.6,-19,8
Robin Lopez,70,70,2016-03-19,27,NYK,A,WAS,-10,1,33:54,3,6,0.5,0,0,NA,3,4,0.75,5,2,7,2,0,3,0,1,9,12.8,-12,26.8
Robin Lopez,71,71,2016-03-20,27,NYK,H,SAC,-8,1,37:37,9,20,0.45,0,0,NA,5,7,0.714,7,13,20,0,1,2,2,2,23,20.2,-1,54.5
Robin Lopez,72,72,2016-03-23,27,NYK,A,CHI,8,1,33:17,5,11,0.455,0,0,NA,1,1,1,9,4,13,3,0,4,0,2,11,16.9,13,41.3
Robin Lopez,73,73,2016-03-24,27,NYK,H,CHI,12,1,33:59,2,4,0.5,0,0,NA,0,0,NA,0,7,7,1,0,3,4,2,4,2.1,14,18.3
Robin Lopez,74,74,2016-03-26,27,NYK,H,CLE,-14,1,25:44,4,8,0.5,0,0,NA,0,0,NA,2,4,6,0,0,0,0,3,8,5.4,-5,15.5
Robin Lopez,75,75,2016-03-28,27,NYK,A,NOP,-8,1,30:01,8,12,0.667,0,0,NA,1,3,0.333,3,2,5,2,0,2,3,1,17,13.1,1,28.8
Robin Lopez,76,76,2016-03-30,27,NYK,A,DAL,-2,1,30:54,4,6,0.667,0,0,NA,0,0,NA,3,6,9,2,0,0,2,2,8,7.9,10,21.3
Robin Lopez,77,77,2016-04-01,28,NYK,H,BRK,14,1,28:56,2,4,0.5,0,0,NA,2,2,1,0,4,4,2,0,4,3,0,6,6.4,2,20.5
Robin Lopez,78,78,2016-04-03,28,NYK,H,IND,-5,1,35:14,5,16,0.313,0,0,NA,0,0,NA,10,5,15,3,0,6,1,2,10,13.8,7,46.3
Robin Lopez,79,79,2016-04-06,28,NYK,H,CHO,-14,1,35:07,3,6,0.5,0,0,NA,2,2,1,3,4,7,3,1,2,3,2,8,9,-12,25.8
Robin Lopez,80,80,2016-04-08,28,NYK,A,PHI,7,1,28:23,9,17,0.529,0,0,NA,6,12,0.5,8,7,15,1,0,3,2,4,24,20.2,-7,50.8
Robin Lopez,81,81,2016-04-10,28,NYK,H,TOR,-4,1,27:54,4,10,0.4,0,0,NA,2,2,1,3,2,5,1,0,1,1,0,10,7.7,0,19.3
Robin Lopez,82,82,2016-04-12,28,NYK,A,IND,-12,1,22:15,4,8,0.5,0,0,NA,0,0,NA,2,4,6,3,0,1,1,0,8,8.4,-5,21.5
Carmelo Anthony,1,1,2015-10-28,31,NYK,A,MIL,25,1,29:16,4,16,0.25,1,5,0.2,2,2,1,0,6,6,5,1,1,2,4,11,4.8,4,29.5
Carmelo Anthony,2,2,2015-10-29,31,NYK,H,ATL,-11,1,31:54,10,27,0.37,0,7,0,5,5,1,3,4,7,3,3,0,1,4,25,15.9,-18,43.8
Carmelo Anthony,3,3,2015-10-31,31,NYK,A,WAS,7,1,35:45,11,18,0.611,4,5,0.8,11,12,0.917,1,6,7,4,0,1,2,3,37,31.2,6,54.8
Carmelo Anthony,4,4,2015-11-02,31,NYK,H,SAS,-10,1,35:28,4,17,0.235,1,3,0.333,10,12,0.833,3,4,7,2,1,0,1,3,19,11.4,-9,32.8
Carmelo Anthony,5,5,2015-11-04,31,NYK,A,CLE,-10,1,36:50,6,18,0.333,2,5,0.4,3,4,0.75,2,10,12,4,1,2,1,4,17,13.4,-11,46
Carmelo Anthony,6,6,2015-11-06,31,NYK,H,MIL,-7,1,33:48,6,16,0.375,1,3,0.333,4,4,1,0,4,4,6,0,0,5,2,17,7.8,0,29
Carmelo Anthony,7,7,2015-11-08,31,NYK,H,LAL,4,1,34:57,8,20,0.4,2,6,0.333,6,6,1,0,8,8,2,0,0,2,4,24,13.4,6,37
Carmelo Anthony,8,8,2015-11-10,31,NYK,A,TOR,2,1,33:02,10,23,0.435,2,6,0.333,3,3,1,0,4,4,3,3,0,2,2,25,16.4,-2,40.5
Carmelo Anthony,9,9,2015-11-11,31,NYK,A,CHO,-2,1,34:41,12,25,0.48,3,6,0.5,2,4,0.5,1,5,6,4,0,0,3,2,29,16.7,7,42.5
Carmelo Anthony,10,10,2015-11-13,31,NYK,H,CLE,-6,1,35:48,9,20,0.45,4,8,0.5,4,4,1,1,4,5,4,0,1,1,3,26,18.8,1,41.8
Carmelo Anthony,11,11,2015-11-15,31,NYK,H,NOP,8,1,39:16,11,21,0.524,1,5,0.2,6,7,0.857,1,12,13,3,1,0,2,2,29,22.9,10,52.8
Carmelo Anthony,12,12,2015-11-17,31,NYK,H,CHO,8,1,37:19,6,18,0.333,1,4,0.25,5,6,0.833,2,9,11,5,0,2,1,2,18,14.6,19,44.8
Carmelo Anthony,13,13,2015-11-20,31,NYK,A,OKC,3,1,34:42,9,20,0.45,1,3,0.333,6,8,0.75,0,5,5,1,1,1,3,0,25,14.7,-1,35.8
Carmelo Anthony,14,14,2015-11-21,31,NYK,A,HOU,5,1,24:58,5,10,0.5,1,2,0.5,3,4,0.75,3,3,6,0,0,0,3,5,14,6.6,7,20.5
Carmelo Anthony,15,15,2015-11-23,31,NYK,A,MIA,-17,1,41:21,6,16,0.375,0,5,0,9,9,1,2,6,8,4,4,1,4,0,21,18.9,-7,45
Carmelo Anthony,16,16,2015-11-25,31,NYK,A,ORL,-9,1,35:17,9,17,0.529,3,4,0.75,7,9,0.778,3,9,12,3,1,0,2,4,28,23.2,4,51.5
Carmelo Anthony,17,17,2015-11-27,31,NYK,H,MIA,-19,1,33:55,4,13,0.308,1,3,0.333,2,2,1,1,2,3,1,1,1,1,3,11,5,-23,20.3
Carmelo Anthony,19,18,2015-12-02,31,NYK,H,PHI,12,1,26:26,5,16,0.313,0,3,0,2,2,1,0,6,6,2,0,0,4,2,12,1.2,12,20.5
Carmelo Anthony,20,19,2015-12-04,31,NYK,H,BRK,17,1,31:24,9,18,0.5,5,8,0.625,5,7,0.714,1,6,7,3,2,0,2,1,28,22.4,14,46.8
Carmelo Anthony,21,20,2015-12-05,31,NYK,A,MIL,-15,1,31:57,6,17,0.353,2,7,0.286,4,4,1,0,5,5,3,1,1,2,5,18,9.8,-23,32.8
Carmelo Anthony,22,21,2015-12-07,31,NYK,H,DAL,-7,1,37:58,6,18,0.333,1,6,0.167,4,5,0.8,1,5,6,8,0,0,5,4,17,7.6,-4,34.5
Carmelo Anthony,23,22,2015-12-09,31,NYK,A,UTA,-21,1,25:50,3,11,0.273,1,4,0.25,5,7,0.714,0,5,5,2,1,0,4,2,12,3.8,-18,21.8
Carmelo Anthony,24,23,2015-12-10,31,NYK,A,SAC,-2,1,39:22,8,21,0.381,1,3,0.333,6,11,0.545,5,9,14,4,1,1,5,3,23,14,-2,50
Carmelo Anthony,25,24,2015-12-12,31,NYK,A,POR,2,1,38:28,13,21,0.619,2,5,0.4,9,9,1,2,4,6,2,1,2,4,0,37,29.9,-8,52.5
Carmelo Anthony,26,25,2015-12-16,31,NYK,H,MIN,5,1,34:51,6,15,0.4,1,2,0.5,7,8,0.875,3,12,15,9,1,1,4,1,20,20.8,1,56.3
Carmelo Anthony,27,26,2015-12-18,31,NYK,A,PHI,10,1,28:20,4,14,0.286,0,2,0,8,9,0.889,1,4,5,4,2,0,3,1,16,10.7,15,30.8
Carmelo Anthony,28,27,2015-12-19,31,NYK,H,CHI,16,1,35:14,12,20,0.6,1,4,0.25,2,2,1,1,6,7,3,1,0,2,1,27,21,14,41.8
Carmelo Anthony,29,28,2015-12-21,31,NYK,H,ORL,-8,1,39:37,10,17,0.588,2,3,0.667,1,2,0.5,0,4,4,6,0,0,5,3,23,13.9,-9,35.5
Carmelo Anthony,31,29,2015-12-26,31,NYK,A,ATL,-19,1,30:24,7,12,0.583,0,2,0,4,7,0.571,2,10,12,4,0,1,4,2,18,14.3,-6,40.5
Carmelo Anthony,32,30,2015-12-27,31,NYK,A,BOS,-9,1,35:25,11,26,0.423,2,5,0.4,5,7,0.714,4,6,10,2,0,0,2,3,29,17.2,-10,46
Carmelo Anthony,33,31,2015-12-29,31,NYK,H,DET,12,1,37:53,11,24,0.458,2,5,0.4,0,0,NA,1,5,6,6,1,0,3,3,24,14.8,11,42
Carmelo Anthony,34,32,2016-01-01,31,NYK,A,CHI,-27,1,36:46,8,18,0.444,1,3,0.333,3,3,1,3,4,7,3,0,0,1,1,20,14.6,-17,33.3
Carmelo Anthony,35,33,2016-01-03,31,NYK,H,ATL,14,1,35:29,4,10,0.4,0,3,0,3,4,0.75,5,4,9,5,3,0,1,2,11,14.6,4,35.3
Carmelo Anthony,36,34,2016-01-05,31,NYK,A,ATL,6,1,40:24,8,22,0.364,0,4,0,7,8,0.875,2,9,11,7,1,2,3,4,23,17.2,10,53.3
Carmelo Anthony,37,35,2016-01-06,31,NYK,A,MIA,8,1,36:37,9,12,0.75,0,1,0,7,8,0.875,0,5,5,4,2,0,1,3,25,23.9,19,40.8
Carmelo Anthony,38,36,2016-01-08,31,NYK,A,SAS,-1,1,39:13,5,15,0.333,2,3,0.667,8,10,0.8,5,7,12,3,0,2,0,3,20,18.6,3,46
Carmelo Anthony,39,37,2016-01-10,31,NYK,H,MIL,12,1,36:44,10,16,0.625,1,5,0.2,3,4,0.75,3,7,10,8,0,1,1,2,24,25.1,25,52
Carmelo Anthony,40,38,2016-01-12,31,NYK,H,BOS,6,1,17:52,7,10,0.7,2,2,1,1,1,1,0,4,4,3,0,0,2,1,17,13.7,10,26.5
Carmelo Anthony,43,39,2016-01-18,31,NYK,H,PHI,6,1,49:11,7,28,0.25,2,6,0.333,3,7,0.429,0,7,7,7,1,0,3,2,19,4.8,12,39.8
Carmelo Anthony,44,40,2016-01-20,31,NYK,H,UTA,7,1,41:51,13,20,0.65,0,1,0,4,4,1,1,6,7,9,0,0,2,3,30,26.8,7,51.3
Carmelo Anthony,45,41,2016-01-22,31,NYK,H,LAC,-28,1,30:52,4,12,0.333,1,3,0.333,7,8,0.875,0,4,4,6,1,1,2,0,16,13.9,-19,33.5
Carmelo Anthony,46,42,2016-01-23,31,NYK,A,CHO,-13,1,28:32,4,11,0.364,0,2,0,1,3,0.333,0,6,6,2,0,0,3,2,9,1.5,-14,18
Carmelo Anthony,49,43,2016-01-29,31,NYK,H,PHO,18,1,30:15,5,14,0.357,2,3,0.667,7,7,1,1,9,10,8,4,0,2,2,19,21.4,33,53
Carmelo Anthony,50,44,2016-01-31,31,NYK,H,GSW,-21,1,36:05,8,18,0.444,0,2,0,8,9,0.889,1,9,10,2,0,2,3,2,24,16.6,-14,43.5
Carmelo Anthony,51,45,2016-02-02,31,NYK,H,BOS,-8,1,34:50,4,16,0.25,1,5,0.2,7,10,0.7,1,13,14,4,0,0,3,6,16,7.2,-3,40
Carmelo Anthony,52,46,2016-02-04,31,NYK,A,DET,-6,1,40:00,4,18,0.222,1,5,0.2,10,14,0.714,0,11,11,8,1,0,3,2,19,12.5,-3,47.3
Carmelo Anthony,54,47,2016-02-07,31,NYK,H,DEN,-5,1,34:53,7,19,0.368,0,3,0,7,8,0.875,1,5,6,7,0,0,3,4,21,12.6,-12,37.5
Carmelo Anthony,55,48,2016-02-09,31,NYK,H,WAS,-3,1,38:42,12,22,0.545,3,6,0.5,6,6,1,1,12,13,2,2,0,4,3,33,24.9,-2,57.3
Carmelo Anthony,56,49,2016-02-19,31,NYK,A,BRK,-11,1,37:30,8,16,0.5,2,4,0.5,4,4,1,2,5,7,6,3,1,2,2,22,22,-8,47.8
Carmelo Anthony,57,50,2016-02-20,31,NYK,A,MIN,8,1,40:59,12,23,0.522,0,3,0,6,7,0.857,2,9,11,4,0,0,2,1,30,22.8,15,50.3
Carmelo Anthony,58,51,2016-02-22,31,NYK,H,TOR,-27,1,37:16,8,17,0.471,1,2,0.5,6,10,0.6,1,10,11,5,0,0,3,1,23,16.5,-18,44.8
Carmelo Anthony,59,52,2016-02-24,31,NYK,A,IND,-3,1,34:46,5,20,0.25,1,4,0.25,3,4,0.75,1,6,7,3,1,0,1,4,14,4.6,-14,29.3
Carmelo Anthony,60,53,2016-02-26,31,NYK,H,ORL,13,1,35:46,7,22,0.318,0,3,0,5,7,0.714,3,8,11,6,1,0,3,2,19,11.5,8,43.8
Carmelo Anthony,61,54,2016-02-28,31,NYK,H,MIA,-17,1,41:28,9,24,0.375,1,2,0.5,6,7,0.857,1,6,7,4,0,1,3,4,25,12.8,-12,40.8
Carmelo Anthony,62,55,2016-03-01,31,NYK,H,POR,-19,1,34:27,10,20,0.5,0,3,0,3,3,1,2,8,10,4,1,1,1,2,23,19.5,-9,46.5
Carmelo Anthony,63,56,2016-03-04,31,NYK,A,BOS,-1,1,40:21,13,27,0.481,2,8,0.25,2,2,1,2,5,7,4,1,0,1,1,30,21.6,1,47.3
Carmelo Anthony,64,57,2016-03-05,31,NYK,H,DET,13,1,40:48,11,19,0.579,1,4,0.25,1,2,0.5,0,10,10,6,1,1,2,2,24,20.8,10,50.5
Carmelo Anthony,65,58,2016-03-08,31,NYK,A,DEN,-16,1,38:53,9,18,0.5,1,4,0.25,11,11,1,2,5,7,4,0,3,4,2,30,24,-17,49.3
Carmelo Anthony,66,59,2016-03-09,31,NYK,A,PHO,31,1,31:20,9,15,0.6,3,4,0.75,2,3,0.667,1,6,7,1,1,1,2,0,23,18.6,9,37.8
Carmelo Anthony,67,60,2016-03-11,31,NYK,A,LAC,-7,1,43:07,8,16,0.5,1,3,0.333,3,3,1,0,6,6,4,1,0,3,4,20,13,-7,34.5
Carmelo Anthony,68,61,2016-03-13,31,NYK,A,LAL,3,1,37:30,10,20,0.5,2,4,0.5,4,4,1,3,9,12,4,0,1,1,5,26,21.3,5,51
Carmelo Anthony,69,62,2016-03-16,31,NYK,A,GSW,-36,1,29:53,7,13,0.538,3,4,0.75,1,2,0.5,1,5,6,6,0,0,2,3,18,14.5,-20,35
Carmelo Anthony,70,63,2016-03-19,31,NYK,A,WAS,-10,1,39:39,7,21,0.333,2,6,0.333,4,4,1,0,7,7,5,1,0,3,2,20,10.9,-13,37.8
Carmelo Anthony,72,64,2016-03-23,31,NYK,A,CHI,8,1,38:45,10,22,0.455,4,6,0.667,0,1,0,0,3,3,5,0,0,3,2,24,12.8,6,35.8
Carmelo Anthony,73,65,2016-03-24,31,NYK,H,CHI,12,1,35:29,9,17,0.529,3,9,0.333,5,5,1,2,5,7,4,1,0,2,2,26,21.6,17,43.3
Carmelo Anthony,74,66,2016-03-26,31,NYK,H,CLE,-14,1,39:28,9,24,0.375,5,9,0.556,5,6,0.833,2,7,9,1,2,0,1,5,28,17.6,-10,46.8
Carmelo Anthony,75,67,2016-03-28,31,NYK,A,NOP,-8,1,35:52,9,22,0.409,4,11,0.364,0,0,NA,0,5,5,6,0,0,4,4,22,10.3,-7,37.3
Carmelo Anthony,76,68,2016-03-30,31,NYK,A,DAL,-2,1,33:40,11,22,0.5,2,6,0.333,7,7,1,1,6,7,2,3,0,5,2,31,21.1,9,47.3
Carmelo Anthony,77,69,2016-04-01,31,NYK,H,BRK,14,1,24:59,6,15,0.4,1,3,0.333,0,0,NA,2,4,6,4,1,0,1,1,13,9.9,6,28.5
Carmelo Anthony,79,70,2016-04-06,31,NYK,H,CHO,-14,1,37:50,5,14,0.357,0,5,0,5,6,0.833,1,5,6,7,1,2,2,4,15,12.7,-3,38
Carmelo Anthony,80,71,2016-04-08,31,NYK,A,PHI,7,1,25:38,8,18,0.444,1,6,0.167,3,4,0.75,0,3,3,1,0,2,1,2,20,11.4,-7,29.3
Carmelo Anthony,81,72,2016-04-10,31,NYK,H,TOR,-4,1,24:41,7,16,0.438,1,1,1,6,6,1,1,5,6,3,0,1,2,3,21,14.4,-1,34.5
Cleanthony Early,1,1,2015-10-28,24,NYK,A,MIL,25,0,6:36,1,1,1,0,0,NA,0,0,NA,0,1,1,1,1,0,0,1,2,3.3,7,6.8
Cleanthony Early,2,2,2015-10-29,24,NYK,H,ATL,-11,0,1:13,0,0,NA,0,0,NA,0,0,NA,0,0,0,0,0,0,0,1,0,-0.4,3,0
Cleanthony Early,4,3,2015-11-02,24,NYK,H,SAS,-10,0,1:22,0,0,NA,0,0,NA,0,0,NA,0,1,1,0,0,0,0,0,0,0.3,3,1.3
Cleanthony Early,5,4,2015-11-04,24,NYK,A,CLE,-10,0,3:17,0,0,NA,0,0,NA,0,0,NA,0,0,0,0,0,0,0,0,0,0,2,0
Cleanthony Early,8,5,2015-11-10,24,NYK,A,TOR,2,0,5:50,2,3,0.667,1,2,0.5,0,0,NA,0,0,0,0,0,0,0,0,5,3.7,4,5.5
Cleanthony Early,18,6,2015-11-29,24,NYK,H,HOU,-5,0,5:43,0,1,0,0,1,0,0,0,NA,0,0,0,0,0,0,0,0,0,-0.7,1,0
Cleanthony Early,19,7,2015-12-02,24,NYK,H,PHI,12,0,2:56,0,1,0,0,1,0,0,0,NA,0,0,0,0,0,1,0,0,0,0,-5,2
Cleanthony Early,30,8,2015-12-23,24,NYK,A,CLE,-7,0,5:58,0,0,NA,0,0,NA,0,0,NA,0,0,0,0,0,0,1,1,0,-1.4,-1,-0.5
Cleanthony Early,32,9,2015-12-27,24,NYK,A,BOS,-9,0,0:06,0,0,NA,0,0,NA,0,0,NA,0,0,0,0,0,0,0,0,0,0,0,0
Cleanthony Early,33,10,2015-12-29,24,NYK,H,DET,12,0,0:29,0,0,NA,0,0,NA,0,0,NA,0,0,0,0,0,0,0,0,0,0,-2,0
Cleanthony Early,71,11,2016-03-20,24,NYK,H,SAC,-8,0,0:19,0,0,NA,0,0,NA,0,0,NA,0,0,0,0,0,0,0,0,0,0,0,0
Cleanthony Early,77,12,2016-04-01,24,NYK,H,BRK,14,0,23:01,3,10,0.3,1,2,0.5,0,0,NA,1,5,6,3,0,0,3,1,7,2.1,8,18
Cleanthony Early,78,13,2016-04-03,24,NYK,H,IND,-5,1,17:25,0,6,0,0,2,0,2,2,1,0,1,1,1,0,1,1,2,2,-2.3,-1,6.3
Cleanthony Early,79,14,2016-04-06,24,NYK,H,CHO,-14,0,11:25,2,3,0.667,0,1,0,0,0,NA,1,3,4,0,0,0,1,0,4,3.3,-14,8.5
Cleanthony Early,80,15,2016-04-08,24,NYK,A,PHI,7,0,16:53,0,2,0,0,1,0,1,2,0.5,0,5,5,1,0,1,0,6,1,-0.3,10,10.8
Cleanthony Early,81,16,2016-04-10,24,NYK,H,TOR,-4,0,20:54,1,6,0.167,1,2,0.5,0,0,NA,1,4,5,0,1,0,1,2,3,0.3,-1,11.3
Cleanthony Early,82,17,2016-04-12,24,NYK,A,IND,-12,1,30:22,3,7,0.429,1,3,0.333,0,0,NA,1,2,3,0,0,0,2,2,7,1.8,-14,10.3
Jimmer Fredette,7,5,2016-02-22,26,NYK,H,TOR,-27,0,1:49,1,1,1,1,1,1,0,0,NA,0,0,0,0,0,0,1,1,3,1.3,-3,NA
Jimmer Fredette,11,6,2016-03-01,27,NYK,H,POR,-19,0,3:13,0,0,NA,0,0,NA,4,5,0.8,0,0,0,0,0,0,0,0,4,3.6,-3,4
Langston Galloway,1,1,2015-10-28,23,NYK,A,MIL,25,0,24:48,5,10,0.5,4,5,0.8,2,2,1,2,2,4,3,0,0,0,4,16,13.5,13,27.5
Langston Galloway,2,2,2015-10-29,23,NYK,H,ATL,-11,0,25:18,2,4,0.5,2,4,0.5,2,2,1,0,4,4,3,1,0,0,2,8,9.5,5,20.5
Langston Galloway,3,3,2015-10-31,23,NYK,A,WAS,7,0,27:37,4,8,0.5,2,3,0.667,4,5,0.8,1,6,7,4,1,1,1,3,14,14.4,8,33.3
Langston Galloway,4,4,2015-11-02,23,NYK,H,SAS,-10,0,28:55,2,5,0.4,0,0,NA,2,4,0.5,1,4,5,1,1,0,1,0,6,5.1,-14,15.3
Langston Galloway,5,5,2015-11-04,23,NYK,A,CLE,-10,0,28:32,4,9,0.444,3,5,0.6,1,2,0.5,2,2,4,0,2,0,1,1,12,9.5,-22,22
Langston Galloway,6,6,2015-11-06,23,NYK,H,MIL,-7,0,31:52,3,9,0.333,2,5,0.4,5,7,0.714,1,6,7,2,1,0,0,2,13,11.2,0,27.8
Langston Galloway,7,7,2015-11-08,23,NYK,H,LAL,4,0,27:29,5,9,0.556,3,4,0.75,1,1,1,0,4,4,1,1,0,0,1,14,12.2,17,24
Langston Galloway,8,8,2015-11-10,23,NYK,A,TOR,2,0,27:49,6,10,0.6,2,3,0.667,1,2,0.5,1,3,4,4,0,0,1,3,15,12.2,10,26.5
Langston Galloway,9,9,2015-11-11,23,NYK,A,CHO,-2,0,19:28,2,6,0.333,0,1,0,0,0,NA,0,0,0,0,0,0,0,2,4,-0.2,-4,4
Langston Galloway,10,10,2015-11-13,23,NYK,H,CLE,-6,0,28:58,3,9,0.333,1,4,0.25,0,0,NA,1,5,6,2,1,0,1,5,7,3.5,1,19.5
Langston Galloway,11,11,2015-11-15,23,NYK,H,NOP,8,0,26:05,5,6,0.833,1,2,0.5,4,4,1,1,2,3,1,2,0,1,0,15,15.8,-1,24.3
Langston Galloway,12,12,2015-11-17,23,NYK,H,CHO,8,0,27:43,3,8,0.375,3,5,0.6,0,0,NA,0,4,4,5,1,0,1,3,9,8.1,5,24.5
Langston Galloway,13,13,2015-11-20,23,NYK,A,OKC,3,0,19:32,2,4,0.5,1,2,0.5,0,0,NA,0,2,2,2,5,0,2,3,5,6.8,-1,20
Langston Galloway,14,14,2015-11-21,23,NYK,A,HOU,5,0,24:07,4,9,0.444,2,4,0.5,2,3,0.667,2,1,3,2,1,1,0,3,12,10.5,2,23.8
Langston Galloway,15,15,2015-11-23,23,NYK,A,MIA,-17,0,23:27,1,9,0.111,0,5,0,0,0,NA,1,3,4,1,1,0,0,4,2,-2.2,-22,10.5
Langston Galloway,16,16,2015-11-25,23,NYK,A,ORL,-9,0,15:41,0,5,0,0,2,0,0,0,NA,0,1,1,1,0,0,1,5,0,-5.5,-10,2.3
Langston Galloway,17,17,2015-11-27,23,NYK,H,MIA,-19,0,28:47,3,9,0.333,1,2,0.5,1,3,0.333,0,4,4,2,0,0,0,1,8,4.3,-7,16.5
Langston Galloway,18,18,2015-11-29,23,NYK,H,HOU,-5,0,26:12,2,9,0.222,0,4,0,0,0,NA,0,0,0,4,1,0,3,3,4,-1.9,-7,10.5
Langston Galloway,19,19,2015-12-02,23,NYK,H,PHI,12,0,22:01,0,5,0,0,2,0,2,2,1,1,2,3,0,1,0,0,1,2,0.4,1,7.8
Langston Galloway,20,20,2015-12-04,23,NYK,H,BRK,17,0,20:14,3,9,0.333,2,5,0.4,0,0,NA,0,5,5,2,1,0,0,0,8,6.8,6,20.3
Langston Galloway,21,21,2015-12-05,23,NYK,A,MIL,-15,0,26:51,1,5,0.2,0,2,0,2,2,1,0,6,6,4,3,0,0,3,4,7.3,8,23.5
Langston Galloway,22,22,2015-12-07,23,NYK,H,DAL,-7,0,22:02,1,6,0.167,1,2,0.5,0,0,NA,1,3,4,2,2,0,1,0,3,3.2,-8,15
Langston Galloway,23,23,2015-12-09,24,NYK,A,UTA,-21,0,22:05,2,4,0.5,1,1,1,0,0,NA,0,0,0,0,0,0,0,0,5,3,-9,5.5
Langston Galloway,24,24,2015-12-10,24,NYK,A,SAC,-2,0,18:06,2,6,0.333,1,2,0.5,4,4,1,0,4,4,0,1,0,1,2,9,6,1,16
Langston Galloway,25,25,2015-12-12,24,NYK,A,POR,2,0,30:25,2,8,0.25,1,3,0.333,2,2,1,0,4,4,3,0,0,0,2,7,4.7,9,17
Langston Galloway,26,26,2015-12-16,24,NYK,H,MIN,5,0,31:34,5,11,0.455,1,3,0.333,1,2,0.5,2,1,3,6,1,1,0,1,12,13.1,-1,29.3
Langston Galloway,27,27,2015-12-18,24,NYK,A,PHI,10,0,16:28,3,5,0.6,1,1,1,0,1,0,1,1,2,3,1,0,2,2,7,5.6,9,15.5
Langston Galloway,28,28,2015-12-19,24,NYK,H,CHI,16,0,25:20,3,7,0.429,0,2,0,1,1,1,0,3,3,3,1,0,1,0,7,6.3,17,16.8
Langston Galloway,29,29,2015-12-21,24,NYK,H,ORL,-8,0,25:42,3,7,0.429,1,4,0.25,3,3,1,0,4,4,3,0,0,1,2,10,7.8,5,19.5
Langston Galloway,30,30,2015-12-23,24,NYK,A,CLE,-7,0,25:45,2,6,0.333,0,1,0,0,0,NA,0,5,5,0,0,1,0,1,4,2.4,-9,12.3
Langston Galloway,31,31,2015-12-26,24,NYK,A,ATL,-19,0,25:55,3,6,0.5,2,4,0.5,3,3,1,1,3,4,4,0,3,3,2,11,10.7,-21,27.5
Langston Galloway,32,32,2015-12-27,24,NYK,A,BOS,-9,0,26:24,2,7,0.286,0,2,0,0,0,NA,0,3,3,5,0,0,0,6,4,1.9,0,15.3
Langston Galloway,33,33,2015-12-29,24,NYK,H,DET,12,0,16:41,1,1,1,0,0,NA,0,0,NA,0,4,4,3,0,0,1,1,2,3.6,10,11
Langston Galloway,34,34,2016-01-01,24,NYK,A,CHI,-27,0,15:14,1,2,0.5,1,1,1,0,0,NA,0,2,2,1,0,0,1,3,3,1.1,-14,7
Langston Galloway,35,35,2016-01-03,24,NYK,H,ATL,14,0,20:08,3,7,0.429,1,3,0.333,0,0,NA,0,2,2,0,0,0,0,1,7,3.5,2,10
Langston Galloway,36,36,2016-01-05,24,NYK,A,ATL,6,0,15:38,3,5,0.6,0,1,0,0,0,NA,0,1,1,0,2,1,0,2,6,5.9,-8,13.3
Langston Galloway,37,37,2016-01-06,24,NYK,A,MIA,8,0,14:27,2,3,0.667,0,1,0,1,1,1,0,3,3,2,1,0,0,0,5,7,-4,13.8
Langston Galloway,38,38,2016-01-08,24,NYK,A,SAS,-1,0,22:10,5,9,0.556,0,1,0,1,1,1,1,4,5,2,0,0,0,3,11,8.8,5,20.3
Langston Galloway,39,39,2016-01-10,24,NYK,H,MIL,12,0,21:09,2,5,0.4,1,3,0.333,0,0,NA,0,1,1,1,0,0,1,1,5,1.9,-12,7.8
Langston Galloway,40,40,2016-01-12,24,NYK,H,BOS,6,0,16:38,0,1,0,0,1,0,0,0,NA,0,0,0,1,0,1,0,0,0,0.7,-10,3.5
Langston Galloway,41,41,2016-01-13,24,NYK,A,BRK,-6,0,23:19,3,4,0.75,0,0,NA,0,0,NA,0,2,2,5,1,0,2,0,6,7.5,7,17
Langston Galloway,42,42,2016-01-16,24,NYK,A,MEM,-8,1,37:27,4,11,0.364,1,5,0.2,2,2,1,4,7,11,5,0,0,1,2,11,11.5,-4,33.8
Langston Galloway,43,43,2016-01-18,24,NYK,H,PHI,6,0,23:34,4,4,1,0,0,NA,0,0,NA,0,3,3,3,0,1,1,3,8,8.3,5,17.8
Langston Galloway,44,44,2016-01-20,24,NYK,H,UTA,7,0,30:56,3,9,0.333,1,3,0.333,2,2,1,0,2,2,3,1,0,1,2,9,5.8,8,18
Langston Galloway,45,45,2016-01-22,24,NYK,H,LAC,-28,0,24:10,5,7,0.714,0,2,0,0,0,NA,0,2,2,1,0,0,2,4,10,4.8,-4,13
Langston Galloway,46,46,2016-01-23,24,NYK,A,CHO,-13,0,20:52,2,4,0.5,0,1,0,3,4,0.75,0,4,4,1,0,0,0,2,7,5.7,-4,13.5
Langston Galloway,47,47,2016-01-26,24,NYK,H,OKC,-6,0,33:16,7,13,0.538,4,6,0.667,3,4,0.75,1,4,5,3,3,0,1,3,21,19.1,-7,39.3
Langston Galloway,48,48,2016-01-28,24,NYK,A,TOR,-10,1,31:27,6,10,0.6,0,3,0,0,0,NA,1,3,4,2,0,2,0,3,12,10.6,-10,24
Langston Galloway,49,49,2016-01-29,24,NYK,H,PHO,18,1,27:38,4,9,0.444,2,5,0.4,1,2,0.5,1,6,7,5,3,1,0,2,11,14.8,24,36.3
Langston Galloway,50,50,2016-01-31,24,NYK,H,GSW,-21,1,31:59,3,13,0.231,1,4,0.25,2,2,1,0,3,3,5,3,0,0,2,9,7.7,-15,26.8
Langston Galloway,51,51,2016-02-02,24,NYK,H,BOS,-8,1,34:07,0,4,0,0,1,0,1,1,1,1,8,9,2,0,0,0,3,1,1.5,5,15.3
Langston Galloway,52,52,2016-02-04,24,NYK,A,DET,-6,0,35:33,7,9,0.778,2,2,1,1,2,0.5,1,4,5,2,1,0,1,6,17,14,8,28.8
Langston Galloway,53,53,2016-02-05,24,NYK,H,MEM,-6,1,33:10,2,10,0.2,0,2,0,0,0,NA,1,2,3,3,0,0,0,2,4,0.4,-9,12.3
Langston Galloway,54,54,2016-02-07,24,NYK,H,DEN,-5,0,20:46,2,6,0.333,2,5,0.4,0,0,NA,1,2,3,0,0,0,1,2,6,2.1,-7,10.3
Langston Galloway,55,55,2016-02-09,24,NYK,H,WAS,-3,0,28:37,6,11,0.545,2,5,0.4,0,0,NA,0,5,5,5,2,0,2,5,14,11.7,7,31.8
Langston Galloway,56,56,2016-02-19,24,NYK,A,BRK,-11,0,26:14,4,8,0.5,1,4,0.25,0,1,0,0,5,5,4,1,0,0,3,9,8.7,6,23.8
Langston Galloway,57,57,2016-02-20,24,NYK,A,MIN,8,0,23:20,3,7,0.429,0,2,0,0,0,NA,0,4,4,2,1,0,0,0,6,5.9,-1,16
Langston Galloway,58,58,2016-02-22,24,NYK,H,TOR,-27,0,24:43,0,3,0,0,2,0,0,0,NA,0,1,1,1,0,0,0,5,0,-3.1,2,2.8
Langston Galloway,59,59,2016-02-24,24,NYK,A,IND,-3,0,29:01,5,9,0.556,3,5,0.6,4,4,1,1,5,6,4,0,0,3,5,17,12.7,3,30.5
Langston Galloway,60,60,2016-02-26,24,NYK,H,ORL,13,0,16:58,1,5,0.2,0,1,0,0,0,NA,0,1,1,2,0,0,1,2,2,-1.2,9,5.8
Langston Galloway,61,61,2016-02-28,24,NYK,H,MIA,-17,1,35:12,3,10,0.3,1,4,0.25,0,0,NA,3,2,5,4,4,0,0,3,7,9.5,-24,27.8
Langston Galloway,62,62,2016-03-01,24,NYK,H,POR,-19,0,20:50,0,7,0,0,3,0,0,0,NA,0,2,2,0,0,0,0,3,0,-5.5,-13,2.5
Langston Galloway,63,63,2016-03-04,24,NYK,A,BOS,-1,0,23:30,1,7,0.143,0,2,0,2,2,1,1,4,5,2,1,0,2,3,4,0.6,-1,14.3
Langston Galloway,64,64,2016-03-05,24,NYK,H,DET,13,0,13:54,0,3,0,0,2,0,3,4,0.75,0,2,2,1,0,0,0,0,3,1.8,-3,7
Langston Galloway,65,65,2016-03-08,24,NYK,A,DEN,-16,0,26:41,2,7,0.286,1,2,0.5,2,5,0.4,0,3,3,1,0,0,3,3,7,-0.9,0,11.3
Langston Galloway,66,66,2016-03-09,24,NYK,A,PHO,31,0,24:05,3,8,0.375,2,3,0.667,0,0,NA,0,6,6,4,0,2,0,3,8,8.4,19,26.5
Langston Galloway,67,67,2016-03-11,24,NYK,A,LAC,-7,0,21:14,1,7,0.143,1,2,0.5,0,0,NA,2,3,5,2,2,1,2,3,3,1.7,-3,17.8
Langston Galloway,68,68,2016-03-13,24,NYK,A,LAL,3,0,29:08,3,5,0.6,1,3,0.333,2,4,0.5,0,3,3,2,1,1,2,0,9,7.9,-10,19.3
Langston Galloway,69,69,2016-03-16,24,NYK,A,GSW,-36,0,32:40,6,13,0.462,2,4,0.5,0,0,NA,0,3,3,4,1,0,1,2,14,10.2,-17,26.3
Langston Galloway,70,70,2016-03-19,24,NYK,A,WAS,-10,0,20:26,4,10,0.4,1,3,0.333,0,1,0,0,2,2,4,1,2,0,2,9,8.2,7,24
Langston Galloway,71,71,2016-03-20,24,NYK,H,SAC,-8,0,23:11,3,7,0.429,0,1,0,0,0,NA,1,2,3,2,1,0,1,2,6,4.2,-14,14.3
Langston Galloway,72,72,2016-03-23,24,NYK,A,CHI,8,0,9:15,1,3,0.333,0,0,NA,0,0,NA,0,1,1,0,1,0,0,0,2,1.6,2,5.3
Langston Galloway,73,73,2016-03-24,24,NYK,H,CHI,12,0,15:47,1,2,0.5,0,1,0,4,4,1,0,4,4,1,0,1,0,1,6,7.2,-10,14.5
Langston Galloway,74,74,2016-03-26,24,NYK,H,CLE,-14,0,18:35,2,5,0.4,1,3,0.333,0,0,NA,0,1,1,4,0,0,1,3,5,3.2,4,12.3
Langston Galloway,75,75,2016-03-28,24,NYK,A,NOP,-8,0,22:19,3,8,0.375,0,4,0,2,2,1,0,2,2,4,4,0,0,3,8,9.8,0,24.5
Langston Galloway,76,76,2016-03-30,24,NYK,A,DAL,-2,0,22:17,1,8,0.125,0,3,0,1,1,1,0,2,2,3,2,0,2,3,3,-0.7,-15,13
Langston Galloway,77,77,2016-04-01,24,NYK,H,BRK,14,0,24:12,7,11,0.636,4,6,0.667,0,0,NA,0,6,6,7,1,1,3,0,18,18.5,9,40.5
Langston Galloway,78,78,2016-04-03,24,NYK,H,IND,-5,0,31:22,3,9,0.333,0,3,0,3,7,0.429,1,1,2,6,3,0,0,2,9,9.7,-5,26.5
Langston Galloway,79,79,2016-04-06,24,NYK,H,CHO,-14,0,25:09,4,9,0.444,2,3,0.667,0,0,NA,0,3,3,3,2,0,1,1,10,8.9,-10,22.8
Langston Galloway,80,80,2016-04-08,24,NYK,A,PHI,7,0,30:42,1,8,0.125,0,1,0,0,0,NA,1,3,4,3,2,0,1,2,2,0.7,21,15
Langston Galloway,81,81,2016-04-10,24,NYK,H,TOR,-4,0,27:13,3,10,0.3,1,4,0.25,0,0,NA,1,2,3,4,0,0,1,3,7,3.1,-5,16.8
Langston Galloway,82,82,2016-04-12,24,NYK,A,IND,-12,0,35:10,3,12,0.25,0,4,0,3,3,1,1,1,2,5,2,1,0,1,9,8.6,-11,25
Lance Thomas,1,1,2015-10-28,27,NYK,A,MIL,25,0,19:31,5,5,1,0,0,NA,3,3,1,1,2,3,1,0,0,1,1,13,12.1,20,17.8
Lance Thomas,2,2,2015-10-29,27,NYK,H,ATL,-11,0,22:23,2,6,0.333,2,3,0.667,2,2,1,0,3,3,1,0,0,2,3,8,3,-4,13.3
Lance Thomas,3,3,2015-10-31,27,NYK,A,WAS,7,0,26:08,6,8,0.75,0,0,NA,0,1,0,0,1,1,1,1,0,2,2,12,7.6,0,15.8
Lance Thomas,4,4,2015-11-02,27,NYK,H,SAS,-10,0,16:07,1,4,0.25,0,0,NA,0,0,NA,0,0,0,0,0,0,0,0,2,-0.4,3,2
Lance Thomas,5,5,2015-11-04,27,NYK,A,CLE,-10,0,15:26,1,3,0.333,0,0,NA,0,1,0,1,0,1,1,0,0,1,3,2,-0.9,-10,4.3
Lance Thomas,6,6,2015-11-06,27,NYK,H,MIL,-7,0,17:28,2,5,0.4,0,1,0,1,1,1,0,2,2,0,0,0,0,1,5,2.5,-9,7.5
Lance Thomas,7,7,2015-11-08,27,NYK,H,LAL,4,0,18:14,2,3,0.667,0,0,NA,3,4,0.75,0,2,2,0,0,0,0,0,7,5.9,-4,9.5
Lance Thomas,8,8,2015-11-10,27,NYK,A,TOR,2,0,22:14,5,7,0.714,3,3,1,4,4,1,1,2,3,0,0,0,0,2,17,14.6,0,22.3
Lance Thomas,9,9,2015-11-11,27,NYK,A,CHO,-2,0,14:55,0,3,0,0,3,0,0,0,NA,1,0,1,1,0,0,0,2,0,-1.5,-9,2.8
Lance Thomas,10,10,2015-11-13,27,NYK,H,CLE,-6,0,16:01,0,3,0,0,1,0,0,0,NA,0,1,1,0,1,0,3,3,0,-5,-9,1.8
Lance Thomas,11,11,2015-11-15,27,NYK,H,NOP,8,0,20:00,2,8,0.25,1,3,0.333,2,2,1,0,1,1,0,0,0,1,1,7,1.1,5,8.3
Lance Thomas,12,12,2015-11-17,27,NYK,H,CHO,8,0,9:51,0,2,0,0,0,NA,0,0,NA,0,0,0,0,0,0,0,1,0,-1.8,-7,0
Lance Thomas,13,13,2015-11-20,27,NYK,A,OKC,3,0,19:32,5,9,0.556,2,3,0.667,0,0,NA,2,1,3,1,0,0,0,0,12,10.1,5,18.3
Lance Thomas,14,14,2015-11-21,27,NYK,A,HOU,5,0,24:22,3,8,0.375,0,2,0,2,2,1,1,2,3,2,1,0,1,2,8,5.5,-4,16.3
Lance Thomas,15,15,2015-11-23,27,NYK,A,MIA,-17,0,5:17,0,4,0,0,3,0,0,0,NA,0,1,1,0,0,0,0,2,0,-3.3,-13,1.3
Lance Thomas,16,16,2015-11-25,27,NYK,A,ORL,-9,0,18:41,1,3,0.333,0,1,0,4,4,1,1,0,1,0,0,0,0,0,6,5,-8,7.3
Lance Thomas,17,17,2015-11-27,27,NYK,H,MIA,-19,0,13:35,1,4,0.25,0,1,0,2,2,1,1,0,1,1,0,0,0,1,4,2.6,-7,6.8
Lance Thomas,18,18,2015-11-29,27,NYK,H,HOU,-5,1,36:22,6,10,0.6,1,2,0.5,2,2,1,1,2,3,0,0,0,2,2,15,8.9,-13,18.3
Lance Thomas,19,19,2015-12-02,27,NYK,H,PHI,12,0,21:32,4,7,0.571,0,1,0,2,3,0.667,1,1,2,0,0,1,1,1,10,6.6,8,14
Lance Thomas,20,20,2015-12-04,27,NYK,H,BRK,17,0,21:44,3,9,0.333,1,4,0.25,2,2,1,1,1,2,0,1,0,2,2,9,3.1,2,13
Lance Thomas,21,21,2015-12-05,27,NYK,A,MIL,-15,0,24:41,6,11,0.545,2,4,0.5,3,4,0.75,0,0,0,1,0,0,1,1,17,10.6,3,19
Lance Thomas,22,22,2015-12-07,27,NYK,H,DAL,-7,0,27:17,4,9,0.444,2,5,0.4,1,1,1,0,2,2,0,0,0,2,3,11,3.7,5,13.5
Lance Thomas,23,23,2015-12-09,27,NYK,A,UTA,-21,0,21:50,3,10,0.3,1,3,0.333,1,2,0.5,0,4,4,1,0,0,0,2,8,2.9,-11,15
Lance Thomas,24,24,2015-12-10,27,NYK,A,SAC,-2,0,23:55,3,7,0.429,2,4,0.5,2,2,1,1,5,6,2,3,0,2,1,10,10.5,-1,26.5
Lance Thomas,25,25,2015-12-12,27,NYK,A,POR,2,0,25:01,3,3,1,1,1,1,6,6,1,0,1,1,0,0,0,1,3,13,10.2,10,14.3
Lance Thomas,26,26,2015-12-16,27,NYK,H,MIN,5,0,22:31,5,10,0.5,1,1,1,3,3,1,2,5,7,2,0,0,1,1,14,11.9,4,25.8
Lance Thomas,27,27,2015-12-18,27,NYK,A,PHI,10,0,19:32,4,6,0.667,1,2,0.5,3,4,0.75,2,1,3,1,1,0,2,1,12,10,10,18.8
Lance Thomas,28,28,2015-12-19,27,NYK,H,CHI,16,0,24:10,4,5,0.8,2,2,1,3,3,1,0,0,0,2,2,0,0,1,13,14.1,16,21
Lance Thomas,29,29,2015-12-21,27,NYK,H,ORL,-8,0,26:33,9,9,1,3,3,1,3,3,1,1,1,2,2,1,0,3,0,24,21.7,-7,31.5
Lance Thomas,30,30,2015-12-23,27,NYK,A,CLE,-7,1,34:14,4,11,0.364,0,2,0,0,0,NA,1,3,4,3,1,0,1,6,8,3.2,0,19
Lance Thomas,31,31,2015-12-26,27,NYK,A,ATL,-19,0,25:02,6,12,0.5,0,3,0,0,0,NA,2,2,4,0,1,1,3,3,12,5.5,-19,19.5
Lance Thomas,32,32,2015-12-27,27,NYK,A,BOS,-9,0,17:08,3,6,0.5,2,3,0.667,2,2,1,0,2,2,1,2,0,0,0,10,10.3,5,19
Lance Thomas,33,33,2015-12-29,27,NYK,H,DET,12,0,29:20,2,6,0.333,1,2,0.5,2,2,1,0,1,1,2,1,0,1,2,7,4.5,14,13.3
Lance Thomas,34,34,2016-01-01,27,NYK,A,CHI,-27,0,26:30,3,9,0.333,0,2,0,5,5,1,0,0,0,1,0,0,1,3,11,4.4,4,12
Lance Thomas,35,35,2016-01-03,27,NYK,H,ATL,14,0,19:07,0,5,0,0,2,0,2,2,1,0,3,3,1,0,0,1,4,2,-2.5,1,6.8
Lance Thomas,36,36,2016-01-05,27,NYK,A,ATL,6,0,19:13,3,5,0.6,1,2,0.5,0,0,NA,0,1,1,0,1,0,1,1,7,4.6,-2,10.3
Lance Thomas,37,37,2016-01-06,27,NYK,A,MIA,8,0,18:23,1,3,0.333,0,0,NA,0,0,NA,1,1,2,3,0,1,2,2,2,1.3,2,10
Lance Thomas,38,38,2016-01-08,27,NYK,A,SAS,-1,0,12:33,4,9,0.444,2,3,0.667,0,0,NA,1,0,1,0,0,1,1,2,10,4.9,-2,13.8
Lance Thomas,39,39,2016-01-10,27,NYK,H,MIL,12,0,22:21,6,9,0.667,1,2,0.5,0,0,NA,1,1,2,1,0,0,0,4,13,9.2,8,17.5
Lance Thomas,40,40,2016-01-12,27,NYK,H,BOS,6,0,22:30,1,6,0.167,0,1,0,5,5,1,0,4,4,2,1,0,3,2,7,3,-3,15.5
Lance Thomas,41,41,2016-01-13,27,NYK,A,BRK,-6,1,27:47,2,10,0.2,1,3,0.333,1,2,0.5,1,2,3,3,0,0,1,0,6,1.8,-18,14.3
Lance Thomas,42,42,2016-01-16,27,NYK,A,MEM,-8,0,16:48,3,6,0.5,1,1,1,2,2,1,0,1,1,1,0,0,0,1,9,6.6,-10,12.3
Lance Thomas,43,43,2016-01-18,27,NYK,H,PHI,6,0,31:28,4,7,0.571,0,0,NA,4,5,0.8,1,3,4,2,0,1,2,1,12,9.6,-9,21
Lance Thomas,47,44,2016-01-26,27,NYK,H,OKC,-6,1,40:42,5,7,0.714,1,2,0.5,5,7,0.714,2,2,4,1,1,1,1,6,16,13.3,-8,26.5
Lance Thomas,48,45,2016-01-28,27,NYK,A,TOR,-10,1,25:18,3,6,0.5,0,0,NA,1,1,1,0,2,2,0,0,1,1,1,7,3.9,-4,11
Lance Thomas,49,46,2016-01-29,27,NYK,H,PHO,18,0,19:14,3,4,0.75,0,0,NA,2,2,1,0,2,2,0,0,0,0,2,8,6.2,-2,10.5
Lance Thomas,50,47,2016-01-31,27,NYK,H,GSW,-21,0,18:35,0,2,0,0,1,0,2,2,1,0,1,1,0,1,0,2,1,2,-0.5,-6,4.3
Lance Thomas,51,48,2016-02-02,27,NYK,H,BOS,-8,0,25:25,2,4,0.5,1,1,1,1,2,0.5,0,2,2,0,0,0,1,1,6,2.8,-8,8.5
Lance Thomas,52,49,2016-02-04,27,NYK,A,DET,-6,0,30:38,2,6,0.333,1,2,0.5,4,4,1,0,1,1,1,0,0,0,4,9,5,9,12.3
Lance Thomas,55,50,2016-02-09,27,NYK,H,WAS,-3,0,10:39,1,5,0.2,0,2,0,0,2,0,0,0,0,0,0,0,0,1,2,-2.3,-3,2
Lance Thomas,56,51,2016-02-19,27,NYK,A,BRK,-11,0,11:00,0,5,0,0,2,0,0,0,NA,1,1,2,0,0,0,2,2,0,-5.3,-3,1.5
Lance Thomas,57,52,2016-02-20,27,NYK,A,MIN,8,0,25:52,5,10,0.5,1,3,0.333,0,0,NA,1,4,5,1,0,0,0,2,11,7.8,3,19.3
Lance Thomas,58,53,2016-02-22,27,NYK,H,TOR,-27,0,21:18,3,9,0.333,1,3,0.333,2,2,1,1,0,1,1,0,0,0,1,9,4.9,0,12.3
Lance Thomas,59,54,2016-02-24,27,NYK,A,IND,-3,0,32:04,2,4,0.5,1,2,0.5,0,0,NA,0,0,0,4,0,0,3,3,5,1.6,13,10
Lance Thomas,60,55,2016-02-26,27,NYK,H,ORL,13,0,26:25,2,3,0.667,1,1,1,6,9,0.667,1,2,3,1,1,0,1,1,11,10.1,12,18.3
Lance Thomas,61,56,2016-02-28,27,NYK,H,MIA,-17,0,32:33,4,9,0.444,2,2,1,2,2,1,0,3,3,1,1,0,1,4,12,7.3,-4,19.8
Lance Thomas,62,57,2016-03-01,27,NYK,H,POR,-19,0,22:35,2,10,0.2,1,3,0.333,0,0,NA,0,2,2,0,0,0,0,0,5,-0.6,-5,8
Lance Thomas,63,58,2016-03-04,27,NYK,A,BOS,-1,0,30:08,1,5,0.2,0,1,0,0,0,NA,0,5,5,2,0,0,0,5,2,-0.2,5,11.3
Lance Thomas,64,59,2016-03-05,27,NYK,H,DET,13,0,23:41,2,8,0.25,0,2,0,0,0,NA,2,5,7,1,0,0,0,2,4,2,13,14.3
Thanasis Antetokounmpo,1,1,2016-01-29,23,NYK,H,PHO,18,0,2:11,1,1,1,0,0,NA,0,0,NA,0,0,0,0,0,0,0,1,2,1.3,-3,NA
Thanasis Antetokounmpo,2,2,2016-01-31,23,NYK,H,GSW,-21,0,4:04,2,3,0.667,0,1,0,0,0,NA,0,1,1,0,0,0,0,1,4,2.6,-3,5.3
Arron Afflalo,9,1,2015-11-11,30,NYK,A,CHO,-2,1,28:26,6,13,0.462,0,3,0,0,0,NA,2,4,6,1,0,0,0,2,12,7.8,0,21
Arron Afflalo,10,2,2015-11-13,30,NYK,H,CLE,-6,1,29:47,6,13,0.462,1,4,0.25,1,1,1,0,3,3,4,0,0,0,3,14,9.8,-2,24.3
Arron Afflalo,11,3,2015-11-15,30,NYK,H,NOP,8,1,25:44,2,7,0.286,0,1,0,0,0,NA,0,3,3,0,0,0,0,1,4,0.4,3,7.8
Arron Afflalo,12,4,2015-11-17,30,NYK,H,CHO,8,1,36:05,7,15,0.467,2,5,0.4,0,0,NA,0,3,3,3,0,0,1,1,16,9.9,22,24.8
Arron Afflalo,13,5,2015-11-20,30,NYK,A,OKC,3,1,29:15,6,11,0.545,2,3,0.667,0,0,NA,0,2,2,1,0,0,3,5,14,5,4,17.5
Arron Afflalo,14,6,2015-11-21,30,NYK,A,HOU,5,1,35:10,6,18,0.333,4,7,0.571,0,2,0,0,6,6,3,0,0,1,0,16,7.9,12,29.5
Arron Afflalo,15,7,2015-11-23,30,NYK,A,MIA,-17,1,32:52,4,10,0.4,1,4,0.25,2,2,1,2,1,3,3,0,0,2,3,11,6.2,-9,18.8
Arron Afflalo,16,8,2015-11-25,30,NYK,A,ORL,-9,1,31:28,4,11,0.364,2,4,0.5,0,0,NA,0,1,1,1,0,0,1,3,10,2.7,2,13.3
Arron Afflalo,17,9,2015-11-27,30,NYK,H,MIA,-19,1,19:13,2,7,0.286,0,1,0,0,0,NA,0,3,3,1,0,1,0,2,4,1.4,-12,11.3
Arron Afflalo,18,10,2015-11-29,30,NYK,H,HOU,-5,1,41:29,13,19,0.684,2,4,0.5,3,4,0.75,1,6,7,3,1,0,1,1,31,26.7,-6,46.8
Arron Afflalo,19,11,2015-12-02,30,NYK,H,PHI,12,1,23:05,6,10,0.6,1,4,0.25,0,0,NA,1,7,8,0,1,0,1,3,13,10,13,25
Arron Afflalo,20,12,2015-12-04,30,NYK,H,BRK,17,1,29:19,7,11,0.636,1,2,0.5,3,3,1,0,3,3,1,0,0,1,2,18,12.9,13,23.3
Arron Afflalo,21,13,2015-12-05,30,NYK,A,MIL,-15,1,32:15,6,12,0.5,0,4,0,1,2,0.5,0,2,2,0,0,0,1,3,13,5,-25,15
Arron Afflalo,22,14,2015-12-07,30,NYK,H,DAL,-7,1,29:56,2,6,0.333,0,2,0,2,2,1,0,6,6,4,0,0,0,4,6,5.6,-7,19.5
Arron Afflalo,23,15,2015-12-09,30,NYK,A,UTA,-21,1,21:38,2,5,0.4,0,1,0,0,0,NA,0,3,3,2,0,0,0,2,4,2.8,-20,10.8
Arron Afflalo,24,16,2015-12-10,30,NYK,A,SAC,-2,1,32:41,6,14,0.429,0,6,0,2,2,1,0,4,4,2,1,1,2,5,14,6.9,-1,25
Arron Afflalo,25,17,2015-12-12,30,NYK,A,POR,2,1,40:10,5,11,0.455,2,4,0.5,3,4,0.75,0,1,1,0,0,0,2,3,15,6,9,16.3
Arron Afflalo,26,18,2015-12-16,30,NYK,H,MIN,5,1,33:48,9,14,0.643,3,5,0.6,8,9,0.889,0,3,3,1,0,0,1,1,29,22.6,13,35.3
Arron Afflalo,27,19,2015-12-18,30,NYK,A,PHI,10,1,25:55,9,13,0.692,3,5,0.6,1,1,1,1,6,7,1,1,1,0,0,22,21.4,18,37.8
Arron Afflalo,28,20,2015-12-19,30,NYK,H,CHI,16,1,34:06,8,14,0.571,1,1,1,1,2,0.5,0,4,4,3,0,0,1,2,18,12.5,22,27.5
Arron Afflalo,29,21,2015-12-21,30,NYK,H,ORL,-8,1,32:39,2,8,0.25,0,3,0,0,0,NA,2,3,5,3,0,0,1,2,4,1.8,-12,14.3
Arron Afflalo,30,22,2015-12-23,30,NYK,A,CLE,-7,1,36:21,6,17,0.353,0,4,0,4,4,1,0,5,5,3,1,0,2,2,16,8.3,0,27.8
Arron Afflalo,31,23,2015-12-26,30,NYK,A,ATL,-19,1,32:10,4,10,0.4,1,4,0.25,1,1,1,0,3,3,1,0,0,2,1,10,3.8,-7,14.8
Arron Afflalo,32,24,2015-12-27,30,NYK,A,BOS,-9,1,33:17,2,10,0.2,0,3,0,0,0,NA,0,4,4,1,0,0,0,2,4,-1.1,-6,10.5
Arron Afflalo,33,25,2015-12-29,30,NYK,H,DET,12,1,31:14,4,9,0.444,1,2,0.5,0,0,NA,0,6,6,2,1,0,0,1,9,8.1,-5,22
Arron Afflalo,34,26,2016-01-01,30,NYK,A,CHI,-27,1,29:03,2,9,0.222,0,3,0,0,0,NA,0,1,1,0,0,0,2,2,4,-4,-34,4.3
Arron Afflalo,35,27,2016-01-03,30,NYK,H,ATL,14,1,37:05,14,17,0.824,7,8,0.875,3,4,0.75,0,2,2,2,0,1,1,2,38,32.2,14,48.5
Arron Afflalo,36,28,2016-01-05,30,NYK,A,ATL,6,1,36:59,9,16,0.563,2,2,1,3,4,0.75,0,7,7,4,1,0,1,4,23,18.3,16,40.3
Arron Afflalo,37,29,2016-01-06,30,NYK,A,MIA,8,1,40:23,4,10,0.4,1,2,0.5,0,0,NA,0,2,2,0,1,0,2,1,9,2.8,3,13
Arron Afflalo,38,30,2016-01-08,30,NYK,A,SAS,-1,1,40:29,3,8,0.375,2,3,0.667,0,0,NA,1,3,4,4,0,1,0,2,8,7.9,1,22
Arron Afflalo,39,31,2016-01-10,30,NYK,H,MIL,12,1,30:55,5,16,0.313,0,5,0,1,1,1,0,1,1,3,1,0,0,3,11,4,15,18.8
Arron Afflalo,40,32,2016-01-12,30,NYK,H,BOS,6,1,40:34,9,18,0.5,1,2,0.5,5,5,1,0,3,3,1,0,0,0,1,24,16.2,8,29.8
Arron Afflalo,41,33,2016-01-13,30,NYK,A,BRK,-6,1,35:49,8,16,0.5,2,5,0.4,0,0,NA,0,3,3,2,0,0,0,3,18,11.1,-8,25.8
Arron Afflalo,42,34,2016-01-16,30,NYK,A,MEM,-8,1,36:14,3,11,0.273,1,4,0.25,4,4,1,0,3,3,3,0,2,2,2,11,6.1,-8,22.8
Arron Afflalo,43,35,2016-01-18,30,NYK,H,PHI,6,1,44:34,8,17,0.471,2,4,0.5,7,7,1,2,5,7,0,1,0,1,3,25,18,5,36.3
Arron Afflalo,44,36,2016-01-20,30,NYK,H,UTA,7,1,42:42,6,11,0.545,2,3,0.667,0,0,NA,0,0,0,2,0,0,1,5,14,7.1,3,17.5
Arron Afflalo,45,37,2016-01-22,30,NYK,H,LAC,-28,1,30:09,1,5,0.2,0,1,0,3,3,1,0,1,1,2,1,0,1,3,5,2.4,-28,10.8
Arron Afflalo,46,38,2016-01-23,30,NYK,A,CHO,-13,1,30:34,3,10,0.3,2,4,0.5,2,2,1,1,3,4,2,1,1,3,2,10,5.1,-17,21.5
Arron Afflalo,47,39,2016-01-26,30,NYK,H,OKC,-6,1,40:20,6,21,0.286,1,5,0.2,4,4,1,0,5,5,2,0,0,2,5,17,3.6,4,25.8
Arron Afflalo,48,40,2016-01-28,30,NYK,A,TOR,-10,1,38:19,7,17,0.412,3,3,1,3,3,1,0,2,2,4,0,0,0,2,20,13.5,-4,30
Arron Afflalo,49,41,2016-01-29,30,NYK,H,PHO,18,1,29:10,6,13,0.462,2,6,0.333,3,3,1,0,1,1,3,1,0,1,2,17,11.9,17,25.3
Arron Afflalo,50,42,2016-01-31,30,NYK,H,GSW,-21,1,37:32,2,12,0.167,1,3,0.333,0,0,NA,1,1,2,2,1,0,2,1,5,-1.6,-13,12
Arron Afflalo,51,43,2016-02-02,30,NYK,H,BOS,-8,1,39:45,7,16,0.438,2,5,0.4,2,4,0.5,0,2,2,3,1,0,4,0,18,8.5,-3,26
Arron Afflalo,52,44,2016-02-04,30,NYK,A,DET,-6,1,43:18,8,15,0.533,1,5,0.2,7,8,0.875,0,3,3,3,2,0,2,3,24,18.1,1,35.8
Arron Afflalo,53,45,2016-02-05,30,NYK,H,MEM,-6,1,41:17,4,15,0.267,2,7,0.286,4,4,1,0,5,5,2,0,0,1,3,14,5.8,-6,23.8
Arron Afflalo,54,46,2016-02-07,30,NYK,H,DEN,-5,1,40:02,6,8,0.75,1,1,1,2,2,1,0,6,6,3,1,0,0,4,15,15.1,-8,29.5
Arron Afflalo,55,47,2016-02-09,30,NYK,H,WAS,-3,1,38:18,5,7,0.714,1,2,0.5,0,0,NA,0,2,2,0,0,0,1,3,11,6.5,-12,13.5
Arron Afflalo,56,48,2016-02-19,30,NYK,A,BRK,-11,1,38:33,6,9,0.667,3,4,0.75,2,2,1,0,2,2,2,1,0,2,1,17,13.7,-8,25
Arron Afflalo,57,49,2016-02-20,30,NYK,A,MIN,8,1,39:24,4,10,0.4,3,5,0.6,0,0,NA,0,4,4,3,1,0,3,1,11,6.5,1,22.5
Arron Afflalo,58,50,2016-02-22,30,NYK,H,TOR,-27,1,33:29,3,11,0.273,0,2,0,1,1,1,1,4,5,2,0,1,0,4,7,2.9,-22,18.3
Arron Afflalo,59,51,2016-02-24,30,NYK,A,IND,-3,1,23:36,1,6,0.167,0,2,0,2,2,1,0,5,5,3,0,0,2,1,4,1.4,-10,13.8
Arron Afflalo,60,52,2016-02-26,30,NYK,H,ORL,13,1,31:56,5,11,0.455,2,4,0.5,2,2,1,0,12,12,3,1,0,1,0,14,14,6,37.5
Arron Afflalo,62,53,2016-03-01,30,NYK,H,POR,-19,1,36:05,6,9,0.667,1,1,1,0,0,NA,1,5,6,1,0,0,0,0,13,12,-7,22.5
Arron Afflalo,63,54,2016-03-04,30,NYK,A,BOS,-1,1,39:09,7,11,0.636,3,6,0.5,0,0,NA,0,1,1,3,0,0,3,1,17,11.1,-5,22.8
Arron Afflalo,64,55,2016-03-05,30,NYK,H,DET,13,1,42:17,9,12,0.75,1,2,0.5,1,2,0.5,0,7,7,3,0,0,1,1,20,17.6,18,33.3
Arron Afflalo,65,56,2016-03-08,30,NYK,A,DEN,-16,1,35:44,3,8,0.375,1,2,0.5,2,2,1,0,4,4,2,0,0,0,1,9,6.8,-12,17.5
Arron Afflalo,68,57,2016-03-13,30,NYK,A,LAL,3,0,27:29,3,9,0.333,0,2,0,3,4,0.75,0,3,3,2,0,0,1,1,9,4.4,-3,15.3
Arron Afflalo,69,58,2016-03-16,30,NYK,A,GSW,-36,0,35:06,7,14,0.5,1,2,0.5,0,2,0,1,1,2,4,1,0,0,1,15,11.6,-24,26
Arron Afflalo,70,59,2016-03-19,30,NYK,A,WAS,-10,0,35:20,3,10,0.3,2,3,0.667,2,2,1,0,3,3,1,0,0,3,2,10,2,-5,14.8
Arron Afflalo,71,60,2016-03-20,30,NYK,H,SAC,-8,1,30:50,2,8,0.25,1,3,0.333,1,1,1,2,4,6,0,0,0,3,2,6,0,9,12.5
Arron Afflalo,72,61,2016-03-23,30,NYK,A,CHI,8,0,34:48,5,13,0.385,1,3,0.333,1,1,1,1,7,8,7,0,0,1,1,12,11.2,-6,32.5
Arron Afflalo,73,62,2016-03-24,30,NYK,H,CHI,12,0,29:07,5,9,0.556,1,2,0.5,0,0,NA,0,3,3,2,0,0,2,0,11,7,4,17.3
Arron Afflalo,74,63,2016-03-26,30,NYK,H,CLE,-14,0,26:48,2,4,0.5,0,1,0,1,5,0.2,0,3,3,1,0,0,0,1,5,2.6,-9,10.3
Arron Afflalo,75,64,2016-03-28,30,NYK,A,NOP,-8,0,27:43,2,9,0.222,1,3,0.333,0,0,NA,0,2,2,1,0,0,2,6,5,-3.6,-17,8.5
Arron Afflalo,76,65,2016-03-30,30,NYK,A,DAL,-2,0,31:15,1,7,0.143,0,3,0,1,2,0.5,1,2,3,0,1,0,3,3,3,-3.8,-16,7.3
Arron Afflalo,77,66,2016-04-01,30,NYK,H,BRK,14,0,26:11,2,6,0.333,1,2,0.5,0,0,NA,0,3,3,2,0,0,1,0,5,2.9,4,11.8
Arron Afflalo,78,67,2016-04-03,30,NYK,H,IND,-5,0,34:01,5,15,0.333,0,4,0,5,5,1,2,6,8,2,1,1,2,3,15,9.6,-10,31
Arron Afflalo,79,68,2016-04-06,30,NYK,H,CHO,-14,0,29:53,4,10,0.4,2,5,0.4,1,1,1,0,0,0,5,0,0,1,1,11,7.7,-8,19
Arron Afflalo,80,69,2016-04-08,30,NYK,A,PHI,7,0,31:29,4,10,0.4,1,2,0.5,0,0,NA,0,5,5,1,0,0,0,0,9,5.8,17,17.3
Arron Afflalo,81,70,2016-04-10,30,NYK,H,TOR,-4,0,22:57,0,1,0,0,1,0,0,0,NA,0,3,3,1,0,0,0,0,0,0.9,-6,5.3
Arron Afflalo,82,71,2016-04-12,30,NYK,A,IND,-12,0,26:11,5,11,0.455,3,5,0.6,0,0,NA,0,1,1,2,1,0,1,1,13,8.6,-5,20.3
Kristaps Porzingis,1,1,2015-10-28,20,NYK,A,MIL,25,1,24:15,3,11,0.273,1,2,0.5,9,12,0.75,2,3,5,1,1,1,2,3,16,9.8,1,27.3
Kristaps Porzingis,2,2,2015-10-29,20,NYK,H,ATL,-11,1,25:37,4,10,0.4,0,4,0,2,2,1,2,6,8,0,3,1,4,5,10,5.5,-5,26
Kristaps Porzingis,3,3,2015-10-31,20,NYK,A,WAS,7,1,21:02,3,6,0.5,0,0,NA,2,2,1,1,5,6,0,0,0,1,4,8,4.6,10,15
Kristaps Porzingis,4,4,2015-11-02,20,NYK,H,SAS,-10,1,24:08,5,15,0.333,1,5,0.2,2,2,1,8,6,14,1,3,2,2,5,13,13,-8,43
Kristaps Porzingis,5,5,2015-11-04,20,NYK,A,CLE,-10,1,20:39,6,11,0.545,1,4,0.25,0,0,NA,1,3,4,1,2,2,0,5,13,11.4,-1,28
Kristaps Porzingis,6,6,2015-11-06,20,NYK,H,MIL,-7,1,28:04,6,13,0.462,1,4,0.25,1,2,0.5,9,4,13,1,0,1,2,3,14,12.6,-6,34.8
Kristaps Porzingis,7,7,2015-11-08,20,NYK,H,LAL,4,1,25:45,3,10,0.3,1,3,0.333,5,6,0.833,2,8,10,1,0,2,0,4,12,10.1,18,32
Kristaps Porzingis,8,8,2015-11-10,20,NYK,A,TOR,2,1,20:26,3,11,0.273,0,1,0,2,2,1,3,3,6,1,0,0,3,3,8,1,7,15.5
Kristaps Porzingis,9,9,2015-11-11,20,NYK,A,CHO,-2,1,32:04,5,10,0.5,0,1,0,0,0,NA,2,13,15,0,0,2,3,2,10,7.9,9,32.8
Kristaps Porzingis,10,10,2015-11-13,20,NYK,H,CLE,-6,1,28:09,5,11,0.455,1,4,0.25,0,0,NA,3,4,7,1,0,0,1,1,11,7.9,1,21.3
Kristaps Porzingis,11,11,2015-11-15,20,NYK,H,NOP,8,1,22:36,4,15,0.267,1,4,0.25,1,2,0.5,1,3,4,0,1,1,0,4,10,2.4,6,19.5
Kristaps Porzingis,12,12,2015-11-17,20,NYK,H,CHO,8,1,31:08,10,17,0.588,2,2,1,7,7,1,2,9,11,0,0,1,1,2,29,24.1,20,46.8
Kristaps Porzingis,13,13,2015-11-20,20,NYK,A,OKC,3,1,25:57,2,5,0.4,1,2,0.5,2,4,0.5,0,6,6,2,0,1,2,1,7,5,1,19
Kristaps Porzingis,14,14,2015-11-21,20,NYK,A,HOU,5,1,35:48,8,12,0.667,2,3,0.667,6,6,1,5,9,14,2,0,7,3,1,24,27.9,14,59.5
Kristaps Porzingis,15,15,2015-11-23,20,NYK,A,MIA,-17,1,37:26,7,18,0.389,3,5,0.6,3,3,1,1,13,14,1,1,2,1,4,20,15.3,-8,47.5
Kristaps Porzingis,16,16,2015-11-25,20,NYK,A,ORL,-9,1,36:20,3,13,0.231,0,4,0,4,6,0.667,2,7,9,3,0,6,2,1,10,8.7,-2,36.8
Kristaps Porzingis,17,17,2015-11-27,20,NYK,H,MIA,-19,1,23:44,5,11,0.455,0,1,0,1,2,0.5,0,8,8,0,2,3,3,5,11,6.4,-6,29.5
Kristaps Porzingis,18,18,2015-11-29,20,NYK,H,HOU,-5,1,40:42,8,13,0.615,0,1,0,4,4,1,3,10,13,1,1,2,2,5,20,18.3,2,44.3
Kristaps Porzingis,19,19,2015-12-02,20,NYK,H,PHI,12,1,29:45,6,10,0.6,2,2,1,3,3,1,1,9,10,2,0,4,2,1,17,17.6,6,42
Kristaps Porzingis,20,20,2015-12-04,20,NYK,H,BRK,17,1,26:16,7,13,0.538,3,4,0.75,2,2,1,2,8,10,1,0,2,1,3,19,16.4,15,39.5
Kristaps Porzingis,21,21,2015-12-05,20,NYK,A,MIL,-15,1,21:44,4,8,0.5,0,1,0,4,4,1,3,4,7,1,0,0,5,5,12,5,-15,19.8
Kristaps Porzingis,22,22,2015-12-07,20,NYK,H,DAL,-7,1,35:17,13,18,0.722,2,4,0.5,0,0,NA,0,2,2,1,1,2,2,1,28,21.9,-2,38
Kristaps Porzingis,23,23,2015-12-09,20,NYK,A,UTA,-21,1,13:16,2,8,0.25,0,2,0,0,0,NA,1,2,3,0,0,0,1,2,4,-1.3,-27,7.3
Kristaps Porzingis,24,24,2015-12-10,20,NYK,A,SAC,-2,1,33:55,4,11,0.364,1,2,0.5,4,5,0.8,2,5,7,2,2,3,3,4,13,10.3,-2,33.8
Kristaps Porzingis,25,25,2015-12-12,20,NYK,A,POR,2,1,19:12,0,6,0,0,0,NA,0,0,NA,0,3,3,0,2,0,2,3,0,-4.5,-8,6.8
Kristaps Porzingis,26,26,2015-12-16,20,NYK,H,MIN,5,1,29:14,4,14,0.286,1,6,0.167,2,2,1,2,4,6,3,0,7,3,2,11,8.6,4,36
Kristaps Porzingis,27,27,2015-12-18,20,NYK,A,PHI,10,1,26:17,3,9,0.333,0,2,0,2,2,1,1,3,4,1,1,3,2,1,8,5.9,15,21.5
Kristaps Porzingis,28,28,2015-12-19,20,NYK,H,CHI,16,1,29:29,4,9,0.444,0,3,0,2,3,0.667,2,5,7,3,1,1,0,5,10,9.6,13,27.3
Kristaps Porzingis,29,29,2015-12-21,20,NYK,H,ORL,-8,1,25:17,3,12,0.25,1,6,0.167,2,2,1,2,6,8,1,0,4,2,1,9,6.1,2,28
Kristaps Porzingis,30,30,2015-12-23,20,NYK,A,CLE,-7,1,38:17,8,18,0.444,4,5,0.8,3,4,0.75,3,10,13,4,1,1,1,1,23,21.4,-8,52.3
Kristaps Porzingis,31,31,2015-12-26,20,NYK,A,ATL,-19,1,21:01,3,10,0.3,1,2,0.5,2,2,1,1,1,2,1,0,1,2,1,9,3.2,-3,14.5
Kristaps Porzingis,32,32,2015-12-27,20,NYK,A,BOS,-9,1,28:02,4,13,0.308,0,1,0,8,8,1,4,8,12,0,2,3,2,4,16,14.2,-4,41.5
Kristaps Porzingis,33,33,2015-12-29,20,NYK,H,DET,12,1,18:37,4,6,0.667,0,1,0,2,2,1,1,1,2,1,0,2,1,2,10,8.7,0,17.5
Kristaps Porzingis,34,34,2016-01-01,20,NYK,A,CHI,-27,1,28:19,4,14,0.286,1,3,0.333,0,0,NA,0,9,9,1,1,1,1,2,9,4.1,-11,25.8
Kristaps Porzingis,35,35,2016-01-03,20,NYK,H,ATL,14,1,30:24,5,13,0.385,2,3,0.667,2,2,1,2,5,7,0,0,1,2,3,14,7.3,13,24.8
Kristaps Porzingis,36,36,2016-01-05,20,NYK,A,ATL,6,1,31:30,7,12,0.583,0,3,0,3,3,1,4,7,11,1,0,1,1,3,17,15.5,2,35.3
Kristaps Porzingis,37,37,2016-01-06,20,NYK,A,MIA,8,1,30:53,3,10,0.3,0,1,0,6,6,1,1,3,4,1,0,2,1,4,12,7.3,4,22
Kristaps Porzingis,38,38,2016-01-08,20,NYK,A,SAS,-1,1,33:25,11,21,0.524,3,7,0.429,3,4,0.75,2,9,11,0,1,0,3,2,28,18.6,-4,45.3
Kristaps Porzingis,39,39,2016-01-10,20,NYK,H,MIL,12,1,30:06,5,11,0.455,2,5,0.4,3,4,0.75,3,3,6,2,1,5,4,3,15,12.6,17,36.5
Kristaps Porzingis,40,40,2016-01-12,20,NYK,H,BOS,6,1,26:50,10,18,0.556,3,9,0.333,3,4,0.75,1,5,6,2,2,2,0,6,26,21.6,0,46
Kristaps Porzingis,41,41,2016-01-13,20,NYK,A,BRK,-6,1,37:08,5,17,0.294,0,3,0,2,3,0.667,4,6,10,2,3,2,1,1,12,10.7,-3,38.5
Kristaps Porzingis,42,42,2016-01-16,20,NYK,A,MEM,-8,1,28:25,7,12,0.583,1,3,0.333,2,3,0.667,0,4,4,2,2,0,1,2,17,13.8,-1,29
Kristaps Porzingis,43,43,2016-01-18,20,NYK,H,PHI,6,1,34:16,7,11,0.636,2,4,0.5,0,0,NA,2,10,12,4,1,3,1,1,16,20,12,47
Kristaps Porzingis,44,44,2016-01-20,20,NYK,H,UTA,7,1,28:50,4,9,0.444,2,5,0.4,6,6,1,1,4,5,2,0,3,1,6,16,13.3,-4,31.8
Kristaps Porzingis,45,45,2016-01-22,20,NYK,H,LAC,-28,1,27:32,4,17,0.235,2,6,0.333,3,4,0.75,3,5,8,0,0,0,2,2,13,3.1,-11,23
Kristaps Porzingis,46,46,2016-01-23,20,NYK,A,CHO,-13,1,29:30,4,9,0.444,2,5,0.4,3,4,0.75,0,4,4,0,0,3,1,5,13,8.2,4,24.5
Kristaps Porzingis,47,47,2016-01-26,20,NYK,H,OKC,-6,1,30:59,5,12,0.417,2,4,0.5,3,4,0.75,1,4,5,2,2,2,1,3,15,12.7,-16,32.8
Kristaps Porzingis,49,48,2016-01-29,20,NYK,H,PHO,18,1,23:32,3,8,0.375,0,1,0,1,2,0.5,2,5,7,3,2,1,0,2,7,9.1,19,26.3
Kristaps Porzingis,50,49,2016-01-31,20,NYK,H,GSW,-21,1,20:18,3,8,0.375,2,2,1,6,8,0.75,3,3,6,1,1,0,2,3,14,10.3,-18,25
Kristaps Porzingis,51,50,2016-02-02,20,NYK,H,BOS,-8,1,27:18,4,11,0.364,0,2,0,2,2,1,2,3,5,0,1,1,3,3,10,3.7,-4,18.8
Kristaps Porzingis,52,51,2016-02-04,20,NYK,A,DET,-6,1,24:12,2,9,0.222,1,4,0.25,0,0,NA,0,4,4,0,0,0,0,0,5,0.7,-6,10.5
Kristaps Porzingis,53,52,2016-02-05,20,NYK,H,MEM,-6,1,38:20,6,12,0.5,3,5,0.6,2,2,1,3,7,10,0,0,6,3,4,17,14.8,10,43
Kristaps Porzingis,54,53,2016-02-07,20,NYK,H,DEN,-5,1,34:33,10,23,0.435,1,3,0.333,0,0,NA,3,10,13,2,0,2,2,2,21,14,7,45.3
Kristaps Porzingis,55,54,2016-02-09,20,NYK,H,WAS,-3,1,29:34,8,14,0.571,2,6,0.333,2,2,1,2,3,5,3,0,3,3,2,20,16.1,-2,36.3
Kristaps Porzingis,56,55,2016-02-19,20,NYK,A,BRK,-11,1,34:31,6,15,0.4,1,5,0.2,5,5,1,1,7,8,2,1,3,4,4,18,11.6,1,37.5
Kristaps Porzingis,57,56,2016-02-20,20,NYK,A,MIN,8,1,11:51,2,6,0.333,0,0,NA,2,2,1,0,2,2,0,1,1,1,4,6,2.3,10,12
Kristaps Porzingis,58,57,2016-02-22,20,NYK,H,TOR,-27,1,32:31,7,14,0.5,2,6,0.333,1,1,1,0,2,2,1,0,0,0,2,17,10.5,-27,22
Kristaps Porzingis,59,58,2016-02-24,20,NYK,A,IND,-3,1,35:48,7,14,0.5,2,7,0.286,6,8,0.75,0,2,2,1,2,1,1,2,22,16.4,-4,32.5
Kristaps Porzingis,60,59,2016-02-26,20,NYK,H,ORL,13,1,25:06,7,15,0.467,0,3,0,4,4,1,2,4,6,2,2,2,0,1,18,17.3,12,36.5
Kristaps Porzingis,61,60,2016-02-28,20,NYK,H,MIA,-17,1,21:59,4,13,0.308,1,3,0.333,0,0,NA,2,6,8,1,0,4,0,4,9,6.6,-18,29
Kristaps Porzingis,62,61,2016-03-01,20,NYK,H,POR,-19,1,24:48,4,10,0.4,1,2,0.5,2,3,0.667,0,7,7,1,1,3,1,5,11,8.1,-9,29.3
Kristaps Porzingis,63,62,2016-03-04,20,NYK,A,BOS,-1,1,20:14,6,14,0.429,1,3,0.333,2,4,0.5,3,2,5,2,0,0,0,1,15,10.5,8,24.8
Kristaps Porzingis,65,63,2016-03-08,20,NYK,A,DEN,-16,1,20:07,3,11,0.273,0,3,0,0,0,NA,0,5,5,3,1,2,3,3,6,1.3,-7,21.3
Kristaps Porzingis,66,64,2016-03-09,20,NYK,A,PHO,31,1,22:21,2,10,0.2,1,3,0.333,8,9,0.889,1,4,5,0,0,0,1,4,13,5.7,27,19.3
Kristaps Porzingis,67,65,2016-03-11,20,NYK,A,LAC,-7,1,31:13,6,17,0.353,1,4,0.25,10,11,0.909,0,4,4,2,1,1,1,3,23,15.2,-2,35
Kristaps Porzingis,69,66,2016-03-16,20,NYK,A,GSW,-36,1,25:47,1,11,0.091,0,2,0,0,0,NA,0,7,7,3,0,1,2,2,2,-3.2,-24,16.3
Kristaps Porzingis,70,67,2016-03-19,20,NYK,A,WAS,-10,1,38:32,7,14,0.5,2,3,0.667,4,4,1,3,4,7,2,0,3,5,3,20,13.6,-11,36.3
Kristaps Porzingis,71,68,2016-03-20,20,NYK,H,SAC,-8,1,35:10,6,17,0.353,0,4,0,1,2,0.5,2,5,7,2,0,2,1,3,13,6.6,-2,28.3
Kristaps Porzingis,72,69,2016-03-23,20,NYK,A,CHI,8,1,30:33,11,16,0.688,3,6,0.5,4,6,0.667,2,8,10,1,0,0,3,5,29,20.9,12,44.5
Kristaps Porzingis,73,70,2016-03-24,20,NYK,H,CHI,12,1,35:20,7,15,0.467,2,5,0.4,3,3,1,1,9,10,0,0,3,1,2,19,15,14,39.5
Kristaps Porzingis,74,71,2016-03-26,20,NYK,H,CLE,-14,1,40:34,7,16,0.438,1,5,0.2,4,6,0.667,3,3,6,3,1,0,2,2,19,13.1,-11,32.5
Kristaps Porzingis,75,72,2016-03-28,20,NYK,A,NOP,-8,1,34:43,4,10,0.4,2,4,0.5,6,8,0.75,1,9,10,2,2,3,1,2,16,16.9,-1,43.5
Lou Amundson,8,1,2015-11-10,32,NYK,A,TOR,2,0,5:16,0,0,NA,0,0,NA,0,0,NA,0,0,0,0,1,0,0,2,0,0.2,0,2
Lou Amundson,9,2,2015-11-11,32,NYK,A,CHO,-2,0,14:20,4,4,1,0,0,NA,1,1,1,1,3,4,1,1,1,0,5,9,9.8,1,19.5
Lou Amundson,10,3,2015-11-13,32,NYK,H,CLE,-6,0,19:45,0,1,0,0,0,NA,1,2,0.5,2,4,6,0,0,2,1,2,1,2.1,1,12
Lou Amundson,11,4,2015-11-15,32,NYK,H,NOP,8,0,10:27,1,3,0.333,0,0,NA,1,2,0.5,2,0,2,0,0,0,0,1,3,1.9,-7,5.5
Lou Amundson,12,5,2015-11-17,32,NYK,H,CHO,8,0,7:22,0,1,0,0,0,NA,0,0,NA,0,1,1,1,0,0,0,3,0,-0.9,-4,2.8
Lou Amundson,14,6,2015-11-21,32,NYK,A,HOU,5,0,7:32,0,0,NA,0,0,NA,0,2,0,0,0,0,1,0,0,1,2,0,-1.9,-4,1
Lou Amundson,15,7,2015-11-23,32,NYK,A,MIA,-17,0,9:58,2,5,0.4,0,0,NA,2,3,0.667,1,1,2,0,0,0,0,2,6,3.1,6,8.5
Lou Amundson,16,8,2015-11-25,32,NYK,A,ORL,-9,0,4:21,0,1,0,0,0,NA,0,0,NA,0,2,2,0,0,0,0,0,0,-0.1,0,2.5
Lou Amundson,17,9,2015-11-27,32,NYK,H,MIA,-19,0,5:02,1,1,1,0,0,NA,0,0,NA,0,1,1,0,0,0,0,1,2,1.6,1,3.3
Lou Amundson,20,10,2015-12-04,32,NYK,H,BRK,17,0,3:34,1,4,0.25,0,0,NA,0,0,NA,1,1,2,0,0,0,0,0,2,0.6,-3,4.5
Lou Amundson,23,11,2015-12-09,33,NYK,A,UTA,-21,0,9:57,4,6,0.667,0,0,NA,2,6,0.333,1,3,4,1,3,0,0,2,10,10.3,8,22.5
Lou Amundson,27,12,2015-12-18,33,NYK,A,PHI,10,0,5:02,0,1,0,0,0,NA,0,0,NA,1,1,2,1,0,0,1,0,0,0,-13,3.5
Lou Amundson,30,13,2015-12-23,33,NYK,A,CLE,-7,0,8:47,1,3,0.333,0,0,NA,0,0,NA,3,2,5,0,0,0,1,1,2,1.6,2,7.8
Lou Amundson,40,14,2016-01-12,33,NYK,H,BOS,6,0,3:10,0,1,0,0,0,NA,0,0,NA,0,1,1,0,0,0,1,1,0,-1.8,-4,0.8
Lou Amundson,42,15,2016-01-16,33,NYK,A,MEM,-8,0,4:20,0,0,NA,0,0,NA,0,0,NA,0,0,0,0,0,0,0,2,0,-0.8,-1,0
Lou Amundson,43,16,2016-01-18,33,NYK,H,PHI,6,0,3:27,0,0,NA,0,0,NA,2,2,1,0,1,1,0,0,0,0,1,2,1.9,1,3.3
Lou Amundson,45,17,2016-01-22,33,NYK,H,LAC,-28,0,4:15,1,3,0.333,0,0,NA,0,0,NA,0,0,0,1,0,0,0,0,2,1,3,3.5
Lou Amundson,46,18,2016-01-23,33,NYK,A,CHO,-13,0,12:52,1,1,1,0,0,NA,0,0,NA,1,2,3,1,0,0,1,6,2,0.3,-4,6.8
Lou Amundson,48,19,2016-01-28,33,NYK,A,TOR,-10,0,9:03,1,2,0.5,0,0,NA,1,3,0.333,2,0,2,0,0,1,1,3,3,1.1,-5,7
Lou Amundson,49,20,2016-01-29,33,NYK,H,PHO,18,0,6:20,0,0,NA,0,0,NA,0,0,NA,0,1,1,0,0,0,1,1,0,-1.1,-7,0.8
Lou Amundson,50,21,2016-01-31,33,NYK,H,GSW,-21,0,6:17,1,5,0.2,0,0,NA,0,0,NA,1,0,1,2,0,0,1,3,2,-1.2,-2,5.8
Lou Amundson,54,22,2016-02-07,33,NYK,H,DEN,-5,0,2:06,1,1,1,0,0,NA,0,2,0,1,0,1,0,0,0,0,0,2,1.6,-5,3.3
Lou Amundson,66,23,2016-03-09,33,NYK,A,PHO,31,0,4:00,0,1,0,0,0,NA,0,0,NA,0,0,0,0,0,0,0,0,0,-0.7,-2,0
Lou Amundson,69,24,2016-03-16,33,NYK,A,GSW,-36,0,8:26,0,2,0,0,0,NA,2,2,1,2,0,2,1,0,2,1,1,2,2.7,-4,9.5
Lou Amundson,71,25,2016-03-20,33,NYK,H,SAC,-8,0,8:09,0,3,0,0,0,NA,0,0,NA,2,0,2,2,0,1,0,1,0,1,-6,7.5
Lou Amundson,74,26,2016-03-26,33,NYK,H,CLE,-14,0,7:06,0,0,NA,0,0,NA,0,0,NA,0,1,1,0,0,0,1,1,0,-1.1,2,0.8
Lou Amundson,77,27,2016-04-01,33,NYK,H,BRK,14,0,1:38,0,0,NA,0,0,NA,0,0,NA,0,0,0,0,1,0,0,0,0,1,4,2
Lou Amundson,79,28,2016-04-06,33,NYK,H,CHO,-14,0,4:13,0,2,0,0,0,NA,0,0,NA,0,1,1,0,0,0,4,1,0,-5.5,-4,-0.8
Lou Amundson,82,29,2016-04-12,33,NYK,A,IND,-12,0,7:41,0,2,0,0,0,NA,2,2,1,2,0,2,0,0,0,0,2,2,1.2,-3,4.5
