Randy Foye,56,55,2016-02-21,32,OKC,H,CLE,-23,0,13:50,1,5,0.2,0,1,0,0,0,NA,0,0,0,1,0,0,0,3,2,-1.6,-16,3.5
Randy Foye,57,56,2016-02-24,32,OKC,A,DAL,13,0,21:59,2,7,0.286,2,5,0.4,0,0,NA,0,2,2,2,0,0,0,2,6,3.1,15,12.5
Randy Foye,58,57,2016-02-25,32,OKC,A,NOP,-4,0,17:16,2,4,0.5,0,1,0,0,0,NA,1,2,3,2,1,0,0,0,4,5.7,0,12.8
Randy Foye,59,58,2016-02-27,32,OKC,H,GSW,-3,0,6:26,0,1,0,0,1,0,0,0,NA,0,0,0,0,0,0,0,0,0,-0.7,-6,0
Randy Foye,60,59,2016-02-29,32,OKC,A,SAC,15,0,24:23,2,7,0.286,2,7,0.286,0,0,NA,0,3,3,3,0,1,1,2,6,3.8,16,16.8
Randy Foye,61,60,2016-03-02,32,OKC,A,LAC,-5,0,25:40,3,4,0.75,2,3,0.667,0,0,NA,0,4,4,2,1,2,2,1,8,9,-2,22
Randy Foye,62,61,2016-03-03,32,OKC,A,GSW,-15,0,19:30,2,7,0.286,0,3,0,0,0,NA,1,3,4,2,0,0,0,1,4,2.5,-11,12
Randy Foye,63,62,2016-03-06,32,OKC,A,MIL,8,0,15:27,0,4,0,0,3,0,0,0,NA,1,0,1,2,0,0,1,3,0,-2.9,-7,3.8
Randy Foye,64,63,2016-03-09,32,OKC,H,LAC,12,0,22:57,1,4,0.25,1,3,0.333,0,0,NA,0,3,3,3,0,1,0,1,3,3.9,10,13.8
Randy Foye,65,64,2016-03-11,32,OKC,H,MIN,-3,0,28:39,2,7,0.286,1,4,0.25,1,2,0.5,0,1,1,2,1,0,2,4,6,0.6,3,11.8
Randy Foye,66,65,2016-03-12,32,OKC,A,SAS,-8,0,15:28,1,4,0.25,0,1,0,2,2,1,1,3,4,1,1,0,2,1,4,2.5,-9,11.5
Randy Foye,67,66,2016-03-14,32,OKC,H,POR,34,0,28:41,4,6,0.667,3,3,1,0,0,NA,1,3,4,2,0,1,3,3,11,7.9,22,21
Randy Foye,68,67,2016-03-16,32,OKC,A,BOS,21,0,28:04,4,6,0.667,3,5,0.6,2,2,1,0,4,4,0,0,0,1,4,13,9,-6,19
Randy Foye,69,68,2016-03-18,32,OKC,A,PHI,14,0,26:36,2,6,0.333,1,5,0.2,4,4,1,2,0,2,5,1,1,0,4,9,10.6,6,23.5
Randy Foye,70,69,2016-03-19,32,OKC,A,IND,4,0,29:27,4,8,0.5,2,5,0.4,2,3,0.667,0,2,2,1,1,1,1,1,12,9.2,9,20.5
Randy Foye,71,70,2016-03-22,32,OKC,H,HOU,4,0,23:42,0,5,0,0,4,0,0,0,NA,0,0,0,1,2,0,0,2,0,-1.6,12,5.5
Randy Foye,72,71,2016-03-24,32,OKC,H,UTA,22,0,22:50,2,4,0.5,1,3,0.333,1,2,0.5,0,0,0,2,1,0,2,1,6,3.6,4,10.5
Randy Foye,73,72,2016-03-26,32,OKC,H,SAS,19,0,21:37,1,6,0.167,0,3,0,0,0,NA,0,1,1,1,0,0,1,1,2,-2.2,3,4.3
Randy Foye,74,73,2016-03-28,32,OKC,A,TOR,19,0,13:54,0,1,0,0,0,NA,0,0,NA,0,1,1,1,0,0,1,2,0,-1.5,-16,2.3
Randy Foye,75,74,2016-03-29,32,OKC,A,DET,-6,0,23:20,3,9,0.333,1,4,0.25,2,4,0.5,0,5,5,3,0,2,1,0,9,7.1,11,23.8
Randy Foye,76,75,2016-03-31,32,OKC,H,LAC,2,0,20:45,1,3,0.333,1,3,0.333,0,0,NA,0,0,0,3,1,0,1,1,3,3,8,9.5
Randy Foye,77,76,2016-04-03,32,OKC,A,HOU,-8,0,17:14,2,4,0.5,2,3,0.667,0,0,NA,0,1,1,2,1,1,0,0,6,7.4,5,15.3
Randy Foye,78,77,2016-04-05,32,OKC,A,DEN,22,0,19:11,2,5,0.4,1,4,0.25,0,0,NA,0,0,0,1,0,1,2,2,5,0.9,5,8
Randy Foye,79,78,2016-04-06,32,OKC,A,POR,-5,1,36:42,3,13,0.231,1,2,0.5,4,4,1,1,2,3,4,1,0,2,4,11,4.6,12,22.3
Randy Foye,80,79,2016-04-09,32,OKC,A,SAC,-2,0,19:06,2,3,0.667,1,2,0.5,0,0,NA,0,0,0,0,0,0,2,3,5,0.5,-5,4.5
Randy Foye,81,80,2016-04-11,32,OKC,H,LAL,33,0,12:20,4,9,0.444,0,1,0,0,0,NA,0,2,2,0,1,2,0,1,8,5.9,11,16.5
Randy Foye,82,81,2016-04-12,32,OKC,A,SAS,-4,0,16:56,2,7,0.286,0,2,0,4,4,1,0,1,1,3,0,0,3,1,8,2.9,-3,12.3
Nazr Mohammed,2,1,2016-03-09,38,OKC,H,LAC,12,0,0:58,0,0,NA,0,0,NA,0,0,NA,0,0,0,0,0,0,0,0,0,0,0,0
Nazr Mohammed,5,2,2016-03-14,38,OKC,H,POR,34,0,6:48,1,2,0.5,0,0,NA,0,0,NA,0,1,1,0,0,0,2,2,2,-1.5,1,2.3
Nazr Mohammed,6,3,2016-03-16,38,OKC,A,BOS,21,0,2:01,1,1,1,0,0,NA,0,0,NA,0,1,1,0,0,0,0,0,2,2,4,3.3
Nazr Mohammed,10,4,2016-03-24,38,OKC,H,UTA,22,0,4:09,0,0,NA,0,0,NA,2,2,1,0,0,0,0,0,0,0,1,2,1.6,-3,2
Nazr Mohammed,16,5,2016-04-05,38,OKC,A,DEN,22,0,5:32,1,2,0.5,0,0,NA,0,0,NA,1,1,2,0,0,0,1,1,2,0.6,-5,4
Enes Kanter,1,1,2015-10-28,23,OKC,H,SAS,6,0,24:05,7,11,0.636,0,0,NA,1,1,1,6,10,16,0,0,0,0,1,15,16.9,0,36.5
Enes Kanter,2,2,2015-10-30,23,OKC,A,ORL,3,0,18:02,4,8,0.5,0,0,NA,2,3,0.667,4,2,6,0,0,1,2,6,10,5.3,9,18.5
Enes Kanter,3,3,2015-11-01,23,OKC,H,DEN,24,0,17:35,6,11,0.545,0,0,NA,0,0,NA,3,7,10,1,0,0,6,5,12,3.6,-3,24.5
Enes Kanter,4,4,2015-11-02,23,OKC,A,HOU,-5,0,22:13,3,8,0.375,0,0,NA,0,0,NA,3,9,12,3,0,1,2,1,6,6.8,1,26.5
Enes Kanter,5,5,2015-11-04,23,OKC,H,TOR,-5,0,17:19,7,11,0.636,1,1,1,0,0,NA,2,4,6,1,0,0,1,2,15,11.6,-1,24
Enes Kanter,6,6,2015-11-05,23,OKC,A,CHI,-6,0,22:11,3,7,0.429,0,0,NA,5,5,1,4,4,8,1,0,1,1,3,11,10.5,-9,24
Enes Kanter,7,7,2015-11-08,23,OKC,H,PHO,21,0,28:29,9,10,0.9,0,0,NA,3,3,1,3,4,7,1,0,1,2,5,21,18.3,9,32.3
Enes Kanter,8,8,2015-11-10,23,OKC,A,WAS,24,0,23:07,4,9,0.444,0,0,NA,1,2,0.5,1,5,6,1,0,0,0,1,9,6.4,21,18
Enes Kanter,9,9,2015-11-13,23,OKC,H,PHI,17,0,19:01,6,11,0.545,0,0,NA,1,2,0.5,4,4,8,0,0,1,1,1,13,10.6,2,24.5
Enes Kanter,10,10,2015-11-15,23,OKC,H,BOS,-15,0,16:12,4,7,0.571,0,0,NA,0,2,0,2,0,2,1,1,1,0,3,8,6.5,-18,16
Enes Kanter,11,11,2015-11-16,23,OKC,A,MEM,-8,0,17:22,5,6,0.833,0,0,NA,6,6,1,1,6,7,1,0,0,1,3,16,14.8,-10,25.8
Enes Kanter,12,12,2015-11-18,23,OKC,H,NOP,7,0,31:28,8,15,0.533,0,0,NA,8,12,0.667,6,8,14,0,0,0,1,3,24,19.5,1,42.5
Enes Kanter,13,13,2015-11-20,23,OKC,H,NYK,-3,0,24:48,5,8,0.625,0,0,NA,1,2,0.5,5,8,13,1,0,0,3,0,11,10.6,0,28.8
Enes Kanter,14,14,2015-11-22,23,OKC,H,DAL,3,0,23:09,5,7,0.714,0,0,NA,2,2,1,4,3,7,1,0,0,0,3,12,12.3,10,22.3
Enes Kanter,15,15,2015-11-23,23,OKC,A,UTA,22,0,21:11,3,6,0.5,0,0,NA,0,0,NA,1,4,5,1,0,0,1,4,6,3,18,13.3
Enes Kanter,16,16,2015-11-25,23,OKC,H,BRK,11,0,15:03,2,5,0.4,0,0,NA,2,2,1,1,8,9,0,0,0,3,0,6,3.4,4,15.8
Enes Kanter,17,17,2015-11-27,23,OKC,H,DET,16,0,18:24,3,6,0.5,0,0,NA,8,10,0.8,2,3,5,1,0,1,1,2,14,12.1,10,23.3
Enes Kanter,18,18,2015-11-30,23,OKC,A,ATL,-6,0,15:44,3,7,0.429,0,0,NA,0,0,NA,6,4,10,0,0,0,0,0,6,7.7,-5,18.5
Enes Kanter,19,19,2015-12-03,23,OKC,A,MIA,-2,0,21:23,3,5,0.6,0,0,NA,4,4,1,0,3,3,0,0,0,0,3,10,7.4,-4,13.8
Enes Kanter,20,20,2015-12-06,23,OKC,H,SAC,3,0,19:44,4,9,0.444,0,0,NA,6,9,0.667,4,6,10,0,0,1,1,2,14,11.6,-11,29.5
Enes Kanter,21,21,2015-12-08,23,OKC,A,MEM,37,0,14:48,3,6,0.5,0,1,0,0,2,0,2,3,5,0,0,0,0,2,6,3.7,4,12.3
Enes Kanter,22,22,2015-12-10,23,OKC,H,ATL,13,0,10:31,2,6,0.333,0,0,NA,0,0,NA,2,3,5,0,0,0,1,0,4,1.9,4,9.8
Enes Kanter,23,23,2015-12-11,23,OKC,A,UTA,4,0,23:41,4,7,0.571,0,0,NA,3,4,0.75,2,4,6,1,0,0,2,1,11,8.2,5,19
Enes Kanter,24,24,2015-12-13,23,OKC,H,UTA,6,0,15:51,4,6,0.667,0,0,NA,2,2,1,1,5,6,0,0,1,1,1,10,8.9,-9,19
Enes Kanter,25,25,2015-12-16,23,OKC,H,POR,16,0,24:58,3,6,0.5,0,0,NA,6,8,0.75,2,11,13,0,0,0,2,2,12,10.1,2,28.8
Enes Kanter,26,26,2015-12-17,23,OKC,A,CLE,-4,0,18:27,2,4,0.5,0,0,NA,2,2,1,0,6,6,0,0,0,0,1,6,5.4,-10,13.5
Enes Kanter,27,27,2015-12-19,23,OKC,H,LAL,40,0,23:25,8,13,0.615,0,0,NA,3,3,1,3,11,14,2,0,1,1,0,19,19.6,25,42.5
Enes Kanter,28,28,2015-12-21,23,OKC,A,LAC,1,0,15:16,2,5,0.4,0,0,NA,0,0,NA,0,3,3,0,0,0,2,1,4,-0.2,2,6.8
Enes Kanter,29,29,2015-12-23,23,OKC,A,LAL,35,0,21:40,8,12,0.667,0,0,NA,0,0,NA,6,5,11,0,0,2,2,2,16,15.1,-6,34.3
Enes Kanter,30,30,2015-12-25,23,OKC,H,CHI,-9,0,25:53,6,12,0.5,0,0,NA,2,2,1,7,6,13,1,0,0,0,1,14,15,5,33.3
Enes Kanter,31,31,2015-12-27,23,OKC,H,DEN,10,0,25:04,7,8,0.875,0,0,NA,7,8,0.875,5,3,8,0,1,1,1,0,21,22.9,6,34.5
Enes Kanter,32,32,2015-12-29,23,OKC,H,MIL,8,0,21:51,9,12,0.75,0,0,NA,5,6,0.833,3,5,8,1,2,0,1,2,23,22.3,11,38
Enes Kanter,33,33,2015-12-31,23,OKC,H,PHO,4,0,14:21,2,3,0.667,0,0,NA,2,4,0.5,2,2,4,1,0,0,1,0,6,5.6,-6,12
Enes Kanter,34,34,2016-01-02,23,OKC,A,CHO,19,0,24:04,6,11,0.545,0,0,NA,0,0,NA,1,3,4,0,0,3,0,2,12,9.6,1,23
Enes Kanter,35,35,2016-01-04,23,OKC,H,SAC,-12,0,15:38,1,5,0.2,0,0,NA,1,2,0.5,0,1,1,1,0,1,1,1,3,-0.2,-19,7.3
Enes Kanter,36,36,2016-01-06,23,OKC,H,MEM,18,0,22:02,3,8,0.375,0,0,NA,3,3,1,2,6,8,1,0,0,1,2,9,6.7,9,20
Enes Kanter,37,37,2016-01-08,23,OKC,A,LAL,4,0,23:00,6,10,0.6,0,1,0,3,3,1,4,5,9,1,0,1,1,1,15,14.7,-12,29.3
Enes Kanter,38,38,2016-01-10,23,OKC,A,POR,-5,0,12:50,1,3,0.333,0,0,NA,3,5,0.6,2,4,6,0,1,0,2,1,5,3.7,0,13.5
Enes Kanter,39,39,2016-01-12,23,OKC,A,MIN,5,0,19:52,8,10,0.8,0,0,NA,2,2,1,3,1,4,0,1,0,0,1,18,17.2,-6,25
Enes Kanter,40,40,2016-01-13,23,OKC,H,DAL,19,0,15:11,2,5,0.4,0,0,NA,0,0,NA,2,4,6,0,1,0,2,3,4,1.7,0,12.5
Enes Kanter,41,41,2016-01-15,23,OKC,H,MIN,20,0,24:59,3,8,0.375,0,1,0,1,2,0.5,3,2,5,1,0,0,0,4,7,4,14,14.8
Enes Kanter,42,42,2016-01-17,23,OKC,H,MIA,25,0,18:29,4,9,0.444,0,0,NA,0,0,NA,2,2,4,0,1,1,2,1,8,4.6,5,16
Enes Kanter,43,43,2016-01-19,23,OKC,A,DEN,6,0,24:49,10,14,0.714,0,0,NA,5,7,0.714,4,4,8,0,0,0,2,4,25,18.8,11,34
Enes Kanter,44,44,2016-01-20,23,OKC,H,CHO,14,0,21:37,3,7,0.429,1,1,1,5,6,0.833,5,1,6,0,1,1,3,0,12,10.4,-8,22.5
Enes Kanter,45,45,2016-01-22,23,OKC,A,DAL,3,0,24:11,7,10,0.7,0,0,NA,2,2,1,4,5,9,0,0,0,1,2,16,14.3,13,26.8
Enes Kanter,46,46,2016-01-24,23,OKC,A,BRK,-10,0,30:27,4,12,0.333,0,0,NA,0,0,NA,3,6,9,0,0,0,2,4,8,1.5,0,18.3
Enes Kanter,47,47,2016-01-26,23,OKC,A,NYK,6,0,18:08,0,6,0,0,0,NA,2,2,1,0,7,7,1,0,0,1,2,2,-1.2,-13,11.8
Enes Kanter,48,48,2016-01-27,23,OKC,A,MIN,3,0,22:58,10,16,0.625,0,1,0,3,3,1,7,3,10,0,0,2,2,1,23,20.6,1,40
Enes Kanter,49,49,2016-01-29,23,OKC,H,HOU,8,0,26:01,9,16,0.563,0,0,NA,4,4,1,4,6,10,0,2,1,2,4,22,18.1,6,41
Enes Kanter,50,50,2016-02-01,23,OKC,H,WAS,16,0,17:05,4,7,0.571,0,0,NA,6,6,1,1,4,5,0,0,0,3,1,14,9.2,-2,18.8
Enes Kanter,51,51,2016-02-03,23,OKC,H,ORL,3,0,16:26,6,8,0.75,1,1,1,0,0,NA,5,2,7,0,0,1,1,2,13,12.8,-9,23.8
Enes Kanter,52,52,2016-02-06,23,OKC,A,GSW,-8,0,19:33,7,10,0.7,0,0,NA,0,1,0,4,11,15,1,0,0,1,2,14,14.4,-1,35.3
Enes Kanter,53,53,2016-02-08,23,OKC,A,PHO,16,0,24:25,5,9,0.556,1,2,0.5,0,0,NA,2,4,6,0,0,0,2,5,11,5.3,29,18
Enes Kanter,54,54,2016-02-11,23,OKC,H,NOP,26,0,26:39,3,6,0.5,0,1,0,5,8,0.625,2,10,12,1,0,1,1,3,11,10.4,21,30.5
Enes Kanter,55,55,2016-02-19,23,OKC,H,IND,-3,0,20:09,5,15,0.333,1,1,1,2,2,1,4,6,10,0,0,0,0,0,13,9.1,-1,27.5
Enes Kanter,56,56,2016-02-21,23,OKC,H,CLE,-23,0,18:03,2,5,0.4,0,0,NA,1,2,0.5,1,3,4,0,1,0,1,2,5,2.7,-19,11.5
Enes Kanter,57,57,2016-02-24,23,OKC,A,DAL,13,0,17:22,5,9,0.556,0,0,NA,4,5,0.8,3,6,9,2,2,0,2,2,14,13.8,6,31.3
Enes Kanter,58,58,2016-02-25,23,OKC,A,NOP,-4,0,17:39,4,7,0.571,0,0,NA,0,0,NA,0,1,1,0,0,1,1,1,8,4.3,-16,10.8
Enes Kanter,59,59,2016-02-27,23,OKC,H,GSW,-3,0,17:49,4,4,1,0,0,NA,3,4,0.75,1,4,5,0,0,0,3,1,11,7.9,1,15.8
Enes Kanter,60,60,2016-02-29,23,OKC,A,SAC,15,0,24:46,11,11,1,0,0,NA,1,1,1,1,3,4,0,1,0,1,5,23,19.3,14,29.5
Enes Kanter,61,61,2016-03-02,23,OKC,A,LAC,-5,0,14:30,4,9,0.444,0,0,NA,0,0,NA,3,5,8,0,0,0,0,0,8,6.9,4,18
Enes Kanter,62,62,2016-03-03,23,OKC,A,GSW,-15,0,12:53,3,5,0.6,0,0,NA,0,1,0,2,1,3,0,0,0,1,1,6,3.6,-9,9.3
Enes Kanter,63,63,2016-03-06,23,OKC,A,MIL,8,0,19:30,7,9,0.778,0,1,0,4,5,0.8,4,8,12,0,0,1,2,1,18,17.6,-6,35.5
Enes Kanter,64,64,2016-03-09,23,OKC,H,LAC,12,0,17:17,7,10,0.7,0,0,NA,0,0,NA,2,5,7,0,2,0,0,0,14,14.7,5,26.8
Enes Kanter,65,65,2016-03-11,23,OKC,H,MIN,-3,0,20:53,7,9,0.778,0,0,NA,3,3,1,6,8,14,0,0,0,3,1,17,16.7,-2,34.5
Enes Kanter,66,66,2016-03-12,23,OKC,A,SAS,-8,0,28:01,4,6,0.667,0,0,NA,3,3,1,4,13,17,0,0,0,1,1,11,13.7,-5,33.3
Enes Kanter,67,67,2016-03-14,23,OKC,H,POR,34,0,22:15,9,15,0.6,0,0,NA,8,8,1,2,5,7,1,2,0,3,2,26,20.9,28,38.8
Enes Kanter,68,68,2016-03-16,23,OKC,A,BOS,21,0,25:44,7,15,0.467,0,1,0,3,3,1,7,5,12,1,0,1,2,3,17,13.9,5,36
Enes Kanter,69,69,2016-03-18,23,OKC,A,PHI,14,0,22:58,6,10,0.6,1,1,1,3,3,1,2,5,7,0,0,1,6,4,16,7.4,-7,24.3
Enes Kanter,70,70,2016-03-19,23,OKC,A,IND,4,0,23:57,6,11,0.545,0,1,0,3,3,1,3,7,10,0,0,1,1,3,15,12.4,13,30.5
Enes Kanter,71,71,2016-03-22,23,OKC,H,HOU,4,0,21:32,3,4,0.75,0,0,NA,4,6,0.667,1,9,10,0,1,0,0,1,10,11.6,9,26
Enes Kanter,72,72,2016-03-24,23,OKC,H,UTA,22,0,21:36,5,10,0.5,0,0,NA,4,5,0.8,4,3,7,0,0,0,0,4,14,10.7,7,22.8
Enes Kanter,73,73,2016-03-26,23,OKC,H,SAS,19,0,21:19,7,12,0.583,0,0,NA,6,7,0.857,6,4,10,0,1,1,2,2,20,18.3,-11,37
Enes Kanter,74,74,2016-03-28,23,OKC,A,TOR,19,0,19:42,2,6,0.333,0,0,NA,3,3,1,3,6,9,0,1,0,1,4,7,5.9,-14,19.8
Enes Kanter,75,75,2016-03-29,23,OKC,A,DET,-6,0,24:37,6,8,0.75,1,1,1,1,3,0.333,6,8,14,1,0,0,3,3,14,13.1,3,33.5
Enes Kanter,76,76,2016-03-31,23,OKC,H,LAC,2,0,17:34,5,7,0.714,0,0,NA,1,1,1,2,2,4,0,0,0,0,1,11,9.7,0,16
Enes Kanter,77,77,2016-04-03,23,OKC,A,HOU,-8,0,18:07,7,10,0.7,0,0,NA,2,2,1,4,2,6,0,1,0,3,4,16,11.6,-5,24
Enes Kanter,78,78,2016-04-05,23,OKC,A,DEN,22,0,20:42,9,14,0.643,0,0,NA,0,0,NA,3,8,11,1,0,1,1,5,18,14.7,7,36.3
Enes Kanter,79,79,2016-04-06,23,OKC,A,POR,-5,1,35:39,13,18,0.722,1,1,1,6,7,0.857,9,11,20,0,1,1,1,3,33,34.3,10,63.5
Enes Kanter,80,80,2016-04-09,23,OKC,A,SAC,-2,0,20:24,4,7,0.571,1,1,1,2,4,0.5,2,4,6,0,1,0,2,1,11,8.1,-1,20
Enes Kanter,81,81,2016-04-11,23,OKC,H,LAL,33,0,16:54,0,2,0,0,0,NA,2,4,0.5,2,2,4,0,0,0,2,2,2,-1,12,6
Enes Kanter,82,82,2016-04-12,23,OKC,A,SAS,-4,0,38:07,6,14,0.429,1,3,0.333,4,4,1,5,11,16,0,1,0,3,2,17,13.6,2,39.5
Steven Adams,1,1,2015-10-28,22,OKC,H,SAS,6,1,29:34,3,4,0.75,0,0,NA,0,0,NA,1,6,7,1,0,1,2,4,6,4.7,4,17.3
Steven Adams,2,2,2015-10-30,22,OKC,A,ORL,3,1,35:54,3,5,0.6,0,0,NA,3,4,0.75,5,3,8,2,2,2,2,5,9,11.5,-3,29
Steven Adams,3,3,2015-11-01,22,OKC,H,DEN,24,1,21:32,1,3,0.333,0,0,NA,0,2,0,3,0,3,1,0,2,2,4,2,0.1,24,10.3
Steven Adams,4,4,2015-11-02,22,OKC,A,HOU,-5,1,19:12,2,3,0.667,0,0,NA,1,2,0.5,0,3,3,0,1,0,0,1,5,4.8,-8,10.8
Steven Adams,5,5,2015-11-04,22,OKC,H,TOR,-5,1,26:36,5,7,0.714,0,0,NA,0,0,NA,3,4,7,1,0,4,2,3,10,10.7,8,27.3
Steven Adams,6,6,2015-11-05,22,OKC,A,CHI,-6,1,24:58,3,4,0.75,0,0,NA,0,0,NA,0,6,6,1,0,2,0,1,6,7.9,11,19
Steven Adams,7,7,2015-11-08,22,OKC,H,PHO,21,1,19:31,3,6,0.5,0,0,NA,1,1,1,3,2,5,1,0,5,2,1,7,8.5,12,23.8
Steven Adams,8,8,2015-11-10,22,OKC,A,WAS,24,1,20:36,2,3,0.667,0,0,NA,0,2,0,2,4,6,0,1,1,0,4,4,4.6,5,15.5
Steven Adams,9,9,2015-11-13,22,OKC,H,PHI,17,1,25:59,3,6,0.5,0,0,NA,0,0,NA,1,1,2,0,1,3,0,5,6,5.1,19,16.5
Steven Adams,10,10,2015-11-15,22,OKC,H,BOS,-15,1,29:35,0,0,NA,0,0,NA,6,8,0.75,2,5,7,3,0,0,1,2,6,8.4,-1,18.8
Steven Adams,11,11,2015-11-16,22,OKC,A,MEM,-8,1,26:49,4,5,0.8,0,0,NA,6,8,0.75,5,2,7,1,0,1,2,6,14,12.4,-4,25.3
Steven Adams,12,12,2015-11-18,22,OKC,H,NOP,7,1,11:24,0,2,0,0,0,NA,0,0,NA,1,1,2,0,0,1,0,1,0,-0.1,2,4.5
Steven Adams,13,13,2015-11-20,22,OKC,H,NYK,-3,1,21:17,1,5,0.2,0,0,NA,2,2,1,4,4,8,0,0,1,0,3,4,4.4,-3,16
Steven Adams,14,14,2015-11-22,22,OKC,H,DAL,3,1,24:33,3,4,0.75,0,0,NA,0,2,0,2,2,4,3,0,0,1,4,6,5.1,-7,15
Steven Adams,15,15,2015-11-23,22,OKC,A,UTA,22,1,23:14,3,5,0.6,0,0,NA,1,2,0.5,1,2,3,0,0,3,0,4,7,6.1,13,16.8
Steven Adams,16,16,2015-11-25,22,OKC,H,BRK,11,1,21:44,2,4,0.5,0,0,NA,0,1,0,0,4,4,1,1,2,0,3,4,4.7,-6,16.5
Steven Adams,17,17,2015-11-27,22,OKC,H,DET,16,1,27:55,4,5,0.8,0,0,NA,0,0,NA,4,9,13,1,0,1,0,2,8,12.2,11,27.8
Steven Adams,18,18,2015-11-30,22,OKC,A,ATL,-6,1,14:05,0,1,0,0,0,NA,0,2,0,0,2,2,0,0,0,0,1,0,-1.3,-14,2.5
Steven Adams,19,19,2015-12-03,22,OKC,A,MIA,-2,1,20:13,3,4,0.75,0,0,NA,3,4,0.75,3,5,8,0,0,0,1,2,9,8.8,3,18.5
Steven Adams,20,20,2015-12-06,22,OKC,H,SAC,3,1,28:31,3,8,0.375,0,0,NA,0,0,NA,6,6,12,1,1,1,0,3,6,8.8,14,26.5
Steven Adams,21,21,2015-12-08,22,OKC,A,MEM,37,1,14:25,1,5,0.2,0,0,NA,2,4,0.5,4,1,5,0,1,0,1,2,4,2.4,12,11.8
Steven Adams,22,22,2015-12-10,22,OKC,H,ATL,13,1,30:47,5,7,0.714,0,0,NA,1,3,0.333,2,5,7,1,1,0,0,1,11,11.5,9,23.3
Steven Adams,23,23,2015-12-11,22,OKC,A,UTA,4,1,24:07,2,4,0.5,0,0,NA,0,0,NA,3,1,4,0,0,0,0,3,4,3.2,0,9
Steven Adams,24,24,2015-12-13,22,OKC,H,UTA,6,1,32:26,3,6,0.5,0,0,NA,3,3,1,1,6,7,0,0,2,1,3,9,7.7,17,21.3
Steven Adams,25,25,2015-12-16,22,OKC,H,POR,16,1,21:41,5,8,0.625,0,0,NA,1,1,1,6,6,12,0,0,1,1,3,11,11.9,17,29
Steven Adams,26,26,2015-12-17,22,OKC,A,CLE,-4,1,27:16,2,3,0.667,0,0,NA,0,0,NA,3,2,5,0,0,1,2,6,4,1.7,3,11.3
Steven Adams,27,27,2015-12-19,22,OKC,H,LAL,40,1,24:35,4,4,1,0,0,NA,2,4,0.5,3,4,7,0,0,0,0,3,10,10.1,15,18.8
Steven Adams,28,28,2015-12-21,22,OKC,A,LAC,1,1,25:45,2,6,0.333,0,0,NA,2,2,1,4,7,11,0,0,1,1,3,6,6,0,21.3
Steven Adams,29,29,2015-12-23,22,OKC,A,LAL,35,1,24:36,3,5,0.6,0,0,NA,0,1,0,2,5,7,1,1,2,2,2,6,6.5,39,21.3
Steven Adams,30,30,2015-12-25,22,OKC,H,CHI,-9,1,12:45,1,4,0.25,0,0,NA,1,2,0.5,1,3,4,0,0,0,0,2,3,1,-24,8
Steven Adams,31,31,2015-12-27,22,OKC,H,DEN,10,1,21:56,0,1,0,0,0,NA,2,2,1,0,3,3,0,0,0,2,3,2,-1,6,4.8
Steven Adams,32,32,2015-12-29,22,OKC,H,MIL,8,1,24:06,4,5,0.8,0,0,NA,0,0,NA,5,1,6,0,1,2,0,0,8,12.3,-4,21.5
Steven Adams,33,33,2015-12-31,22,OKC,H,PHO,4,1,24:59,2,4,0.5,0,0,NA,2,2,1,3,5,8,1,1,0,2,2,6,6.5,0,18.5
Steven Adams,34,34,2016-01-02,22,OKC,A,CHO,19,1,17:12,4,4,1,0,0,NA,0,0,NA,2,7,9,1,0,3,2,3,8,9.9,10,25.8
Steven Adams,35,35,2016-01-04,22,OKC,H,SAC,-12,1,26:46,5,6,0.833,0,0,NA,5,6,0.833,6,4,10,2,0,0,1,5,15,16.2,9,31.5
Steven Adams,36,36,2016-01-06,22,OKC,H,MEM,18,1,24:58,2,4,0.5,0,0,NA,2,4,0.5,2,3,5,1,0,3,2,3,6,5.1,9,18.8
Steven Adams,37,37,2016-01-08,22,OKC,A,LAL,4,1,22:42,4,6,0.667,0,0,NA,2,2,1,3,3,6,2,1,0,0,2,10,12,22,22.5
Steven Adams,38,38,2016-01-10,22,OKC,A,POR,-5,1,34:30,6,6,1,0,0,NA,5,9,0.556,3,7,10,0,0,1,2,1,17,16.1,4,32
Steven Adams,39,39,2016-01-12,22,OKC,A,MIN,5,1,28:08,3,3,1,0,0,NA,2,2,1,2,3,5,0,0,1,1,0,8,9.1,11,15.8
Steven Adams,40,40,2016-01-13,22,OKC,H,DAL,19,1,24:05,2,6,0.333,0,0,NA,2,3,0.667,2,5,7,0,1,2,1,2,6,5.7,19,20.3
Steven Adams,41,41,2016-01-15,22,OKC,H,MIN,20,1,24:37,4,7,0.571,0,0,NA,4,6,0.667,1,3,4,0,1,1,0,4,12,9.6,21,21
Steven Adams,42,42,2016-01-17,22,OKC,H,MIA,25,1,24:38,3,5,0.6,0,0,NA,0,0,NA,1,3,4,1,1,2,1,2,6,6.6,18,18
Steven Adams,43,43,2016-01-19,22,OKC,A,DEN,6,1,30:23,5,7,0.714,0,0,NA,0,2,0,2,4,6,1,0,0,1,3,10,7.4,-4,18.5
Steven Adams,44,44,2016-01-20,22,OKC,H,CHO,14,1,27:58,3,5,0.6,0,0,NA,4,6,0.667,3,7,10,0,0,1,3,4,10,7.2,21,24.5
Steven Adams,47,45,2016-01-26,22,OKC,A,NYK,6,1,35:28,4,10,0.4,0,0,NA,1,2,0.5,6,2,8,3,3,0,0,4,9,11.5,19,29.5
Steven Adams,48,46,2016-01-27,22,OKC,A,MIN,3,1,20:04,4,7,0.571,0,0,NA,0,0,NA,1,1,2,0,0,0,1,3,8,3.5,0,10
Steven Adams,49,47,2016-01-29,22,OKC,H,HOU,8,1,23:53,1,3,0.333,0,0,NA,3,4,0.75,2,8,10,0,1,2,0,2,5,8.3,2,23.5
Steven Adams,50,48,2016-02-01,22,OKC,H,WAS,16,1,30:55,4,5,0.8,0,0,NA,2,6,0.333,1,2,3,1,1,1,0,1,10,9.8,18,19.3
Steven Adams,51,49,2016-02-03,22,OKC,H,ORL,3,1,36:01,3,7,0.429,0,0,NA,1,2,0.5,3,6,9,0,0,0,3,4,7,2.2,15,16.8
Steven Adams,52,50,2016-02-06,22,OKC,A,GSW,-8,1,33:10,4,7,0.571,0,0,NA,4,7,0.571,3,5,8,1,1,2,4,3,12,9,-12,27.5
Steven Adams,53,51,2016-02-08,22,OKC,A,PHO,16,1,24:32,2,3,0.667,0,0,NA,2,6,0.333,2,2,4,2,1,0,0,5,6,5.5,-9,16
Steven Adams,54,52,2016-02-11,22,OKC,H,NOP,26,1,20:01,2,2,1,0,0,NA,4,4,1,3,3,6,0,0,2,2,4,8,8.2,5,18.5
Steven Adams,55,53,2016-02-19,22,OKC,H,IND,-3,1,32:12,2,3,0.667,0,0,NA,2,2,1,0,7,7,1,0,2,2,3,6,5.7,-10,19.3
Steven Adams,56,54,2016-02-21,22,OKC,H,CLE,-23,1,28:27,4,5,0.8,0,0,NA,1,1,1,4,5,9,1,1,2,2,4,9,10.9,-2,26.8
Steven Adams,57,55,2016-02-24,22,OKC,A,DAL,13,1,24:45,7,9,0.778,0,0,NA,1,3,0.333,3,4,7,0,0,2,0,5,15,13.4,3,27.8
Steven Adams,58,56,2016-02-25,22,OKC,A,NOP,-4,1,19:41,4,6,0.667,0,0,NA,0,0,NA,3,2,5,1,0,1,2,4,8,5.9,-3,16.8
Steven Adams,59,57,2016-02-27,22,OKC,H,GSW,-3,1,28:00,4,6,0.667,0,0,NA,2,6,0.333,3,6,9,2,1,0,3,2,10,8.3,5,24.8
Steven Adams,60,58,2016-02-29,22,OKC,A,SAC,15,1,13:35,2,4,0.5,0,0,NA,0,0,NA,2,1,3,0,0,0,1,5,4,0.7,1,7.3
Steven Adams,61,59,2016-03-02,22,OKC,A,LAC,-5,1,26:51,3,4,0.75,0,0,NA,0,0,NA,6,3,9,0,0,1,0,1,6,9.8,-9,19.3
Steven Adams,62,60,2016-03-03,22,OKC,A,GSW,-15,1,19:34,1,2,0.5,0,0,NA,1,2,0.5,0,3,3,2,0,0,0,0,3,3.9,3,9.8
Steven Adams,63,61,2016-03-06,22,OKC,A,MIL,8,1,28:13,6,13,0.462,0,0,NA,2,4,0.5,5,4,9,4,0,0,1,2,14,12.2,13,30.8
Steven Adams,64,62,2016-03-09,22,OKC,H,LAC,12,1,29:46,4,8,0.5,0,0,NA,1,2,0.5,3,6,9,1,0,0,1,2,9,7.4,7,21.3
Steven Adams,65,63,2016-03-11,22,OKC,H,MIN,-3,1,25:24,4,5,0.8,0,0,NA,0,1,0,4,9,13,0,0,4,4,4,8,8.4,-13,30.3
Steven Adams,66,64,2016-03-12,22,OKC,A,SAS,-8,1,21:36,5,8,0.625,0,0,NA,0,0,NA,4,1,5,0,0,0,0,4,10,7.9,-5,16.3
Steven Adams,67,65,2016-03-14,22,OKC,H,POR,34,1,18:57,5,6,0.833,0,0,NA,3,4,0.75,1,2,3,0,2,1,0,2,13,13.6,5,22.8
Steven Adams,68,66,2016-03-16,22,OKC,A,BOS,21,1,20:15,2,3,0.667,0,0,NA,1,2,0.5,2,6,8,1,1,0,0,1,5,7.8,12,18.5
Steven Adams,69,67,2016-03-18,22,OKC,A,PHI,14,1,26:18,6,10,0.6,0,0,NA,0,0,NA,4,7,11,1,0,3,0,1,12,14.7,29,34.8
Steven Adams,70,68,2016-03-19,22,OKC,A,IND,4,1,25:32,5,6,0.833,0,0,NA,1,2,0.5,1,1,2,1,3,0,0,2,11,12.3,-9,21
Steven Adams,71,69,2016-03-22,22,OKC,H,HOU,4,1,26:21,3,4,0.75,0,0,NA,2,3,0.667,3,0,3,0,2,2,1,2,8,9.7,-3,19.3
Steven Adams,72,70,2016-03-24,22,OKC,H,UTA,22,1,22:15,7,11,0.636,0,0,NA,0,0,NA,2,5,7,0,1,0,1,0,14,12,18,24.3
Steven Adams,73,71,2016-03-26,22,OKC,H,SAS,19,1,26:41,4,5,0.8,0,0,NA,1,2,0.5,3,3,6,1,1,0,3,3,9,7.2,30,18.5
Steven Adams,74,72,2016-03-28,22,OKC,A,TOR,19,1,28:18,3,5,0.6,0,0,NA,4,5,0.8,3,6,9,2,0,1,1,5,10,10.3,33,25.8
Steven Adams,75,73,2016-03-29,22,OKC,A,DET,-6,1,35:16,3,6,0.5,0,0,NA,1,2,0.5,1,4,5,1,3,3,3,4,7,6.7,-2,25.3
Steven Adams,76,74,2016-03-31,22,OKC,H,LAC,2,1,29:59,6,7,0.857,0,0,NA,1,3,0.333,4,2,6,0,1,1,2,2,13,12,2,23.5
Steven Adams,77,75,2016-04-03,22,OKC,A,HOU,-8,1,31:26,3,8,0.375,0,0,NA,0,2,0,3,6,9,3,0,2,1,1,6,6.8,-2,25.3
Steven Adams,78,76,2016-04-05,22,OKC,A,DEN,22,1,21:46,2,5,0.4,0,0,NA,1,1,1,1,2,3,1,0,0,1,4,5,1.7,20,9.8
Steven Adams,79,77,2016-04-06,22,OKC,A,POR,-5,1,22:59,4,7,0.571,0,0,NA,1,2,0.5,7,5,12,1,0,0,1,2,9,10.6,-20,25
Steven Adams,80,78,2016-04-09,22,OKC,A,SAC,-2,1,25:16,2,4,0.5,0,0,NA,2,4,0.5,3,5,8,1,1,1,1,4,6,6.6,1,21
Steven Adams,81,79,2016-04-11,22,OKC,H,LAL,33,1,24:45,6,9,0.667,0,0,NA,1,5,0.2,7,8,15,2,2,1,0,2,13,18.1,30,42.3
Steven Adams,82,80,2016-04-12,22,OKC,A,SAS,-4,1,37:37,7,8,0.875,0,0,NA,3,3,1,6,3,9,0,0,2,2,5,17,16.7,-4,31.3
Cameron Payne,3,1,2015-11-01,21,OKC,H,DEN,24,0,4:27,0,0,NA,0,0,NA,0,0,NA,0,0,0,3,1,0,0,1,0,2.7,-1,6.5
Cameron Payne,7,2,2015-11-08,21,OKC,H,PHO,21,0,1:59,0,1,0,0,1,0,0,0,NA,0,0,0,0,0,0,0,0,0,-0.7,-1,0
Cameron Payne,8,3,2015-11-10,21,OKC,A,WAS,24,0,3:22,1,3,0.333,0,1,0,0,0,NA,0,0,0,1,0,0,0,1,2,0.6,1,3.5
Cameron Payne,9,4,2015-11-13,21,OKC,H,PHI,17,0,1:38,0,0,NA,0,0,NA,0,0,NA,0,0,0,0,0,0,1,0,0,-1,-4,-0.5
Cameron Payne,10,5,2015-11-15,21,OKC,H,BOS,-15,0,0:28,0,1,0,0,1,0,0,0,NA,0,0,0,0,0,0,0,0,0,-0.7,0,0
Cameron Payne,11,6,2015-11-16,21,OKC,A,MEM,-8,0,11:45,1,2,0.5,1,1,1,0,0,NA,0,1,1,1,0,0,1,2,3,1.2,-8,5.8
Cameron Payne,14,7,2015-11-22,21,OKC,H,DAL,3,0,5:11,1,3,0.333,0,1,0,0,0,NA,0,2,2,1,0,0,1,1,2,0.2,-9,5.5
Cameron Payne,15,8,2015-11-23,21,OKC,A,UTA,22,0,3:35,0,2,0,0,0,NA,0,0,NA,0,0,0,1,0,0,0,1,0,-1.1,-9,1.5
Cameron Payne,20,9,2015-12-06,21,OKC,H,SAC,3,0,4:29,1,3,0.333,1,2,0.5,0,0,NA,0,3,3,0,0,0,1,0,3,1.2,-4,6.8
Cameron Payne,21,10,2015-12-08,21,OKC,A,MEM,37,0,6:17,2,3,0.667,1,2,0.5,0,0,NA,0,3,3,2,0,0,0,0,5,6,3,12.3
Cameron Payne,22,11,2015-12-10,21,OKC,H,ATL,13,0,0:41,0,0,NA,0,0,NA,0,0,NA,0,0,0,0,0,0,0,0,0,0,-2,0
Cameron Payne,25,12,2015-12-16,21,OKC,H,POR,16,0,3:06,1,2,0.5,0,0,NA,0,0,NA,0,1,1,0,0,0,0,0,2,1.3,-4,3.3
Cameron Payne,27,13,2015-12-19,21,OKC,H,LAL,40,0,9:30,3,4,0.75,0,0,NA,0,0,NA,0,1,1,3,3,1,2,0,6,8.5,5,18.8
Cameron Payne,29,14,2015-12-23,21,OKC,A,LAL,35,0,8:34,2,5,0.4,1,3,0.333,0,0,NA,0,1,1,1,2,0,0,0,5,5.3,0,12.3
Cameron Payne,31,15,2015-12-27,21,OKC,H,DEN,10,0,12:08,2,4,0.5,2,2,1,0,0,NA,0,4,4,2,0,0,1,3,6,4.4,-5,14.5
Cameron Payne,32,16,2015-12-29,21,OKC,H,MIL,8,0,15:44,5,6,0.833,2,3,0.667,4,4,1,0,3,3,3,1,0,0,4,16,16.2,2,27.3
Cameron Payne,33,17,2015-12-31,21,OKC,H,PHO,4,0,13:32,3,7,0.429,1,2,0.5,0,0,NA,0,0,0,4,0,0,1,1,7,4.7,-7,13
Cameron Payne,34,18,2016-01-02,21,OKC,A,CHO,19,0,19:46,3,5,0.6,0,1,0,1,2,0.5,0,3,3,3,1,0,0,4,7,6.7,3,17.3
Cameron Payne,35,19,2016-01-04,21,OKC,H,SAC,-12,0,18:43,5,12,0.417,1,4,0.25,0,0,NA,1,4,5,1,1,1,0,5,11,6.9,-17,23.3
Cameron Payne,36,20,2016-01-06,21,OKC,H,MEM,18,0,18:05,3,7,0.429,2,3,0.667,0,0,NA,0,1,1,3,0,0,1,4,8,4.1,3,14.3
Cameron Payne,37,21,2016-01-08,21,OKC,A,LAL,4,0,24:42,5,9,0.556,1,2,0.5,0,0,NA,1,0,1,1,1,0,1,1,11,7.7,-2,15.8
Cameron Payne,38,22,2016-01-10,21,OKC,A,POR,-5,0,9:46,2,5,0.4,1,2,0.5,0,0,NA,0,0,0,2,0,0,0,0,5,3.7,-8,8.5
Cameron Payne,39,23,2016-01-12,21,OKC,A,MIN,5,0,14:41,2,7,0.286,2,4,0.5,0,0,NA,0,2,2,2,0,0,2,2,6,1.1,-6,11.5
Cameron Payne,40,24,2016-01-13,21,OKC,H,DAL,19,0,25:10,4,6,0.667,2,3,0.667,0,0,NA,0,3,3,3,3,0,1,3,10,11.2,5,24.8
Cameron Payne,41,25,2016-01-15,21,OKC,H,MIN,20,0,23:49,6,11,0.545,1,2,0.5,1,1,1,0,2,2,5,4,1,1,1,14,16.1,3,34
Cameron Payne,42,26,2016-01-17,21,OKC,H,MIA,25,0,14:37,0,3,0,0,1,0,0,0,NA,1,2,3,2,1,0,0,2,0,0.8,10,8.8
Cameron Payne,43,27,2016-01-19,21,OKC,A,DEN,6,0,20:28,0,9,0,0,6,0,0,0,NA,1,3,4,6,4,0,1,2,0,1.7,12,21.5
Cameron Payne,44,28,2016-01-20,21,OKC,H,CHO,14,0,22:51,3,8,0.375,1,3,0.333,0,1,0,0,5,5,3,0,0,1,0,7,4.8,-5,17.8
Cameron Payne,45,29,2016-01-22,21,OKC,A,DAL,3,0,13:24,4,10,0.4,0,4,0,0,0,NA,0,2,2,3,0,0,2,2,8,2.5,12,14
Cameron Payne,46,30,2016-01-24,21,OKC,A,BRK,-10,0,12:43,4,5,0.8,2,3,0.667,0,0,NA,0,0,0,2,1,1,0,1,10,10.8,3,18
Cameron Payne,47,31,2016-01-26,21,OKC,A,NYK,6,0,15:03,4,7,0.571,4,5,0.8,0,0,NA,0,2,2,0,0,0,1,0,12,8.3,-1,16
Cameron Payne,48,32,2016-01-27,21,OKC,A,MIN,3,0,5:10,0,1,0,0,1,0,0,0,NA,0,0,0,0,0,0,0,1,0,-1.1,-1,0
Cameron Payne,50,33,2016-02-01,21,OKC,H,WAS,16,0,12:39,3,7,0.429,1,3,0.333,1,1,1,1,2,3,2,2,0,0,2,8,8.2,4,19.3
Cameron Payne,51,34,2016-02-03,21,OKC,H,ORL,3,0,14:10,3,5,0.6,0,2,0,3,4,0.75,0,1,1,3,0,0,0,1,9,8.3,-4,14.8
Cameron Payne,52,35,2016-02-06,21,OKC,A,GSW,-8,0,12:20,1,7,0.143,1,3,0.333,0,0,NA,0,2,2,1,1,1,1,2,3,-0.3,-2,11
Cameron Payne,53,36,2016-02-08,21,OKC,A,PHO,16,0,21:09,4,7,0.571,3,4,0.75,0,0,NA,1,3,4,4,0,0,1,1,11,10.7,9,23
Cameron Payne,54,37,2016-02-11,21,OKC,H,NOP,26,0,24:39,2,7,0.286,0,3,0,0,0,NA,1,1,2,8,0,0,3,2,4,2.7,10,17
Cameron Payne,55,38,2016-02-19,21,OKC,H,IND,-3,0,11:36,3,6,0.5,0,2,0,0,0,NA,0,0,0,0,1,0,1,3,6,1.8,1,7.5
Cameron Payne,56,39,2016-02-21,21,OKC,H,CLE,-23,0,9:46,2,5,0.4,0,1,0,2,2,1,0,1,1,1,2,0,1,0,6,5.3,-3,12.3
Cameron Payne,57,40,2016-02-24,21,OKC,A,DAL,13,0,4:32,0,0,NA,0,0,NA,0,0,NA,0,0,0,1,0,0,1,1,0,-0.7,-5,1
Cameron Payne,60,41,2016-02-29,21,OKC,A,SAC,15,0,2:03,0,0,NA,0,0,NA,0,0,NA,0,1,1,0,0,0,1,0,0,-0.7,-6,0.8
Cameron Payne,61,42,2016-03-02,21,OKC,A,LAC,-5,0,3:22,1,2,0.5,0,1,0,0,0,NA,1,0,1,1,0,0,0,1,2,2,5,4.8
Cameron Payne,64,43,2016-03-09,21,OKC,H,LAC,12,0,3:34,0,1,0,0,0,NA,0,0,NA,0,0,0,0,0,0,1,0,0,-1.7,-6,-0.5
Cameron Payne,67,44,2016-03-14,21,OKC,H,POR,34,0,21:00,3,4,0.75,0,0,NA,0,0,NA,0,4,4,3,1,0,1,2,6,6.9,20,17
Cameron Payne,68,45,2016-03-16,21,OKC,A,BOS,21,0,21:39,2,8,0.25,0,2,0,2,2,1,0,4,4,4,0,1,2,4,6,2.3,6,18
Cameron Payne,69,46,2016-03-18,21,OKC,A,PHI,14,0,7:42,1,2,0.5,0,1,0,0,0,NA,0,0,0,1,0,0,0,1,2,1.3,-12,3.5
Cameron Payne,70,47,2016-03-19,21,OKC,A,IND,4,0,10:09,0,1,0,0,0,NA,2,2,1,0,0,0,0,0,0,0,1,2,0.9,3,2
Cameron Payne,71,48,2016-03-22,21,OKC,H,HOU,4,0,11:08,2,6,0.333,1,4,0.25,0,0,NA,0,0,0,0,0,0,0,1,5,1.2,9,5.5
Cameron Payne,72,49,2016-03-24,21,OKC,H,UTA,22,0,20:45,3,4,0.75,1,1,1,1,1,1,0,1,1,1,0,0,1,2,8,5.6,6,10.8
Cameron Payne,73,50,2016-03-26,21,OKC,H,SAS,19,0,13:35,0,5,0,0,3,0,0,0,NA,0,2,2,3,1,0,1,3,0,-2,-11,8.5
Cameron Payne,74,51,2016-03-28,21,OKC,A,TOR,19,0,2:44,0,0,NA,0,0,NA,0,0,NA,0,0,0,0,0,0,0,1,0,-0.4,-6,0
Cameron Payne,75,52,2016-03-29,21,OKC,A,DET,-6,0,13:18,1,6,0.167,0,3,0,0,0,NA,0,1,1,2,2,0,2,1,2,-0.5,14,9.3
Cameron Payne,78,53,2016-04-05,21,OKC,A,DEN,22,0,6:39,2,5,0.4,1,3,0.333,1,2,0.5,0,0,0,0,1,0,1,0,6,2.9,-2,8
Cameron Payne,79,54,2016-04-06,21,OKC,A,POR,-5,0,30:53,4,14,0.286,1,4,0.25,1,2,0.5,0,1,1,6,1,0,0,2,10,6.1,-10,22.8
Cameron Payne,80,55,2016-04-09,21,OKC,A,SAC,-2,0,5:18,0,1,0,0,1,0,0,0,NA,0,1,1,0,0,0,0,1,0,-0.8,-2,1.3
Cameron Payne,81,56,2016-04-11,21,OKC,H,LAL,33,0,8:01,2,4,0.5,0,1,0,0,0,NA,0,1,1,2,0,0,1,2,4,1.9,-5,7.8
Cameron Payne,82,57,2016-04-12,21,OKC,A,SAS,-4,1,39:33,8,20,0.4,1,6,0.167,0,0,NA,1,2,3,7,1,0,6,4,17,5.8,-9,30.8
Kevin Durant,1,1,2015-10-28,27,OKC,H,SAS,6,1,34:30,6,19,0.316,2,6,0.333,8,8,1,0,6,6,0,0,0,1,2,22,11.1,0,30
Kevin Durant,2,2,2015-10-30,27,OKC,A,ORL,3,1,53:32,15,30,0.5,3,9,0.333,10,11,0.909,1,11,12,2,1,2,2,4,43,31.8,3,69
Kevin Durant,3,3,2015-11-01,27,OKC,H,DEN,24,1,27:44,8,11,0.727,3,5,0.6,6,6,1,0,2,2,5,0,1,2,2,25,22.5,17,37.5
Kevin Durant,4,4,2015-11-02,27,OKC,A,HOU,-5,1,35:00,9,19,0.474,4,9,0.444,7,9,0.778,1,3,4,0,0,2,5,0,29,16.5,-4,37.5
Kevin Durant,5,5,2015-11-04,27,OKC,H,TOR,-5,1,37:40,10,18,0.556,2,5,0.4,5,6,0.833,0,7,7,4,2,3,1,1,27,25.6,3,52.3
Kevin Durant,6,6,2015-11-05,27,OKC,A,CHI,-6,1,40:48,13,29,0.448,3,6,0.5,4,5,0.8,0,6,6,5,0,2,3,2,33,20.4,2,52
Kevin Durant,7,7,2015-11-08,27,OKC,H,PHO,21,1,31:31,12,19,0.632,2,5,0.4,6,7,0.857,0,11,11,4,3,0,2,2,32,29.4,32,59.3
Kevin Durant,8,8,2015-11-10,27,OKC,A,WAS,24,1,16:45,4,8,0.5,2,2,1,4,4,1,0,10,10,4,0,0,2,0,14,13.8,15,34
Kevin Durant,15,9,2015-11-23,27,OKC,A,UTA,22,1,30:10,10,13,0.769,3,6,0.5,4,4,1,0,6,6,1,4,1,4,2,27,24.3,13,45.5
Kevin Durant,16,10,2015-11-25,27,OKC,H,BRK,11,1,37:11,11,18,0.611,5,8,0.625,3,4,0.75,0,6,6,5,0,3,3,0,30,25.8,18,52
Kevin Durant,17,11,2015-11-27,27,OKC,H,DET,16,1,37:51,10,22,0.455,4,9,0.444,10,10,1,1,12,13,5,0,3,3,0,34,29.5,13,65.8
Kevin Durant,18,12,2015-11-30,27,OKC,A,ATL,-6,1,39:39,9,18,0.5,2,4,0.5,5,5,1,0,6,6,6,1,4,2,0,25,23.8,0,51.5
Kevin Durant,19,13,2015-12-03,27,OKC,A,MIA,-2,1,34:17,9,21,0.429,2,7,0.286,5,7,0.714,0,9,9,6,1,0,5,2,25,15.2,-7,45.8
Kevin Durant,20,14,2015-12-06,27,OKC,H,SAC,3,1,38:41,7,13,0.538,1,6,0.167,5,7,0.714,0,10,10,4,1,0,10,1,20,9.3,6,37.5
Kevin Durant,21,15,2015-12-08,27,OKC,A,MEM,37,1,30:50,11,14,0.786,4,5,0.8,6,6,1,0,10,10,6,3,0,3,1,32,33.4,37,61.5
Kevin Durant,22,16,2015-12-10,27,OKC,H,ATL,13,1,36:49,8,14,0.571,2,2,1,7,7,1,0,12,12,10,1,0,5,2,25,24.2,9,60
Kevin Durant,23,17,2015-12-11,27,OKC,A,UTA,4,1,37:23,8,17,0.471,1,6,0.167,4,4,1,0,8,8,3,2,1,2,2,21,16.7,-2,41
Kevin Durant,24,18,2015-12-13,27,OKC,H,UTA,6,1,42:37,10,17,0.588,2,6,0.333,9,10,0.9,0,5,5,6,1,1,4,3,31,24.9,9,49.3
Kevin Durant,25,19,2015-12-16,27,OKC,H,POR,16,1,29:14,8,14,0.571,1,4,0.25,7,9,0.778,0,6,6,4,0,1,3,2,24,18.1,16,38.5
Kevin Durant,26,20,2015-12-17,27,OKC,A,CLE,-4,1,40:32,7,17,0.412,2,6,0.333,9,10,0.9,0,3,3,5,0,2,4,0,25,17.3,-2,39.3
Kevin Durant,27,21,2015-12-19,27,OKC,H,LAL,40,1,29:42,7,13,0.538,3,4,0.75,5,7,0.714,0,8,8,2,0,0,2,1,22,16.3,29,35.5
Kevin Durant,28,22,2015-12-21,27,OKC,A,LAC,1,1,38:28,10,24,0.417,1,7,0.143,3,4,0.75,1,8,9,7,2,2,2,1,24,19.8,6,53.3
Kevin Durant,29,23,2015-12-23,27,OKC,A,LAL,35,1,27:40,7,9,0.778,1,2,0.5,6,6,1,0,7,7,5,0,3,3,4,21,20.6,41,42.3
Kevin Durant,30,24,2015-12-25,27,OKC,H,CHI,-9,1,42:18,11,21,0.524,1,6,0.167,6,6,1,2,7,9,7,1,1,2,1,29,26.4,-4,54.3
Kevin Durant,31,25,2015-12-27,27,OKC,H,DEN,10,1,38:56,11,21,0.524,3,5,0.6,1,1,1,1,3,4,10,0,1,2,3,26,21.8,12,50
Kevin Durant,32,26,2015-12-29,27,OKC,H,MIL,8,1,38:38,6,18,0.333,1,7,0.143,13,13,1,1,5,6,8,1,1,4,2,26,20.5,2,48
Kevin Durant,33,27,2015-12-31,27,OKC,H,PHO,4,1,39:30,9,21,0.429,2,8,0.25,3,5,0.6,0,2,2,2,0,1,1,0,23,12.8,10,31
Kevin Durant,34,28,2016-01-02,27,OKC,A,CHO,19,1,35:20,8,13,0.615,3,3,1,10,11,0.909,0,11,11,2,0,4,3,3,29,26,19,55.3
Kevin Durant,36,29,2016-01-06,27,OKC,H,MEM,18,1,33:17,9,18,0.5,2,3,0.667,6,6,1,4,13,17,3,1,1,3,1,26,24.1,21,56.8
Kevin Durant,37,30,2016-01-08,27,OKC,A,LAL,4,1,39:34,10,15,0.667,2,4,0.5,2,2,1,0,7,7,2,2,1,2,0,24,21.7,4,41.8
Kevin Durant,38,31,2016-01-10,27,OKC,A,POR,-5,1,39:37,10,23,0.435,2,6,0.333,6,6,1,1,5,6,4,1,0,3,2,28,18.1,1,43
Kevin Durant,39,32,2016-01-12,27,OKC,A,MIN,5,1,36:15,11,25,0.44,2,9,0.222,6,6,1,1,6,7,3,1,0,3,5,30,17.5,6,44.8
Kevin Durant,40,33,2016-01-13,27,OKC,H,DAL,19,1,32:54,9,14,0.643,4,8,0.5,7,9,0.778,1,9,10,4,1,0,3,0,29,26.2,21,51.5
Kevin Durant,41,34,2016-01-15,27,OKC,H,MIN,20,1,29:58,7,14,0.5,1,5,0.2,6,7,0.857,0,6,6,7,1,0,1,1,21,19.9,15,41
Kevin Durant,42,35,2016-01-17,27,OKC,H,MIA,25,1,30:58,8,20,0.4,3,8,0.375,5,5,1,1,9,10,3,3,1,5,2,24,16.6,16,49.5
Kevin Durant,43,36,2016-01-19,27,OKC,A,DEN,6,1,36:07,10,23,0.435,3,9,0.333,7,8,0.875,0,12,12,4,2,2,1,5,30,24.3,4,61.5
Kevin Durant,44,37,2016-01-20,27,OKC,H,CHO,14,1,30:07,9,20,0.45,1,5,0.2,7,10,0.7,0,5,5,5,0,0,3,1,26,16,18,38.8
Kevin Durant,45,38,2016-01-22,27,OKC,A,DAL,3,1,38:20,10,21,0.476,2,8,0.25,2,2,1,0,3,3,7,1,2,3,0,24,18.5,-1,43.8
Kevin Durant,46,39,2016-01-24,27,OKC,A,BRK,-10,1,40:58,11,22,0.5,2,10,0.2,8,10,0.8,0,10,10,7,2,1,5,3,32,24.6,-9,61
Kevin Durant,47,40,2016-01-26,27,OKC,A,NYK,6,1,43:12,12,26,0.462,4,7,0.571,16,18,0.889,2,12,14,5,1,0,4,3,44,34.1,12,72.5
Kevin Durant,48,41,2016-01-27,27,OKC,A,MIN,3,1,36:52,10,20,0.5,1,3,0.333,6,7,0.857,0,9,9,5,0,1,1,4,27,20.9,-1,47.8
Kevin Durant,49,42,2016-01-29,27,OKC,H,HOU,8,1,39:54,11,18,0.611,2,5,0.4,9,9,1,1,11,12,3,1,1,4,3,33,27.4,10,57
Kevin Durant,50,43,2016-02-01,27,OKC,H,WAS,16,1,36:17,9,18,0.5,2,7,0.286,8,9,0.889,3,6,9,4,0,0,7,3,28,17.1,13,42.8
Kevin Durant,51,44,2016-02-03,27,OKC,H,ORL,3,1,37:19,12,25,0.48,6,12,0.5,7,8,0.875,0,5,5,5,2,3,4,1,37,28.6,2,61.8
Kevin Durant,52,45,2016-02-06,27,OKC,A,GSW,-8,1,40:26,12,25,0.48,3,9,0.333,13,13,1,2,12,14,5,1,2,5,1,40,32.8,-3,71.5
Kevin Durant,53,46,2016-02-08,27,OKC,A,PHO,16,1,38:16,11,21,0.524,5,9,0.556,5,5,1,2,4,6,3,1,2,1,2,32,27,20,52
Kevin Durant,54,47,2016-02-11,27,OKC,H,NOP,26,1,30:09,10,17,0.588,3,8,0.375,0,0,NA,0,3,3,6,1,0,4,0,23,17.2,14,37.3
Kevin Durant,55,48,2016-02-19,27,OKC,H,IND,-3,1,38:21,13,26,0.5,2,9,0.222,3,3,1,0,8,8,3,0,1,5,4,31,16.6,-7,46
Kevin Durant,56,49,2016-02-21,27,OKC,H,CLE,-23,1,33:21,10,21,0.476,4,8,0.5,2,3,0.667,1,4,5,3,0,3,3,4,26,16.4,-17,43.3
Kevin Durant,57,50,2016-02-24,27,OKC,A,DAL,13,1,35:13,8,17,0.471,2,9,0.222,6,6,1,1,7,8,6,2,1,4,1,24,20.6,7,48
Kevin Durant,58,51,2016-02-25,27,OKC,A,NOP,-4,1,39:27,13,23,0.565,3,7,0.429,3,4,0.75,1,13,14,7,0,2,4,1,32,27.2,-7,65
Kevin Durant,59,52,2016-02-27,27,OKC,H,GSW,-3,1,39:16,13,26,0.5,7,11,0.636,4,4,1,0,12,12,5,1,2,5,6,37,26.1,15,68
Kevin Durant,60,53,2016-02-29,27,OKC,A,SAC,15,1,31:31,8,17,0.471,4,9,0.444,7,7,1,1,9,10,6,2,1,2,0,27,26.6,15,57
Kevin Durant,61,54,2016-03-02,27,OKC,A,LAC,-5,1,39:07,12,27,0.444,3,12,0.25,3,4,0.75,0,11,11,5,0,5,6,2,30,19,-4,61.3
Kevin Durant,62,55,2016-03-03,27,OKC,A,GSW,-15,1,39:11,11,17,0.647,0,1,0,10,11,0.909,0,10,10,9,1,2,9,1,32,26.4,-13,61
Kevin Durant,63,56,2016-03-06,27,OKC,A,MIL,8,1,40:16,6,14,0.429,4,9,0.444,16,18,0.889,1,12,13,8,2,1,5,2,32,30.6,10,67.3
Kevin Durant,64,57,2016-03-09,27,OKC,H,LAC,12,1,35:42,11,20,0.55,5,8,0.625,3,4,0.75,1,11,12,7,1,0,6,4,30,22.3,13,58.5
Kevin Durant,65,58,2016-03-11,27,OKC,H,MIN,-3,1,37:44,11,20,0.55,2,5,0.4,4,4,1,0,6,6,1,0,1,6,2,28,14.8,-5,37
Kevin Durant,66,59,2016-03-12,27,OKC,A,SAS,-8,1,37:13,11,25,0.44,0,5,0,6,6,1,0,4,4,8,1,1,3,4,28,18.8,-2,47.5
Kevin Durant,67,60,2016-03-14,27,OKC,H,POR,34,1,26:25,6,15,0.4,1,5,0.2,7,7,1,0,5,5,7,0,0,2,0,20,16.3,21,36.3
Kevin Durant,68,61,2016-03-16,27,OKC,A,BOS,21,1,29:51,9,19,0.474,2,5,0.4,8,9,0.889,1,6,7,9,0,2,1,3,28,25.9,30,54.8
Kevin Durant,69,62,2016-03-18,27,OKC,A,PHI,14,1,34:15,11,16,0.688,1,4,0.25,3,3,1,1,12,13,6,0,1,5,4,26,21.8,15,52.8
Kevin Durant,70,63,2016-03-19,27,OKC,A,IND,4,1,37:16,11,20,0.55,3,8,0.375,8,10,0.8,2,11,13,8,3,1,3,3,33,32.4,4,70.8
Kevin Durant,71,64,2016-03-22,27,OKC,H,HOU,4,1,36:37,8,19,0.421,1,5,0.2,6,8,0.75,2,5,7,4,0,0,4,1,23,13.4,7,36.3
Kevin Durant,72,65,2016-03-24,27,OKC,H,UTA,22,1,30:07,7,11,0.636,2,4,0.5,4,5,0.8,1,7,8,9,2,1,5,0,20,21.5,30,48
Kevin Durant,73,66,2016-03-26,27,OKC,H,SAS,19,1,31:42,13,20,0.65,5,7,0.714,0,0,NA,1,9,10,3,0,0,5,3,31,21.5,11,49.5
Kevin Durant,74,67,2016-03-28,27,OKC,A,TOR,19,1,36:53,11,27,0.407,3,10,0.3,9,10,0.9,1,7,8,8,1,1,1,1,34,27.8,15,61
Kevin Durant,76,68,2016-03-31,27,OKC,H,LAC,2,1,40:24,10,22,0.455,1,8,0.125,10,11,0.909,2,6,8,5,2,0,5,2,31,22.1,10,50.5
Kevin Durant,77,69,2016-04-03,27,OKC,A,HOU,-8,1,37:27,10,22,0.455,3,10,0.3,10,10,1,0,8,8,2,1,1,6,5,33,19.1,-12,48.5
Kevin Durant,78,70,2016-04-05,27,OKC,A,DEN,22,1,29:26,8,14,0.571,3,6,0.5,7,7,1,0,5,5,8,3,1,1,1,26,28.8,21,53.3
Kevin Durant,80,71,2016-04-09,27,OKC,A,SAC,-2,1,39:53,11,29,0.379,4,12,0.333,5,6,0.833,2,4,6,8,0,0,5,1,31,17.5,4,50
Kevin Durant,81,72,2016-04-11,27,OKC,H,LAL,33,1,27:12,11,18,0.611,6,11,0.545,6,6,1,0,5,5,3,1,1,2,2,34,28.3,30,50.8
Nick Collison,1,1,2015-10-28,35,OKC,H,SAS,6,0,8:22,0,0,NA,0,0,NA,0,0,NA,0,3,3,1,0,0,3,3,0,-2.6,-4,3.8
Nick Collison,3,2,2015-11-01,35,OKC,H,DEN,24,0,9:52,0,0,NA,0,0,NA,2,2,1,1,3,4,1,1,0,0,0,2,5.3,-2,10.5
Nick Collison,5,3,2015-11-04,35,OKC,H,TOR,-5,0,15:08,1,4,0.25,0,0,NA,0,0,NA,2,1,3,0,2,0,0,2,2,2.5,0,9.8
Nick Collison,6,4,2015-11-05,35,OKC,A,CHI,-6,0,8:40,0,0,NA,0,0,NA,0,0,NA,0,0,0,0,0,0,1,2,0,-1.8,-14,-0.5
Nick Collison,8,5,2015-11-10,35,OKC,A,WAS,24,0,5:28,1,2,0.5,0,0,NA,0,0,NA,0,0,0,0,0,0,0,0,2,1,-4,2
Nick Collison,9,6,2015-11-13,35,OKC,H,PHI,17,0,19:23,3,6,0.5,0,1,0,0,0,NA,4,4,8,2,0,1,2,4,6,5.5,12,20
Nick Collison,10,7,2015-11-15,35,OKC,H,BOS,-15,0,14:59,1,3,0.333,0,0,NA,2,2,1,1,3,4,2,1,0,1,3,4,4.1,-12,13.5
Nick Collison,11,8,2015-11-16,35,OKC,A,MEM,-8,0,16:53,1,4,0.25,0,1,0,0,0,NA,1,3,4,1,0,2,1,3,2,1.1,-4,12
Nick Collison,12,9,2015-11-18,35,OKC,H,NOP,7,0,17:36,1,1,1,0,0,NA,0,0,NA,0,3,3,4,1,1,3,2,2,3.3,8,14.3
Nick Collison,13,10,2015-11-20,35,OKC,H,NYK,-3,0,20:20,3,4,0.75,0,0,NA,0,0,NA,3,4,7,1,1,1,1,3,6,7.9,7,19.8
Nick Collison,14,11,2015-11-22,35,OKC,H,DAL,3,0,16:33,4,6,0.667,0,0,NA,2,2,1,3,2,5,1,0,1,1,3,10,9.3,9,19.3
Nick Collison,15,12,2015-11-23,35,OKC,A,UTA,22,0,18:26,1,2,0.5,0,0,NA,0,0,NA,1,0,1,1,1,0,1,4,2,0.8,22,6.3
Nick Collison,16,13,2015-11-25,35,OKC,H,BRK,11,0,12:14,1,2,0.5,0,0,NA,0,0,NA,1,3,4,1,0,0,1,2,2,1.5,-5,8
Nick Collison,17,14,2015-11-27,35,OKC,H,DET,16,0,8:11,0,0,NA,0,0,NA,0,0,NA,0,3,3,1,0,0,0,0,0,1.6,-5,5.3
Nick Collison,18,15,2015-11-30,35,OKC,A,ATL,-6,0,12:58,1,3,0.333,0,0,NA,0,0,NA,2,1,3,1,0,0,3,4,2,-1.9,-7,5.8
Nick Collison,19,16,2015-12-03,35,OKC,A,MIA,-2,0,10:16,1,2,0.5,0,0,NA,0,0,NA,0,0,0,0,0,0,1,1,2,-0.4,-4,1.5
Nick Collison,21,17,2015-12-08,35,OKC,A,MEM,37,0,15:11,0,1,0,0,0,NA,0,0,NA,0,4,4,1,1,2,0,1,0,3.2,7,12.5
Nick Collison,22,18,2015-12-10,35,OKC,H,ATL,13,0,11:18,0,1,0,0,0,NA,0,0,NA,1,4,5,1,0,0,1,3,0,-0.3,2,7.3
Nick Collison,23,19,2015-12-11,35,OKC,A,UTA,4,0,15:00,0,0,NA,0,0,NA,1,2,0.5,1,2,3,0,0,0,0,3,1,0.7,-5,4.8
Nick Collison,24,20,2015-12-13,35,OKC,H,UTA,6,0,13:00,0,2,0,0,0,NA,2,2,1,0,0,0,0,0,0,0,2,2,-0.2,-10,2
Nick Collison,25,21,2015-12-16,35,OKC,H,POR,16,0,21:40,2,5,0.4,0,0,NA,0,0,NA,1,2,3,1,1,0,2,3,4,1.1,4,10.3
Nick Collison,26,22,2015-12-17,35,OKC,A,CLE,-4,0,7:53,2,3,0.667,0,0,NA,0,0,NA,1,1,2,0,0,0,0,4,4,2.1,-8,6.5
Nick Collison,27,23,2015-12-19,35,OKC,H,LAL,40,0,15:43,1,1,1,0,0,NA,3,3,1,0,4,4,3,0,0,1,1,5,6.6,24,14
Nick Collison,28,24,2015-12-21,35,OKC,A,LAC,1,0,8:33,1,1,1,0,0,NA,0,0,NA,2,4,6,2,0,0,1,3,2,3.5,-9,12
Nick Collison,29,25,2015-12-23,35,OKC,A,LAL,35,0,17:49,2,4,0.5,0,0,NA,0,0,NA,2,6,8,0,0,0,1,1,4,3.8,-4,13.5
Nick Collison,30,26,2015-12-25,35,OKC,H,CHI,-9,0,11:18,1,2,0.5,0,0,NA,0,0,NA,2,0,2,0,0,0,0,1,2,2,5,4.5
Nick Collison,31,27,2015-12-27,35,OKC,H,DEN,10,0,14:35,0,2,0,0,0,NA,0,2,0,0,0,0,0,0,0,2,2,0,-5,-5,-1
Nick Collison,32,28,2015-12-29,35,OKC,H,MIL,8,0,11:55,1,1,1,0,0,NA,0,0,NA,0,0,0,0,1,0,0,1,2,2.3,11,4
Nick Collison,33,29,2015-12-31,35,OKC,H,PHO,4,0,7:28,0,0,NA,0,0,NA,0,0,NA,2,0,2,1,0,0,0,1,0,1.7,-8,4
Nick Collison,34,30,2016-01-02,35,OKC,A,CHO,19,0,6:36,0,0,NA,0,0,NA,0,0,NA,1,1,2,0,0,0,0,1,0,0.6,-2,2.5
Nick Collison,35,31,2016-01-04,35,OKC,H,SAC,-12,0,4:39,0,1,0,0,0,NA,0,0,NA,1,1,2,0,1,0,1,2,0,-0.5,-2,4
Nick Collison,36,32,2016-01-06,35,OKC,H,MEM,18,0,17:12,0,3,0,0,0,NA,2,2,1,2,2,4,1,0,1,0,3,2,2.1,5,10.5
Nick Collison,37,33,2016-01-08,35,OKC,A,LAL,4,0,9:53,0,2,0,0,0,NA,0,0,NA,2,0,2,1,0,0,0,0,0,0.7,-3,4
Nick Collison,38,34,2016-01-10,35,OKC,A,POR,-5,0,4:50,0,1,0,0,0,NA,0,0,NA,0,0,0,1,0,0,0,0,0,0,-4,1.5
Nick Collison,39,35,2016-01-12,35,OKC,A,MIN,5,0,9:37,0,1,0,0,0,NA,0,2,0,0,0,0,0,0,0,0,0,0,-1.5,-4,0
Nick Collison,41,36,2016-01-15,35,OKC,H,MIN,20,0,7:05,1,1,1,0,0,NA,0,0,NA,2,0,2,2,0,0,0,2,2,3.7,1,7.5
Nick Collison,43,37,2016-01-19,35,OKC,A,DEN,6,0,3:55,0,1,0,0,0,NA,0,0,NA,1,0,1,0,0,0,0,1,0,-0.4,7,1.3
Nick Collison,45,38,2016-01-22,35,OKC,A,DAL,3,1,21:05,1,2,0.5,0,0,NA,4,6,0.667,6,5,11,0,0,0,0,2,6,9.1,9,19.8
Nick Collison,46,39,2016-01-24,35,OKC,A,BRK,-10,1,11:31,1,1,1,0,0,NA,1,2,0.5,3,1,4,1,0,1,0,4,3,4.5,-6,11.5
Nick Collison,48,40,2016-01-27,35,OKC,A,MIN,3,0,15:58,3,3,1,0,0,NA,2,2,1,3,0,3,1,0,3,1,1,8,10.6,9,18.8
Nick Collison,50,41,2016-02-01,35,OKC,H,WAS,16,0,10:49,2,5,0.4,0,0,NA,0,0,NA,2,0,2,0,1,1,1,1,4,3,-2,10
Nick Collison,51,42,2016-02-03,35,OKC,H,ORL,3,0,4:46,0,1,0,0,0,NA,0,0,NA,0,0,0,0,0,0,1,1,0,-2.1,0,-0.5
Nick Collison,53,43,2016-02-08,35,OKC,A,PHO,16,0,3:53,0,0,NA,0,0,NA,0,0,NA,0,0,0,0,0,0,1,2,0,-1.8,-2,-0.5
Nick Collison,54,44,2016-02-11,35,OKC,H,NOP,26,0,12:42,1,1,1,0,0,NA,0,0,NA,1,2,3,0,0,0,1,3,2,0.8,5,5.3
Nick Collison,55,45,2016-02-19,35,OKC,H,IND,-3,0,8:42,0,0,NA,0,0,NA,0,0,NA,1,2,3,1,0,0,1,2,0,0.2,6,4.8
Nick Collison,56,46,2016-02-21,35,OKC,H,CLE,-23,0,16:12,2,3,0.667,0,0,NA,0,0,NA,1,2,3,0,0,0,0,2,4,3.2,-6,7.8
Nick Collison,57,47,2016-02-24,35,OKC,A,DAL,13,0,10:27,1,2,0.5,0,0,NA,0,0,NA,0,1,1,0,0,0,1,1,2,-0.1,5,2.8
Nick Collison,58,48,2016-02-25,35,OKC,A,NOP,-4,0,4:02,0,0,NA,0,0,NA,0,0,NA,0,0,0,1,0,0,0,0,0,0.7,1,1.5
Nick Collison,60,49,2016-02-29,35,OKC,A,SAC,15,0,3:38,0,0,NA,0,0,NA,0,0,NA,0,0,0,0,0,0,1,2,0,-1.8,-6,-0.5
Nick Collison,65,50,2016-03-11,35,OKC,H,MIN,-3,0,16:36,1,2,0.5,0,0,NA,1,2,0.5,3,5,8,2,0,0,2,1,3,4.2,12,15
Nick Collison,66,51,2016-03-12,35,OKC,A,SAS,-8,0,8:53,0,1,0,0,0,NA,0,0,NA,0,1,1,1,0,0,2,2,0,-2.5,-5,1.8
Nick Collison,67,52,2016-03-14,35,OKC,H,POR,34,0,13:54,0,3,0,0,0,NA,0,0,NA,1,4,5,1,1,0,2,3,0,-1.7,4,8.8
Nick Collison,68,53,2016-03-16,35,OKC,A,BOS,21,0,4:06,0,0,NA,0,0,NA,0,0,NA,2,1,3,2,0,0,0,0,0,3.1,6,6.8
Nick Collison,69,54,2016-03-18,35,OKC,A,PHI,14,1,18:19,3,5,0.6,0,0,NA,0,0,NA,1,3,4,1,0,0,2,2,6,3.2,5,11.5
Nick Collison,75,55,2016-03-29,35,OKC,A,DET,-6,0,4:28,1,1,1,0,0,NA,0,0,NA,0,1,1,0,0,0,0,0,2,2,-2,3.3
Nick Collison,78,56,2016-04-05,35,OKC,A,DEN,22,0,6:39,0,1,0,0,0,NA,0,0,NA,1,5,6,1,0,1,1,0,0,1.9,-2,10.5
Nick Collison,79,57,2016-04-06,35,OKC,A,POR,-5,0,9:26,0,1,0,0,0,NA,1,2,0.5,0,0,0,4,0,0,1,1,1,1.3,-1,6.5
Nick Collison,81,58,2016-04-11,35,OKC,H,LAL,33,0,12:27,1,1,1,0,0,NA,0,0,NA,0,0,0,1,1,1,1,1,2,2.7,1,7
Nick Collison,82,59,2016-04-12,35,OKC,A,SAS,-4,1,30:16,3,4,0.75,0,0,NA,0,0,NA,3,6,9,4,1,0,3,5,6,7.1,-6,23.8
Kyle Singler,2,1,2015-10-30,27,OKC,A,ORL,3,0,12:35,1,3,0.333,0,1,0,1,2,0.5,0,1,1,0,1,0,1,1,3,0.8,-5,5.8
Kyle Singler,3,2,2015-11-01,27,OKC,H,DEN,24,0,19:56,1,7,0.143,1,2,0.5,0,0,NA,1,1,2,0,1,2,1,5,3,-1.1,7,11.5
Kyle Singler,4,3,2015-11-02,27,OKC,A,HOU,-5,0,15:58,0,2,0,0,2,0,0,0,NA,0,2,2,0,0,0,1,3,0,-3,0,2
Kyle Singler,5,4,2015-11-04,27,OKC,H,TOR,-5,0,5:48,0,0,NA,0,0,NA,0,0,NA,0,0,0,0,0,0,1,3,0,-2.2,-4,-0.5
Kyle Singler,6,5,2015-11-05,27,OKC,A,CHI,-6,0,3:50,0,2,0,0,1,0,0,0,NA,0,0,0,0,0,0,0,1,0,-1.8,-2,0
Kyle Singler,7,6,2015-11-08,27,OKC,H,PHO,21,0,15:13,1,5,0.2,0,3,0,0,1,0,0,4,4,0,0,0,1,2,2,-2.1,-11,6.5
Kyle Singler,8,7,2015-11-10,27,OKC,A,WAS,24,0,18:58,2,2,1,2,2,1,2,2,1,0,3,3,0,1,0,1,4,8,6.7,7,14.3
Kyle Singler,9,8,2015-11-13,27,OKC,H,PHI,17,0,15:14,0,5,0,0,3,0,2,2,1,2,3,5,0,1,1,1,1,2,1.1,9,11.8
Kyle Singler,10,9,2015-11-15,27,OKC,H,BOS,-15,0,18:35,3,5,0.6,2,4,0.5,0,0,NA,0,2,2,0,1,0,3,1,8,3.9,-14,12
Kyle Singler,11,10,2015-11-16,27,OKC,A,MEM,-8,1,11:31,0,5,0,0,4,0,0,0,NA,0,0,0,0,1,0,0,4,0,-4.1,1,2
Kyle Singler,12,11,2015-11-18,27,OKC,H,NOP,7,0,20:38,2,5,0.4,1,2,0.5,0,0,NA,0,2,2,0,1,0,0,1,5,3.5,16,10
Kyle Singler,13,12,2015-11-20,27,OKC,H,NYK,-3,0,14:23,1,4,0.25,0,3,0,0,2,0,1,1,2,0,1,0,1,2,2,-1,2,6
Kyle Singler,14,13,2015-11-22,27,OKC,H,DAL,3,0,3:08,0,1,0,0,1,0,0,0,NA,0,0,0,0,0,0,0,2,0,-1.5,3,0
Kyle Singler,15,14,2015-11-23,27,OKC,A,UTA,22,0,3:35,0,1,0,0,1,0,0,0,NA,0,1,1,0,0,0,0,1,0,-0.8,-9,1.3
Kyle Singler,19,15,2015-12-03,27,OKC,A,MIA,-2,0,0:16,0,0,NA,0,0,NA,0,0,NA,0,0,0,0,0,0,0,0,0,0,0,0
Kyle Singler,20,16,2015-12-06,27,OKC,H,SAC,3,0,13:46,1,4,0.25,0,1,0,0,1,0,1,2,3,0,2,0,1,4,2,-0.1,-11,9.3
Kyle Singler,21,17,2015-12-08,27,OKC,A,MEM,37,0,9:45,1,3,0.333,0,1,0,0,0,NA,0,1,1,0,0,0,1,1,2,-0.8,4,2.8
Kyle Singler,22,18,2015-12-10,27,OKC,H,ATL,13,0,0:41,0,0,NA,0,0,NA,0,0,NA,0,1,1,0,0,0,0,0,0,0.3,-2,1.3
Kyle Singler,25,19,2015-12-16,27,OKC,H,POR,16,0,3:06,0,1,0,0,0,NA,1,2,0.5,0,0,0,0,1,0,0,0,1,0.9,-4,3
Kyle Singler,26,20,2015-12-17,27,OKC,A,CLE,-4,0,16:44,0,0,NA,0,0,NA,0,0,NA,0,0,0,2,2,0,0,0,0,3.4,0,7
Kyle Singler,27,21,2015-12-19,27,OKC,H,LAL,40,0,6:44,0,0,NA,0,0,NA,0,0,NA,0,2,2,0,0,0,1,0,0,-0.4,2,2
Kyle Singler,28,22,2015-12-21,27,OKC,A,LAC,1,0,10:07,1,1,1,0,0,NA,0,0,NA,0,0,0,0,1,0,0,0,2,2.7,0,4
Kyle Singler,29,23,2015-12-23,27,OKC,A,LAL,35,0,5:46,1,3,0.333,0,0,NA,0,0,NA,1,1,2,0,0,0,0,0,2,1.3,3,4.5
Kyle Singler,33,24,2015-12-31,27,OKC,H,PHO,4,0,12:50,3,5,0.6,1,1,1,0,0,NA,2,2,4,2,0,0,0,1,7,7.7,-3,15.5
Kyle Singler,34,25,2016-01-02,27,OKC,A,CHO,19,0,14:37,0,2,0,0,2,0,1,2,0.5,1,0,1,1,0,0,1,1,1,-0.8,10,3.3
Kyle Singler,35,26,2016-01-04,27,OKC,H,SAC,-12,0,14:09,2,4,0.5,1,1,1,1,2,0.5,0,0,0,0,0,0,0,2,6,2.8,-17,6.5
Kyle Singler,36,27,2016-01-06,27,OKC,H,MEM,18,0,3:39,1,2,0.5,0,1,0,0,0,NA,0,0,0,1,0,0,0,2,2,0.9,-4,3.5
Kyle Singler,38,28,2016-01-10,27,OKC,A,POR,-5,0,2:17,0,1,0,0,0,NA,0,0,NA,0,0,0,0,0,0,0,2,0,-1.5,-5,0
Kyle Singler,40,29,2016-01-13,27,OKC,H,DAL,19,0,19:40,2,7,0.286,1,3,0.333,0,0,NA,1,3,4,1,0,0,0,2,5,2.4,-7,12
Kyle Singler,41,30,2016-01-15,27,OKC,H,MIN,20,0,9:49,2,3,0.667,0,1,0,0,0,NA,0,1,1,0,0,0,0,0,4,3,6,5.3
Kyle Singler,42,31,2016-01-17,27,OKC,H,MIA,25,0,22:04,1,1,1,1,1,1,0,0,NA,2,2,4,1,0,0,1,2,3,3.6,7,9.5
Kyle Singler,43,32,2016-01-19,27,OKC,A,DEN,6,0,11:53,1,1,1,1,1,1,4,4,1,2,2,4,0,0,0,0,0,7,8.7,2,12.5
Kyle Singler,44,33,2016-01-20,27,OKC,H,CHO,14,0,21:05,4,4,1,3,3,1,0,0,NA,0,2,2,0,1,0,0,2,11,10.6,-4,17
Kyle Singler,45,34,2016-01-22,27,OKC,A,DAL,3,0,22:48,3,7,0.429,1,4,0.25,3,3,1,2,3,5,0,0,1,1,3,10,7.1,-13,18.3
Kyle Singler,46,35,2016-01-24,27,OKC,A,BRK,-10,0,20:30,3,6,0.5,1,2,0.5,0,0,NA,2,0,2,0,0,1,0,2,7,5.3,-10,12
Kyle Singler,47,36,2016-01-26,27,OKC,A,NYK,6,0,12:46,1,2,0.5,0,0,NA,0,0,NA,0,0,0,0,0,0,0,2,2,0.2,-7,2
Kyle Singler,48,37,2016-01-27,27,OKC,A,MIN,3,0,22:39,1,2,0.5,0,0,NA,0,0,NA,0,5,5,0,0,0,0,3,2,1.3,5,8.3
Kyle Singler,49,38,2016-01-29,27,OKC,H,HOU,8,0,26:09,1,5,0.2,0,1,0,1,1,1,2,3,5,0,0,0,1,4,3,-0.4,2,8.8
Kyle Singler,50,39,2016-02-01,27,OKC,H,WAS,16,0,15:38,2,2,1,0,0,NA,2,2,1,1,1,2,0,1,0,0,3,6,6.2,-1,10.5
Kyle Singler,51,40,2016-02-03,27,OKC,H,ORL,3,0,13:33,2,4,0.5,1,3,0.333,0,0,NA,0,0,0,0,2,0,0,2,5,4.2,-4,9.5
Kyle Singler,52,41,2016-02-06,27,OKC,A,GSW,-8,0,11:23,0,1,0,0,1,0,0,2,0,0,1,1,0,0,0,1,0,0,-2.2,-8,0.8
Kyle Singler,53,42,2016-02-08,27,OKC,A,PHO,16,0,19:14,2,4,0.5,1,2,0.5,2,2,1,3,1,4,2,1,0,1,3,7,7.6,8,17
Kyle Singler,54,43,2016-02-11,27,OKC,H,NOP,26,0,21:56,2,4,0.5,2,3,0.667,0,0,NA,0,2,2,0,1,1,1,0,6,5.3,17,13
Kyle Singler,55,44,2016-02-19,27,OKC,H,IND,-3,0,13:16,1,4,0.25,0,2,0,0,0,NA,1,3,4,2,1,0,0,1,2,3.2,11,12
Kyle Singler,56,45,2016-02-21,27,OKC,H,CLE,-23,0,7:53,0,1,0,0,1,0,0,0,NA,0,0,0,1,1,0,1,0,0,0,-1,3
Kyle Singler,57,46,2016-02-24,27,OKC,A,DAL,13,0,4:34,0,3,0,0,2,0,0,0,NA,3,1,4,0,0,0,0,1,0,-0.1,4,5
Kyle Singler,58,47,2016-02-25,27,OKC,A,NOP,-4,0,17:23,0,1,0,0,0,NA,0,0,NA,1,1,2,0,0,0,1,0,0,-0.7,0,2
Kyle Singler,59,48,2016-02-27,27,OKC,H,GSW,-3,0,22:34,1,2,0.5,0,0,NA,0,0,NA,2,2,4,0,0,0,1,3,2,0.8,-8,6.5
Kyle Singler,60,49,2016-02-29,27,OKC,A,SAC,15,0,20:58,4,6,0.667,3,5,0.6,0,0,NA,1,1,2,1,0,0,0,3,11,8.9,17,16.5
Kyle Singler,61,50,2016-03-02,27,OKC,A,LAC,-5,0,11:50,1,2,0.5,1,2,0.5,0,0,NA,3,1,4,0,0,0,0,4,3,2.8,3,8.5
Kyle Singler,62,51,2016-03-03,27,OKC,A,GSW,-15,0,19:54,4,6,0.667,1,2,0.5,0,0,NA,1,1,2,1,1,0,0,1,9,8.7,-9,15.5
Kyle Singler,63,52,2016-03-06,27,OKC,A,MIL,8,0,23:13,3,7,0.429,0,1,0,1,1,1,0,1,1,0,1,1,1,1,7,3.9,3,11.8
Kyle Singler,64,53,2016-03-09,27,OKC,H,LAC,12,0,20:04,3,6,0.5,0,0,NA,0,1,0,1,3,4,1,0,0,0,3,6,3.7,12,12.5
Kyle Singler,65,54,2016-03-11,27,OKC,H,MIN,-3,0,21:10,1,6,0.167,0,4,0,1,2,0.5,0,2,2,1,0,0,0,1,3,-0.3,11,7
Kyle Singler,66,55,2016-03-12,27,OKC,A,SAS,-8,0,18:49,0,5,0,0,4,0,0,0,NA,2,0,2,0,0,0,1,3,0,-4.3,-10,2
Kyle Singler,67,56,2016-03-14,27,OKC,H,POR,34,0,18:59,2,4,0.5,0,1,0,0,0,NA,1,2,3,1,0,0,0,0,4,4,24,9.3
Kyle Singler,68,57,2016-03-16,27,OKC,A,BOS,21,0,23:01,4,7,0.571,0,2,0,0,0,NA,0,2,2,1,1,0,1,3,8,4.8,-3,13.5
Kyle Singler,69,58,2016-03-18,27,OKC,A,PHI,14,0,21:07,1,3,0.333,0,0,NA,0,0,NA,3,2,5,1,0,0,1,2,2,1.9,2,9.3
Kyle Singler,73,59,2016-03-26,27,OKC,H,SAS,19,0,7:23,0,1,0,0,0,NA,0,0,NA,0,0,0,0,0,0,0,3,0,-1.9,-9,0
Kyle Singler,74,60,2016-03-28,27,OKC,A,TOR,19,0,12:07,0,4,0,0,1,0,0,0,NA,1,0,1,1,0,0,0,2,0,-2.2,-19,2.8
Kyle Singler,75,61,2016-03-29,27,OKC,A,DET,-6,1,18:16,2,4,0.5,0,0,NA,2,2,1,1,3,4,0,1,0,0,3,6,5.4,-14,13
Kyle Singler,76,62,2016-03-31,27,OKC,H,LAC,2,0,16:27,3,6,0.5,0,1,0,0,0,NA,2,1,3,0,1,0,0,1,6,5.3,-1,11.8
Kyle Singler,77,63,2016-04-03,27,OKC,A,HOU,-8,0,16:36,1,3,0.333,0,1,0,4,4,1,1,0,1,1,0,0,0,0,6,5.7,1,8.8
Kyle Singler,78,64,2016-04-05,27,OKC,A,DEN,22,0,14:03,0,3,0,0,1,0,0,0,NA,0,2,2,0,0,0,1,2,0,-3.3,-1,2
Kyle Singler,79,65,2016-04-06,27,OKC,A,POR,-5,0,13:37,0,1,0,0,0,NA,1,2,0.5,1,0,1,0,1,0,1,4,1,-1,-6,3.8
Kyle Singler,80,66,2016-04-09,27,OKC,A,SAC,-2,0,16:00,3,5,0.6,2,3,0.667,0,0,NA,1,2,3,0,0,1,2,3,8,4.5,-3,13.8
Kyle Singler,81,67,2016-04-11,27,OKC,H,LAL,33,0,26:25,3,4,0.75,2,2,1,0,2,0,0,5,5,2,1,1,0,3,8,9,5,22.3
Kyle Singler,82,68,2016-04-12,27,OKC,A,SAS,-4,0,6:32,1,1,1,1,1,1,0,0,NA,0,1,1,0,1,0,0,1,3,3.6,3,6.8
Anthony Morrow,1,1,2015-10-28,30,OKC,H,SAS,6,0,21:38,3,6,0.5,2,4,0.5,0,0,NA,0,0,0,0,1,0,0,1,8,5.6,5,11
Anthony Morrow,2,2,2015-10-30,30,OKC,A,ORL,3,0,14:04,1,3,0.333,1,3,0.333,0,0,NA,0,1,1,0,2,0,1,0,3,2.6,-8,8.3
Anthony Morrow,3,3,2015-11-01,30,OKC,H,DEN,24,0,15:48,2,5,0.4,2,4,0.5,0,0,NA,0,3,3,1,1,0,0,0,6,5.9,2,14.3
Anthony Morrow,4,4,2015-11-02,30,OKC,A,HOU,-5,0,5:26,0,0,NA,0,0,NA,0,0,NA,0,0,0,0,1,0,1,0,0,0,5,1.5
Anthony Morrow,5,5,2015-11-04,30,OKC,H,TOR,-5,0,5:56,0,3,0,0,2,0,0,0,NA,0,0,0,0,0,0,0,1,0,-2.5,-11,0
Anthony Morrow,6,6,2015-11-05,30,OKC,A,CHI,-6,0,5:10,0,0,NA,0,0,NA,0,0,NA,0,0,0,0,0,0,0,0,0,0,-14,0
Anthony Morrow,8,7,2015-11-10,30,OKC,A,WAS,24,0,15:39,1,6,0.167,0,3,0,0,0,NA,1,0,1,0,0,0,0,3,2,-2.3,3,3.3
Anthony Morrow,9,8,2015-11-13,30,OKC,H,PHI,17,1,21:07,5,8,0.625,2,5,0.4,0,0,NA,0,1,1,0,1,0,0,2,12,8.9,-1,16.3
Anthony Morrow,10,9,2015-11-15,30,OKC,H,BOS,-15,1,14:56,0,4,0,0,3,0,0,0,NA,0,0,0,2,0,0,1,2,0,-3.2,7,2.5
Anthony Morrow,11,10,2015-11-16,30,OKC,A,MEM,-8,1,28:55,1,4,0.25,0,2,0,0,0,NA,1,3,4,1,1,0,1,0,2,1.9,9,10
Anthony Morrow,12,11,2015-11-18,30,OKC,H,NOP,7,1,13:34,3,8,0.375,3,6,0.5,0,0,NA,0,2,2,0,0,0,0,1,9,4.8,8,13
Anthony Morrow,13,12,2015-11-20,30,OKC,H,NYK,-3,0,22:37,2,6,0.333,1,3,0.333,0,0,NA,1,2,3,0,0,0,0,1,5,2.5,2,9.3
Anthony Morrow,14,13,2015-11-22,30,OKC,H,DAL,3,0,24:03,5,9,0.556,2,3,0.667,2,2,1,0,2,2,1,1,1,2,0,14,10.7,18,22
Anthony Morrow,15,14,2015-11-23,30,OKC,A,UTA,22,0,18:51,6,8,0.75,3,4,0.75,0,0,NA,0,0,0,1,2,0,0,1,15,14.1,7,22
Anthony Morrow,16,15,2015-11-25,30,OKC,H,BRK,11,0,23:37,2,5,0.4,2,4,0.5,0,0,NA,0,1,1,1,1,0,2,0,6,3.3,7,10.8
Anthony Morrow,17,16,2015-11-27,30,OKC,H,DET,16,0,7:44,1,3,0.333,1,3,0.333,0,0,NA,0,0,0,1,0,0,0,1,3,1.6,-10,5
Anthony Morrow,18,17,2015-11-30,30,OKC,A,ATL,-6,0,22:40,3,12,0.25,3,6,0.5,1,1,1,0,3,3,0,0,0,0,1,10,3.3,19,15.3
Anthony Morrow,19,18,2015-12-03,30,OKC,A,MIA,-2,0,15:22,0,4,0,0,2,0,0,0,NA,0,0,0,0,0,0,0,1,0,-3.2,-4,0
Anthony Morrow,20,19,2015-12-06,30,OKC,H,SAC,3,0,10:31,3,7,0.429,1,3,0.333,2,3,0.667,0,0,0,0,0,0,0,0,9,4.9,0,9.5
Anthony Morrow,21,20,2015-12-08,30,OKC,A,MEM,37,0,18:49,3,4,0.75,1,1,1,1,1,1,1,2,3,2,0,0,0,2,8,8.3,7,15.3
Anthony Morrow,22,21,2015-12-10,30,OKC,H,ATL,13,0,14:29,3,6,0.5,2,3,0.667,0,0,NA,0,1,1,0,0,0,0,1,8,4.9,3,10.3
Anthony Morrow,23,22,2015-12-11,30,OKC,A,UTA,4,0,9:06,1,1,1,1,1,1,0,0,NA,0,0,0,0,0,0,1,2,3,0.9,2,3
Anthony Morrow,24,23,2015-12-13,30,OKC,H,UTA,6,0,13:21,1,3,0.333,1,2,0.5,2,2,1,0,2,2,0,1,1,0,0,5,5.6,-1,12
Anthony Morrow,25,24,2015-12-16,30,OKC,H,POR,16,0,14:45,1,3,0.333,0,1,0,0,0,NA,2,0,2,0,0,0,0,0,2,1.7,5,4.5
Anthony Morrow,27,25,2015-12-19,30,OKC,H,LAL,40,0,18:49,4,9,0.444,2,6,0.333,0,0,NA,0,0,0,1,0,0,0,0,10,6,12,12.5
Anthony Morrow,28,26,2015-12-21,30,OKC,A,LAC,1,0,5:16,0,0,NA,0,0,NA,0,0,NA,0,0,0,0,1,0,0,1,0,0.6,-2,2
Anthony Morrow,29,27,2015-12-23,30,OKC,A,LAL,35,0,19:24,2,8,0.25,1,4,0.25,0,0,NA,0,2,2,0,0,0,0,1,5,0.4,-9,8
Anthony Morrow,30,28,2015-12-25,30,OKC,H,CHI,-9,0,20:47,3,6,0.5,3,6,0.5,0,0,NA,0,1,1,0,1,0,0,0,9,7.3,0,13.8
Anthony Morrow,31,29,2015-12-27,30,OKC,H,DEN,10,0,5:38,2,3,0.667,0,1,0,0,0,NA,0,0,0,1,0,0,0,1,4,3,0,5.5
Anthony Morrow,32,30,2015-12-29,30,OKC,H,MIL,8,0,13:08,3,5,0.6,3,5,0.6,1,1,1,0,1,1,0,0,0,0,2,10,7.2,17,12.8
Anthony Morrow,33,31,2015-12-31,30,OKC,H,PHO,4,0,9:47,2,4,0.5,0,1,0,1,2,0.5,0,1,1,0,1,0,0,0,5,3.9,-7,8.3
Anthony Morrow,34,32,2016-01-02,30,OKC,A,CHO,19,0,18:26,4,9,0.444,4,8,0.5,0,1,0,0,3,3,0,0,0,0,3,12,6.6,9,17.8
Anthony Morrow,35,33,2016-01-04,30,OKC,H,SAC,-12,1,33:51,8,11,0.727,3,6,0.5,1,2,0.5,0,1,1,0,1,0,0,3,20,15.2,2,24.8
Anthony Morrow,36,34,2016-01-06,30,OKC,H,MEM,18,0,18:21,3,4,0.75,2,2,1,6,6,1,1,1,2,0,0,0,0,1,14,13,2,17.5
Anthony Morrow,37,35,2016-01-08,30,OKC,A,LAL,4,0,18:43,2,6,0.333,1,4,0.25,0,0,NA,0,1,1,0,0,0,0,3,5,0.7,5,6.8
Anthony Morrow,38,36,2016-01-10,30,OKC,A,POR,-5,0,9:21,0,3,0,0,2,0,0,0,NA,0,0,0,0,1,0,0,0,0,-1.1,-6,2
Anthony Morrow,39,37,2016-01-12,30,OKC,A,MIN,5,0,11:45,0,1,0,0,1,0,0,0,NA,0,2,2,0,0,0,0,2,0,-0.9,-1,2.5
Anthony Morrow,40,38,2016-01-13,30,OKC,H,DAL,19,0,13:16,2,7,0.286,2,5,0.4,0,0,NA,0,1,1,1,1,0,0,3,6,2.7,5,11.8
Anthony Morrow,41,39,2016-01-15,30,OKC,H,MIN,20,0,10:30,0,3,0,0,2,0,0,0,NA,0,0,0,0,0,1,0,0,0,-1.4,-7,2
Anthony Morrow,46,40,2016-01-24,30,OKC,A,BRK,-10,0,4:45,0,0,NA,0,0,NA,0,0,NA,0,1,1,0,0,0,0,1,0,-0.1,2,1.3
Anthony Morrow,47,41,2016-01-26,30,OKC,A,NYK,6,0,6:41,1,2,0.5,1,1,1,0,0,NA,0,0,0,1,0,0,0,2,3,1.9,-7,5
Anthony Morrow,48,42,2016-01-27,30,OKC,A,MIN,3,0,13:17,4,6,0.667,2,4,0.5,0,0,NA,1,3,4,0,0,0,1,1,10,7.6,7,15.5
Anthony Morrow,49,43,2016-01-29,30,OKC,H,HOU,8,0,10:29,2,5,0.4,2,4,0.5,0,0,NA,0,1,1,0,0,0,0,1,6,3.2,-3,8.3
Anthony Morrow,50,44,2016-02-01,30,OKC,H,WAS,16,0,9:03,0,3,0,0,1,0,0,0,NA,0,0,0,1,0,0,0,0,0,-1.4,0,1.5
Anthony Morrow,51,45,2016-02-03,30,OKC,H,ORL,3,0,9:38,2,8,0.25,1,4,0.25,0,0,NA,0,0,0,0,0,0,0,0,5,0.2,1,5.5
Anthony Morrow,52,46,2016-02-06,30,OKC,A,GSW,-8,0,13:15,0,3,0,0,2,0,0,0,NA,0,0,0,1,1,0,0,1,0,-0.8,-5,3.5
Anthony Morrow,53,47,2016-02-08,30,OKC,A,PHO,16,0,3:29,1,2,0.5,1,2,0.5,0,0,NA,0,0,0,0,0,0,0,0,3,2,-4,3.5
Anthony Morrow,54,48,2016-02-11,30,OKC,H,NOP,26,0,18:56,4,8,0.5,2,4,0.5,0,0,NA,0,1,1,0,0,0,1,2,10,4.5,7,11.8
Anthony Morrow,55,49,2016-02-19,30,OKC,H,IND,-3,0,12:04,2,6,0.333,1,4,0.25,0,0,NA,0,0,0,0,0,0,0,1,5,1.2,1,5.5
Anthony Morrow,56,50,2016-02-21,30,OKC,H,CLE,-23,0,13:36,2,8,0.25,0,2,0,0,0,NA,1,0,1,0,0,0,0,0,4,-0.1,-2,5.3
Anthony Morrow,63,51,2016-03-06,30,OKC,A,MIL,8,0,0:03,0,0,NA,0,0,NA,0,0,NA,0,0,0,0,0,0,0,0,0,0,2,0
Anthony Morrow,64,52,2016-03-09,30,OKC,H,LAC,12,0,12:35,1,5,0.2,1,5,0.2,2,2,1,0,1,1,1,0,0,0,1,5,2.5,11,8.3
Anthony Morrow,65,53,2016-03-11,30,OKC,H,MIN,-3,0,18:25,1,8,0.125,0,6,0,1,3,0.333,0,0,0,1,0,0,0,0,3,-2.3,13,4.5
Anthony Morrow,66,54,2016-03-12,30,OKC,A,SAS,-8,0,0:15,0,1,0,0,0,NA,0,0,NA,0,0,0,0,0,0,0,0,0,-0.7,0,0
Anthony Morrow,67,55,2016-03-14,30,OKC,H,POR,34,0,15:39,4,5,0.8,3,4,0.75,0,1,0,0,1,1,0,2,0,0,0,11,11,9,17.8
Anthony Morrow,68,56,2016-03-16,30,OKC,A,BOS,21,0,6:53,2,3,0.667,0,1,0,0,0,NA,0,0,0,0,0,0,0,0,4,2.7,1,4
Anthony Morrow,70,57,2016-03-19,30,OKC,A,IND,4,0,8:03,3,3,1,1,1,1,0,0,NA,0,0,0,0,0,0,1,3,7,3.9,5,7
Anthony Morrow,71,58,2016-03-22,30,OKC,H,HOU,4,0,9:50,3,6,0.5,2,4,0.5,0,0,NA,0,0,0,0,0,0,1,1,8,3.6,0,8.5
Anthony Morrow,72,59,2016-03-24,30,OKC,H,UTA,22,0,7:58,1,2,0.5,0,1,0,0,0,NA,0,0,0,1,0,1,0,1,2,2,0,5.5
Anthony Morrow,74,60,2016-03-28,30,OKC,A,TOR,19,0,7:17,1,3,0.333,1,2,0.5,0,0,NA,0,0,0,1,0,0,1,2,3,0.2,-7,4.5
Anthony Morrow,75,61,2016-03-29,30,OKC,A,DET,-6,0,14:06,3,6,0.5,1,2,0.5,0,0,NA,1,0,1,0,0,0,1,0,7,3.7,-8,8.3
Anthony Morrow,76,62,2016-03-31,30,OKC,H,LAC,2,0,2:04,0,2,0,0,2,0,0,0,NA,0,0,0,0,0,0,0,0,0,-1.4,-4,0
Anthony Morrow,77,63,2016-04-03,30,OKC,A,HOU,-8,0,6:38,1,3,0.333,1,3,0.333,2,3,0.667,0,0,0,1,0,0,0,1,5,3.2,5,7
Anthony Morrow,78,64,2016-04-05,30,OKC,A,DEN,22,0,23:37,3,6,0.5,3,6,0.5,0,0,NA,0,0,0,1,0,0,0,2,9,5.9,14,12
Anthony Morrow,79,65,2016-04-06,30,OKC,A,POR,-5,1,31:15,7,15,0.467,3,8,0.375,2,4,0.5,0,3,3,2,1,0,2,2,19,11,-19,28.3
Anthony Morrow,80,66,2016-04-09,30,OKC,A,SAC,-2,0,6:01,1,1,1,1,1,1,0,0,NA,0,1,1,0,0,0,0,0,3,3,0,4.8
Anthony Morrow,81,67,2016-04-11,30,OKC,H,LAL,33,0,14:00,4,10,0.4,2,6,0.333,0,0,NA,0,3,3,0,0,1,0,1,10,5.8,0,16.8
Anthony Morrow,82,68,2016-04-12,30,OKC,A,SAS,-4,0,21:21,1,6,0.167,1,3,0.333,5,5,1,0,0,0,0,0,0,0,1,8,3.8,11,8.5
Steve Novak,9,1,2015-11-13,32,OKC,H,PHI,17,0,1:08,1,1,1,1,1,1,0,0,NA,0,1,1,0,0,0,0,0,3,3,-1,4.8
Steve Novak,21,2,2015-12-08,32,OKC,A,MEM,37,0,5:11,1,4,0.25,1,2,0.5,0,0,NA,0,1,1,0,0,0,0,1,3,0.5,4,4.8
Steve Novak,25,3,2015-12-16,32,OKC,H,POR,16,0,2:56,0,1,0,0,1,0,0,0,NA,0,0,0,0,0,0,0,0,0,-0.7,-4,0
Steve Novak,27,4,2015-12-19,32,OKC,H,LAL,40,0,6:00,1,2,0.5,1,2,0.5,0,0,NA,0,1,1,0,0,0,0,0,3,2.3,0,4.8
Steve Novak,29,5,2015-12-23,32,OKC,A,LAL,35,0,5:46,1,1,1,0,0,NA,0,0,NA,0,0,0,0,0,0,0,0,2,1.7,3,2
Steve Novak,53,6,2016-02-08,32,OKC,A,PHO,16,0,1:09,0,0,NA,0,0,NA,0,0,NA,0,0,0,0,0,0,0,0,0,0,2,0
Steve Novak,54,7,2016-02-11,32,OKC,H,NOP,26,0,2:18,2,3,0.667,2,3,0.667,0,0,NA,0,1,1,0,0,0,1,0,6,4,3,7.8
Russell Westbrook,1,1,2015-10-28,26,OKC,H,SAS,6,1,36:59,12,23,0.522,3,6,0.5,6,7,0.857,1,1,2,10,2,0,5,3,33,25.1,7,55
Russell Westbrook,2,2,2015-10-30,26,OKC,A,ORL,3,1,47:35,17,36,0.472,1,5,0.2,13,16,0.813,5,6,11,8,1,1,6,3,48,33.8,2,76.8
Russell Westbrook,3,3,2015-11-01,26,OKC,H,DEN,24,1,25:26,7,13,0.538,1,4,0.25,0,0,NA,2,7,9,8,3,0,4,0,15,16.8,22,42.8
Russell Westbrook,4,4,2015-11-02,26,OKC,A,HOU,-5,1,31:57,10,16,0.625,3,6,0.5,2,2,1,2,6,8,11,2,0,7,5,25,21.7,4,55
Russell Westbrook,5,5,2015-11-04,26,OKC,H,TOR,-5,1,35:20,8,21,0.381,3,9,0.333,3,4,0.75,0,5,5,16,2,0,8,4,22,15.2,3,55.3
Russell Westbrook,6,6,2015-11-05,26,OKC,A,CHI,-6,1,38:34,7,18,0.389,0,2,0,6,6,1,2,6,8,10,1,0,2,2,20,18.6,8,47.5
Russell Westbrook,7,7,2015-11-08,26,OKC,H,PHO,21,1,33:58,9,20,0.45,0,3,0,3,4,0.75,4,2,6,13,4,0,2,3,21,23.5,26,56.5
Russell Westbrook,8,8,2015-11-10,26,OKC,A,WAS,24,1,27:46,7,17,0.412,3,4,0.75,5,6,0.833,2,9,11,11,1,0,5,0,22,20.3,23,57.8
Russell Westbrook,9,9,2015-11-13,27,OKC,H,PHI,17,1,34:47,8,22,0.364,2,6,0.333,3,4,0.75,4,13,17,11,3,0,6,1,21,19.4,16,67.3
Russell Westbrook,10,10,2015-11-15,27,OKC,H,BOS,-15,1,32:37,5,20,0.25,2,10,0.2,15,17,0.882,1,3,4,5,3,2,4,4,27,18.1,-7,48.5
Russell Westbrook,11,11,2015-11-16,27,OKC,A,MEM,-8,1,38:32,13,19,0.684,5,8,0.625,9,13,0.692,1,3,4,14,3,0,8,1,40,36.3,2,72
Russell Westbrook,12,12,2015-11-18,27,OKC,H,NOP,7,1,36:04,14,25,0.56,0,3,0,15,20,0.75,3,6,9,8,1,1,4,1,43,35.9,-5,68.3
Russell Westbrook,13,13,2015-11-20,27,OKC,H,NYK,-3,1,37:37,11,29,0.379,2,10,0.2,10,12,0.833,3,4,7,7,4,1,3,4,34,25.6,4,62.8
Russell Westbrook,14,14,2015-11-22,27,OKC,H,DAL,3,1,36:53,12,22,0.545,2,5,0.4,5,6,0.833,0,5,5,11,5,1,7,1,31,27.5,4,64.8
Russell Westbrook,15,15,2015-11-23,27,OKC,A,UTA,22,1,27:18,5,10,0.5,0,2,0,10,10,1,2,5,7,9,1,0,4,3,20,20,9,42.3
Russell Westbrook,16,16,2015-11-25,27,OKC,H,BRK,11,1,35:14,10,16,0.625,0,3,0,7,8,0.875,1,5,6,13,5,0,3,1,27,32.3,16,64
Russell Westbrook,17,17,2015-11-27,27,OKC,H,DET,16,1,28:37,5,14,0.357,1,3,0.333,3,5,0.6,2,2,4,4,1,0,11,6,14,-2.2,9,22
Russell Westbrook,18,18,2015-11-30,27,OKC,A,ATL,-6,1,35:57,11,24,0.458,1,5,0.2,11,11,1,2,9,11,7,2,0,6,3,34,25.4,-2,61.3
Russell Westbrook,19,19,2015-12-03,27,OKC,A,MIA,-2,1,34:27,8,18,0.444,0,3,0,9,9,1,1,4,5,6,1,0,7,1,25,15.3,8,38.8
Russell Westbrook,20,20,2015-12-06,27,OKC,H,SAC,3,1,37:52,7,13,0.538,1,3,0.333,4,5,0.8,0,11,11,10,3,0,3,2,19,21.8,13,57.3
Russell Westbrook,21,21,2015-12-08,27,OKC,A,MEM,37,1,24:56,5,7,0.714,1,2,0.5,2,2,1,1,4,5,16,2,0,3,1,13,21.8,26,47.8
Russell Westbrook,22,22,2015-12-10,27,OKC,H,ATL,13,1,38:28,8,17,0.471,3,4,0.75,4,6,0.667,2,4,6,10,3,0,2,2,23,23.3,15,53.5
Russell Westbrook,23,23,2015-12-11,27,OKC,A,UTA,4,1,35:02,8,19,0.421,2,4,0.5,6,6,1,1,6,7,7,2,0,3,2,24,19.5,8,46.8
Russell Westbrook,24,24,2015-12-13,27,OKC,H,UTA,6,1,40:22,9,25,0.36,0,4,0,7,9,0.778,2,9,11,5,2,2,1,2,25,19.5,19,55.3
Russell Westbrook,25,25,2015-12-16,27,OKC,H,POR,16,1,26:53,5,15,0.333,0,3,0,3,3,1,1,2,3,5,2,2,3,2,13,8.9,12,30.8
Russell Westbrook,26,26,2015-12-17,27,OKC,A,CLE,-4,1,34:28,10,18,0.556,1,3,0.333,6,6,1,0,3,3,10,3,0,4,4,27,23.7,-4,51.8
Russell Westbrook,27,27,2015-12-19,27,OKC,H,LAL,40,1,27:43,5,11,0.455,0,1,0,3,6,0.5,0,1,1,11,1,0,4,2,13,10.3,18,32.3
Russell Westbrook,28,28,2015-12-21,27,OKC,A,LAC,1,1,37:19,11,25,0.44,2,5,0.4,9,11,0.818,1,4,5,7,3,0,1,4,33,26.3,8,56.3
Russell Westbrook,29,29,2015-12-23,27,OKC,A,LAL,35,1,29:33,10,19,0.526,0,1,0,3,5,0.6,3,5,8,8,2,0,2,2,23,21.3,33,48
Russell Westbrook,30,30,2015-12-25,27,OKC,H,CHI,-9,1,39:57,9,23,0.391,1,7,0.143,7,13,0.538,1,6,7,8,6,0,6,3,26,18,-4,56.3
Russell Westbrook,31,31,2015-12-27,27,OKC,H,DEN,10,1,38:06,11,18,0.611,2,3,0.667,6,6,1,1,8,9,12,1,0,4,0,30,30.3,14,61.8
Russell Westbrook,32,32,2015-12-29,27,OKC,H,MIL,8,1,34:47,10,22,0.455,0,2,0,7,8,0.875,1,6,7,7,5,0,3,1,27,24.2,5,54.8
Russell Westbrook,33,33,2015-12-31,27,OKC,H,PHO,4,1,34:28,12,19,0.632,1,3,0.333,11,11,1,0,1,1,12,5,1,2,1,36,39.5,11,68.3
Russell Westbrook,34,34,2016-01-02,27,OKC,A,CHO,19,1,30:47,4,15,0.267,1,3,0.333,7,8,0.875,1,5,6,7,1,0,2,2,16,12,16,35.5
Russell Westbrook,35,35,2016-01-04,27,OKC,H,SAC,-12,1,41:09,6,23,0.261,2,9,0.222,3,3,1,1,7,8,15,1,0,7,4,17,9,5,50.5
Russell Westbrook,36,36,2016-01-06,27,OKC,H,MEM,18,1,29:55,7,17,0.412,0,2,0,6,6,1,2,5,7,7,2,0,3,3,20,16.5,15,41.8
Russell Westbrook,37,37,2016-01-08,27,OKC,A,LAL,4,1,34:34,11,24,0.458,1,4,0.25,13,16,0.813,3,9,12,7,1,0,6,1,36,26.7,1,62.5
Russell Westbrook,38,38,2016-01-10,27,OKC,A,POR,-5,1,38:13,7,19,0.368,2,4,0.5,9,11,0.818,1,8,9,15,3,0,4,6,25,23.9,3,65.3
Russell Westbrook,39,39,2016-01-12,27,OKC,A,MIN,5,1,33:19,8,15,0.533,2,4,0.5,4,6,0.667,1,6,7,11,3,0,7,3,22,18.9,11,52.3
Russell Westbrook,40,40,2016-01-13,27,OKC,H,DAL,19,1,14:40,0,3,0,0,0,NA,0,4,0,1,6,7,8,2,0,1,0,0,5.4,20,24.3
Russell Westbrook,41,41,2016-01-15,27,OKC,H,MIN,20,1,27:12,6,10,0.6,0,1,0,0,0,NA,3,8,11,10,2,0,2,4,12,17.3,21,48.3
Russell Westbrook,42,42,2016-01-17,27,OKC,H,MIA,25,1,33:23,5,16,0.313,1,4,0.25,2,2,1,3,7,10,15,2,0,3,2,13,16.7,15,55.5
Russell Westbrook,43,43,2016-01-19,27,OKC,A,DEN,6,1,38:45,10,22,0.455,1,6,0.167,6,9,0.667,4,1,5,12,3,0,4,5,27,22.9,5,57.3
Russell Westbrook,44,44,2016-01-20,27,OKC,H,CHO,14,1,27:20,5,14,0.357,0,3,0,6,7,0.857,1,7,8,15,5,0,5,2,16,20.3,18,57.5
Russell Westbrook,45,45,2016-01-22,27,OKC,A,DAL,3,1,34:36,8,19,0.421,0,4,0,0,0,NA,3,5,8,7,2,1,4,4,16,11.5,-9,40.5
Russell Westbrook,46,46,2016-01-24,27,OKC,A,BRK,-10,1,39:41,12,27,0.444,1,4,0.25,2,5,0.4,2,9,11,7,1,0,3,1,27,18.3,-15,53.8
Russell Westbrook,47,47,2016-01-26,27,OKC,A,NYK,6,1,44:16,13,24,0.542,0,2,0,4,5,0.8,2,6,8,10,3,0,5,3,30,25,18,60
Russell Westbrook,48,48,2016-01-27,27,OKC,A,MIN,3,1,36:40,7,13,0.538,3,4,0.75,7,7,1,2,6,8,15,0,0,4,3,24,26.2,1,57.5
Russell Westbrook,49,49,2016-01-29,27,OKC,H,HOU,8,1,37:07,9,21,0.429,1,2,0.5,7,10,0.7,1,9,10,14,1,1,8,3,26,19.4,6,64.5
Russell Westbrook,50,50,2016-02-01,27,OKC,H,WAS,16,1,36:08,8,13,0.615,0,3,0,1,1,1,1,12,13,11,1,0,5,2,17,18.3,14,53.8
Russell Westbrook,51,51,2016-02-03,27,OKC,H,ORL,3,1,37:41,10,18,0.556,0,1,0,4,4,1,7,12,19,14,2,0,2,1,24,33.3,10,76.3
Russell Westbrook,52,52,2016-02-06,27,OKC,A,GSW,-8,1,37:24,8,22,0.364,2,4,0.5,9,9,1,2,1,3,12,3,0,3,4,27,23.3,-5,55.8
Russell Westbrook,53,53,2016-02-08,27,OKC,A,PHO,16,1,36:14,8,19,0.421,2,5,0.4,11,12,0.917,3,5,8,8,2,0,6,4,29,22.1,1,53
Russell Westbrook,54,54,2016-02-11,27,OKC,H,NOP,26,1,28:25,8,14,0.571,2,5,0.4,5,6,0.833,1,8,9,10,0,0,2,2,23,23.3,19,50.8
Russell Westbrook,55,55,2016-02-19,27,OKC,H,IND,-3,1,37:09,10,17,0.588,1,4,0.25,2,2,1,0,3,3,18,2,1,2,2,23,28.5,-4,60.8
Russell Westbrook,56,56,2016-02-21,27,OKC,H,CLE,-23,1,33:04,7,15,0.467,1,3,0.333,5,6,0.833,3,6,9,11,1,0,1,3,20,22.3,-16,51.3
Russell Westbrook,57,57,2016-02-24,27,OKC,A,DAL,13,1,36:09,8,17,0.471,2,5,0.4,6,6,1,2,5,7,13,0,0,2,4,24,23.7,11,53.8
Russell Westbrook,58,58,2016-02-25,27,OKC,A,NOP,-4,1,37:37,15,25,0.6,3,5,0.6,11,14,0.786,2,2,4,9,0,0,2,3,44,36.4,6,63
Russell Westbrook,59,59,2016-02-27,27,OKC,H,GSW,-3,1,42:11,10,29,0.345,0,6,0,6,8,0.75,3,4,7,13,2,0,7,4,26,14.7,-5,56.3
Russell Westbrook,60,60,2016-02-29,27,OKC,A,SAC,15,1,34:35,6,8,0.75,2,3,0.667,6,7,0.857,2,11,13,15,3,0,7,2,20,26.8,2,66.8
Russell Westbrook,61,61,2016-03-02,27,OKC,A,LAC,-5,1,36:51,8,21,0.381,2,7,0.286,6,6,1,0,6,6,12,1,0,5,4,24,17.1,-7,51.5
Russell Westbrook,62,62,2016-03-03,27,OKC,A,GSW,-15,1,36:03,8,24,0.333,1,8,0.125,5,7,0.714,1,5,6,7,0,1,2,4,22,11.8,-6,41.5
Russell Westbrook,63,63,2016-03-06,27,OKC,A,MIL,8,1,38:50,3,7,0.429,1,3,0.333,8,11,0.727,2,8,10,11,1,1,7,4,15,14.7,15,49.5
Russell Westbrook,64,64,2016-03-09,27,OKC,H,LAC,12,1,37:02,9,15,0.6,0,2,0,7,7,1,2,9,11,19,2,1,7,2,25,30.4,1,74.3
Russell Westbrook,65,65,2016-03-11,27,OKC,H,MIN,-3,1,37:10,8,19,0.421,3,6,0.5,7,8,0.875,0,4,4,8,0,0,5,4,26,15.7,-10,42
Russell Westbrook,66,66,2016-03-12,27,OKC,A,SAS,-8,1,38:14,5,16,0.313,1,4,0.25,8,10,0.8,3,3,6,7,2,0,9,3,19,8.7,-1,37
Russell Westbrook,67,67,2016-03-14,27,OKC,H,POR,34,1,28:27,7,11,0.636,0,0,NA,3,6,0.5,2,8,10,16,2,1,0,2,17,27.8,16,64
Russell Westbrook,68,68,2016-03-16,27,OKC,A,BOS,21,1,26:09,8,16,0.5,4,7,0.571,4,8,0.5,1,4,5,5,3,0,2,1,24,20.4,15,44.8
Russell Westbrook,69,69,2016-03-18,27,OKC,A,PHI,14,1,32:26,8,20,0.4,2,5,0.4,2,4,0.5,3,12,15,10,1,2,5,2,20,17.7,25,62.8
Russell Westbrook,70,70,2016-03-19,27,OKC,A,IND,4,1,35:56,4,17,0.235,3,9,0.333,3,4,0.75,3,8,11,14,1,0,7,4,14,10,-2,53.3
Russell Westbrook,71,71,2016-03-22,27,OKC,H,HOU,4,1,36:52,7,18,0.389,0,7,0,7,8,0.875,3,9,12,15,1,0,4,1,21,22.7,-5,63
Russell Westbrook,72,72,2016-03-24,27,OKC,H,UTA,22,1,27:15,6,15,0.4,1,3,0.333,2,3,0.667,1,6,7,9,3,0,2,1,15,15.9,16,42.8
Russell Westbrook,73,73,2016-03-26,27,OKC,H,SAS,19,1,34:25,10,18,0.556,0,2,0,9,9,1,2,4,6,8,1,0,2,1,29,27.2,30,49.5
Russell Westbrook,74,74,2016-03-28,27,OKC,A,TOR,19,1,34:06,10,16,0.625,1,3,0.333,5,8,0.625,3,7,10,12,1,0,3,1,26,27.8,35,62
Russell Westbrook,75,75,2016-03-29,27,OKC,A,DET,-6,1,34:42,8,28,0.286,2,8,0.25,6,9,0.667,2,2,4,6,1,0,3,4,24,9,-20,39.5
Russell Westbrook,76,76,2016-03-31,27,OKC,H,LAC,2,1,35:49,8,18,0.444,3,7,0.429,7,7,1,1,7,8,11,4,0,5,0,26,26.1,-4,61
Russell Westbrook,77,77,2016-04-03,27,OKC,A,HOU,-8,1,37:24,8,15,0.533,1,4,0.25,6,7,0.857,3,10,13,9,2,0,8,3,23,19.5,-6,54.8
Russell Westbrook,78,78,2016-04-05,27,OKC,A,DEN,22,1,26:41,4,9,0.444,2,4,0.5,3,5,0.6,3,11,14,12,2,0,5,1,13,17.9,26,55.5
Russell Westbrook,80,79,2016-04-09,27,OKC,A,SAC,-2,1,33:42,7,15,0.467,1,5,0.2,9,10,0.9,1,4,5,10,1,0,8,5,24,15.8,3,45.3
Russell Westbrook,81,80,2016-04-11,27,OKC,H,LAL,33,1,27:39,5,13,0.385,0,5,0,3,5,0.6,0,10,10,14,1,0,3,2,13,15.1,27,51.5
Serge Ibaka,1,1,2015-10-28,26,OKC,H,SAS,6,1,33:58,4,9,0.444,0,1,0,2,2,1,2,3,5,1,0,2,4,1,10,5.3,10,19.8
Serge Ibaka,2,2,2015-10-30,26,OKC,A,ORL,3,1,32:41,4,12,0.333,0,1,0,0,0,NA,6,6,12,0,1,2,1,3,8,7.4,-18,28.5
Serge Ibaka,3,3,2015-11-01,26,OKC,H,DEN,24,1,30:50,8,13,0.615,0,0,NA,2,3,0.667,1,6,7,4,0,5,1,3,18,18.3,27,42.3
Serge Ibaka,4,4,2015-11-02,26,OKC,A,HOU,-5,1,33:52,6,14,0.429,0,1,0,0,0,NA,6,8,14,2,1,4,1,3,12,14.2,-10,43.5
Serge Ibaka,5,5,2015-11-04,26,OKC,H,TOR,-5,1,32:52,4,7,0.571,0,0,NA,2,2,1,1,5,6,0,0,3,1,5,10,8,-5,23
Serge Ibaka,6,6,2015-11-05,26,OKC,A,CHI,-6,1,40:04,8,14,0.571,1,1,1,0,2,0,1,5,6,1,0,2,1,2,17,12.1,0,30
Serge Ibaka,7,7,2015-11-08,26,OKC,H,PHO,21,1,36:31,5,12,0.417,0,2,0,0,0,NA,4,5,9,1,1,0,1,4,10,7,36,24.3
Serge Ibaka,8,8,2015-11-10,26,OKC,A,WAS,24,1,30:26,9,15,0.6,3,3,1,2,3,0.667,3,3,6,3,0,0,2,3,23,17.6,20,35.5
Serge Ibaka,9,9,2015-11-13,26,OKC,H,PHI,17,1,28:51,4,12,0.333,1,1,1,2,2,1,0,7,7,2,1,7,0,3,11,12.4,6,39.3
Serge Ibaka,10,10,2015-11-15,26,OKC,H,BOS,-15,1,34:46,8,16,0.5,0,1,0,0,0,NA,4,6,10,0,0,3,0,1,16,14.3,1,36
Serge Ibaka,11,11,2015-11-16,26,OKC,A,MEM,-8,1,34:49,8,16,0.5,2,3,0.667,0,2,0,1,8,9,0,0,3,2,3,18,11.2,2,35.3
Serge Ibaka,12,12,2015-11-18,26,OKC,H,NOP,7,1,33:18,2,11,0.182,0,1,0,2,4,0.5,2,3,5,1,1,1,1,3,6,0.8,-1,17.3
Serge Ibaka,13,13,2015-11-20,26,OKC,H,NYK,-3,1,29:35,4,13,0.308,0,2,0,0,0,NA,1,2,3,1,0,0,1,1,8,1.1,-10,12.8
Serge Ibaka,14,14,2015-11-22,26,OKC,H,DAL,3,1,31:45,8,15,0.533,0,1,0,0,0,NA,3,6,9,1,0,1,3,4,16,9.4,-6,29.3
Serge Ibaka,15,15,2015-11-23,26,OKC,A,UTA,22,1,25:12,5,10,0.5,1,4,0.25,0,0,NA,0,4,4,0,0,4,4,5,11,4,6,22.5
Serge Ibaka,16,16,2015-11-25,26,OKC,H,BRK,11,1,32:57,4,9,0.444,0,2,0,4,4,1,1,7,8,1,1,2,1,1,12,11.8,16,29
Serge Ibaka,17,17,2015-11-27,26,OKC,H,DET,16,1,31:47,7,8,0.875,0,0,NA,0,0,NA,1,3,4,0,0,4,1,2,14,13.8,6,26.5
Serge Ibaka,18,18,2015-11-30,26,OKC,A,ATL,-6,1,35:02,8,15,0.533,0,0,NA,1,1,1,1,4,5,1,1,4,0,2,17,15.3,1,34.8
Serge Ibaka,19,19,2015-12-03,26,OKC,A,MIA,-2,1,33:17,4,11,0.364,1,1,1,0,0,NA,2,5,7,0,1,0,0,5,9,4.8,8,20.3
Serge Ibaka,20,20,2015-12-06,26,OKC,H,SAC,3,1,19:24,6,8,0.75,0,0,NA,0,0,NA,5,2,7,0,0,3,0,5,12,13,10,26.8
Serge Ibaka,21,21,2015-12-08,26,OKC,A,MEM,37,1,28:53,8,15,0.533,1,2,0.5,0,0,NA,1,3,4,0,0,0,1,2,17,9.5,24,22
Serge Ibaka,22,22,2015-12-10,26,OKC,H,ATL,13,1,36:01,9,14,0.643,1,3,0.333,4,4,1,1,9,10,0,1,2,2,4,23,19,13,42.5
Serge Ibaka,23,23,2015-12-11,26,OKC,A,UTA,4,1,30:24,4,13,0.308,0,0,NA,0,0,NA,1,7,8,1,0,1,2,3,8,1.5,12,20.5
Serge Ibaka,24,24,2015-12-13,26,OKC,H,UTA,6,1,40:00,2,5,0.4,1,2,0.5,2,2,1,2,5,7,1,1,6,1,1,7,11.7,16,31.3
Serge Ibaka,25,25,2015-12-16,26,OKC,H,POR,16,1,24:07,5,9,0.556,0,0,NA,3,5,0.6,1,3,4,1,0,4,2,3,13,9.8,14,26.5
Serge Ibaka,26,26,2015-12-17,26,OKC,A,CLE,-4,1,38:13,8,14,0.571,2,5,0.4,5,6,0.833,3,6,9,1,0,1,1,0,23,20.3,10,38.3
Serge Ibaka,27,27,2015-12-19,26,OKC,H,LAL,40,1,26:17,5,12,0.417,2,2,1,0,0,NA,3,4,7,0,0,0,3,1,12,5.5,16,20.3
Serge Ibaka,28,28,2015-12-21,26,OKC,A,LAC,1,1,35:44,8,13,0.615,0,2,0,1,2,0.5,2,6,8,1,2,0,1,1,17,15.2,9,32
Serge Ibaka,29,29,2015-12-23,26,OKC,A,LAL,35,1,26:09,7,11,0.636,2,4,0.5,1,1,1,1,6,7,0,0,2,2,2,17,13.2,38,29.8
Serge Ibaka,30,30,2015-12-25,26,OKC,H,CHI,-9,1,34:48,3,12,0.25,0,2,0,0,0,NA,2,5,7,0,2,2,2,4,6,1.5,-7,21.8
Serge Ibaka,31,31,2015-12-27,26,OKC,H,DEN,10,1,31:27,9,13,0.692,0,1,0,1,1,1,0,4,4,1,0,3,0,2,19,16.7,19,31.5
Serge Ibaka,32,32,2015-12-29,26,OKC,H,MIL,8,1,36:05,3,7,0.429,1,2,0.5,4,4,1,0,4,4,1,0,4,2,2,11,9.2,-3,25
Serge Ibaka,33,33,2015-12-31,26,OKC,H,PHO,4,1,29:42,4,8,0.5,1,2,0.5,0,0,NA,1,4,5,2,0,2,2,1,9,7.3,18,21.8
Serge Ibaka,34,34,2016-01-02,26,OKC,A,CHO,19,1,30:59,2,8,0.25,0,2,0,10,10,1,1,4,5,0,0,4,3,3,14,9.7,21,26.8
Serge Ibaka,35,35,2016-01-04,26,OKC,H,SAC,-12,1,40:00,10,17,0.588,3,5,0.6,2,4,0.5,1,6,7,1,1,5,3,3,25,19.8,-3,47.3
Serge Ibaka,36,36,2016-01-06,26,OKC,H,MEM,18,1,24:31,3,6,0.5,0,2,0,1,3,0.333,0,5,5,0,0,1,3,2,7,1.6,12,13.8
Serge Ibaka,37,37,2016-01-08,26,OKC,A,LAL,4,1,29:55,3,7,0.429,0,1,0,1,1,1,0,1,1,0,0,0,1,2,7,1.8,-6,7.8
Serge Ibaka,38,38,2016-01-10,26,OKC,A,POR,-5,1,35:49,5,7,0.714,4,4,1,0,0,NA,0,3,3,0,0,2,3,2,14,9.6,-7,22.3
Serge Ibaka,39,39,2016-01-12,26,OKC,A,MIN,5,1,36:47,3,8,0.375,2,2,1,0,0,NA,1,7,8,0,1,2,1,2,8,7,9,24.5
Serge Ibaka,40,40,2016-01-13,26,OKC,H,DAL,19,1,30:48,8,15,0.533,3,6,0.5,1,2,0.5,5,6,11,0,0,3,5,4,20,13.1,24,40.3
Serge Ibaka,41,41,2016-01-15,26,OKC,H,MIN,20,1,32:30,6,13,0.462,1,5,0.2,0,0,NA,2,3,5,4,1,3,1,2,13,12.7,13,33.3
Serge Ibaka,42,42,2016-01-17,26,OKC,H,MIA,25,1,32:30,9,15,0.6,1,3,0.333,0,0,NA,3,4,7,0,1,0,1,1,19,15,19,29.8
Serge Ibaka,43,43,2016-01-19,26,OKC,A,DEN,6,1,36:24,2,8,0.25,0,2,0,0,0,NA,1,9,10,3,0,2,1,4,4,3.5,0,24.5
Serge Ibaka,44,44,2016-01-20,26,OKC,H,CHO,14,1,37:44,5,9,0.556,1,4,0.25,0,0,NA,3,5,8,1,0,0,1,4,11,8.4,19,22.5
Serge Ibaka,45,45,2016-01-22,26,OKC,A,DAL,3,1,37:36,6,11,0.545,2,4,0.5,0,0,NA,1,2,3,0,0,1,3,4,14,6.1,1,19.3
Serge Ibaka,46,46,2016-01-24,26,OKC,A,BRK,-10,1,31:14,5,10,0.5,0,2,0,0,0,NA,4,5,9,1,1,1,2,1,10,9.3,-7,25.8
Serge Ibaka,47,47,2016-01-26,26,OKC,A,NYK,6,1,46:55,5,12,0.417,0,2,0,2,2,1,6,11,17,2,0,2,0,3,12,14.7,13,41.8
Serge Ibaka,48,48,2016-01-27,26,OKC,A,MIN,3,1,25:29,2,7,0.286,0,0,NA,2,2,1,1,3,4,1,0,0,1,3,6,2,-5,12
Serge Ibaka,49,49,2016-01-29,26,OKC,H,HOU,8,1,25:40,1,7,0.143,0,2,0,0,0,NA,0,2,2,1,0,2,2,5,2,-3.8,4,9
Serge Ibaka,50,50,2016-02-01,26,OKC,H,WAS,16,1,33:01,8,12,0.667,2,3,0.667,1,2,0.5,3,7,10,3,0,2,1,2,19,19.3,17,42
Serge Ibaka,51,51,2016-02-03,26,OKC,H,ORL,3,1,36:18,4,11,0.364,0,2,0,1,1,1,4,3,7,1,0,6,1,3,9,9.3,6,30.8
Serge Ibaka,52,52,2016-02-06,26,OKC,A,GSW,-8,1,35:46,3,5,0.6,1,3,0.333,1,2,0.5,1,2,3,0,0,0,0,3,8,5.4,-5,12.3
Serge Ibaka,53,53,2016-02-08,26,OKC,A,PHO,16,1,26:53,4,9,0.444,0,3,0,0,0,NA,1,4,5,0,0,2,0,5,8,4.6,4,18.3
Serge Ibaka,54,54,2016-02-11,26,OKC,H,NOP,26,1,30:09,7,15,0.467,1,3,0.333,3,3,1,1,6,7,3,1,3,1,3,18,15.8,14,39.3
Serge Ibaka,55,55,2016-02-19,26,OKC,H,IND,-3,1,34:57,6,13,0.462,0,2,0,0,1,0,3,8,11,1,0,0,2,3,12,6.9,-1,27.8
Serge Ibaka,56,56,2016-02-21,26,OKC,H,CLE,-23,1,30:39,6,14,0.429,0,2,0,0,1,0,2,1,3,1,2,2,0,3,12,8.8,-17,25.3
Serge Ibaka,57,57,2016-02-24,26,OKC,A,DAL,13,1,36:48,6,12,0.5,1,1,1,0,0,NA,1,7,8,1,0,1,0,3,13,10,8,27
Serge Ibaka,58,58,2016-02-25,26,OKC,A,NOP,-4,1,35:39,6,11,0.545,0,1,0,3,4,0.75,1,4,5,0,1,2,3,4,15,9,0,25.8
Serge Ibaka,59,59,2016-02-27,26,OKC,H,GSW,-3,1,40:41,7,12,0.583,0,2,0,1,2,0.5,5,15,20,1,1,2,1,1,15,18.7,-1,48.5
Serge Ibaka,60,60,2016-02-29,26,OKC,A,SAC,15,1,29:52,4,12,0.333,0,3,0,4,4,1,1,6,7,0,0,1,3,3,12,4.2,12,21.3
Serge Ibaka,61,61,2016-03-02,26,OKC,A,LAC,-5,1,32:31,5,16,0.313,0,1,0,1,1,1,4,7,11,2,1,0,2,3,11,5.9,-9,30.3
Serge Ibaka,62,62,2016-03-03,26,OKC,A,GSW,-15,1,36:46,8,12,0.667,2,3,0.667,2,2,1,1,5,6,0,1,1,2,4,20,15.1,-5,31.5
Serge Ibaka,63,63,2016-03-06,26,OKC,A,MIL,8,1,35:28,5,12,0.417,1,4,0.25,2,4,0.5,1,2,3,0,0,2,2,2,13,5.7,13,20.3
Serge Ibaka,64,64,2016-03-09,26,OKC,H,LAC,12,1,33:29,6,14,0.429,1,3,0.333,2,2,1,1,3,4,1,0,0,1,4,15,7.3,1,21.5
Serge Ibaka,65,65,2016-03-11,26,OKC,H,MIN,-3,1,19:58,0,4,0,0,1,0,0,0,NA,0,2,2,0,1,1,2,6,0,-4.9,-13,5.5
Serge Ibaka,66,66,2016-03-12,26,OKC,A,SAS,-8,1,37:09,3,13,0.231,0,3,0,1,2,0.5,2,10,12,0,3,0,1,3,7,3.9,1,27.5
Serge Ibaka,67,67,2016-03-14,26,OKC,H,POR,34,1,26:13,7,10,0.7,1,2,0.5,0,0,NA,1,6,7,0,0,3,0,4,15,13.8,16,30.3
Serge Ibaka,68,68,2016-03-16,26,OKC,A,BOS,21,1,23:40,5,11,0.455,2,4,0.5,2,2,1,1,1,2,0,2,0,1,2,14,9.5,11,21
Serge Ibaka,70,69,2016-03-19,26,OKC,A,IND,4,1,23:27,4,6,0.667,0,1,0,0,0,NA,0,4,4,0,0,1,0,2,8,6.5,-10,15
Serge Ibaka,71,70,2016-03-22,26,OKC,H,HOU,4,1,28:47,6,15,0.4,1,4,0.25,2,4,0.5,2,7,9,0,1,3,2,2,15,9.9,-4,33.8
Serge Ibaka,72,71,2016-03-24,26,OKC,H,UTA,22,1,27:15,4,6,0.667,2,4,0.5,0,0,NA,1,2,3,2,3,1,1,2,10,12,16,25.3
Serge Ibaka,73,72,2016-03-26,26,OKC,H,SAS,19,1,34:32,7,12,0.583,1,4,0.25,0,0,NA,0,8,8,1,0,4,1,0,15,14.3,30,34.5
Serge Ibaka,74,73,2016-03-28,26,OKC,A,TOR,19,1,32:43,6,12,0.5,1,4,0.25,2,2,1,0,9,9,1,0,2,0,1,15,13.4,39,32.3
Serge Ibaka,76,74,2016-03-31,26,OKC,H,LAC,2,1,27:43,7,12,0.583,2,4,0.5,0,0,NA,3,6,9,3,0,0,0,3,16,15.2,-7,32.8
Serge Ibaka,77,75,2016-04-03,26,OKC,A,HOU,-8,1,30:18,3,10,0.3,0,4,0,2,2,1,3,5,8,1,0,1,0,4,8,5.6,-9,21.5
Serge Ibaka,78,76,2016-04-05,26,OKC,A,DEN,22,1,28:54,7,11,0.636,2,5,0.4,2,4,0.5,2,3,5,1,0,0,2,2,18,12.5,11,25.8
Serge Ibaka,80,77,2016-04-09,26,OKC,A,SAC,-2,1,28:53,5,9,0.556,2,5,0.4,2,2,1,2,6,8,0,2,0,1,3,14,12.7,1,28.5
Serge Ibaka,81,78,2016-04-11,26,OKC,H,LAL,33,1,27:08,1,12,0.083,0,5,0,0,0,NA,2,3,5,1,0,3,1,1,2,-2.3,28,15.3
Dion Waiters,1,1,2015-10-28,23,OKC,H,SAS,6,0,21:24,4,8,0.5,0,2,0,0,0,NA,1,3,4,2,0,0,3,2,8,3.2,15,14.5
Dion Waiters,2,2,2015-10-30,23,OKC,A,ORL,3,0,28:34,1,6,0.167,1,3,0.333,0,0,NA,0,7,7,2,0,1,3,3,3,-0.8,24,15.8
Dion Waiters,3,3,2015-11-01,23,OKC,H,DEN,24,0,23:55,3,8,0.375,1,2,0.5,3,3,1,0,1,1,4,1,0,0,0,10,9.7,9,19.8
Dion Waiters,4,4,2015-11-02,23,OKC,A,HOU,-5,0,32:23,3,8,0.375,1,1,1,2,4,0.5,1,3,4,1,1,0,1,5,9,4.1,0,17.5
Dion Waiters,5,5,2015-11-04,23,OKC,H,TOR,-5,0,23:56,3,8,0.375,1,3,0.333,0,0,NA,3,3,6,1,2,0,1,2,7,6.5,-11,20
Dion Waiters,6,6,2015-11-05,23,OKC,A,CHI,-6,0,27:17,2,3,0.667,0,0,NA,0,0,NA,1,4,5,1,0,0,1,3,4,3.1,-8,11.3
Dion Waiters,7,7,2015-11-08,23,OKC,H,PHO,21,0,24:45,6,9,0.667,2,3,0.667,5,6,0.833,0,0,0,2,3,1,0,3,19,18.6,7,31
Dion Waiters,8,8,2015-11-10,23,OKC,A,WAS,24,0,23:23,7,10,0.7,4,5,0.8,7,7,1,0,2,2,1,0,0,2,1,25,19.7,6,30
Dion Waiters,9,9,2015-11-13,23,OKC,H,PHI,17,0,29:14,4,13,0.308,1,3,0.333,5,5,1,1,2,3,2,0,0,0,1,14,8.8,11,21.3
Dion Waiters,10,10,2015-11-15,23,OKC,H,BOS,-15,0,29:00,3,11,0.273,1,2,0.5,0,0,NA,0,2,2,0,1,0,3,4,7,-2.5,-20,10.5
Dion Waiters,11,11,2015-11-16,23,OKC,A,MEM,-8,0,37:43,6,14,0.429,1,3,0.333,1,2,0.5,1,6,7,2,1,0,3,2,14,7.3,-14,26.8
Dion Waiters,12,12,2015-11-18,23,OKC,H,NOP,7,0,30:32,2,10,0.2,0,1,0,0,0,NA,0,4,4,2,1,0,2,2,4,-1.4,1,13
Dion Waiters,13,13,2015-11-20,23,OKC,H,NYK,-3,1,30:02,6,15,0.4,0,6,0,4,5,0.8,2,2,4,1,3,0,4,0,16,9.2,0,26.5
Dion Waiters,14,14,2015-11-22,23,OKC,H,DAL,3,1,29:13,5,12,0.417,2,4,0.5,2,2,1,0,2,2,2,1,0,1,2,14,8.8,-8,22
Dion Waiters,15,15,2015-11-23,23,OKC,A,UTA,22,0,28:31,5,9,0.556,1,2,0.5,1,2,0.5,0,3,3,6,4,1,2,2,12,14.3,34,34.3
Dion Waiters,16,16,2015-11-25,23,OKC,H,BRK,11,0,27:23,6,13,0.462,2,6,0.333,2,2,1,0,3,3,2,1,0,2,2,16,9.8,13,24.8
Dion Waiters,17,17,2015-11-27,23,OKC,H,DET,16,0,27:04,4,13,0.308,0,4,0,0,0,NA,1,3,4,3,1,0,2,2,8,2.4,17,18.5
Dion Waiters,18,18,2015-11-30,23,OKC,A,ATL,-6,0,31:18,0,7,0,0,1,0,1,2,0.5,1,5,6,3,2,0,0,4,1,0.4,6,17
Dion Waiters,19,19,2015-12-03,23,OKC,A,MIA,-2,0,26:42,6,9,0.667,1,2,0.5,0,0,NA,0,3,3,2,1,0,0,1,13,12,-5,22.3
Dion Waiters,20,20,2015-12-06,23,OKC,H,SAC,3,0,26:47,2,12,0.167,2,4,0.5,4,4,1,0,1,1,2,0,0,1,1,10,2.7,-4,14.8
Dion Waiters,21,21,2015-12-08,23,OKC,A,MEM,37,0,25:54,4,8,0.5,1,3,0.333,3,3,1,0,0,0,1,1,0,3,0,12,6.7,23,14.5
Dion Waiters,22,22,2015-12-10,24,OKC,H,ATL,13,0,30:35,4,14,0.286,1,4,0.25,0,0,NA,1,0,1,1,0,0,1,3,9,0,13,11.8
Dion Waiters,23,23,2015-12-11,24,OKC,A,UTA,4,0,29:39,5,9,0.556,0,2,0,0,0,NA,2,2,4,1,0,0,1,1,10,7,-2,16
Dion Waiters,24,24,2015-12-13,24,OKC,H,UTA,6,0,39:17,5,12,0.417,3,6,0.5,0,0,NA,2,1,3,4,0,0,1,1,13,9.7,-3,23.8
Dion Waiters,25,25,2015-12-16,24,OKC,H,POR,16,0,27:57,6,10,0.6,1,2,0.5,5,7,0.714,0,6,6,1,1,0,3,2,18,12.3,8,28
Dion Waiters,26,26,2015-12-17,24,OKC,A,CLE,-4,0,21:00,1,7,0.143,0,3,0,2,4,0.5,0,2,2,0,1,0,0,4,4,-1.3,-11,8.5
Dion Waiters,27,27,2015-12-19,24,OKC,H,LAL,40,0,17:05,5,8,0.625,0,1,0,1,2,0.5,0,6,6,2,1,0,1,1,11,9.8,19,23
Dion Waiters,28,28,2015-12-21,24,OKC,A,LAC,1,0,34:37,4,7,0.571,1,3,0.333,0,0,NA,0,2,2,3,0,0,2,1,9,6,7,15.5
Dion Waiters,29,29,2015-12-23,24,OKC,A,LAL,35,0,16:24,1,8,0.125,0,3,0,0,0,NA,0,1,1,1,0,0,2,2,2,-5,-7,3.8
Dion Waiters,30,30,2015-12-25,24,OKC,H,CHI,-9,0,18:50,1,6,0.167,0,0,NA,0,0,NA,0,0,0,2,1,0,1,0,2,-0.4,9,6.5
Dion Waiters,31,31,2015-12-27,24,OKC,H,DEN,10,0,18:55,2,5,0.4,0,1,0,0,0,NA,2,3,5,0,1,0,0,2,4,3.8,11,12.3
Dion Waiters,32,32,2015-12-29,24,OKC,H,MIL,8,0,23:39,1,6,0.167,0,1,0,0,0,NA,0,2,2,1,0,0,1,3,2,-2.7,-3,5.5
Dion Waiters,33,33,2015-12-31,24,OKC,H,PHO,4,0,28:10,3,6,0.5,0,2,0,0,0,NA,1,5,6,3,2,1,3,4,6,5.4,0,22.5
Dion Waiters,34,34,2016-01-02,24,OKC,A,CHO,19,0,24:54,4,10,0.4,1,3,0.333,1,3,0.333,2,2,4,5,0,0,1,1,10,7.9,-1,22.5
Dion Waiters,35,35,2016-01-04,24,OKC,H,SAC,-12,0,19:27,1,7,0.143,0,3,0,3,4,0.75,0,2,2,1,1,0,1,1,5,1,-20,10.5
Dion Waiters,36,36,2016-01-06,24,OKC,H,MEM,18,0,31:20,6,9,0.667,2,3,0.667,1,2,0.5,0,1,1,3,0,0,1,0,15,12.1,18,21.3
Dion Waiters,37,37,2016-01-08,24,OKC,A,LAL,4,0,21:08,1,7,0.143,0,1,0,0,0,NA,0,2,2,3,2,1,2,0,2,0.9,1,14
Dion Waiters,38,38,2016-01-10,24,OKC,A,POR,-5,0,21:37,2,2,1,0,0,NA,2,4,0.5,0,0,0,1,0,0,3,0,6,2.3,0,6
Dion Waiters,39,39,2016-01-12,24,OKC,A,MIN,5,0,31:43,2,8,0.25,1,1,1,0,0,NA,0,4,4,4,3,0,1,3,5,5,-1,22
Dion Waiters,40,40,2016-01-13,24,OKC,H,DAL,19,0,24:40,6,13,0.462,3,6,0.5,3,5,0.6,1,0,1,5,0,0,4,2,18,9.9,1,26.3
Dion Waiters,41,41,2016-01-15,24,OKC,H,MIN,20,0,28:23,8,14,0.571,2,5,0.4,2,4,0.5,0,1,1,1,1,0,1,1,20,13.2,-2,25.3
Dion Waiters,42,42,2016-01-17,24,OKC,H,MIA,25,0,28:42,6,11,0.545,1,2,0.5,5,5,1,0,1,1,1,1,1,1,1,18,14,12,24.8
Dion Waiters,43,43,2016-01-19,24,OKC,A,DEN,6,0,23:04,2,10,0.2,1,4,0.25,0,0,NA,0,0,0,2,1,0,3,2,5,-2.6,9,9
Dion Waiters,44,44,2016-01-20,24,OKC,H,CHO,14,0,27:45,2,9,0.222,1,3,0.333,0,0,NA,0,3,3,3,1,0,4,3,5,-1.7,3,13.8
Dion Waiters,45,45,2016-01-22,24,OKC,A,DAL,3,0,35:16,5,10,0.5,3,6,0.5,0,2,0,0,4,4,1,0,1,0,2,13,9,3,23
Dion Waiters,46,46,2016-01-24,24,OKC,A,BRK,-10,0,32:45,3,10,0.3,2,5,0.4,1,2,0.5,0,0,0,1,2,0,1,2,9,3.7,-1,15
Dion Waiters,47,47,2016-01-26,24,OKC,A,NYK,6,1,42:31,6,10,0.6,2,3,0.667,0,0,NA,0,3,3,1,0,0,2,3,14,7.8,-4,19.3
Dion Waiters,48,48,2016-01-27,24,OKC,A,MIN,3,1,34:43,6,14,0.429,4,7,0.571,0,0,NA,0,0,0,1,0,0,0,4,16,7.7,-4,19.5
Dion Waiters,49,49,2016-01-29,24,OKC,H,HOU,8,1,32:19,6,9,0.667,2,4,0.5,2,2,1,1,1,2,0,1,0,1,4,16,11.5,6,21
Dion Waiters,50,50,2016-02-01,24,OKC,H,WAS,16,1,37:14,3,11,0.273,2,5,0.4,0,0,NA,1,5,6,3,3,1,1,1,8,8.1,17,28.5
Dion Waiters,51,51,2016-02-03,24,OKC,H,ORL,3,1,34:06,2,6,0.333,0,2,0,4,6,0.667,0,2,2,2,1,0,1,2,8,5,-2,15
Dion Waiters,52,52,2016-02-06,24,OKC,A,GSW,-8,1,36:43,1,5,0.2,0,0,NA,2,3,0.667,0,4,4,1,3,0,0,2,4,4.6,1,16.5
Dion Waiters,53,53,2016-02-08,24,OKC,A,PHO,16,1,40:45,5,11,0.455,2,6,0.333,3,5,0.6,0,1,1,4,3,1,2,2,15,12.5,22,30.3
Dion Waiters,54,54,2016-02-11,24,OKC,H,NOP,26,1,20:22,2,6,0.333,0,2,0,2,2,1,0,2,2,0,0,0,1,0,6,2.2,11,8
Dion Waiters,55,55,2016-02-19,24,OKC,H,IND,-3,1,31:34,0,6,0,0,2,0,0,0,NA,0,2,2,2,2,0,0,2,0,-1,-11,9.5
Dion Waiters,56,56,2016-02-21,24,OKC,H,CLE,-23,1,32:30,1,8,0.125,0,3,0,2,2,1,1,2,3,2,1,0,1,2,4,0.7,-14,12.3
Dion Waiters,57,57,2016-02-24,24,OKC,A,DAL,13,0,26:54,5,8,0.625,4,6,0.667,0,0,NA,0,2,2,3,1,0,2,3,14,10.9,16,24
Dion Waiters,58,58,2016-02-25,24,OKC,A,NOP,-4,0,29:32,3,7,0.429,2,4,0.5,0,0,NA,0,2,2,5,2,0,0,2,8,9.6,2,23
Dion Waiters,59,59,2016-02-27,24,OKC,H,GSW,-3,0,30:57,3,7,0.429,0,2,0,1,2,0.5,0,0,0,1,0,0,2,2,7,0.8,-18,7.5
Dion Waiters,60,60,2016-02-29,24,OKC,A,SAC,15,0,31:32,8,11,0.727,3,5,0.6,3,5,0.6,0,2,2,2,1,0,3,0,22,16.7,30,29.5
Dion Waiters,61,61,2016-03-02,24,OKC,A,LAC,-5,0,26:56,2,9,0.222,2,6,0.333,0,0,NA,0,2,2,0,0,0,2,2,6,-1.7,4,8.5
Dion Waiters,62,62,2016-03-03,24,OKC,A,GSW,-15,0,20:37,2,6,0.333,0,1,0,2,2,1,0,1,1,1,0,0,0,2,6,2.8,-24,8.8
Dion Waiters,63,63,2016-03-06,24,OKC,A,MIL,8,0,28:54,1,8,0.125,0,3,0,0,0,NA,0,3,3,2,1,1,2,4,2,-2.8,-6,11.8
Dion Waiters,68,64,2016-03-16,24,OKC,A,BOS,21,0,11:05,1,5,0.2,1,2,0.5,2,2,1,1,0,1,0,0,0,0,1,5,2.2,4,6.8
Dion Waiters,69,65,2016-03-18,24,OKC,A,PHI,14,0,23:49,3,10,0.3,1,3,0.333,2,4,0.5,0,1,1,2,0,0,0,1,9,3.7,3,13.8
Dion Waiters,70,66,2016-03-19,24,OKC,A,IND,4,0,17:38,4,6,0.667,1,2,0.5,0,0,NA,0,1,1,1,0,0,5,2,9,1.6,0,9.8
Dion Waiters,71,67,2016-03-22,24,OKC,H,HOU,4,0,25:03,7,11,0.636,3,6,0.5,0,0,NA,2,2,4,1,2,1,1,1,17,16.1,9,30.5
Dion Waiters,72,68,2016-03-24,24,OKC,H,UTA,22,0,29:23,8,16,0.5,1,4,0.25,0,2,0,1,1,2,3,3,0,1,2,17,12.5,3,30
Dion Waiters,73,69,2016-03-26,24,OKC,H,SAS,19,0,17:35,0,4,0,0,0,NA,0,0,NA,0,0,0,0,0,0,2,2,0,-5.6,-4,-1
Dion Waiters,74,70,2016-03-28,24,OKC,A,TOR,19,0,27:32,6,10,0.6,3,4,0.75,0,0,NA,0,2,2,3,3,1,2,1,15,14.4,10,30.5
Dion Waiters,75,71,2016-03-29,24,OKC,A,DET,-6,1,34:24,1,8,0.125,0,2,0,2,2,1,1,4,5,2,2,0,3,4,4,-0.5,-1,15.8
Dion Waiters,76,72,2016-03-31,24,OKC,H,LAC,2,0,16:12,3,6,0.5,1,3,0.333,0,0,NA,1,2,3,2,0,0,0,1,7,6.3,-3,14.3
Dion Waiters,77,73,2016-04-03,24,OKC,A,HOU,-8,0,24:44,1,3,0.333,0,2,0,1,2,0.5,0,1,1,2,0,0,1,1,3,1.2,-10,6.8
Dion Waiters,78,74,2016-04-05,24,OKC,A,DEN,22,0,23:41,6,9,0.667,3,4,0.75,3,5,0.6,1,0,1,5,4,0,0,1,18,21.1,9,36.3
Dion Waiters,79,75,2016-04-06,24,OKC,A,POR,-5,1,38:32,10,19,0.526,1,5,0.2,4,6,0.667,1,3,4,1,3,0,7,2,25,12.4,-2,34.5
Dion Waiters,80,76,2016-04-09,24,OKC,A,SAC,-2,0,23:08,1,4,0.25,1,2,0.5,1,2,0.5,1,1,2,4,0,1,0,1,4,5.3,-6,15
Dion Waiters,81,77,2016-04-11,24,OKC,H,LAL,33,0,16:45,2,7,0.286,1,3,0.333,4,5,0.8,0,1,1,2,1,1,1,1,9,6.5,12,17.3
Dion Waiters,82,78,2016-04-12,24,OKC,A,SAS,-4,1,42:05,5,22,0.227,1,7,0.143,6,7,0.857,1,4,5,4,1,1,4,1,17,5.2,3,31.8
Andre Roberson,1,1,2015-10-28,23,OKC,H,SAS,6,1,16:35,1,1,1,0,0,NA,0,0,NA,0,1,1,2,1,1,0,1,2,4.7,-4,10.3
Andre Roberson,2,2,2015-10-30,23,OKC,A,ORL,3,1,18:48,0,1,0,0,1,0,0,0,NA,0,2,2,0,0,0,2,0,0,-2.1,-13,1.5
Andre Roberson,3,3,2015-11-01,23,OKC,H,DEN,24,1,20:21,4,7,0.571,1,3,0.333,1,2,0.5,1,6,7,1,1,0,1,3,10,8.3,16,22.3
Andre Roberson,4,4,2015-11-02,23,OKC,A,HOU,-5,1,22:24,3,5,0.6,1,1,1,0,0,NA,1,2,3,0,0,2,0,4,7,5.8,-1,15.3
Andre Roberson,5,5,2015-11-04,23,OKC,H,TOR,-5,1,26:44,1,3,0.333,1,3,0.333,2,2,1,0,1,1,0,0,0,0,4,5,2,1,6.8
Andre Roberson,6,6,2015-11-05,23,OKC,A,CHI,-6,1,14:49,1,3,0.333,1,2,0.5,0,0,NA,1,1,2,1,1,0,0,2,3,3.2,11,9.5
Andre Roberson,7,7,2015-11-08,23,OKC,H,PHO,21,1,22:36,3,7,0.429,0,1,0,1,2,0.5,2,4,6,0,0,1,0,2,7,5.4,15,16.5
Andre Roberson,8,8,2015-11-10,23,OKC,A,WAS,24,1,24:54,3,6,0.5,1,3,0.333,0,0,NA,0,1,1,1,1,1,0,2,7,5.9,22,14.3
Andre Roberson,9,9,2015-11-13,23,OKC,H,PHI,17,1,18:46,2,6,0.333,0,2,0,1,2,0.5,0,2,2,1,1,0,1,0,5,2.5,6,10.5
Andre Roberson,10,10,2015-11-15,23,OKC,H,BOS,-15,1,25:02,3,5,0.6,1,2,0.5,0,0,NA,0,2,2,1,2,0,0,0,7,8,0,15.5
Andre Roberson,12,11,2015-11-18,23,OKC,H,NOP,7,1,29:27,3,5,0.6,1,2,0.5,1,2,0.5,4,4,8,1,1,0,1,2,8,9.2,-7,21.5
Andre Roberson,13,12,2015-11-20,23,OKC,H,NYK,-3,1,26:17,1,4,0.25,0,3,0,0,0,NA,1,1,2,1,0,1,0,4,2,0.4,-16,8
Andre Roberson,14,13,2015-11-22,23,OKC,H,DAL,3,1,32:59,2,6,0.333,2,5,0.4,1,2,0.5,2,2,4,2,1,2,0,3,7,7.8,1,22
Andre Roberson,15,14,2015-11-23,23,OKC,A,UTA,22,1,16:28,1,4,0.25,0,2,0,0,0,NA,0,3,3,0,0,0,0,2,2,-0.3,-3,5.8
Andre Roberson,16,15,2015-11-25,23,OKC,H,BRK,11,1,21:51,2,3,0.667,0,0,NA,0,0,NA,0,1,1,1,2,0,4,0,4,1.7,-3,8.8
Andre Roberson,17,16,2015-11-27,23,OKC,H,DET,16,1,30:56,1,3,0.333,0,2,0,0,0,NA,0,8,8,0,0,0,0,3,2,1.5,20,12
Andre Roberson,18,17,2015-11-30,23,OKC,A,ATL,-6,1,16:26,2,4,0.5,1,2,0.5,0,0,NA,0,1,1,0,2,0,0,3,5,4.1,-26,10.8
Andre Roberson,19,18,2015-12-03,23,OKC,A,MIA,-2,1,30:14,1,3,0.333,0,1,0,0,0,NA,3,6,9,0,1,1,0,2,2,5.1,5,17.3
Andre Roberson,20,19,2015-12-06,24,OKC,H,SAC,3,1,30:07,1,7,0.143,0,1,0,1,2,0.5,3,2,5,1,1,1,3,3,3,-1,12,13.3
Andre Roberson,21,20,2015-12-08,24,OKC,A,MEM,37,1,21:57,4,7,0.571,0,2,0,2,3,0.667,1,3,4,0,2,1,0,1,10,10.2,23,21
Andre Roberson,22,21,2015-12-10,24,OKC,H,ATL,13,1,20:49,0,1,0,0,1,0,1,2,0.5,1,2,3,1,0,0,2,0,1,-0.1,1,5.3
Andre Roberson,23,22,2015-12-11,24,OKC,A,UTA,4,1,22:40,3,5,0.6,1,1,1,0,0,NA,1,3,4,0,0,0,1,1,7,4.9,6,12
Andre Roberson,24,23,2015-12-13,24,OKC,H,UTA,6,1,15:28,1,3,0.333,0,1,0,0,0,NA,0,1,1,2,2,0,1,4,2,1.4,5,9.8
Andre Roberson,25,24,2015-12-16,24,OKC,H,POR,16,1,21:36,2,3,0.667,0,1,0,0,0,NA,1,0,1,1,1,0,1,2,4,3.3,6,8.3
Andre Roberson,26,25,2015-12-17,24,OKC,A,CLE,-4,1,20:58,2,3,0.667,1,1,1,0,0,NA,2,2,4,2,1,3,1,0,5,9.2,3,21
Andre Roberson,27,26,2015-12-19,24,OKC,H,LAL,40,1,17:41,2,4,0.5,0,1,0,0,0,NA,3,1,4,1,0,1,0,2,4,5,13,12.5
Andre Roberson,28,27,2015-12-21,24,OKC,A,LAC,1,1,15:20,1,1,1,0,0,NA,0,0,NA,0,0,0,0,1,0,0,0,2,2.7,-8,4
Andre Roberson,29,28,2015-12-23,24,OKC,A,LAL,35,1,26:29,7,9,0.778,0,1,0,1,2,0.5,4,3,7,3,2,4,1,1,15,20.3,45,39.8
Andre Roberson,30,29,2015-12-25,24,OKC,H,CHI,-9,1,20:13,1,6,0.167,0,1,0,0,0,NA,3,1,4,1,0,0,0,2,2,0.5,-12,8.5
Andre Roberson,31,30,2015-12-27,24,OKC,H,DEN,10,1,27:26,4,7,0.571,1,1,1,1,1,1,4,2,6,0,2,0,2,1,10,9.7,-3,21
Andre Roberson,32,31,2015-12-29,24,OKC,H,MIL,8,1,20:06,1,4,0.25,1,2,0.5,3,4,0.75,1,3,4,0,1,0,0,2,6,5,2,13.5
Andre Roberson,33,32,2015-12-31,24,OKC,H,PHO,4,1,25:13,2,3,0.667,1,2,0.5,0,0,NA,1,3,4,1,3,0,1,3,5,6.8,12,17.5
Andre Roberson,34,33,2016-01-02,24,OKC,A,CHO,19,1,14:43,0,1,0,0,1,0,0,0,NA,1,3,4,1,0,1,0,4,0,0.7,10,8.5
Andre Roberson,35,34,2016-01-04,24,OKC,H,SAC,-12,1,23:29,1,3,0.333,0,1,0,0,0,NA,1,2,3,2,1,2,1,1,2,4,8,14.3
Andre Roberson,36,35,2016-01-06,24,OKC,H,MEM,18,1,14:33,1,4,0.25,0,1,0,1,1,1,0,2,2,0,0,0,1,2,3,-0.6,2,5
Andre Roberson,37,36,2016-01-08,24,OKC,A,LAL,4,1,15:49,3,3,1,0,0,NA,1,2,0.5,3,1,4,0,1,0,0,5,7,7.1,10,14
Andre Roberson,38,37,2016-01-10,24,OKC,A,POR,-5,1,31:10,4,6,0.667,1,3,0.333,1,1,1,1,7,8,0,2,3,2,2,10,11.5,-3,29.5
Andre Roberson,39,38,2016-01-12,24,OKC,A,MIN,5,1,17:53,2,6,0.333,0,1,0,0,0,NA,0,2,2,1,1,0,1,3,4,0.7,6,9.5
Andre Roberson,40,39,2016-01-13,24,OKC,H,DAL,19,1,27:15,3,5,0.6,0,1,0,3,4,0.75,0,1,1,1,2,0,0,3,9,8.1,17,15.8
Andre Roberson,41,40,2016-01-15,24,OKC,H,MIN,20,1,16:36,4,4,1,0,0,NA,0,2,0,1,2,3,1,0,1,0,0,8,8.7,18,15.3
Andre Roberson,42,41,2016-01-17,24,OKC,H,MIA,25,1,32:26,3,6,0.5,0,2,0,0,0,NA,0,1,1,1,1,3,0,0,6,7.1,24,16.8
Andre Roberson,43,42,2016-01-19,24,OKC,A,DEN,6,1,14:12,1,2,0.5,0,0,NA,0,0,NA,1,1,2,2,1,1,0,2,2,4.3,-16,11.5
Andre Roberson,44,43,2016-01-20,24,OKC,H,CHO,14,1,20:15,3,4,0.75,1,1,1,0,0,NA,1,2,3,1,1,0,0,0,7,8.4,11,14.8
Andre Roberson,45,44,2016-01-22,24,OKC,A,DAL,3,1,12:44,1,1,1,0,0,NA,0,0,NA,1,1,2,0,0,0,0,0,2,2.7,0,4.5
Andre Roberson,46,45,2016-01-24,24,OKC,A,BRK,-10,1,15:26,0,0,NA,0,0,NA,0,0,NA,0,0,0,1,0,0,1,0,0,-0.3,-7,1
Andre Roberson,57,46,2016-02-24,24,OKC,A,DAL,13,1,20:32,1,5,0.2,1,5,0.2,1,2,0.5,1,2,3,0,0,1,1,4,4,-0.1,-5,9.8
Andre Roberson,58,47,2016-02-25,24,OKC,A,NOP,-4,1,21:44,0,2,0,0,1,0,0,0,NA,0,0,0,0,0,0,0,0,0,-1.4,-3,0
Andre Roberson,59,48,2016-02-27,24,OKC,H,GSW,-3,1,37:06,4,9,0.444,2,4,0.5,0,0,NA,2,3,5,1,1,0,0,2,10,8.5,2,20.8
Andre Roberson,60,49,2016-02-29,24,OKC,A,SAC,15,1,21:05,1,4,0.25,0,2,0,2,2,1,2,0,2,1,0,0,0,1,4,3.3,-14,8
Andre Roberson,61,50,2016-03-02,24,OKC,A,LAC,-5,1,22:22,0,4,0,0,3,0,0,0,NA,1,6,7,0,0,0,0,3,0,-1.5,-10,8.8
Andre Roberson,62,51,2016-03-03,24,OKC,A,GSW,-15,1,35:32,1,7,0.143,0,2,0,2,2,1,5,6,11,0,0,0,0,4,4,3.2,-1,17.8
Andre Roberson,63,52,2016-03-06,24,OKC,A,MIL,8,1,10:06,1,2,0.5,1,1,1,0,0,NA,0,3,3,0,0,1,0,4,3,2,3,9.3
Andre Roberson,64,53,2016-03-09,24,OKC,H,LAC,12,1,25:40,6,7,0.857,1,2,0.5,0,0,NA,0,1,1,0,1,0,0,3,13,10.6,6,16.8
Andre Roberson,65,54,2016-03-11,24,OKC,H,MIN,-3,1,14:01,1,4,0.25,0,1,0,0,0,NA,3,1,4,0,1,1,0,1,2,3.3,-11,11
Andre Roberson,66,55,2016-03-12,24,OKC,A,SAS,-8,1,34:22,2,2,1,1,1,1,1,2,0.5,2,3,5,1,0,1,0,2,6,7.9,-4,16.3
Andre Roberson,67,56,2016-03-14,24,OKC,H,POR,34,1,12:42,1,2,0.5,1,2,0.5,0,0,NA,1,1,2,0,0,0,0,0,3,3,4,6
Andre Roberson,68,57,2016-03-16,24,OKC,A,BOS,21,1,17:32,2,2,1,0,0,NA,0,0,NA,1,3,4,0,0,1,0,2,4,4.9,20,11
Andre Roberson,69,58,2016-03-18,24,OKC,A,PHI,14,1,20:14,2,4,0.5,1,3,0.333,0,0,NA,0,4,4,0,1,0,1,2,5,3.4,6,12
Andre Roberson,70,59,2016-03-19,24,OKC,A,IND,4,1,28:35,1,2,0.5,0,1,0,2,2,1,0,2,2,1,0,0,0,4,4,2.7,7,8
Andre Roberson,71,60,2016-03-22,24,OKC,H,HOU,4,1,20:08,2,3,0.667,0,1,0,0,0,NA,0,1,1,1,1,1,0,5,4,3.4,-14,10.8
Andre Roberson,72,61,2016-03-24,24,OKC,H,UTA,22,1,21:38,1,3,0.333,0,1,0,0,0,NA,0,4,4,0,0,1,0,1,2,1.8,16,9
Andre Roberson,73,62,2016-03-26,24,OKC,H,SAS,19,1,31:11,2,2,1,1,1,1,0,0,NA,1,3,4,2,2,0,0,0,5,9.4,26,17.5
Andre Roberson,74,63,2016-03-28,24,OKC,A,TOR,19,1,24:44,2,2,1,2,2,1,3,4,0.75,1,3,4,0,1,0,0,2,9,9.8,25,17
Andre Roberson,75,64,2016-03-29,24,OKC,A,DET,-6,1,21:49,1,3,0.333,0,0,NA,0,0,NA,1,3,4,1,1,1,3,1,2,0.9,-14,11
Andre Roberson,76,65,2016-03-31,24,OKC,H,LAC,2,1,33:03,2,4,0.5,2,4,0.5,0,2,0,2,3,5,1,1,0,1,2,6,5.4,9,16.3
Andre Roberson,77,66,2016-04-03,24,OKC,A,HOU,-8,1,20:06,2,4,0.5,0,0,NA,0,0,NA,1,2,3,0,0,0,0,2,4,2.5,-7,7.8
Andre Roberson,78,67,2016-04-05,24,OKC,A,DEN,22,1,13:09,2,3,0.667,0,0,NA,0,0,NA,1,5,6,1,0,0,1,0,4,4.6,7,12.5
Andre Roberson,80,68,2016-04-09,24,OKC,A,SAC,-2,1,22:19,3,3,1,0,0,NA,0,0,NA,1,3,4,1,1,2,0,3,6,8.6,-2,18.5
Andre Roberson,81,69,2016-04-11,24,OKC,H,LAL,33,1,18:23,3,4,0.75,1,2,0.5,0,0,NA,1,3,4,0,0,0,0,1,7,6.6,19,12.5
Andre Roberson,82,70,2016-04-12,24,OKC,A,SAS,-4,1,27:05,2,3,0.667,1,2,0.5,0,2,0,2,8,10,0,2,2,0,3,5,8.9,-13,26
Mitch McGary,3,1,2015-11-01,23,OKC,H,DEN,24,0,4:27,0,0,NA,0,0,NA,0,0,NA,0,0,0,0,0,0,2,0,0,-2,-1,-1
Mitch McGary,7,2,2015-11-08,23,OKC,H,PHO,21,0,11:29,1,3,0.333,0,0,NA,1,2,0.5,1,2,3,0,0,0,3,3,3,-2,-15,5.3
Mitch McGary,8,3,2015-11-10,23,OKC,A,WAS,24,0,12:44,2,3,0.667,0,0,NA,1,2,0.5,1,3,4,1,0,0,0,1,5,5.2,1,11.5
Mitch McGary,9,4,2015-11-13,23,OKC,H,PHI,17,0,1:38,0,0,NA,0,0,NA,1,2,0.5,0,0,0,1,0,0,0,0,1,1.3,-4,2.5
Mitch McGary,10,5,2015-11-15,23,OKC,H,BOS,-15,0,0:28,0,0,NA,0,0,NA,0,0,NA,0,0,0,0,0,0,0,0,0,0,0,0
Mitch McGary,15,6,2015-11-23,23,OKC,A,UTA,22,0,2:47,0,0,NA,0,0,NA,0,0,NA,1,1,2,0,0,1,0,1,0,1.3,-4,4.5
Mitch McGary,34,7,2016-01-02,23,OKC,A,CHO,19,0,2:36,0,1,0,0,0,NA,0,0,NA,0,1,1,0,0,0,0,0,0,-0.4,-1,1.3
Mitch McGary,35,8,2016-01-04,23,OKC,H,SAC,-12,0,2:09,0,0,NA,0,0,NA,0,0,NA,0,0,0,0,0,0,0,0,0,0,-6,0
Mitch McGary,36,9,2016-01-06,23,OKC,H,MEM,18,0,2:07,0,1,0,0,0,NA,0,0,NA,0,0,0,0,0,0,0,0,0,-0.7,-2,0
Mitch McGary,40,10,2016-01-13,23,OKC,H,DAL,19,0,4:25,0,0,NA,0,0,NA,1,2,0.5,0,2,2,0,0,0,1,1,1,-0.2,-6,3
Mitch McGary,41,11,2016-01-15,23,OKC,H,MIN,20,0,4:32,0,1,0,0,1,0,0,0,NA,0,0,0,0,0,0,0,2,0,-1.5,-3,0
Mitch McGary,42,12,2016-01-17,23,OKC,H,MIA,25,0,2:13,1,2,0.5,0,1,0,0,0,NA,0,0,0,0,0,0,0,0,2,1,-1,2
Mitch McGary,44,13,2016-01-20,23,OKC,H,CHO,14,0,3:18,2,3,0.667,0,1,0,0,0,NA,1,0,1,0,0,1,0,0,4,4.1,-3,7.3
Mitch McGary,50,14,2016-02-01,23,OKC,H,WAS,16,0,1:11,0,0,NA,0,0,NA,0,0,NA,0,0,0,0,0,0,0,0,0,0,2,0
Mitch McGary,54,15,2016-02-11,23,OKC,H,NOP,26,0,3:43,2,3,0.667,0,0,NA,0,0,NA,0,2,2,0,1,0,0,1,4,3.9,4,8.5
Mitch McGary,56,16,2016-02-21,23,OKC,H,CLE,-23,0,2:39,0,0,NA,0,0,NA,0,2,0,0,1,1,1,0,0,0,0,0,0.2,-2,2.8
Mitch McGary,57,17,2016-02-24,23,OKC,A,DAL,13,0,0:45,0,0,NA,0,0,NA,0,0,NA,0,1,1,0,0,0,0,0,0,0.3,0,1.3
Mitch McGary,60,18,2016-02-29,23,OKC,A,SAC,15,0,2:03,1,2,0.5,0,0,NA,0,0,NA,0,0,0,0,0,0,1,0,2,0,-6,1.5
Mitch McGary,64,19,2016-03-09,23,OKC,H,LAC,12,0,0:58,0,1,0,0,1,0,0,0,NA,0,0,0,0,0,0,0,0,0,-0.7,0,0
Mitch McGary,69,20,2016-03-18,23,OKC,A,PHI,14,0,6:16,2,3,0.667,0,0,NA,0,0,NA,0,1,1,0,0,0,0,1,4,2.6,-2,5.3
D.J. Augustin,1,1,2015-10-28,27,OKC,H,SAS,6,0,12:55,2,5,0.4,0,0,NA,4,4,1,0,1,1,4,3,0,1,1,8,10,-3,20.8
D.J. Augustin,2,2,2015-10-30,27,OKC,A,ORL,3,0,28:14,4,6,0.667,2,4,0.5,2,2,1,1,1,2,5,0,0,0,3,12,12.7,24,23
D.J. Augustin,3,3,2015-11-01,27,OKC,H,DEN,24,0,18:07,5,8,0.625,4,5,0.8,0,0,NA,1,1,2,3,0,0,0,0,14,13.5,3,23
D.J. Augustin,4,4,2015-11-02,27,OKC,A,HOU,-5,0,21:35,4,9,0.444,1,3,0.333,3,5,0.6,0,5,5,0,1,0,6,2,12,2.2,-12,17.8
D.J. Augustin,5,5,2015-11-04,27,OKC,H,TOR,-5,0,12:40,0,0,NA,0,0,NA,0,0,NA,0,0,0,3,0,0,4,2,0,-2.7,-8,2.5
D.J. Augustin,6,6,2015-11-05,27,OKC,A,CHI,-6,0,13:39,1,4,0.25,0,1,0,2,2,1,0,3,3,1,0,1,0,0,4,3.9,-15,11.3
D.J. Augustin,7,7,2015-11-08,27,OKC,H,PHO,21,0,13:57,0,2,0,0,2,0,2,4,0.5,0,1,1,4,3,0,2,0,2,3.9,-5,14.3
D.J. Augustin,8,8,2015-11-10,28,OKC,A,WAS,24,0,16:52,1,2,0.5,0,0,NA,0,1,0,0,3,3,4,0,0,0,2,2,3.5,0,11.8
D.J. Augustin,9,9,2015-11-13,28,OKC,H,PHI,17,0,23:14,3,7,0.429,1,3,0.333,1,2,0.5,0,1,1,1,1,0,1,1,8,4.5,14,12.8
D.J. Augustin,10,10,2015-11-15,28,OKC,H,BOS,-15,0,23:22,1,5,0.2,0,2,0,0,0,NA,0,1,1,4,1,0,5,0,2,-2,-11,8.8
D.J. Augustin,11,11,2015-11-16,28,OKC,A,MEM,-8,0,15:41,2,6,0.333,1,2,0.5,0,0,NA,1,0,1,1,1,0,0,4,5,2.4,-14,10.3
D.J. Augustin,12,12,2015-11-18,28,OKC,H,NOP,7,0,15:59,3,3,1,2,2,1,1,2,0.5,0,1,1,3,0,0,2,0,9,8.1,12,14.8
D.J. Augustin,13,13,2015-11-20,28,OKC,H,NYK,-3,0,13:04,1,4,0.25,0,2,0,0,0,NA,0,0,0,0,0,0,1,1,2,-1.8,-1,1.5
D.J. Augustin,14,14,2015-11-22,28,OKC,H,DAL,3,0,12:33,2,5,0.4,1,2,0.5,0,0,NA,0,1,1,2,0,0,0,0,5,4,0,9.8
D.J. Augustin,15,15,2015-11-23,28,OKC,A,UTA,22,0,20:42,3,7,0.429,3,6,0.5,0,0,NA,0,1,1,2,0,0,0,1,9,6.6,13,14.8
D.J. Augustin,16,16,2015-11-25,28,OKC,H,BRK,11,0,12:46,1,3,0.333,1,1,1,0,0,NA,0,0,0,1,0,0,0,2,3,1.2,-5,5
D.J. Augustin,17,17,2015-11-27,28,OKC,H,DET,16,0,21:31,2,5,0.4,1,3,0.333,1,1,1,1,3,4,3,0,0,0,1,6,6.6,9,16
D.J. Augustin,18,18,2015-11-30,28,OKC,A,ATL,-6,0,16:11,0,2,0,0,1,0,0,0,NA,1,0,1,1,0,0,0,1,0,-0.4,-2,2.8
D.J. Augustin,19,19,2015-12-03,28,OKC,A,MIA,-2,0,13:33,0,2,0,0,0,NA,0,0,NA,0,0,0,1,0,0,1,0,0,-1.7,-10,1
D.J. Augustin,20,20,2015-12-06,28,OKC,H,SAC,3,0,10:08,0,2,0,0,2,0,0,0,NA,0,0,0,0,0,0,1,1,0,-2.8,-10,-0.5
D.J. Augustin,21,21,2015-12-08,28,OKC,A,MEM,37,0,23:04,4,7,0.571,3,5,0.6,2,2,1,0,1,1,3,1,0,0,3,13,11.9,11,22.3
D.J. Augustin,22,22,2015-12-10,28,OKC,H,ATL,13,0,8:51,0,0,NA,0,0,NA,3,4,0.75,0,1,1,0,0,0,0,0,3,2.9,0,4.3
D.J. Augustin,23,23,2015-12-11,28,OKC,A,UTA,4,0,12:58,2,4,0.5,1,3,0.333,0,0,NA,0,1,1,1,0,0,1,1,5,2.6,-4,7.8
D.J. Augustin,24,24,2015-12-13,28,OKC,H,UTA,6,0,12:38,0,0,NA,0,0,NA,0,0,NA,0,0,0,0,0,0,0,1,0,-0.4,-13,0
D.J. Augustin,25,25,2015-12-16,28,OKC,H,POR,16,0,18:01,0,2,0,0,2,0,2,2,1,0,0,0,0,0,0,1,1,2,-0.8,8,1.5
D.J. Augustin,26,26,2015-12-17,28,OKC,A,CLE,-4,0,14:29,1,5,0.2,0,2,0,0,0,NA,0,2,2,3,0,0,0,1,2,1.2,-1,9
D.J. Augustin,27,27,2015-12-19,28,OKC,H,LAL,40,0,16:46,1,3,0.333,1,2,0.5,0,0,NA,0,1,1,3,1,0,0,3,3,3.5,22,11.3
D.J. Augustin,28,28,2015-12-21,28,OKC,A,LAC,1,0,13:36,0,2,0,0,0,NA,1,1,1,0,0,0,1,0,1,1,1,1,-0.4,-8,4
D.J. Augustin,29,29,2015-12-23,28,OKC,A,LAL,35,0,10:10,0,1,0,0,1,0,2,2,1,0,0,0,4,0,0,0,0,2,4.1,-1,8
D.J. Augustin,30,30,2015-12-25,28,OKC,H,CHI,-9,0,13:11,1,4,0.25,1,2,0.5,0,0,NA,0,1,1,1,1,0,2,1,3,0.2,-13,7.3
D.J. Augustin,31,31,2015-12-27,28,OKC,H,DEN,10,0,5:48,0,1,0,0,1,0,0,0,NA,0,0,0,1,0,0,0,0,0,0,-5,1.5
D.J. Augustin,40,32,2016-01-13,28,OKC,H,DAL,19,0,7:56,0,1,0,0,1,0,0,0,NA,0,1,1,1,0,0,0,3,0,-0.9,-4,2.8
D.J. Augustin,48,33,2016-01-27,28,OKC,A,MIN,3,0,6:10,1,2,0.5,0,0,NA,0,0,NA,0,2,2,0,0,0,1,1,2,0.2,3,4
D.J. Augustin,49,34,2016-01-29,28,OKC,H,HOU,8,0,18:28,1,2,0.5,1,1,1,0,0,NA,0,5,5,5,0,0,0,3,3,5.8,7,17.3
Josh Huestis,72,1,2016-03-24,24,OKC,H,UTA,22,0,4:49,1,1,1,1,1,1,0,2,0,0,0,0,0,0,0,1,1,3,0.5,-3,3
Josh Huestis,75,2,2016-03-29,24,OKC,A,DET,-6,0,15:44,2,3,0.667,1,1,1,0,0,NA,1,0,1,0,0,1,0,1,5,4.7,3,8.8
Josh Huestis,79,3,2016-04-06,24,OKC,A,POR,-5,0,20:57,2,3,0.667,2,2,1,0,2,0,0,6,6,0,1,1,2,0,6,5.4,11,17.5
Josh Huestis,81,4,2016-04-11,24,OKC,H,LAL,33,0,8:01,0,3,0,0,1,0,0,0,NA,1,1,2,0,0,0,0,1,0,-1.5,-5,2.5
Josh Huestis,82,5,2016-04-12,24,OKC,A,SAS,-4,0,5:28,0,2,0,0,1,0,0,0,NA,0,1,1,0,0,0,0,0,0,-1.1,-4,1.3
