Nikola Vucevic,1,1,2015-10-28,25,ORL,H,WAS,-1,1,28:29,5,13,0.385,0,0,NA,0,0,NA,1,6,7,2,1,2,2,4,10,5.6,-10,26.8
Nikola Vucevic,2,2,2015-10-30,25,ORL,H,OKC,-3,1,45:05,10,14,0.714,0,0,NA,6,8,0.75,3,4,7,0,1,5,1,5,26,24.2,3,46.3
Nikola Vucevic,3,3,2015-11-01,25,ORL,A,CHI,-5,1,34:30,6,12,0.5,0,0,NA,3,3,1,3,8,11,3,2,3,5,1,15,14.3,-2,42.3
Nikola Vucevic,4,4,2015-11-03,25,ORL,A,NOP,9,1,33:42,10,21,0.476,0,0,NA,2,2,1,4,9,13,3,1,1,2,3,22,17.4,-4,47.3
Nikola Vucevic,5,5,2015-11-04,25,ORL,A,HOU,-5,1,16:45,3,6,0.5,0,0,NA,0,0,NA,0,2,2,2,0,1,0,1,6,5.3,3,13.5
Nikola Vucevic,9,6,2015-11-11,25,ORL,H,LAL,2,0,25:34,9,16,0.563,0,0,NA,0,0,NA,1,4,5,2,0,1,1,0,18,13.4,6,28.8
Nikola Vucevic,10,7,2015-11-13,25,ORL,H,UTA,9,1,29:23,8,14,0.571,0,0,NA,0,0,NA,2,7,9,5,1,1,2,2,16,15.3,20,37.8
Nikola Vucevic,11,8,2015-11-14,25,ORL,A,WAS,-9,1,35:44,8,18,0.444,0,0,NA,3,4,0.75,2,11,13,2,0,1,1,4,19,13.4,-18,41.3
Nikola Vucevic,12,9,2015-11-18,25,ORL,H,MIN,3,1,16:09,4,13,0.308,0,0,NA,0,0,NA,6,2,8,1,1,0,0,1,8,6.6,-10,20.3
Nikola Vucevic,13,10,2015-11-21,25,ORL,H,SAC,-6,1,25:03,5,10,0.5,0,0,NA,1,2,0.5,4,7,11,2,1,0,1,3,11,10.7,-10,30.8
Nikola Vucevic,14,11,2015-11-23,25,ORL,A,CLE,-14,1,25:44,6,10,0.6,0,0,NA,0,0,NA,2,3,5,2,0,0,1,2,12,9.3,-34,20.8
Nikola Vucevic,15,12,2015-11-25,25,ORL,H,NYK,9,1,31:50,10,19,0.526,0,0,NA,2,2,1,8,4,12,2,1,2,2,4,22,19.7,1,46.5
Nikola Vucevic,16,13,2015-11-27,25,ORL,H,MIL,24,1,21:28,4,8,0.5,0,0,NA,1,1,1,3,3,6,1,1,1,2,3,9,7.2,11,21
Nikola Vucevic,17,14,2015-11-29,25,ORL,H,BOS,19,1,32:25,9,19,0.474,0,0,NA,0,0,NA,4,6,10,2,0,0,2,6,18,9.9,18,34
Nikola Vucevic,18,15,2015-12-01,25,ORL,A,MIN,3,1,37:23,9,19,0.474,0,0,NA,0,0,NA,4,8,12,4,2,1,4,5,18,13,7,44.5
Nikola Vucevic,19,16,2015-12-03,25,ORL,A,UTA,9,1,32:12,8,16,0.5,0,1,0,0,0,NA,4,4,8,3,2,1,3,1,16,13.4,7,35
Nikola Vucevic,20,17,2015-12-05,25,ORL,A,LAC,-2,1,29:59,4,10,0.4,0,0,NA,2,2,1,6,4,10,3,0,0,2,2,10,9.3,-13,27.5
Nikola Vucevic,21,18,2015-12-08,25,ORL,A,DEN,11,1,33:54,9,14,0.643,0,0,NA,0,1,0,5,8,13,3,2,2,3,1,18,19.4,16,46.8
Nikola Vucevic,22,19,2015-12-09,25,ORL,A,PHO,-3,1,37:52,8,16,0.5,0,0,NA,5,5,1,4,7,11,2,0,0,1,4,21,16.7,-6,38.8
Nikola Vucevic,23,20,2015-12-11,25,ORL,H,CLE,-35,1,21:45,6,10,0.6,1,1,1,1,2,0.5,2,1,3,3,1,0,2,1,14,11.4,-25,23.8
Nikola Vucevic,24,21,2015-12-14,25,ORL,A,BRK,23,1,27:46,8,13,0.615,0,0,NA,2,2,1,2,4,6,4,0,1,1,3,18,16,14,33
Nikola Vucevic,25,22,2015-12-16,25,ORL,H,CHO,15,1,27:26,7,14,0.5,0,0,NA,0,2,0,1,7,8,4,1,0,1,1,14,11.4,11,31.5
Nikola Vucevic,26,23,2015-12-18,25,ORL,H,POR,8,1,34:43,12,22,0.545,0,0,NA,1,2,0.5,4,7,11,1,1,2,1,2,25,20.2,5,47.3
Nikola Vucevic,27,24,2015-12-20,25,ORL,H,ATL,-3,1,33:47,10,19,0.526,0,0,NA,0,0,NA,4,7,11,4,1,0,1,2,20,17.6,5,42.8
Nikola Vucevic,28,25,2015-12-21,25,ORL,A,NYK,8,1,35:34,13,19,0.684,0,0,NA,0,0,NA,2,7,9,2,0,1,1,2,26,21.7,6,41.8
Nikola Vucevic,29,26,2015-12-23,25,ORL,H,HOU,3,1,35:00,10,16,0.625,0,0,NA,1,2,0.5,2,4,6,3,0,1,1,2,21,17,10,34.5
Nikola Vucevic,30,27,2015-12-26,25,ORL,H,MIA,-7,1,36:15,11,22,0.5,0,1,0,0,1,0,4,6,10,6,3,1,2,3,22,19.9,0,52
Nikola Vucevic,31,28,2015-12-28,25,ORL,H,NOP,15,1,37:13,14,21,0.667,0,1,0,0,1,0,0,8,8,7,0,0,2,2,28,23,14,47.5
Nikola Vucevic,32,29,2015-12-30,25,ORL,H,BRK,7,1,35:09,9,18,0.5,0,0,NA,2,2,1,5,4,9,3,0,0,2,4,20,14.2,17,34.8
Nikola Vucevic,33,30,2016-01-01,25,ORL,A,WAS,-12,1,31:49,7,16,0.438,0,1,0,0,0,NA,1,6,7,2,1,1,2,1,14,8.8,-12,28.8
Nikola Vucevic,34,31,2016-01-02,25,ORL,A,CLE,-25,1,12:52,2,5,0.4,0,0,NA,0,0,NA,0,3,3,1,0,0,1,4,4,0.3,-15,8.8
Nikola Vucevic,35,32,2016-01-04,25,ORL,A,DET,-26,1,24:09,8,15,0.533,0,0,NA,0,0,NA,1,2,3,3,0,0,0,1,16,11.7,-7,24.3
Nikola Vucevic,36,33,2016-01-06,25,ORL,H,IND,-9,1,32:31,8,14,0.571,0,0,NA,1,2,0.5,1,3,4,1,2,0,2,3,17,11.1,-14,26.5
Nikola Vucevic,37,34,2016-01-08,25,ORL,A,BRK,6,1,36:07,9,23,0.391,0,0,NA,2,2,1,6,4,10,4,2,1,2,1,20,16,11,45
Nikola Vucevic,38,35,2016-01-09,25,ORL,H,WAS,-6,1,34:39,10,17,0.588,0,0,NA,3,4,0.75,3,6,9,5,1,0,2,3,23,19.9,-9,42.8
Nikola Vucevic,39,36,2016-01-14,25,ORL,H,TOR,-3,1,39:18,8,22,0.364,0,1,0,1,1,1,2,9,11,4,0,3,1,4,17,11.2,1,43.8
Nikola Vucevic,40,37,2016-01-18,25,ORL,A,ATL,-17,1,26:54,4,10,0.4,0,0,NA,2,3,0.667,4,7,11,1,1,1,2,1,10,9.1,-14,29.8
Nikola Vucevic,41,38,2016-01-20,25,ORL,H,PHI,-9,1,36:46,7,15,0.467,0,0,NA,1,2,0.5,2,9,11,1,2,1,2,2,15,11.6,-3,36.8
Nikola Vucevic,42,39,2016-01-22,25,ORL,H,CHO,-4,1,38:37,6,17,0.353,0,0,NA,3,3,1,1,11,12,4,1,6,4,2,15,12.7,-8,49.5
Nikola Vucevic,43,40,2016-01-25,25,ORL,A,MEM,-6,1,39:18,8,17,0.471,0,0,NA,0,0,NA,3,11,14,3,0,2,5,3,16,10,-14,41
Nikola Vucevic,44,41,2016-01-26,25,ORL,A,MIL,-7,1,37:08,7,19,0.368,0,0,NA,2,2,1,4,8,12,2,0,2,1,5,16,10.5,-1,39
Nikola Vucevic,45,42,2016-01-29,25,ORL,A,BOS,-19,1,29:57,4,11,0.364,0,0,NA,6,6,1,2,6,8,4,0,1,2,1,14,12.2,-14,31
Nikola Vucevic,46,43,2016-01-31,25,ORL,H,BOS,5,1,34:45,6,17,0.353,0,0,NA,4,8,0.5,3,10,13,7,0,3,0,2,16,16.2,12,50.3
Nikola Vucevic,47,44,2016-02-01,25,ORL,A,SAS,-15,1,31:10,9,20,0.45,0,0,NA,2,2,1,5,5,10,3,1,1,0,4,20,16.8,-5,42.5
Nikola Vucevic,48,45,2016-02-03,25,ORL,A,OKC,-3,1,36:21,8,16,0.5,0,0,NA,0,0,NA,1,2,3,3,0,2,2,3,16,9.6,-8,27.3
Nikola Vucevic,49,46,2016-02-05,25,ORL,H,LAC,-14,1,29:16,6,16,0.375,0,1,0,1,2,0.5,3,6,9,4,2,0,4,3,13,7.3,-13,32.3
Nikola Vucevic,50,47,2016-02-07,25,ORL,H,ATL,2,1,34:48,11,19,0.579,0,0,NA,0,0,NA,1,8,9,2,2,0,6,2,22,12.8,14,37.3
Nikola Vucevic,51,48,2016-02-08,25,ORL,A,ATL,7,1,43:22,11,16,0.688,0,0,NA,6,8,0.75,4,9,13,6,0,1,1,4,28,28.2,2,56.3
Nikola Vucevic,52,49,2016-02-10,25,ORL,H,SAS,-2,1,37:24,9,22,0.409,0,0,NA,2,2,1,4,9,13,5,1,2,3,4,20,15,1,49.8
Nikola Vucevic,53,50,2016-02-19,25,ORL,H,DAL,6,1,34:52,8,20,0.4,0,0,NA,5,5,1,3,10,13,3,1,2,4,2,21,15,10,47.3
Nikola Vucevic,54,51,2016-02-21,25,ORL,H,IND,-3,1,35:29,8,15,0.533,0,0,NA,3,6,0.5,3,10,13,0,0,0,2,4,19,12,1,35.8
Nikola Vucevic,55,52,2016-02-23,25,ORL,A,PHI,9,1,36:39,13,21,0.619,0,0,NA,9,9,1,3,6,9,4,0,1,1,1,35,31.5,10,53.8
Nikola Vucevic,56,53,2016-02-25,25,ORL,H,GSW,-16,1,31:32,7,17,0.412,0,1,0,3,4,0.75,3,6,9,4,0,2,5,4,17,9,-3,35.8
Nikola Vucevic,57,54,2016-02-26,25,ORL,A,NYK,-13,1,28:21,8,16,0.5,0,0,NA,2,2,1,2,6,8,1,1,0,2,2,18,12.1,-4,30.5
Nikola Vucevic,58,55,2016-02-28,25,ORL,H,PHI,14,1,27:33,13,18,0.722,0,0,NA,2,3,0.667,2,4,6,1,1,0,4,6,28,18.1,6,37
Nikola Vucevic,59,56,2016-03-01,25,ORL,A,DAL,-13,1,23:38,8,16,0.5,0,0,NA,2,2,1,2,5,7,2,0,2,2,3,18,12.5,-12,32.8
Nikola Vucevic,60,57,2016-03-02,25,ORL,H,CHI,13,1,32:31,10,24,0.417,1,1,1,3,3,1,2,5,7,4,1,0,1,0,24,16.9,18,40.8
Nikola Vucevic,61,58,2016-03-04,25,ORL,H,PHO,-18,1,29:34,7,19,0.368,0,0,NA,1,2,0.5,0,12,12,0,3,1,1,5,15,8.4,-11,39
Nikola Vucevic,75,59,2016-03-31,25,ORL,A,IND,20,0,25:23,12,15,0.8,0,0,NA,0,1,0,1,5,6,1,0,1,1,1,24,20.1,14,34.5
Nikola Vucevic,76,60,2016-04-01,25,ORL,A,MIL,-3,0,21:32,10,13,0.769,0,0,NA,2,3,0.667,1,3,4,3,1,2,1,2,22,20.8,-4,37
Nikola Vucevic,77,61,2016-04-03,25,ORL,H,MEM,12,0,32:13,10,19,0.526,0,0,NA,5,7,0.714,3,9,12,3,2,1,3,3,25,20.3,12,50.5
Nikola Vucevic,78,62,2016-04-06,25,ORL,H,DET,-4,0,27:21,7,14,0.5,0,0,NA,1,2,0.5,2,11,13,3,2,1,1,5,15,14.1,-9,42.8
Nikola Vucevic,79,63,2016-04-08,25,ORL,H,MIA,3,1,35:07,12,20,0.6,0,0,NA,5,6,0.833,3,3,6,1,1,2,1,3,29,23.3,1,43.5
Nikola Vucevic,80,64,2016-04-10,25,ORL,A,MIA,-22,1,29:45,9,17,0.529,0,0,NA,1,2,0.5,1,7,8,2,1,0,3,3,19,11.3,-17,32.5
Nikola Vucevic,82,65,2016-04-13,25,ORL,A,CHO,-14,1,20:21,8,13,0.615,0,0,NA,1,2,0.5,0,4,4,1,0,0,0,2,17,11.8,-3,23.5
Ersan Ilyasova,55,53,2016-02-19,28,ORL,H,DAL,6,0,23:09,5,11,0.455,2,4,0.5,4,6,0.667,2,3,5,2,1,0,1,6,16,10.8,-4,27.8
Ersan Ilyasova,56,54,2016-02-21,28,ORL,H,IND,-3,0,18:23,3,9,0.333,1,3,0.333,0,0,NA,3,0,3,0,1,0,1,3,7,2.8,-4,12.8
Ersan Ilyasova,57,55,2016-02-23,28,ORL,A,PHI,9,0,18:59,2,7,0.286,2,3,0.667,4,4,1,3,5,8,0,0,0,0,3,10,8.3,6,21
Ersan Ilyasova,58,56,2016-02-25,28,ORL,H,GSW,-16,0,15:58,1,3,0.333,0,0,NA,6,6,1,1,3,4,0,2,0,0,1,8,9.5,-14,17
Ersan Ilyasova,59,57,2016-02-26,28,ORL,A,NYK,-13,0,11:35,0,2,0,0,1,0,0,0,NA,0,1,1,1,0,0,0,2,0,-1.2,-10,2.8
Ersan Ilyasova,60,58,2016-02-28,28,ORL,H,PHI,14,0,12:06,4,5,0.8,2,3,0.667,0,0,NA,0,3,3,1,0,0,0,3,10,8.5,-1,16.3
Ersan Ilyasova,61,59,2016-03-01,28,ORL,A,DAL,-13,0,30:55,7,10,0.7,2,3,0.667,6,7,0.857,5,5,10,0,2,0,0,3,22,23.2,-16,41
Ersan Ilyasova,62,60,2016-03-02,28,ORL,H,CHI,13,0,12:03,3,8,0.375,1,1,1,1,3,0.333,1,6,7,0,1,0,0,1,8,5.9,3,19.3
Ersan Ilyasova,63,61,2016-03-04,28,ORL,H,PHO,-18,0,19:33,2,14,0.143,0,3,0,1,2,0.5,7,5,12,0,1,1,0,0,5,3.7,-8,24
Ersan Ilyasova,64,62,2016-03-07,28,ORL,A,GSW,-6,0,14:38,2,6,0.333,0,1,0,3,4,0.75,1,1,2,0,2,0,0,3,7,5,3,13.5
Ersan Ilyasova,65,63,2016-03-08,28,ORL,A,LAL,-9,0,14:07,1,5,0.2,0,2,0,0,0,NA,0,4,4,1,0,0,0,4,2,-0.8,-9,8.5
Ersan Ilyasova,66,64,2016-03-11,28,ORL,A,SAC,7,0,20:41,4,5,0.8,1,2,0.5,1,2,0.5,3,3,6,0,0,1,1,5,10,8.4,3,19.5
Ersan Ilyasova,67,65,2016-03-12,28,ORL,A,POR,-37,0,28:44,1,7,0.143,0,1,0,2,4,0.5,4,5,9,1,0,0,2,3,4,0.5,-34,15.8
Ersan Ilyasova,68,66,2016-03-15,28,ORL,H,DEN,6,0,21:17,2,2,1,0,0,NA,2,3,0.667,0,4,4,1,1,0,1,1,6,6.5,-8,14
Ersan Ilyasova,70,67,2016-03-18,28,ORL,H,CLE,-6,0,20:15,3,8,0.375,0,3,0,1,2,0.5,2,3,5,2,1,0,2,0,7,4.9,-10,17.3
Ersan Ilyasova,71,68,2016-03-20,28,ORL,A,TOR,-5,0,31:56,4,13,0.308,1,2,0.5,1,2,0.5,2,7,9,1,1,0,0,6,10,4.9,2,25.3
Ersan Ilyasova,72,69,2016-03-21,28,ORL,A,BOS,-11,0,10:28,2,4,0.5,1,1,1,0,0,NA,3,2,5,0,0,1,0,0,5,6.4,1,13.8
Ersan Ilyasova,73,70,2016-03-23,28,ORL,A,DET,-16,0,24:21,3,4,0.75,2,3,0.667,0,0,NA,1,2,3,1,0,0,0,1,8,8,6,14.3
Ersan Ilyasova,81,71,2016-04-08,28,ORL,H,MIA,3,1,24:00,2,5,0.4,0,2,0,0,0,NA,1,5,6,0,0,0,0,1,4,3.1,-7,11.5
Ersan Ilyasova,82,72,2016-04-10,28,ORL,A,MIA,-22,1,16:53,0,4,0,0,2,0,0,0,NA,1,1,2,0,0,0,2,1,0,-4.2,-12,1.5
Ersan Ilyasova,83,73,2016-04-11,28,ORL,H,MIL,9,1,37:00,10,13,0.769,2,2,1,0,0,NA,3,3,6,1,1,3,0,3,22,22.5,13,40
Ersan Ilyasova,84,74,2016-04-13,28,ORL,A,CHO,-14,1,19:47,3,8,0.375,1,2,0.5,0,0,NA,2,5,7,0,0,0,2,1,7,3.1,-11,15.3
Elfrid Payton,1,1,2015-10-28,21,ORL,H,WAS,-1,1,34:46,5,15,0.333,1,3,0.333,0,0,NA,4,6,10,8,1,0,2,1,11,11.3,-11,38.5
Elfrid Payton,2,2,2015-10-30,21,ORL,H,OKC,-3,1,36:47,5,11,0.455,2,4,0.5,2,2,1,1,2,3,5,1,0,0,5,14,12.1,-7,28.3
Elfrid Payton,3,3,2015-11-01,21,ORL,A,CHI,-5,1,22:27,2,7,0.286,0,2,0,0,0,NA,0,1,1,3,0,1,3,5,4,-2,-11,10.3
Elfrid Payton,4,4,2015-11-03,21,ORL,A,NOP,9,1,29:28,4,12,0.333,0,2,0,0,0,NA,2,2,4,10,1,0,5,2,8,5.4,4,27.5
Elfrid Payton,5,5,2015-11-04,21,ORL,A,HOU,-5,1,29:11,2,8,0.25,1,1,1,0,0,NA,1,1,2,7,2,1,3,4,5,4.2,-13,23
Elfrid Payton,6,6,2015-11-06,21,ORL,H,TOR,5,1,15:08,0,4,0,0,1,0,0,0,NA,1,1,2,2,0,0,2,2,0,-3.2,-17,4.5
Elfrid Payton,7,7,2015-11-07,21,ORL,A,PHI,8,1,32:43,8,10,0.8,0,0,NA,4,4,1,0,2,2,5,3,1,2,2,20,21.2,11,37
Elfrid Payton,8,8,2015-11-09,21,ORL,A,IND,-13,1,37:29,3,7,0.429,0,0,NA,5,6,0.833,0,2,2,7,3,0,4,1,11,11,-6,28
Elfrid Payton,9,9,2015-11-11,21,ORL,H,LAL,2,1,28:38,1,13,0.077,0,0,NA,0,2,0,3,7,10,8,1,0,1,1,2,1.9,-1,28
Elfrid Payton,10,10,2015-11-13,21,ORL,H,UTA,9,1,36:39,3,8,0.375,2,3,0.667,8,10,0.8,0,3,3,6,2,1,5,2,16,12.8,15,33.3
Elfrid Payton,11,11,2015-11-14,21,ORL,A,WAS,-9,1,38:13,5,15,0.333,0,1,0,7,8,0.875,1,4,5,5,1,0,4,3,17,9.3,-12,30.8
Elfrid Payton,12,12,2015-11-18,21,ORL,H,MIN,3,1,40:52,11,23,0.478,0,0,NA,2,5,0.4,2,5,7,6,4,0,1,2,24,20.4,12,49.3
Elfrid Payton,13,13,2015-11-21,21,ORL,H,SAC,-6,1,37:49,3,12,0.25,1,2,0.5,0,0,NA,2,3,5,8,0,0,5,1,7,2.3,-3,23.3
Elfrid Payton,14,14,2015-11-23,21,ORL,A,CLE,-14,1,18:50,0,7,0,0,1,0,0,0,NA,0,2,2,4,1,0,0,1,0,-0.9,-19,10.5
Elfrid Payton,15,15,2015-11-25,21,ORL,H,NYK,9,1,35:33,6,12,0.5,0,1,0,0,1,0,2,4,6,11,0,0,2,2,12,13.1,1,36.5
Elfrid Payton,16,16,2015-11-27,21,ORL,H,MIL,24,1,30:47,10,12,0.833,1,1,1,1,1,1,1,1,2,10,1,0,4,3,22,21.4,20,41.5
Elfrid Payton,17,17,2015-11-29,21,ORL,H,BOS,19,1,35:13,2,12,0.167,0,0,NA,2,4,0.5,1,2,3,5,1,1,2,1,6,1.7,9,20.3
Elfrid Payton,18,18,2015-12-01,21,ORL,A,MIN,3,1,34:16,6,13,0.462,0,1,0,2,4,0.5,1,7,8,5,0,0,2,5,14,8.8,7,30.5
Elfrid Payton,19,19,2015-12-03,21,ORL,A,UTA,9,1,32:41,6,14,0.429,0,1,0,2,2,1,0,3,3,7,2,0,2,3,14,11.2,13,31.3
Elfrid Payton,20,20,2015-12-05,21,ORL,A,LAC,-2,1,36:50,9,18,0.5,1,3,0.333,2,4,0.5,2,2,4,8,4,0,1,4,21,20.2,1,46
Elfrid Payton,21,21,2015-12-08,21,ORL,A,DEN,11,1,32:12,8,15,0.533,0,0,NA,2,2,1,2,3,5,4,1,0,2,1,18,14.4,13,31.3
Elfrid Payton,22,22,2015-12-09,21,ORL,A,PHO,-3,1,33:22,6,15,0.4,0,1,0,0,2,0,0,3,3,10,5,0,3,2,12,12.2,-1,40.8
Elfrid Payton,23,23,2015-12-11,21,ORL,H,CLE,-35,1,20:07,4,9,0.444,0,1,0,1,2,0.5,0,3,3,2,1,0,0,2,9,6.4,-14,17.8
Elfrid Payton,24,24,2015-12-14,21,ORL,A,BRK,23,1,29:49,6,11,0.545,1,1,1,4,6,0.667,2,3,5,5,2,0,2,1,17,16.3,16,34.3
Elfrid Payton,25,25,2015-12-16,21,ORL,H,CHO,15,1,30:16,5,9,0.556,0,1,0,2,2,1,0,3,3,9,1,0,2,1,12,13.5,16,30.3
Elfrid Payton,26,26,2015-12-18,21,ORL,H,POR,8,1,35:47,4,9,0.444,0,1,0,11,17,0.647,3,3,6,3,2,1,4,5,19,13.7,8,35
Elfrid Payton,27,27,2015-12-20,21,ORL,H,ATL,-3,1,30:39,6,14,0.429,0,1,0,2,6,0.333,0,2,2,6,5,1,2,2,14,12.7,4,36.5
Elfrid Payton,28,28,2015-12-21,21,ORL,A,NYK,8,1,9:51,2,3,0.667,0,0,NA,1,1,1,0,0,0,3,0,0,0,0,5,5.8,1,9.5
Elfrid Payton,29,29,2015-12-23,21,ORL,H,HOU,3,1,31:44,5,11,0.455,0,0,NA,2,4,0.5,0,2,2,9,1,0,3,1,12,10,-8,28.5
Elfrid Payton,30,30,2015-12-26,21,ORL,H,MIA,-7,1,33:27,9,13,0.692,0,0,NA,0,2,0,0,2,2,7,1,0,3,2,18,14.4,-13,31.5
Elfrid Payton,31,31,2015-12-28,21,ORL,H,NOP,15,1,21:57,3,5,0.6,0,0,NA,0,0,NA,0,3,3,0,0,0,2,0,6,2.6,14,8.8
Elfrid Payton,32,32,2015-12-30,21,ORL,H,BRK,7,1,4:48,0,0,NA,0,0,NA,0,0,NA,0,0,0,1,0,0,1,0,0,-0.3,0,1
Elfrid Payton,33,33,2016-01-01,21,ORL,A,WAS,-12,1,24:06,1,6,0.167,1,2,0.5,0,0,NA,0,1,1,7,1,0,3,2,3,1.6,-17,15.8
Elfrid Payton,34,34,2016-01-02,21,ORL,A,CLE,-25,1,16:25,0,5,0,0,0,NA,0,0,NA,2,1,3,4,0,0,2,2,0,-1.8,-24,8.8
Elfrid Payton,39,35,2016-01-14,21,ORL,H,TOR,-3,0,20:10,2,8,0.25,0,1,0,0,0,NA,0,1,1,4,0,0,3,1,4,-1.1,-12,9.8
Elfrid Payton,40,36,2016-01-18,21,ORL,A,ATL,-17,1,26:54,7,14,0.5,2,2,1,0,3,0,0,2,2,5,1,0,5,0,16,7.9,-14,26.5
Elfrid Payton,41,37,2016-01-20,21,ORL,H,PHI,-9,1,40:58,8,13,0.615,0,1,0,5,9,0.556,3,3,6,10,2,0,3,2,21,21.7,-1,47.5
Elfrid Payton,42,38,2016-01-22,21,ORL,H,CHO,-4,1,35:13,4,14,0.286,2,3,0.667,1,1,1,3,6,9,10,1,0,4,4,11,9.1,-12,39.8
Elfrid Payton,43,39,2016-01-25,21,ORL,A,MEM,-6,1,38:33,6,11,0.545,0,1,0,2,4,0.5,1,1,2,3,1,1,5,5,14,5.7,-14,22.5
Elfrid Payton,44,40,2016-01-26,21,ORL,A,MIL,-7,1,24:00,3,5,0.6,1,2,0.5,1,1,1,0,0,0,3,0,1,2,3,8,5.3,-6,14
Elfrid Payton,45,41,2016-01-29,21,ORL,A,BOS,-19,1,28:34,6,11,0.545,0,0,NA,0,0,NA,0,2,2,1,2,0,0,3,12,8.8,-7,20
Elfrid Payton,46,42,2016-01-31,21,ORL,H,BOS,5,1,14:45,3,5,0.6,1,2,0.5,2,2,1,2,2,4,1,0,0,3,4,9,4.8,-6,14.5
Elfrid Payton,47,43,2016-02-01,21,ORL,A,SAS,-15,1,32:02,3,12,0.25,0,1,0,0,1,0,3,2,5,8,1,1,1,2,6,6.6,-3,27.8
Elfrid Payton,48,44,2016-02-03,21,ORL,A,OKC,-3,1,29:09,3,11,0.273,0,0,NA,0,0,NA,1,4,5,6,0,0,1,4,6,3,-6,20.8
Elfrid Payton,49,45,2016-02-05,21,ORL,H,LAC,-14,1,29:31,2,7,0.286,0,1,0,2,4,0.5,0,1,1,3,0,0,3,4,6,-1.1,-11,10.3
Elfrid Payton,50,46,2016-02-07,21,ORL,H,ATL,2,1,32:35,5,10,0.5,2,4,0.5,0,0,NA,0,4,4,12,1,1,3,3,12,14.1,6,40
Elfrid Payton,51,47,2016-02-08,21,ORL,A,ATL,7,1,41:22,8,15,0.533,2,4,0.5,2,4,0.5,0,4,4,7,3,1,2,2,20,18.9,8,43.5
Elfrid Payton,52,48,2016-02-10,21,ORL,H,SAS,-2,1,41:50,5,11,0.455,0,1,0,3,4,0.75,1,5,6,7,2,0,2,3,13,12.8,-4,34
Elfrid Payton,53,49,2016-02-19,21,ORL,H,DAL,6,1,28:18,4,9,0.444,1,3,0.333,0,0,NA,1,2,3,3,0,1,0,1,9,8,8,19.8
Elfrid Payton,54,50,2016-02-21,21,ORL,H,IND,-3,1,22:52,1,5,0.2,0,1,0,2,2,1,1,1,2,4,2,0,3,3,4,2.5,-1,15
Elfrid Payton,55,51,2016-02-23,22,ORL,A,PHI,9,1,20:28,0,4,0,0,1,0,3,6,0.5,1,0,1,8,0,0,0,2,3,4.5,9,16.3
Elfrid Payton,56,52,2016-02-25,22,ORL,H,GSW,-16,1,28:53,5,8,0.625,2,3,0.667,0,2,0,0,2,2,6,1,0,4,2,12,8.6,-14,24.5
Elfrid Payton,57,53,2016-02-26,22,ORL,A,NYK,-13,1,27:14,4,7,0.571,0,1,0,0,0,NA,2,3,5,9,0,0,2,2,8,10.5,0,26.8
Elfrid Payton,58,54,2016-02-28,22,ORL,H,PHI,14,1,32:40,4,9,0.444,0,0,NA,3,4,0.75,2,2,4,10,1,1,5,3,11,10.4,11,34
Elfrid Payton,59,55,2016-03-01,22,ORL,A,DAL,-13,1,24:16,5,8,0.625,2,4,0.5,0,0,NA,0,2,2,3,2,0,4,4,12,7.5,-13,22
Elfrid Payton,60,56,2016-03-02,22,ORL,H,CHI,13,1,33:29,4,9,0.444,1,1,1,0,0,NA,0,4,4,12,1,1,3,2,9,11.8,23,35
Elfrid Payton,61,57,2016-03-04,22,ORL,H,PHO,-18,1,34:29,9,17,0.529,1,3,0.333,0,2,0,2,0,2,11,3,0,3,2,19,18.2,-9,44.5
Elfrid Payton,62,58,2016-03-07,22,ORL,A,GSW,-6,1,23:23,2,7,0.286,0,0,NA,2,3,0.667,0,2,2,7,3,0,1,2,6,8.2,-10,24.5
Elfrid Payton,63,59,2016-03-08,22,ORL,A,LAL,-9,1,20:10,3,7,0.429,1,1,1,0,2,0,1,1,2,3,1,0,1,1,7,5.2,-6,16
Elfrid Payton,69,60,2016-03-20,22,ORL,A,TOR,-5,0,16:38,1,3,0.333,0,1,0,0,1,0,2,0,2,4,1,1,4,1,2,1.4,-3,12.5
Elfrid Payton,70,61,2016-03-21,22,ORL,A,BOS,-11,0,31:06,4,9,0.444,0,1,0,0,1,0,0,1,1,6,0,1,2,3,8,4.9,1,19.3
Elfrid Payton,71,62,2016-03-23,22,ORL,A,DET,-16,0,34:29,9,21,0.429,0,3,0,2,4,0.5,5,5,10,10,1,0,1,3,20,18.9,-6,53.5
Elfrid Payton,72,63,2016-03-25,22,ORL,A,MIA,-11,1,34:08,6,9,0.667,0,0,NA,2,4,0.5,4,3,7,7,0,0,4,2,14,13.1,-7,31.3
Elfrid Payton,73,64,2016-03-26,22,ORL,H,CHI,22,1,29:37,7,9,0.778,0,0,NA,1,1,1,1,2,3,10,0,2,3,1,15,17.8,16,37.8
Elfrid Payton,74,65,2016-03-29,22,ORL,H,BRK,34,1,26:05,4,11,0.364,0,1,0,3,3,1,1,4,5,12,2,0,1,3,11,15,19,40.3
Elfrid Payton,75,66,2016-03-31,22,ORL,A,IND,20,1,29:31,5,10,0.5,0,0,NA,0,0,NA,2,5,7,5,0,0,2,0,10,9.4,12,25.3
Elfrid Payton,76,67,2016-04-01,22,ORL,A,MIL,-3,1,30:16,3,9,0.333,0,1,0,0,0,NA,0,6,6,10,1,0,3,3,6,6.5,-8,29
Elfrid Payton,77,68,2016-04-03,22,ORL,H,MEM,12,1,31:25,2,8,0.25,0,1,0,3,3,1,2,0,2,11,0,0,1,0,7,10.3,1,25.5
Elfrid Payton,78,69,2016-04-06,22,ORL,H,DET,-4,1,32:10,8,13,0.615,0,1,0,1,1,1,1,1,2,5,2,1,3,2,17,14.5,-6,31.5
Elfrid Payton,79,70,2016-04-08,22,ORL,H,MIA,3,1,37:03,6,12,0.5,0,2,0,4,7,0.571,0,3,3,10,1,0,3,2,16,13.9,2,36.8
Elfrid Payton,80,71,2016-04-10,22,ORL,A,MIA,-22,1,25:49,3,8,0.375,1,1,1,1,2,0.5,1,3,4,4,1,0,2,2,8,5.8,-11,20.5
Elfrid Payton,81,72,2016-04-11,22,ORL,H,MIL,9,1,31:13,3,8,0.375,0,2,0,5,10,0.5,0,3,3,11,3,0,4,1,11,11.8,22,36.8
Elfrid Payton,82,73,2016-04-13,22,ORL,A,CHO,-14,1,24:47,1,5,0.2,0,2,0,0,2,0,1,3,4,7,1,0,2,1,2,3.2,-5,18.5
Keith Appling,1,1,2016-01-18,23,ORL,A,ATL,-17,0,8:54,1,3,0.333,0,1,0,0,0,NA,0,0,0,0,1,0,1,0,2,0.3,1,NA
Keith Appling,2,2,2016-01-20,23,ORL,H,PHI,-9,0,6:10,1,3,0.333,0,0,NA,2,2,1,0,1,1,0,0,0,1,3,4,0.4,8,4.8
Keith Appling,6,3,2016-01-29,23,ORL,A,BOS,-19,0,7:03,0,1,0,0,1,0,0,0,NA,0,0,0,1,0,0,1,1,0,-1.4,6,1
Keith Appling,8,4,2016-02-01,23,ORL,A,SAS,-15,0,2:30,0,0,NA,0,0,NA,0,0,NA,0,0,0,0,0,0,0,0,0,0,-1,0
Keith Appling,10,5,2016-02-05,23,ORL,H,LAC,-14,0,2:14,0,1,0,0,1,0,0,0,NA,0,0,0,0,0,0,0,1,0,-1.1,0,0
Devyn Marble,9,1,2015-11-11,23,ORL,H,LAL,2,0,5:53,0,4,0,0,2,0,0,0,NA,0,1,1,0,1,0,0,0,0,-1.5,-1,3.3
Devyn Marble,10,2,2015-11-13,23,ORL,H,UTA,9,0,1:02,0,0,NA,0,0,NA,0,0,NA,0,0,0,0,0,0,0,1,0,-0.4,-5,0
Devyn Marble,15,3,2015-11-25,23,ORL,H,NYK,9,0,0:42,0,0,NA,0,0,NA,0,0,NA,0,0,0,0,0,0,0,1,0,-0.4,-2,0
Devyn Marble,16,4,2015-11-27,23,ORL,H,MIL,24,0,2:58,1,1,1,0,0,NA,0,1,0,0,0,0,0,0,0,1,0,2,0.3,0,1.5
Devyn Marble,17,5,2015-11-29,23,ORL,H,BOS,19,0,1:15,0,0,NA,0,0,NA,0,0,NA,0,0,0,0,0,0,0,0,0,0,3,0
Devyn Marble,31,6,2015-12-28,23,ORL,H,NOP,15,0,2:02,0,0,NA,0,0,NA,0,0,NA,0,1,1,0,0,0,0,0,0,0.3,-3,1.3
Devyn Marble,40,7,2016-01-18,23,ORL,A,ATL,-17,0,3:32,0,1,0,0,0,NA,0,0,NA,1,0,1,0,0,0,0,0,0,0,2,1.3
Devyn Marble,41,8,2016-01-20,23,ORL,H,PHI,-9,0,2:27,0,0,NA,0,0,NA,0,0,NA,0,0,0,0,0,0,0,0,0,0,0,0
Devyn Marble,56,9,2016-02-25,23,ORL,H,GSW,-16,0,3:49,0,1,0,0,1,0,0,0,NA,0,0,0,0,0,0,0,0,0,-0.7,0,0
Devyn Marble,57,10,2016-02-26,23,ORL,A,NYK,-13,0,2:10,0,0,NA,0,0,NA,0,0,NA,0,0,0,0,0,0,0,0,0,0,2,0
Devyn Marble,59,11,2016-03-01,23,ORL,A,DAL,-13,0,22:45,2,7,0.286,2,5,0.4,2,2,1,1,5,6,3,2,0,1,3,8,8,3,24.5
Devyn Marble,60,12,2016-03-02,23,ORL,H,CHI,13,0,6:01,0,1,0,0,1,0,0,0,NA,0,0,0,0,0,0,1,1,0,-2.1,-7,-0.5
Devyn Marble,61,13,2016-03-04,23,ORL,H,PHO,-18,0,15:46,0,6,0,0,3,0,0,0,NA,2,5,7,0,1,1,2,2,0,-2.4,-13,11.8
Devyn Marble,63,14,2016-03-08,23,ORL,A,LAL,-9,0,1:44,1,1,1,0,0,NA,0,0,NA,0,0,0,0,0,0,0,0,2,1.7,6,2
Devyn Marble,65,15,2016-03-12,23,ORL,A,POR,-37,0,19:17,1,6,0.167,0,2,0,1,2,0.5,0,2,2,2,1,0,0,1,3,1.4,-15,10.5
Devyn Marble,67,16,2016-03-16,23,ORL,A,CHO,-8,0,15:18,3,5,0.6,3,3,1,0,0,NA,0,1,1,0,1,0,0,1,9,7.6,14,13.8
Devyn Marble,68,17,2016-03-18,23,ORL,H,CLE,-6,0,5:21,0,1,0,0,1,0,0,0,NA,0,0,0,1,1,0,0,1,0,0.6,-8,3.5
Devyn Marble,69,18,2016-03-20,23,ORL,A,TOR,-5,0,12:00,2,2,1,0,0,NA,0,0,NA,0,0,0,0,0,0,0,2,4,2.6,12,4
Devyn Marble,70,19,2016-03-21,23,ORL,A,BOS,-11,0,6:38,0,2,0,0,0,NA,0,2,0,0,1,1,0,0,0,0,1,0,-2.3,4,1.3
Devyn Marble,71,20,2016-03-23,23,ORL,A,DET,-16,0,2:32,0,2,0,0,1,0,0,0,NA,0,0,0,0,0,0,0,0,0,-1.4,-2,0
Devyn Marble,72,21,2016-03-25,23,ORL,A,MIA,-11,0,13:29,0,1,0,0,0,NA,0,0,NA,0,0,0,1,2,0,0,3,0,0.8,-3,5.5
Devyn Marble,73,22,2016-03-26,23,ORL,H,CHI,22,0,22:12,3,6,0.5,1,2,0.5,1,1,1,1,6,7,0,0,0,0,1,8,7.1,14,17.3
Devyn Marble,74,23,2016-03-29,23,ORL,H,BRK,34,0,6:44,2,3,0.667,0,1,0,0,2,0,0,0,0,1,0,0,0,1,4,2.2,4,5.5
Devyn Marble,75,24,2016-03-31,23,ORL,A,IND,20,0,2:17,0,0,NA,0,0,NA,0,0,NA,0,0,0,0,0,0,0,0,0,0,0,0
Devyn Marble,79,25,2016-04-08,23,ORL,H,MIA,3,0,4:43,0,1,0,0,0,NA,0,0,NA,0,2,2,0,1,0,0,2,0,0.1,4,4.5
Devyn Marble,80,26,2016-04-10,23,ORL,A,MIA,-22,0,26:34,2,6,0.333,1,3,0.333,4,6,0.667,0,2,2,1,1,0,2,1,9,4.7,-8,14.5
Devyn Marble,81,27,2016-04-11,23,ORL,H,MIL,9,0,19:09,3,8,0.375,1,3,0.333,2,6,0.333,1,0,1,1,1,0,0,1,9,5,-11,14.3
Devyn Marble,82,28,2016-04-13,23,ORL,A,CHO,-14,0,20:24,1,6,0.167,0,4,0,0,2,0,0,6,6,2,1,0,0,2,2,0.8,-3,14.5
Dewayne Dedmon,1,1,2015-10-28,26,ORL,H,WAS,-1,0,14:44,2,6,0.333,0,0,NA,0,0,NA,2,4,6,0,1,2,1,4,4,3,12,17
Dewayne Dedmon,2,2,2015-10-30,26,ORL,H,OKC,-3,0,12:54,1,2,0.5,0,0,NA,0,0,NA,4,2,6,0,0,2,0,2,2,5,-5,13.5
Dewayne Dedmon,4,3,2015-11-03,26,ORL,A,NOP,9,0,12:11,3,5,0.6,0,0,NA,0,0,NA,0,4,4,0,0,1,0,1,6,5.2,10,13
Dewayne Dedmon,5,4,2015-11-04,26,ORL,A,HOU,-5,0,26:23,2,5,0.4,0,0,NA,0,0,NA,1,6,7,1,2,2,1,6,4,4.5,-6,21.8
Dewayne Dedmon,6,5,2015-11-06,26,ORL,H,TOR,5,1,30:10,3,5,0.6,0,0,NA,4,6,0.667,0,4,4,1,0,3,1,6,10,7.5,-6,22
Dewayne Dedmon,7,6,2015-11-07,26,ORL,A,PHI,8,1,29:58,2,6,0.333,0,0,NA,8,8,1,3,6,9,0,1,3,0,5,12,13.6,3,31.3
Dewayne Dedmon,8,7,2015-11-09,26,ORL,A,IND,-13,1,23:10,2,3,0.667,0,0,NA,1,2,0.5,2,7,9,0,2,0,2,1,5,6.4,5,19.3
Dewayne Dedmon,9,8,2015-11-11,26,ORL,H,LAL,2,1,12:41,2,6,0.333,0,0,NA,0,0,NA,5,3,8,0,1,0,0,2,4,5.2,-4,16
Dewayne Dedmon,10,9,2015-11-13,26,ORL,H,UTA,9,0,15:38,2,5,0.4,0,0,NA,0,0,NA,1,3,4,0,0,3,2,2,4,2.2,-2,14
Dewayne Dedmon,11,10,2015-11-14,26,ORL,A,WAS,-9,0,12:16,1,1,1,0,0,NA,2,3,0.667,0,4,4,0,1,1,0,2,4,5.4,9,13
Dewayne Dedmon,12,11,2015-11-18,26,ORL,H,MIN,3,0,9:55,2,2,1,0,0,NA,0,0,NA,0,0,0,0,0,0,1,4,4,0.8,-3,3.5
Dewayne Dedmon,13,12,2015-11-21,26,ORL,H,SAC,-6,0,3:48,0,0,NA,0,0,NA,0,0,NA,0,0,0,0,0,1,1,2,0,-1.1,2,1.5
Dewayne Dedmon,14,13,2015-11-23,26,ORL,A,CLE,-14,0,6:49,1,1,1,0,0,NA,1,4,0.25,0,0,0,0,0,0,0,0,3,1.5,8,3
Dewayne Dedmon,16,14,2015-11-27,26,ORL,H,MIL,24,0,3:37,0,0,NA,0,0,NA,0,0,NA,0,1,1,0,1,0,1,2,0,-0.5,0,2.8
Dewayne Dedmon,23,15,2015-12-11,26,ORL,H,CLE,-35,0,20:05,1,2,0.5,0,0,NA,4,6,0.667,1,4,5,0,0,1,0,4,6,5.2,-13,14.3
Dewayne Dedmon,24,16,2015-12-14,26,ORL,A,BRK,23,0,4:05,0,1,0,0,0,NA,0,0,NA,0,2,2,0,0,1,0,1,0,0.2,0,4.5
Dewayne Dedmon,25,17,2015-12-16,26,ORL,H,CHO,15,0,3:44,0,0,NA,0,0,NA,0,0,NA,0,0,0,0,0,0,1,4,0,-2.6,-9,-0.5
Dewayne Dedmon,31,18,2015-12-28,26,ORL,H,NOP,15,0,2:02,0,0,NA,0,0,NA,0,0,NA,0,0,0,0,0,0,0,1,0,-0.4,-3,0
Dewayne Dedmon,32,19,2015-12-30,26,ORL,H,BRK,7,0,6:18,1,3,0.333,0,0,NA,0,0,NA,1,2,3,0,0,0,0,0,2,1.6,-9,5.8
Dewayne Dedmon,33,20,2016-01-01,26,ORL,A,WAS,-12,0,1:02,1,1,1,0,0,NA,0,0,NA,0,0,0,0,0,0,0,0,2,1.7,0,2
Dewayne Dedmon,34,21,2016-01-02,26,ORL,A,CLE,-25,0,21:48,4,6,0.667,0,0,NA,0,0,NA,0,5,5,0,0,1,0,2,8,6.8,6,16.3
Dewayne Dedmon,35,22,2016-01-04,26,ORL,A,DET,-26,0,9:02,0,0,NA,0,0,NA,0,0,NA,0,1,1,0,0,3,0,1,0,2,-9,7.3
Dewayne Dedmon,36,23,2016-01-06,26,ORL,H,IND,-9,0,7:08,0,1,0,0,0,NA,2,2,1,1,1,2,0,0,1,0,0,2,3,-3,6.5
Dewayne Dedmon,38,24,2016-01-09,26,ORL,H,WAS,-6,0,0:37,0,0,NA,0,0,NA,0,0,NA,0,0,0,1,0,0,0,0,0,0.7,4,1.5
Dewayne Dedmon,40,25,2016-01-18,26,ORL,A,ATL,-17,0,10:36,2,2,1,0,0,NA,0,0,NA,2,5,7,0,1,0,1,1,4,5.9,-3,14.3
Dewayne Dedmon,41,26,2016-01-20,26,ORL,H,PHI,-9,0,4:42,0,1,0,0,0,NA,0,0,NA,0,2,2,0,0,0,1,1,0,-1.5,-3,2
Dewayne Dedmon,43,27,2016-01-25,26,ORL,A,MEM,-6,0,2:37,0,0,NA,0,0,NA,0,0,NA,0,0,0,0,0,0,0,1,0,-0.4,-1,0
Dewayne Dedmon,45,28,2016-01-29,26,ORL,A,BOS,-19,0,7:03,1,2,0.5,0,0,NA,0,0,NA,0,2,2,0,0,0,0,0,2,1.6,6,4.5
Dewayne Dedmon,46,29,2016-01-31,26,ORL,H,BOS,5,0,7:38,1,2,0.5,0,0,NA,1,2,0.5,0,3,3,1,0,1,1,2,3,2.1,-8,9.8
Dewayne Dedmon,47,30,2016-02-01,26,ORL,A,SAS,-15,0,2:30,1,2,0.5,0,0,NA,0,0,NA,0,0,0,0,0,0,0,1,2,0.6,-1,2
Dewayne Dedmon,49,31,2016-02-05,26,ORL,H,LAC,-14,0,1:48,0,0,NA,0,0,NA,2,2,1,0,0,0,0,0,0,0,0,2,2,0,2
Dewayne Dedmon,51,32,2016-02-08,26,ORL,A,ATL,7,0,6:15,0,0,NA,0,0,NA,2,2,1,0,1,1,0,0,0,0,2,2,1.5,-1,3.3
Dewayne Dedmon,52,33,2016-02-10,26,ORL,H,SAS,-2,0,10:36,1,5,0.2,0,0,NA,0,0,NA,6,3,9,2,0,1,1,0,2,5.1,-3,17.8
Dewayne Dedmon,56,34,2016-02-25,26,ORL,H,GSW,-16,0,3:49,1,2,0.5,0,0,NA,0,0,NA,0,0,0,0,0,0,0,0,2,1,0,2
Dewayne Dedmon,57,35,2016-02-26,26,ORL,A,NYK,-13,0,12:59,5,7,0.714,0,0,NA,2,2,1,2,1,3,0,1,0,0,1,12,11.4,0,17.8
Dewayne Dedmon,59,36,2016-03-01,26,ORL,A,DAL,-13,0,16:00,5,7,0.714,0,0,NA,2,2,1,3,3,6,0,0,1,1,3,12,10.6,8,21
Dewayne Dedmon,60,37,2016-03-02,26,ORL,H,CHI,13,0,2:45,0,0,NA,0,0,NA,0,0,NA,0,1,1,0,0,1,0,0,0,1,-6,3.3
Dewayne Dedmon,61,38,2016-03-04,26,ORL,H,PHO,-18,0,9:34,1,2,0.5,0,0,NA,1,2,0.5,2,2,4,1,1,0,1,3,3,3.1,-15,11
Dewayne Dedmon,62,39,2016-03-07,26,ORL,A,GSW,-6,0,8:57,1,2,0.5,0,0,NA,0,0,NA,0,4,4,0,1,0,0,1,2,2.8,2,9
Dewayne Dedmon,63,40,2016-03-08,26,ORL,A,LAL,-9,0,19:44,2,2,1,0,0,NA,1,2,0.5,2,8,10,0,1,1,1,3,5,7.3,-5,21
Dewayne Dedmon,64,41,2016-03-11,26,ORL,A,SAC,7,1,24:33,4,6,0.667,0,0,NA,1,1,1,3,4,7,0,0,1,1,1,9,9,6,19.3
Dewayne Dedmon,65,42,2016-03-12,26,ORL,A,POR,-37,1,15:21,1,2,0.5,0,0,NA,0,0,NA,2,6,8,0,0,1,0,1,2,4.5,-3,14
Dewayne Dedmon,66,43,2016-03-15,26,ORL,H,DEN,6,1,20:01,0,2,0,0,0,NA,0,0,NA,0,2,2,0,1,0,1,2,0,-1.6,17,4
Dewayne Dedmon,67,44,2016-03-16,26,ORL,A,CHO,-8,1,19:23,0,1,0,0,0,NA,1,2,0.5,1,2,3,0,0,1,0,1,1,1.5,-10,6.8
Dewayne Dedmon,68,45,2016-03-18,26,ORL,H,CLE,-6,1,18:28,2,3,0.667,0,0,NA,2,2,1,0,6,6,1,0,1,1,2,6,6.1,5,16.5
Dewayne Dedmon,69,46,2016-03-20,26,ORL,A,TOR,-5,1,16:12,2,4,0.5,0,0,NA,0,0,NA,2,3,5,1,1,1,0,4,4,5.1,3,15.8
Dewayne Dedmon,70,47,2016-03-21,26,ORL,A,BOS,-11,1,14:53,3,8,0.375,0,0,NA,2,2,1,1,4,5,0,1,0,0,0,8,6.5,-7,16.3
Dewayne Dedmon,71,48,2016-03-23,26,ORL,A,DET,-16,1,15:48,0,1,0,0,0,NA,2,2,1,2,4,6,0,1,2,1,3,2,4.1,-5,15
Dewayne Dedmon,72,49,2016-03-25,26,ORL,A,MIA,-11,1,18:01,3,7,0.429,0,0,NA,4,5,0.8,4,2,6,1,1,0,1,3,10,8.8,-3,20.5
Dewayne Dedmon,73,50,2016-03-26,26,ORL,H,CHI,22,1,22:21,9,14,0.643,0,0,NA,0,0,NA,4,9,13,2,0,0,2,4,18,15.1,1,37.8
Dewayne Dedmon,74,51,2016-03-29,26,ORL,H,BRK,34,1,20:03,6,7,0.857,0,0,NA,3,3,1,1,3,4,0,0,3,3,3,15,12,9,24.5
Dewayne Dedmon,75,52,2016-03-31,26,ORL,A,IND,20,1,15:07,3,4,0.75,0,0,NA,2,5,0.4,3,3,6,1,0,0,1,3,8,6.7,-1,16.5
Dewayne Dedmon,76,53,2016-04-01,26,ORL,A,MIL,-3,1,10:56,1,1,1,0,0,NA,2,2,1,0,4,4,0,0,0,0,1,4,4.5,-13,9
Dewayne Dedmon,77,54,2016-04-03,26,ORL,H,MEM,12,1,12:31,4,4,1,0,0,NA,0,1,0,1,2,3,0,0,0,1,2,8,5.9,5,11.3
Dewayne Dedmon,78,55,2016-04-06,26,ORL,H,DET,-4,1,4:50,0,0,NA,0,0,NA,0,0,NA,2,0,2,0,0,1,0,0,0,2.1,-9,4.5
Dewayne Dedmon,80,56,2016-04-10,26,ORL,A,MIA,-22,0,7:56,2,3,0.667,0,0,NA,0,0,NA,0,4,4,0,0,0,0,1,4,3.5,-1,9
Dewayne Dedmon,81,57,2016-04-11,26,ORL,H,MIL,9,1,18:50,6,11,0.545,0,0,NA,5,6,0.833,3,5,8,0,3,3,0,4,17,18.4,16,39
Dewayne Dedmon,82,58,2016-04-13,26,ORL,A,CHO,-14,0,12:02,2,2,1,0,0,NA,0,0,NA,0,4,4,0,0,2,2,3,4,2.8,-3,12
C.J. Watson,1,1,2015-10-28,31,ORL,H,WAS,-1,0,21:01,1,6,0.167,0,2,0,0,0,NA,0,0,0,1,1,0,1,2,2,-1.9,17,5
C.J. Watson,2,2,2015-10-30,31,ORL,H,OKC,-3,0,20:58,1,5,0.2,1,3,0.333,0,0,NA,0,3,3,3,1,0,0,1,3,3.5,2,13.8
C.J. Watson,3,3,2015-11-01,31,ORL,A,CHI,-5,0,13:54,2,4,0.5,1,2,0.5,0,2,0,1,2,3,2,0,0,0,0,5,4.9,-10,12.3
C.J. Watson,4,4,2015-11-03,31,ORL,A,NOP,9,0,20:27,1,1,1,0,0,NA,3,3,1,0,2,2,2,0,0,1,0,5,5.7,6,10
C.J. Watson,5,5,2015-11-04,31,ORL,A,HOU,-5,0,20:29,3,5,0.6,1,2,0.5,0,0,NA,0,0,0,6,4,0,2,1,7,10.5,7,23.5
C.J. Watson,6,6,2015-11-06,31,ORL,H,TOR,5,0,27:22,4,10,0.4,2,4,0.5,2,2,1,1,4,5,2,0,0,0,4,12,8.3,14,22.3
C.J. Watson,7,7,2015-11-07,31,ORL,A,PHI,8,0,15:24,0,3,0,0,1,0,0,0,NA,2,1,3,7,1,0,1,1,0,4.1,-1,15.8
C.J. Watson,8,8,2015-11-09,31,ORL,A,IND,-13,0,16:52,2,4,0.5,0,2,0,0,0,NA,0,0,0,2,1,0,1,1,4,3,-8,8.5
C.J. Watson,53,9,2016-02-19,31,ORL,H,DAL,6,0,7:40,0,0,NA,0,0,NA,0,0,NA,0,1,1,0,0,0,0,0,0,0.3,-13,1.3
C.J. Watson,54,10,2016-02-21,31,ORL,H,IND,-3,0,11:43,0,1,0,0,1,0,2,2,1,0,0,0,1,1,0,1,0,2,2,-5,5
C.J. Watson,55,11,2016-02-23,31,ORL,A,PHI,9,0,18:39,1,3,0.333,0,0,NA,1,1,1,1,4,5,0,2,0,2,1,3,2.8,13,12.3
C.J. Watson,56,12,2016-02-25,31,ORL,H,GSW,-16,0,15:19,1,1,1,0,0,NA,4,4,1,0,2,2,3,0,0,0,2,6,7.6,-5,13
C.J. Watson,57,13,2016-02-26,31,ORL,A,NYK,-13,0,14:25,0,4,0,0,2,0,0,0,NA,0,3,3,2,0,0,1,1,0,-1.9,-18,6.3
C.J. Watson,58,14,2016-02-28,31,ORL,H,PHI,14,0,23:50,1,2,0.5,1,2,0.5,0,0,NA,0,2,2,2,1,0,1,2,3,3.2,7,10.5
C.J. Watson,59,15,2016-03-01,31,ORL,A,DAL,-13,0,29:48,1,4,0.25,1,3,0.333,4,4,1,1,1,2,6,0,1,1,1,7,9.1,-11,20.5
C.J. Watson,60,16,2016-03-02,31,ORL,H,CHI,13,0,17:15,0,6,0,0,1,0,0,0,NA,0,1,1,0,0,1,0,1,0,-3.6,-14,3.3
C.J. Watson,61,17,2016-03-04,31,ORL,H,PHO,-18,0,24:20,2,7,0.286,1,3,0.333,0,0,NA,1,2,3,3,0,0,0,3,5,3.1,-1,13.8
C.J. Watson,62,18,2016-03-07,31,ORL,A,GSW,-6,0,20:32,1,2,0.5,0,0,NA,0,0,NA,0,2,2,2,1,0,0,1,2,3.6,10,9.5
C.J. Watson,63,19,2016-03-08,31,ORL,A,LAL,-9,0,24:59,2,6,0.333,0,2,0,6,8,0.75,1,2,3,5,1,0,2,2,10,8.8,-11,22.3
C.J. Watson,64,20,2016-03-11,31,ORL,A,SAC,7,1,34:01,4,9,0.444,0,2,0,2,2,1,0,3,3,5,1,1,1,1,10,10,8,24.8
C.J. Watson,65,21,2016-03-12,31,ORL,A,POR,-37,1,24:03,1,9,0.111,0,3,0,1,1,1,0,2,2,4,0,1,3,1,3,-2.2,-23,12
C.J. Watson,66,22,2016-03-15,31,ORL,H,DEN,6,0,20:58,1,6,0.167,0,2,0,0,0,NA,0,1,1,3,0,0,1,2,2,-1.2,-8,7.3
C.J. Watson,67,23,2016-03-16,31,ORL,A,CHO,-8,0,25:37,1,3,0.333,1,1,1,4,4,1,0,3,3,7,0,0,0,3,7,9.9,-7,21.8
C.J. Watson,68,24,2016-03-18,31,ORL,H,CLE,-6,0,15:45,2,4,0.5,1,1,1,0,0,NA,0,0,0,2,0,0,0,4,5,2.8,-10,8.5
C.J. Watson,72,25,2016-03-25,31,ORL,A,MIA,-11,0,19:14,1,2,0.5,1,2,0.5,0,0,NA,1,0,1,1,0,0,0,3,3,2.2,-1,6.3
C.J. Watson,73,26,2016-03-26,31,ORL,H,CHI,22,0,27:38,2,5,0.4,1,2,0.5,1,2,0.5,0,5,5,3,0,0,1,1,6,5.1,19,16.8
C.J. Watson,74,27,2016-03-29,31,ORL,H,BRK,34,0,21:55,0,3,0,0,0,NA,2,2,1,0,3,3,5,2,0,0,3,2,5.1,15,17.3
C.J. Watson,75,28,2016-03-31,31,ORL,A,IND,20,0,9:07,0,3,0,0,1,0,0,0,NA,0,1,1,0,0,0,0,0,0,-1.8,2,1.3
C.J. Watson,76,29,2016-04-01,31,ORL,A,MIL,-3,0,5:00,0,0,NA,0,0,NA,0,0,NA,0,0,0,0,0,0,0,0,0,0,6,0
C.J. Watson,79,30,2016-04-08,31,ORL,H,MIA,3,0,29:00,3,5,0.6,1,1,1,0,0,NA,0,2,2,1,0,1,1,2,7,4.9,-1,13
C.J. Watson,80,31,2016-04-10,31,ORL,A,MIA,-22,0,22:11,3,5,0.6,1,2,0.5,1,1,1,0,3,3,2,1,0,1,4,8,6.4,-11,16.8
C.J. Watson,81,32,2016-04-11,31,ORL,H,MIL,9,0,16:47,3,4,0.75,0,0,NA,0,0,NA,1,1,2,3,1,0,1,1,6,7.1,-13,14.5
C.J. Watson,82,33,2016-04-13,31,ORL,A,CHO,-14,0,19:29,3,5,0.6,0,1,0,1,1,1,0,0,0,3,0,0,2,0,7,4.8,-6,10.5
Brandon Jennings,55,24,2016-02-19,26,ORL,H,DAL,6,0,24:42,5,12,0.417,4,9,0.444,4,4,1,1,2,3,4,0,0,2,1,18,13.3,-2,28.8
Brandon Jennings,56,25,2016-02-21,26,ORL,H,IND,-3,0,25:08,4,9,0.444,2,4,0.5,2,3,0.667,3,1,4,7,2,0,5,2,12,10.4,-2,30
Brandon Jennings,57,26,2016-02-23,26,ORL,A,PHI,9,0,10:35,1,5,0.2,0,0,NA,4,4,1,0,1,1,3,0,0,1,2,6,3.5,-12,11.3
Brandon Jennings,58,27,2016-02-25,26,ORL,H,GSW,-16,0,12:10,2,5,0.4,1,3,0.333,0,0,NA,0,0,0,1,2,0,1,1,5,3.6,-9,10.5
Brandon Jennings,59,28,2016-02-26,26,ORL,A,NYK,-13,0,13:49,2,6,0.333,1,4,0.25,0,0,NA,0,1,1,0,0,0,2,0,5,-0.1,-6,5.8
Brandon Jennings,60,29,2016-02-28,26,ORL,H,PHI,14,0,16:25,1,4,0.25,1,2,0.5,0,0,NA,0,3,3,5,0,2,0,2,3,5.6,-1,18.8
Brandon Jennings,61,30,2016-03-01,26,ORL,A,DAL,-13,0,24:07,5,12,0.417,2,6,0.333,0,0,NA,0,0,0,6,2,0,3,0,12,8.8,0,24.5
Brandon Jennings,62,31,2016-03-02,26,ORL,H,CHI,13,0,11:46,1,5,0.2,0,1,0,0,0,NA,0,2,2,3,0,0,0,2,2,0.8,-4,9
Brandon Jennings,63,32,2016-03-04,26,ORL,H,PHO,-18,0,13:31,0,6,0,0,2,0,0,0,NA,1,1,2,2,0,0,0,1,0,-2.2,-9,5.5
Brandon Jennings,64,33,2016-03-07,26,ORL,A,GSW,-6,0,24:37,5,10,0.5,2,7,0.286,8,9,0.889,0,1,1,3,1,0,3,1,20,14.6,4,27.3
Brandon Jennings,65,34,2016-03-08,26,ORL,A,LAL,-9,0,4:17,0,4,0,0,1,0,0,0,NA,0,0,0,1,0,0,0,0,0,-2.1,-5,1.5
Brandon Jennings,66,35,2016-03-11,26,ORL,A,SAC,7,0,13:59,2,3,0.667,0,1,0,0,0,NA,0,2,2,2,1,1,2,1,4,4,-1,12.5
Brandon Jennings,68,36,2016-03-15,26,ORL,H,DEN,6,1,27:02,3,7,0.429,1,4,0.25,5,6,0.833,1,2,3,11,1,0,1,2,12,16.1,14,35.8
Brandon Jennings,69,37,2016-03-16,26,ORL,A,CHO,-8,1,23:55,5,11,0.455,3,7,0.429,3,3,1,1,7,8,4,0,0,2,3,16,12.7,-9,32.5
Brandon Jennings,70,38,2016-03-18,26,ORL,H,CLE,-6,1,32:15,1,8,0.125,0,2,0,0,0,NA,0,1,1,7,1,0,2,0,2,1,4,14.8
Brandon Jennings,71,39,2016-03-20,26,ORL,A,TOR,-5,1,31:22,4,7,0.571,1,3,0.333,0,3,0,0,4,4,7,0,0,2,3,9,7.4,-2,24
Brandon Jennings,72,40,2016-03-21,26,ORL,A,BOS,-11,1,16:54,1,5,0.2,0,2,0,0,0,NA,1,0,1,3,0,1,0,2,2,1.6,-12,9.8
Brandon Jennings,73,41,2016-03-23,26,ORL,A,DET,-16,1,10:59,2,4,0.5,0,1,0,2,2,1,0,1,1,0,1,0,1,1,6,3.9,-8,8.8
Brandon Jennings,74,42,2016-03-25,26,ORL,A,MIA,-11,0,16:36,2,7,0.286,2,4,0.5,2,5,0.4,0,3,3,3,1,0,2,0,8,4.7,-8,18.3
Brandon Jennings,75,43,2016-03-26,26,ORL,H,CHI,22,0,13:15,3,5,0.6,1,1,1,0,0,NA,1,2,3,5,1,0,0,1,7,10.1,7,20.8
Brandon Jennings,76,44,2016-03-29,26,ORL,H,BRK,34,0,16:01,4,8,0.5,3,6,0.5,0,0,NA,1,1,2,6,1,0,0,4,11,11.6,12,26
Brandon Jennings,77,45,2016-03-31,26,ORL,A,IND,20,0,18:29,2,6,0.333,0,1,0,0,1,0,1,1,2,5,1,1,1,1,4,5,8,17.5
Brandon Jennings,78,46,2016-04-01,26,ORL,A,MIL,-3,0,17:34,0,2,0,0,1,0,0,0,NA,0,0,0,7,3,0,4,0,0,2.5,7,14.5
Brandon Jennings,79,47,2016-04-03,26,ORL,H,MEM,12,0,16:35,2,5,0.4,2,3,0.667,0,0,NA,0,3,3,2,0,0,0,1,6,5.2,11,13.8
Brandon Jennings,80,48,2016-04-06,26,ORL,H,DET,-4,0,15:42,2,5,0.4,1,3,0.333,0,0,NA,0,0,0,3,0,0,1,2,5,2.6,-1,9.5
Tobias Harris,1,1,2015-10-28,23,ORL,H,WAS,-1,1,31:05,7,14,0.5,0,3,0,1,2,0.5,2,5,7,3,0,1,2,4,15,9.7,-1,29.3
Tobias Harris,2,2,2015-10-30,23,ORL,H,OKC,-3,1,46:17,9,19,0.474,2,4,0.5,10,12,0.833,4,5,9,4,0,1,5,3,30,21.1,-2,47.8
Tobias Harris,3,3,2015-11-01,23,ORL,A,CHI,-5,1,21:48,5,14,0.357,0,2,0,1,2,0.5,4,3,7,2,0,0,3,2,11,4.1,-2,21.3
Tobias Harris,4,4,2015-11-03,23,ORL,A,NOP,9,1,29:23,4,11,0.364,1,3,0.333,0,0,NA,4,9,13,1,1,0,1,4,9,7.5,-3,28.8
Tobias Harris,5,5,2015-11-04,23,ORL,A,HOU,-5,1,20:58,6,10,0.6,1,2,0.5,3,4,0.75,2,3,5,2,1,0,2,3,16,12.5,-1,26.8
Tobias Harris,6,6,2015-11-06,23,ORL,H,TOR,5,1,36:07,8,10,0.8,2,2,1,2,4,0.5,2,7,9,2,1,0,4,2,20,16.5,6,35.3
Tobias Harris,7,7,2015-11-07,23,ORL,A,PHI,8,1,25:33,3,7,0.429,0,1,0,3,4,0.75,0,4,4,3,1,1,0,2,9,9.1,6,22.5
Tobias Harris,8,8,2015-11-09,23,ORL,A,IND,-13,1,28:54,3,13,0.231,1,3,0.333,1,2,0.5,2,8,10,0,0,0,1,0,8,2.5,-13,20.5
Tobias Harris,9,9,2015-11-11,23,ORL,H,LAL,2,1,36:58,5,13,0.385,1,3,0.333,0,0,NA,5,6,11,1,1,1,1,3,11,9.4,-6,31.8
Tobias Harris,10,10,2015-11-13,23,ORL,H,UTA,9,1,39:34,4,9,0.444,3,6,0.5,8,8,1,2,11,13,3,3,1,2,2,19,22,10,49.8
Tobias Harris,11,11,2015-11-14,23,ORL,A,WAS,-9,1,35:34,5,11,0.455,0,1,0,0,0,NA,2,3,5,0,0,0,2,2,10,3.8,-5,15.3
Tobias Harris,12,12,2015-11-18,23,ORL,H,MIN,3,1,42:23,5,15,0.333,0,2,0,2,2,1,2,8,10,2,0,0,0,2,12,7.9,1,30.3
Tobias Harris,13,13,2015-11-21,23,ORL,H,SAC,-6,1,36:42,10,16,0.625,0,4,0,4,4,1,0,4,4,3,3,3,3,2,24,21.4,3,44
Tobias Harris,14,14,2015-11-23,23,ORL,A,CLE,-14,1,24:58,4,7,0.571,0,1,0,1,2,0.5,0,2,2,5,0,1,1,1,9,8.7,-28,20.5
Tobias Harris,15,15,2015-11-25,23,ORL,H,NYK,9,1,33:33,4,6,0.667,1,1,1,8,8,1,0,10,10,2,0,1,1,2,17,17.7,7,36
Tobias Harris,16,16,2015-11-27,23,ORL,H,MIL,24,1,29:38,6,10,0.6,4,5,0.8,3,3,1,1,1,2,3,1,1,1,1,19,17.8,20,31.5
Tobias Harris,17,17,2015-11-29,23,ORL,H,BOS,19,1,32:34,7,13,0.538,0,3,0,1,3,0.333,6,5,11,2,1,1,2,1,15,14.3,7,36.3
Tobias Harris,18,18,2015-12-01,23,ORL,A,MIN,3,1,34:51,4,12,0.333,2,5,0.4,3,4,0.75,2,2,4,1,1,0,2,2,13,6.7,8,21.5
Tobias Harris,19,19,2015-12-03,23,ORL,A,UTA,9,1,40:01,5,13,0.385,1,3,0.333,6,6,1,1,6,7,1,2,1,1,0,17,14.8,7,33.3
Tobias Harris,20,20,2015-12-05,23,ORL,A,LAC,-2,1,27:00,3,13,0.231,0,3,0,4,4,1,2,8,10,0,1,0,1,2,10,5.1,-9,25.5
Tobias Harris,21,21,2015-12-08,23,ORL,A,DEN,11,1,31:40,7,13,0.538,0,2,0,3,3,1,0,9,9,1,2,2,2,4,17,13.9,10,36.8
Tobias Harris,22,22,2015-12-09,23,ORL,A,PHO,-3,1,33:12,6,13,0.462,1,4,0.25,3,3,1,0,3,3,3,3,0,3,2,16,11.5,-4,29.3
Tobias Harris,23,23,2015-12-11,23,ORL,H,CLE,-35,1,16:38,0,5,0,0,3,0,0,0,NA,0,2,2,0,1,0,2,1,0,-4.3,-22,3.5
Tobias Harris,24,24,2015-12-14,23,ORL,A,BRK,23,1,25:33,7,11,0.636,1,4,0.25,0,1,0,0,9,9,3,0,0,0,0,15,14.5,15,31.3
Tobias Harris,25,25,2015-12-16,23,ORL,H,CHO,15,1,23:12,5,11,0.455,2,4,0.5,1,1,1,0,5,5,1,2,1,3,1,13,8.8,12,26.3
Tobias Harris,26,26,2015-12-18,23,ORL,H,POR,8,1,36:26,9,13,0.692,1,3,0.333,6,7,0.857,3,9,12,2,3,0,0,0,25,28.3,9,51
Tobias Harris,27,27,2015-12-20,23,ORL,H,ATL,-3,1,30:50,2,9,0.222,0,2,0,0,0,NA,0,6,6,3,1,1,0,5,4,2.1,5,20
Tobias Harris,28,28,2015-12-21,23,ORL,A,NYK,8,1,36:58,7,14,0.5,3,6,0.5,3,3,1,0,3,3,1,3,0,0,4,20,16,6,32.8
Tobias Harris,29,29,2015-12-23,23,ORL,H,HOU,3,1,36:12,8,10,0.8,1,1,1,2,2,1,3,5,8,1,0,1,2,1,19,17.8,3,32
Tobias Harris,30,30,2015-12-26,23,ORL,H,MIA,-7,1,39:04,4,7,0.571,2,3,0.667,3,6,0.5,0,6,6,1,2,0,1,2,13,11.2,0,26.5
Tobias Harris,31,31,2015-12-28,23,ORL,H,NOP,15,1,37:25,5,8,0.625,1,2,0.5,3,3,1,1,8,9,4,0,0,0,1,14,15.9,19,31.8
Tobias Harris,32,32,2015-12-30,23,ORL,H,BRK,7,1,36:34,5,13,0.385,0,3,0,2,3,0.667,2,6,8,2,1,0,2,0,12,8.1,12,26
Tobias Harris,33,33,2016-01-01,23,ORL,A,WAS,-12,1,36:03,5,9,0.556,1,3,0.333,2,3,0.667,1,9,10,3,0,1,2,1,13,12.1,-11,33
Tobias Harris,34,34,2016-01-02,23,ORL,A,CLE,-25,1,21:47,2,5,0.4,0,2,0,0,0,NA,0,5,5,1,0,1,1,2,4,2.4,-23,13.3
Tobias Harris,35,35,2016-01-04,23,ORL,A,DET,-26,1,33:17,4,7,0.571,1,2,0.5,2,2,1,0,3,3,3,0,0,1,2,11,8.9,-12,19.3
Tobias Harris,36,36,2016-01-06,23,ORL,H,IND,-9,1,34:12,3,12,0.25,0,6,0,0,0,NA,0,3,3,2,0,1,2,1,6,-0.6,-14,13.8
Tobias Harris,37,37,2016-01-08,23,ORL,A,BRK,6,1,42:55,3,15,0.2,1,4,0.25,2,4,0.5,2,10,12,8,0,2,1,3,9,8.1,14,40
Tobias Harris,38,38,2016-01-09,23,ORL,H,WAS,-6,1,35:29,4,9,0.444,0,2,0,3,4,0.75,1,3,4,1,2,0,1,1,11,8.8,-12,21
Tobias Harris,39,39,2016-01-14,23,ORL,H,TOR,-3,1,44:17,7,13,0.538,2,4,0.5,0,0,NA,1,10,11,3,1,0,4,2,16,11.7,10,36.8
Tobias Harris,40,40,2016-01-18,23,ORL,A,ATL,-17,1,31:37,2,7,0.286,0,2,0,2,2,1,1,3,4,4,4,1,2,1,6,8.6,-7,26
Tobias Harris,41,41,2016-01-20,23,ORL,H,PHI,-9,1,35:35,5,13,0.385,1,3,0.333,4,7,0.571,1,9,10,2,1,1,1,2,15,11.4,-11,36
Tobias Harris,42,42,2016-01-22,23,ORL,H,CHO,-4,1,39:15,9,14,0.643,0,4,0,4,5,0.8,0,5,5,2,0,2,1,5,22,16.7,-6,34.8
Tobias Harris,43,43,2016-01-25,23,ORL,A,MEM,-6,1,39:18,6,9,0.667,3,4,0.75,1,1,1,0,4,4,3,0,0,2,1,16,13,-16,26
Tobias Harris,44,44,2016-01-26,23,ORL,A,MIL,-7,1,23:44,4,12,0.333,2,5,0.4,3,7,0.429,3,3,6,2,1,1,2,2,13,7.9,-6,27.5
Tobias Harris,45,45,2016-01-29,23,ORL,A,BOS,-19,1,27:41,3,12,0.25,2,4,0.5,2,2,1,2,5,7,0,0,0,2,2,10,2.9,-9,18.8
Tobias Harris,46,46,2016-01-31,23,ORL,H,BOS,5,1,39:32,6,9,0.667,1,3,0.333,3,3,1,2,4,6,0,3,0,2,1,16,15.3,8,29
Tobias Harris,47,47,2016-02-01,23,ORL,A,SAS,-15,1,25:17,5,9,0.556,1,3,0.333,0,0,NA,1,3,4,0,0,0,3,2,11,4.5,-10,15
Tobias Harris,48,48,2016-02-03,23,ORL,A,OKC,-3,1,34:22,7,14,0.5,1,4,0.25,0,2,0,2,5,7,3,0,0,0,1,15,11.8,8,28.8
Tobias Harris,49,49,2016-02-05,23,ORL,H,LAC,-14,1,28:01,4,9,0.444,0,2,0,5,5,1,2,6,8,0,0,0,1,1,13,10.1,-2,22.5
Aaron Gordon,1,1,2015-10-28,20,ORL,H,WAS,-1,0,17:01,4,8,0.5,0,2,0,4,6,0.667,4,3,7,1,0,1,0,0,12,12.3,2,24.3
Aaron Gordon,2,2,2015-10-30,20,ORL,H,OKC,-3,0,17:51,4,4,1,1,1,1,6,8,0.75,1,2,3,0,1,1,1,5,15,13,-6,22.8
Aaron Gordon,3,3,2015-11-01,20,ORL,A,CHI,-5,0,24:35,2,7,0.286,0,1,0,0,0,NA,2,5,7,1,2,2,3,1,4,3.5,-4,20.8
Aaron Gordon,4,4,2015-11-03,20,ORL,A,NOP,9,0,4:28,1,2,0.5,0,0,NA,0,0,NA,0,2,2,0,0,0,1,2,2,-0.2,3,4
Aaron Gordon,5,5,2015-11-04,20,ORL,A,HOU,-5,0,32:02,7,11,0.636,0,0,NA,5,7,0.714,4,4,8,1,0,1,1,1,19,17.3,-4,32
Aaron Gordon,6,6,2015-11-06,20,ORL,H,TOR,5,0,11:50,2,8,0.25,1,3,0.333,0,0,NA,2,2,4,1,0,1,1,2,5,1.8,4,13.5
Aaron Gordon,7,7,2015-11-07,20,ORL,A,PHI,8,0,22:22,4,7,0.571,1,3,0.333,1,2,0.5,3,3,6,2,1,0,0,1,10,11.3,3,23
Aaron Gordon,8,8,2015-11-09,20,ORL,A,IND,-13,0,17:22,1,5,0.2,0,2,0,2,3,0.667,1,1,2,2,0,1,3,4,4,-1,-2,10
Aaron Gordon,9,9,2015-11-11,20,ORL,H,LAL,2,0,15:50,1,3,0.333,1,2,0.5,1,2,0.5,3,2,5,1,0,0,1,2,4,3.5,1,11.8
Aaron Gordon,10,10,2015-11-13,20,ORL,H,UTA,9,0,27:20,3,9,0.333,0,1,0,4,5,0.8,3,2,5,3,1,4,0,4,10,11.5,-11,30.8
Aaron Gordon,11,11,2015-11-14,20,ORL,A,WAS,-9,0,31:42,4,10,0.4,0,2,0,4,6,0.667,1,6,7,2,3,0,0,4,12,11.1,-10,29.8
Aaron Gordon,12,12,2015-11-18,20,ORL,H,MIN,3,0,13:46,2,3,0.667,0,0,NA,1,2,0.5,2,0,2,2,0,2,1,1,5,6.1,-2,14
Aaron Gordon,13,13,2015-11-21,20,ORL,H,SAC,-6,0,20:34,3,7,0.429,0,2,0,0,0,NA,2,5,7,2,1,1,1,4,6,5.7,-6,21.3
Aaron Gordon,14,14,2015-11-23,20,ORL,A,CLE,-14,0,24:50,5,10,0.5,1,2,0.5,0,0,NA,3,3,6,1,0,3,2,3,11,8.6,12,25.5
Aaron Gordon,15,15,2015-11-25,20,ORL,H,NYK,9,0,17:05,0,4,0,0,0,NA,2,4,0.5,3,2,5,2,0,2,0,3,2,2.7,4,15.3
Aaron Gordon,16,16,2015-11-27,20,ORL,H,MIL,24,0,18:24,1,2,0.5,0,1,0,0,0,NA,0,5,5,1,1,0,2,2,2,1.4,4,10.8
Aaron Gordon,17,17,2015-11-29,20,ORL,H,BOS,19,0,21:47,5,7,0.714,2,3,0.667,0,0,NA,1,4,5,2,0,1,0,2,12,12.3,11,24.3
Aaron Gordon,18,18,2015-12-01,20,ORL,A,MIN,3,0,13:20,3,7,0.429,1,3,0.333,0,0,NA,0,2,2,0,0,2,0,3,7,4.1,-7,14
Aaron Gordon,19,19,2015-12-03,20,ORL,A,UTA,9,0,6:22,1,2,0.5,0,1,0,0,0,NA,1,1,2,0,2,0,0,3,2,2.8,0,8.5
Aaron Gordon,20,20,2015-12-05,20,ORL,A,LAC,-2,0,21:01,5,8,0.625,0,1,0,0,0,NA,1,6,7,1,1,0,1,1,10,9.2,7,21.8
Aaron Gordon,22,21,2015-12-09,20,ORL,A,PHO,-3,0,12:20,2,2,1,1,1,1,0,0,NA,0,2,2,1,1,0,0,1,5,6.3,2,11.5
Aaron Gordon,23,22,2015-12-11,20,ORL,H,CLE,-35,0,31:22,2,6,0.333,2,3,0.667,0,0,NA,1,3,4,2,0,0,3,3,6,1.4,-13,13.5
Aaron Gordon,24,23,2015-12-14,20,ORL,A,BRK,23,0,22:27,1,3,0.333,0,0,NA,2,3,0.667,1,4,5,0,0,0,3,2,4,0,8,8.8
Aaron Gordon,25,24,2015-12-16,20,ORL,H,CHO,15,0,24:48,2,3,0.667,0,0,NA,2,2,1,2,5,7,3,2,0,0,0,6,11.7,3,23.3
Aaron Gordon,26,25,2015-12-18,20,ORL,H,POR,8,0,12:09,0,1,0,0,0,NA,2,2,1,1,4,5,0,0,0,0,1,2,2.8,-1,8.3
Aaron Gordon,27,26,2015-12-20,20,ORL,H,ATL,-3,0,16:47,1,5,0.2,0,0,NA,0,0,NA,2,2,4,1,0,0,1,0,2,0.6,-3,8
Aaron Gordon,28,27,2015-12-21,20,ORL,A,NYK,8,0,11:02,0,1,0,0,0,NA,0,0,NA,0,2,2,1,2,0,0,1,0,2.2,2,8
Aaron Gordon,29,28,2015-12-23,20,ORL,H,HOU,3,0,11:48,6,11,0.545,1,2,0.5,1,2,0.5,2,1,3,0,2,0,0,1,14,11.6,0,22.3
Aaron Gordon,30,29,2015-12-26,20,ORL,H,MIA,-7,0,11:10,1,2,0.5,0,0,NA,0,0,NA,3,1,4,1,0,1,0,0,2,4.8,-5,10.5
Aaron Gordon,31,30,2015-12-28,20,ORL,H,NOP,15,0,10:35,3,5,0.6,0,1,0,1,1,1,1,3,4,0,0,0,0,0,7,6.3,-4,12
Aaron Gordon,32,31,2015-12-30,20,ORL,H,BRK,7,0,26:02,3,5,0.6,1,1,1,3,4,0.75,3,4,7,0,1,2,0,2,10,12.2,8,25.3
Aaron Gordon,33,32,2016-01-01,20,ORL,A,WAS,-12,0,24:59,3,6,0.5,0,1,0,0,1,0,3,4,7,3,0,0,1,0,6,7,-6,18.8
Aaron Gordon,34,33,2016-01-02,20,ORL,A,CLE,-25,0,26:15,5,10,0.5,1,2,0.5,0,0,NA,1,6,7,2,0,0,1,3,11,7.7,-4,22.8
Aaron Gordon,35,34,2016-01-04,20,ORL,A,DET,-26,0,25:14,0,1,0,0,1,0,2,2,1,1,2,3,1,0,0,0,1,2,2.9,-17,7.3
Aaron Gordon,36,35,2016-01-06,20,ORL,H,IND,-9,0,16:26,3,6,0.5,0,2,0,2,2,1,3,5,8,1,0,1,2,2,8,7.2,3,20.5
Aaron Gordon,37,36,2016-01-08,20,ORL,A,BRK,6,0,22:52,6,8,0.75,2,3,0.667,0,0,NA,2,3,5,1,0,0,1,4,14,11.2,3,22.3
Aaron Gordon,38,37,2016-01-09,20,ORL,H,WAS,-6,0,29:47,4,7,0.571,1,3,0.333,1,2,0.5,3,7,10,1,2,0,1,0,10,12.2,4,29.5
Aaron Gordon,39,38,2016-01-14,20,ORL,H,TOR,-3,0,6:33,0,0,NA,0,0,NA,0,2,0,0,1,1,0,0,0,0,0,0,-0.5,-7,1.3
Aaron Gordon,40,39,2016-01-18,20,ORL,A,ATL,-17,0,26:41,5,9,0.556,1,2,0.5,7,8,0.875,1,6,7,3,0,1,0,0,18,18.6,-12,33.8
Aaron Gordon,41,40,2016-01-20,20,ORL,H,PHI,-9,0,32:16,3,7,0.429,0,2,0,1,1,1,2,6,8,1,0,0,1,1,7,5.8,-3,18
Aaron Gordon,42,41,2016-01-22,20,ORL,H,CHO,-4,1,24:18,4,4,1,1,1,1,1,3,0.333,1,6,7,4,0,0,2,6,10,8.9,1,24.3
Aaron Gordon,43,42,2016-01-25,20,ORL,A,MEM,-6,1,24:18,3,8,0.375,0,4,0,4,4,1,0,9,9,0,0,1,2,1,10,6.6,-11,22.3
Aaron Gordon,44,43,2016-01-26,20,ORL,A,MIL,-7,1,37:15,3,9,0.333,1,2,0.5,2,4,0.5,3,6,9,3,1,0,0,1,9,9.7,-2,27.3
Aaron Gordon,45,44,2016-01-29,20,ORL,A,BOS,-19,1,26:19,3,9,0.333,2,4,0.5,4,4,1,3,6,9,2,1,0,2,2,12,10.4,-16,28.3
Aaron Gordon,46,45,2016-01-31,20,ORL,H,BOS,5,1,39:08,8,11,0.727,0,2,0,3,9,0.333,3,11,14,5,0,2,0,4,19,20.8,7,49.5
Aaron Gordon,47,46,2016-02-01,20,ORL,A,SAS,-15,1,31:29,6,12,0.5,0,0,NA,0,0,NA,6,10,16,0,0,1,2,1,12,11.5,-5,34.5
Aaron Gordon,48,47,2016-02-03,20,ORL,A,OKC,-3,1,25:34,1,10,0.1,0,2,0,0,0,NA,3,3,6,1,0,0,0,0,2,-0.9,-3,11
Aaron Gordon,49,48,2016-02-05,20,ORL,H,LAC,-14,1,29:22,3,6,0.5,0,1,0,0,1,0,2,1,3,1,1,1,0,0,6,6.7,-11,15.3
Aaron Gordon,50,49,2016-02-07,20,ORL,H,ATL,2,1,33:56,3,11,0.273,0,3,0,5,6,0.833,5,8,13,4,2,4,0,2,11,16.8,10,46.8
Aaron Gordon,51,50,2016-02-08,20,ORL,A,ATL,7,1,28:21,4,8,0.5,1,1,1,3,3,1,2,8,10,3,1,1,1,4,12,13,10,34.5
Aaron Gordon,52,51,2016-02-10,20,ORL,H,SAS,-2,1,30:05,1,6,0.167,0,3,0,2,3,0.667,1,13,14,3,1,2,1,1,4,7.5,3,31.5
Aaron Gordon,53,52,2016-02-19,20,ORL,H,DAL,6,1,27:58,3,8,0.375,1,2,0.5,0,0,NA,3,8,11,1,6,0,2,4,7,10.2,3,33.8
Aaron Gordon,54,53,2016-02-21,20,ORL,H,IND,-3,1,29:37,4,11,0.364,1,3,0.333,1,2,0.5,1,10,11,4,1,0,0,3,10,9.8,1,33.8
Aaron Gordon,55,54,2016-02-23,20,ORL,A,PHI,9,1,29:57,4,10,0.4,0,1,0,3,6,0.5,2,9,11,3,3,1,2,3,11,11.1,2,37.8
Aaron Gordon,56,55,2016-02-25,20,ORL,H,GSW,-16,1,30:14,9,14,0.643,1,4,0.25,0,0,NA,3,5,8,2,0,1,1,1,19,17.1,-3,34
Aaron Gordon,57,56,2016-02-26,20,ORL,A,NYK,-13,1,34:15,6,12,0.5,1,3,0.333,4,6,0.667,4,4,8,2,1,0,0,2,17,15.8,-5,32.5
Aaron Gordon,58,57,2016-02-28,20,ORL,H,PHI,14,1,35:54,7,10,0.7,2,2,1,6,6,1,1,6,7,3,1,2,1,1,22,23.4,15,41.8
Aaron Gordon,59,58,2016-03-01,20,ORL,A,DAL,-13,1,19:06,3,5,0.6,0,2,0,1,3,0.333,2,3,5,4,1,0,1,5,7,7,1,20.8
Aaron Gordon,60,59,2016-03-02,20,ORL,H,CHI,13,1,33:12,2,6,0.333,1,4,0.25,8,10,0.8,2,13,15,3,0,0,0,4,13,14.6,16,38.3
Aaron Gordon,61,60,2016-03-04,20,ORL,H,PHO,-18,1,15:51,1,3,0.333,0,2,0,2,2,1,0,2,2,0,0,0,2,2,4,0.1,-6,5.5
Aaron Gordon,62,61,2016-03-07,20,ORL,A,GSW,-6,1,36:02,8,15,0.533,0,1,0,4,4,1,6,10,16,0,1,1,3,2,20,17.8,-15,44
Aaron Gordon,63,62,2016-03-08,20,ORL,A,LAL,-9,1,27:59,2,4,0.5,0,2,0,1,2,0.5,0,4,4,3,1,1,0,2,5,6.8,-4,18.5
Aaron Gordon,64,63,2016-03-11,20,ORL,A,SAC,7,1,27:19,8,12,0.667,0,0,NA,4,10,0.4,3,8,11,1,1,0,2,4,20,15,4,37.8
Aaron Gordon,65,64,2016-03-12,20,ORL,A,POR,-37,1,32:41,8,13,0.615,1,2,0.5,0,3,0,1,3,4,3,2,1,2,2,17,13.5,-18,32
Aaron Gordon,66,65,2016-03-15,20,ORL,H,DEN,6,1,26:43,7,10,0.7,2,4,0.5,0,0,NA,1,2,3,0,1,2,1,1,16,14.1,14,26.3
Aaron Gordon,67,66,2016-03-16,20,ORL,A,CHO,-8,1,12:52,0,3,0,0,0,NA,0,0,NA,0,2,2,0,0,0,0,2,0,-2.3,-13,2.5
Aaron Gordon,68,67,2016-03-18,20,ORL,H,CLE,-6,1,31:26,2,8,0.25,1,2,0.5,2,4,0.5,3,7,10,3,0,0,1,2,7,5.9,5,24
Aaron Gordon,69,68,2016-03-20,20,ORL,A,TOR,-5,1,18:15,2,6,0.333,1,3,0.333,1,2,0.5,0,3,3,1,1,2,0,2,6,5.4,0,17.8
Aaron Gordon,70,69,2016-03-21,20,ORL,A,BOS,-11,1,28:46,6,14,0.429,1,2,0.5,0,0,NA,3,5,8,0,1,0,0,3,13,9,-13,25.5
Aaron Gordon,71,70,2016-03-23,20,ORL,A,DET,-16,1,28:32,5,15,0.333,1,4,0.25,4,4,1,6,5,11,3,0,0,0,0,15,14.3,-19,35.3
Aaron Gordon,72,71,2016-03-25,20,ORL,A,MIA,-11,1,34:42,2,7,0.286,0,2,0,0,0,NA,2,4,6,2,0,0,1,2,4,2.1,-8,14
Aaron Gordon,73,72,2016-03-26,20,ORL,H,CHI,22,1,26:47,4,9,0.444,1,3,0.333,0,0,NA,2,3,5,6,2,1,1,4,9,10.9,14,30.3
Aaron Gordon,74,73,2016-03-29,20,ORL,H,BRK,34,1,26:37,9,11,0.818,1,3,0.333,1,1,1,0,4,4,0,1,0,0,2,20,17.3,19,27.5
Aaron Gordon,75,74,2016-03-31,20,ORL,A,IND,20,1,19:41,2,7,0.286,0,2,0,2,2,1,2,2,4,1,1,1,2,1,6,3.9,0,15.5
Aaron Gordon,76,75,2016-04-01,20,ORL,A,MIL,-3,1,31:58,6,12,0.5,1,3,0.333,1,2,0.5,2,5,7,2,1,0,1,4,14,10.3,-12,27.8
Aaron Gordon,77,76,2016-04-03,20,ORL,H,MEM,12,1,28:47,5,11,0.455,1,3,0.333,3,4,0.75,4,6,10,3,1,1,0,1,14,15.9,5,37
Aaron Gordon,78,77,2016-04-06,20,ORL,H,DET,-4,1,32:17,3,10,0.3,0,2,0,0,2,0,2,4,6,4,0,1,1,1,6,4.1,1,21
Aaron Gordon,82,78,2016-04-13,20,ORL,A,CHO,-14,0,24:29,9,17,0.529,1,4,0.25,3,4,0.75,1,4,5,1,2,1,0,1,22,18.2,0,36.3
Shabazz Napier,2,1,2015-10-30,24,ORL,H,OKC,-3,0,0:30,0,0,NA,0,0,NA,0,0,NA,0,0,0,0,0,0,0,0,0,0,0,0
Shabazz Napier,3,2,2015-11-01,24,ORL,A,CHI,-5,0,16:09,2,5,0.4,1,2,0.5,2,2,1,0,0,0,1,1,0,0,3,7,4.8,7,11
Shabazz Napier,4,3,2015-11-03,24,ORL,A,NOP,9,0,0:53,0,0,NA,0,0,NA,0,0,NA,0,0,0,0,0,0,0,0,0,0,-3,0
Shabazz Napier,5,4,2015-11-04,24,ORL,A,HOU,-5,0,9:07,1,3,0.333,0,2,0,0,0,NA,0,1,1,2,0,0,1,0,2,1,3,5.8
Shabazz Napier,6,5,2015-11-06,24,ORL,H,TOR,5,0,16:39,2,4,0.5,1,2,0.5,0,0,NA,0,2,2,6,0,0,1,1,5,6.4,12,16.5
Shabazz Napier,7,6,2015-11-07,24,ORL,A,PHI,8,0,9:39,0,1,0,0,0,NA,1,2,0.5,0,2,2,1,0,0,2,0,1,-0.8,1,4
Shabazz Napier,8,7,2015-11-09,24,ORL,A,IND,-13,0,2:11,0,1,0,0,1,0,0,0,NA,1,1,2,0,0,0,0,0,0,0.3,-2,2.5
Shabazz Napier,9,8,2015-11-11,24,ORL,H,LAL,2,0,30:11,8,16,0.5,5,9,0.556,1,1,1,0,0,0,3,1,0,2,3,22,13.9,2,30
Shabazz Napier,10,9,2015-11-13,24,ORL,H,UTA,9,0,18:14,1,4,0.25,0,1,0,0,0,NA,0,1,1,0,2,0,4,2,2,-2.9,-4,5.3
Shabazz Napier,11,10,2015-11-14,24,ORL,A,WAS,-9,0,16:24,3,5,0.6,0,1,0,0,0,NA,0,0,0,1,1,0,4,1,6,1,3,7.5
Shabazz Napier,12,11,2015-11-18,24,ORL,H,MIN,3,0,14:43,3,9,0.333,2,4,0.5,1,1,1,0,0,0,1,1,0,0,0,9,5.6,-15,13.5
Shabazz Napier,13,12,2015-11-21,24,ORL,H,SAC,-6,0,11:57,1,1,1,1,1,1,0,0,NA,1,2,3,3,0,0,0,1,3,5.7,0,11.8
Shabazz Napier,14,13,2015-11-23,24,ORL,A,CLE,-14,0,29:10,3,10,0.3,0,4,0,5,8,0.625,0,3,3,9,1,1,0,1,11,12.5,5,32.3
Shabazz Napier,15,14,2015-11-25,24,ORL,H,NYK,9,0,12:27,1,4,0.25,0,1,0,0,0,NA,1,0,1,0,0,0,1,1,2,-1.1,8,2.8
Shabazz Napier,16,15,2015-11-27,24,ORL,H,MIL,24,0,11:51,1,5,0.2,0,3,0,2,3,0.667,0,2,2,3,0,0,1,0,4,2.2,-3,10.5
Shabazz Napier,17,16,2015-11-29,24,ORL,H,BOS,19,0,9:25,2,3,0.667,1,2,0.5,0,0,NA,0,1,1,4,0,0,1,0,5,5.8,6,12.3
Shabazz Napier,18,17,2015-12-01,24,ORL,A,MIN,3,0,6:17,0,3,0,0,1,0,0,0,NA,0,1,1,1,0,0,0,1,0,-1.5,-2,2.8
Shabazz Napier,19,18,2015-12-03,24,ORL,A,UTA,9,0,15:19,1,4,0.25,1,2,0.5,0,0,NA,1,0,1,2,0,0,0,0,3,2.7,-4,7.8
Shabazz Napier,20,19,2015-12-05,24,ORL,A,LAC,-2,0,11:10,0,2,0,0,1,0,2,2,1,0,0,0,2,0,0,0,1,2,1.6,-3,5
Shabazz Napier,21,20,2015-12-08,24,ORL,A,DEN,11,0,14:10,3,7,0.429,0,3,0,0,0,NA,0,0,0,0,1,0,1,0,6,2.3,0,7.5
Shabazz Napier,22,21,2015-12-09,24,ORL,A,PHO,-3,0,14:38,2,3,0.667,2,3,0.667,1,2,0.5,0,0,0,4,0,0,0,2,7,7.3,-2,14
Shabazz Napier,23,22,2015-12-11,24,ORL,H,CLE,-35,0,19:27,1,7,0.143,0,3,0,1,2,0.5,0,0,0,5,1,0,3,1,3,-0.8,-5,11
Shabazz Napier,24,23,2015-12-14,24,ORL,A,BRK,23,0,4:05,0,1,0,0,0,NA,0,0,NA,0,0,0,2,2,0,2,0,0,0.7,0,6
Shabazz Napier,25,24,2015-12-16,24,ORL,H,CHO,15,0,3:35,0,2,0,0,0,NA,0,0,NA,0,0,0,0,0,0,1,0,0,-2.4,-7,-0.5
Shabazz Napier,28,25,2015-12-21,24,ORL,A,NYK,8,0,11:33,1,4,0.25,1,2,0.5,0,0,NA,0,2,2,6,0,0,1,1,3,4,2,14.5
Shabazz Napier,31,26,2015-12-28,24,ORL,H,NOP,15,0,2:02,0,2,0,0,0,NA,0,0,NA,0,0,0,0,0,0,1,0,0,-2.4,-3,-0.5
Shabazz Napier,32,27,2015-12-30,24,ORL,H,BRK,7,0,17:11,2,4,0.5,1,2,0.5,2,2,1,1,2,3,5,1,0,2,3,7,7.6,-9,19.8
Shabazz Napier,33,28,2016-01-01,24,ORL,A,WAS,-12,0,1:02,0,0,NA,0,0,NA,0,0,NA,0,0,0,0,0,0,0,0,0,0,0,0
Shabazz Napier,34,29,2016-01-02,24,ORL,A,CLE,-25,0,17:43,2,5,0.4,0,2,0,6,6,1,0,4,4,1,1,0,2,1,10,7.8,7,17.5
Shabazz Napier,35,30,2016-01-04,24,ORL,A,DET,-26,0,27:18,4,12,0.333,2,6,0.333,0,0,NA,0,1,1,2,2,0,2,3,10,3.7,-20,18.3
Shabazz Napier,36,31,2016-01-06,24,ORL,H,IND,-9,0,7:27,1,3,0.333,1,2,0.5,5,5,1,0,0,0,1,0,0,1,0,8,6,4,9.5
Shabazz Napier,37,32,2016-01-08,24,ORL,A,BRK,6,0,12:02,0,2,0,0,0,NA,0,0,NA,1,1,2,0,0,0,1,2,0,-2.2,-3,2
Shabazz Napier,38,33,2016-01-09,24,ORL,H,WAS,-6,0,9:17,0,3,0,0,2,0,0,0,NA,0,1,1,2,0,0,1,1,0,-1.8,1,3.8
Shabazz Napier,40,34,2016-01-18,24,ORL,A,ATL,-17,0,12:12,2,4,0.5,1,3,0.333,0,0,NA,0,0,0,2,0,0,0,0,5,4.4,-4,8.5
Shabazz Napier,41,35,2016-01-20,24,ORL,H,PHI,-9,0,4:19,0,3,0,0,1,0,0,0,NA,0,0,0,0,0,0,0,0,0,-2.1,-10,0
Shabazz Napier,42,36,2016-01-22,24,ORL,H,CHO,-4,0,14:45,2,2,1,1,1,1,0,0,NA,1,2,3,3,2,0,1,1,5,8.4,9,17.3
Shabazz Napier,43,37,2016-01-25,24,ORL,A,MEM,-6,0,14:27,2,5,0.4,2,3,0.667,0,0,NA,0,2,2,1,0,0,0,0,6,4.6,8,11
Shabazz Napier,44,38,2016-01-26,24,ORL,A,MIL,-7,0,24:00,1,4,0.25,1,2,0.5,0,0,NA,1,1,2,3,3,0,2,3,3,3.5,-1,15.5
Shabazz Napier,45,39,2016-01-29,24,ORL,A,BOS,-19,0,17:44,5,8,0.625,3,6,0.5,0,2,0,0,2,2,3,1,0,2,1,13,9.9,-8,22.5
Shabazz Napier,47,40,2016-02-01,24,ORL,A,SAS,-15,0,2:30,1,1,1,1,1,1,0,0,NA,0,1,1,0,0,0,0,0,3,3,-1,4.8
Shabazz Napier,49,41,2016-02-05,24,ORL,H,LAC,-14,0,10:17,1,4,0.25,0,2,0,0,0,NA,0,0,0,4,0,0,1,1,2,1,-1,7.5
Shabazz Napier,50,42,2016-02-07,24,ORL,H,ATL,2,0,9:58,0,2,0,0,1,0,0,0,NA,0,1,1,0,1,0,0,1,0,-0.5,-5,3.3
Shabazz Napier,51,43,2016-02-08,24,ORL,A,ATL,7,0,13:09,1,4,0.25,0,2,0,0,0,NA,0,3,3,5,1,0,1,1,2,3.6,-1,14.8
Shabazz Napier,52,44,2016-02-10,24,ORL,H,SAS,-2,0,6:10,0,2,0,0,1,0,0,0,NA,0,0,0,1,0,0,0,0,0,-0.7,2,1.5
Shabazz Napier,59,45,2016-03-01,24,ORL,A,DAL,-13,0,3:52,0,1,0,0,1,0,0,0,NA,0,1,1,1,0,0,0,1,0,-0.1,-1,2.8
Shabazz Napier,60,46,2016-03-02,24,ORL,H,CHI,13,0,2:45,0,1,0,0,1,0,0,0,NA,0,1,1,0,0,0,1,0,0,-1.4,-6,0.8
Shabazz Napier,61,47,2016-03-04,24,ORL,H,PHO,-18,0,3:01,1,2,0.5,1,1,1,0,0,NA,0,0,0,0,0,0,1,0,3,1,-2,3
Shabazz Napier,63,48,2016-03-08,24,ORL,A,LAL,-9,0,1:44,0,0,NA,0,0,NA,0,0,NA,0,0,0,1,0,0,0,0,0,0.7,6,1.5
Shabazz Napier,65,49,2016-03-12,24,ORL,A,POR,-37,0,23:57,1,9,0.111,1,6,0.167,0,0,NA,0,1,1,3,0,0,0,0,3,-0.5,-14,9.3
Shabazz Napier,71,50,2016-03-23,24,ORL,A,DET,-16,0,2:32,0,1,0,0,1,0,0,0,NA,0,2,2,0,0,0,0,0,0,-0.1,-2,2.5
Shabazz Napier,72,51,2016-03-25,24,ORL,A,MIA,-11,0,1:58,1,1,1,0,0,NA,1,3,0.333,1,0,1,1,0,0,0,0,3,3.3,4,5.8
Shabazz Napier,73,52,2016-03-26,24,ORL,H,CHI,22,0,5:08,1,4,0.25,1,3,0.333,0,0,NA,0,0,0,1,0,0,2,0,3,-0.7,-1,4
Shabazz Napier,74,53,2016-03-29,24,ORL,H,BRK,34,0,5:54,2,3,0.667,2,3,0.667,0,0,NA,0,2,2,0,0,0,0,0,6,5.3,3,9.5
Shabazz Napier,80,54,2016-04-10,24,ORL,A,MIA,-22,0,12:00,1,3,0.333,0,1,0,2,2,1,0,0,0,1,0,0,0,0,4,3,-2,5.5
Shabazz Napier,82,55,2016-04-13,24,ORL,A,CHO,-14,0,3:44,1,2,0.5,1,2,0.5,1,2,0.5,0,0,0,0,0,0,0,0,4,2.6,-3,4.5
Andrew Nicholson,3,1,2015-11-01,25,ORL,A,CHI,-5,0,4:06,0,1,0,0,0,NA,0,0,NA,0,1,1,0,0,0,1,1,0,-1.8,6,0.8
Andrew Nicholson,10,2,2015-11-13,25,ORL,H,UTA,9,0,2:59,0,1,0,0,1,0,0,0,NA,0,0,0,0,0,1,0,1,0,-0.4,-9,2
Andrew Nicholson,12,3,2015-11-18,25,ORL,H,MIN,3,0,21:33,3,12,0.25,2,3,0.667,0,0,NA,2,5,7,0,0,0,0,2,8,2.9,17,17.8
Andrew Nicholson,13,4,2015-11-21,25,ORL,H,SAC,-6,0,7:21,2,5,0.4,0,0,NA,0,0,NA,2,0,2,1,0,0,0,1,4,3,-4,8
Andrew Nicholson,14,5,2015-11-23,25,ORL,A,CLE,-14,0,24:15,6,9,0.667,3,5,0.6,3,3,1,1,7,8,0,1,0,2,4,18,14.3,-4,30.5
Andrew Nicholson,15,6,2015-11-25,25,ORL,H,NYK,9,0,24:56,3,9,0.333,1,4,0.25,0,0,NA,0,2,2,1,0,1,0,1,7,3.5,9,13.5
Andrew Nicholson,16,7,2015-11-27,25,ORL,H,MIL,24,0,25:14,1,7,0.143,1,4,0.25,0,0,NA,1,6,7,1,0,2,2,1,3,0.7,4,16.8
Andrew Nicholson,17,8,2015-11-29,25,ORL,H,BOS,19,0,23:29,6,9,0.667,2,4,0.5,0,0,NA,2,6,8,0,0,2,0,0,14,14.7,15,29
Andrew Nicholson,18,9,2015-12-01,25,ORL,A,MIN,3,0,31:00,6,11,0.545,0,1,0,3,4,0.75,2,4,6,0,0,0,1,0,15,10.9,-5,22
Andrew Nicholson,19,10,2015-12-03,25,ORL,A,UTA,9,0,23:58,6,10,0.6,2,4,0.5,0,0,NA,1,1,2,0,1,0,1,1,14,10,3,19
Andrew Nicholson,20,11,2015-12-05,25,ORL,A,LAC,-2,0,22:56,2,5,0.4,2,3,0.667,0,0,NA,0,7,7,1,0,0,1,0,6,5.1,10,16.8
Andrew Nicholson,21,12,2015-12-08,26,ORL,A,DEN,11,0,20:54,4,7,0.571,0,1,0,0,0,NA,2,12,14,0,0,0,3,2,8,5.9,-4,24
Andrew Nicholson,22,13,2015-12-09,26,ORL,A,PHO,-3,0,13:30,3,5,0.6,1,1,1,2,2,1,0,3,3,0,0,0,1,5,9,4.6,6,12.8
Andrew Nicholson,23,14,2015-12-11,26,ORL,H,CLE,-35,0,23:09,4,7,0.571,0,2,0,0,0,NA,0,6,6,0,0,1,1,2,8,5.4,-7,17
Andrew Nicholson,24,15,2015-12-14,26,ORL,A,BRK,23,0,24:40,6,9,0.667,2,5,0.4,1,2,0.5,0,3,3,0,2,0,2,2,15,10.8,5,22.8
Andrew Nicholson,25,16,2015-12-16,26,ORL,H,CHO,15,0,17:35,2,4,0.5,1,2,0.5,2,2,1,0,1,1,0,0,1,1,3,7,3.8,-8,10.3
Andrew Nicholson,26,17,2015-12-18,26,ORL,H,POR,8,0,24:53,3,9,0.333,0,2,0,2,3,0.667,2,2,4,0,0,0,1,2,8,2.7,-4,12.5
Andrew Nicholson,27,18,2015-12-20,26,ORL,H,ATL,-3,0,17:16,2,4,0.5,1,2,0.5,7,7,1,1,5,6,0,1,1,3,3,12,9.7,-5,22.5
Andrew Nicholson,28,19,2015-12-21,26,ORL,A,NYK,8,0,12:26,2,8,0.25,1,2,0.5,0,0,NA,0,1,1,0,0,0,0,1,5,0.1,2,6.8
Andrew Nicholson,29,20,2015-12-23,26,ORL,H,HOU,3,0,8:10,1,3,0.333,1,2,0.5,0,0,NA,0,0,0,0,0,0,1,0,3,0.3,-1,3
Andrew Nicholson,30,21,2015-12-26,26,ORL,H,MIA,-7,0,7:55,0,0,NA,0,0,NA,0,0,NA,0,1,1,0,0,0,0,1,0,-0.1,-2,1.3
Andrew Nicholson,31,22,2015-12-28,26,ORL,H,NOP,15,0,20:33,6,10,0.6,1,2,0.5,0,3,0,1,4,5,1,1,0,0,2,13,10,3,23.3
Andrew Nicholson,32,23,2015-12-30,26,ORL,H,BRK,7,0,7:17,3,5,0.6,0,1,0,0,0,NA,1,0,1,0,0,0,1,0,6,3.4,0,6.8
Andrew Nicholson,33,24,2016-01-01,26,ORL,A,WAS,-12,0,10:16,3,4,0.75,0,1,0,2,2,1,0,1,1,0,0,0,0,0,8,6.7,4,9.3
Andrew Nicholson,34,25,2016-01-02,26,ORL,A,CLE,-25,0,27:34,2,6,0.333,1,3,0.333,1,2,0.5,1,5,6,0,0,0,0,3,6,3.2,-9,14
Andrew Nicholson,35,26,2016-01-04,26,ORL,A,DET,-26,0,21:11,6,10,0.6,2,3,0.667,0,0,NA,1,6,7,1,0,0,1,0,14,11.6,-1,24.8
Andrew Nicholson,36,27,2016-01-06,26,ORL,H,IND,-9,0,23:17,2,7,0.286,0,4,0,0,0,NA,2,4,6,2,0,1,2,0,4,2.6,5,15.5
Andrew Nicholson,37,28,2016-01-08,26,ORL,A,BRK,6,0,9:14,0,4,0,0,3,0,0,0,NA,0,5,5,2,0,0,1,1,0,-1.3,-2,8.8
Andrew Nicholson,38,29,2016-01-09,26,ORL,H,WAS,-6,0,1:45,0,0,NA,0,0,NA,0,0,NA,0,1,1,0,0,0,0,1,0,-0.1,4,1.3
Andrew Nicholson,39,30,2016-01-14,26,ORL,H,TOR,-3,0,3:06,0,2,0,0,2,0,0,0,NA,0,0,0,0,0,0,0,2,0,-2.2,-12,0
Andrew Nicholson,40,31,2016-01-18,26,ORL,A,ATL,-17,0,9:19,0,3,0,0,1,0,0,0,NA,1,1,2,1,0,0,1,2,0,-2.2,-5,3.5
Andrew Nicholson,42,32,2016-01-22,26,ORL,H,CHO,-4,0,4:58,0,0,NA,0,0,NA,0,0,NA,0,1,1,0,0,0,0,0,0,0.3,-3,1.3
Andrew Nicholson,45,33,2016-01-29,26,ORL,A,BOS,-19,0,7:03,0,3,0,0,1,0,2,2,1,0,2,2,0,0,1,0,0,2,1.2,6,6.5
Andrew Nicholson,47,34,2016-02-01,26,ORL,A,SAS,-15,0,2:30,0,0,NA,0,0,NA,0,0,NA,0,0,0,0,0,0,0,0,0,0,-1,0
Andrew Nicholson,49,35,2016-02-05,26,ORL,H,LAC,-14,0,2:14,0,0,NA,0,0,NA,0,0,NA,0,1,1,0,0,0,0,0,0,0.3,0,1.3
Andrew Nicholson,52,36,2016-02-10,26,ORL,H,SAS,-2,0,17:55,1,5,0.2,1,2,0.5,0,0,NA,1,2,3,1,0,2,1,2,3,1.5,-5,12.3
Andrew Nicholson,56,37,2016-02-25,26,ORL,H,GSW,-16,0,3:49,1,1,1,0,0,NA,1,1,1,0,1,1,1,0,1,0,0,3,4.4,0,7.8
Andrew Nicholson,57,38,2016-02-26,26,ORL,A,NYK,-13,0,2:10,0,0,NA,0,0,NA,0,0,NA,0,1,1,0,0,0,0,0,0,0.3,2,1.3
Andrew Nicholson,60,39,2016-03-02,26,ORL,H,CHI,13,0,2:45,0,1,0,0,1,0,0,0,NA,0,2,2,0,0,0,0,0,0,-0.1,-6,2.5
Andrew Nicholson,61,40,2016-03-04,26,ORL,H,PHO,-18,0,3:01,0,0,NA,0,0,NA,0,0,NA,0,0,0,0,0,0,0,0,0,0,-2,0
Andrew Nicholson,63,41,2016-03-08,26,ORL,A,LAL,-9,0,10:15,1,3,0.333,0,1,0,0,0,NA,0,1,1,0,0,0,1,0,2,-0.4,2,2.8
Andrew Nicholson,65,42,2016-03-12,26,ORL,A,POR,-37,0,7:54,1,3,0.333,0,2,0,0,0,NA,1,1,2,0,0,0,0,0,2,1.3,-9,4.5
Andrew Nicholson,67,43,2016-03-16,26,ORL,A,CHO,-8,0,23:08,5,10,0.5,1,2,0.5,2,2,1,0,7,7,3,1,2,2,5,13,10.6,13,31.8
Andrew Nicholson,69,44,2016-03-20,26,ORL,A,TOR,-5,0,20:45,6,14,0.429,1,5,0.2,2,2,1,0,9,9,1,0,2,2,2,15,9.6,-15,31.3
Andrew Nicholson,70,45,2016-03-21,26,ORL,A,BOS,-11,0,15:15,5,8,0.625,1,2,0.5,2,3,0.667,1,5,6,0,0,1,0,0,13,11.9,-4,23
Andrew Nicholson,71,46,2016-03-23,26,ORL,A,DET,-16,0,4:23,1,2,0.5,1,1,1,0,0,NA,1,1,2,0,0,0,1,0,3,2,-1,5.5
Andrew Nicholson,72,47,2016-03-25,26,ORL,A,MIA,-11,0,17:40,8,12,0.667,2,5,0.4,1,1,1,0,6,6,1,0,0,2,3,19,13.1,0,28
Andrew Nicholson,73,48,2016-03-26,26,ORL,H,CHI,22,0,21:13,5,13,0.385,1,4,0.25,3,5,0.6,2,4,6,0,0,1,0,2,14,8.6,8,24
Andrew Nicholson,74,49,2016-03-29,26,ORL,H,BRK,34,0,21:23,9,9,1,3,3,1,3,6,0.5,1,2,3,2,0,0,1,2,24,21,15,31.8
Andrew Nicholson,75,50,2016-03-31,26,ORL,A,IND,20,0,25:27,4,9,0.444,0,4,0,3,3,1,1,4,5,3,0,1,0,3,11,9.8,15,23.8
Andrew Nicholson,76,51,2016-04-01,26,ORL,A,MIL,-3,0,16:02,5,7,0.714,1,2,0.5,2,2,1,0,4,4,0,1,1,1,1,13,11.6,9,22
Andrew Nicholson,77,52,2016-04-03,26,ORL,H,MEM,12,0,19:13,3,5,0.6,3,4,0.75,1,2,0.5,0,6,6,1,1,0,0,1,10,10.4,7,22.5
Andrew Nicholson,78,53,2016-04-06,26,ORL,H,DET,-4,0,20:20,5,7,0.714,2,2,1,2,2,1,1,5,6,0,1,0,1,1,14,12.9,7,24
Andrew Nicholson,80,54,2016-04-10,26,ORL,A,MIA,-22,0,22:52,2,6,0.333,0,2,0,4,4,1,0,1,1,1,0,0,1,1,8,4.2,-8,10.3
Andrew Nicholson,81,55,2016-04-11,26,ORL,H,MIL,9,0,11:00,0,5,0,0,3,0,0,0,NA,1,1,2,0,0,0,1,2,0,-4.3,-4,2
Andrew Nicholson,82,56,2016-04-13,26,ORL,A,CHO,-14,0,3:44,0,1,0,0,0,NA,0,0,NA,1,0,1,0,0,0,0,0,0,0,-3,1.3
Channing Frye,3,1,2015-11-01,32,ORL,A,CHI,-5,0,9:20,0,2,0,0,2,0,1,2,0.5,1,1,2,1,0,0,0,0,1,0.9,-5,5
Channing Frye,6,2,2015-11-06,32,ORL,H,TOR,5,0,14:27,2,4,0.5,1,3,0.333,0,0,NA,0,3,3,0,0,0,1,3,5,1.7,6,8.8
Channing Frye,8,3,2015-11-09,32,ORL,A,IND,-13,0,22:39,5,10,0.5,4,9,0.444,0,0,NA,1,7,8,0,0,0,2,5,14,7.8,-16,25
Channing Frye,9,4,2015-11-11,32,ORL,H,LAL,2,0,16:09,6,7,0.857,2,2,1,0,0,NA,4,1,5,0,1,1,0,1,14,15.9,1,25.3
Channing Frye,10,5,2015-11-13,32,ORL,H,UTA,9,1,23:16,2,7,0.286,2,6,0.333,2,2,1,2,3,5,1,0,0,1,0,8,5.9,23,16.3
Channing Frye,11,6,2015-11-14,32,ORL,A,WAS,-9,1,16:18,2,4,0.5,1,3,0.333,0,0,NA,0,3,3,2,0,0,0,3,5,4.1,1,12.3
Channing Frye,12,7,2015-11-18,32,ORL,H,MIN,3,0,7:11,0,2,0,0,2,0,0,0,NA,0,1,1,0,0,0,0,0,0,-1.1,4,1.3
Channing Frye,13,8,2015-11-21,32,ORL,H,SAC,-6,0,9:58,1,4,0.25,1,3,0.333,0,0,NA,0,4,4,0,0,1,0,1,3,2.1,8,10.5
Channing Frye,14,9,2015-11-23,32,ORL,A,CLE,-14,0,6:49,3,3,1,3,3,1,0,0,NA,0,0,0,0,0,0,0,0,9,8.1,8,10.5
Channing Frye,15,10,2015-11-25,32,ORL,H,NYK,9,1,20:26,1,5,0.2,1,2,0.5,0,0,NA,0,3,3,0,0,0,0,1,3,0.4,-2,7.3
Channing Frye,16,11,2015-11-27,32,ORL,H,MIL,24,1,18:46,3,9,0.333,3,5,0.6,0,0,NA,1,3,4,1,2,1,0,2,9,8.1,14,23
Channing Frye,17,12,2015-11-29,32,ORL,H,BOS,19,1,17:01,2,4,0.5,2,4,0.5,0,0,NA,0,2,2,1,1,1,2,3,6,3.8,2,14
Channing Frye,18,13,2015-12-01,32,ORL,A,MIN,3,1,16:49,0,2,0,0,1,0,0,0,NA,0,5,5,1,0,0,1,2,0,-1,10,7.3
Channing Frye,19,14,2015-12-03,32,ORL,A,UTA,9,1,18:11,1,3,0.333,1,3,0.333,2,2,1,0,3,3,1,3,0,0,2,5,7.1,3,16.8
Channing Frye,20,15,2015-12-05,32,ORL,A,LAC,-2,1,17:17,1,3,0.333,1,3,0.333,0,0,NA,1,0,1,0,0,0,1,1,3,0.6,6,4.3
Channing Frye,21,16,2015-12-08,32,ORL,A,DEN,11,1,23:35,0,3,0,0,2,0,0,0,NA,0,2,2,1,2,0,2,2,0,-1.6,7,7
Channing Frye,22,17,2015-12-09,32,ORL,A,PHO,-3,1,16:33,1,2,0.5,1,2,0.5,0,0,NA,0,2,2,1,0,0,2,2,3,0.5,-7,6.5
Channing Frye,23,18,2015-12-11,32,ORL,H,CLE,-35,1,11:35,0,3,0,0,2,0,0,0,NA,0,0,0,0,0,0,0,1,0,-2.5,-14,0
Channing Frye,24,19,2015-12-14,32,ORL,A,BRK,23,1,23:20,4,6,0.667,3,5,0.6,0,0,NA,0,4,4,5,2,0,0,1,11,14.7,18,29
Channing Frye,25,20,2015-12-16,32,ORL,H,CHO,15,1,30:25,5,7,0.714,5,7,0.714,2,2,1,0,3,3,2,2,0,1,0,17,17.4,23,29.8
Channing Frye,26,21,2015-12-18,32,ORL,H,POR,8,1,22:32,1,4,0.25,0,3,0,0,0,NA,0,4,4,3,0,0,1,3,2,0.7,12,11
Channing Frye,27,22,2015-12-20,32,ORL,H,ATL,-3,1,26:42,3,4,0.75,2,3,0.667,5,5,1,0,2,2,2,3,2,4,3,13,12.6,5,27.5
Channing Frye,28,23,2015-12-21,32,ORL,A,NYK,8,1,20:46,3,5,0.6,1,1,1,0,0,NA,1,0,1,0,0,1,0,1,7,5.7,8,10.8
Channing Frye,29,24,2015-12-23,32,ORL,H,HOU,3,1,18:53,4,4,1,2,2,1,0,0,NA,1,4,5,2,0,0,0,2,10,11.3,11,20.3
Channing Frye,30,25,2015-12-26,32,ORL,H,MIA,-7,1,26:12,3,5,0.6,2,3,0.667,0,0,NA,0,4,4,1,0,0,0,1,8,7.2,-7,15.5
Channing Frye,31,26,2015-12-28,32,ORL,H,NOP,15,1,23:21,1,4,0.25,1,3,0.333,0,0,NA,0,3,3,5,2,1,0,2,3,6.9,21,20.8
Channing Frye,32,27,2015-12-30,32,ORL,H,BRK,7,1,22:20,3,7,0.429,2,5,0.4,0,0,NA,1,5,6,1,0,0,1,1,8,5.8,-12,17.5
Channing Frye,33,28,2016-01-01,32,ORL,A,WAS,-12,1,21:44,2,4,0.5,0,1,0,0,0,NA,2,4,6,2,0,0,0,0,4,6,-6,14.5
Channing Frye,34,29,2016-01-02,32,ORL,A,CLE,-25,1,13:29,1,4,0.25,1,4,0.25,0,0,NA,0,2,2,0,0,0,0,4,3,-0.4,-13,6
Channing Frye,35,30,2016-01-04,32,ORL,A,DET,-26,1,14:04,1,3,0.333,0,2,0,0,0,NA,0,2,2,0,0,2,1,0,2,1.3,-10,8
Channing Frye,36,31,2016-01-06,32,ORL,H,IND,-9,1,13:56,0,2,0,0,2,0,2,2,1,0,3,3,1,0,1,0,3,2,1.7,-11,9.3
Channing Frye,37,32,2016-01-08,32,ORL,A,BRK,6,1,20:59,1,4,0.25,0,3,0,0,0,NA,0,2,2,2,0,0,1,3,2,-0.6,-3,7
Channing Frye,38,33,2016-01-09,32,ORL,H,WAS,-6,1,18:13,5,6,0.833,1,1,1,1,2,0.5,1,3,4,0,0,0,1,1,12,9.6,-10,17
Channing Frye,39,34,2016-01-14,32,ORL,H,TOR,-3,1,21:58,1,2,0.5,0,0,NA,0,0,NA,0,6,6,2,0,4,1,2,2,5.2,4,20
Channing Frye,40,35,2016-01-18,32,ORL,A,ATL,-17,1,17:47,1,4,0.25,0,2,0,0,0,NA,1,3,4,1,1,2,0,2,2,3.5,-7,14.5
Channing Frye,41,36,2016-01-20,32,ORL,H,PHI,-9,1,11:43,1,6,0.167,1,4,0.25,0,0,NA,2,2,4,3,1,0,2,1,3,1.9,0,14
Channing Frye,42,37,2016-01-22,32,ORL,H,CHO,-4,0,12:16,1,2,0.5,1,1,1,2,2,1,0,2,2,1,0,0,0,0,5,5.3,9,9.5
Channing Frye,43,38,2016-01-25,32,ORL,A,MEM,-6,0,12:29,2,5,0.4,0,1,0,2,2,1,1,1,2,0,0,1,1,2,6,3.2,12,10
Channing Frye,44,39,2016-01-26,32,ORL,A,MIL,-7,0,10:19,1,3,0.333,1,1,1,0,0,NA,0,2,2,0,0,0,1,3,3,-0.3,-5,5.5
Channing Frye,45,40,2016-01-29,32,ORL,A,BOS,-19,0,9:56,1,1,1,0,0,NA,0,0,NA,0,2,2,0,1,1,2,0,2,2,-9,7.5
Channing Frye,47,41,2016-02-01,32,ORL,A,SAS,-15,0,17:11,3,7,0.429,1,4,0.25,0,0,NA,1,5,6,0,0,0,1,3,7,3.3,-10,14.5
Channing Frye,48,42,2016-02-03,32,ORL,A,OKC,-3,0,17:11,1,3,0.333,0,1,0,0,0,NA,1,5,6,2,0,0,0,2,2,3.1,1,12.5
Channing Frye,50,43,2016-02-07,32,ORL,H,ATL,2,0,14:04,2,5,0.4,1,3,0.333,0,0,NA,1,2,3,0,0,1,0,1,5,3.9,-8,11.3
Channing Frye,51,44,2016-02-08,32,ORL,A,ATL,7,0,5:29,0,2,0,0,2,0,0,0,NA,0,0,0,0,0,0,0,1,0,-1.8,-10,0
Evan Fournier,1,1,2015-10-28,22,ORL,H,WAS,-1,1,26:59,1,7,0.143,0,3,0,1,2,0.5,0,4,4,1,2,0,1,1,3,0.6,-1,13
Evan Fournier,2,2,2015-10-30,23,ORL,H,OKC,-3,1,44:42,8,21,0.381,2,8,0.25,4,6,0.667,1,4,5,3,2,0,2,3,22,12.5,5,36.8
Evan Fournier,3,3,2015-11-01,23,ORL,A,CHI,-5,1,35:10,8,15,0.533,2,4,0.5,1,2,0.5,0,5,5,2,0,0,1,3,19,12,-15,28.8
Evan Fournier,4,4,2015-11-03,23,ORL,A,NOP,9,1,42:45,12,20,0.6,4,9,0.444,2,2,1,0,5,5,4,2,0,2,2,30,24.3,7,47.3
Evan Fournier,5,5,2015-11-04,23,ORL,A,HOU,-5,1,45:45,11,21,0.524,3,8,0.375,4,5,0.8,1,5,6,4,1,0,1,5,29,21.3,-3,45.5
Evan Fournier,6,6,2015-11-06,23,ORL,H,TOR,5,1,27:46,3,11,0.273,1,4,0.25,4,4,1,0,1,1,1,0,0,1,1,11,4.1,-10,13.8
Evan Fournier,7,7,2015-11-07,23,ORL,A,PHI,8,1,39:47,7,12,0.583,3,4,0.75,0,0,NA,0,3,3,2,1,0,5,5,17,7.7,-1,24.8
Evan Fournier,8,8,2015-11-09,23,ORL,A,IND,-13,1,39:33,7,13,0.538,4,9,0.444,3,4,0.75,0,2,2,1,2,0,2,4,21,14,-16,30
Evan Fournier,9,9,2015-11-11,23,ORL,H,LAL,2,1,42:07,6,16,0.375,2,6,0.333,2,3,0.667,1,4,5,6,1,0,2,4,16,10.3,3,33.3
Evan Fournier,10,10,2015-11-13,23,ORL,H,UTA,9,1,36:57,7,15,0.467,2,6,0.333,5,5,1,0,5,5,2,1,0,1,3,21,15,14,32.8
Evan Fournier,11,11,2015-11-14,23,ORL,A,WAS,-9,1,36:38,7,17,0.412,1,6,0.167,3,3,1,0,6,6,6,1,0,0,1,18,15.5,-13,37
Evan Fournier,12,12,2015-11-18,23,ORL,H,MIN,3,1,42:56,9,17,0.529,5,7,0.714,3,4,0.75,2,2,4,3,3,0,3,1,26,21,11,42.5
Evan Fournier,13,13,2015-11-21,23,ORL,H,SAC,-6,1,35:10,7,20,0.35,3,11,0.273,0,0,NA,0,4,4,3,3,0,3,4,17,7.5,11,32.5
Evan Fournier,14,14,2015-11-23,23,ORL,A,CLE,-14,1,23:00,4,5,0.8,3,3,1,2,2,1,0,1,1,1,1,0,2,4,13,9.5,-22,18.3
Evan Fournier,15,15,2015-11-25,23,ORL,H,NYK,9,1,21:07,1,9,0.111,1,3,0.333,0,0,NA,1,1,2,0,0,0,0,2,3,-2.7,-3,6
Evan Fournier,16,16,2015-11-27,23,ORL,H,MIL,24,1,28:07,5,12,0.417,3,6,0.5,4,6,0.667,1,4,5,1,1,0,1,3,17,11.2,20,27.8
Evan Fournier,17,17,2015-11-29,23,ORL,H,BOS,19,1,20:00,4,9,0.444,0,3,0,1,1,1,1,2,3,1,1,0,1,1,9,5.9,4,15.8
Evan Fournier,18,18,2015-12-01,23,ORL,A,MIN,3,1,27:56,4,7,0.571,1,2,0.5,3,4,0.75,0,1,1,3,1,0,1,3,12,9.5,3,19.8
Evan Fournier,19,19,2015-12-03,23,ORL,A,UTA,9,1,29:41,5,9,0.556,2,5,0.4,2,2,1,0,6,6,3,1,0,1,5,14,11.6,16,28.5
Evan Fournier,20,20,2015-12-05,23,ORL,A,LAC,-2,1,16:33,2,5,0.4,1,3,0.333,2,2,1,0,0,0,0,1,1,2,4,7,2.4,-18,10.5
Evan Fournier,21,21,2015-12-08,23,ORL,A,DEN,11,1,25:58,1,7,0.143,1,4,0.25,0,0,NA,0,2,2,1,0,0,1,5,3,-3.2,16,7
Evan Fournier,22,22,2015-12-09,23,ORL,A,PHO,-3,1,34:56,5,14,0.357,3,7,0.429,1,2,0.5,1,1,2,1,1,0,3,1,14,5.1,-13,20
Evan Fournier,23,23,2015-12-11,23,ORL,H,CLE,-35,1,17:14,1,2,0.5,0,0,NA,3,4,0.75,0,1,1,1,2,0,1,2,5,4.8,-28,11.3
Evan Fournier,24,24,2015-12-14,23,ORL,A,BRK,23,1,23:34,1,6,0.167,1,4,0.25,0,0,NA,1,0,1,2,0,0,1,1,3,-0.1,15,7.3
Evan Fournier,25,25,2015-12-16,23,ORL,H,CHO,15,1,24:29,4,7,0.571,3,5,0.6,4,4,1,0,3,3,3,2,0,2,0,15,14.7,18,27.8
Evan Fournier,26,26,2015-12-18,23,ORL,H,POR,8,1,25:22,1,7,0.143,0,4,0,0,0,NA,0,1,1,4,2,0,0,0,2,2.6,4,13.3
Evan Fournier,27,27,2015-12-20,23,ORL,H,ATL,-3,1,35:03,5,8,0.625,1,3,0.333,6,6,1,1,2,3,4,2,0,0,1,17,19.1,0,31.3
Evan Fournier,28,28,2015-12-21,23,ORL,A,NYK,8,1,31:37,6,14,0.429,3,6,0.5,1,2,0.5,1,5,6,1,3,0,1,3,16,11.9,8,32
Evan Fournier,29,29,2015-12-23,23,ORL,H,HOU,3,1,35:06,6,11,0.545,2,5,0.4,3,3,1,0,5,5,4,1,0,2,5,17,13,5,31.3
Evan Fournier,30,30,2015-12-26,23,ORL,H,MIA,-7,1,36:27,4,11,0.364,2,6,0.333,2,2,1,0,1,1,7,1,0,0,3,12,10.9,-2,26.8
Evan Fournier,31,31,2015-12-28,23,ORL,H,NOP,15,1,32:53,7,12,0.583,3,4,0.75,3,3,1,0,2,2,4,2,0,1,0,20,18.8,18,33.5
Evan Fournier,32,32,2015-12-30,23,ORL,H,BRK,7,1,40:27,5,12,0.417,3,8,0.375,4,4,1,1,2,3,5,2,0,2,2,17,14.6,11,32.8
Evan Fournier,33,33,2016-01-01,23,ORL,A,WAS,-12,1,27:37,5,11,0.455,1,5,0.2,0,0,NA,0,2,2,3,0,0,2,4,11,4.4,-5,17.5
Evan Fournier,34,34,2016-01-02,23,ORL,A,CLE,-25,1,27:57,2,5,0.4,1,4,0.25,4,4,1,0,1,1,2,0,0,3,3,9,3.8,-23,12.3
Evan Fournier,35,35,2016-01-04,23,ORL,A,DET,-26,1,25:36,0,6,0,0,4,0,0,0,NA,1,1,2,2,2,0,1,2,0,-1.6,-19,9
Evan Fournier,36,36,2016-01-06,23,ORL,H,IND,-9,1,35:36,5,14,0.357,1,6,0.167,2,2,1,0,3,3,4,3,0,2,6,13,7.5,-18,28.3
Evan Fournier,37,37,2016-01-08,23,ORL,A,BRK,6,1,32:38,5,8,0.625,3,6,0.5,0,0,NA,1,0,1,3,2,0,2,0,13,12.2,3,23.3
Evan Fournier,38,38,2016-01-09,23,ORL,H,WAS,-6,1,36:56,5,10,0.5,1,2,0.5,0,0,NA,0,1,1,4,0,0,2,1,11,6.7,-6,17.8
Evan Fournier,39,39,2016-01-14,23,ORL,H,TOR,-3,1,34:26,8,11,0.727,2,4,0.5,3,3,1,1,2,3,3,1,0,3,5,21,15.9,6,30.8
Evan Fournier,40,40,2016-01-18,23,ORL,A,ATL,-17,1,24:05,2,11,0.182,2,4,0.5,0,0,NA,0,1,1,2,1,0,0,3,6,0.6,-9,13.3
Evan Fournier,41,41,2016-01-20,23,ORL,H,PHI,-9,1,37:24,3,14,0.214,2,5,0.4,1,2,0.5,2,1,3,1,5,0,2,2,9,4.6,-13,24.3
Evan Fournier,42,42,2016-01-22,23,ORL,H,CHO,-4,0,32:41,6,14,0.429,1,5,0.2,2,2,1,0,2,2,2,0,1,1,2,15,8.5,-16,22.5
Evan Fournier,43,43,2016-01-25,23,ORL,A,MEM,-6,0,35:28,6,11,0.545,4,9,0.444,0,0,NA,1,2,3,5,1,0,1,1,16,15.1,1,30.8
Evan Fournier,44,44,2016-01-26,23,ORL,A,MIL,-7,0,25:28,5,11,0.455,4,7,0.571,1,2,0.5,0,1,1,2,0,0,0,0,15,10.6,-3,21.3
Evan Fournier,45,45,2016-01-29,23,ORL,A,BOS,-19,0,18:24,3,7,0.429,0,2,0,2,4,0.5,0,2,2,3,1,0,1,3,8,5,-15,16.5
Evan Fournier,46,46,2016-01-31,23,ORL,H,BOS,5,0,22:59,6,8,0.75,4,5,0.8,8,11,0.727,0,3,3,2,2,0,4,3,24,18.7,1,34.8
Evan Fournier,47,47,2016-02-01,23,ORL,A,SAS,-15,0,17:49,2,5,0.4,1,2,0.5,0,0,NA,1,0,1,0,0,0,3,1,5,-0.4,-10,5.3
Evan Fournier,48,48,2016-02-03,23,ORL,A,OKC,-3,0,18:53,2,4,0.5,1,3,0.333,2,2,1,0,1,1,2,0,0,3,1,7,3.3,-9,10.3
Evan Fournier,49,49,2016-02-05,23,ORL,H,LAC,-14,0,32:07,6,13,0.462,2,5,0.4,2,4,0.5,1,5,6,3,1,0,2,3,16,10.6,-10,30
Evan Fournier,50,50,2016-02-07,23,ORL,H,ATL,2,1,42:50,7,14,0.5,3,5,0.6,4,4,1,0,5,5,1,2,0,3,2,21,14.4,10,32.8
Evan Fournier,51,51,2016-02-08,23,ORL,A,ATL,7,1,42:16,6,11,0.545,3,7,0.429,1,1,1,0,3,3,4,3,0,2,4,16,13.8,-1,32.3
Evan Fournier,52,52,2016-02-10,23,ORL,H,SAS,-2,1,41:50,10,20,0.5,3,5,0.6,5,5,1,0,2,2,5,0,0,1,3,28,19.9,-4,39
Evan Fournier,53,53,2016-02-19,23,ORL,H,DAL,6,1,42:12,4,11,0.364,1,5,0.2,0,0,NA,1,5,6,8,0,0,1,2,9,8.9,8,28.5
Evan Fournier,54,54,2016-02-21,23,ORL,H,IND,-3,1,34:11,8,14,0.571,3,6,0.5,4,5,0.8,0,1,1,2,1,0,1,5,23,15.7,-2,30.3
Evan Fournier,55,55,2016-02-23,23,ORL,A,PHI,9,1,42:43,8,13,0.615,3,5,0.6,2,2,1,0,3,3,4,2,0,1,6,21,17.4,10,35.8
Evan Fournier,56,56,2016-02-25,23,ORL,H,GSW,-16,1,38:37,6,12,0.5,3,5,0.6,5,5,1,0,1,1,3,4,0,2,1,20,18,-10,34.3
Evan Fournier,57,57,2016-02-26,23,ORL,A,NYK,-13,1,24:31,3,10,0.3,2,5,0.4,0,0,NA,2,0,2,2,0,0,1,6,8,1.6,-6,14
Evan Fournier,61,58,2016-03-04,23,ORL,H,PHO,-18,1,25:48,4,9,0.444,2,5,0.4,2,4,0.5,0,2,2,0,2,0,2,4,12,5.5,-7,18.5
Evan Fournier,62,59,2016-03-07,23,ORL,A,GSW,-6,1,35:05,6,13,0.462,2,5,0.4,6,7,0.857,0,1,1,3,2,0,0,4,20,15.7,-17,30.8
Evan Fournier,63,60,2016-03-08,23,ORL,A,LAL,-9,1,39:47,8,11,0.727,1,4,0.25,6,7,0.857,0,4,4,3,0,0,1,3,23,19.2,-7,32.5
Evan Fournier,64,61,2016-03-11,23,ORL,A,SAC,7,1,38:10,6,15,0.4,2,4,0.5,2,3,0.667,1,6,7,6,1,0,1,4,16,12.6,3,36.3
Evan Fournier,65,62,2016-03-12,23,ORL,A,POR,-37,1,26:24,6,12,0.5,1,4,0.25,2,2,1,0,4,4,2,0,0,5,1,15,6.2,-15,21
Evan Fournier,66,63,2016-03-15,23,ORL,H,DEN,6,1,42:19,11,19,0.579,5,9,0.556,3,4,0.75,0,3,3,3,1,0,3,2,30,20.9,6,41.3
Evan Fournier,67,64,2016-03-16,23,ORL,A,CHO,-8,1,27:45,4,11,0.364,0,5,0,1,2,0.5,0,3,3,1,1,0,1,2,9,3.3,-11,15.8
Evan Fournier,68,65,2016-03-18,23,ORL,H,CLE,-6,1,36:02,6,15,0.4,2,3,0.667,4,4,1,2,2,4,2,2,0,1,6,18,11.9,5,30.5
Evan Fournier,69,66,2016-03-20,23,ORL,A,TOR,-5,1,37:15,6,10,0.6,3,3,1,6,6,1,0,1,1,1,0,0,1,1,21,16,-21,24.8
Evan Fournier,70,67,2016-03-21,23,ORL,A,BOS,-11,1,33:03,5,15,0.333,1,6,0.167,2,4,0.5,0,0,0,2,2,0,1,2,13,5.3,-19,20
Evan Fournier,71,68,2016-03-23,23,ORL,A,DET,-16,1,29:24,5,10,0.5,1,3,0.333,3,4,0.75,0,1,1,1,1,0,0,2,14,9.8,-20,19.3
Evan Fournier,72,69,2016-03-25,23,ORL,A,MIA,-11,1,36:06,6,17,0.353,1,3,0.333,7,8,0.875,2,5,7,2,0,0,2,3,20,11.2,-9,31.3
Evan Fournier,73,70,2016-03-26,23,ORL,H,CHI,22,1,25:48,5,9,0.556,0,2,0,2,3,0.667,0,1,1,1,1,0,1,3,12,7.1,8,16.3
Evan Fournier,74,71,2016-03-29,23,ORL,H,BRK,34,1,23:15,6,10,0.6,3,4,0.75,0,0,NA,0,1,1,3,0,0,1,1,15,11.4,16,21.8
Evan Fournier,75,72,2016-03-31,23,ORL,A,IND,20,1,36:07,10,14,0.714,3,5,0.6,2,2,1,0,0,0,1,2,0,4,4,25,16.3,19,30
Evan Fournier,76,73,2016-04-01,23,ORL,A,MIL,-3,1,32:52,6,14,0.429,1,7,0.143,1,1,1,0,3,3,2,1,0,3,3,14,5.7,-13,21.8
Evan Fournier,77,74,2016-04-03,23,ORL,H,MEM,12,1,39:14,6,15,0.4,3,8,0.375,7,7,1,1,1,2,3,1,0,3,5,22,13,5,31
Evan Fournier,78,75,2016-04-06,23,ORL,H,DET,-4,1,31:46,7,15,0.467,0,5,0,5,5,1,1,2,3,2,0,0,4,4,19,8.4,-20,23.8
Evan Fournier,79,76,2016-04-08,23,ORL,H,MIA,3,1,46:13,7,12,0.583,2,3,0.667,12,15,0.8,1,6,7,7,1,0,3,5,28,24.6,9,48.8
Evan Fournier,80,77,2016-04-10,23,ORL,A,MIA,-22,1,31:32,9,16,0.563,2,4,0.5,1,1,1,0,2,2,5,1,0,2,1,21,16.1,-16,33
Evan Fournier,81,78,2016-04-11,23,ORL,H,MIL,9,1,37:42,5,13,0.385,1,6,0.167,2,2,1,1,4,5,4,1,0,2,0,13,9.6,21,26.8
Evan Fournier,82,79,2016-04-13,23,ORL,A,CHO,-14,1,33:30,8,14,0.571,4,5,0.8,2,2,1,0,2,2,3,2,0,2,3,22,16.9,-12,34
Mario Hezonja,1,1,2015-10-28,20,ORL,H,WAS,-1,0,25:16,4,9,0.444,3,5,0.6,0,0,NA,0,3,3,2,0,0,4,3,11,3.4,2,17.3
Mario Hezonja,2,2,2015-10-30,20,ORL,H,OKC,-3,0,14:16,1,3,0.333,1,3,0.333,0,0,NA,0,0,0,0,1,0,2,2,3,-0.5,4,4.5
Mario Hezonja,3,3,2015-11-01,20,ORL,A,CHI,-5,0,5:06,0,3,0,0,0,NA,0,0,NA,1,0,1,0,0,0,0,1,0,-1.8,-1,1.3
Mario Hezonja,4,4,2015-11-03,20,ORL,A,NOP,9,0,14:31,1,2,0.5,1,1,1,0,0,NA,0,2,2,1,0,0,3,0,3,0.3,4,6
Mario Hezonja,5,5,2015-11-04,20,ORL,A,HOU,-5,0,10:52,0,1,0,0,0,NA,0,0,NA,0,0,0,0,0,0,1,1,0,-2.1,-9,-0.5
Mario Hezonja,6,6,2015-11-06,20,ORL,H,TOR,5,0,21:32,2,6,0.333,0,4,0,2,2,1,0,0,0,1,1,0,0,0,6,4.3,5,9.5
Mario Hezonja,7,7,2015-11-07,20,ORL,A,PHI,8,0,12:29,5,11,0.455,1,1,1,0,0,NA,0,2,2,0,0,0,0,3,11,4.7,5,14
Mario Hezonja,8,8,2015-11-09,20,ORL,A,IND,-13,0,13:56,1,4,0.25,0,2,0,0,0,NA,0,2,2,2,0,0,2,1,2,-0.8,1,6.5
Mario Hezonja,9,9,2015-11-11,20,ORL,H,LAL,2,0,19:18,1,4,0.25,1,3,0.333,4,4,1,1,1,2,0,0,1,0,2,7,5.5,11,12
Mario Hezonja,10,10,2015-11-13,20,ORL,H,UTA,9,0,8:58,2,4,0.5,1,3,0.333,1,1,1,0,0,0,0,1,0,3,1,6,1.6,-6,7
Mario Hezonja,11,11,2015-11-14,20,ORL,A,WAS,-9,0,17:11,3,6,0.5,2,4,0.5,0,0,NA,0,2,2,1,0,0,1,2,8,4.5,0,12.5
Mario Hezonja,12,12,2015-11-18,20,ORL,H,MIN,3,0,8:28,1,3,0.333,0,1,0,0,0,NA,0,2,2,2,0,0,0,0,2,2.3,-8,7.5
Mario Hezonja,13,13,2015-11-21,20,ORL,H,SAC,-6,0,16:43,1,3,0.333,1,3,0.333,0,0,NA,1,2,3,1,0,0,2,2,3,0.5,-10,7.8
Mario Hezonja,14,14,2015-11-23,20,ORL,A,CLE,-14,0,14:17,1,3,0.333,0,0,NA,1,2,0.5,2,4,6,0,0,0,1,1,3,2.1,7,10
Mario Hezonja,15,15,2015-11-25,20,ORL,H,NYK,9,0,0:42,0,0,NA,0,0,NA,0,0,NA,0,0,0,0,0,0,0,0,0,0,-2,0
Mario Hezonja,16,16,2015-11-27,20,ORL,H,MIL,24,0,4:55,0,0,NA,0,0,NA,2,2,1,0,0,0,0,0,0,0,0,2,2,1,2
Mario Hezonja,17,17,2015-11-29,20,ORL,H,BOS,19,0,1:15,0,0,NA,0,0,NA,0,0,NA,0,0,0,0,0,0,0,0,0,0,3,0
Mario Hezonja,19,18,2015-12-03,20,ORL,A,UTA,9,0,1:47,0,0,NA,0,0,NA,0,0,NA,0,0,0,0,0,0,0,0,0,0,-2,0
Mario Hezonja,21,19,2015-12-08,20,ORL,A,DEN,11,0,10:24,1,3,0.333,0,0,NA,0,0,NA,1,2,3,0,0,0,1,1,2,0.2,-5,5.3
Mario Hezonja,22,20,2015-12-09,20,ORL,A,PHO,-3,0,8:18,1,1,1,1,1,1,0,0,NA,0,2,2,1,0,0,1,0,3,3,8,7
Mario Hezonja,23,21,2015-12-11,20,ORL,H,CLE,-35,0,20:35,3,5,0.6,2,3,0.667,4,4,1,0,0,0,1,1,0,3,6,12,6,-21,15
Mario Hezonja,24,22,2015-12-14,20,ORL,A,BRK,23,0,18:11,4,5,0.8,0,0,NA,0,0,NA,1,2,3,1,1,0,2,1,8,6.7,7,14.3
Mario Hezonja,25,23,2015-12-16,20,ORL,H,CHO,15,0,12:31,3,5,0.6,2,3,0.667,0,0,NA,1,3,4,1,0,0,1,1,8,6.6,-8,15
Mario Hezonja,27,24,2015-12-20,20,ORL,H,ATL,-3,0,6:54,2,2,1,0,0,NA,0,0,NA,0,1,1,0,1,0,0,2,4,3.9,-15,7.3
Mario Hezonja,28,25,2015-12-21,20,ORL,A,NYK,8,0,19:14,5,8,0.625,1,4,0.25,0,0,NA,1,0,1,3,0,1,2,2,11,8.1,-1,18.3
Mario Hezonja,29,26,2015-12-23,20,ORL,H,HOU,3,0,16:20,1,1,1,0,0,NA,0,0,NA,2,3,5,1,1,0,1,0,2,4.7,0,11.3
Mario Hezonja,30,27,2015-12-26,20,ORL,H,MIA,-7,0,19:44,3,5,0.6,2,3,0.667,0,0,NA,1,1,2,4,0,0,0,2,8,8.7,3,17.5
Mario Hezonja,31,28,2015-12-28,20,ORL,H,NOP,15,0,11:36,2,5,0.4,1,3,0.333,0,0,NA,0,0,0,0,0,0,1,2,5,0.5,3,5
Mario Hezonja,32,29,2015-12-30,20,ORL,H,BRK,7,0,8:00,0,1,0,0,1,0,0,0,NA,0,0,0,1,0,1,0,0,0,0.7,3,3.5
Mario Hezonja,33,30,2016-01-01,20,ORL,A,WAS,-12,0,15:04,0,2,0,0,0,NA,0,0,NA,0,1,1,2,0,0,1,1,0,-1.1,-1,3.8
Mario Hezonja,34,31,2016-01-02,20,ORL,A,CLE,-25,0,26:58,3,11,0.273,2,6,0.333,2,2,1,1,5,6,3,0,0,2,1,10,5.4,-3,22
Mario Hezonja,35,32,2016-01-04,20,ORL,A,DET,-26,0,10:42,1,3,0.333,0,0,NA,2,2,1,0,0,0,0,0,0,0,1,4,1.9,-9,4
Mario Hezonja,36,33,2016-01-06,20,ORL,H,IND,-9,0,20:32,0,2,0,0,1,0,0,0,NA,0,2,2,2,0,0,2,2,0,-2.2,8,4.5
Mario Hezonja,37,34,2016-01-08,20,ORL,A,BRK,6,0,15:22,1,2,0.5,1,1,1,0,0,NA,0,1,1,1,0,0,1,3,3,0.8,3,5.8
Mario Hezonja,38,35,2016-01-09,20,ORL,H,WAS,-6,0,21:50,2,3,0.667,0,0,NA,3,4,0.75,2,1,3,3,1,1,1,1,7,9.4,2,18.8
Mario Hezonja,39,36,2016-01-14,20,ORL,H,TOR,-3,0,13:40,0,4,0,0,2,0,0,0,NA,0,2,2,2,0,1,0,0,0,-0.1,-11,7.5
Mario Hezonja,40,37,2016-01-18,20,ORL,A,ATL,-17,0,23:55,3,14,0.214,0,5,0,4,4,1,0,0,0,2,0,0,1,2,10,1,-8,12.5
Mario Hezonja,41,38,2016-01-20,20,ORL,H,PHI,-9,0,16:26,3,5,0.6,0,1,0,3,3,1,0,1,1,0,0,0,1,0,9,6,-3,9.8
Mario Hezonja,42,39,2016-01-22,20,ORL,H,CHO,-4,0,6:36,0,0,NA,0,0,NA,0,0,NA,0,2,2,1,0,0,1,1,0,-0.1,6,3.5
Mario Hezonja,43,40,2016-01-25,20,ORL,A,MEM,-6,0,7:50,2,3,0.667,1,2,0.5,0,0,NA,1,2,3,0,0,0,0,1,5,4.6,5,9.3
Mario Hezonja,44,41,2016-01-26,20,ORL,A,MIL,-7,0,17:23,4,7,0.571,1,2,0.5,2,2,1,1,0,1,0,0,0,0,1,11,8,2,12.8
Mario Hezonja,45,42,2016-01-29,20,ORL,A,BOS,-19,0,20:56,1,2,0.5,0,0,NA,0,0,NA,0,1,1,1,1,1,2,2,2,0.9,-9,7.8
Mario Hezonja,46,43,2016-01-31,20,ORL,H,BOS,5,0,33:19,7,13,0.538,3,6,0.5,0,0,NA,0,3,3,3,0,0,2,3,17,10.5,20,25.8
Mario Hezonja,47,44,2016-02-01,20,ORL,A,SAS,-15,0,29:00,2,8,0.25,0,2,0,0,0,NA,0,2,2,1,2,1,2,2,4,0.4,-9,13
Mario Hezonja,48,45,2016-02-03,20,ORL,A,OKC,-3,0,19:48,6,10,0.6,4,6,0.667,0,0,NA,1,0,1,4,0,0,2,1,16,12.5,5,24.3
Mario Hezonja,49,46,2016-02-05,20,ORL,H,LAC,-14,0,22:15,3,6,0.5,1,3,0.333,2,2,1,1,4,5,0,0,0,0,2,9,7.1,-5,15.8
Mario Hezonja,50,47,2016-02-07,20,ORL,H,ATL,2,0,14:12,0,5,0,0,5,0,0,0,NA,0,1,1,2,0,1,3,1,0,-4.5,-11,4.8
Mario Hezonja,51,48,2016-02-08,20,ORL,A,ATL,7,0,32:19,6,14,0.429,2,8,0.25,0,0,NA,0,9,9,3,0,0,3,2,14,7.6,21,29.3
Mario Hezonja,52,49,2016-02-10,20,ORL,H,SAS,-2,0,14:33,4,6,0.667,2,4,0.5,2,2,1,0,0,0,1,1,0,2,4,12,7.5,1,15.5
Mario Hezonja,53,50,2016-02-19,20,ORL,H,DAL,6,0,16:28,1,3,0.333,0,2,0,0,0,NA,0,5,5,1,0,0,0,0,2,2.5,9,9.8
Mario Hezonja,54,51,2016-02-21,20,ORL,H,IND,-3,0,8:48,0,2,0,0,2,0,0,0,NA,0,0,0,0,1,0,0,0,0,-0.4,2,2
Mario Hezonja,55,52,2016-02-23,20,ORL,A,PHI,9,0,10:53,2,2,1,1,1,1,0,0,NA,0,0,0,0,1,0,0,1,5,5,3,7.5
Mario Hezonja,56,53,2016-02-25,21,ORL,H,GSW,-16,0,15:09,1,5,0.2,1,4,0.25,0,0,NA,0,3,3,0,0,0,0,0,3,0.8,-5,7.3
Mario Hezonja,57,54,2016-02-26,21,ORL,A,NYK,-13,0,26:29,4,11,0.364,0,5,0,0,0,NA,1,6,7,3,2,0,3,4,8,3.9,-12,23.8
Mario Hezonja,58,55,2016-02-28,21,ORL,H,PHI,14,1,27:12,5,9,0.556,2,3,0.667,1,1,1,0,2,2,3,1,0,1,5,13,9.4,9,22.5
Mario Hezonja,59,56,2016-03-01,21,ORL,A,DAL,-13,1,15:21,1,6,0.167,0,3,0,0,0,NA,1,1,2,1,0,0,1,2,2,-1.9,1,5.5
Mario Hezonja,60,57,2016-03-02,21,ORL,H,CHI,13,1,37:09,9,17,0.529,3,7,0.429,0,0,NA,0,5,5,2,1,1,0,2,21,16.5,23,35.8
Mario Hezonja,61,58,2016-03-04,21,ORL,H,PHO,-18,1,33:36,5,9,0.556,2,5,0.4,0,0,NA,0,4,4,2,1,0,1,4,12,8.7,-7,22.5
Mario Hezonja,62,59,2016-03-07,21,ORL,A,GSW,-6,0,14:37,1,7,0.143,1,4,0.25,1,2,0.5,0,3,3,1,0,1,3,1,4,-2,10,10.3
Mario Hezonja,63,60,2016-03-08,21,ORL,A,LAL,-9,0,15:42,2,6,0.333,1,3,0.333,1,1,1,0,1,1,0,0,0,1,2,6,1.1,-1,7.3
Mario Hezonja,64,61,2016-03-11,21,ORL,A,SAC,7,0,19:04,1,6,0.167,0,2,0,2,2,1,1,3,4,2,0,0,2,1,4,0.8,4,11
Mario Hezonja,65,62,2016-03-12,21,ORL,A,POR,-37,0,26:31,4,8,0.5,2,4,0.5,1,2,0.5,2,3,5,3,1,0,1,2,11,10.2,-28,24.3
Mario Hezonja,66,63,2016-03-15,21,ORL,H,DEN,6,0,14:12,1,4,0.25,0,3,0,0,0,NA,0,2,2,3,1,0,3,1,2,-0.1,-5,9.5
Mario Hezonja,67,64,2016-03-16,21,ORL,A,CHO,-8,0,30:18,5,10,0.5,1,3,0.333,0,0,NA,0,4,4,3,0,1,1,1,11,8.6,-1,22.5
Mario Hezonja,68,65,2016-03-18,21,ORL,H,CLE,-6,0,15:56,1,3,0.333,1,3,0.333,0,0,NA,0,0,0,2,1,0,2,2,3,0.9,-10,7.5
Mario Hezonja,69,66,2016-03-20,21,ORL,A,TOR,-5,0,5:27,1,1,1,0,0,NA,0,0,NA,0,0,0,1,0,0,0,1,2,2,-6,3.5
Mario Hezonja,70,67,2016-03-21,21,ORL,A,BOS,-11,0,17:27,1,3,0.333,0,0,NA,1,1,1,2,5,7,1,0,1,3,2,3,1.8,6,13.8
Mario Hezonja,71,68,2016-03-23,21,ORL,A,DET,-16,0,23:03,3,7,0.429,2,4,0.5,0,0,NA,0,2,2,0,2,0,1,3,8,4.7,2,15
Mario Hezonja,72,69,2016-03-25,21,ORL,A,MIA,-11,1,36:41,4,11,0.364,0,2,0,0,0,NA,0,3,3,1,2,0,2,3,8,2.3,-11,16.3
Mario Hezonja,73,70,2016-03-26,21,ORL,H,CHI,22,1,21:51,2,3,0.667,1,1,1,0,0,NA,0,1,1,1,1,1,1,1,5,5,4,11.8
Mario Hezonja,74,71,2016-03-29,21,ORL,H,BRK,34,0,24:45,4,8,0.5,1,4,0.25,1,2,0.5,1,2,3,3,2,1,2,5,10,7.7,18,23.8
Mario Hezonja,75,72,2016-03-31,21,ORL,A,IND,20,0,15:15,0,1,0,0,0,NA,2,2,1,0,3,3,1,0,1,2,3,2,0.4,2,8.3
Mario Hezonja,76,73,2016-04-01,21,ORL,A,MIL,-3,0,20:35,4,7,0.571,3,4,0.75,0,0,NA,0,2,2,1,0,1,2,2,11,6.9,6,17.5
Mario Hezonja,77,74,2016-04-03,21,ORL,H,MEM,12,0,17:58,2,4,0.5,1,3,0.333,0,0,NA,0,0,0,2,2,0,2,1,5,4,17,11.5
Mario Hezonja,78,75,2016-04-06,21,ORL,H,DET,-4,0,20:25,3,5,0.6,0,0,NA,0,0,NA,0,3,3,3,1,1,1,1,6,7,5,17.8
Mario Hezonja,79,76,2016-04-08,21,ORL,H,MIA,3,0,22:57,4,7,0.571,1,2,0.5,0,0,NA,0,4,4,3,0,0,1,1,9,7.6,5,18.5
Mario Hezonja,80,77,2016-04-10,21,ORL,A,MIA,-22,1,31:48,4,8,0.5,2,3,0.667,0,0,NA,0,3,3,1,1,0,2,2,10,5.8,-22,17.3
Mario Hezonja,81,78,2016-04-11,21,ORL,H,MIL,9,1,39:09,7,11,0.636,3,6,0.5,2,2,1,1,2,3,7,5,0,2,2,19,22.5,8,43.8
Mario Hezonja,82,79,2016-04-13,21,ORL,A,CHO,-14,1,42:06,3,11,0.273,1,7,0.143,3,3,1,0,5,5,4,1,0,0,2,10,8,-13,24.8
Jason Smith,1,1,2015-10-28,29,ORL,H,WAS,-1,0,4:41,1,2,0.5,0,0,NA,0,0,NA,1,0,1,0,1,0,0,1,2,2.3,-5,5.3
Jason Smith,3,2,2015-11-01,29,ORL,A,CHI,-5,0,14:12,3,7,0.429,1,2,0.5,1,2,0.5,0,2,2,1,0,2,0,1,8,6.2,7,16.5
Jason Smith,4,3,2015-11-03,29,ORL,A,NOP,9,0,16:16,2,8,0.25,0,0,NA,2,2,1,0,3,3,0,0,0,1,2,6,0.3,12,9.3
Jason Smith,5,4,2015-11-04,29,ORL,A,HOU,-5,0,9:52,4,5,0.8,0,0,NA,0,0,NA,0,0,0,0,0,1,1,1,8,5.4,-2,9.5
Jason Smith,6,5,2015-11-06,29,ORL,H,TOR,5,0,7:31,0,1,0,0,0,NA,0,0,NA,0,3,3,0,0,0,0,3,0,-1,3,3.8
Jason Smith,7,6,2015-11-07,29,ORL,A,PHI,8,0,17:56,4,8,0.5,0,0,NA,2,2,1,1,4,5,1,0,2,2,4,10,6.4,3,20.8
Jason Smith,12,7,2015-11-18,29,ORL,H,MIN,3,0,26:56,1,5,0.2,0,0,NA,3,3,1,3,7,10,1,0,1,2,4,5,3.9,16,20
Jason Smith,13,8,2015-11-21,29,ORL,H,SAC,-6,0,9:11,1,3,0.333,0,0,NA,0,0,NA,0,1,1,0,0,1,0,3,2,0.1,-6,5.3
Jason Smith,14,9,2015-11-23,29,ORL,A,CLE,-14,0,15:27,2,4,0.5,0,0,NA,0,0,NA,0,3,3,1,1,1,0,2,4,4.5,12,13.3
Jason Smith,15,10,2015-11-25,29,ORL,H,NYK,9,0,15:28,3,3,1,0,0,NA,2,2,1,0,3,3,0,1,1,1,3,8,7.5,10,15.3
Jason Smith,16,11,2015-11-27,29,ORL,H,MIL,24,0,19:57,4,4,1,0,0,NA,0,0,NA,0,1,1,0,0,0,1,1,8,5.7,13,8.8
Jason Smith,17,12,2015-11-29,29,ORL,H,BOS,19,0,15:29,3,5,0.6,0,0,NA,0,0,NA,2,1,3,1,0,0,2,2,6,3.3,1,10.3
Jason Smith,18,13,2015-12-01,29,ORL,A,MIN,3,0,10:34,1,1,1,0,0,NA,2,2,1,1,0,1,0,0,0,0,5,4,2.4,-4,5.3
Jason Smith,19,14,2015-12-03,29,ORL,A,UTA,9,0,15:48,2,5,0.4,0,0,NA,0,0,NA,0,1,1,0,0,1,0,2,4,1.5,2,7.3
Jason Smith,20,15,2015-12-05,29,ORL,A,LAC,-2,0,22:47,4,6,0.667,0,0,NA,0,0,NA,2,3,5,2,1,2,0,3,8,10.3,3,23.3
Jason Smith,21,16,2015-12-08,29,ORL,A,DEN,11,0,14:06,0,5,0,0,0,NA,2,2,1,0,3,3,1,0,0,1,1,2,-1.3,-5,6.8
Jason Smith,22,17,2015-12-09,29,ORL,A,PHO,-3,0,6:48,0,0,NA,0,0,NA,0,0,NA,0,0,0,0,0,1,0,2,0,-0.1,1,2
Jason Smith,23,18,2015-12-11,29,ORL,H,CLE,-35,0,18:56,4,8,0.5,1,2,0.5,0,0,NA,1,1,2,1,1,1,0,0,9,8.4,-3,17.5
Jason Smith,24,19,2015-12-14,29,ORL,A,BRK,23,0,16:09,2,7,0.286,0,0,NA,0,0,NA,0,3,3,0,0,0,2,2,4,-2,9,6.8
Jason Smith,25,20,2015-12-16,29,ORL,H,CHO,15,0,16:50,5,6,0.833,0,0,NA,0,0,NA,0,2,2,1,1,2,1,2,10,9.7,13,19.5
Jason Smith,26,21,2015-12-18,29,ORL,H,POR,8,0,13:17,2,5,0.4,0,0,NA,0,0,NA,0,1,1,0,0,1,0,1,4,1.9,3,7.3
Jason Smith,27,22,2015-12-20,29,ORL,H,ATL,-3,0,14:13,5,5,1,0,0,NA,0,0,NA,0,1,1,1,0,0,1,1,10,8.1,-8,12.3
Jason Smith,28,23,2015-12-21,29,ORL,A,NYK,8,0,27:14,1,3,0.333,0,1,0,0,0,NA,3,3,6,0,0,0,2,1,2,0.9,0,8.5
Jason Smith,29,24,2015-12-23,29,ORL,H,HOU,3,0,15:26,3,8,0.375,0,1,0,0,0,NA,0,1,1,0,0,1,2,2,6,-0.2,-11,8.3
Jason Smith,30,25,2015-12-26,29,ORL,H,MIA,-7,0,11:45,5,6,0.833,0,0,NA,0,0,NA,1,1,2,0,0,0,1,3,10,6.6,-7,12
Jason Smith,31,26,2015-12-28,29,ORL,H,NOP,15,0,12:51,2,3,0.667,0,0,NA,0,0,NA,1,1,2,1,1,0,0,3,4,4.2,-5,10
Jason Smith,32,27,2015-12-30,29,ORL,H,BRK,7,0,6:33,2,3,0.667,0,0,NA,2,2,1,0,3,3,0,0,1,0,4,6,4.7,-1,11.8
Jason Smith,33,28,2016-01-01,29,ORL,A,WAS,-12,0,15:09,5,8,0.625,0,0,NA,0,0,NA,0,3,3,2,0,2,3,1,10,6.7,0,19.3
Jason Smith,34,29,2016-01-02,29,ORL,A,CLE,-25,0,13:20,3,3,1,0,0,NA,2,2,1,0,3,3,0,0,0,2,4,8,4.4,-16,10.8
Jason Smith,35,30,2016-01-04,29,ORL,A,DET,-26,0,14:49,5,13,0.385,0,1,0,2,2,1,1,0,1,0,0,2,0,2,12,6.2,-10,17.3
Jason Smith,36,31,2016-01-06,29,ORL,H,IND,-9,0,8:21,3,5,0.6,0,1,0,0,0,NA,1,2,3,0,1,0,1,1,6,4.6,8,11.3
Jason Smith,37,32,2016-01-08,29,ORL,A,BRK,6,0,11:53,1,6,0.167,0,0,NA,0,0,NA,0,2,2,2,0,0,0,3,2,-1,-5,7.5
Jason Smith,38,33,2016-01-09,29,ORL,H,WAS,-6,0,12:44,3,7,0.429,0,0,NA,2,2,1,0,1,1,0,2,0,0,1,8,6.2,-1,13.3
Jason Smith,39,34,2016-01-14,29,ORL,H,TOR,-3,0,36:33,8,15,0.533,0,2,0,0,0,NA,1,4,5,4,0,1,0,3,16,12.9,0,30.3
Jason Smith,40,35,2016-01-18,29,ORL,A,ATL,-17,0,17:34,1,5,0.2,0,0,NA,0,0,NA,0,3,3,0,1,0,0,1,2,0.4,-5,7.8
Jason Smith,41,36,2016-01-20,29,ORL,H,PHI,-9,0,11:14,2,4,0.5,0,0,NA,0,0,NA,1,0,1,1,1,1,0,0,4,5.1,-6,10.8
Jason Smith,42,37,2016-01-22,29,ORL,H,CHO,-4,0,13:59,2,5,0.4,0,0,NA,0,1,0,0,1,1,1,1,0,1,1,4,1.5,5,8.3
Jason Smith,43,38,2016-01-25,29,ORL,A,MEM,-6,0,13:25,4,7,0.571,0,0,NA,0,0,NA,1,2,3,3,0,1,2,4,8,5.2,10,17.3
Jason Smith,44,39,2016-01-26,29,ORL,A,MIL,-7,0,10:42,2,3,0.667,0,0,NA,0,0,NA,0,3,3,2,0,0,0,0,4,5,-2,10.8
Jason Smith,45,40,2016-01-29,29,ORL,A,BOS,-19,0,11:00,3,6,0.5,0,0,NA,0,0,NA,1,0,1,0,1,0,2,3,6,1.5,-11,8.3
Jason Smith,46,41,2016-01-31,29,ORL,H,BOS,5,0,20:19,2,4,0.5,0,0,NA,0,0,NA,1,0,1,4,0,0,0,2,4,4.7,-9,11.3
Jason Smith,47,42,2016-02-01,29,ORL,A,SAS,-15,0,11:10,1,4,0.25,0,0,NA,1,2,0.5,2,1,3,0,0,2,0,0,3,3.3,-8,10.8
Jason Smith,48,43,2016-02-03,29,ORL,A,OKC,-3,0,17:54,6,7,0.857,1,1,1,0,0,NA,2,1,3,0,2,2,1,2,13,13.8,1,24.8
Jason Smith,49,44,2016-02-05,29,ORL,H,LAC,-14,0,16:44,4,7,0.571,0,0,NA,0,0,NA,1,2,3,1,1,0,3,0,8,4.7,1,13.8
Jason Smith,50,45,2016-02-07,29,ORL,H,ATL,2,0,13:12,2,6,0.333,0,1,0,2,2,1,0,2,2,0,0,2,0,1,6,4.2,-12,12.5
Jason Smith,51,46,2016-02-08,29,ORL,A,ATL,7,0,22:20,7,11,0.636,0,0,NA,0,0,NA,0,0,0,1,2,4,1,0,14,13.6,13,27
Jason Smith,53,47,2016-02-19,29,ORL,H,DAL,6,0,18:08,5,10,0.5,1,1,1,0,0,NA,1,2,3,0,0,1,0,1,11,7.6,-4,17.3
Jason Smith,54,48,2016-02-21,29,ORL,H,IND,-3,0,12:31,4,8,0.5,0,0,NA,0,1,0,0,4,4,1,0,1,0,1,8,5.8,-4,16.5
Jason Smith,55,49,2016-02-23,29,ORL,A,PHI,9,0,10:25,4,8,0.5,0,0,NA,0,0,NA,1,0,1,0,0,0,1,3,8,2.5,0,8.8
Jason Smith,56,50,2016-02-25,29,ORL,H,GSW,-16,0,10:38,2,5,0.4,0,0,NA,1,2,0.5,0,1,1,1,0,0,2,2,5,0.1,-12,6.8
Jason Smith,57,51,2016-02-26,29,ORL,A,NYK,-13,0,6:40,1,4,0.25,0,0,NA,1,2,0.5,1,1,2,1,0,0,0,2,3,1.1,-9,7
Jason Smith,58,52,2016-02-28,29,ORL,H,PHI,14,0,20:27,5,12,0.417,0,0,NA,2,2,1,1,4,5,0,0,1,0,2,12,7.4,8,20.3
Jason Smith,59,53,2016-03-01,29,ORL,A,DAL,-13,0,6:21,1,5,0.2,0,0,NA,0,0,NA,0,0,0,1,2,0,2,1,2,-0.8,-7,6.5
Jason Smith,60,54,2016-03-02,30,ORL,H,CHI,13,0,12:44,4,7,0.571,0,0,NA,0,0,NA,2,5,7,0,0,1,1,0,8,7.3,1,18.3
Jason Smith,61,55,2016-03-04,30,ORL,H,PHO,-18,0,11:56,3,7,0.429,0,0,NA,0,0,NA,0,0,0,1,0,0,1,5,6,0,0,7
Jason Smith,62,56,2016-03-07,30,ORL,A,GSW,-6,1,23:23,6,12,0.5,0,0,NA,1,2,0.5,0,2,2,0,2,1,1,3,13,7.7,-10,21
Jason Smith,63,57,2016-03-08,30,ORL,A,LAL,-9,1,23:55,5,10,0.5,0,0,NA,0,1,0,0,2,2,0,0,1,1,6,10,2.5,-2,14
Jason Smith,64,58,2016-03-11,30,ORL,A,SAC,7,0,23:27,6,9,0.667,0,0,NA,4,6,0.667,0,7,7,1,2,3,4,5,16,12.2,1,34.3
Jason Smith,65,59,2016-03-12,30,ORL,A,POR,-37,0,11:20,2,8,0.25,0,0,NA,2,4,0.5,1,0,1,0,0,0,1,3,6,-1.1,-10,6.8
Jason Smith,66,60,2016-03-15,30,ORL,H,DEN,6,0,27:59,10,15,0.667,0,0,NA,5,6,0.833,4,9,13,1,0,0,1,5,25,21.3,-11,43.8
Jason Smith,67,61,2016-03-16,30,ORL,A,CHO,-8,0,19:19,2,11,0.182,0,0,NA,4,4,1,0,4,4,2,0,2,1,1,8,3.7,-13,19.5
Jason Smith,68,62,2016-03-18,30,ORL,H,CLE,-6,0,25:13,4,10,0.4,0,0,NA,2,2,1,1,4,5,1,3,1,1,4,10,8.3,-10,25.3
Jason Smith,69,63,2016-03-20,30,ORL,A,TOR,-5,0,8:32,3,4,0.75,0,0,NA,0,0,NA,0,1,1,0,0,0,1,5,6,1.7,0,6.8
Jason Smith,70,64,2016-03-21,30,ORL,A,BOS,-11,0,26:38,2,8,0.25,0,1,0,2,2,1,2,1,3,2,0,1,0,3,6,3.8,1,14.8
Jason Smith,71,65,2016-03-23,30,ORL,A,DET,-16,0,22:56,6,13,0.462,0,0,NA,0,0,NA,1,2,3,4,0,0,0,3,12,8.2,-13,21.8
Jason Smith,72,66,2016-03-25,30,ORL,A,MIA,-11,0,11:25,3,10,0.3,0,0,NA,2,2,1,0,2,2,0,1,1,0,2,8,3.7,-9,14.5
Jason Smith,73,67,2016-03-26,30,ORL,H,CHI,22,0,24:10,7,12,0.583,0,1,0,0,0,NA,1,5,6,3,0,2,2,3,14,10.9,20,29
Jason Smith,74,68,2016-03-29,30,ORL,H,BRK,34,0,21:13,7,11,0.636,0,0,NA,0,0,NA,0,5,5,0,0,1,0,1,14,10.9,21,22.3
Jason Smith,75,69,2016-03-31,30,ORL,A,IND,20,0,8:05,3,6,0.5,0,0,NA,0,0,NA,1,2,3,1,0,0,0,0,6,5,12,11.3
Jason Smith,76,70,2016-04-01,30,ORL,A,MIL,-3,0,15:32,4,4,1,0,0,NA,0,0,NA,1,3,4,4,0,0,0,1,8,10.8,14,19
Jason Smith,77,71,2016-04-03,30,ORL,H,MEM,12,0,3:16,0,1,0,0,0,NA,0,0,NA,0,0,0,0,0,0,0,3,0,-1.9,-5,0
Jason Smith,78,72,2016-04-06,30,ORL,H,DET,-4,0,15:49,3,8,0.375,0,0,NA,0,0,NA,3,6,9,2,0,2,0,3,6,7.1,14,24.3
Jason Smith,79,73,2016-04-08,30,ORL,H,MIA,3,0,12:48,3,8,0.375,0,0,NA,0,0,NA,0,3,3,0,0,4,0,1,6,4.9,2,17.8
Jason Smith,80,74,2016-04-10,30,ORL,A,MIA,-22,0,12:40,2,7,0.286,0,0,NA,1,1,1,3,3,6,1,0,1,1,2,5,3.5,-2,15.5
Jason Smith,81,75,2016-04-11,30,ORL,H,MIL,9,0,29:10,4,11,0.364,0,1,0,2,2,1,1,5,6,1,4,4,0,1,10,13.2,-7,35
Jason Smith,82,76,2016-04-13,30,ORL,A,CHO,-14,0,15:37,3,7,0.429,0,0,NA,0,0,NA,0,1,1,1,0,1,0,3,6,2.8,-8,10.8
Victor Oladipo,1,1,2015-10-28,23,ORL,H,WAS,-1,1,35:58,7,20,0.35,1,8,0.125,2,2,1,3,8,11,2,2,0,1,2,17,11.9,-10,39.3
Victor Oladipo,2,2,2015-10-30,23,ORL,H,OKC,-3,1,50:40,8,27,0.296,3,10,0.3,2,2,1,0,13,13,10,3,1,5,5,21,12.9,-9,63.8
Victor Oladipo,3,3,2015-11-01,23,ORL,A,CHI,-5,1,38:43,5,13,0.385,2,6,0.333,1,2,0.5,0,3,3,5,2,3,0,1,13,13.6,5,35.3
Victor Oladipo,4,4,2015-11-03,23,ORL,A,NOP,9,1,35:56,4,8,0.5,1,3,0.333,3,3,1,0,7,7,3,0,1,2,2,12,10.1,9,26.8
Victor Oladipo,5,5,2015-11-04,23,ORL,A,HOU,-5,1,43:36,7,16,0.438,1,5,0.2,3,3,1,0,7,7,3,2,0,1,2,18,14,0,35.3
Victor Oladipo,6,6,2015-11-06,23,ORL,H,TOR,5,1,31:28,7,14,0.5,1,2,0.5,3,4,0.75,0,7,7,6,2,0,1,1,18,17.5,8,39.8
Victor Oladipo,7,7,2015-11-07,23,ORL,A,PHI,8,1,34:10,6,18,0.333,1,3,0.333,2,2,1,1,4,5,3,2,0,1,0,15,9.8,10,29.8
Victor Oladipo,8,8,2015-11-09,23,ORL,A,IND,-13,1,37:53,7,18,0.389,1,5,0.2,0,0,NA,0,7,7,2,1,2,4,3,15,5.9,-8,31.3
Victor Oladipo,9,9,2015-11-11,23,ORL,H,LAL,2,1,6:41,1,2,0.5,1,1,1,0,0,NA,0,2,2,1,0,0,0,1,3,2.9,-2,7.5
Victor Oladipo,12,10,2015-11-18,23,ORL,H,MIN,3,1,20:08,0,6,0,0,2,0,1,4,0.25,1,2,3,2,1,1,1,4,1,-2.6,-8,11.3
Victor Oladipo,13,11,2015-11-21,23,ORL,H,SAC,-6,1,25:44,4,11,0.364,2,5,0.4,1,2,0.5,3,3,6,4,0,0,1,2,11,8.5,-15,25
Victor Oladipo,14,12,2015-11-23,23,ORL,A,CLE,-14,1,25:51,5,12,0.417,0,3,0,0,0,NA,1,2,3,2,1,0,1,2,10,5.5,-15,18.3
Victor Oladipo,15,13,2015-11-25,23,ORL,H,NYK,9,0,26:11,5,15,0.333,1,4,0.25,13,15,0.867,0,4,4,2,0,0,0,1,24,16.9,14,32.5
Victor Oladipo,16,14,2015-11-27,23,ORL,H,MIL,24,0,24:18,7,12,0.583,0,2,0,3,5,0.6,0,6,6,9,1,0,2,0,17,17.7,16,39
Victor Oladipo,17,15,2015-11-29,23,ORL,H,BOS,19,0,30:07,5,12,0.417,2,6,0.333,7,8,0.875,0,8,8,6,2,1,1,4,19,18.9,16,44.5
Victor Oladipo,18,16,2015-12-01,23,ORL,A,MIN,3,0,27:34,5,11,0.455,1,3,0.333,2,2,1,1,3,4,4,3,2,2,4,13,12.5,-2,33.5
Victor Oladipo,19,17,2015-12-03,23,ORL,A,UTA,9,0,24:00,5,13,0.385,1,3,0.333,3,3,1,1,6,7,2,0,1,2,3,14,8.3,0,27.3
Victor Oladipo,20,18,2015-12-05,23,ORL,A,LAC,-2,0,34:27,10,20,0.5,1,3,0.333,3,4,0.75,1,6,7,5,0,3,4,3,24,16.5,6,44.8
Victor Oladipo,21,19,2015-12-08,23,ORL,A,DEN,11,0,33:07,5,14,0.357,0,4,0,1,2,0.5,0,3,3,3,1,4,4,2,11,4.8,7,27.3
Victor Oladipo,22,20,2015-12-09,23,ORL,A,PHO,-3,0,28:31,6,14,0.429,2,5,0.4,0,0,NA,0,4,4,5,1,0,2,5,14,8.3,1,28.5
Victor Oladipo,23,21,2015-12-11,23,ORL,H,CLE,-35,0,19:07,2,8,0.25,0,2,0,0,0,NA,1,3,4,1,0,0,4,1,4,-2.9,-10,8.5
Victor Oladipo,24,22,2015-12-14,23,ORL,A,BRK,23,0,20:21,2,3,0.667,1,2,0.5,5,6,0.833,0,2,2,2,3,1,1,4,10,11.4,8,23.5
Victor Oladipo,25,23,2015-12-16,23,ORL,H,CHO,15,0,25:09,5,9,0.556,1,2,0.5,0,0,NA,0,4,4,4,1,0,3,2,11,7.9,11,23
Victor Oladipo,26,24,2015-12-18,23,ORL,H,POR,8,0,34:51,7,14,0.5,1,2,0.5,0,0,NA,0,4,4,6,3,1,6,4,15,9.5,4,34.5
Victor Oladipo,27,25,2015-12-20,23,ORL,H,ATL,-3,0,27:49,2,11,0.182,0,1,0,0,0,NA,0,0,0,6,2,0,1,3,4,1.1,-3,16.5
Victor Oladipo,28,26,2015-12-21,23,ORL,A,NYK,8,0,23:45,4,7,0.571,0,0,NA,4,5,0.8,0,2,2,2,0,0,2,1,12,7.9,6,16.5
Victor Oladipo,29,27,2015-12-23,23,ORL,H,HOU,3,0,31:21,0,9,0,0,3,0,0,0,NA,1,6,7,6,0,0,0,1,0,0,6,17.8
Victor Oladipo,30,28,2015-12-26,23,ORL,H,MIA,-7,0,18:01,3,8,0.375,1,3,0.333,1,2,0.5,0,2,2,4,0,0,2,1,8,4.2,-2,16
Victor Oladipo,31,29,2015-12-28,23,ORL,H,NOP,15,0,25:30,2,7,0.286,0,1,0,0,0,NA,0,0,0,6,1,0,2,1,4,2.7,1,14
Victor Oladipo,32,30,2015-12-30,23,ORL,H,BRK,7,0,29:21,3,11,0.273,2,5,0.4,4,4,1,2,5,7,3,1,0,5,2,12,5.7,15,25.8
Victor Oladipo,33,31,2016-01-01,23,ORL,A,WAS,-12,0,31:09,8,18,0.444,2,6,0.333,2,2,1,0,1,1,5,4,0,1,3,20,16.2,-6,37.3
Victor Oladipo,34,32,2016-01-02,23,ORL,A,CLE,-25,0,13:52,3,11,0.273,0,2,0,0,1,0,0,0,0,2,0,0,0,0,6,0.5,-8,9
Victor Oladipo,35,33,2016-01-04,23,ORL,A,DET,-26,1,34:38,7,11,0.636,1,1,1,3,3,1,0,7,7,5,2,0,2,3,18,17.5,-16,37.8
Victor Oladipo,36,34,2016-01-06,23,ORL,H,IND,-9,1,40:33,7,13,0.538,4,7,0.571,2,2,1,1,4,5,3,1,1,3,3,20,15.2,-13,35.3
Victor Oladipo,37,35,2016-01-08,23,ORL,A,BRK,6,1,35:58,7,11,0.636,6,8,0.75,0,0,NA,1,8,9,2,3,1,4,2,20,18.5,9,43.3
Victor Oladipo,38,36,2016-01-09,23,ORL,H,WAS,-6,1,38:43,5,12,0.417,2,4,0.5,5,6,0.833,1,2,3,5,1,1,6,2,17,9.9,-7,30.3
Victor Oladipo,39,37,2016-01-14,23,ORL,H,TOR,-3,1,44:59,10,20,0.5,5,7,0.714,2,2,1,1,5,6,6,2,0,3,3,27,21.2,6,48.5
Victor Oladipo,42,38,2016-01-22,23,ORL,H,CHO,-4,1,42:22,11,19,0.579,5,8,0.625,2,2,1,1,3,4,3,1,0,4,3,29,19.6,-5,41
Victor Oladipo,43,39,2016-01-25,23,ORL,A,MEM,-6,1,37:16,1,10,0.1,0,4,0,3,3,1,0,4,4,6,0,0,1,3,5,1.6,-10,18.5
Victor Oladipo,44,40,2016-01-26,23,ORL,A,MIL,-7,1,30:01,3,7,0.429,2,3,0.667,10,11,0.909,0,3,3,5,1,0,3,4,18,14.7,-11,30.8
Victor Oladipo,45,41,2016-01-29,23,ORL,A,BOS,-19,1,28:20,2,6,0.333,0,2,0,7,9,0.778,1,2,3,2,1,0,0,0,11,10.5,-15,19.8
Victor Oladipo,46,42,2016-01-31,23,ORL,H,BOS,5,1,27:35,5,13,0.385,1,6,0.167,0,0,NA,1,2,3,4,2,0,3,3,11,5.8,0,23.8
Victor Oladipo,47,43,2016-02-01,23,ORL,A,SAS,-15,1,34:52,6,16,0.375,1,4,0.25,6,6,1,0,3,3,7,5,0,4,3,19,15.8,-11,41.8
Victor Oladipo,48,44,2016-02-03,23,ORL,A,OKC,-3,1,40:48,13,20,0.65,3,6,0.5,8,8,1,1,6,7,4,1,1,0,4,37,33.6,-4,57.3
Victor Oladipo,49,45,2016-02-05,23,ORL,H,LAC,-14,1,36:11,5,12,0.417,1,4,0.25,7,8,0.875,1,2,3,3,1,0,4,5,18,9.6,-18,26.8
Victor Oladipo,50,46,2016-02-07,23,ORL,H,ATL,2,1,44:25,9,13,0.692,1,3,0.333,0,0,NA,1,4,5,3,1,1,3,0,19,16.2,6,32.8
Victor Oladipo,51,47,2016-02-08,23,ORL,A,ATL,7,1,30:07,3,12,0.25,1,5,0.2,2,4,0.5,0,4,4,8,1,1,2,2,9,6.7,-6,29.5
Victor Oladipo,52,48,2016-02-10,23,ORL,H,SAS,-2,1,39:37,6,14,0.429,2,4,0.5,0,0,NA,0,3,3,1,2,0,4,1,14,5.8,-1,22.3
Victor Oladipo,53,49,2016-02-19,23,ORL,H,DAL,6,1,41:33,6,18,0.333,3,9,0.333,2,2,1,2,11,13,3,2,0,2,3,17,12.4,15,43.8
Victor Oladipo,54,50,2016-02-21,23,ORL,H,IND,-3,1,41:18,6,17,0.353,0,5,0,5,8,0.625,0,7,7,8,3,2,1,2,17,16.6,-1,47.3
Victor Oladipo,55,51,2016-02-23,23,ORL,A,PHI,9,1,40:42,6,12,0.5,1,3,0.333,9,9,1,2,2,4,4,3,0,3,0,22,20.8,4,38
Victor Oladipo,56,52,2016-02-25,23,ORL,H,GSW,-16,1,30:03,5,16,0.313,2,5,0.4,2,4,0.5,1,5,6,2,2,0,0,3,14,8.4,-5,29.5
Victor Oladipo,57,53,2016-02-26,23,ORL,A,NYK,-13,1,35:22,6,14,0.429,2,6,0.333,2,4,0.5,1,5,6,3,1,1,1,2,16,12,1,32.5
Victor Oladipo,58,54,2016-02-28,23,ORL,H,PHI,14,1,43:53,9,17,0.529,2,4,0.5,8,9,0.889,0,1,1,3,4,0,0,3,28,24.5,16,42.8
Victor Oladipo,59,55,2016-03-01,23,ORL,A,DAL,-13,1,23:51,3,10,0.3,0,3,0,0,0,NA,3,1,4,2,0,0,0,3,6,2.8,-18,14
Victor Oladipo,60,56,2016-03-02,23,ORL,H,CHI,13,1,35:35,6,12,0.5,0,2,0,5,6,0.833,1,6,7,1,1,1,3,1,17,12.1,24,29.8
Victor Oladipo,62,57,2016-03-07,23,ORL,A,GSW,-6,1,38:46,8,16,0.5,0,3,0,3,3,1,2,7,9,8,1,0,4,3,19,15.9,-7,42.3
Victor Oladipo,63,58,2016-03-08,23,ORL,A,LAL,-9,1,35:37,10,17,0.588,2,3,0.667,4,4,1,0,4,4,2,1,1,2,1,26,20,-9,38
Victor Oladipo,64,59,2016-03-11,23,ORL,A,SAC,7,1,38:46,6,14,0.429,1,4,0.25,5,8,0.625,1,3,4,5,5,1,5,1,18,14.8,7,40.5
Victor Oladipo,65,60,2016-03-12,23,ORL,A,POR,-37,1,23:48,8,14,0.571,2,2,1,0,0,NA,0,1,1,1,2,1,1,2,18,13.3,-16,27.3
Victor Oladipo,66,61,2016-03-15,23,ORL,H,DEN,6,1,39:29,9,16,0.563,0,3,0,5,6,0.833,0,4,4,6,1,2,1,4,23,20.2,11,42.5
Victor Oladipo,67,62,2016-03-16,23,ORL,A,CHO,-8,1,42:25,10,18,0.556,2,4,0.5,3,4,0.75,0,5,5,3,1,3,1,1,25,21.3,-3,44.3
Victor Oladipo,68,63,2016-03-18,23,ORL,H,CLE,-6,1,39:19,16,22,0.727,6,7,0.857,7,8,0.875,1,4,5,3,3,2,3,3,45,39.8,-1,67.3
Victor Oladipo,69,64,2016-03-20,23,ORL,A,TOR,-5,1,41:39,9,19,0.474,1,5,0.2,2,2,1,1,5,6,3,0,2,2,3,21,13.8,5,36.5
Victor Oladipo,70,65,2016-03-21,23,ORL,A,BOS,-11,1,38:52,10,17,0.588,1,4,0.25,4,4,1,1,7,8,1,5,1,5,4,25,19.7,-13,46.5
Victor Oladipo,71,66,2016-03-23,23,ORL,A,DET,-16,1,41:01,5,18,0.278,1,4,0.25,3,3,1,1,2,3,5,3,1,1,3,14,9.7,-12,33.3
Victor Oladipo,74,67,2016-03-29,23,ORL,H,BRK,34,1,26:05,3,7,0.429,1,2,0.5,0,0,NA,0,3,3,8,3,0,2,4,7,9.2,19,28.3
Victor Oladipo,75,68,2016-03-31,23,ORL,A,IND,20,1,35:31,7,15,0.467,2,3,0.667,2,2,1,2,5,7,7,2,1,0,2,18,20,17,44.3
Victor Oladipo,76,69,2016-04-01,23,ORL,A,MIL,-3,1,37:43,7,17,0.412,2,6,0.333,2,2,1,0,3,3,5,5,4,5,5,18,14.1,-7,45.8
Victor Oladipo,77,70,2016-04-03,23,ORL,H,MEM,12,1,38:48,9,18,0.5,0,4,0,4,5,0.8,2,3,5,2,3,1,0,4,22,18.4,2,39.3
Victor Oladipo,78,71,2016-04-06,23,ORL,H,DET,-4,1,39:20,5,13,0.385,1,2,0.5,5,7,0.714,0,4,4,3,1,1,2,4,16,9.5,-2,29
Victor Oladipo,79,72,2016-04-08,23,ORL,H,MIA,3,1,28:09,6,12,0.5,1,1,1,0,0,NA,1,3,4,1,0,2,1,2,13,8.9,0,23.5
