Nik Stauskas,2,1,2015-10-30,22,PHI,H,UTA,-28,0,21:17,3,6,0.5,2,3,0.667,4,5,0.8,0,3,3,2,0,0,1,0,12,9.9,-6,19.3
Nik Stauskas,3,2,2015-11-02,22,PHI,H,CLE,-7,1,28:31,4,10,0.4,3,9,0.333,4,4,1,0,4,4,1,1,0,2,3,15,9.3,-16,24
Nik Stauskas,4,3,2015-11-04,22,PHI,A,MIL,-4,1,34:44,5,19,0.263,3,14,0.214,1,1,1,1,6,7,4,0,0,4,1,14,3.6,17,28.3
Nik Stauskas,5,4,2015-11-06,22,PHI,A,CLE,-6,1,37:39,6,10,0.6,2,6,0.333,0,0,NA,0,3,3,2,1,0,3,2,14,8.9,-15,22.3
Nik Stauskas,6,5,2015-11-07,22,PHI,H,ORL,-8,1,36:24,6,15,0.4,3,10,0.3,3,4,0.75,0,3,3,5,0,1,0,2,18,13.8,-2,32.8
Nik Stauskas,7,6,2015-11-09,22,PHI,H,CHI,-23,1,33:10,2,13,0.154,1,7,0.143,0,0,NA,0,5,5,2,3,0,1,0,5,1.6,-23,20.3
Nik Stauskas,8,7,2015-11-11,22,PHI,H,TOR,-16,1,29:58,3,11,0.273,2,7,0.286,0,0,NA,0,1,1,3,0,0,1,1,8,2.5,-20,14.3
Nik Stauskas,9,8,2015-11-13,22,PHI,A,OKC,-17,1,29:04,4,10,0.4,2,5,0.4,1,4,0.25,1,3,4,3,2,0,1,1,11,8.7,-11,25
Nik Stauskas,10,9,2015-11-14,22,PHI,A,SAS,-9,1,18:12,0,6,0,0,3,0,0,0,NA,0,0,0,0,0,0,2,0,0,-6.2,-7,-1
Nik Stauskas,11,10,2015-11-16,22,PHI,H,DAL,-6,1,16:01,0,4,0,0,2,0,0,0,NA,0,2,2,1,0,0,1,2,0,-3.3,-14,3.5
Nik Stauskas,12,11,2015-11-18,22,PHI,H,IND,-27,1,21:06,3,8,0.375,1,4,0.25,0,0,NA,1,0,1,1,1,1,2,2,7,2.9,-7,13.3
Nik Stauskas,13,12,2015-11-20,22,PHI,A,CHO,-25,1,31:42,5,12,0.417,3,8,0.375,2,2,1,1,1,2,3,0,1,0,0,15,12.4,-2,25.5
Nik Stauskas,14,13,2015-11-21,22,PHI,A,MIA,-5,1,24:38,3,8,0.375,2,7,0.286,0,0,NA,0,1,1,2,0,1,0,1,8,5.6,-11,15.3
Nik Stauskas,15,14,2015-11-23,22,PHI,A,MIN,-5,1,11:50,0,1,0,0,1,0,2,2,1,0,0,0,0,0,0,0,2,2,0.5,3,2
Nik Stauskas,17,15,2015-11-27,22,PHI,A,HOU,-2,0,14:33,1,4,0.25,1,3,0.333,1,2,0.5,0,2,2,3,2,0,0,0,4,5.9,17,15.5
Nik Stauskas,18,16,2015-11-29,22,PHI,A,MEM,-8,0,12:59,2,6,0.333,1,3,0.333,0,0,NA,0,1,1,1,1,1,1,2,5,2.5,-5,11.8
Nik Stauskas,19,17,2015-12-01,22,PHI,H,LAL,12,0,14:30,2,5,0.4,2,4,0.5,0,0,NA,0,1,1,0,1,0,0,3,6,3.4,-1,10.3
Nik Stauskas,20,18,2015-12-02,22,PHI,A,NYK,-12,0,23:46,2,4,0.5,2,3,0.667,1,2,0.5,0,2,2,2,1,0,1,1,7,6.2,0,15
Nik Stauskas,21,19,2015-12-05,22,PHI,H,DEN,-3,0,27:55,3,6,0.5,2,4,0.5,1,2,0.5,0,3,3,1,1,1,1,2,9,7.1,2,18.8
Nik Stauskas,22,20,2015-12-07,22,PHI,H,SAS,-51,0,24:40,5,10,0.5,1,5,0.2,2,2,1,0,1,1,0,1,0,1,4,13,6.7,-43,16.3
Nik Stauskas,23,21,2015-12-10,22,PHI,A,BRK,-9,0,28:10,1,8,0.125,0,7,0,0,0,NA,0,2,2,5,0,0,0,2,2,0.1,-4,12
Nik Stauskas,24,22,2015-12-11,22,PHI,H,DET,-12,0,22:06,3,6,0.5,0,1,0,0,0,NA,0,0,0,1,0,0,3,1,6,0.3,-15,6
Nik Stauskas,25,23,2015-12-13,22,PHI,A,TOR,-20,0,34:37,3,8,0.375,2,5,0.4,1,2,0.5,0,5,5,1,0,3,3,2,9,4.7,-26,22.3
Nik Stauskas,26,24,2015-12-14,22,PHI,A,CHI,-19,0,20:10,2,5,0.4,1,4,0.25,0,0,NA,0,1,1,1,1,0,2,4,5,0.7,-31,9.3
Nik Stauskas,27,25,2015-12-16,22,PHI,A,ATL,-21,0,13:16,0,0,NA,0,0,NA,0,0,NA,0,1,1,0,0,0,1,0,0,-0.7,-22,0.8
Nik Stauskas,28,26,2015-12-18,22,PHI,H,NYK,-10,0,7:28,0,0,NA,0,0,NA,0,2,0,0,0,0,0,1,0,0,0,0,0.2,5,2
Nik Stauskas,29,27,2015-12-20,22,PHI,A,CLE,-22,0,12:00,0,0,NA,0,0,NA,0,0,NA,1,0,1,0,1,0,1,0,0,0.7,6,2.8
Nik Stauskas,30,28,2015-12-22,22,PHI,H,MEM,-14,0,3:41,0,2,0,0,2,0,0,0,NA,0,1,1,0,0,0,1,0,0,-2.1,2,0.8
Nik Stauskas,32,29,2015-12-26,22,PHI,A,PHO,7,0,23:20,7,10,0.7,3,4,0.75,0,0,NA,1,3,4,2,1,1,1,0,17,16.5,5,30
Nik Stauskas,33,30,2015-12-28,22,PHI,A,UTA,-4,0,25:23,0,6,0,0,3,0,0,0,NA,0,2,2,2,0,1,2,1,0,-3.9,11,6.5
Nik Stauskas,34,31,2015-12-30,22,PHI,A,SAC,5,0,19:17,1,7,0.143,1,6,0.167,0,0,NA,0,3,3,2,0,1,1,2,3,-0.3,-6,11.8
Nik Stauskas,35,32,2016-01-01,22,PHI,A,LAL,-9,0,28:57,2,9,0.222,0,5,0,0,0,NA,2,2,4,2,1,0,3,2,4,-0.9,-3,12.5
Nik Stauskas,36,33,2016-01-02,22,PHI,A,LAC,-31,0,28:18,6,10,0.6,6,8,0.75,0,0,NA,0,4,4,3,0,0,1,3,18,14.5,-23,30
Nik Stauskas,37,34,2016-01-04,22,PHI,H,MIN,10,1,28:58,2,6,0.333,1,2,0.5,0,1,0,1,3,4,3,1,0,1,1,5,4.5,6,16.5
Nik Stauskas,38,35,2016-01-07,22,PHI,H,ATL,-28,1,23:51,3,7,0.429,2,4,0.5,1,2,0.5,0,1,1,2,0,1,0,1,9,6.9,-11,16.3
Nik Stauskas,39,36,2016-01-09,22,PHI,H,TOR,-13,1,24:04,1,4,0.25,1,3,0.333,0,0,NA,1,4,5,2,0,1,3,3,3,0.4,-5,13.3
Nik Stauskas,40,37,2016-01-10,22,PHI,H,CLE,-10,1,22:17,2,4,0.5,2,4,0.5,0,0,NA,0,4,4,2,0,1,0,0,6,7.3,0,17
Nik Stauskas,41,38,2016-01-14,22,PHI,H,CHI,-4,1,39:16,4,10,0.4,3,5,0.6,1,2,0.5,0,2,2,5,2,0,1,2,12,10.5,-3,27
Nik Stauskas,45,39,2016-01-24,22,PHI,H,BOS,-20,0,15:03,1,6,0.167,0,4,0,0,0,NA,1,0,1,1,0,0,1,0,2,-1.4,4,4.3
Nik Stauskas,46,40,2016-01-26,22,PHI,H,PHO,10,1,37:48,4,7,0.571,1,2,0.5,6,7,0.857,0,4,4,4,1,0,0,1,15,15.9,8,28.5
Nik Stauskas,47,41,2016-01-27,22,PHI,A,DET,-13,1,26:07,1,5,0.2,0,3,0,2,2,1,0,2,2,2,0,1,2,5,4,-0.4,-10,10.5
Nik Stauskas,48,42,2016-01-30,22,PHI,H,GSW,-3,1,21:31,4,6,0.667,2,4,0.5,0,0,NA,0,0,0,0,1,0,2,0,10,6.4,-26,12
Nik Stauskas,49,43,2016-02-03,22,PHI,H,ATL,-38,1,29:30,5,7,0.714,2,3,0.667,5,5,1,0,4,4,2,0,0,1,1,17,15.3,-15,25.5
Nik Stauskas,50,44,2016-02-05,22,PHI,A,WAS,-12,1,27:46,3,6,0.5,3,5,0.6,0,0,NA,0,4,4,2,1,0,3,3,9,5.4,-14,19
Nik Stauskas,51,45,2016-02-06,22,PHI,H,BRK,5,1,20:28,1,6,0.167,0,4,0,2,3,0.667,0,0,0,1,0,0,1,0,4,-0.5,-4,5
Nik Stauskas,52,46,2016-02-08,22,PHI,H,LAC,-6,1,20:36,2,4,0.5,1,3,0.333,0,0,NA,0,1,1,0,0,0,0,4,5,1.7,13,6.8
Nik Stauskas,53,47,2016-02-10,22,PHI,H,SAC,-4,1,31:28,6,10,0.6,4,5,0.8,0,0,NA,0,2,2,3,1,0,0,0,16,15.1,1,27
Nik Stauskas,54,48,2016-02-19,22,PHI,A,NOP,-7,1,25:28,4,7,0.571,3,6,0.5,0,0,NA,0,2,2,1,1,0,2,4,11,6.4,-1,17.5
Nik Stauskas,55,49,2016-02-21,22,PHI,A,DAL,-26,1,20:13,2,4,0.5,2,3,0.667,2,2,1,0,2,2,2,0,0,0,0,8,8,-10,14.5
Nik Stauskas,56,50,2016-02-23,22,PHI,H,ORL,-9,1,24:04,2,5,0.4,1,3,0.333,0,1,0,1,1,2,2,1,0,4,5,5,-0.7,-3,11
Nik Stauskas,57,51,2016-02-24,22,PHI,A,DET,-20,1,25:25,1,7,0.143,0,1,0,1,2,0.5,0,4,4,4,0,0,2,2,3,-0.7,-8,13
Nik Stauskas,58,52,2016-02-26,22,PHI,H,WAS,-9,1,27:43,4,6,0.667,3,5,0.6,4,4,1,0,2,2,1,0,0,1,1,15,12.3,0,20
Nik Stauskas,59,53,2016-02-28,22,PHI,A,ORL,-14,1,20:03,1,3,0.333,0,1,0,2,3,0.667,0,1,1,2,0,0,1,1,4,2.2,-18,7.8
Nik Stauskas,60,54,2016-02-29,22,PHI,A,WAS,-8,0,31:56,4,11,0.364,1,6,0.167,1,1,1,0,3,3,3,2,0,0,3,10,7.7,3,22.8
Nik Stauskas,61,55,2016-03-02,22,PHI,H,CHO,-20,0,17:01,2,6,0.333,1,4,0.25,1,1,1,0,1,1,0,1,0,0,1,6,3.5,-11,9.8
Nik Stauskas,64,56,2016-03-09,22,PHI,H,HOU,-14,0,12:36,0,3,0,0,1,0,0,0,NA,0,0,0,0,0,0,1,4,0,-4.7,-14,-0.5
Nik Stauskas,65,57,2016-03-11,22,PHI,H,BRK,6,0,20:38,3,8,0.375,1,4,0.25,3,4,0.75,1,2,3,1,0,0,4,0,10,3.2,-5,13.8
Nik Stauskas,66,58,2016-03-12,22,PHI,H,DET,-14,0,26:11,5,10,0.5,1,5,0.2,4,4,1,0,2,2,4,1,0,0,2,15,13.6,-11,26
Nik Stauskas,67,59,2016-03-15,22,PHI,A,BRK,-17,0,30:23,6,13,0.462,2,6,0.333,4,4,1,1,6,7,1,2,1,2,1,18,14.8,-9,34.3
Nik Stauskas,68,60,2016-03-17,22,PHI,H,WAS,-5,0,13:14,2,4,0.5,0,2,0,0,0,NA,1,2,3,0,0,0,0,1,4,2.9,-14,7.8
Nik Stauskas,69,61,2016-03-18,22,PHI,H,OKC,-14,0,33:58,9,15,0.6,5,7,0.714,0,0,NA,1,3,4,3,3,0,2,0,23,20.8,0,40
Nik Stauskas,70,62,2016-03-20,22,PHI,H,BOS,-15,0,26:43,4,8,0.5,2,4,0.5,2,5,0.4,0,6,6,3,0,0,1,1,12,9.3,-10,24.5
Nik Stauskas,71,63,2016-03-21,22,PHI,A,IND,-16,0,15:17,1,5,0.2,0,3,0,2,2,1,0,0,0,0,0,1,4,0,4,-2.4,-12,4
Nik Stauskas,72,64,2016-03-23,22,PHI,A,DEN,-1,0,20:36,2,6,0.333,0,3,0,1,1,1,1,3,4,3,1,1,0,3,5,5.8,14,18.5
Nik Stauskas,73,65,2016-03-26,22,PHI,A,POR,-3,0,25:30,4,8,0.5,3,6,0.5,2,2,1,1,4,5,1,0,0,2,2,13,8.8,16,21.3
Nik Stauskas,74,66,2016-03-27,22,PHI,A,GSW,-12,0,31:10,4,10,0.4,1,6,0.167,0,0,NA,0,4,4,3,2,0,2,1,9,6.5,4,22
Nik Stauskas,75,67,2016-03-29,22,PHI,H,CHO,-15,0,32:31,4,11,0.364,2,5,0.4,3,4,0.75,1,2,3,1,0,0,2,2,13,5.7,-11,18.3
Nik Stauskas,76,68,2016-04-01,22,PHI,A,CHO,-9,0,29:14,3,11,0.273,1,6,0.167,4,5,0.8,1,2,3,2,0,0,2,1,11,4.4,14,17.3
Nik Stauskas,77,69,2016-04-02,22,PHI,H,IND,-13,0,27:09,2,5,0.4,1,3,0.333,4,5,0.8,1,1,2,3,0,0,3,4,9,4.4,-18,15
Nik Stauskas,78,70,2016-04-05,22,PHI,H,NOP,14,0,33:35,5,11,0.455,2,5,0.4,1,2,0.5,0,2,2,6,0,1,0,2,13,11.6,21,27.5
Nik Stauskas,79,71,2016-04-08,22,PHI,H,NYK,-7,1,37:02,4,13,0.308,3,8,0.375,6,6,1,1,6,7,5,0,0,0,3,17,14.3,6,34.8
Nik Stauskas,80,72,2016-04-10,22,PHI,H,MIL,-1,1,36:28,3,15,0.2,2,12,0.167,4,4,1,0,1,1,0,1,0,1,1,12,2.6,-9,15.8
Nik Stauskas,81,73,2016-04-12,22,PHI,A,TOR,-24,1,36:49,6,13,0.462,1,6,0.167,0,0,NA,1,1,2,3,2,0,2,3,13,8.2,-16,23.5
Jerami Grant,1,1,2015-10-28,21,PHI,A,BOS,-17,0,26:37,2,7,0.286,0,1,0,5,5,1,1,5,6,0,2,0,0,2,9,8.3,-22,20.5
Jerami Grant,2,2,2015-10-30,21,PHI,H,UTA,-28,0,25:29,4,9,0.444,1,2,0.5,3,4,0.75,0,5,5,2,0,2,3,1,12,7.8,-1,24.3
Jerami Grant,3,3,2015-11-02,21,PHI,H,CLE,-7,0,22:59,3,8,0.375,0,1,0,1,2,0.5,1,1,2,1,1,0,2,3,7,1.7,6,12
Jerami Grant,4,4,2015-11-04,21,PHI,A,MIL,-4,1,22:51,3,9,0.333,0,3,0,2,2,1,1,6,7,3,0,4,0,2,8,9.5,22,29.3
Jerami Grant,5,5,2015-11-06,21,PHI,A,CLE,-6,1,27:09,3,5,0.6,0,2,0,2,4,0.5,1,3,4,2,0,2,0,3,8,8.1,-12,20
Jerami Grant,6,6,2015-11-07,21,PHI,H,ORL,-8,1,23:12,4,7,0.571,1,3,0.333,2,3,0.667,0,4,4,0,0,1,1,2,11,7.4,-1,18
Jerami Grant,7,7,2015-11-09,21,PHI,H,CHI,-23,1,29:19,4,12,0.333,0,2,0,3,4,0.75,1,2,3,1,1,3,1,3,11,6.7,-26,23.8
Jerami Grant,8,8,2015-11-11,21,PHI,H,TOR,-16,1,32:21,5,10,0.5,0,1,0,2,4,0.5,5,5,10,1,1,2,0,3,12,13.1,-16,33.5
Jerami Grant,9,9,2015-11-13,21,PHI,A,OKC,-17,1,31:52,2,10,0.2,0,3,0,5,6,0.833,2,4,6,1,0,2,2,5,9,3.1,-15,21
Jerami Grant,10,10,2015-11-14,21,PHI,A,SAS,-9,1,25:06,4,7,0.571,2,3,0.667,2,2,1,0,4,4,0,1,1,1,5,12,8.6,-4,21.5
Jerami Grant,11,11,2015-11-16,21,PHI,H,DAL,-6,1,29:27,5,10,0.5,0,1,0,3,5,0.6,1,2,3,0,1,0,3,5,13,4.5,-21,17.3
Jerami Grant,12,12,2015-11-18,21,PHI,H,IND,-27,1,29:12,4,6,0.667,0,1,0,5,6,0.833,2,2,4,1,0,3,2,1,13,12.4,-16,24.5
Jerami Grant,13,13,2015-11-20,21,PHI,A,CHO,-25,1,24:18,6,9,0.667,0,0,NA,0,2,0,3,2,5,1,1,1,1,4,12,9.8,-19,23.3
Jerami Grant,14,14,2015-11-21,21,PHI,A,MIA,-5,1,30:16,0,7,0,0,2,0,4,6,0.667,2,4,6,3,0,2,1,3,4,2.2,-21,19.5
Jerami Grant,15,15,2015-11-23,21,PHI,A,MIN,-5,1,31:39,3,10,0.3,1,3,0.333,2,3,0.667,2,4,6,1,0,2,2,4,9,3.9,-2,21.5
Jerami Grant,16,16,2015-11-25,21,PHI,A,BOS,-4,0,21:52,3,7,0.429,0,2,0,0,0,NA,2,3,5,2,1,2,2,2,6,5.6,1,20.3
Jerami Grant,17,17,2015-11-27,21,PHI,A,HOU,-2,1,31:39,6,13,0.462,3,7,0.429,3,4,0.75,1,2,3,1,1,1,1,3,18,12.4,-6,28.3
Jerami Grant,18,18,2015-11-29,21,PHI,A,MEM,-8,1,30:29,3,9,0.333,1,4,0.25,4,5,0.8,2,5,7,1,2,3,1,4,11,10.6,-14,31.3
Jerami Grant,19,19,2015-12-01,21,PHI,H,LAL,12,1,30:49,6,7,0.857,0,1,0,2,2,1,0,7,7,4,1,4,0,3,14,19,7,38.8
Jerami Grant,20,20,2015-12-02,21,PHI,A,NYK,-12,1,20:15,2,10,0.2,0,5,0,2,3,0.667,1,3,4,0,1,3,0,1,6,3.7,-10,19
Jerami Grant,21,21,2015-12-05,21,PHI,H,DEN,-3,1,28:44,4,8,0.5,0,1,0,2,4,0.5,0,1,1,2,4,2,1,3,10,10.1,0,25.8
Jerami Grant,22,22,2015-12-07,21,PHI,H,SAS,-51,1,20:34,2,3,0.667,0,1,0,1,2,0.5,1,3,4,1,0,0,1,1,5,4.2,-11,11
Jerami Grant,23,23,2015-12-10,21,PHI,A,BRK,-9,0,24:19,4,10,0.4,1,4,0.25,0,0,NA,4,4,8,0,1,2,0,2,9,9.2,-5,25.5
Jerami Grant,24,24,2015-12-11,21,PHI,H,DET,-12,0,17:45,4,5,0.8,0,0,NA,0,0,NA,0,0,0,1,1,2,1,2,8,7.4,-19,15
Jerami Grant,25,25,2015-12-13,21,PHI,A,TOR,-20,0,24:34,2,9,0.222,0,0,NA,5,6,0.833,4,3,7,1,0,0,3,2,9,3.7,-6,17.8
Jerami Grant,26,26,2015-12-14,21,PHI,A,CHI,-19,1,27:39,2,8,0.25,0,0,NA,2,4,0.5,2,4,6,3,1,5,1,1,6,8.2,-28,29.5
Jerami Grant,27,27,2015-12-16,21,PHI,A,ATL,-21,1,29:29,2,6,0.333,0,2,0,1,2,0.5,0,2,2,1,0,0,2,3,5,-0.7,-20,8
Jerami Grant,28,28,2015-12-18,21,PHI,H,NYK,-10,0,26:33,2,8,0.25,0,3,0,4,6,0.667,0,1,1,0,1,1,0,2,8,3.6,7,13.3
Jerami Grant,29,29,2015-12-20,21,PHI,A,CLE,-22,0,22:08,2,9,0.222,0,1,0,2,2,1,2,0,2,1,0,1,0,4,6,1.7,2,12
Jerami Grant,30,30,2015-12-22,21,PHI,H,MEM,-14,1,26:40,3,4,0.75,1,1,1,2,2,1,2,4,6,0,0,1,0,2,9,9.9,-8,19
Jerami Grant,31,31,2015-12-23,21,PHI,A,MIL,-13,0,19:16,4,4,1,0,0,NA,1,2,0.5,0,3,3,1,1,1,1,1,9,9.3,6,17.8
Jerami Grant,32,32,2015-12-26,21,PHI,A,PHO,7,1,22:05,0,2,0,0,1,0,4,4,1,0,3,3,1,0,0,3,5,4,-0.8,14,7.8
Jerami Grant,33,33,2015-12-28,21,PHI,A,UTA,-4,0,10:30,3,4,0.75,1,1,1,0,1,0,1,2,3,1,0,0,0,5,7,5,-8,12.8
Jerami Grant,34,34,2015-12-30,21,PHI,A,SAC,5,1,34:16,4,6,0.667,2,3,0.667,6,8,0.75,3,8,11,2,2,5,3,5,16,19,18,47.8
Jerami Grant,35,35,2016-01-01,21,PHI,A,LAL,-9,1,30:58,2,6,0.333,0,2,0,5,6,0.833,1,6,7,3,0,1,1,2,9,8.7,-2,23.8
Jerami Grant,36,36,2016-01-02,21,PHI,A,LAC,-31,1,25:36,3,8,0.375,1,3,0.333,1,2,0.5,0,1,1,0,0,0,0,2,8,2.7,-20,9.8
Jerami Grant,37,37,2016-01-04,21,PHI,H,MIN,10,1,22:10,1,3,0.333,0,1,0,0,0,NA,0,2,2,3,0,2,3,6,2,-1,0,11.5
Jerami Grant,38,38,2016-01-07,21,PHI,H,ATL,-28,0,21:12,4,7,0.571,0,1,0,3,6,0.5,0,2,2,1,1,1,2,0,11,7.5,-28,18
Jerami Grant,39,39,2016-01-09,21,PHI,H,TOR,-13,1,22:05,1,3,0.333,0,1,0,1,2,0.5,1,3,4,3,0,0,4,2,3,-0.2,7,10.5
Jerami Grant,40,40,2016-01-10,21,PHI,H,CLE,-10,1,30:08,3,9,0.333,0,3,0,0,5,0,2,6,8,2,1,1,2,4,6,1.6,-8,22
Jerami Grant,43,41,2016-01-18,21,PHI,A,NYK,-6,0,14:31,2,3,0.667,1,1,1,4,5,0.8,0,1,1,1,1,0,1,5,9,6.3,0,13.8
Jerami Grant,44,42,2016-01-20,21,PHI,A,ORL,9,0,27:32,3,7,0.429,1,1,1,5,8,0.625,1,5,6,1,2,5,0,3,12,14.3,12,35.5
Jerami Grant,45,43,2016-01-24,21,PHI,H,BOS,-20,0,20:50,2,7,0.286,0,2,0,4,6,0.667,2,1,3,2,1,0,1,3,8,5,-6,16.3
Jerami Grant,46,44,2016-01-26,21,PHI,H,PHO,10,1,28:30,3,6,0.5,1,2,0.5,3,6,0.5,0,3,3,5,1,1,3,3,10,7.7,6,24.3
Jerami Grant,47,45,2016-01-27,21,PHI,A,DET,-13,1,29:34,8,13,0.615,1,3,0.333,4,7,0.571,2,6,8,2,3,1,2,4,21,18.6,-4,41.5
Jerami Grant,48,46,2016-01-30,21,PHI,H,GSW,-3,1,20:00,4,9,0.444,0,3,0,2,2,1,0,1,1,3,1,1,1,0,10,8.4,-19,19.3
Jerami Grant,49,47,2016-02-03,21,PHI,H,ATL,-38,0,21:48,0,4,0,0,2,0,0,0,NA,0,4,4,2,1,4,2,4,0,0,-21,17
Jerami Grant,50,48,2016-02-05,21,PHI,A,WAS,-12,0,26:46,3,5,0.6,1,1,1,2,4,0.5,2,3,5,5,0,2,2,3,9,9.9,-2,26.3
Jerami Grant,51,49,2016-02-06,21,PHI,H,BRK,5,0,23:34,3,5,0.6,1,2,0.5,2,2,1,1,6,7,1,1,1,1,2,9,9.8,5,23.3
Jerami Grant,52,50,2016-02-08,21,PHI,H,LAC,-6,0,33:22,6,7,0.857,0,1,0,5,7,0.714,4,7,11,2,0,1,1,5,17,17.7,-7,36.8
Jerami Grant,53,51,2016-02-10,21,PHI,H,SAC,-4,1,28:45,2,8,0.25,1,3,0.333,2,2,1,2,4,6,6,0,4,1,0,7,10.8,11,31.5
Jerami Grant,54,52,2016-02-19,21,PHI,A,NOP,-7,0,25:13,3,5,0.6,0,0,NA,6,6,1,0,0,0,1,0,2,2,5,12,7.8,-22,16.5
Jerami Grant,55,53,2016-02-21,21,PHI,A,DAL,-26,0,28:48,0,2,0,0,0,NA,4,6,0.667,2,3,5,1,1,1,2,2,4,3.7,-25,14.8
Jerami Grant,56,54,2016-02-23,21,PHI,H,ORL,-9,0,26:59,3,5,0.6,0,1,0,1,2,0.5,0,7,7,2,0,1,3,2,7,4.7,-13,19.3
Jerami Grant,57,55,2016-02-24,21,PHI,A,DET,-20,0,24:15,2,5,0.4,0,0,NA,5,6,0.833,2,2,4,2,0,0,2,3,9,6.1,-16,16
Jerami Grant,58,56,2016-02-26,21,PHI,H,WAS,-9,0,23:43,3,9,0.333,0,1,0,1,2,0.5,0,3,3,5,1,1,1,1,7,6.2,-2,21.8
Jerami Grant,59,57,2016-02-28,21,PHI,A,ORL,-14,0,38:24,4,7,0.571,0,2,0,5,8,0.625,0,8,8,1,3,5,3,4,13,13.5,5,39
Jerami Grant,60,58,2016-02-29,21,PHI,A,WAS,-8,1,35:26,6,11,0.545,0,2,0,2,4,0.5,2,4,6,4,0,2,2,2,14,11.9,-3,30.5
Jerami Grant,61,59,2016-03-02,21,PHI,H,CHO,-20,1,30:13,3,6,0.5,1,2,0.5,0,0,NA,0,6,6,1,0,1,1,4,7,4.6,-15,18
Jerami Grant,62,60,2016-03-04,21,PHI,H,MIA,-10,1,37:38,2,9,0.222,0,2,0,2,3,0.667,4,3,7,2,1,2,2,4,6,4,-4,22.8
Jerami Grant,63,61,2016-03-06,21,PHI,A,MIA,-5,1,37:26,3,8,0.375,0,1,0,0,0,NA,2,6,8,2,0,2,1,4,6,5,-9,22.5
Jerami Grant,64,62,2016-03-09,21,PHI,H,HOU,-14,1,35:36,5,12,0.417,1,3,0.333,2,4,0.5,0,3,3,2,1,1,2,3,13,6.6,-13,23.3
Jerami Grant,65,63,2016-03-11,21,PHI,H,BRK,6,1,16:50,2,7,0.286,0,2,0,3,4,0.75,1,1,2,3,0,2,1,1,7,5.6,13,17.5
Jerami Grant,68,64,2016-03-17,22,PHI,H,WAS,-5,1,29:45,2,6,0.333,0,2,0,9,14,0.643,0,5,5,0,1,3,3,2,13,8.4,1,25.8
Jerami Grant,69,65,2016-03-18,22,PHI,H,OKC,-14,1,34:08,4,14,0.286,0,3,0,7,12,0.583,2,5,7,2,0,3,2,2,15,8.4,-1,31.8
Jerami Grant,70,66,2016-03-20,22,PHI,H,BOS,-15,1,25:50,3,12,0.25,1,2,0.5,4,4,1,3,5,8,2,0,2,2,2,11,7.4,-19,27.5
Jerami Grant,71,67,2016-03-21,22,PHI,A,IND,-16,1,34:25,6,12,0.5,0,1,0,2,4,0.5,1,3,4,2,0,1,1,2,14,9.1,-7,23.5
Jerami Grant,72,68,2016-03-23,22,PHI,A,DEN,-1,1,29:07,2,10,0.2,1,2,0.5,2,2,1,0,3,3,3,2,0,2,4,7,2.2,-6,18.8
Jerami Grant,73,69,2016-03-26,22,PHI,A,POR,-3,1,31:10,4,11,0.364,0,1,0,5,10,0.5,4,3,7,3,0,4,2,4,13,9.9,-7,33.3
Jerami Grant,74,70,2016-03-27,22,PHI,A,GSW,-12,1,3:13,0,2,0,0,1,0,0,0,NA,0,0,0,1,0,0,0,1,0,-1.1,-8,1.5
Jerami Grant,76,71,2016-04-01,22,PHI,A,CHO,-9,1,19:56,5,10,0.5,1,2,0.5,6,8,0.75,0,2,2,1,2,2,0,1,17,15.5,-8,29.5
Jerami Grant,77,72,2016-04-02,22,PHI,H,IND,-13,1,37:11,6,17,0.353,3,6,0.5,5,9,0.556,4,5,9,3,0,1,5,5,20,9,-4,36.8
Jerami Grant,78,73,2016-04-05,22,PHI,H,NOP,14,1,23:33,4,9,0.444,0,1,0,2,2,1,1,2,3,1,2,0,0,1,10,8.9,-4,19.3
Jerami Grant,79,74,2016-04-08,22,PHI,H,NYK,-7,1,32:39,4,10,0.4,1,4,0.25,1,7,0.143,3,2,5,4,0,1,2,2,10,5.6,2,23.8
Jerami Grant,80,75,2016-04-10,22,PHI,H,MIL,-1,1,43:08,6,13,0.462,1,2,0.5,8,13,0.615,2,2,4,2,1,3,1,1,21,17.4,-12,37
Jerami Grant,81,76,2016-04-12,22,PHI,A,TOR,-24,1,14:46,2,5,0.4,1,2,0.5,1,1,1,0,2,2,2,0,2,1,5,6,3.7,-5,15.5
Jerami Grant,82,77,2016-04-13,22,PHI,A,CHI,-10,1,38:12,7,14,0.5,2,4,0.5,4,6,0.667,1,5,6,1,1,2,1,3,20,15.3,-5,35.5
Richaun Holmes,1,1,2015-10-28,22,PHI,A,BOS,-17,0,6:05,1,3,0.333,0,0,NA,0,0,NA,1,2,3,0,0,1,0,1,2,1.9,-4,7.8
Richaun Holmes,2,2,2015-10-30,22,PHI,H,UTA,-28,0,6:11,0,0,NA,0,0,NA,1,2,0.5,0,0,0,0,0,1,0,0,1,1.3,1,3
Richaun Holmes,3,3,2015-11-02,22,PHI,H,CLE,-7,0,11:13,1,1,1,1,1,1,1,2,0.5,0,1,1,0,0,1,0,1,4,3.9,16,7.8
Richaun Holmes,4,4,2015-11-04,22,PHI,A,MIL,-4,0,19:15,2,6,0.333,0,2,0,3,4,0.75,1,1,2,0,1,0,1,2,7,3.4,-20,11
Richaun Holmes,5,5,2015-11-06,22,PHI,A,CLE,-6,0,12:06,1,2,0.5,0,0,NA,1,2,0.5,1,0,1,2,0,0,1,1,3,2.3,9,6.8
Richaun Holmes,6,6,2015-11-07,22,PHI,H,ORL,-8,0,18:12,4,5,0.8,0,1,0,0,0,NA,5,1,6,1,0,1,0,3,8,10.1,-5,19
Richaun Holmes,7,7,2015-11-09,22,PHI,H,CHI,-23,1,27:38,4,9,0.444,0,3,0,3,5,0.6,2,1,3,1,0,2,1,3,11,7.1,5,19.8
Richaun Holmes,17,8,2015-11-27,22,PHI,A,HOU,-2,0,9:56,2,2,1,0,0,NA,0,0,NA,1,1,2,0,0,0,0,1,4,4,-4,6.5
Richaun Holmes,18,9,2015-11-29,22,PHI,A,MEM,-8,0,14:59,0,3,0,0,1,0,0,0,NA,2,0,2,0,0,2,2,1,0,-1.7,4,5.5
Richaun Holmes,20,10,2015-12-02,22,PHI,A,NYK,-12,0,18:07,4,6,0.667,0,1,0,3,4,0.75,2,1,3,0,0,2,0,4,11,9.5,7,18.8
Richaun Holmes,21,11,2015-12-05,22,PHI,H,DEN,-3,0,14:17,4,4,1,1,1,1,1,1,1,2,2,4,0,0,1,0,3,10,10.3,-2,17.5
Richaun Holmes,22,12,2015-12-07,22,PHI,H,SAS,-51,0,20:35,1,5,0.2,0,1,0,0,0,NA,1,3,4,0,0,0,3,4,2,-4.1,-25,5.5
Richaun Holmes,23,13,2015-12-10,22,PHI,A,BRK,-9,0,16:59,5,6,0.833,0,0,NA,4,4,1,1,0,1,1,1,0,1,3,14,12,-5,18.3
Richaun Holmes,24,14,2015-12-11,22,PHI,H,DET,-12,0,3:18,1,1,1,1,1,1,0,0,NA,0,1,1,1,0,0,0,0,3,3.7,3,6.3
Richaun Holmes,25,15,2015-12-13,22,PHI,A,TOR,-20,0,5:49,1,2,0.5,0,0,NA,0,0,NA,0,0,0,0,0,0,0,1,2,0.6,-14,2
Richaun Holmes,26,16,2015-12-14,22,PHI,A,CHI,-19,0,13:31,2,3,0.667,0,0,NA,0,0,NA,1,0,1,3,0,0,0,4,4,3.9,-3,9.8
Richaun Holmes,27,17,2015-12-16,22,PHI,A,ATL,-21,0,27:14,5,8,0.625,1,2,0.5,1,1,1,4,3,7,3,1,2,1,2,12,14.8,2,31.3
Richaun Holmes,28,18,2015-12-18,22,PHI,H,NYK,-10,0,18:25,5,7,0.714,0,1,0,0,0,NA,0,3,3,0,1,0,1,1,10,7.6,6,15.3
Richaun Holmes,29,19,2015-12-20,22,PHI,A,CLE,-22,0,13:56,1,4,0.25,0,2,0,3,3,1,1,1,2,1,1,0,2,1,5,2.9,-9,10
Richaun Holmes,30,20,2015-12-22,22,PHI,H,MEM,-14,0,8:50,1,3,0.333,0,1,0,1,2,0.5,2,1,3,1,1,0,1,3,3,2.1,-3,9.8
Richaun Holmes,31,21,2015-12-23,22,PHI,A,MIL,-13,0,18:27,2,5,0.4,0,2,0,0,1,0,1,1,2,1,1,2,0,0,4,5,-9,14
Richaun Holmes,32,22,2015-12-26,22,PHI,A,PHO,7,0,6:40,2,3,0.667,0,0,NA,0,0,NA,0,1,1,0,0,1,1,1,4,2.3,-4,6.8
Richaun Holmes,33,23,2015-12-28,22,PHI,A,UTA,-4,0,21:40,8,11,0.727,1,2,0.5,1,2,0.5,2,1,3,0,0,3,0,4,18,15.3,-9,28.3
Richaun Holmes,34,24,2015-12-30,22,PHI,A,SAC,5,0,5:03,1,1,1,0,0,NA,0,0,NA,2,0,2,0,0,0,0,0,2,3.1,-3,4.5
Richaun Holmes,35,25,2016-01-01,22,PHI,A,LAL,-9,0,8:05,0,0,NA,0,0,NA,2,4,0.5,0,0,0,1,0,1,0,1,2,2.2,5,5.5
Richaun Holmes,36,26,2016-01-02,22,PHI,A,LAC,-31,0,15:46,4,6,0.667,0,1,0,0,0,NA,1,1,2,0,1,0,0,0,8,7.4,-5,12.5
Richaun Holmes,37,27,2016-01-04,22,PHI,H,MIN,10,0,17:35,7,10,0.7,0,1,0,3,3,1,1,0,1,0,1,1,2,3,17,12,10,21.3
Richaun Holmes,38,28,2016-01-07,22,PHI,H,ATL,-28,0,14:43,2,5,0.4,0,1,0,0,0,NA,1,4,5,0,1,0,0,2,4,3.4,-3,12.3
Richaun Holmes,41,29,2016-01-14,22,PHI,H,CHI,-4,0,2:50,0,0,NA,0,0,NA,0,0,NA,0,0,0,0,0,0,0,0,0,0,-2,0
Richaun Holmes,42,30,2016-01-16,22,PHI,H,POR,25,0,27:14,5,9,0.556,1,3,0.333,6,7,0.857,1,5,6,3,0,1,1,1,17,15.9,7,31
Richaun Holmes,43,31,2016-01-18,22,PHI,A,NYK,-6,0,12:35,1,1,1,0,0,NA,0,0,NA,0,3,3,0,0,0,1,2,2,0.8,-5,5.3
Richaun Holmes,44,32,2016-01-20,22,PHI,A,ORL,9,0,11:39,2,3,0.667,0,1,0,0,0,NA,0,1,1,0,0,0,0,1,4,2.6,-2,5.3
Richaun Holmes,45,33,2016-01-24,22,PHI,H,BOS,-20,0,15:52,2,7,0.286,0,1,0,0,1,0,3,4,7,2,1,1,0,2,4,5.1,1,19.8
Richaun Holmes,46,34,2016-01-26,22,PHI,H,PHO,10,0,20:18,2,7,0.286,0,1,0,2,4,0.5,2,4,6,1,0,2,0,4,6,4.2,3,19
Richaun Holmes,47,35,2016-01-27,22,PHI,A,DET,-13,0,16:27,3,8,0.375,0,0,NA,0,0,NA,0,1,1,0,0,1,0,1,6,2.2,3,9.3
Richaun Holmes,49,36,2016-02-03,22,PHI,H,ATL,-38,0,7:45,2,4,0.5,0,1,0,1,2,0.5,0,2,2,0,0,1,0,0,5,3.9,-7,9.5
Richaun Holmes,53,37,2016-02-10,22,PHI,H,SAC,-4,0,15:26,4,7,0.571,0,1,0,0,2,0,2,0,2,0,1,4,2,3,8,5.9,-10,19.5
Richaun Holmes,54,38,2016-02-19,22,PHI,A,NOP,-7,0,2:34,0,1,0,0,1,0,0,0,NA,0,0,0,0,0,0,0,0,0,-0.7,-6,0
Richaun Holmes,55,39,2016-02-21,22,PHI,A,DAL,-26,0,12:19,3,6,0.5,0,2,0,0,0,NA,1,1,2,1,0,0,1,2,6,2.9,3,9.5
Richaun Holmes,56,40,2016-02-23,22,PHI,H,ORL,-9,0,7:02,1,2,0.5,0,0,NA,0,0,NA,0,2,2,3,0,0,1,2,2,1.9,3,8.5
Richaun Holmes,57,41,2016-02-24,22,PHI,A,DET,-20,0,17:30,2,5,0.4,0,1,0,0,0,NA,2,5,7,2,0,1,1,2,4,4.5,10,17.3
Richaun Holmes,58,42,2016-02-26,22,PHI,H,WAS,-9,0,6:13,0,0,NA,0,0,NA,0,0,NA,0,0,0,0,2,0,1,2,0,0.2,2,3.5
Richaun Holmes,59,43,2016-02-28,22,PHI,A,ORL,-14,0,16:08,4,4,1,0,0,NA,4,4,1,0,4,4,0,1,1,1,2,12,11.9,-7,20.5
Richaun Holmes,60,44,2016-02-29,22,PHI,A,WAS,-8,0,14:35,1,5,0.2,1,2,0.5,0,0,NA,1,1,2,1,0,0,2,3,3,-1.6,-1,6.5
Richaun Holmes,61,45,2016-03-02,22,PHI,H,CHO,-20,0,18:28,0,5,0,0,2,0,0,0,NA,3,3,6,1,0,1,1,3,0,-1.3,-9,10.5
Richaun Holmes,62,46,2016-03-04,22,PHI,H,MIA,-10,0,25:09,5,7,0.714,1,1,1,2,2,1,6,2,8,2,1,1,0,4,13,16.4,9,30.5
Richaun Holmes,63,47,2016-03-06,22,PHI,A,MIA,-5,0,15:13,2,6,0.333,0,1,0,3,4,0.75,1,0,1,0,1,3,1,0,7,6,7,15.8
Richaun Holmes,64,48,2016-03-09,22,PHI,H,HOU,-14,0,9:18,0,1,0,0,0,NA,1,4,0.25,4,0,4,0,0,1,0,3,1,1.4,5,8
Richaun Holmes,65,49,2016-03-11,22,PHI,H,BRK,6,0,11:54,1,5,0.2,0,0,NA,0,0,NA,0,0,0,0,1,0,2,1,2,-2.5,-10,3
Richaun Holmes,72,50,2016-03-23,22,PHI,A,DEN,-1,0,14:34,2,4,0.5,0,1,0,2,2,1,0,4,4,1,1,0,0,3,6,5.7,13,14.5
Richaun Holmes,73,51,2016-03-26,22,PHI,A,POR,-3,0,6:22,1,4,0.25,0,0,NA,2,2,1,1,1,2,0,0,1,0,1,4,2.9,0,8.5
Ish Smith,29,28,2015-12-26,27,PHI,A,PHO,7,1,31:25,6,15,0.4,1,1,1,1,1,1,0,2,2,5,1,1,3,1,14,8.3,-7,27
Ish Smith,30,29,2015-12-28,27,PHI,A,UTA,-4,1,32:08,8,21,0.381,1,2,0.5,5,5,1,1,2,3,11,2,0,6,2,22,14.7,-5,45.3
Ish Smith,31,30,2015-12-30,27,PHI,A,SAC,5,1,32:34,7,14,0.5,0,2,0,4,6,0.667,1,2,3,9,2,2,1,1,18,19.8,14,42.8
Ish Smith,32,31,2016-01-01,27,PHI,A,LAL,-9,1,25:27,3,19,0.158,0,2,0,3,4,0.75,1,3,4,3,0,0,3,5,9,-4.8,-2,17
Ish Smith,33,32,2016-01-02,27,PHI,A,LAC,-31,1,23:08,2,9,0.222,0,0,NA,0,0,NA,0,1,1,10,1,0,2,2,4,4,-18,21.3
Ish Smith,34,33,2016-01-04,27,PHI,H,MIN,10,1,30:20,9,16,0.563,0,0,NA,3,3,1,0,4,4,11,3,0,4,1,21,20.9,0,48
Ish Smith,35,34,2016-01-07,27,PHI,H,ATL,-28,1,27:20,6,10,0.6,0,0,NA,0,0,NA,0,1,1,7,1,0,4,1,12,9.2,-5,23.8
Ish Smith,36,35,2016-01-09,27,PHI,H,TOR,-13,1,33:09,12,22,0.545,2,2,1,2,4,0.5,1,4,5,4,3,0,1,1,28,22.9,-13,46.8
Ish Smith,37,36,2016-01-10,27,PHI,H,CLE,-10,1,38:11,7,21,0.333,1,1,1,3,3,1,1,6,7,10,1,0,5,0,18,11.6,-4,43.3
Ish Smith,38,37,2016-01-14,27,PHI,H,CHI,-4,1,35:50,10,25,0.4,2,5,0.4,2,2,1,2,2,4,8,2,0,2,3,24,16.9,-24,45
Ish Smith,39,38,2016-01-16,27,PHI,H,POR,25,1,25:17,6,9,0.667,0,0,NA,4,6,0.667,1,1,2,5,1,0,0,3,16,15.6,16,28
Ish Smith,40,39,2016-01-18,27,PHI,A,NYK,-6,1,43:51,8,28,0.286,0,6,0,0,2,0,0,7,7,16,2,0,4,0,16,10.1,-2,52.3
Ish Smith,41,40,2016-01-20,27,PHI,A,ORL,9,1,30:26,6,11,0.545,0,0,NA,1,1,1,0,2,2,11,0,0,3,5,13,11,7,32
Ish Smith,42,41,2016-01-24,27,PHI,H,BOS,-20,1,25:31,3,12,0.25,0,0,NA,1,2,0.5,0,1,1,4,2,1,3,3,7,1,-35,18.8
Ish Smith,43,42,2016-01-26,27,PHI,H,PHO,10,1,31:43,7,17,0.412,0,2,0,6,8,0.75,1,4,5,9,0,0,1,3,20,16.1,8,39.3
Ish Smith,44,43,2016-01-27,27,PHI,A,DET,-13,1,31:18,6,18,0.333,1,2,0.5,0,0,NA,1,2,3,6,0,1,6,0,13,3,-16,25.3
Ish Smith,45,44,2016-01-30,27,PHI,H,GSW,-3,1,35:19,7,19,0.368,0,2,0,2,4,0.5,1,4,5,9,4,0,1,1,16,15.5,-4,43.3
Ish Smith,46,45,2016-02-03,27,PHI,H,ATL,-38,1,26:04,3,9,0.333,0,2,0,1,2,0.5,0,3,3,7,1,0,2,0,7,6.3,-18,22.3
Ish Smith,47,46,2016-02-05,27,PHI,A,WAS,-12,1,32:09,11,25,0.44,0,2,0,0,0,NA,0,5,5,5,3,1,2,1,22,15.2,-20,42.8
Ish Smith,49,47,2016-02-08,27,PHI,H,LAC,-6,1,33:25,7,24,0.292,1,3,0.333,1,1,1,1,8,9,5,2,0,2,4,16,7,9,38.3
Ish Smith,50,48,2016-02-10,27,PHI,H,SAC,-4,1,30:55,2,6,0.333,0,1,0,1,2,0.5,0,3,3,10,0,0,1,2,5,7.3,1,23.3
Ish Smith,51,49,2016-02-19,27,PHI,A,NOP,-7,1,31:17,5,9,0.556,0,3,0,2,4,0.5,0,3,3,7,4,0,3,2,12,12.9,0,32.8
Ish Smith,52,50,2016-02-21,27,PHI,A,DAL,-26,1,25:39,1,7,0.143,0,0,NA,1,2,0.5,0,1,1,3,0,0,3,2,3,-3.3,-14,7.3
Ish Smith,53,51,2016-02-23,27,PHI,H,ORL,-9,1,26:52,7,15,0.467,2,3,0.667,6,8,0.75,0,1,1,5,0,0,2,4,22,13.7,2,30.8
Ish Smith,54,52,2016-02-24,27,PHI,A,DET,-20,1,26:15,2,9,0.222,0,0,NA,0,2,0,2,2,4,3,4,0,1,4,4,3.2,-19,21
Ish Smith,55,53,2016-02-26,27,PHI,H,WAS,-9,1,29:46,5,15,0.333,0,2,0,0,1,0,0,7,7,8,2,0,2,2,10,8,6,33.8
Ish Smith,56,54,2016-02-28,27,PHI,A,ORL,-14,1,36:04,6,12,0.5,1,3,0.333,4,5,0.8,0,5,5,7,0,0,5,2,17,11.2,-11,31.8
Ish Smith,57,55,2016-02-29,27,PHI,A,WAS,-8,1,33:35,9,18,0.5,3,6,0.5,4,7,0.571,0,1,1,7,2,1,2,1,25,20.3,-5,43.3
Ish Smith,58,56,2016-03-02,27,PHI,H,CHO,-20,1,32:20,5,13,0.385,1,1,1,1,3,0.333,0,5,5,8,1,1,2,0,12,10.9,-8,33.8
Ish Smith,59,57,2016-03-04,27,PHI,H,MIA,-10,1,38:28,11,21,0.524,2,4,0.5,2,4,0.5,0,8,8,5,1,0,3,1,26,18.4,-3,45
Ish Smith,60,58,2016-03-06,27,PHI,A,MIA,-5,1,38:06,8,12,0.667,2,4,0.5,3,6,0.5,0,4,4,5,1,0,3,0,21,17.3,-15,35
Ish Smith,61,59,2016-03-09,27,PHI,H,HOU,-14,1,35:29,9,18,0.5,2,7,0.286,1,1,1,0,2,2,5,1,0,6,3,21,9.9,-2,31
Ish Smith,62,60,2016-03-11,27,PHI,H,BRK,6,1,31:57,4,13,0.308,1,5,0.2,1,2,0.5,1,6,7,9,0,0,0,3,10,9.7,0,32.8
Ish Smith,63,61,2016-03-12,27,PHI,H,DET,-14,1,30:37,6,14,0.429,2,4,0.5,2,2,1,0,4,4,2,0,0,3,2,16,7.4,-18,23.5
Ish Smith,64,62,2016-03-15,27,PHI,A,BRK,-17,1,30:02,6,13,0.462,2,5,0.4,4,5,0.8,1,2,3,6,0,0,2,2,18,13.6,-24,30.8
Ish Smith,65,63,2016-03-17,27,PHI,H,WAS,-5,1,39:15,9,25,0.36,2,7,0.286,0,0,NA,0,2,2,7,3,0,1,1,20,13.2,5,39.5
Ish Smith,66,64,2016-03-18,27,PHI,H,OKC,-14,1,28:32,3,9,0.333,0,2,0,0,1,0,1,3,4,7,1,0,1,1,6,6.6,-21,23
Ish Smith,67,65,2016-03-20,27,PHI,H,BOS,-15,1,34:59,5,14,0.357,0,2,0,4,5,0.8,0,3,3,8,0,0,3,2,14,8.5,-14,28.3
Ish Smith,68,66,2016-03-21,27,PHI,A,IND,-16,1,31:02,2,15,0.133,0,1,0,0,0,NA,3,6,9,4,3,0,1,2,4,2.2,-14,26.8
Ish Smith,69,67,2016-03-23,27,PHI,A,DEN,-1,1,28:12,1,9,0.111,1,1,1,2,2,1,2,5,7,8,0,1,1,1,5,6.9,-8,27.8
Ish Smith,70,68,2016-03-26,27,PHI,A,POR,-3,1,35:30,8,14,0.571,1,2,0.5,0,1,0,2,12,14,9,1,0,3,1,17,18.9,2,50.5
Ish Smith,71,69,2016-03-27,27,PHI,A,GSW,-12,1,35:57,9,14,0.643,2,4,0.5,0,0,NA,0,3,3,10,3,0,2,1,20,22.3,1,46.3
Ish Smith,72,70,2016-03-29,27,PHI,H,CHO,-15,1,40:42,6,17,0.353,3,8,0.375,0,0,NA,0,3,3,6,0,3,3,1,15,9.3,-17,33.8
Ish Smith,73,71,2016-04-01,27,PHI,A,CHO,-9,1,31:35,2,9,0.222,0,4,0,0,0,NA,0,7,7,5,0,0,4,1,4,-0.3,-17,18.3
Ish Smith,74,72,2016-04-02,27,PHI,H,IND,-13,1,35:35,5,13,0.385,1,3,0.333,1,1,1,1,1,2,6,0,0,1,2,12,8.3,7,23.5
Ish Smith,75,73,2016-04-05,27,PHI,H,NOP,14,1,29:51,3,8,0.375,0,3,0,2,2,1,1,1,2,6,0,2,3,3,8,6,-3,22
Ish Smith,76,74,2016-04-08,27,PHI,H,NYK,-7,1,38:54,5,12,0.417,3,4,0.75,7,8,0.875,0,7,7,7,1,1,2,3,20,18.7,13,43.8
Ish Smith,77,75,2016-04-10,27,PHI,H,MIL,-1,1,38:30,9,17,0.529,2,5,0.4,2,5,0.4,2,7,9,8,3,2,6,2,22,19.2,7,53.3
Ish Smith,78,76,2016-04-12,27,PHI,A,TOR,-24,1,33:36,8,11,0.727,2,3,0.667,0,0,NA,1,1,2,4,2,0,3,2,18,15.5,-9,30
Ish Smith,79,77,2016-04-13,27,PHI,A,CHI,-10,1,37:34,4,13,0.308,2,6,0.333,0,0,NA,0,5,5,8,0,1,3,5,10,5.3,-17,29.8
Tony Wroten,21,1,2015-12-05,22,PHI,H,DEN,-3,0,13:02,2,7,0.286,0,0,NA,0,0,NA,0,0,0,3,0,0,5,2,4,-3.8,6,6
Tony Wroten,22,2,2015-12-07,22,PHI,H,SAS,-51,0,13:46,0,5,0,0,1,0,2,4,0.5,0,1,1,2,0,0,1,2,2,-2.4,-22,5.8
Tony Wroten,23,3,2015-12-10,22,PHI,A,BRK,-9,1,16:54,3,5,0.6,0,1,0,3,6,0.5,1,3,4,2,1,0,2,0,9,7.5,-3,18
Tony Wroten,26,4,2015-12-14,22,PHI,A,CHI,-19,1,17:44,4,11,0.364,2,4,0.5,2,4,0.5,0,3,3,0,1,0,2,0,12,5,-11,17.8
Tony Wroten,27,5,2015-12-16,22,PHI,A,ATL,-21,0,15:52,4,10,0.4,1,4,0.25,3,5,0.6,0,2,2,0,0,0,4,1,12,2,-23,13
Tony Wroten,28,6,2015-12-18,22,PHI,H,NYK,-10,0,23:15,5,10,0.5,0,1,0,5,8,0.625,0,3,3,3,1,0,7,2,15,5,-7,21.8
Tony Wroten,29,7,2015-12-20,22,PHI,A,CLE,-22,0,14:59,2,8,0.25,0,4,0,2,2,1,0,3,3,3,0,0,3,1,6,0.8,-7,12.8
Tony Wroten,30,8,2015-12-22,22,PHI,H,MEM,-14,1,28:46,2,9,0.222,0,2,0,3,8,0.375,1,4,5,7,0,0,5,3,7,0.1,-1,21.3
T.J. McConnell,1,1,2015-10-28,23,PHI,A,BOS,-17,0,27:35,2,5,0.4,0,1,0,0,0,NA,1,0,1,4,3,1,3,4,4,3.9,-19,17.8
T.J. McConnell,2,2,2015-10-30,23,PHI,H,UTA,-28,0,26:29,1,4,0.25,0,0,NA,0,0,NA,1,1,2,4,2,0,3,1,2,2,-2,13
T.J. McConnell,3,3,2015-11-02,23,PHI,H,CLE,-7,0,23:06,3,4,0.75,0,0,NA,0,0,NA,1,6,7,12,1,0,0,1,6,15.9,12,34.8
T.J. McConnell,4,4,2015-11-04,23,PHI,A,MIL,-4,1,34:33,3,4,0.75,1,1,1,0,0,NA,1,8,9,12,0,0,1,2,7,15.1,4,36.3
T.J. McConnell,5,5,2015-11-06,23,PHI,A,CLE,-6,1,24:34,3,6,0.5,2,4,0.5,0,0,NA,0,1,1,4,1,0,3,1,8,5.7,-16,16.8
T.J. McConnell,6,6,2015-11-07,23,PHI,H,ORL,-8,1,36:29,3,9,0.333,0,1,0,0,0,NA,2,6,8,9,3,2,5,3,6,8.6,2,37
T.J. McConnell,7,7,2015-11-09,23,PHI,H,CHI,-23,1,28:58,3,8,0.375,0,2,0,0,0,NA,0,5,5,8,0,2,2,0,6,8.1,-18,27.3
T.J. McConnell,8,8,2015-11-11,23,PHI,H,TOR,-16,1,30:34,1,5,0.2,0,2,0,0,0,NA,0,4,4,13,0,0,2,3,2,6,-13,25.5
T.J. McConnell,9,9,2015-11-13,23,PHI,A,OKC,-17,1,33:34,5,8,0.625,0,1,0,0,0,NA,0,4,4,3,0,0,2,1,10,7.3,-24,18.5
T.J. McConnell,10,10,2015-11-14,23,PHI,A,SAS,-9,1,25:47,4,6,0.667,0,0,NA,0,0,NA,0,5,5,1,2,0,3,2,8,5.8,-20,18.3
T.J. McConnell,11,11,2015-11-16,23,PHI,H,DAL,-6,1,34:22,6,9,0.667,1,3,0.333,0,0,NA,1,6,7,6,2,1,4,4,13,12.9,5,35.3
T.J. McConnell,12,12,2015-11-18,23,PHI,H,IND,-27,1,20:05,7,9,0.778,2,3,0.667,0,0,NA,0,6,6,3,0,0,5,0,16,11.4,-9,26.5
T.J. McConnell,13,13,2015-11-20,23,PHI,A,CHO,-25,1,27:08,2,8,0.25,1,3,0.333,0,0,NA,1,6,7,6,1,0,1,2,5,6.1,-12,24.8
T.J. McConnell,14,14,2015-11-21,23,PHI,A,MIA,-5,1,29:35,3,6,0.5,0,1,0,0,0,NA,2,3,5,5,2,0,5,4,6,4.2,-19,21.3
T.J. McConnell,15,15,2015-11-23,23,PHI,A,MIN,-5,1,26:02,2,9,0.222,0,2,0,0,0,NA,1,2,3,8,3,0,3,4,4,3.8,-4,24.3
T.J. McConnell,16,16,2015-11-25,23,PHI,A,BOS,-4,1,20:20,3,4,0.75,0,0,NA,0,0,NA,1,2,3,1,1,1,4,1,6,3.7,-5,13.3
T.J. McConnell,17,17,2015-11-27,23,PHI,A,HOU,-2,0,25:41,3,4,0.75,0,0,NA,0,0,NA,0,5,5,6,2,0,1,3,6,9.9,10,24.8
T.J. McConnell,18,18,2015-11-29,23,PHI,A,MEM,-8,0,21:52,3,5,0.6,1,1,1,0,1,0,0,3,3,6,0,0,3,4,7,4.8,4,18.8
T.J. McConnell,19,19,2015-12-01,23,PHI,H,LAL,12,0,20:33,3,6,0.5,1,3,0.333,0,0,NA,0,5,5,6,2,0,1,0,7,10.7,-2,26.3
T.J. McConnell,20,20,2015-12-02,23,PHI,A,NYK,-12,0,26:04,4,9,0.444,0,1,0,1,2,0.5,0,3,3,2,1,0,0,0,9,7.2,-5,17.8
T.J. McConnell,21,21,2015-12-05,23,PHI,H,DEN,-3,1,29:52,4,10,0.4,1,2,0.5,1,2,0.5,0,8,8,6,3,0,2,1,10,11.4,-4,34.5
T.J. McConnell,22,22,2015-12-07,23,PHI,H,SAS,-51,1,18:00,1,6,0.167,0,2,0,0,0,NA,0,2,2,2,0,0,1,1,2,-1.2,-13,7
T.J. McConnell,23,23,2015-12-10,23,PHI,A,BRK,-9,0,24:10,6,9,0.667,3,4,0.75,2,2,1,0,1,1,1,3,0,2,1,17,14.7,3,26.3
T.J. McConnell,24,24,2015-12-11,23,PHI,H,DET,-12,0,24:56,3,8,0.375,0,1,0,0,0,NA,2,6,8,7,1,0,3,2,6,6.9,3,27
T.J. McConnell,25,25,2015-12-13,23,PHI,A,TOR,-20,1,12:25,1,5,0.2,0,1,0,0,0,NA,2,3,5,3,0,0,2,2,2,0.5,-9,11.8
T.J. McConnell,26,26,2015-12-14,23,PHI,A,CHI,-19,0,21:39,3,11,0.273,1,2,0.5,0,0,NA,1,5,6,3,1,0,1,1,7,4.4,3,21
T.J. McConnell,27,27,2015-12-16,23,PHI,A,ATL,-21,0,16:46,2,3,0.667,1,1,1,0,0,NA,1,1,2,4,1,0,3,1,5,5.1,8,14.5
T.J. McConnell,28,28,2015-12-18,23,PHI,H,NYK,-10,0,13:36,2,3,0.667,1,1,1,0,0,NA,2,3,5,3,1,0,0,0,5,9.1,12,18.3
T.J. McConnell,29,29,2015-12-20,23,PHI,A,CLE,-22,0,15:02,4,6,0.667,0,0,NA,2,2,1,1,4,5,3,1,0,3,1,10,9,3,21.3
T.J. McConnell,30,30,2015-12-22,23,PHI,H,MEM,-14,0,17:38,1,4,0.25,0,1,0,0,0,NA,0,2,2,3,0,0,3,2,2,-1.5,-9,7.5
T.J. McConnell,31,31,2015-12-23,23,PHI,A,MIL,-13,0,15:23,0,0,NA,0,0,NA,0,0,NA,1,1,2,3,1,0,2,0,0,2.1,-12,8
T.J. McConnell,32,32,2015-12-26,23,PHI,A,PHO,7,0,2:01,0,0,NA,0,0,NA,0,0,NA,0,0,0,0,0,0,0,0,0,0,-4,0
T.J. McConnell,33,33,2015-12-28,23,PHI,A,UTA,-4,0,11:45,0,3,0,0,0,NA,2,2,1,0,2,2,2,2,0,1,0,2,2.9,8,11
T.J. McConnell,34,34,2015-12-30,23,PHI,A,SAC,5,0,15:26,0,2,0,0,0,NA,0,0,NA,0,1,1,5,0,0,2,2,0,-0.4,-9,7.8
T.J. McConnell,35,35,2016-01-01,23,PHI,A,LAL,-9,0,22:33,5,6,0.833,1,2,0.5,1,2,0.5,0,4,4,7,0,1,4,1,12,11.8,-7,28
T.J. McConnell,36,36,2016-01-02,23,PHI,A,LAC,-31,0,18:33,0,3,0,0,1,0,0,0,NA,0,1,1,7,3,0,1,2,0,4.3,-5,17.3
T.J. McConnell,37,37,2016-01-04,23,PHI,H,MIN,10,0,17:40,4,8,0.5,1,5,0.2,0,0,NA,1,3,4,6,4,0,0,0,9,14.8,10,31.5
T.J. McConnell,38,38,2016-01-07,23,PHI,H,ATL,-28,0,9:16,0,1,0,0,0,NA,0,0,NA,0,1,1,2,1,0,3,0,0,-1,-20,4.8
T.J. McConnell,39,39,2016-01-09,23,PHI,H,TOR,-13,0,14:51,2,6,0.333,1,1,1,0,0,NA,0,1,1,8,2,0,0,1,5,9.1,0,22.8
T.J. McConnell,40,40,2016-01-10,23,PHI,H,CLE,-10,0,9:49,2,5,0.4,0,1,0,0,0,NA,0,1,1,1,2,0,2,0,4,2.3,-6,9.8
T.J. McConnell,41,41,2016-01-14,23,PHI,H,CHI,-4,0,17:42,4,5,0.8,0,1,0,2,3,0.667,0,3,3,3,3,0,2,0,10,11.7,18,23.3
T.J. McConnell,42,42,2016-01-16,23,PHI,H,POR,25,0,14:58,3,4,0.75,1,1,1,1,2,0.5,0,1,1,7,1,0,1,3,8,10,13,21.8
T.J. McConnell,43,43,2016-01-18,23,PHI,A,NYK,-6,0,13:59,3,7,0.429,0,2,0,0,0,NA,1,1,2,7,0,0,0,0,6,8.2,-1,19
T.J. McConnell,44,44,2016-01-20,23,PHI,A,ORL,9,0,17:33,0,5,0,0,0,NA,3,4,0.75,1,3,4,4,0,0,0,3,3,2.3,2,14
T.J. McConnell,45,45,2016-01-24,23,PHI,H,BOS,-20,0,16:25,4,7,0.571,0,1,0,0,0,NA,0,5,5,2,2,0,3,0,8,6.6,7,19.8
T.J. McConnell,46,46,2016-01-26,23,PHI,H,PHO,10,0,16:41,4,7,0.571,0,1,0,1,4,0.25,1,4,5,4,3,0,3,2,9,8.4,0,25.8
T.J. McConnell,47,47,2016-01-27,23,PHI,A,DET,-13,0,16:42,3,4,0.75,0,0,NA,0,0,NA,0,2,2,6,0,0,2,4,6,5.6,3,16.5
T.J. McConnell,48,48,2016-01-30,23,PHI,H,GSW,-3,0,20:48,3,6,0.5,0,1,0,0,0,NA,1,3,4,4,3,0,0,2,6,9.6,6,23
T.J. McConnell,49,49,2016-02-03,23,PHI,H,ATL,-38,0,16:40,1,5,0.2,0,1,0,0,0,NA,0,1,1,3,1,0,2,2,2,-0.5,-17,8.8
T.J. McConnell,50,50,2016-02-05,23,PHI,A,WAS,-12,0,17:31,4,6,0.667,1,1,1,0,0,NA,0,2,2,4,1,0,1,1,9,9.4,5,19.5
T.J. McConnell,51,51,2016-02-06,23,PHI,H,BRK,5,1,28:08,7,10,0.7,2,2,1,1,2,0.5,0,2,2,6,2,0,2,0,17,17.2,6,32.5
T.J. McConnell,52,52,2016-02-08,23,PHI,H,LAC,-6,0,19:44,2,9,0.222,0,1,0,0,0,NA,1,2,3,4,0,0,3,2,4,-1.2,-18,12.3
T.J. McConnell,53,53,2016-02-10,23,PHI,H,SAC,-4,0,17:28,2,5,0.4,0,1,0,0,0,NA,4,1,5,3,1,0,1,1,4,6.1,-7,16.3
T.J. McConnell,54,54,2016-02-19,23,PHI,A,NOP,-7,0,6:44,1,2,0.5,0,0,NA,0,0,NA,0,1,1,1,0,0,2,0,2,0,-10,3.8
T.J. McConnell,55,55,2016-02-21,23,PHI,A,DAL,-26,0,16:04,3,4,0.75,0,0,NA,0,2,0,0,1,1,6,2,0,0,3,6,8.9,-11,20.3
T.J. McConnell,56,56,2016-02-23,23,PHI,H,ORL,-9,0,16:46,4,6,0.667,0,0,NA,0,0,NA,0,0,0,4,1,0,2,3,8,6,-7,15
T.J. McConnell,58,57,2016-02-26,23,PHI,H,WAS,-9,0,18:14,5,10,0.5,0,1,0,0,0,NA,0,2,2,2,0,0,0,1,10,6.6,-15,15.5
T.J. McConnell,59,58,2016-02-28,23,PHI,A,ORL,-14,0,20:16,1,5,0.2,0,1,0,0,0,NA,0,2,2,4,1,0,0,1,2,2.9,1,12.5
T.J. McConnell,60,59,2016-02-29,23,PHI,A,WAS,-8,0,17:20,4,7,0.571,0,0,NA,0,0,NA,0,4,4,6,0,0,0,1,8,9.7,-11,22
T.J. McConnell,61,60,2016-03-02,23,PHI,H,CHO,-20,0,15:42,1,2,0.5,0,0,NA,2,2,1,1,2,3,5,0,0,1,3,4,5.6,-12,14.8
T.J. McConnell,62,61,2016-03-04,23,PHI,H,MIA,-10,0,15:47,1,4,0.25,0,0,NA,1,2,0.5,0,0,0,3,3,0,1,2,3,3.5,-10,13
T.J. McConnell,63,62,2016-03-06,23,PHI,A,MIA,-5,0,12:28,2,4,0.5,0,0,NA,0,0,NA,0,2,2,3,1,0,1,1,4,4.3,15,12.5
T.J. McConnell,64,63,2016-03-09,23,PHI,H,HOU,-14,0,12:37,2,3,0.667,0,1,0,1,1,1,1,2,3,2,0,0,2,1,5,4,-14,10.8
T.J. McConnell,65,64,2016-03-11,23,PHI,H,BRK,6,0,16:03,4,6,0.667,2,2,1,0,0,NA,1,1,2,4,0,0,1,1,10,9.8,6,19
T.J. McConnell,66,65,2016-03-12,23,PHI,H,DET,-14,0,17:23,3,6,0.5,0,1,0,0,0,NA,0,2,2,3,2,0,2,0,6,5.7,4,16
T.J. McConnell,67,66,2016-03-15,23,PHI,A,BRK,-17,0,20:22,4,7,0.571,0,1,0,0,0,NA,1,3,4,5,2,0,3,1,8,8.4,8,23
T.J. McConnell,68,67,2016-03-17,23,PHI,H,WAS,-5,0,18:20,3,10,0.3,0,2,0,0,0,NA,1,1,2,3,0,0,1,2,6,1.5,-15,12.5
T.J. McConnell,69,68,2016-03-18,23,PHI,H,OKC,-14,0,19:28,3,4,0.75,0,0,NA,2,2,1,0,1,1,5,1,0,1,2,8,9.4,7,18.3
T.J. McConnell,70,69,2016-03-20,23,PHI,H,BOS,-15,0,17:03,2,3,0.667,1,1,1,0,0,NA,0,0,0,2,1,1,1,1,5,5.4,2,12
T.J. McConnell,71,70,2016-03-21,23,PHI,A,IND,-16,0,21:15,2,5,0.4,0,1,0,0,0,NA,0,3,3,4,0,0,2,1,4,2.6,-5,12.8
T.J. McConnell,72,71,2016-03-23,23,PHI,A,DEN,-1,0,20:14,7,10,0.7,1,1,1,2,2,1,1,2,3,5,2,0,2,2,17,16.8,5,31.8
T.J. McConnell,73,72,2016-03-26,24,PHI,A,POR,-3,0,14:08,2,4,0.5,0,0,NA,0,0,NA,0,0,0,2,0,0,1,1,4,2,-3,6.5
T.J. McConnell,74,73,2016-03-27,24,PHI,A,GSW,-12,0,22:20,4,8,0.5,0,0,NA,1,2,0.5,2,2,4,2,2,0,1,3,9,7.8,-11,20.5
T.J. McConnell,75,74,2016-03-29,24,PHI,H,CHO,-15,0,20:12,1,7,0.143,0,2,0,0,0,NA,0,4,4,2,1,0,0,1,2,0.7,2,12
T.J. McConnell,76,75,2016-04-01,24,PHI,A,CHO,-9,0,20:35,1,7,0.143,1,3,0.333,0,0,NA,0,2,2,7,0,1,0,0,3,4.7,2,18.5
T.J. McConnell,77,76,2016-04-02,24,PHI,H,IND,-13,0,16:49,2,5,0.4,0,0,NA,0,0,NA,0,0,0,2,1,0,0,1,4,3.3,-14,9
T.J. McConnell,78,77,2016-04-05,24,PHI,H,NOP,14,0,18:09,3,7,0.429,1,2,0.5,0,0,NA,2,0,2,8,1,0,1,1,7,9.9,17,23.5
T.J. McConnell,79,78,2016-04-08,24,PHI,H,NYK,-7,0,15:53,1,4,0.25,0,0,NA,0,0,NA,0,0,0,3,1,0,3,0,2,-0.3,-23,7
T.J. McConnell,80,79,2016-04-10,24,PHI,H,MIL,-1,0,23:21,3,5,0.6,0,0,NA,0,0,NA,1,3,4,9,1,0,1,2,6,10.8,1,26
T.J. McConnell,81,80,2016-04-12,24,PHI,A,TOR,-24,0,21:37,1,6,0.167,1,2,0.5,0,0,NA,0,3,3,4,0,0,1,0,3,1.9,-22,12.8
T.J. McConnell,82,81,2016-04-13,24,PHI,A,CHI,-10,0,21:45,4,6,0.667,1,1,1,0,0,NA,0,3,3,9,3,0,4,1,9,12.2,-2,30.8
Sonny Weems,65,37,2016-03-12,29,PHI,H,DET,-14,0,7:48,1,5,0.2,0,1,0,0,0,NA,1,3,4,0,0,0,1,2,2,-1.3,1,6.5
Sonny Weems,66,38,2016-03-15,29,PHI,A,BRK,-17,0,8:38,0,2,0,0,1,0,0,0,NA,0,0,0,0,0,0,1,1,0,-2.8,1,-0.5
Sonny Weems,67,39,2016-03-17,29,PHI,H,WAS,-5,0,15:43,2,4,0.5,0,2,0,0,0,NA,0,1,1,0,0,0,1,0,4,1.3,-8,4.8
Sonny Weems,68,40,2016-03-18,29,PHI,H,OKC,-14,0,9:55,0,1,0,0,1,0,0,0,NA,0,2,2,0,0,0,0,3,0,-1.3,2,2.5
Sonny Weems,70,41,2016-03-21,29,PHI,A,IND,-16,0,16:20,2,2,1,0,0,NA,1,2,0.5,0,3,3,1,0,0,0,1,5,5.2,-7,10.3
Sonny Weems,71,42,2016-03-23,29,PHI,A,DEN,-1,0,13:18,2,5,0.4,2,2,1,0,0,NA,0,1,1,0,0,0,1,0,6,2.6,11,7.8
Sonny Weems,72,43,2016-03-26,29,PHI,A,POR,-3,0,6:00,0,2,0,0,2,0,0,0,NA,0,1,1,1,0,0,0,0,0,-0.4,-7,2.8
Kendall Marshall,24,1,2015-12-11,24,PHI,H,DET,-12,1,16:22,2,4,0.5,1,1,1,0,0,NA,0,1,1,6,0,0,1,0,5,6.5,-8,15.3
Kendall Marshall,25,2,2015-12-13,24,PHI,A,TOR,-20,0,20:07,1,3,0.333,0,1,0,0,0,NA,1,2,3,5,1,0,3,0,2,3.1,-1,13.8
Kendall Marshall,27,3,2015-12-16,24,PHI,A,ATL,-21,1,15:22,3,6,0.5,1,3,0.333,0,0,NA,0,0,0,4,0,0,4,0,7,2.8,-6,11.5
Kendall Marshall,28,4,2015-12-18,24,PHI,H,NYK,-10,1,15:44,1,4,0.25,0,2,0,0,0,NA,0,1,1,3,2,0,2,1,2,1.6,-13,10.8
Kendall Marshall,29,5,2015-12-20,24,PHI,A,CLE,-22,1,17:59,3,7,0.429,0,2,0,2,2,1,0,2,2,4,0,0,3,1,8,4.3,-18,15
Kendall Marshall,31,6,2015-12-23,24,PHI,A,MIL,-13,1,24:08,2,4,0.5,1,1,1,0,2,0,0,0,0,7,0,0,6,2,5,0.3,-5,13
Kendall Marshall,32,7,2015-12-26,24,PHI,A,PHO,7,0,14:34,1,7,0.143,1,4,0.25,2,2,1,0,3,3,3,0,0,1,2,5,1.7,18,13.3
Kendall Marshall,33,8,2015-12-28,24,PHI,A,UTA,-4,0,4:07,1,2,0.5,0,0,NA,0,0,NA,0,0,0,0,0,0,1,1,2,-0.4,-7,1.5
Kendall Marshall,36,9,2016-01-02,24,PHI,A,LAC,-31,0,17:12,1,7,0.143,1,5,0.2,0,0,NA,0,0,0,3,0,0,2,0,3,-1.4,-8,7
Kendall Marshall,38,10,2016-01-07,24,PHI,H,ATL,-28,0,11:24,0,3,0,0,0,NA,0,0,NA,0,0,0,2,0,0,0,0,0,-0.7,-3,3
Kendall Marshall,42,11,2016-01-16,24,PHI,H,POR,25,0,7:45,2,3,0.667,1,1,1,0,0,NA,0,2,2,0,0,0,2,0,5,2.3,-4,7
Kendall Marshall,45,12,2016-01-24,24,PHI,H,BOS,-20,0,7:44,1,3,0.333,0,1,0,0,0,NA,0,1,1,2,3,0,0,1,2,4.6,3,12.3
Kendall Marshall,49,13,2016-02-03,24,PHI,H,ATL,-38,0,7:45,0,3,0,0,2,0,0,0,NA,0,0,0,3,0,0,1,1,0,-1.4,-7,4
Kendall Marshall,51,14,2016-02-06,24,PHI,H,BRK,5,0,19:52,2,5,0.4,0,0,NA,0,0,NA,0,0,0,3,1,0,5,3,4,-1.8,-1,8
Kendall Marshall,54,15,2016-02-19,24,PHI,A,NOP,-7,0,10:49,3,3,1,2,2,1,1,2,0.5,0,0,0,3,1,0,0,2,9,10,3,16.5
Kendall Marshall,55,16,2016-02-21,24,PHI,A,DAL,-26,0,6:17,1,2,0.5,1,1,1,0,0,NA,0,1,1,2,1,0,1,2,3,2.9,-1,9.3
Kendall Marshall,56,17,2016-02-23,24,PHI,H,ORL,-9,0,4:13,0,0,NA,0,0,NA,0,0,NA,0,0,0,0,0,0,1,0,0,-1,-4,-0.5
Kendall Marshall,57,18,2016-02-24,24,PHI,A,DET,-20,0,21:45,4,8,0.5,1,3,0.333,3,4,0.75,0,1,1,4,0,0,2,2,12,7.9,-1,18.8
Kendall Marshall,66,19,2016-03-12,24,PHI,H,DET,-14,0,14:13,3,5,0.6,1,3,0.333,0,0,NA,0,1,1,3,0,0,0,1,7,6.7,5,13.3
Kendall Marshall,67,20,2016-03-15,24,PHI,A,BRK,-17,0,19:19,2,3,0.667,0,0,NA,0,0,NA,0,1,1,2,0,1,2,3,4,1.9,-9,9.3
Kendall Marshall,68,21,2016-03-17,24,PHI,H,WAS,-5,0,9:22,1,4,0.25,0,1,0,1,1,1,0,1,1,1,4,0,1,2,3,3.8,10,13.3
Kendall Marshall,70,22,2016-03-20,24,PHI,H,BOS,-15,0,10:37,1,3,0.333,0,1,0,0,0,NA,0,0,0,1,0,0,0,0,2,1,-5,3.5
Kendall Marshall,73,23,2016-03-26,24,PHI,A,POR,-3,0,9:16,0,2,0,0,2,0,0,0,NA,0,0,0,2,0,0,1,0,0,-1,4,2.5
Kendall Marshall,74,24,2016-03-27,24,PHI,A,GSW,-12,0,9:04,0,3,0,0,1,0,0,0,NA,0,0,0,0,0,0,1,0,0,-3.1,-12,-0.5
Kendall Marshall,75,25,2016-03-29,24,PHI,H,CHO,-15,0,11:51,1,2,0.5,0,1,0,0,0,NA,0,2,2,2,1,1,1,1,2,3.3,2,11
Kendall Marshall,76,26,2016-04-01,24,PHI,A,CHO,-9,0,8:05,0,2,0,0,1,0,0,0,NA,0,1,1,0,0,0,0,0,0,-1.1,2,1.3
Kendall Marshall,77,27,2016-04-02,24,PHI,H,IND,-13,0,5:46,1,4,0.25,1,1,1,0,0,NA,0,0,0,0,0,0,0,1,3,0.2,-14,3.5
Kendall Marshall,79,28,2016-04-08,24,PHI,H,NYK,-7,0,7:52,1,3,0.333,0,2,0,0,0,NA,0,0,0,0,1,0,0,2,2,0.5,-18,4
Kendall Marshall,81,29,2016-04-12,24,PHI,A,TOR,-24,0,14:24,1,5,0.2,1,3,0.333,0,0,NA,0,4,4,3,0,0,1,0,3,2.2,-15,12.5
Kendall Marshall,82,30,2016-04-13,24,PHI,A,CHI,-10,1,36:41,4,8,0.5,3,4,0.75,0,0,NA,1,2,3,5,1,0,1,2,11,11,-1,25.3
Phil Pressey,1,1,2015-11-04,24,PHI,A,MIL,-4,0,2:32,0,0,NA,0,0,NA,0,0,NA,0,1,1,1,0,0,0,0,0,1,6,NA
Phil Pressey,2,2,2015-11-06,24,PHI,A,CLE,-6,0,7:31,1,4,0.25,1,2,0.5,0,0,NA,0,1,1,1,1,0,2,0,3,0.6,6,7.3
Phil Pressey,3,3,2015-11-07,24,PHI,H,ORL,-8,0,10:40,1,3,0.333,0,2,0,1,3,0.333,0,3,3,3,0,0,1,1,3,2.1,-7,10.8
Phil Pressey,4,4,2015-11-09,24,PHI,H,CHI,-23,0,13:08,4,6,0.667,2,2,1,1,2,0.5,0,0,0,5,0,0,3,1,11,8.1,4,18
Phil Pressey,5,5,2015-11-11,24,PHI,H,TOR,-16,0,16:34,1,3,0.333,0,2,0,3,4,0.75,0,2,2,7,1,0,1,2,5,7.6,4,19.5
Phil Pressey,6,6,2015-11-13,24,PHI,A,OKC,-17,0,9:33,0,3,0,0,1,0,0,0,NA,0,0,0,1,1,0,1,0,0,-1.4,0,3
Phil Pressey,7,7,2015-11-14,24,PHI,A,SAS,-9,0,15:36,4,7,0.571,0,0,NA,0,0,NA,0,3,3,6,1,0,0,1,8,10.4,11,22.8
Phil Pressey,9,8,2015-11-18,24,PHI,H,IND,-27,0,18:38,4,6,0.667,1,1,1,0,0,NA,0,3,3,5,1,0,3,2,9,8,-8,21.3
Phil Pressey,10,9,2015-11-20,24,PHI,A,CHO,-25,0,9:33,0,1,0,0,0,NA,0,0,NA,0,0,0,2,0,0,0,0,0,0.7,-15,3
Phil Pressey,13,10,2015-11-25,24,PHI,A,BOS,-4,0,17:58,3,8,0.375,0,1,0,0,0,NA,0,3,3,4,2,0,2,1,6,4.9,3,18.8
Phil Pressey,14,11,2015-11-27,24,PHI,A,HOU,-2,0,16:25,2,6,0.333,0,0,NA,0,1,0,0,0,0,5,2,1,1,0,4,5.4,-5,17
Phil Pressey,15,12,2015-11-29,24,PHI,A,MEM,-8,0,15:40,0,4,0,0,2,0,3,4,0.75,0,2,2,3,1,0,3,2,3,-0.3,-3,10.5
Phil Pressey,16,13,2015-12-01,24,PHI,H,LAL,12,0,5:51,0,0,NA,0,0,NA,1,2,0.5,0,0,0,2,0,0,0,2,1,1.2,0,4
Phil Pressey,17,14,2015-12-02,24,PHI,A,NYK,-12,0,10:22,1,4,0.25,0,0,NA,0,2,0,0,5,5,1,1,0,2,2,2,-0.8,-1,10.8
Hollis Thompson,1,1,2015-10-28,24,PHI,A,BOS,-17,1,36:04,3,14,0.214,3,9,0.333,0,0,NA,1,2,3,3,0,0,2,6,9,-0.6,-15,17.8
Hollis Thompson,2,2,2015-10-30,24,PHI,H,UTA,-28,1,31:32,3,7,0.429,2,3,0.667,2,2,1,1,3,4,1,0,0,1,4,10,6,-25,17
Hollis Thompson,3,3,2015-11-02,24,PHI,H,CLE,-7,0,31:02,3,7,0.429,1,4,0.25,5,6,0.833,1,5,6,4,1,0,1,1,12,12.5,16,27.5
Hollis Thompson,4,4,2015-11-04,24,PHI,A,MIL,-4,0,27:46,3,7,0.429,1,4,0.25,0,0,NA,1,3,4,1,1,1,5,2,7,1.5,-22,15.5
Hollis Thompson,5,5,2015-11-06,24,PHI,A,CLE,-6,0,25:57,3,6,0.5,2,4,0.5,0,0,NA,1,7,8,3,0,0,0,2,8,9.1,9,23.5
Hollis Thompson,6,6,2015-11-07,24,PHI,H,ORL,-8,0,28:25,2,6,0.333,1,4,0.25,1,3,0.333,0,2,2,2,0,0,1,1,6,2.4,-4,11.5
Hollis Thompson,7,7,2015-11-09,24,PHI,H,CHI,-23,0,20:43,2,8,0.25,1,4,0.25,0,0,NA,1,2,3,0,0,0,1,2,5,-0.3,1,8.8
Hollis Thompson,8,8,2015-11-11,24,PHI,H,TOR,-16,0,26:39,6,8,0.75,5,6,0.833,2,2,1,1,3,4,1,0,0,1,5,19,15.1,8,27.5
Hollis Thompson,9,9,2015-11-13,24,PHI,A,OKC,-17,0,21:34,2,6,0.333,2,4,0.5,2,2,1,0,1,1,1,2,0,3,2,8,3.8,-8,14.3
Hollis Thompson,10,10,2015-11-14,24,PHI,A,SAS,-9,0,29:40,3,8,0.375,2,6,0.333,0,0,NA,1,2,3,1,0,0,2,0,8,3.6,4,13.3
Hollis Thompson,11,11,2015-11-16,24,PHI,H,DAL,-6,0,28:50,4,6,0.667,3,4,0.75,1,1,1,0,3,3,2,1,0,2,3,12,9.5,6,21.3
Hollis Thompson,12,12,2015-11-18,24,PHI,H,IND,-27,0,26:54,1,9,0.111,0,6,0,1,2,0.5,2,7,9,2,3,0,3,5,3,-0.4,-20,21.8
Hollis Thompson,13,13,2015-11-20,24,PHI,A,CHO,-25,0,28:32,3,9,0.333,3,6,0.5,0,0,NA,1,3,4,0,1,2,3,1,9,4.5,-22,20
Hollis Thompson,14,14,2015-11-21,24,PHI,A,MIA,-5,0,20:57,0,4,0,0,3,0,0,0,NA,1,3,4,1,0,1,1,5,0,-2.8,17,8
Hollis Thompson,15,15,2015-11-23,24,PHI,A,MIN,-5,0,32:46,6,10,0.6,3,7,0.429,0,1,0,1,4,5,1,1,0,0,2,15,12.8,1,26.3
Hollis Thompson,16,16,2015-11-25,24,PHI,A,BOS,-4,0,32:56,6,11,0.545,3,7,0.429,0,1,0,0,2,2,0,0,1,0,2,15,9.8,4,21
Hollis Thompson,17,17,2015-11-27,24,PHI,A,HOU,-2,0,26:14,3,8,0.375,2,5,0.4,2,3,0.667,0,4,4,0,2,0,0,5,10,6.4,7,20
Hollis Thompson,18,18,2015-11-29,24,PHI,A,MEM,-8,0,27:42,5,11,0.455,2,7,0.286,0,0,NA,1,4,5,3,2,1,0,3,12,11.8,-6,29.8
Hollis Thompson,19,19,2015-12-01,24,PHI,H,LAL,12,0,28:38,3,10,0.3,2,6,0.333,4,4,1,2,3,5,1,0,1,3,3,12,5.7,1,21.3
Hollis Thompson,20,20,2015-12-02,24,PHI,A,NYK,-12,0,26:40,5,12,0.417,3,5,0.6,0,0,NA,0,4,4,0,0,1,1,4,13,5.9,-14,21
Hollis Thompson,21,21,2015-12-05,24,PHI,H,DEN,-3,0,23:13,1,4,0.25,0,2,0,0,0,NA,0,2,2,6,0,1,1,5,2,2.1,-4,15
Hollis Thompson,22,22,2015-12-07,24,PHI,H,SAS,-51,0,19:00,1,6,0.167,1,4,0.25,0,0,NA,0,1,1,0,0,0,0,1,3,-0.9,-24,4.8
Hollis Thompson,23,23,2015-12-10,24,PHI,A,BRK,-9,0,25:05,0,5,0,0,3,0,2,2,1,0,2,2,2,1,0,0,1,2,1.1,-7,9.5
Hollis Thompson,24,24,2015-12-11,24,PHI,H,DET,-12,0,28:07,2,5,0.4,0,0,NA,1,1,1,1,2,3,0,0,0,1,0,5,2.6,-4,8.3
Hollis Thompson,25,25,2015-12-13,24,PHI,A,TOR,-20,0,15:17,1,4,0.25,0,1,0,0,0,NA,1,2,3,0,0,1,3,0,2,-1.4,-11,6.3
Hollis Thompson,26,26,2015-12-14,24,PHI,A,CHI,-19,0,26:40,2,5,0.4,1,2,0.5,0,0,NA,0,1,1,4,0,0,0,3,5,4.2,-1,12.8
Hollis Thompson,27,27,2015-12-16,24,PHI,A,ATL,-21,0,14:23,2,6,0.333,1,4,0.25,1,2,0.5,0,2,2,1,0,0,1,1,6,2.1,-13,10
Hollis Thompson,28,28,2015-12-18,24,PHI,H,NYK,-10,0,21:11,3,7,0.429,2,5,0.4,2,4,0.5,1,6,7,0,0,0,1,4,10,5.4,-9,19.3
Hollis Thompson,29,29,2015-12-20,24,PHI,A,CLE,-22,0,21:56,2,6,0.333,2,3,0.667,0,0,NA,1,1,2,0,0,0,2,2,6,0.8,-17,8.5
Hollis Thompson,30,30,2015-12-22,24,PHI,H,MEM,-14,0,27:32,6,9,0.667,4,6,0.667,0,0,NA,0,1,1,0,0,0,2,2,16,9.6,-14,18.3
Hollis Thompson,31,31,2015-12-23,24,PHI,A,MIL,-13,0,31:42,7,16,0.438,2,7,0.286,0,0,NA,2,3,5,1,0,0,1,3,16,8.4,-9,24.3
Hollis Thompson,32,32,2015-12-26,24,PHI,A,PHO,7,0,35:14,3,6,0.5,3,6,0.5,0,1,0,0,4,4,3,1,1,1,4,9,8,-6,23.5
Hollis Thompson,33,33,2015-12-28,24,PHI,A,UTA,-4,0,33:19,1,6,0.167,1,4,0.25,1,1,1,1,3,4,1,1,0,1,6,4,0.1,-9,12.5
Hollis Thompson,34,34,2015-12-30,24,PHI,A,SAC,5,0,12:33,5,10,0.5,1,4,0.25,1,1,1,0,2,2,0,0,0,0,1,12,7.2,-2,15
Hollis Thompson,37,35,2016-01-04,24,PHI,H,MIN,10,0,20:47,4,9,0.444,1,5,0.2,0,1,0,1,1,2,1,0,1,0,2,9,5.5,5,15.5
Hollis Thompson,38,36,2016-01-07,24,PHI,H,ATL,-28,0,21:52,4,7,0.571,1,3,0.333,0,0,NA,0,0,0,1,0,0,2,0,9,4.4,-4,10
Hollis Thompson,39,37,2016-01-09,24,PHI,H,TOR,-13,0,30:41,3,9,0.333,2,4,0.5,0,0,NA,0,2,2,1,0,0,0,4,8,2.6,-22,13
Hollis Thompson,40,38,2016-01-10,24,PHI,H,CLE,-10,0,25:43,3,4,0.75,2,3,0.667,0,0,NA,0,3,3,0,0,1,1,1,8,6.6,-10,14.3
Hollis Thompson,41,39,2016-01-14,24,PHI,H,CHI,-4,0,33:32,3,8,0.375,1,5,0.2,0,0,NA,0,2,2,1,1,0,1,4,7,2.3,7,13
Hollis Thompson,42,40,2016-01-16,24,PHI,H,POR,25,0,23:06,1,5,0.2,1,3,0.333,0,0,NA,0,4,4,1,0,0,1,2,3,0,13,9.5
Hollis Thompson,43,41,2016-01-18,24,PHI,A,NYK,-6,0,40:54,4,9,0.444,3,6,0.5,0,3,0,1,3,4,0,0,0,1,4,11,4.1,3,17
Hollis Thompson,44,42,2016-01-20,24,PHI,A,ORL,9,0,30:12,7,10,0.7,3,5,0.6,0,0,NA,0,3,3,0,0,0,1,2,17,11.9,14,21.8
Hollis Thompson,45,43,2016-01-24,24,PHI,H,BOS,-20,0,23:36,2,6,0.333,1,1,1,0,0,NA,0,2,2,0,0,1,1,0,5,1.9,-1,9.5
Hollis Thompson,46,44,2016-01-26,24,PHI,H,PHO,10,0,33:15,4,9,0.444,3,5,0.6,2,3,0.667,1,3,4,0,0,0,0,1,13,9.1,4,19.5
Hollis Thompson,47,45,2016-01-27,24,PHI,A,DET,-13,0,33:30,5,9,0.556,2,3,0.667,0,0,NA,2,3,5,0,1,0,2,3,12,7.8,-10,20.3
Hollis Thompson,48,46,2016-01-30,24,PHI,H,GSW,-3,0,24:45,5,11,0.455,1,3,0.333,0,0,NA,1,1,2,2,1,1,0,0,11,9.4,3,21
Hollis Thompson,49,47,2016-02-03,24,PHI,H,ATL,-38,0,20:00,2,7,0.286,1,4,0.25,2,2,1,0,2,2,0,0,0,3,1,7,0.1,-17,8.5
Hollis Thompson,50,48,2016-02-05,24,PHI,A,WAS,-12,0,29:23,3,8,0.375,0,5,0,1,1,1,0,2,2,1,0,0,0,0,7,3.9,4,11
Hollis Thompson,51,49,2016-02-06,24,PHI,H,BRK,5,0,29:29,4,9,0.444,3,7,0.429,3,5,0.6,0,1,1,0,0,1,0,2,14,8.7,-3,18.8
Hollis Thompson,52,50,2016-02-08,24,PHI,H,LAC,-6,0,34:54,5,9,0.556,4,6,0.667,2,2,1,0,1,1,1,0,0,3,1,16,9.3,-10,19.3
Hollis Thompson,53,51,2016-02-10,24,PHI,H,SAC,-4,0,23:02,3,11,0.273,1,7,0.143,0,0,NA,3,5,8,0,0,0,0,0,7,4.1,-10,17.5
Hollis Thompson,54,52,2016-02-19,24,PHI,A,NOP,-7,0,27:26,1,5,0.2,0,1,0,0,0,NA,0,4,4,0,1,0,1,3,2,-1.1,-9,8.5
Hollis Thompson,55,53,2016-02-21,24,PHI,A,DAL,-26,0,22:09,2,7,0.286,2,6,0.333,2,3,0.667,0,4,4,0,1,0,0,4,8,4.1,-13,16
Hollis Thompson,56,54,2016-02-23,24,PHI,H,ORL,-9,0,28:57,4,9,0.444,3,6,0.5,3,3,1,0,3,3,2,1,0,0,3,14,11.4,-7,24.3
Hollis Thompson,57,55,2016-02-24,24,PHI,A,DET,-20,0,32:20,7,11,0.636,3,4,0.75,2,3,0.667,2,2,4,0,1,0,1,4,19,14.1,-4,27
Hollis Thompson,58,56,2016-02-26,24,PHI,H,WAS,-9,0,23:07,1,7,0.143,1,5,0.2,0,0,NA,0,0,0,1,0,0,1,1,3,-2.2,-7,4.5
Hollis Thompson,61,57,2016-03-02,24,PHI,H,CHO,-20,0,21:24,3,8,0.375,2,6,0.333,2,5,0.4,0,2,2,1,0,0,0,1,10,5.3,-21,15
Hollis Thompson,62,58,2016-03-04,24,PHI,H,MIA,-10,1,31:27,5,17,0.294,2,8,0.25,2,2,1,1,5,6,2,2,1,0,5,14,8.4,-4,31.5
Hollis Thompson,63,59,2016-03-06,24,PHI,A,MIA,-5,1,37:11,5,13,0.385,4,9,0.444,2,2,1,1,3,4,0,0,0,2,1,16,8.1,10,22
Hollis Thompson,64,60,2016-03-09,24,PHI,H,HOU,-14,1,33:55,4,7,0.571,2,4,0.5,0,0,NA,0,7,7,2,0,0,0,2,10,9.4,-5,22.8
Hollis Thompson,65,61,2016-03-11,24,PHI,H,BRK,6,1,32:40,5,11,0.455,1,4,0.25,0,0,NA,2,5,7,4,1,0,1,3,11,9.8,18,27.8
Hollis Thompson,66,62,2016-03-12,24,PHI,H,DET,-14,1,34:30,1,7,0.143,1,4,0.25,0,0,NA,1,6,7,3,0,0,0,2,3,2.3,-4,16.8
Hollis Thompson,67,63,2016-03-15,24,PHI,A,BRK,-17,1,32:01,5,11,0.455,2,6,0.333,2,2,1,0,3,3,2,0,0,1,1,14,9.2,-16,21.3
Hollis Thompson,68,64,2016-03-17,24,PHI,H,WAS,-5,1,35:04,5,15,0.333,3,11,0.273,2,2,1,1,4,5,0,0,0,0,4,15,6.8,-11,22.8
Hollis Thompson,69,65,2016-03-18,24,PHI,H,OKC,-14,1,28:54,5,12,0.417,2,8,0.25,4,5,0.8,1,3,4,3,2,0,0,3,16,13.7,-17,30.5
Hollis Thompson,70,66,2016-03-20,24,PHI,H,BOS,-15,1,32:20,7,11,0.636,3,4,0.75,1,1,1,0,1,1,2,0,1,1,2,18,13.7,-12,25.3
Hollis Thompson,71,67,2016-03-21,24,PHI,A,IND,-16,1,32:43,6,13,0.462,1,5,0.2,2,2,1,1,5,6,2,1,0,1,2,15,11.1,-4,27.5
Hollis Thompson,72,68,2016-03-23,24,PHI,A,DEN,-1,1,32:51,5,12,0.417,4,7,0.571,0,0,NA,2,1,3,1,0,1,0,4,14,9.1,-13,23.3
Hollis Thompson,73,69,2016-03-26,24,PHI,A,POR,-3,1,34:36,6,13,0.462,5,11,0.455,0,0,NA,1,6,7,2,1,1,1,3,17,13.7,4,34.8
Hollis Thompson,74,70,2016-03-27,24,PHI,A,GSW,-12,1,32:30,2,10,0.2,0,4,0,0,0,NA,2,2,4,4,1,1,1,2,4,2.5,-11,18.5
Hollis Thompson,75,71,2016-03-29,24,PHI,H,CHO,-15,1,29:21,2,11,0.182,2,6,0.333,2,2,1,3,7,10,3,1,1,2,3,8,5.9,-9,29
Hollis Thompson,76,72,2016-04-01,24,PHI,A,CHO,-9,1,29:43,6,12,0.5,5,9,0.556,0,0,NA,0,2,2,1,1,0,1,4,17,10.7,-8,25
Hollis Thompson,78,73,2016-04-05,25,PHI,H,NOP,14,0,21:49,4,7,0.571,3,4,0.75,2,2,1,0,2,2,4,0,1,0,1,13,13.4,23,25
Hollis Thompson,79,74,2016-04-08,25,PHI,H,NYK,-7,0,27:08,1,11,0.091,0,6,0,0,0,NA,0,1,1,2,0,0,0,1,2,-4,-18,6.3
Hollis Thompson,80,75,2016-04-10,25,PHI,H,MIL,-1,0,24:19,3,14,0.214,3,10,0.3,1,1,1,4,0,4,1,0,0,0,5,10,2.9,5,18
Hollis Thompson,81,76,2016-04-12,25,PHI,A,TOR,-24,0,30:43,3,11,0.273,3,8,0.375,0,2,0,0,1,1,2,1,0,1,1,9,3,-17,16.3
Hollis Thompson,82,77,2016-04-13,25,PHI,A,CHI,-10,0,31:19,8,13,0.615,3,6,0.5,2,3,0.667,0,2,2,1,1,1,1,4,21,15.1,6,30
Robert Covington,3,1,2015-11-02,24,PHI,H,CLE,-7,1,22:27,1,9,0.111,0,5,0,2,2,1,0,2,2,0,2,1,2,3,4,-1.8,-25,11.5
Robert Covington,11,2,2015-11-16,24,PHI,H,DAL,-6,0,20:14,2,8,0.25,0,4,0,3,4,0.75,2,3,5,2,1,0,4,4,7,0.9,9,16.3
Robert Covington,12,3,2015-11-18,24,PHI,H,IND,-27,0,22:55,4,13,0.308,0,5,0,0,0,NA,0,5,5,1,2,1,4,2,8,0.6,-19,19.8
Robert Covington,13,4,2015-11-20,24,PHI,A,CHO,-25,1,23:13,1,7,0.143,0,4,0,7,7,1,0,3,3,3,1,1,4,5,9,3.2,-10,19.3
Robert Covington,14,5,2015-11-21,24,PHI,A,MIA,-5,0,32:00,6,11,0.545,3,6,0.5,6,7,0.857,0,6,6,0,2,1,1,5,21,16.8,9,35.5
Robert Covington,15,6,2015-11-23,24,PHI,A,MIN,-5,0,35:28,6,14,0.429,3,9,0.333,3,4,0.75,1,5,6,1,3,0,4,3,18,10.9,5,32.5
Robert Covington,16,7,2015-11-25,24,PHI,A,BOS,-4,1,35:27,4,16,0.25,2,8,0.25,1,3,0.333,3,11,14,0,6,2,4,5,11,7.4,-4,45
Robert Covington,17,8,2015-11-27,24,PHI,A,HOU,-2,1,37:48,7,12,0.583,6,9,0.667,8,9,0.889,1,6,7,5,8,1,4,4,28,31.1,1,63.3
Robert Covington,18,9,2015-11-29,24,PHI,A,MEM,-8,1,37:25,5,9,0.556,2,4,0.5,0,0,NA,1,6,7,4,7,1,8,5,12,10.7,-7,39.8
Robert Covington,19,10,2015-12-01,24,PHI,H,LAL,12,1,34:28,8,16,0.5,5,11,0.455,2,4,0.5,1,4,5,4,0,2,3,3,23,16.1,18,40.3
Robert Covington,20,11,2015-12-02,24,PHI,A,NYK,-12,1,27:21,3,8,0.375,2,7,0.286,2,2,1,0,4,4,3,1,0,3,4,10,5.3,-12,21
Robert Covington,21,12,2015-12-05,24,PHI,H,DEN,-3,1,30:02,6,13,0.462,5,12,0.417,1,2,0.5,1,9,10,2,2,1,3,5,18,13.4,-4,42
Robert Covington,22,13,2015-12-07,24,PHI,H,SAS,-51,1,30:51,5,8,0.625,2,5,0.4,1,2,0.5,1,5,6,2,0,0,2,3,13,9.4,-22,23.5
Robert Covington,23,14,2015-12-10,24,PHI,A,BRK,-9,1,26:52,3,10,0.3,0,6,0,0,0,NA,0,2,2,0,2,1,0,6,6,1.1,-3,14.5
Robert Covington,24,15,2015-12-11,24,PHI,H,DET,-12,1,33:44,5,16,0.313,3,9,0.333,5,5,1,4,5,9,2,2,0,3,3,18,12.3,-4,36.3
Robert Covington,25,16,2015-12-13,24,PHI,A,TOR,-20,1,31:52,5,14,0.357,5,12,0.417,0,0,NA,0,9,9,0,0,3,2,5,15,8,-2,33.8
Robert Covington,26,17,2015-12-14,25,PHI,A,CHI,-19,1,26:20,6,16,0.375,3,11,0.273,0,0,NA,2,4,6,1,0,2,2,0,15,8.9,-26,28.5
Robert Covington,27,18,2015-12-16,25,PHI,A,ATL,-21,1,27:24,4,8,0.5,1,2,0.5,1,1,1,1,3,4,4,2,0,1,3,10,10.2,-25,25
Robert Covington,28,19,2015-12-18,25,PHI,H,NYK,-10,1,15:42,1,5,0.2,1,4,0.25,0,0,NA,0,4,4,1,0,0,1,4,3,-0.8,-8,9.5
Robert Covington,29,20,2015-12-20,25,PHI,A,CLE,-22,1,20:30,2,9,0.222,1,6,0.167,0,0,NA,1,2,3,0,1,0,1,3,5,-0.4,-12,10.8
Robert Covington,30,21,2015-12-22,25,PHI,H,MEM,-14,1,22:59,3,9,0.333,0,4,0,2,2,1,3,5,8,3,2,0,6,3,8,3.4,-11,23.5
Robert Covington,31,22,2015-12-23,25,PHI,A,MIL,-13,1,24:48,3,8,0.375,2,5,0.4,1,2,0.5,1,4,5,2,3,0,2,3,9,7.3,-8,24.3
Robert Covington,32,23,2015-12-26,25,PHI,A,PHO,7,1,12:54,0,7,0,0,3,0,0,0,NA,1,3,4,1,1,0,2,0,0,-3.6,-2,7.5
Robert Covington,33,24,2015-12-28,25,PHI,A,UTA,-4,0,26:12,3,9,0.333,1,5,0.2,1,1,1,1,4,5,0,0,0,2,3,8,1.6,16,13.8
Robert Covington,34,25,2015-12-30,25,PHI,A,SAC,5,0,25:28,2,4,0.5,2,3,0.667,3,5,0.6,0,5,5,1,0,0,0,4,9,6.8,-9,17.8
Robert Covington,35,26,2016-01-01,25,PHI,A,LAL,-9,0,22:29,3,6,0.5,2,4,0.5,2,2,1,0,6,6,1,2,1,0,3,10,11,-1,26
Robert Covington,36,27,2016-01-02,25,PHI,A,LAC,-31,0,17:10,1,3,0.333,0,1,0,0,0,NA,0,5,5,1,0,1,1,2,2,1.4,1,11.3
Robert Covington,37,28,2016-01-04,25,PHI,H,MIN,10,0,6:30,0,1,0,0,1,0,0,1,0,0,1,1,1,0,0,1,1,0,-1.5,0,2.3
Robert Covington,38,29,2016-01-07,25,PHI,H,ATL,-28,0,13:18,3,9,0.333,2,5,0.4,0,0,NA,0,3,3,0,0,0,0,3,8,2.6,-13,12.8
Robert Covington,39,30,2016-01-09,25,PHI,H,TOR,-13,0,9:06,2,5,0.4,2,3,0.667,0,0,NA,0,0,0,0,0,0,0,0,6,3.3,-6,7
Robert Covington,40,31,2016-01-10,25,PHI,H,CLE,-10,0,32:16,3,7,0.429,1,5,0.2,0,0,NA,0,8,8,4,0,1,4,4,7,3.6,1,23.5
Robert Covington,41,32,2016-01-14,25,PHI,H,CHI,-4,0,29:38,8,16,0.5,6,10,0.6,3,4,0.75,4,2,6,1,2,0,0,6,25,20.3,-10,41
Robert Covington,42,33,2016-01-16,25,PHI,H,POR,25,0,25:37,5,12,0.417,4,10,0.4,2,2,1,0,4,4,3,1,0,2,4,16,10.3,17,28.5
Robert Covington,43,34,2016-01-18,25,PHI,A,NYK,-6,1,45:40,3,9,0.333,3,7,0.429,2,3,0.667,0,5,5,1,1,2,3,4,11,5.5,-8,24.8
Robert Covington,44,35,2016-01-20,25,PHI,A,ORL,9,1,30:16,2,8,0.25,2,7,0.286,2,2,1,0,11,11,1,3,0,4,3,8,5,-2,28.3
Robert Covington,45,36,2016-01-24,25,PHI,H,BOS,-20,1,34:28,6,15,0.4,6,13,0.462,7,9,0.778,1,7,8,1,1,0,4,4,25,15,-13,39.5
Robert Covington,46,37,2016-01-26,25,PHI,H,PHO,10,1,31:37,7,15,0.467,5,12,0.417,0,0,NA,1,4,5,1,0,0,2,4,19,10.3,10,28.3
Robert Covington,47,38,2016-01-27,25,PHI,A,DET,-13,1,35:31,2,6,0.333,1,3,0.333,3,3,1,1,7,8,1,1,2,1,4,8,7.9,-18,25.5
Robert Covington,48,39,2016-01-30,25,PHI,H,GSW,-3,1,35:50,5,11,0.455,2,7,0.286,0,0,NA,1,12,13,1,2,1,0,2,12,13.2,8,38.3
Robert Covington,49,40,2016-02-03,25,PHI,H,ATL,-38,1,21:23,3,9,0.333,0,4,0,0,1,0,1,5,6,0,1,1,4,1,6,0,-15,15.5
Robert Covington,50,41,2016-02-05,25,PHI,A,WAS,-12,1,18:33,0,5,0,0,4,0,0,0,NA,1,3,4,0,0,1,1,1,0,-2.6,-19,6.5
Robert Covington,51,42,2016-02-06,25,PHI,H,BRK,5,1,26:10,2,8,0.25,2,6,0.333,3,4,0.75,2,6,8,1,2,0,0,5,9,7.7,9,25.5
Robert Covington,52,43,2016-02-08,25,PHI,H,LAC,-6,1,34:02,3,9,0.333,0,6,0,5,5,1,1,6,7,1,0,0,3,4,11,4.5,1,19.8
Robert Covington,53,44,2016-02-10,25,PHI,H,SAC,-4,1,32:04,9,16,0.563,7,11,0.636,4,6,0.667,2,3,5,1,6,0,7,5,29,20.6,-5,48.8
Robert Covington,54,45,2016-02-19,25,PHI,A,NOP,-7,1,24:50,4,9,0.444,3,7,0.429,4,4,1,0,4,4,1,1,0,2,3,15,10,12,24
Robert Covington,55,46,2016-02-21,25,PHI,A,DAL,-26,1,25:03,5,9,0.556,4,7,0.571,0,0,NA,0,5,5,0,1,0,0,3,14,11,-10,24.3
Robert Covington,56,47,2016-02-23,25,PHI,H,ORL,-9,1,27:26,4,8,0.5,2,5,0.4,2,2,1,1,3,4,1,1,0,2,4,12,7.7,3,20.5
Robert Covington,57,48,2016-02-24,25,PHI,A,DET,-20,1,20:33,2,9,0.222,2,9,0.222,2,2,1,0,3,3,0,0,0,3,1,8,0,-16,11.3
Robert Covington,58,49,2016-02-26,25,PHI,H,WAS,-9,1,32:48,4,9,0.444,3,7,0.429,1,2,0.5,3,9,12,0,3,3,2,5,12,12.8,3,41
Robert Covington,59,50,2016-02-28,25,PHI,A,ORL,-14,1,30:10,3,8,0.375,1,5,0.2,7,8,0.875,0,5,5,1,1,0,2,4,14,8.8,-4,23.3
Robert Covington,60,51,2016-02-29,25,PHI,A,WAS,-8,1,31:52,3,9,0.333,1,7,0.143,2,2,1,0,5,5,1,2,0,2,6,9,3.7,-17,20.3
Robert Covington,61,52,2016-03-02,25,PHI,H,CHO,-20,1,31:58,6,13,0.462,4,8,0.5,1,2,0.5,2,7,9,3,1,2,4,5,17,11.9,-13,38.8
Robert Covington,62,53,2016-03-04,25,PHI,H,MIA,-10,1,40:36,8,18,0.444,4,11,0.364,5,6,0.833,2,3,5,3,2,1,2,3,25,19.1,-10,42.8
Robert Covington,63,54,2016-03-06,25,PHI,A,MIA,-5,1,34:29,3,10,0.3,1,4,0.25,2,3,0.667,2,7,9,4,1,2,2,6,9,7.1,-23,31.8
Robert Covington,64,55,2016-03-09,25,PHI,H,HOU,-14,1,35:10,4,10,0.4,3,8,0.375,6,8,0.75,0,7,7,4,4,1,2,4,17,16.8,0,42.3
Robert Covington,65,56,2016-03-11,25,PHI,H,BRK,6,1,17:15,4,7,0.571,4,6,0.667,0,0,NA,0,4,4,0,0,0,0,0,12,9.9,11,19
Robert Covington,72,57,2016-03-23,25,PHI,A,DEN,-1,0,26:45,6,15,0.4,3,10,0.3,1,2,0.5,2,7,9,1,1,1,1,4,16,10.8,4,33.8
Robert Covington,73,58,2016-03-26,25,PHI,A,POR,-3,0,29:36,6,17,0.353,1,9,0.111,4,5,0.8,1,10,11,0,2,0,3,2,17,9,6,35.3
Robert Covington,74,59,2016-03-27,25,PHI,A,GSW,-12,0,31:35,6,12,0.5,4,7,0.571,0,0,NA,1,10,11,0,1,0,1,3,16,12.5,5,34.8
Robert Covington,75,60,2016-03-29,25,PHI,H,CHO,-15,1,30:09,6,16,0.375,6,14,0.429,0,0,NA,1,6,7,2,3,0,0,5,18,14.1,-6,38.8
Robert Covington,76,61,2016-04-01,25,PHI,A,CHO,-9,0,28:43,2,8,0.25,2,7,0.286,0,2,0,2,8,10,2,0,1,0,5,6,4.3,-1,24.5
Robert Covington,77,62,2016-04-02,25,PHI,H,IND,-13,1,32:14,3,10,0.3,3,10,0.3,0,0,NA,1,4,5,1,2,0,1,5,9,4.8,-10,21.8
Robert Covington,78,63,2016-04-05,25,PHI,H,NOP,14,1,35:31,3,16,0.188,1,10,0.1,5,5,1,2,7,9,3,4,1,1,3,12,10.1,4,37.8
Robert Covington,79,64,2016-04-08,25,PHI,H,NYK,-7,1,34:10,10,21,0.476,7,13,0.538,3,5,0.6,3,8,11,2,1,0,1,4,30,22.8,9,53.3
Robert Covington,80,65,2016-04-10,25,PHI,H,MIL,-1,1,39:50,6,20,0.3,5,17,0.294,2,2,1,1,7,8,1,3,0,2,3,19,10.7,2,38
Robert Covington,81,66,2016-04-12,25,PHI,A,TOR,-24,1,34:25,7,12,0.583,6,10,0.6,4,6,0.667,0,3,3,3,0,1,3,2,24,17.5,6,35.8
Robert Covington,82,67,2016-04-13,25,PHI,A,CHI,-10,1,41:52,7,17,0.412,6,13,0.462,7,7,1,1,5,6,2,1,0,2,4,27,18.9,-18,41.5
Jahlil Okafor,1,1,2015-10-28,19,PHI,A,BOS,-17,1,38:05,10,16,0.625,0,0,NA,6,6,1,4,3,7,1,1,2,8,4,26,16,-9,38.3
Jahlil Okafor,2,2,2015-10-30,19,PHI,H,UTA,-28,1,36:04,4,12,0.333,0,0,NA,2,4,0.5,1,5,6,1,1,0,2,3,10,3.1,-35,20
Jahlil Okafor,3,3,2015-11-02,19,PHI,H,CLE,-7,1,26:54,11,21,0.524,0,0,NA,2,3,0.667,2,1,3,0,0,0,1,4,24,12.4,-15,27.3
Jahlil Okafor,4,4,2015-11-04,19,PHI,A,MIL,-4,1,34:43,9,13,0.692,0,0,NA,3,3,1,1,5,6,0,0,2,2,3,21,15.9,-4,31.5
Jahlil Okafor,5,5,2015-11-06,19,PHI,A,CLE,-6,1,37:04,8,17,0.471,0,0,NA,2,3,0.667,1,5,6,3,0,0,2,3,18,10,-13,29
Jahlil Okafor,6,6,2015-11-07,19,PHI,H,ORL,-8,1,32:52,7,14,0.5,0,0,NA,5,10,0.5,2,3,5,3,0,3,3,2,19,12.7,-5,34.3
Jahlil Okafor,7,7,2015-11-09,19,PHI,H,CHI,-23,1,31:24,9,25,0.36,0,0,NA,3,8,0.375,6,9,15,1,0,2,1,2,21,12.3,-22,46.3
Jahlil Okafor,8,8,2015-11-11,19,PHI,H,TOR,-16,1,32:39,13,22,0.591,0,0,NA,0,2,0,2,5,7,1,0,4,4,5,26,15.4,-20,42.3
Jahlil Okafor,9,9,2015-11-13,19,PHI,A,OKC,-17,1,29:39,3,18,0.167,0,0,NA,0,0,NA,3,3,6,2,0,3,4,3,6,-4.1,-16,20.5
Jahlil Okafor,10,10,2015-11-14,19,PHI,A,SAS,-9,1,39:01,9,17,0.529,0,0,NA,3,3,1,3,9,12,2,0,2,2,3,21,17.1,2,43.5
Jahlil Okafor,11,11,2015-11-16,19,PHI,H,DAL,-6,1,32:33,8,15,0.533,0,0,NA,3,3,1,2,9,11,1,1,2,4,5,19,12.9,-13,39.8
Jahlil Okafor,12,12,2015-11-18,19,PHI,H,IND,-27,1,31:22,6,11,0.545,0,0,NA,2,4,0.5,1,5,6,0,1,0,3,1,14,7.7,-30,22
Jahlil Okafor,13,13,2015-11-20,19,PHI,A,CHO,-25,1,29:53,4,12,0.333,0,0,NA,2,3,0.667,2,5,7,2,0,0,3,0,10,4.1,-9,20.3
Jahlil Okafor,14,14,2015-11-21,19,PHI,A,MIA,-5,1,34:18,8,20,0.4,0,0,NA,0,0,NA,2,9,11,1,0,3,3,2,16,8.3,2,37.3
Jahlil Okafor,15,15,2015-11-23,19,PHI,A,MIN,-5,1,32:57,10,15,0.667,0,0,NA,5,7,0.714,5,7,12,1,0,2,4,3,25,20.2,-10,45
Jahlil Okafor,16,16,2015-11-25,19,PHI,A,BOS,-4,1,35:54,7,17,0.412,0,1,0,5,5,1,0,9,9,1,0,4,3,4,19,11.5,-4,38.3
Jahlil Okafor,17,17,2015-11-27,19,PHI,A,HOU,-2,1,26:43,4,12,0.333,0,0,NA,3,4,0.75,4,2,6,2,1,0,1,2,11,7.8,-8,23
Jahlil Okafor,18,18,2015-11-29,19,PHI,A,MEM,-8,1,31:59,3,11,0.273,0,1,0,3,4,0.75,2,11,13,1,1,0,3,4,9,3.9,-7,27.3
Jahlil Okafor,19,19,2015-12-01,19,PHI,H,LAL,12,1,29:51,6,14,0.429,0,0,NA,0,1,0,3,2,5,2,0,1,2,1,12,6.6,13,22.3
Jahlil Okafor,22,20,2015-12-07,19,PHI,H,SAS,-51,0,28:54,3,14,0.214,0,0,NA,4,6,0.667,0,4,4,1,0,0,2,2,10,-0.3,-27,15.5
Jahlil Okafor,23,21,2015-12-10,19,PHI,A,BRK,-9,1,31:16,7,15,0.467,0,0,NA,8,8,1,4,6,10,2,0,2,3,2,22,17.9,-4,41.5
Jahlil Okafor,24,22,2015-12-11,19,PHI,H,DET,-12,1,30:04,10,18,0.556,0,0,NA,2,3,0.667,3,3,6,0,0,1,2,2,22,13.9,-17,30.5
Jahlil Okafor,25,23,2015-12-13,19,PHI,A,TOR,-20,1,35:21,10,25,0.4,0,0,NA,3,3,1,5,9,14,1,0,1,1,2,23,15.3,-12,45
Jahlil Okafor,26,24,2015-12-14,19,PHI,A,CHI,-19,1,33:57,9,17,0.529,0,1,0,4,4,1,3,5,8,1,1,1,2,2,22,16.9,-11,36.5
Jahlil Okafor,27,25,2015-12-16,20,PHI,A,ATL,-21,1,30:11,7,12,0.583,0,0,NA,5,6,0.833,1,6,7,0,0,0,1,3,19,13.3,-24,27.3
Jahlil Okafor,28,26,2015-12-18,20,PHI,H,NYK,-10,1,30:01,9,17,0.529,0,0,NA,2,3,0.667,0,5,5,2,0,0,0,1,20,13.8,-9,29.3
Jahlil Okafor,29,27,2015-12-20,20,PHI,A,CLE,-22,1,25:19,3,11,0.273,0,0,NA,3,4,0.75,4,4,8,0,0,0,1,2,9,4.3,-15,18.5
Jahlil Okafor,30,28,2015-12-22,20,PHI,H,MEM,-14,1,32:37,8,12,0.667,0,0,NA,2,3,0.667,2,3,5,2,0,0,4,4,18,10.5,2,25.3
Jahlil Okafor,31,29,2015-12-23,20,PHI,A,MIL,-13,1,31:48,5,16,0.313,0,0,NA,7,8,0.875,3,5,8,2,1,2,1,1,17,13.4,-15,35.5
Jahlil Okafor,34,30,2015-12-30,20,PHI,A,SAC,5,0,19:51,4,11,0.364,0,0,NA,2,5,0.4,5,5,10,1,1,0,2,4,10,5.8,-8,26.5
Jahlil Okafor,35,31,2016-01-01,20,PHI,A,LAL,-9,0,23:15,6,10,0.6,0,0,NA,0,0,NA,1,3,4,0,0,1,1,1,12,8.3,-11,18.5
Jahlil Okafor,36,32,2016-01-02,20,PHI,A,LAC,-31,0,17:53,10,14,0.714,0,0,NA,3,6,0.5,2,2,4,1,0,0,1,0,23,17.7,-9,29
Jahlil Okafor,37,33,2016-01-04,20,PHI,H,MIN,10,1,20:42,5,8,0.625,0,0,NA,0,1,0,2,1,3,2,2,1,2,3,10,8.6,-2,21.8
Jahlil Okafor,38,34,2016-01-07,20,PHI,H,ATL,-28,1,26:31,9,16,0.563,0,0,NA,3,4,0.75,3,4,7,0,1,1,3,2,21,14.2,-15,32.3
Jahlil Okafor,39,35,2016-01-09,20,PHI,H,TOR,-13,1,33:40,9,15,0.6,0,0,NA,1,2,0.5,4,2,6,4,2,1,0,3,19,19.4,10,38.5
Jahlil Okafor,40,36,2016-01-10,20,PHI,H,CLE,-10,1,32:29,9,15,0.6,0,0,NA,3,5,0.6,2,5,7,0,0,0,2,2,21,13.4,-4,28.8
Jahlil Okafor,41,37,2016-01-14,20,PHI,H,CHI,-4,1,33:24,5,11,0.455,0,0,NA,2,3,0.667,1,3,4,2,1,1,1,1,12,9.2,9,23.5
Jahlil Okafor,42,38,2016-01-16,20,PHI,H,POR,25,1,29:09,12,16,0.75,0,0,NA,1,4,0.25,0,10,10,1,0,0,3,4,25,16.5,22,39
Jahlil Okafor,43,39,2016-01-18,20,PHI,A,NYK,-6,1,25:39,10,17,0.588,0,0,NA,0,2,0,0,7,7,0,2,2,1,2,20,15,-7,36.3
Jahlil Okafor,44,40,2016-01-20,20,PHI,A,ORL,9,1,37:46,9,17,0.529,0,0,NA,2,2,1,1,4,5,1,1,1,3,0,20,13,1,30.3
Jahlil Okafor,45,41,2016-01-24,20,PHI,H,BOS,-20,1,29:32,5,10,0.5,0,0,NA,0,0,NA,3,3,6,1,0,2,1,3,10,7.9,-15,22.5
Jahlil Okafor,48,42,2016-01-30,20,PHI,H,GSW,-3,0,20:51,6,7,0.857,0,0,NA,1,5,0.2,0,1,1,0,0,0,2,2,13,6.4,-4,13.3
Jahlil Okafor,49,43,2016-02-03,20,PHI,H,ATL,-38,1,24:39,5,10,0.5,0,0,NA,0,0,NA,3,2,5,3,1,1,5,3,10,5.3,-15,22.3
Jahlil Okafor,50,44,2016-02-05,20,PHI,A,WAS,-12,1,21:06,4,11,0.364,0,0,NA,1,1,1,2,2,4,0,0,0,1,5,9,1.9,-27,13.5
Jahlil Okafor,51,45,2016-02-06,20,PHI,H,BRK,5,1,32:39,9,16,0.563,0,0,NA,4,4,1,7,10,17,0,1,3,1,2,22,23.6,13,52.3
Jahlil Okafor,52,46,2016-02-08,20,PHI,H,LAC,-6,1,29:50,7,18,0.389,0,0,NA,0,0,NA,3,6,9,1,1,3,3,3,14,7.7,-14,33.3
Jahlil Okafor,53,47,2016-02-10,20,PHI,H,SAC,-4,1,38:41,11,18,0.611,0,0,NA,4,5,0.8,3,7,10,5,0,2,6,5,26,18.5,-10,48.5
Jahlil Okafor,54,48,2016-02-19,20,PHI,A,NOP,-7,1,19:21,5,9,0.556,0,0,NA,4,4,1,0,5,5,0,0,1,1,6,14,8.5,7,21.8
Jahlil Okafor,55,49,2016-02-21,20,PHI,A,DAL,-26,1,31:42,12,19,0.632,0,1,0,7,10,0.7,4,4,8,1,1,1,5,4,31,21.1,-29,44
Jahlil Okafor,56,50,2016-02-23,20,PHI,H,ORL,-9,1,25:53,8,13,0.615,0,0,NA,1,2,0.5,1,1,2,0,0,2,4,4,17,7.5,-10,21.5
Jahlil Okafor,57,51,2016-02-24,20,PHI,A,DET,-20,1,23:42,6,10,0.6,1,1,1,0,0,NA,0,2,2,1,0,0,0,2,13,8.9,-26,17.5
Jahlil Okafor,58,52,2016-02-26,20,PHI,H,WAS,-9,1,30:53,9,13,0.692,0,0,NA,3,4,0.75,2,4,6,2,0,1,1,1,21,18.4,-4,33
Jahlil Okafor,59,53,2016-02-28,20,PHI,A,ORL,-14,1,28:02,12,18,0.667,0,1,0,2,4,0.5,2,1,3,3,0,0,3,3,26,17,-14,32.8
Isaiah Canaan,1,1,2015-10-28,24,PHI,A,BOS,-17,1,37:59,6,14,0.429,4,10,0.4,2,2,1,1,6,7,2,1,0,3,0,18,12.5,-3,32.3
Isaiah Canaan,2,2,2015-10-30,24,PHI,H,UTA,-28,1,31:12,1,9,0.111,1,6,0.167,7,10,0.7,1,4,5,2,0,0,4,4,10,0.6,-16,17.8
Isaiah Canaan,3,3,2015-11-02,24,PHI,H,CLE,-7,1,30:56,2,8,0.25,1,3,0.333,2,2,1,0,2,2,1,0,0,0,0,7,3.5,-19,11.5
Isaiah Canaan,4,4,2015-11-04,24,PHI,A,MIL,-4,0,15:00,0,4,0,0,3,0,3,3,1,0,1,1,1,1,1,1,2,3,1.1,-16,9.3
Isaiah Canaan,5,5,2015-11-06,24,PHI,A,CLE,-6,0,21:31,5,8,0.625,3,5,0.6,4,4,1,0,0,0,4,0,0,1,1,17,14.8,9,24
Isaiah Canaan,6,6,2015-11-07,24,PHI,H,ORL,-8,0,26:42,8,16,0.5,6,12,0.5,1,1,1,0,3,3,1,3,1,1,2,23,18.5,1,38.8
Isaiah Canaan,7,7,2015-11-09,24,PHI,H,CHI,-23,0,20:51,1,5,0.2,1,3,0.333,0,0,NA,0,3,3,1,1,0,0,0,3,2.5,-9,10.8
Isaiah Canaan,8,8,2015-11-11,24,PHI,H,TOR,-16,0,28:43,5,11,0.455,5,10,0.5,3,3,1,0,0,0,1,0,0,2,2,18,10.2,-1,21
Isaiah Canaan,9,9,2015-11-13,24,PHI,A,OKC,-17,0,14:52,0,4,0,0,1,0,2,3,0.667,0,1,1,2,2,0,0,1,2,2.1,2,10.3
Isaiah Canaan,10,10,2015-11-14,24,PHI,A,SAS,-9,0,26:32,2,11,0.182,2,6,0.333,0,0,NA,1,4,5,3,0,0,1,1,6,1.7,0,17.3
Isaiah Canaan,11,11,2015-11-16,24,PHI,H,DAL,-6,0,25:21,1,9,0.111,1,8,0.125,0,1,0,0,1,1,1,1,0,1,0,3,-2.3,-1,7.8
Isaiah Canaan,12,12,2015-11-18,24,PHI,H,IND,-27,0,16:54,1,5,0.2,1,5,0.2,0,0,NA,0,0,0,0,0,1,1,0,3,-0.4,-7,5
Isaiah Canaan,13,13,2015-11-20,24,PHI,A,CHO,-25,0,20:40,3,7,0.429,1,3,0.333,1,2,0.5,0,2,2,2,1,0,1,2,8,5.1,-8,15.5
Isaiah Canaan,14,14,2015-11-21,24,PHI,A,MIA,-5,0,27:57,7,17,0.412,5,12,0.417,3,3,1,0,0,0,2,1,0,2,2,22,12.5,8,28.5
Isaiah Canaan,15,15,2015-11-23,24,PHI,A,MIN,-5,0,29:32,3,10,0.3,3,9,0.333,5,5,1,1,2,3,3,1,1,3,5,14,8.3,-12,26.3
Isaiah Canaan,16,16,2015-11-25,24,PHI,A,BOS,-4,1,32:22,3,9,0.333,2,7,0.286,4,4,1,0,5,5,2,1,2,2,2,12,9.4,-1,27.3
Isaiah Canaan,17,17,2015-11-27,24,PHI,A,HOU,-2,1,32:23,9,17,0.529,4,10,0.4,1,3,0.333,0,2,2,2,0,1,3,5,23,11.6,-9,31
Isaiah Canaan,18,18,2015-11-29,24,PHI,A,MEM,-8,1,35:21,5,15,0.333,4,12,0.333,2,2,1,0,1,1,3,2,0,4,3,16,6.7,-7,25.8
Isaiah Canaan,19,19,2015-12-01,24,PHI,H,LAL,12,1,30:19,4,9,0.444,4,7,0.571,0,0,NA,0,3,3,5,1,0,0,1,12,12.3,13,27.3
Isaiah Canaan,20,20,2015-12-02,24,PHI,A,NYK,-12,1,30:08,4,15,0.267,2,6,0.333,0,0,NA,2,3,5,3,1,0,1,1,10,5.1,-6,23.3
Isaiah Canaan,21,21,2015-12-05,24,PHI,H,DEN,-3,1,24:19,5,9,0.556,5,8,0.625,0,0,NA,0,1,1,1,1,0,2,2,15,9.9,-7,21.3
Isaiah Canaan,22,22,2015-12-07,24,PHI,H,SAS,-51,1,27:32,0,6,0,0,5,0,0,0,NA,0,1,1,5,0,0,0,0,0,-0.4,-22,8.8
Isaiah Canaan,23,23,2015-12-10,24,PHI,A,BRK,-9,1,25:17,2,10,0.2,0,6,0,0,0,NA,1,2,3,3,1,1,1,2,4,1.1,-9,15.8
Isaiah Canaan,24,24,2015-12-11,24,PHI,H,DET,-12,1,22:49,1,5,0.2,1,3,0.333,4,4,1,0,1,1,2,0,0,1,1,7,4.2,-1,11.3
Isaiah Canaan,25,25,2015-12-13,24,PHI,A,TOR,-20,1,36:02,3,9,0.333,3,8,0.375,1,1,1,0,1,1,3,0,0,2,2,10,4.5,-9,16.3
Isaiah Canaan,26,26,2015-12-14,24,PHI,A,CHI,-19,1,29:49,1,5,0.2,1,3,0.333,1,1,1,0,1,1,3,0,0,1,2,4,1.5,2,9.8
Isaiah Canaan,27,27,2015-12-16,24,PHI,A,ATL,-21,1,30:31,7,12,0.583,6,8,0.75,4,5,0.8,0,1,1,0,1,0,3,3,24,15.1,5,28.8
Isaiah Canaan,28,28,2015-12-18,24,PHI,H,NYK,-10,1,28:43,4,10,0.4,2,6,0.333,4,5,0.8,0,0,0,3,0,0,2,3,14,7.1,-20,18.5
Isaiah Canaan,29,29,2015-12-20,24,PHI,A,CLE,-22,1,21:12,2,9,0.222,2,6,0.333,0,0,NA,0,2,2,0,1,0,1,3,6,-0.1,-26,11
Isaiah Canaan,30,30,2015-12-22,24,PHI,H,MEM,-14,1,30:06,5,8,0.625,2,5,0.4,3,6,0.5,0,1,1,1,2,1,0,1,15,13.5,1,24.8
Isaiah Canaan,31,31,2015-12-23,24,PHI,A,MIL,-13,0,19:58,3,6,0.5,2,5,0.4,2,3,0.667,0,4,4,2,1,0,3,2,10,6.4,-3,19.5
Isaiah Canaan,32,32,2015-12-26,24,PHI,A,PHO,7,1,27:38,6,12,0.5,4,8,0.5,6,6,1,0,4,4,3,1,0,2,1,22,17.9,-4,34.5
Isaiah Canaan,33,33,2015-12-28,24,PHI,A,UTA,-4,1,17:22,1,6,0.167,0,3,0,2,4,0.5,0,4,4,1,0,0,0,2,4,0.5,-14,10.5
Isaiah Canaan,34,34,2015-12-30,24,PHI,A,SAC,5,1,31:30,6,18,0.333,3,11,0.273,0,0,NA,0,3,3,1,1,0,0,1,15,7,9,23.8
Isaiah Canaan,35,35,2016-01-01,24,PHI,A,LAL,-9,1,30:58,2,11,0.182,1,8,0.125,2,2,1,0,4,4,1,0,0,3,1,7,-1.4,-21,12.5
Isaiah Canaan,36,36,2016-01-02,24,PHI,A,LAC,-31,1,15:03,0,5,0,0,2,0,0,0,NA,2,0,2,1,1,0,0,3,0,-1.6,-18,6
Isaiah Canaan,37,37,2016-01-04,24,PHI,H,MIN,10,0,10:21,2,6,0.333,1,4,0.25,1,2,0.5,0,0,0,2,0,0,0,1,6,3.2,6,9.5
Isaiah Canaan,38,38,2016-01-07,24,PHI,H,ATL,-28,0,16:03,1,4,0.25,0,3,0,3,4,0.75,0,1,1,1,1,0,1,2,5,2.4,-33,9.3
Isaiah Canaan,39,39,2016-01-09,24,PHI,H,TOR,-13,0,9:44,2,3,0.667,2,2,1,0,0,NA,0,0,0,1,0,0,2,2,6,2.6,-11,7.5
Isaiah Canaan,41,40,2016-01-14,24,PHI,H,CHI,-4,0,4:46,0,0,NA,0,0,NA,0,0,NA,0,0,0,0,0,0,0,0,0,0,-2,0
Isaiah Canaan,42,41,2016-01-16,24,PHI,H,POR,25,1,31:02,5,10,0.5,2,5,0.4,2,3,0.667,0,4,4,4,1,1,1,1,14,12.9,14,29.5
Isaiah Canaan,43,42,2016-01-18,24,PHI,A,NYK,-6,0,24:11,4,8,0.5,3,5,0.6,5,6,0.833,1,4,5,1,0,0,1,3,16,12,8,24.8
Isaiah Canaan,44,43,2016-01-20,24,PHI,A,ORL,9,0,27:51,5,8,0.625,3,4,0.75,2,2,1,0,1,1,1,2,0,2,1,15,12,14,22.3
Isaiah Canaan,45,44,2016-01-24,24,PHI,H,BOS,-20,0,15:20,2,4,0.5,1,3,0.333,2,2,1,0,3,3,1,1,0,5,2,7,1.8,-7,12.3
Isaiah Canaan,46,45,2016-01-26,24,PHI,H,PHO,10,0,9:53,3,6,0.5,1,3,0.333,0,0,NA,0,0,0,0,1,0,0,0,7,5,2,9.5
Isaiah Canaan,47,46,2016-01-27,24,PHI,A,DET,-13,0,22:46,2,8,0.25,2,5,0.4,1,1,1,0,2,2,3,0,0,0,1,7,4.5,-4,15
Isaiah Canaan,48,47,2016-01-30,24,PHI,H,GSW,-3,0,30:03,5,11,0.455,5,9,0.556,3,3,1,1,3,4,2,4,0,0,0,18,19.3,16,36.5
Isaiah Canaan,49,48,2016-02-03,24,PHI,H,ATL,-38,0,19:58,4,10,0.4,3,6,0.5,0,0,NA,0,2,2,1,0,0,1,2,11,5.1,-27,16
Isaiah Canaan,50,49,2016-02-05,24,PHI,A,WAS,-12,0,31:50,5,12,0.417,4,8,0.5,4,4,1,0,3,3,3,1,0,3,1,18,12.2,15,28.8
Isaiah Canaan,51,50,2016-02-06,24,PHI,H,BRK,5,0,24:15,2,9,0.222,2,6,0.333,0,0,NA,1,2,3,3,1,0,0,2,6,4.1,7,17.3
Isaiah Canaan,52,51,2016-02-08,24,PHI,H,LAC,-6,0,24:50,0,6,0,0,5,0,1,2,0.5,0,4,4,2,0,0,2,5,1,-5,-11,8
Isaiah Canaan,53,52,2016-02-10,24,PHI,H,SAC,-4,0,16:19,2,7,0.286,2,6,0.333,0,0,NA,0,0,0,0,0,0,0,4,6,0.3,-5,7
Isaiah Canaan,54,53,2016-02-19,24,PHI,A,NOP,-7,0,22:22,4,10,0.4,4,7,0.571,1,1,1,1,2,3,0,1,0,1,0,13,8.9,-5,20.3
Isaiah Canaan,55,54,2016-02-21,24,PHI,A,DAL,-26,0,26:48,6,12,0.5,3,8,0.375,0,0,NA,0,1,1,1,0,0,2,4,15,6.4,-17,18.3
Isaiah Canaan,56,55,2016-02-23,24,PHI,H,ORL,-9,0,19:59,4,7,0.571,2,3,0.667,2,2,1,0,4,4,0,1,0,1,0,12,9.9,-2,19.5
Isaiah Canaan,57,56,2016-02-24,24,PHI,A,DET,-20,0,18:13,2,8,0.25,0,3,0,2,4,0.5,0,2,2,0,1,0,0,1,6,1.6,-11,10.5
Isaiah Canaan,58,57,2016-02-26,24,PHI,H,WAS,-9,0,16:48,1,7,0.143,1,4,0.25,4,4,1,1,0,1,0,0,0,0,2,7,2.4,-15,8.8
Isaiah Canaan,59,58,2016-02-28,24,PHI,A,ORL,-14,0,33:45,6,13,0.462,3,9,0.333,3,3,1,0,3,3,2,0,0,1,3,18,11.4,1,25.8
Isaiah Canaan,60,59,2016-02-29,24,PHI,A,WAS,-8,1,31:56,5,12,0.417,3,8,0.375,0,1,0,0,3,3,3,0,0,0,1,13,8.8,2,22.8
Isaiah Canaan,61,60,2016-03-02,24,PHI,H,CHO,-20,1,31:56,5,15,0.333,4,10,0.4,3,3,1,0,0,0,0,2,0,2,2,17,7.7,-4,22
Isaiah Canaan,62,61,2016-03-04,24,PHI,H,MIA,-10,0,28:04,1,9,0.111,0,5,0,2,2,1,0,3,3,3,2,0,0,1,4,2.7,-9,16.3
Isaiah Canaan,63,62,2016-03-06,24,PHI,A,MIA,-5,0,32:55,6,15,0.4,4,12,0.333,1,1,1,1,2,3,4,0,0,0,5,17,11,7,28.8
Isaiah Canaan,64,63,2016-03-09,24,PHI,H,HOU,-14,0,23:48,4,13,0.308,4,9,0.444,2,2,1,0,1,1,4,0,0,1,3,14,7.4,-18,22.8
Isaiah Canaan,65,64,2016-03-11,24,PHI,H,BRK,6,0,27:03,2,7,0.286,0,5,0,0,0,NA,0,3,3,1,0,0,0,3,4,0.3,-16,9.3
Isaiah Canaan,66,65,2016-03-12,24,PHI,H,DET,-14,1,32:36,5,8,0.625,4,5,0.8,8,9,0.889,0,1,1,1,2,0,3,2,22,17.2,-21,29.3
Isaiah Canaan,67,66,2016-03-15,24,PHI,A,BRK,-17,1,31:48,5,10,0.5,5,10,0.5,5,5,1,1,1,2,1,0,0,1,2,20,14.9,-5,26
Isaiah Canaan,68,67,2016-03-17,24,PHI,H,WAS,-5,1,33:49,4,10,0.4,1,6,0.167,6,7,0.857,1,3,4,4,1,0,2,2,15,11.8,10,27.5
Isaiah Canaan,69,68,2016-03-18,24,PHI,H,OKC,-14,1,30:41,3,9,0.333,3,7,0.429,1,2,0.5,0,4,4,2,3,0,0,1,10,9.7,-21,25.5
Isaiah Canaan,70,69,2016-03-20,24,PHI,H,BOS,-15,1,27:15,3,10,0.3,1,6,0.167,1,1,1,1,2,3,4,1,0,1,0,8,6.3,-10,19.8
Isaiah Canaan,71,70,2016-03-21,24,PHI,A,IND,-16,1,29:56,6,14,0.429,3,7,0.429,0,0,NA,2,2,4,0,0,0,2,0,15,7.6,-8,20.5
Isaiah Canaan,72,71,2016-03-23,24,PHI,A,DEN,-1,1,27:25,4,11,0.364,3,10,0.3,0,0,NA,0,2,2,3,0,0,1,1,11,6.2,-15,19
Isaiah Canaan,73,72,2016-03-26,24,PHI,A,POR,-3,1,23:54,2,11,0.182,0,5,0,2,2,1,0,2,2,0,0,0,0,1,6,-0.7,-19,8.5
Isaiah Canaan,74,73,2016-03-27,24,PHI,A,GSW,-12,1,28:13,3,9,0.333,3,6,0.5,6,6,1,0,0,0,2,0,0,1,3,15,9.1,-15,19
Isaiah Canaan,75,74,2016-03-29,24,PHI,H,CHO,-15,1,27:14,3,10,0.3,3,8,0.375,1,1,1,0,3,3,1,1,0,1,3,10,4.6,-21,18.3
Isaiah Canaan,76,75,2016-04-01,24,PHI,A,CHO,-9,1,24:09,1,9,0.111,0,6,0,2,3,0.667,0,2,2,1,1,2,0,1,4,1,-20,14
Isaiah Canaan,77,76,2016-04-02,24,PHI,H,IND,-13,1,39:14,7,15,0.467,5,12,0.417,5,7,0.714,0,4,4,2,0,0,1,1,24,16.7,-5,34
Isaiah Canaan,78,77,2016-04-05,24,PHI,H,NOP,14,1,22:46,6,12,0.5,4,7,0.571,0,0,NA,0,2,2,2,1,0,0,1,16,12.6,-10,25.5
Carl Landry,31,1,2015-12-23,32,PHI,A,MIL,-13,0,12:59,2,6,0.333,0,0,NA,6,8,0.75,2,3,5,1,1,1,1,1,10,9.1,5,21.3
Carl Landry,32,2,2015-12-26,32,PHI,A,PHO,7,0,22:52,7,10,0.7,0,0,NA,2,2,1,2,6,8,0,1,0,2,3,16,12.8,18,27
Carl Landry,33,3,2015-12-28,32,PHI,A,UTA,-4,1,8:23,0,3,0,0,0,NA,0,0,NA,0,0,0,0,0,0,0,0,0,-2.1,-9,0
Carl Landry,36,4,2016-01-02,32,PHI,A,LAC,-31,0,16:01,4,7,0.571,0,0,NA,3,6,0.5,1,3,4,1,2,0,1,2,11,9,-5,21
Carl Landry,37,5,2016-01-04,32,PHI,H,MIN,10,0,22:22,8,11,0.727,0,0,NA,0,0,NA,3,1,4,1,0,1,0,0,16,15.3,19,24.5
Carl Landry,38,6,2016-01-07,32,PHI,H,ATL,-28,0,6:23,3,5,0.6,0,0,NA,0,1,0,1,2,3,0,0,0,1,1,6,3.2,-8,9.3
Carl Landry,39,7,2016-01-09,32,PHI,H,TOR,-13,0,12:39,5,6,0.833,1,1,1,0,0,NA,1,2,3,0,0,0,0,2,11,9.3,-6,15.3
Carl Landry,40,8,2016-01-10,32,PHI,H,CLE,-10,0,9:00,1,3,0.333,0,0,NA,1,2,0.5,0,0,0,0,0,0,1,5,3,-2.1,-5,2.5
Carl Landry,41,9,2016-01-14,32,PHI,H,CHI,-4,1,19:09,4,8,0.5,0,1,0,0,0,NA,0,3,3,1,0,1,2,4,8,2.7,12,14.3
Carl Landry,42,10,2016-01-16,32,PHI,H,POR,25,0,7:08,0,0,NA,0,0,NA,3,4,0.75,0,0,0,0,1,0,0,1,3,3.2,-6,5
Carl Landry,43,11,2016-01-18,32,PHI,A,NYK,-6,0,4:12,1,2,0.5,0,0,NA,0,0,NA,0,2,2,0,0,0,1,0,2,0.6,-3,4
Carl Landry,49,12,2016-02-03,32,PHI,H,ATL,-38,0,14:47,3,7,0.429,0,1,0,0,0,NA,0,2,2,1,0,2,0,1,6,4.6,-18,14
Carl Landry,50,13,2016-02-05,32,PHI,A,WAS,-12,0,1:32,1,1,1,0,0,NA,0,0,NA,0,1,1,0,0,0,0,0,2,2,-4,3.3
Carl Landry,53,14,2016-02-10,32,PHI,H,SAC,-4,0,5:52,1,3,0.333,0,0,NA,0,0,NA,2,1,3,1,0,0,1,1,2,1.3,14,6.8
Carl Landry,54,15,2016-02-19,32,PHI,A,NOP,-7,0,8:07,0,1,0,0,0,NA,0,0,NA,1,0,1,2,0,0,1,0,0,0.4,3,3.8
Carl Landry,55,16,2016-02-21,32,PHI,A,DAL,-26,0,6:17,0,1,0,0,0,NA,1,2,0.5,0,0,0,0,0,1,0,0,1,0.6,-1,3
Carl Landry,57,17,2016-02-24,32,PHI,A,DET,-20,0,9:45,4,5,0.8,0,1,0,2,2,1,0,5,5,2,0,0,1,2,10,9.2,8,18.8
Carl Landry,60,18,2016-02-29,32,PHI,A,WAS,-8,0,18:15,6,8,0.75,0,0,NA,3,5,0.6,1,1,2,0,0,0,1,5,15,9,-7,17
Carl Landry,61,19,2016-03-02,32,PHI,H,CHO,-20,0,13:40,3,6,0.5,0,0,NA,3,4,0.75,0,3,3,0,1,0,0,1,9,7.1,-1,14.8
Carl Landry,62,20,2016-03-04,32,PHI,H,MIA,-10,1,9:33,0,4,0,0,0,NA,3,4,0.75,2,1,3,1,0,0,0,5,3,0.2,-13,8.3
Carl Landry,63,21,2016-03-06,32,PHI,A,MIA,-5,1,26:11,8,16,0.5,0,0,NA,2,6,0.333,5,2,7,0,1,0,0,3,18,12.3,-21,28.8
Carl Landry,64,22,2016-03-09,32,PHI,H,HOU,-14,0,9:18,0,2,0,0,0,NA,6,8,0.75,3,3,6,0,0,0,1,1,6,5.4,0,13
Carl Landry,65,23,2016-03-11,32,PHI,H,BRK,6,0,25:12,7,9,0.778,0,0,NA,2,2,1,1,7,8,1,0,0,1,2,16,14.2,-1,27
Carl Landry,66,24,2016-03-12,32,PHI,H,DET,-14,1,24:35,7,13,0.538,1,2,0.5,3,4,0.75,2,4,6,1,1,0,0,2,18,14.8,-10,29.5
Carl Landry,67,25,2016-03-15,32,PHI,A,BRK,-17,1,25:38,3,7,0.429,0,1,0,4,6,0.667,2,6,8,4,1,1,0,3,10,12,-5,30
Carl Landry,68,26,2016-03-17,32,PHI,H,WAS,-5,0,10:45,0,2,0,0,0,NA,0,0,NA,0,1,1,0,0,0,0,2,0,-1.9,-15,1.3
Carl Landry,69,27,2016-03-18,32,PHI,H,OKC,-14,0,11:46,2,7,0.286,0,1,0,0,0,NA,0,0,0,0,0,0,0,0,4,-0.1,0,4
Carl Landry,70,28,2016-03-20,32,PHI,H,BOS,-15,0,25:28,10,18,0.556,0,1,0,6,6,1,5,3,8,0,0,0,0,2,26,21,2,36
Carl Landry,71,29,2016-03-21,32,PHI,A,IND,-16,0,21:57,2,6,0.333,0,0,NA,0,0,NA,1,6,7,0,0,2,1,4,4,1.9,-5,16.3
Carl Landry,72,30,2016-03-23,32,PHI,A,DEN,-1,1,23:53,6,11,0.545,0,0,NA,4,4,1,0,7,7,1,0,0,0,4,16,11.9,-1,26.3
Carl Landry,73,31,2016-03-26,32,PHI,A,POR,-3,1,16:06,5,6,0.833,0,0,NA,2,2,1,0,2,2,1,0,0,0,4,12,9.5,-13,16
Carl Landry,74,32,2016-03-27,32,PHI,A,GSW,-12,1,24:39,9,15,0.6,0,0,NA,4,4,1,4,4,8,3,1,0,2,2,22,19.4,-3,37.5
Carl Landry,75,33,2016-03-29,32,PHI,H,CHO,-15,1,22:08,3,8,0.375,0,0,NA,2,2,1,1,2,3,3,0,0,1,0,8,6,-18,15.8
Carl Landry,76,34,2016-04-01,32,PHI,A,CHO,-9,1,23:35,8,13,0.615,0,0,NA,0,0,NA,5,3,8,4,0,0,0,5,16,15.3,-16,32
Carl Landry,77,35,2016-04-02,32,PHI,H,IND,-13,1,23:09,7,10,0.7,2,2,1,3,4,0.75,0,6,6,2,0,0,3,0,19,14.6,-17,29
Carl Landry,78,36,2016-04-05,32,PHI,H,NOP,14,0,26:07,9,10,0.9,2,2,1,2,3,0.667,4,5,9,1,2,0,0,1,22,24.8,19,39.8
JaKarr Sampson,1,1,2015-10-28,22,PHI,A,BOS,-17,1,26:57,5,9,0.556,0,1,0,3,3,1,0,4,4,0,1,0,3,1,13,7.5,1,18.5
JaKarr Sampson,2,2,2015-10-30,22,PHI,H,UTA,-28,1,20:29,1,3,0.333,0,0,NA,1,2,0.5,0,4,4,1,1,0,2,6,3,-0.6,-31,10.5
JaKarr Sampson,3,3,2015-11-02,22,PHI,H,CLE,-7,0,4:20,1,1,1,0,0,NA,0,0,NA,1,1,2,0,0,0,1,0,2,1.7,-8,4
JaKarr Sampson,4,4,2015-11-04,22,PHI,A,MIL,-4,0,15:32,1,3,0.333,1,1,1,0,0,NA,1,1,2,0,0,0,1,4,3,-0.3,-16,5.5
JaKarr Sampson,5,5,2015-11-06,22,PHI,A,CLE,-6,0,10:02,2,3,0.667,0,0,NA,1,2,0.5,0,2,2,0,1,0,1,4,5,2.3,-3,9
JaKarr Sampson,6,6,2015-11-07,22,PHI,H,ORL,-8,0,5:23,0,1,0,0,0,NA,1,2,0.5,0,0,0,0,0,0,0,0,1,-0.1,-15,1
JaKarr Sampson,7,7,2015-11-09,22,PHI,H,CHI,-23,0,13:18,2,4,0.5,0,1,0,2,2,1,2,5,7,0,0,0,2,1,6,4.5,-18,13.8
JaKarr Sampson,8,8,2015-11-11,22,PHI,H,TOR,-16,1,26:56,4,10,0.4,0,0,NA,1,2,0.5,3,3,6,0,0,1,0,2,9,6.1,-22,18.5
JaKarr Sampson,9,9,2015-11-13,22,PHI,A,OKC,-17,0,19:06,5,8,0.625,0,1,0,1,2,0.5,0,2,2,1,1,0,0,2,11,8.5,0,17
JaKarr Sampson,10,10,2015-11-14,22,PHI,A,SAS,-9,0,15:21,3,7,0.429,1,2,0.5,2,2,1,1,1,2,0,0,0,1,3,9,4.1,-5,11.5
JaKarr Sampson,11,11,2015-11-16,22,PHI,H,DAL,-6,0,14:49,3,3,1,0,0,NA,1,2,0.5,0,2,2,2,0,0,3,3,7,3.5,3,11
JaKarr Sampson,12,12,2015-11-18,22,PHI,H,IND,-27,0,18:35,3,4,0.75,0,0,NA,2,4,0.5,0,3,3,0,0,0,3,2,8,2.7,1,10.3
JaKarr Sampson,13,13,2015-11-20,22,PHI,A,CHO,-25,0,13:56,1,4,0.25,0,2,0,2,2,1,0,3,3,2,0,0,2,1,4,1.5,-9,9.8
JaKarr Sampson,14,14,2015-11-21,22,PHI,A,MIA,-5,0,10:09,0,0,NA,0,0,NA,4,4,1,0,2,2,0,0,0,1,3,4,2.4,12,6
JaKarr Sampson,15,15,2015-11-23,22,PHI,A,MIN,-5,0,7:45,0,3,0,0,0,NA,1,2,0.5,0,1,1,0,0,0,0,0,1,-1.2,1,2.3
JaKarr Sampson,16,16,2015-11-25,22,PHI,A,BOS,-4,0,9:05,1,4,0.25,0,1,0,0,0,NA,0,1,1,0,0,1,0,1,2,0.2,6,5.3
JaKarr Sampson,17,17,2015-11-27,22,PHI,A,HOU,-2,1,18:39,3,5,0.6,0,1,0,0,0,NA,1,1,2,0,0,1,1,1,6,4,-13,10
JaKarr Sampson,18,18,2015-11-29,22,PHI,A,MEM,-8,1,11:34,4,4,1,1,1,1,0,0,NA,0,0,0,1,2,1,0,1,9,10.8,1,17
JaKarr Sampson,19,19,2015-12-01,22,PHI,H,LAL,12,1,18:42,0,5,0,0,0,NA,2,4,0.5,2,5,7,1,0,0,3,1,2,-2.1,10,10.8
JaKarr Sampson,20,20,2015-12-02,22,PHI,A,NYK,-12,1,22:46,4,7,0.571,0,2,0,4,5,0.8,0,5,5,0,0,1,1,2,12,8.7,-11,19.8
JaKarr Sampson,21,21,2015-12-05,22,PHI,H,DEN,-3,0,17:23,3,5,0.6,1,1,1,6,8,0.75,3,3,6,1,0,0,0,3,13,12.4,3,22.5
JaKarr Sampson,22,22,2015-12-07,22,PHI,H,SAS,-51,0,12:05,2,3,0.667,0,0,NA,1,3,0.333,0,1,1,0,0,0,1,3,5,1,-21,5.8
JaKarr Sampson,24,23,2015-12-11,22,PHI,H,DET,-12,0,11:41,2,6,0.333,0,2,0,1,3,0.333,1,4,5,1,0,0,2,3,5,0.2,8,11.8
JaKarr Sampson,25,24,2015-12-13,22,PHI,A,TOR,-20,0,5:46,0,2,0,0,0,NA,0,0,NA,0,0,0,0,0,0,1,1,0,-2.8,-13,-0.5
JaKarr Sampson,26,25,2015-12-14,22,PHI,A,CHI,-19,0,14:30,4,6,0.667,1,2,0.5,0,0,NA,0,1,1,0,0,0,0,0,9,6.7,3,10.8
JaKarr Sampson,27,26,2015-12-16,22,PHI,A,ATL,-21,0,17:02,3,4,0.75,0,0,NA,0,2,0,0,3,3,3,0,0,1,4,6,4,15,13.8
JaKarr Sampson,28,27,2015-12-18,22,PHI,H,NYK,-10,0,12:10,1,2,0.5,0,1,0,0,2,0,0,2,2,0,0,1,1,2,2,-0.3,3,6
JaKarr Sampson,29,28,2015-12-20,22,PHI,A,CLE,-22,0,23:43,4,7,0.571,0,0,NA,2,4,0.5,1,6,7,2,0,0,1,1,10,8.4,-2,21.3
JaKarr Sampson,30,29,2015-12-22,22,PHI,H,MEM,-14,0,14:38,1,3,0.333,0,1,0,5,6,0.833,0,2,2,0,0,0,2,0,7,3.5,-12,8.5
JaKarr Sampson,31,30,2015-12-23,22,PHI,A,MIL,-13,1,14:09,4,8,0.5,0,0,NA,1,2,0.5,1,1,2,2,0,0,2,1,9,4.6,-6,13.5
JaKarr Sampson,32,31,2015-12-26,22,PHI,A,PHO,7,0,10:27,0,0,NA,0,0,NA,6,8,0.75,0,4,4,2,0,2,1,4,6,6.6,14,17.5
JaKarr Sampson,33,32,2015-12-28,22,PHI,A,UTA,-4,1,18:56,3,6,0.5,0,1,0,0,0,NA,0,5,5,1,1,0,1,2,6,4.4,2,15.3
JaKarr Sampson,34,33,2015-12-30,22,PHI,A,SAC,5,1,17:13,2,9,0.222,0,2,0,1,2,0.5,3,1,4,0,0,1,2,5,5,-1.8,8,11
JaKarr Sampson,35,34,2016-01-01,22,PHI,A,LAL,-9,1,19:40,2,6,0.333,0,1,0,0,0,NA,3,2,5,0,0,2,0,3,4,3.5,-2,14.3
JaKarr Sampson,36,35,2016-01-02,22,PHI,A,LAC,-31,1,23:00,4,8,0.5,1,2,0.5,0,0,NA,0,1,1,2,0,2,2,3,9,4.9,-19,16.8
JaKarr Sampson,37,36,2016-01-04,22,PHI,H,MIN,10,0,12:01,1,3,0.333,0,1,0,2,2,1,1,2,3,0,0,1,0,3,4,3.1,-1,9.8
JaKarr Sampson,38,37,2016-01-07,22,PHI,H,ATL,-28,1,24:13,0,4,0,0,1,0,4,6,0.667,3,3,6,3,1,0,2,2,4,3.7,6,17
JaKarr Sampson,39,38,2016-01-09,22,PHI,H,TOR,-13,0,17:04,1,3,0.333,0,0,NA,0,2,0,0,1,1,1,0,0,1,2,2,-1.3,3,4.3
JaKarr Sampson,40,39,2016-01-10,22,PHI,H,CLE,-10,0,5:32,0,2,0,0,1,0,0,0,NA,0,1,1,0,1,0,1,1,0,-1.5,-5,2.8
JaKarr Sampson,41,40,2016-01-14,22,PHI,H,CHI,-4,1,24:34,1,3,0.333,0,0,NA,3,4,0.75,1,3,4,2,1,0,2,4,5,3.3,-7,14
JaKarr Sampson,42,41,2016-01-16,22,PHI,H,POR,25,1,22:50,1,4,0.25,0,0,NA,1,2,0.5,0,4,4,2,0,2,1,4,3,1.6,10,14.5
JaKarr Sampson,43,42,2016-01-18,22,PHI,A,NYK,-6,1,17:16,1,4,0.25,0,1,0,0,0,NA,1,1,2,0,1,0,0,1,2,1.2,-12,6.5
JaKarr Sampson,44,43,2016-01-20,22,PHI,A,ORL,9,1,7:41,0,3,0,0,1,0,0,0,NA,0,0,0,0,0,0,0,0,0,-2.1,-8,0
JaKarr Sampson,45,44,2016-01-24,22,PHI,H,BOS,-20,1,8:56,1,3,0.333,0,0,NA,0,0,NA,0,1,1,0,0,0,1,1,2,-0.8,-19,2.8
JaKarr Sampson,48,45,2016-01-30,22,PHI,H,GSW,-3,0,3:44,0,4,0,0,0,NA,0,0,NA,1,1,2,0,0,0,0,0,0,-1.8,4,2.5
JaKarr Sampson,49,46,2016-02-03,22,PHI,H,ATL,-38,0,7:45,2,4,0.5,0,1,0,1,1,1,0,0,0,0,0,0,0,0,5,3,-7,5
JaKarr Sampson,51,47,2016-02-06,22,PHI,H,BRK,5,0,3:24,0,2,0,0,2,0,0,0,NA,0,0,0,0,0,0,1,0,0,-2.4,-4,-0.5
Nerlens Noel,1,1,2015-10-28,21,PHI,A,BOS,-17,1,35:02,5,13,0.385,0,0,NA,4,7,0.571,3,10,13,2,3,2,3,4,14,12,-2,43.3
Nerlens Noel,2,2,2015-10-30,21,PHI,H,UTA,-28,1,35:49,2,12,0.167,0,0,NA,4,4,1,4,6,10,2,0,2,2,3,8,4.6,-20,26.5
Nerlens Noel,3,3,2015-11-02,21,PHI,H,CLE,-7,1,33:27,7,13,0.538,0,0,NA,0,2,0,3,5,8,2,1,3,4,2,14,10.2,-13,33
Nerlens Noel,4,4,2015-11-04,21,PHI,A,MIL,-4,1,33:03,8,16,0.5,0,0,NA,1,2,0.5,5,7,12,1,1,1,3,5,17,11.6,9,37.5
Nerlens Noel,5,5,2015-11-06,21,PHI,A,CLE,-6,1,35:41,9,18,0.5,0,0,NA,0,0,NA,3,9,12,2,5,2,3,1,18,18.2,-7,50
Nerlens Noel,6,6,2015-11-07,21,PHI,H,ORL,-8,1,21:20,1,4,0.25,0,0,NA,0,0,NA,1,3,4,0,0,1,4,3,2,-3.3,-3,7
Nerlens Noel,9,7,2015-11-13,21,PHI,A,OKC,-17,1,31:59,4,12,0.333,0,0,NA,5,6,0.833,2,9,11,2,2,0,4,1,13,8.9,-14,33.3
Nerlens Noel,10,8,2015-11-14,21,PHI,A,SAS,-9,1,31:28,2,8,0.25,0,0,NA,2,4,0.5,0,3,3,2,2,0,3,3,6,0.5,-21,15.3
Nerlens Noel,11,9,2015-11-16,21,PHI,H,DAL,-6,1,38:23,5,12,0.417,0,0,NA,2,4,0.5,2,10,12,1,2,1,5,3,12,6.4,-4,33.5
Nerlens Noel,12,10,2015-11-18,21,PHI,H,IND,-27,1,23:38,1,3,0.333,0,0,NA,0,0,NA,1,2,3,0,0,0,2,0,2,-0.4,-23,4.8
Nerlens Noel,13,11,2015-11-20,21,PHI,A,CHO,-25,0,27:01,7,9,0.778,0,0,NA,2,4,0.5,1,8,9,0,0,0,2,3,16,11.6,-6,26.3
Nerlens Noel,14,12,2015-11-21,21,PHI,A,MIA,-5,1,30:10,4,9,0.444,0,0,NA,2,4,0.5,3,5,8,2,2,0,2,5,10,7.5,-22,26
Nerlens Noel,15,13,2015-11-23,21,PHI,A,MIN,-5,1,32:01,2,6,0.333,0,0,NA,3,3,1,0,5,5,0,2,1,3,3,7,3.6,-7,17.8
Nerlens Noel,16,14,2015-11-25,21,PHI,A,BOS,-4,1,34:04,1,7,0.143,0,0,NA,1,2,0.5,1,7,8,2,0,1,1,3,3,0.8,-20,17.5
Nerlens Noel,19,15,2015-12-01,21,PHI,H,LAL,12,0,26:19,5,7,0.714,0,0,NA,4,6,0.667,2,7,9,3,1,0,3,1,14,13.5,1,30.3
Nerlens Noel,20,16,2015-12-02,21,PHI,A,NYK,-12,1,32:20,3,11,0.273,0,0,NA,0,2,0,1,5,6,0,2,0,4,0,6,-1.1,-13,15.5
Nerlens Noel,21,17,2015-12-05,21,PHI,H,DEN,-3,1,31:13,5,8,0.625,0,0,NA,4,7,0.571,1,4,5,0,0,2,5,2,14,6.7,-5,21.8
Nerlens Noel,22,18,2015-12-07,21,PHI,H,SAS,-51,1,24:03,6,9,0.667,0,0,NA,1,2,0.5,3,3,6,1,2,1,1,4,13,12.5,-25,27.5
Nerlens Noel,23,19,2015-12-10,21,PHI,A,BRK,-9,1,20:57,3,9,0.333,0,0,NA,0,0,NA,2,3,5,1,4,0,1,3,6,5.7,-8,21.3
Nerlens Noel,24,20,2015-12-11,21,PHI,H,DET,-12,1,29:08,3,6,0.5,0,0,NA,4,8,0.5,2,8,10,1,1,2,4,2,10,7.5,-6,29.5
Nerlens Noel,25,21,2015-12-13,21,PHI,A,TOR,-20,1,18:10,1,3,0.333,0,0,NA,0,2,0,2,3,5,4,0,1,2,3,2,2.1,3,15.3
Nerlens Noel,28,22,2015-12-18,21,PHI,H,NYK,-10,1,27:12,4,4,1,0,0,NA,0,0,NA,1,4,5,0,0,3,0,2,8,10,-17,20.3
Nerlens Noel,29,23,2015-12-20,21,PHI,A,CLE,-22,1,31:16,5,10,0.5,0,0,NA,5,11,0.455,4,8,12,1,1,1,1,3,15,13,-15,36.5
Nerlens Noel,30,24,2015-12-22,21,PHI,H,MEM,-14,0,26:33,1,3,0.333,0,0,NA,3,3,1,0,8,8,2,1,1,2,1,5,6.4,-17,21
Nerlens Noel,31,25,2015-12-23,21,PHI,A,MIL,-13,1,27:22,5,8,0.625,0,0,NA,1,1,1,2,3,5,2,3,1,3,0,11,11.8,-9,26.8
Nerlens Noel,32,26,2015-12-26,21,PHI,A,PHO,7,1,30:50,6,7,0.857,0,0,NA,2,3,0.667,4,7,11,0,3,2,4,5,14,14.4,-7,37.3
Nerlens Noel,33,27,2015-12-28,21,PHI,A,UTA,-4,1,30:14,8,9,0.889,0,0,NA,2,3,0.667,2,4,6,1,2,5,4,1,18,18.9,4,39
Nerlens Noel,34,28,2015-12-30,21,PHI,A,SAC,5,1,26:49,8,12,0.667,0,0,NA,4,7,0.571,2,7,9,2,4,0,2,3,20,19.3,13,41.3
Nerlens Noel,35,29,2016-01-01,21,PHI,A,LAL,-9,1,27:38,6,11,0.545,0,0,NA,3,5,0.6,5,7,12,3,3,3,1,2,15,19.9,-1,47.5
Nerlens Noel,36,30,2016-01-02,21,PHI,A,LAC,-31,1,22:20,6,9,0.667,0,0,NA,1,3,0.333,3,5,8,1,0,1,1,2,13,11.5,-26,26
Nerlens Noel,37,31,2016-01-04,21,PHI,H,MIN,10,1,30:34,5,6,0.833,0,0,NA,0,0,NA,2,7,9,1,0,3,3,3,10,9.9,-3,27.3
Nerlens Noel,38,32,2016-01-07,21,PHI,H,ATL,-28,1,23:54,4,8,0.5,0,0,NA,1,2,0.5,6,7,13,2,2,1,4,3,9,9.8,-3,32.3
Nerlens Noel,39,33,2016-01-09,21,PHI,H,TOR,-13,1,32:57,1,4,0.25,0,0,NA,2,4,0.5,1,7,8,2,2,3,2,3,4,5.9,-22,26
Nerlens Noel,40,34,2016-01-10,21,PHI,H,CLE,-10,1,34:35,5,7,0.714,0,0,NA,2,4,0.5,2,7,9,3,1,3,1,1,12,15.6,-9,35.3
Nerlens Noel,41,35,2016-01-14,21,PHI,H,CHI,-4,0,24:18,3,7,0.429,0,0,NA,2,2,1,3,3,6,0,1,3,1,3,8,8.2,-18,23
Nerlens Noel,42,36,2016-01-16,21,PHI,H,POR,25,1,25:54,2,4,0.5,0,0,NA,0,0,NA,1,7,8,1,4,4,1,2,4,10.5,23,31
Nerlens Noel,43,37,2016-01-18,21,PHI,A,NYK,-6,1,47:12,8,14,0.571,0,0,NA,2,4,0.5,3,10,13,1,2,3,0,4,18,18.9,-3,47.3
Nerlens Noel,44,38,2016-01-20,21,PHI,A,ORL,9,1,19:04,2,2,1,0,0,NA,0,2,0,1,7,8,1,0,2,1,1,4,6.1,7,19
Nerlens Noel,45,39,2016-01-24,21,PHI,H,BOS,-20,1,26:43,6,9,0.667,0,0,NA,0,0,NA,3,6,9,1,1,1,3,1,12,11,-19,27.3
Nerlens Noel,46,40,2016-01-26,21,PHI,H,PHO,10,1,30:15,5,7,0.714,0,0,NA,4,4,1,2,7,9,1,3,3,2,5,14,16.4,9,37.8
Nerlens Noel,47,41,2016-01-27,21,PHI,A,DET,-13,1,28:05,9,11,0.818,0,0,NA,2,4,0.5,3,4,7,4,1,1,1,5,20,19.9,-9,38.3
Nerlens Noel,48,42,2016-01-30,21,PHI,H,GSW,-3,1,27:09,3,8,0.375,0,0,NA,3,7,0.429,2,6,8,2,2,1,4,1,9,5.9,1,26
Nerlens Noel,49,43,2016-02-03,21,PHI,H,ATL,-38,1,21:56,5,5,1,0,0,NA,0,1,0,2,5,7,5,2,1,2,4,10,13.6,-6,31.3
Nerlens Noel,50,44,2016-02-05,21,PHI,A,WAS,-12,1,33:24,3,8,0.375,0,0,NA,3,4,0.75,1,7,8,3,1,4,2,3,9,9.7,2,32.5
Nerlens Noel,51,45,2016-02-06,21,PHI,H,BRK,5,1,32:01,8,11,0.727,0,0,NA,2,2,1,2,2,4,2,4,3,3,5,18,18,-3,38.5
Nerlens Noel,52,46,2016-02-08,21,PHI,H,LAC,-6,1,34:17,2,4,0.5,0,0,NA,4,4,1,1,8,9,4,4,1,3,3,8,12.4,7,33.8
Nerlens Noel,54,47,2016-02-19,21,PHI,A,NOP,-7,1,35:49,10,15,0.667,0,0,NA,4,5,0.8,1,8,9,4,2,1,4,2,24,20.9,-7,45.3
Nerlens Noel,55,48,2016-02-21,21,PHI,A,DAL,-26,1,18:41,2,4,0.5,0,0,NA,0,0,NA,1,4,5,2,1,1,1,5,4,4,-2,16.8
Nerlens Noel,56,49,2016-02-23,21,PHI,H,ORL,-9,1,31:49,6,9,0.667,0,0,NA,4,6,0.667,3,8,11,4,2,1,2,2,16,18.5,-7,42.3
Nerlens Noel,57,50,2016-02-24,21,PHI,A,DET,-20,1,20:16,1,6,0.167,0,0,NA,1,1,1,2,2,4,0,2,3,1,1,3,3.9,-17,17.5
Nerlens Noel,58,51,2016-02-26,21,PHI,H,WAS,-9,1,30:45,3,6,0.5,0,0,NA,3,4,0.75,1,7,8,2,2,0,2,3,9,8.6,-13,25
Nerlens Noel,59,52,2016-02-28,21,PHI,A,ORL,-14,1,17:08,4,7,0.571,0,0,NA,2,2,1,1,2,3,0,0,1,1,1,10,7.3,-23,15.3
Nerlens Noel,60,53,2016-02-29,21,PHI,A,WAS,-8,1,25:05,5,8,0.625,1,1,1,0,1,0,2,4,6,2,2,1,2,5,11,9.7,-1,27
Nerlens Noel,61,54,2016-03-02,21,PHI,H,CHO,-20,1,27:18,6,11,0.545,0,0,NA,5,6,0.833,1,2,3,4,2,0,3,4,17,12.8,-6,29.3
Nerlens Noel,64,55,2016-03-09,21,PHI,H,HOU,-14,1,32:13,7,17,0.412,0,0,NA,3,4,0.75,8,1,9,4,2,2,3,4,17,15,-9,40.8
Nerlens Noel,65,56,2016-03-11,21,PHI,H,BRK,6,1,33:35,6,10,0.6,0,0,NA,1,3,0.333,4,7,11,2,2,3,5,4,13,11.4,11,38.8
Nerlens Noel,66,57,2016-03-12,21,PHI,H,DET,-14,1,37:17,3,7,0.429,0,0,NA,6,8,0.75,2,4,6,4,2,1,2,2,12,12.8,-15,30.5
Nerlens Noel,67,58,2016-03-15,21,PHI,A,BRK,-17,1,29:16,8,16,0.5,0,0,NA,2,4,0.5,3,3,6,2,1,1,5,5,18,8.3,-19,30
Nerlens Noel,68,59,2016-03-17,21,PHI,H,WAS,-5,1,34:43,7,11,0.636,0,0,NA,0,2,0,4,12,16,2,7,0,2,4,14,19.5,12,51.5
Nerlens Noel,69,60,2016-03-18,21,PHI,H,OKC,-14,1,34:33,5,15,0.333,0,0,NA,2,3,0.667,5,4,9,2,1,2,2,3,12,8.4,-17,31.3
Nerlens Noel,70,61,2016-03-20,21,PHI,H,BOS,-15,1,24:17,2,8,0.25,0,0,NA,0,4,0,2,6,8,5,2,1,2,6,4,2.6,-14,26.5
Nerlens Noel,71,62,2016-03-21,21,PHI,A,IND,-16,1,24:32,3,5,0.6,0,0,NA,2,4,0.5,2,6,8,2,0,0,3,4,8,4.9,0,19.5
Nerlens Noel,78,63,2016-04-05,21,PHI,H,NOP,14,0,17:33,2,5,0.4,0,0,NA,0,1,0,1,5,6,0,0,1,2,1,4,1.4,9,12.5
Nerlens Noel,79,64,2016-04-08,21,PHI,H,NYK,-7,1,33:21,5,13,0.385,0,0,NA,7,10,0.7,5,5,10,1,2,2,0,3,17,16.6,14,40.5
Nerlens Noel,80,65,2016-04-10,22,PHI,H,MIL,-1,1,42:26,9,12,0.75,0,0,NA,0,0,NA,3,10,13,2,3,1,2,4,18,19.8,5,45.8
Nerlens Noel,81,66,2016-04-12,22,PHI,A,TOR,-24,1,34:13,5,9,0.556,0,0,NA,4,8,0.5,2,8,10,3,3,1,1,4,14,15.1,-20,40
Nerlens Noel,82,67,2016-04-13,22,PHI,A,CHI,-10,1,32:37,3,10,0.3,0,1,0,1,2,0.5,1,5,6,2,3,3,1,5,7,6.5,-13,29
Elton Brand,26,1,2016-03-04,36,PHI,H,MIA,-10,0,13:18,3,6,0.5,0,0,NA,2,2,1,0,4,4,0,0,0,0,2,8,5.4,-6,13
Elton Brand,27,2,2016-03-06,36,PHI,A,MIA,-5,0,6:01,0,1,0,0,0,NA,0,0,NA,0,2,2,2,0,0,1,1,0,-0.1,4,5
Elton Brand,29,3,2016-03-11,37,PHI,H,BRK,6,0,6:52,0,1,0,0,0,NA,0,0,NA,0,2,2,0,1,1,1,2,0,-0.2,3,6
Elton Brand,30,4,2016-03-12,37,PHI,H,DET,-14,0,14:50,5,9,0.556,0,0,NA,0,0,NA,0,3,3,3,3,1,1,1,10,11,-1,25.8
Elton Brand,31,5,2016-03-15,37,PHI,A,BRK,-17,0,12:33,2,6,0.333,0,0,NA,0,0,NA,0,0,0,3,0,0,0,2,4,1.9,-7,8.5
Elton Brand,33,6,2016-03-18,37,PHI,H,OKC,-14,0,8:05,1,3,0.333,0,0,NA,1,2,0.5,0,1,1,0,0,0,0,2,3,0.4,-2,4.3
Elton Brand,34,7,2016-03-20,37,PHI,H,BOS,-15,0,15:28,2,5,0.4,0,0,NA,1,1,1,1,2,3,1,1,2,0,3,5,5.5,5,16.3
Elton Brand,35,8,2016-03-21,37,PHI,A,IND,-16,0,12:33,1,3,0.333,0,0,NA,0,0,NA,0,0,0,0,0,0,0,1,2,-0.1,-18,2
Elton Brand,36,9,2016-03-23,37,PHI,A,DEN,-1,0,3:05,0,1,0,0,0,NA,0,0,NA,0,2,2,0,0,0,1,1,0,-1.5,-9,2
Elton Brand,37,10,2016-03-26,37,PHI,A,POR,-3,0,7:51,1,1,1,0,0,NA,0,0,NA,0,2,2,0,1,0,0,3,2,2.1,2,6.5
Elton Brand,38,11,2016-03-27,37,PHI,A,GSW,-12,0,16:42,5,6,0.833,0,0,NA,0,0,NA,0,3,3,2,0,2,1,3,10,9.3,-1,20.3
Elton Brand,39,12,2016-03-29,37,PHI,H,CHO,-15,0,19:00,3,10,0.3,0,0,NA,1,1,1,3,6,9,0,1,0,0,2,7,5.3,5,20.3
Elton Brand,40,13,2016-04-01,37,PHI,A,CHO,-9,0,24:25,5,9,0.556,0,1,0,3,3,1,1,10,11,1,1,1,2,2,13,12,7,32.8
Elton Brand,41,14,2016-04-02,37,PHI,H,IND,-13,0,22:53,1,4,0.25,0,0,NA,0,0,NA,1,9,10,4,0,0,2,3,2,2.6,10,19.5
Elton Brand,42,15,2016-04-05,37,PHI,H,NOP,14,1,11:06,1,3,0.333,0,0,NA,0,0,NA,0,4,4,0,0,0,1,1,2,0.1,-6,6.5
Elton Brand,43,16,2016-04-08,37,PHI,H,NYK,-7,0,13:01,1,4,0.25,0,0,NA,0,0,NA,3,2,5,1,1,1,1,2,2,2.9,-20,13.3
Elton Brand,44,17,2016-04-10,37,PHI,H,MIL,-1,0,16:58,0,0,NA,0,0,NA,0,0,NA,0,2,2,1,0,0,0,1,0,0.9,-4,4
Christian Wood,1,1,2015-10-28,20,PHI,A,BOS,-17,0,5:36,0,2,0,0,0,NA,0,0,NA,2,0,2,0,0,0,0,0,0,0,-12,2.5
Christian Wood,2,2,2015-10-30,20,PHI,H,UTA,-28,0,5:28,0,1,0,0,1,0,3,4,0.75,0,0,0,0,0,0,0,0,3,1.9,-5,3
Christian Wood,3,3,2015-11-02,20,PHI,H,CLE,-7,0,5:05,2,3,0.667,1,1,1,0,0,NA,0,0,0,1,0,0,0,0,5,4.4,11,7
Christian Wood,5,4,2015-11-06,20,PHI,A,CLE,-6,0,0:45,0,0,NA,0,0,NA,0,0,NA,0,0,0,0,0,0,0,0,0,0,3,0
Christian Wood,6,5,2015-11-07,20,PHI,H,ORL,-8,0,0:21,0,0,NA,0,0,NA,0,0,NA,0,0,0,0,0,0,0,1,0,-0.4,-1,0
Christian Wood,7,6,2015-11-09,20,PHI,H,CHI,-23,0,21:31,4,10,0.4,0,1,0,1,2,0.5,3,5,8,0,1,0,1,1,9,6.4,-9,20.5
Christian Wood,8,7,2015-11-11,20,PHI,H,TOR,-16,0,15:36,2,7,0.286,0,1,0,0,0,NA,0,3,3,1,0,0,0,1,4,1.1,0,9.3
Christian Wood,9,8,2015-11-13,20,PHI,A,OKC,-17,0,18:47,5,7,0.714,1,1,1,4,5,0.8,4,4,8,0,1,2,0,1,15,17.7,1,31.5
Christian Wood,10,9,2015-11-14,20,PHI,A,SAS,-9,0,13:16,2,5,0.4,1,2,0.5,0,0,NA,0,4,4,0,1,0,0,3,5,3.3,-5,12.5
Christian Wood,12,10,2015-11-18,20,PHI,H,IND,-27,0,10:41,1,2,0.5,0,0,NA,0,0,NA,0,3,3,1,1,2,1,2,2,3.2,3,12.8
Christian Wood,13,11,2015-11-20,20,PHI,A,CHO,-25,0,4:04,0,1,0,0,0,NA,0,0,NA,0,0,0,0,0,1,0,0,0,0,-13,2
Christian Wood,20,12,2015-12-02,20,PHI,A,NYK,-12,0,2:11,0,0,NA,0,0,NA,1,2,0.5,1,0,1,0,0,0,0,0,1,1.3,5,2.3
Christian Wood,26,13,2015-12-14,20,PHI,A,CHI,-19,0,8:01,3,5,0.6,1,2,0.5,0,0,NA,0,2,2,0,1,0,0,0,7,6.3,8,12
Christian Wood,27,14,2015-12-16,20,PHI,A,ATL,-21,0,2:29,0,0,NA,0,0,NA,0,0,NA,0,1,1,0,0,0,0,0,0,0.3,-2,1.3
Christian Wood,39,15,2016-03-27,20,PHI,A,GSW,-12,0,4:37,0,1,0,0,1,0,0,0,NA,0,0,0,0,0,0,0,1,0,-1.1,-9,NA
Christian Wood,40,16,2016-03-29,20,PHI,H,CHO,-15,0,6:52,1,4,0.25,0,0,NA,0,0,NA,0,1,1,0,0,0,0,0,2,-0.1,-2,3.3
Christian Wood,46,17,2016-04-12,20,PHI,A,TOR,-24,0,19:27,2,5,0.4,0,1,0,4,8,0.5,3,2,5,0,0,2,0,1,8,7.4,-22,18.3
