Bryce Cotton,20,1,2015-12-30,23,PHO,A,SAS,-33,0,21:15,1,6,0.167,0,2,0,0,0,NA,0,0,0,2,3,0,3,1,2,-0.8,-19,9.5
Bryce Cotton,21,2,2015-12-31,23,PHO,A,OKC,-4,0,5:34,0,0,NA,0,0,NA,0,0,NA,0,0,0,0,0,0,0,0,0,0,6,0
Bryce Cotton,22,3,2016-01-02,23,PHO,A,SAC,-23,0,5:53,1,2,0.5,0,1,0,0,0,NA,0,0,0,1,0,0,2,1,2,-0.7,-1,2.5
Eric Bledsoe,1,1,2015-10-28,25,PHO,H,DAL,-16,1,31:23,4,12,0.333,0,2,0,5,7,0.714,1,3,4,4,0,0,2,4,13,6.2,-25,23
Eric Bledsoe,2,2,2015-10-30,25,PHO,H,POR,18,1,33:14,6,14,0.429,0,2,0,10,11,0.909,0,2,2,3,2,1,3,0,22,16.6,15,33.5
Eric Bledsoe,3,3,2015-10-31,25,PHO,A,POR,11,1,38:23,12,21,0.571,2,6,0.333,7,9,0.778,0,3,3,6,4,2,2,1,33,30.4,11,57.8
Eric Bledsoe,4,4,2015-11-02,25,PHO,A,LAC,-6,1,31:38,6,19,0.316,1,4,0.25,3,4,0.75,0,4,4,7,2,1,3,3,16,9.3,-12,36.5
Eric Bledsoe,5,5,2015-11-04,25,PHO,H,SAC,21,1,32:37,8,18,0.444,2,4,0.5,1,3,0.333,0,6,6,8,4,1,4,0,19,16.9,25,47.5
Eric Bledsoe,6,6,2015-11-06,25,PHO,H,DET,-8,1,37:04,9,23,0.391,2,6,0.333,2,3,0.667,0,2,2,4,3,0,4,6,22,9.1,0,35.5
Eric Bledsoe,7,7,2015-11-08,25,PHO,A,OKC,-21,1,37:04,10,15,0.667,2,2,1,6,7,0.857,1,1,2,11,0,0,2,4,28,26.2,-13,48.5
Eric Bledsoe,8,8,2015-11-12,25,PHO,H,LAC,14,1,34:39,9,13,0.692,2,5,0.4,6,7,0.857,2,8,10,9,2,0,8,4,26,22.6,8,54.5
Eric Bledsoe,9,9,2015-11-14,25,PHO,H,DEN,24,1,29:55,11,16,0.688,3,4,0.75,5,5,1,0,7,7,4,2,0,3,0,30,27.1,31,48.8
Eric Bledsoe,10,10,2015-11-16,25,PHO,H,LAL,19,1,28:17,8,16,0.5,2,6,0.333,3,4,0.75,1,0,1,3,2,0,5,3,21,11.2,7,29.3
Eric Bledsoe,11,11,2015-11-18,25,PHO,H,CHI,-6,1,39:10,7,22,0.318,2,8,0.25,5,7,0.714,0,6,6,7,2,0,2,1,21,13.9,-2,43
Eric Bledsoe,12,12,2015-11-20,25,PHO,A,DEN,7,1,37:27,9,17,0.529,2,4,0.5,2,2,1,0,1,1,3,2,1,4,2,22,14,10,32.8
Eric Bledsoe,13,13,2015-11-22,25,PHO,A,NOP,-6,1,33:49,7,15,0.467,4,8,0.5,11,12,0.917,1,6,7,6,1,0,5,5,29,21.6,-2,48.3
Eric Bledsoe,15,14,2015-11-25,25,PHO,H,NOP,-6,1,37:24,5,16,0.313,1,2,0.5,7,7,1,1,1,2,7,0,2,4,3,18,10.9,-13,33.5
Eric Bledsoe,16,15,2015-11-27,25,PHO,H,GSW,-19,1,34:07,9,13,0.692,3,5,0.6,0,1,0,0,1,1,7,3,0,4,2,21,18.5,-23,38.3
Eric Bledsoe,17,16,2015-11-29,25,PHO,A,TOR,5,1,38:03,5,17,0.294,1,3,0.333,9,11,0.818,0,5,5,11,0,3,3,3,20,16.4,-4,49.3
Eric Bledsoe,18,17,2015-12-01,25,PHO,A,BRK,-3,1,37:31,5,11,0.455,2,4,0.5,5,9,0.556,1,1,2,7,4,0,4,2,17,14.8,8,37
Eric Bledsoe,19,18,2015-12-02,25,PHO,A,DET,-5,1,40:50,8,20,0.4,2,6,0.333,3,3,1,2,2,4,9,2,0,6,5,21,12.5,-20,41.5
Eric Bledsoe,20,19,2015-12-04,25,PHO,A,WAS,-3,1,35:14,9,18,0.5,1,5,0.2,3,4,0.75,2,2,4,7,2,0,2,2,22,18.7,6,41
Eric Bledsoe,21,20,2015-12-06,25,PHO,A,MEM,-2,1,40:11,8,22,0.364,2,6,0.333,5,7,0.714,1,6,7,6,1,0,4,2,23,12.9,-1,41.8
Eric Bledsoe,22,21,2015-12-07,25,PHO,A,CHI,2,1,32:43,7,17,0.412,0,1,0,2,3,0.667,3,6,9,3,3,0,2,2,16,12.7,-6,36.8
Eric Bledsoe,23,22,2015-12-09,26,PHO,H,ORL,3,1,34:45,8,16,0.5,1,4,0.25,4,5,0.8,0,3,3,9,2,1,4,3,21,17.3,12,42.8
Eric Bledsoe,24,23,2015-12-11,26,PHO,H,POR,-10,1,35:26,12,26,0.462,4,10,0.4,3,5,0.6,1,3,4,5,2,1,1,0,31,23.6,-8,51
Eric Bledsoe,25,24,2015-12-13,26,PHO,H,MIN,7,1,35:56,7,13,0.538,1,3,0.333,8,10,0.8,0,5,5,9,4,4,6,0,23,24.5,4,56.3
Eric Bledsoe,26,25,2015-12-14,26,PHO,A,DAL,-10,1,36:58,7,17,0.412,3,8,0.375,6,7,0.857,0,5,5,7,3,2,2,3,23,21.1,7,50.3
Eric Bledsoe,27,26,2015-12-16,26,PHO,A,GSW,-25,1,31:38,3,12,0.25,0,0,NA,0,0,NA,0,5,5,8,2,0,5,2,6,2.1,-18,25.8
Eric Bledsoe,28,27,2015-12-18,26,PHO,H,NOP,16,1,35:19,12,17,0.706,1,3,0.333,4,5,0.8,1,3,4,9,2,0,6,4,29,23.8,18,49
Eric Bledsoe,29,28,2015-12-20,26,PHO,H,MIL,-6,1,33:56,6,11,0.545,1,2,0.5,5,5,1,0,1,1,1,3,0,4,2,18,11.9,-24,25.3
Eric Bledsoe,30,29,2015-12-21,26,PHO,A,UTA,-21,1,26:20,2,10,0.2,0,2,0,4,4,1,0,2,2,3,0,0,0,2,8,3.7,-36,15
Eric Bledsoe,31,30,2015-12-23,26,PHO,H,DEN,-8,1,39:36,2,11,0.182,1,3,0.333,4,5,0.8,0,5,5,7,4,0,4,3,9,6.9,3,32.3
Eric Bledsoe,32,31,2015-12-26,26,PHO,H,PHI,-7,1,8:09,2,4,0.5,0,1,0,0,0,NA,0,2,2,0,0,0,2,2,4,-0.2,-7,5.5
Jon Leuer,1,1,2015-10-28,26,PHO,H,DAL,-16,0,20:13,5,9,0.556,1,3,0.333,3,4,0.75,2,5,7,3,0,1,0,3,14,13.8,1,29.8
Jon Leuer,2,2,2015-10-30,26,PHO,H,POR,18,0,14:36,0,3,0,0,0,NA,1,2,0.5,0,8,8,2,0,0,0,2,1,1.5,5,14
Jon Leuer,3,3,2015-10-31,26,PHO,A,POR,11,0,21:54,3,7,0.429,2,3,0.667,0,0,NA,1,7,8,1,0,0,1,2,8,6,-8,20
Jon Leuer,4,4,2015-11-02,26,PHO,A,LAC,-6,0,11:32,3,4,0.75,1,2,0.5,0,0,NA,2,1,3,0,1,0,0,1,7,7.7,1,13.3
Jon Leuer,5,5,2015-11-04,26,PHO,H,SAC,21,0,14:59,2,3,0.667,1,1,1,0,2,0,0,3,3,0,0,0,0,3,5,2.6,9,9.3
Jon Leuer,6,6,2015-11-06,26,PHO,H,DET,-8,0,13:04,1,4,0.25,1,2,0.5,0,0,NA,2,2,4,1,0,0,2,1,3,0.9,-2,9
Jon Leuer,7,7,2015-11-08,26,PHO,A,OKC,-21,0,11:39,3,6,0.5,1,2,0.5,0,0,NA,0,0,0,0,1,0,0,3,7,3.8,5,9.5
Jon Leuer,8,8,2015-11-12,26,PHO,H,LAC,14,0,24:25,4,13,0.308,1,3,0.333,1,1,1,2,9,11,2,0,1,1,1,10,7.3,5,30.3
Jon Leuer,9,9,2015-11-14,26,PHO,H,DEN,24,1,18:49,2,6,0.333,1,2,0.5,2,2,1,0,5,5,2,0,0,1,2,7,4.7,13,16.3
Jon Leuer,10,10,2015-11-16,26,PHO,H,LAL,19,1,21:02,1,5,0.2,1,2,0.5,0,0,NA,0,3,3,1,1,0,1,0,3,1.5,6,10.3
Jon Leuer,11,11,2015-11-18,26,PHO,H,CHI,-6,0,6:17,0,2,0,0,1,0,1,2,0.5,0,2,2,0,1,0,0,0,1,0.8,-8,5.5
Jon Leuer,12,12,2015-11-20,26,PHO,A,DEN,7,0,21:15,1,4,0.25,1,2,0.5,0,0,NA,0,5,5,2,2,0,1,6,3,2.1,19,16.3
Jon Leuer,13,13,2015-11-22,26,PHO,A,NOP,-6,0,7:20,1,1,1,1,1,1,0,0,NA,2,2,4,0,0,0,1,1,3,3.3,-1,8
Jon Leuer,14,14,2015-11-23,26,PHO,A,SAS,-14,0,11:51,2,3,0.667,0,0,NA,2,2,1,0,4,4,0,1,1,2,2,6,4.8,-6,14
Jon Leuer,15,15,2015-11-25,26,PHO,H,NOP,-6,0,25:03,9,15,0.6,2,4,0.5,0,0,NA,2,10,12,1,0,0,0,4,20,16.6,6,39
Jon Leuer,16,16,2015-11-27,26,PHO,H,GSW,-19,0,10:30,0,3,0,0,2,0,0,0,NA,2,3,5,1,2,0,2,2,0,0.1,-5,10.8
Jon Leuer,17,17,2015-11-29,26,PHO,A,TOR,5,0,22:41,6,10,0.6,2,4,0.5,2,2,1,0,4,4,2,0,1,0,1,16,14.3,4,27
Jon Leuer,18,18,2015-12-01,26,PHO,A,BRK,-3,0,11:44,1,3,0.333,0,1,0,0,0,NA,1,1,2,0,0,0,0,0,2,1.3,6,4.5
Jon Leuer,19,19,2015-12-02,26,PHO,A,DET,-5,1,38:36,8,13,0.615,2,3,0.667,2,2,1,1,5,6,5,2,1,0,4,20,20.9,-10,42
Jon Leuer,20,20,2015-12-04,26,PHO,A,WAS,-3,1,22:41,6,7,0.857,1,2,0.5,0,1,0,0,2,2,1,0,0,1,0,13,10.4,10,17
Jon Leuer,21,21,2015-12-06,26,PHO,A,MEM,-2,1,40:42,3,11,0.273,1,3,0.333,3,5,0.6,1,10,11,4,0,3,3,4,10,6.7,-4,36.3
Jon Leuer,22,22,2015-12-07,26,PHO,A,CHI,2,1,30:15,6,14,0.429,0,4,0,0,0,NA,2,6,8,0,2,1,2,2,12,7.7,2,27
Jon Leuer,23,23,2015-12-09,26,PHO,H,ORL,3,1,27:04,6,11,0.545,0,1,0,3,4,0.75,1,5,6,2,0,1,2,0,15,11.6,3,26.5
Jon Leuer,24,24,2015-12-11,26,PHO,H,POR,-10,1,27:52,6,8,0.75,1,1,1,0,0,NA,2,6,8,0,1,0,1,2,13,12.2,-9,25
Jon Leuer,25,25,2015-12-13,26,PHO,H,MIN,7,1,27:47,6,9,0.667,0,2,0,0,0,NA,0,3,3,4,2,0,1,3,12,11.6,5,25.3
Jon Leuer,26,26,2015-12-14,26,PHO,A,DAL,-10,1,32:31,5,11,0.455,1,3,0.333,4,4,1,4,9,13,3,1,0,2,4,15,14.3,12,38.8
Jon Leuer,27,27,2015-12-16,26,PHO,A,GSW,-25,1,14:03,3,6,0.5,1,2,0.5,0,0,NA,1,4,5,1,2,0,2,0,7,6.6,-23,18.3
Jon Leuer,28,28,2015-12-18,26,PHO,H,NOP,16,1,27:01,6,12,0.5,0,1,0,0,0,NA,2,8,10,0,1,0,1,1,12,9.4,12,27.5
Jon Leuer,29,29,2015-12-20,26,PHO,H,MIL,-6,1,21:47,4,6,0.667,1,1,1,0,2,0,2,4,6,0,0,0,1,3,9,6,-11,16.5
Jon Leuer,30,30,2015-12-21,26,PHO,A,UTA,-21,1,15:36,3,9,0.333,0,2,0,0,0,NA,1,4,5,0,0,0,1,1,6,1.4,-24,11.8
Jon Leuer,31,31,2015-12-23,26,PHO,H,DEN,-8,1,28:37,9,18,0.5,0,0,NA,0,0,NA,3,7,10,0,0,1,1,3,18,11.7,0,33.5
Jon Leuer,32,32,2015-12-26,26,PHO,H,PHI,-7,1,36:16,6,9,0.667,2,3,0.667,0,0,NA,2,7,9,3,1,1,3,3,14,13.2,-1,33.3
Jon Leuer,33,33,2015-12-28,26,PHO,H,CLE,-4,1,25:09,4,8,0.5,2,3,0.667,4,4,1,0,6,6,4,1,1,2,4,14,12.7,-4,31.5
Jon Leuer,34,34,2015-12-30,26,PHO,A,SAS,-33,1,15:08,2,4,0.5,1,1,1,0,0,NA,0,5,5,1,0,0,2,2,5,2.4,-10,12.3
Jon Leuer,36,35,2016-01-02,26,PHO,A,SAC,-23,0,17:09,3,6,0.5,1,3,0.333,4,4,1,0,4,4,1,1,1,3,4,11,7,-1,20.5
Jon Leuer,37,36,2016-01-03,26,PHO,A,LAL,-20,1,14:43,2,5,0.4,0,2,0,0,0,NA,0,2,2,1,0,0,1,1,4,1.2,-9,7.5
Jon Leuer,38,37,2016-01-06,26,PHO,H,CHO,9,1,23:57,5,7,0.714,1,1,1,3,4,0.75,0,3,3,3,0,1,2,1,14,12,-6,23.8
Jon Leuer,39,38,2016-01-08,26,PHO,H,MIA,-8,1,26:27,4,9,0.444,1,2,0.5,0,0,NA,2,7,9,1,0,1,3,2,9,5.4,7,22.8
Jon Leuer,40,39,2016-01-12,26,PHO,A,IND,-19,1,17:12,2,7,0.286,0,2,0,2,2,1,1,4,5,0,0,0,3,1,6,0.4,-8,10.8
Jon Leuer,41,40,2016-01-15,26,PHO,A,BOS,-14,0,12:42,3,5,0.6,1,2,0.5,0,0,NA,1,1,2,2,1,2,1,2,7,7.7,1,18.5
Jon Leuer,42,41,2016-01-17,26,PHO,A,MIN,-30,0,20:39,3,7,0.429,0,2,0,2,4,0.5,0,5,5,0,0,0,1,4,8,2.4,-15,13.8
Jon Leuer,48,42,2016-01-29,26,PHO,A,NYK,-18,0,11:49,0,3,0,0,1,0,0,0,NA,0,4,4,0,0,0,0,0,0,-0.9,2,5
Jon Leuer,50,43,2016-02-02,26,PHO,H,TOR,-7,0,4:10,0,1,0,0,0,NA,0,0,NA,0,2,2,0,0,0,0,0,0,-0.1,-7,2.5
Jon Leuer,55,44,2016-02-19,26,PHO,H,HOU,-16,1,21:26,5,11,0.455,1,3,0.333,5,6,0.833,2,4,6,2,1,2,5,5,16,9.3,3,30.5
Jon Leuer,56,45,2016-02-21,26,PHO,H,SAS,-7,0,18:23,5,7,0.714,1,1,1,2,2,1,0,7,7,2,1,1,0,1,13,14.9,3,29.3
Jon Leuer,57,46,2016-02-22,26,PHO,A,LAC,-40,0,18:38,3,10,0.3,0,1,0,2,2,1,1,5,6,1,1,1,0,4,8,5.2,-13,21
Jon Leuer,58,47,2016-02-25,26,PHO,H,BRK,-10,0,4:38,2,4,0.5,0,1,0,0,1,0,2,0,2,0,0,0,0,1,4,2.6,3,6.5
Jon Leuer,59,48,2016-02-27,26,PHO,H,MEM,5,0,11:05,2,8,0.25,2,3,0.667,2,2,1,0,1,1,0,1,0,3,2,8,0.7,5,10.8
Jon Leuer,60,49,2016-03-01,26,PHO,A,CHO,-34,0,13:04,2,6,0.333,0,2,0,2,2,1,2,3,5,1,0,0,0,1,6,5.2,-10,13.8
Jon Leuer,61,50,2016-03-03,26,PHO,A,MIA,-16,0,8:12,1,4,0.25,0,2,0,0,0,NA,1,2,3,0,0,0,0,2,2,0.1,-7,5.8
Jon Leuer,62,51,2016-03-04,26,PHO,A,ORL,18,0,9:05,2,4,0.5,0,1,0,2,2,1,0,3,3,0,0,0,0,1,6,4.5,-3,9.8
Jon Leuer,63,52,2016-03-06,26,PHO,A,MEM,9,0,11:40,1,1,1,0,0,NA,2,2,1,0,4,4,2,0,0,0,4,4,4.7,2,12
Jon Leuer,64,53,2016-03-09,26,PHO,H,NYK,-31,0,11:41,1,5,0.2,0,0,NA,0,0,NA,1,2,3,2,1,0,1,0,2,1.6,-17,10.3
Jon Leuer,65,54,2016-03-10,26,PHO,A,DEN,-18,0,17:03,8,10,0.8,0,1,0,3,3,1,2,5,7,0,0,0,0,0,19,18.1,-9,27.8
Jon Leuer,66,55,2016-03-12,26,PHO,A,GSW,-7,0,10:21,0,2,0,0,1,0,0,0,NA,0,2,2,0,0,0,0,1,0,-1.2,-11,2.5
Jon Leuer,67,56,2016-03-14,26,PHO,H,MIN,3,0,9:53,4,8,0.5,0,1,0,0,0,NA,1,3,4,1,1,0,1,2,8,5.5,2,16
Jon Leuer,68,57,2016-03-17,26,PHO,A,UTA,-34,0,17:36,6,8,0.75,1,1,1,1,3,0.333,2,6,8,0,2,0,1,0,14,14.2,-13,28
Jon Leuer,69,58,2016-03-18,26,PHO,A,LAL,5,0,14:44,1,2,0.5,0,1,0,3,4,0.75,1,2,3,2,0,2,0,0,5,7.7,5,15.8
Jon Leuer,70,59,2016-03-21,26,PHO,H,MEM,-6,0,31:52,5,11,0.455,1,2,0.5,2,5,0.4,4,9,13,0,0,3,2,4,13,10.1,-2,36.3
Jon Leuer,71,60,2016-03-23,26,PHO,H,LAL,12,1,41:25,8,15,0.533,2,4,0.5,4,4,1,4,10,14,0,1,1,4,2,22,17.4,15,44
Jon Leuer,72,61,2016-03-25,26,PHO,A,SAC,-22,1,16:19,3,7,0.429,1,2,0.5,0,0,NA,1,3,4,0,0,0,1,4,7,2.3,1,12
Jon Leuer,74,62,2016-03-28,26,PHO,A,MIN,-5,0,11:05,0,1,0,0,0,NA,0,0,NA,0,1,1,0,2,0,1,1,0,0.2,-4,4.8
Jon Leuer,75,63,2016-03-30,26,PHO,A,MIL,-11,0,9:53,0,4,0,0,1,0,0,0,NA,0,1,1,1,0,0,0,0,0,-1.8,-4,2.8
Jon Leuer,79,64,2016-04-07,26,PHO,A,HOU,9,0,10:09,1,5,0.2,0,0,NA,2,2,1,3,2,5,1,0,0,0,2,4,3.5,6,11.8
Jon Leuer,80,65,2016-04-09,26,PHO,A,NOP,21,0,20:00,3,7,0.429,0,0,NA,2,4,0.5,0,8,8,1,0,0,0,1,8,6.2,0,19.5
Jon Leuer,81,66,2016-04-11,26,PHO,H,SAC,-4,1,28:00,5,11,0.455,0,0,NA,2,2,1,1,9,10,0,1,1,4,1,12,7,12,28
Jon Leuer,82,67,2016-04-13,26,PHO,H,LAC,9,1,20:21,7,8,0.875,0,0,NA,2,2,1,6,8,14,2,2,1,1,1,16,22.5,7,43.5
Kris Humphries,53,29,2016-02-19,31,PHO,H,HOU,-16,0,27:12,5,13,0.385,2,5,0.4,6,6,1,4,8,12,2,1,2,0,5,18,17.9,4,44.5
Kris Humphries,54,30,2016-02-21,31,PHO,H,SAS,-7,1,24:16,3,7,0.429,1,3,0.333,0,0,NA,1,2,3,4,1,0,1,1,7,7,-8,18.8
Kris Humphries,55,31,2016-02-22,31,PHO,A,LAC,-40,1,11:55,2,7,0.286,0,1,0,0,2,0,0,7,7,0,1,0,0,1,4,1.8,-18,14.8
Kris Humphries,56,32,2016-02-25,31,PHO,H,BRK,-10,1,10:51,0,9,0,0,1,0,0,0,NA,6,4,10,1,0,0,3,1,0,-3.6,1,12.5
John Jenkins,58,22,2016-02-25,24,PHO,H,BRK,-10,0,4:26,1,2,0.5,0,0,NA,0,0,NA,0,1,1,0,0,0,1,0,2,0.3,1,NA
John Jenkins,59,23,2016-02-27,24,PHO,H,MEM,5,0,4:53,0,0,NA,0,0,NA,0,0,NA,0,0,0,0,0,0,0,0,0,0,-8,0
John Jenkins,60,24,2016-03-01,24,PHO,A,CHO,-34,0,13:52,5,7,0.714,1,1,1,0,1,0,0,1,1,1,0,0,0,0,11,8.7,3,14.3
John Jenkins,61,25,2016-03-03,24,PHO,A,MIA,-16,0,26:14,2,8,0.25,0,3,0,1,2,0.5,0,2,2,0,0,0,0,0,5,0.4,-8,7.5
John Jenkins,62,26,2016-03-04,24,PHO,A,ORL,18,0,18:33,1,2,0.5,0,0,NA,0,0,NA,0,2,2,2,0,0,2,0,2,1,1,6.5
John Jenkins,63,27,2016-03-06,25,PHO,A,MEM,9,0,6:56,0,0,NA,0,0,NA,0,0,NA,0,0,0,1,0,0,1,1,0,-0.7,-1,1
John Jenkins,64,28,2016-03-09,25,PHO,H,NYK,-31,0,14:47,5,7,0.714,1,3,0.333,0,0,NA,0,0,0,1,0,0,0,1,11,8.4,-20,13
John Jenkins,66,29,2016-03-12,25,PHO,A,GSW,-7,0,7:29,0,2,0,0,1,0,0,0,NA,1,3,4,0,0,0,0,0,0,0.2,9,5
John Jenkins,68,30,2016-03-17,25,PHO,A,UTA,-34,0,7:23,1,4,0.25,0,1,0,0,0,NA,0,0,0,0,0,0,1,0,2,-1.4,-1,1.5
John Jenkins,69,31,2016-03-18,25,PHO,A,LAL,5,0,5:18,2,2,1,1,1,1,4,4,1,0,0,0,0,0,0,0,0,9,8.4,-5,9.5
John Jenkins,70,32,2016-03-21,25,PHO,H,MEM,-6,0,13:18,3,4,0.75,1,1,1,1,2,0.5,0,4,4,4,0,0,1,0,8,9,10,19
John Jenkins,71,33,2016-03-23,25,PHO,H,LAL,12,0,6:55,2,4,0.5,1,1,1,0,0,NA,0,1,1,1,0,0,1,2,5,2.2,-10,7.8
John Jenkins,72,34,2016-03-25,25,PHO,A,SAC,-22,1,28:53,4,10,0.4,3,3,1,0,0,NA,3,5,8,2,0,0,3,0,11,7.6,-20,24
John Jenkins,73,35,2016-03-26,25,PHO,H,BOS,-3,1,17:18,3,3,1,3,3,1,0,0,NA,0,4,4,1,1,1,2,1,9,9.3,-6,20
John Jenkins,75,36,2016-03-30,25,PHO,A,MIL,-11,0,8:36,1,4,0.25,0,1,0,0,0,NA,0,1,1,0,1,0,0,0,2,0.9,1,5.3
John Jenkins,76,37,2016-04-01,25,PHO,H,WAS,-7,0,16:46,3,3,1,0,0,NA,3,3,1,0,1,1,1,2,0,0,0,9,11.1,0,15.8
John Jenkins,77,38,2016-04-03,25,PHO,H,UTA,-15,0,6:27,0,4,0,0,2,0,2,2,1,0,0,0,2,0,0,0,1,2,0.2,-4,5
John Jenkins,78,39,2016-04-05,25,PHO,A,ATL,-13,0,10:34,1,5,0.2,0,2,0,0,0,NA,0,2,2,1,1,0,0,1,2,0.8,-6,8
John Jenkins,79,40,2016-04-07,25,PHO,A,HOU,9,0,10:09,1,1,1,1,1,1,0,0,NA,0,0,0,1,0,0,1,0,3,2.4,6,4.5
John Jenkins,80,41,2016-04-09,25,PHO,A,NOP,21,0,17:21,3,7,0.429,0,3,0,1,1,1,0,1,1,2,0,0,1,1,7,3.6,5,10.8
John Jenkins,81,42,2016-04-11,25,PHO,H,SAC,-4,0,19:29,1,6,0.167,0,3,0,0,0,NA,0,1,1,3,0,0,2,2,2,-2.2,-16,6.8
John Jenkins,82,43,2016-04-13,25,PHO,H,LAC,9,0,21:18,3,5,0.6,1,2,0.5,0,0,NA,0,2,2,3,0,0,0,1,7,7,-4,14.5
P.J. Tucker,1,1,2015-10-28,30,PHO,H,DAL,-16,1,9:10,1,3,0.333,0,1,0,0,2,0,1,0,1,0,0,0,0,2,2,-0.6,-13,3.3
P.J. Tucker,2,2,2015-10-30,30,PHO,H,POR,18,1,23:45,2,6,0.333,0,3,0,0,0,NA,0,4,4,1,2,0,2,2,4,1.7,15,13.5
P.J. Tucker,3,3,2015-10-31,30,PHO,A,POR,11,1,30:59,2,4,0.5,0,2,0,0,0,NA,2,4,6,0,0,0,0,1,4,4.2,5,11.5
P.J. Tucker,4,4,2015-11-02,30,PHO,A,LAC,-6,1,26:37,1,2,0.5,1,1,1,3,4,0.75,1,2,3,2,1,0,0,2,6,7.5,0,15.3
P.J. Tucker,5,5,2015-11-04,30,PHO,H,SAC,21,1,20:35,3,4,0.75,3,4,0.75,1,3,0.333,0,0,0,2,1,0,2,2,10,7.2,8,15.5
P.J. Tucker,6,6,2015-11-06,30,PHO,H,DET,-8,1,33:45,2,4,0.5,1,2,0.5,0,0,NA,2,8,10,2,1,0,1,2,5,7.4,4,22.5
P.J. Tucker,7,7,2015-11-08,30,PHO,A,OKC,-21,1,21:26,1,5,0.2,1,2,0.5,0,0,NA,1,3,4,1,1,0,1,1,3,1.8,-24,11.5
P.J. Tucker,8,8,2015-11-12,30,PHO,H,LAC,14,1,31:08,3,7,0.429,1,4,0.25,0,0,NA,2,4,6,0,3,0,0,2,7,8.1,21,21
P.J. Tucker,9,9,2015-11-14,30,PHO,H,DEN,24,1,24:02,2,5,0.4,0,2,0,0,0,NA,0,6,6,4,0,0,1,1,4,4.5,31,17
P.J. Tucker,10,10,2015-11-16,30,PHO,H,LAL,19,1,23:43,3,7,0.429,1,4,0.25,4,4,1,3,4,7,1,1,0,0,4,11,10.7,3,23.8
P.J. Tucker,11,11,2015-11-18,30,PHO,H,CHI,-6,1,33:52,8,15,0.533,1,4,0.25,3,3,1,4,3,7,0,0,0,0,2,20,15.6,-17,29.3
P.J. Tucker,12,12,2015-11-20,30,PHO,A,DEN,7,1,24:55,1,4,0.25,0,0,NA,4,4,1,1,3,4,2,1,0,2,3,6,4.4,7,15
P.J. Tucker,13,13,2015-11-22,30,PHO,A,NOP,-6,1,40:14,4,11,0.364,2,4,0.5,2,2,1,3,5,8,0,1,1,0,4,12,9.6,4,27
P.J. Tucker,14,14,2015-11-23,30,PHO,A,SAS,-14,1,29:38,0,5,0,0,2,0,0,0,NA,1,1,2,1,3,0,3,2,0,-2.6,-16,8.5
P.J. Tucker,15,15,2015-11-25,30,PHO,H,NOP,-6,1,24:32,2,5,0.4,0,0,NA,0,0,NA,1,4,5,1,1,0,2,4,4,1.3,-7,12.8
P.J. Tucker,16,16,2015-11-27,30,PHO,H,GSW,-19,1,15:43,1,4,0.25,0,0,NA,0,0,NA,1,1,2,0,0,0,1,2,2,-1.2,-14,4
P.J. Tucker,17,17,2015-11-29,30,PHO,A,TOR,5,1,22:12,2,4,0.5,0,1,0,1,2,0.5,1,4,5,0,1,0,2,3,5,2.3,6,12.3
P.J. Tucker,18,18,2015-12-01,30,PHO,A,BRK,-3,1,31:15,4,6,0.667,1,3,0.333,0,0,NA,1,2,3,1,1,0,1,0,9,8.4,-2,16.3
P.J. Tucker,19,19,2015-12-02,30,PHO,A,DET,-5,1,39:01,1,3,0.333,0,2,0,1,2,0.5,2,4,6,5,1,1,4,4,3,3.1,-14,20
P.J. Tucker,20,20,2015-12-04,30,PHO,A,WAS,-3,1,37:21,3,6,0.5,1,1,1,2,3,0.667,4,9,13,1,1,0,3,6,9,7.4,9,27.8
P.J. Tucker,21,21,2015-12-06,30,PHO,A,MEM,-2,1,27:28,3,7,0.429,0,4,0,0,0,NA,4,5,9,2,1,0,3,0,6,6,9,20.8
P.J. Tucker,22,22,2015-12-07,30,PHO,A,CHI,2,1,17:56,0,1,0,0,0,NA,0,0,NA,0,1,1,0,2,0,4,1,0,-2.8,-12,3.3
P.J. Tucker,23,23,2015-12-09,30,PHO,H,ORL,3,1,31:44,5,9,0.556,1,3,0.333,0,0,NA,3,5,8,0,1,1,1,2,11,10.2,17,25
P.J. Tucker,24,24,2015-12-11,30,PHO,H,POR,-10,1,22:18,1,3,0.333,0,1,0,0,0,NA,1,3,4,2,1,1,0,1,2,4.6,-16,14
P.J. Tucker,25,25,2015-12-13,30,PHO,H,MIN,7,1,33:50,1,6,0.167,1,2,0.5,0,0,NA,3,4,7,0,2,0,0,5,3,2.5,14,16.3
P.J. Tucker,26,26,2015-12-14,30,PHO,A,DAL,-10,1,24:00,3,9,0.333,0,3,0,0,0,NA,3,3,6,3,1,0,1,2,6,5.2,-18,19.5
P.J. Tucker,27,27,2015-12-16,30,PHO,A,GSW,-25,1,19:29,0,2,0,0,1,0,0,0,NA,0,0,0,1,0,1,0,2,0,-0.8,-27,3.5
P.J. Tucker,28,28,2015-12-18,30,PHO,H,NOP,16,1,24:13,2,4,0.5,1,1,1,1,2,0.5,0,3,3,2,1,0,0,1,6,6.5,0,15.3
P.J. Tucker,29,29,2015-12-20,30,PHO,H,MIL,-6,1,24:47,4,4,1,2,2,1,2,3,0.667,2,5,7,2,0,0,2,0,12,12.7,-5,23.8
P.J. Tucker,30,30,2015-12-21,30,PHO,A,UTA,-21,0,25:16,0,4,0,0,1,0,0,0,NA,0,5,5,2,0,0,0,3,0,-1.1,4,9.3
P.J. Tucker,31,31,2015-12-23,30,PHO,H,DEN,-8,0,27:34,3,5,0.6,1,2,0.5,1,2,0.5,2,11,13,0,1,0,1,3,8,8.8,12,26.3
P.J. Tucker,32,32,2015-12-26,30,PHO,H,PHI,-7,1,37:31,3,8,0.375,1,1,1,3,3,1,1,6,7,1,2,0,0,1,10,10.4,-7,24.8
P.J. Tucker,33,33,2015-12-28,30,PHO,H,CLE,-4,1,38:18,6,11,0.545,2,3,0.667,0,0,NA,1,5,6,2,3,0,2,3,14,12.1,-14,30.5
P.J. Tucker,34,34,2015-12-30,30,PHO,A,SAS,-33,1,24:34,1,2,0.5,1,2,0.5,2,2,1,0,2,2,4,1,0,0,1,5,8,-7,16
P.J. Tucker,35,35,2015-12-31,30,PHO,A,OKC,-4,1,41:32,10,14,0.714,2,4,0.5,0,0,NA,2,5,7,3,3,0,1,4,22,21.6,4,41.8
P.J. Tucker,36,36,2016-01-02,30,PHO,A,SAC,-23,1,28:09,1,5,0.2,1,2,0.5,2,2,1,2,2,4,2,1,3,0,2,5,7.6,-25,21.5
P.J. Tucker,37,37,2016-01-03,30,PHO,A,LAL,-20,1,32:19,2,7,0.286,1,3,0.333,0,0,NA,3,5,8,0,1,0,0,2,5,4.7,-33,17.5
P.J. Tucker,38,38,2016-01-06,30,PHO,H,CHO,9,1,31:01,4,8,0.5,2,3,0.667,0,0,NA,0,5,5,2,4,0,2,2,10,10.1,4,27.3
P.J. Tucker,39,39,2016-01-08,30,PHO,H,MIA,-8,1,40:43,2,7,0.286,0,2,0,1,2,0.5,5,6,11,2,2,1,3,1,5,6.5,-3,26.3
P.J. Tucker,40,40,2016-01-12,30,PHO,A,IND,-19,1,34:35,1,8,0.125,0,3,0,3,3,1,5,5,10,5,1,0,0,6,5,6.9,-21,27
P.J. Tucker,41,41,2016-01-15,30,PHO,A,BOS,-14,1,26:50,3,8,0.375,1,3,0.333,0,0,NA,2,3,5,2,2,1,1,3,7,6.8,-16,22.3
P.J. Tucker,42,42,2016-01-17,30,PHO,A,MIN,-30,1,29:15,1,7,0.143,0,1,0,2,4,0.5,2,5,7,5,1,0,1,2,4,4.3,-15,21.8
P.J. Tucker,43,43,2016-01-19,30,PHO,H,IND,-3,1,44:54,3,9,0.333,2,6,0.333,4,4,1,2,8,10,5,0,0,1,4,12,11.6,-2,34
P.J. Tucker,44,44,2016-01-21,30,PHO,H,SAS,-28,1,6:03,0,0,NA,0,0,NA,0,0,NA,0,1,1,0,0,0,0,0,0,0.3,-6,1.3
P.J. Tucker,45,45,2016-01-23,30,PHO,H,ATL,3,1,38:44,6,13,0.462,3,5,0.6,1,2,0.5,1,5,6,2,1,1,2,1,16,11.8,0,31
P.J. Tucker,46,46,2016-01-26,30,PHO,A,PHI,-10,1,32:35,1,8,0.125,1,2,0.5,4,6,0.667,1,4,5,8,2,1,3,4,7,6.6,-11,30.3
P.J. Tucker,47,47,2016-01-27,30,PHO,A,CLE,-22,1,35:28,4,8,0.5,3,5,0.6,2,2,1,4,3,7,2,1,0,1,4,13,12.5,-24,27.8
P.J. Tucker,48,48,2016-01-29,30,PHO,A,NYK,-18,1,35:28,4,8,0.5,0,1,0,1,2,0.5,2,8,10,4,1,2,1,3,9,11.4,-25,33
P.J. Tucker,49,49,2016-01-31,30,PHO,A,DAL,-13,1,42:01,1,5,0.2,0,2,0,0,0,NA,0,5,5,1,1,0,2,3,2,-1.1,-15,10.8
P.J. Tucker,50,50,2016-02-02,30,PHO,H,TOR,-7,1,39:26,4,9,0.444,1,4,0.25,1,2,0.5,3,3,6,2,2,0,1,2,10,9.5,1,24.5
P.J. Tucker,51,51,2016-02-04,30,PHO,H,HOU,-6,1,31:21,4,10,0.4,2,6,0.333,3,3,1,1,8,9,2,5,0,4,5,13,11.1,-12,36.3
P.J. Tucker,52,52,2016-02-06,30,PHO,H,UTA,-9,1,37:42,0,3,0,0,2,0,0,0,NA,0,1,1,4,0,0,2,2,0,-1.8,6,6.3
P.J. Tucker,53,53,2016-02-08,30,PHO,H,OKC,-16,1,45:58,7,10,0.7,0,1,0,2,2,1,3,2,5,2,5,0,2,6,16,16.5,-9,34.3
P.J. Tucker,54,54,2016-02-10,30,PHO,H,GSW,-8,1,45:32,3,11,0.273,2,4,0.5,0,0,NA,1,3,4,4,0,0,3,2,8,2.1,-7,18.5
P.J. Tucker,55,55,2016-02-19,30,PHO,H,HOU,-16,1,33:36,3,8,0.375,2,5,0.4,1,4,0.25,0,5,5,3,2,1,2,1,9,7.3,-25,25.8
P.J. Tucker,56,56,2016-02-21,30,PHO,H,SAS,-7,1,30:26,3,8,0.375,1,2,0.5,0,0,NA,1,4,5,1,1,0,0,2,7,5.4,-9,17.3
P.J. Tucker,57,57,2016-02-22,30,PHO,A,LAC,-40,1,20:59,1,3,0.333,0,1,0,0,0,NA,1,4,5,1,0,0,4,2,2,-1.9,-9,7.8
P.J. Tucker,58,58,2016-02-25,30,PHO,H,BRK,-10,1,31:03,3,6,0.5,1,2,0.5,0,0,NA,3,2,5,2,2,0,0,2,7,9.3,3,20.8
P.J. Tucker,59,59,2016-02-27,30,PHO,H,MEM,5,1,43:07,6,14,0.429,1,5,0.2,4,5,0.8,5,6,11,7,0,1,0,3,17,18.9,13,45.3
P.J. Tucker,60,60,2016-03-01,30,PHO,A,CHO,-34,1,34:17,1,6,0.167,0,1,0,1,2,0.5,3,4,7,0,2,0,0,3,3,2.9,-28,15.8
P.J. Tucker,61,61,2016-03-03,30,PHO,A,MIA,-16,1,31:18,5,8,0.625,0,2,0,0,0,NA,1,4,5,1,2,0,1,3,10,8.8,-10,21.3
P.J. Tucker,62,62,2016-03-04,30,PHO,A,ORL,18,1,31:36,2,5,0.4,1,1,1,2,4,0.5,1,6,7,4,1,0,2,3,7,6.6,19,23.3
P.J. Tucker,63,63,2016-03-06,30,PHO,A,MEM,9,1,30:47,2,4,0.5,0,0,NA,2,2,1,3,7,10,1,0,0,3,5,6,3.9,17,18.5
P.J. Tucker,64,64,2016-03-09,30,PHO,H,NYK,-31,1,29:35,1,5,0.2,0,1,0,2,2,1,1,2,3,1,1,0,1,4,4,1.3,-16,10.8
P.J. Tucker,65,65,2016-03-10,30,PHO,A,DEN,-18,1,18:33,0,9,0,0,5,0,1,2,0.5,6,0,6,1,1,0,1,0,1,-0.8,-1,11.5
P.J. Tucker,66,66,2016-03-12,30,PHO,A,GSW,-7,1,26:36,2,3,0.667,1,1,1,1,2,0.5,0,1,1,1,0,0,0,3,6,4.1,9,9.3
P.J. Tucker,67,67,2016-03-14,30,PHO,H,MIN,3,1,40:26,9,18,0.5,3,6,0.5,2,2,1,6,6,12,5,2,0,2,0,23,23.5,7,51.5
P.J. Tucker,68,68,2016-03-17,30,PHO,A,UTA,-34,1,33:15,3,6,0.5,1,2,0.5,0,0,NA,1,2,3,2,2,0,1,3,7,6.5,-26,17.8
P.J. Tucker,69,69,2016-03-18,30,PHO,A,LAL,5,1,33:16,5,11,0.455,2,6,0.333,1,2,0.5,0,6,6,0,1,1,1,3,13,8.2,0,25
P.J. Tucker,70,70,2016-03-21,30,PHO,H,MEM,-6,1,37:28,4,9,0.444,1,3,0.333,6,7,0.857,2,2,4,2,4,2,3,1,15,15.3,-17,34
P.J. Tucker,71,71,2016-03-23,30,PHO,H,LAL,12,1,42:57,3,9,0.333,0,3,0,0,3,0,6,7,13,6,1,0,0,2,6,10.4,16,33.3
P.J. Tucker,72,72,2016-03-25,30,PHO,A,SAC,-22,1,27:28,2,4,0.5,0,1,0,0,0,NA,1,7,8,1,1,0,1,2,4,4.7,-17,17
P.J. Tucker,73,73,2016-03-26,30,PHO,H,BOS,-3,1,38:29,3,8,0.375,0,2,0,3,3,1,4,6,10,5,1,1,2,3,9,11.2,3,32
P.J. Tucker,74,74,2016-03-28,30,PHO,A,MIN,-5,1,28:03,2,5,0.4,0,3,0,2,2,1,2,4,6,2,0,0,1,5,6,4.3,-15,16
P.J. Tucker,75,75,2016-03-30,30,PHO,A,MIL,-11,1,39:14,7,14,0.5,0,2,0,6,6,1,4,6,10,7,3,0,2,3,20,22.3,-6,49.5
P.J. Tucker,76,76,2016-04-01,30,PHO,H,WAS,-7,1,35:42,7,15,0.467,2,3,0.667,2,2,1,5,5,10,2,1,0,2,2,18,14.9,-7,37
P.J. Tucker,77,77,2016-04-03,30,PHO,H,UTA,-15,1,37:37,5,11,0.455,3,6,0.5,1,1,1,3,6,9,2,1,0,2,2,14,11.8,-19,30.8
P.J. Tucker,78,78,2016-04-05,30,PHO,A,ATL,-13,1,32:01,0,8,0,0,3,0,0,0,NA,3,5,8,2,1,0,4,2,0,-4.4,-12,13
P.J. Tucker,79,79,2016-04-07,30,PHO,A,HOU,9,1,36:53,9,17,0.529,2,5,0.4,4,5,0.8,7,5,12,5,1,0,4,4,24,20.6,5,49
P.J. Tucker,80,80,2016-04-09,30,PHO,A,NOP,21,1,28:00,1,5,0.2,1,3,0.333,4,4,1,0,8,8,4,3,0,1,1,7,10.7,21,29
P.J. Tucker,81,81,2016-04-11,30,PHO,H,SAC,-4,1,34:25,6,11,0.545,1,2,0.5,2,3,0.667,5,5,10,4,2,0,0,3,15,17.9,-2,39.5
P.J. Tucker,82,82,2016-04-13,30,PHO,H,LAC,9,1,30:03,5,9,0.556,1,3,0.333,3,4,0.75,1,6,7,3,1,0,2,3,14,11.7,5,28.8
Chase Budinger,63,50,2016-03-09,27,PHO,H,NYK,-31,0,8:24,1,2,0.5,0,1,0,0,0,NA,0,2,2,1,0,0,0,1,2,1.9,-13,NA
Chase Budinger,65,51,2016-03-12,27,PHO,A,GSW,-7,0,12:22,2,3,0.667,1,2,0.5,0,0,NA,1,2,3,1,0,0,0,4,5,4.1,-18,10.8
Chase Budinger,66,52,2016-03-14,27,PHO,H,MIN,3,0,7:34,2,5,0.4,0,2,0,0,0,NA,0,1,1,0,0,0,0,0,4,1.6,-4,5.3
Chase Budinger,67,53,2016-03-17,27,PHO,A,UTA,-34,0,7:23,1,2,0.5,0,0,NA,0,0,NA,0,1,1,1,0,0,0,0,2,2,-1,4.8
Chase Budinger,68,54,2016-03-18,27,PHO,A,LAL,5,0,14:59,1,2,0.5,0,1,0,0,0,NA,1,1,2,0,0,0,0,0,2,2,5,4.5
Chase Budinger,69,55,2016-03-21,27,PHO,H,MEM,-6,0,10:32,1,1,1,1,1,1,0,0,NA,0,1,1,0,1,0,1,1,3,2.6,11,6.3
Chase Budinger,70,56,2016-03-23,27,PHO,H,LAL,12,0,5:03,0,0,NA,0,0,NA,0,0,NA,0,1,1,0,0,0,1,1,0,-1.1,-4,0.8
Chase Budinger,71,57,2016-03-25,27,PHO,A,SAC,-22,0,24:10,2,7,0.286,0,2,0,2,2,1,3,1,4,3,0,0,0,3,6,5.2,-8,15.5
Chase Budinger,72,58,2016-03-26,27,PHO,H,BOS,-3,0,17:01,3,5,0.6,0,1,0,0,0,NA,3,1,4,1,0,0,3,2,6,3,-9,11
Chase Budinger,73,59,2016-03-28,27,PHO,A,MIN,-5,0,19:57,1,2,0.5,1,2,0.5,0,0,NA,0,1,1,0,0,0,0,0,3,2.3,10,4.8
Chase Budinger,74,60,2016-03-30,27,PHO,A,MIL,-11,0,8:32,0,1,0,0,1,0,0,0,NA,0,0,0,0,0,0,1,0,0,-1.7,-6,-0.5
Chase Budinger,75,61,2016-04-01,27,PHO,H,WAS,-7,0,11:02,2,3,0.667,1,2,0.5,1,2,0.5,0,2,2,1,0,1,3,0,6,3.3,0,11
Chase Budinger,76,62,2016-04-03,27,PHO,H,UTA,-15,0,4:19,0,0,NA,0,0,NA,0,0,NA,0,0,0,0,0,0,0,0,0,0,-1,0
Chase Budinger,77,63,2016-04-05,27,PHO,A,ATL,-13,0,6:44,1,1,1,0,0,NA,0,2,0,0,1,1,2,0,0,0,1,2,2.2,-3,6.3
Chase Budinger,79,64,2016-04-09,27,PHO,A,NOP,21,0,16:30,3,5,0.6,0,1,0,2,2,1,1,0,1,2,0,0,3,1,8,4.4,1,10.8
Chase Budinger,80,65,2016-04-11,27,PHO,H,SAC,-4,0,9:49,0,1,0,0,0,NA,0,0,NA,0,0,0,1,0,0,1,2,0,-1.8,-6,1
Chase Budinger,81,66,2016-04-13,27,PHO,H,LAC,9,0,16:04,3,5,0.6,0,1,0,0,0,NA,3,2,5,2,2,0,0,0,6,9.8,0,19.3
T.J. Warren,1,1,2015-10-28,22,PHO,H,DAL,-16,0,20:07,4,13,0.308,1,3,0.333,0,0,NA,1,3,4,0,0,0,1,0,9,2.1,-4,14
T.J. Warren,2,2,2015-10-30,22,PHO,H,POR,18,0,21:51,7,10,0.7,1,2,0.5,2,4,0.5,1,5,6,1,0,0,1,2,17,13.1,4,26
T.J. Warren,3,3,2015-10-31,22,PHO,A,POR,11,0,18:46,0,6,0,0,2,0,0,0,NA,0,1,1,0,0,0,0,3,0,-5.1,2,1.3
T.J. Warren,4,4,2015-11-02,22,PHO,A,LAC,-6,0,21:29,5,11,0.455,0,1,0,1,2,0.5,4,1,5,1,1,0,0,2,11,8.9,-5,20.8
T.J. Warren,5,5,2015-11-04,22,PHO,H,SAC,21,0,26:39,6,9,0.667,1,2,0.5,0,0,NA,0,4,4,2,1,0,1,1,13,11.3,15,23
T.J. Warren,6,6,2015-11-06,22,PHO,H,DET,-8,0,16:28,2,6,0.333,0,0,NA,1,2,0.5,2,1,3,0,1,0,0,3,5,2.7,-14,10.8
T.J. Warren,7,7,2015-11-08,22,PHO,A,OKC,-21,0,23:12,7,10,0.7,0,0,NA,3,3,1,0,2,2,0,0,0,2,0,17,11.4,1,18.5
T.J. Warren,8,8,2015-11-12,22,PHO,H,LAC,14,0,25:15,7,10,0.7,1,1,1,3,3,1,0,1,1,0,1,1,4,3,18,10.6,5,21.8
T.J. Warren,9,9,2015-11-14,22,PHO,H,DEN,24,0,17:00,3,7,0.429,0,1,0,2,2,1,4,3,7,0,1,0,1,2,8,7.2,2,18.3
T.J. Warren,10,10,2015-11-16,22,PHO,H,LAL,19,0,24:17,9,13,0.692,0,0,NA,1,2,0.5,2,2,4,0,2,0,0,1,19,16.7,16,28
T.J. Warren,12,11,2015-11-20,22,PHO,A,DEN,7,0,11:05,0,1,0,0,0,NA,0,0,NA,0,0,0,2,0,0,0,1,0,0.3,-11,3
T.J. Warren,13,12,2015-11-22,22,PHO,A,NOP,-6,0,21:27,3,9,0.333,3,4,0.75,0,0,NA,1,1,2,0,0,0,0,1,9,4.5,2,13
T.J. Warren,14,13,2015-11-23,22,PHO,A,SAS,-14,0,26:10,7,15,0.467,0,1,0,2,2,1,3,0,3,2,0,1,2,3,16,9.3,-13,23.8
T.J. Warren,15,14,2015-11-25,22,PHO,H,NOP,-6,0,27:18,8,13,0.615,0,0,NA,2,2,1,1,0,1,0,0,0,0,4,18,11.2,4,19.3
T.J. Warren,16,15,2015-11-27,22,PHO,H,GSW,-19,0,35:06,12,16,0.75,2,3,0.667,2,2,1,2,4,6,2,2,0,2,2,28,24.8,-5,42.5
T.J. Warren,17,16,2015-11-29,22,PHO,A,TOR,5,0,29:44,7,13,0.538,0,1,0,1,2,0.5,3,8,11,0,1,3,0,2,15,15.1,2,38.3
T.J. Warren,18,17,2015-12-01,22,PHO,A,BRK,-3,0,18:52,3,6,0.5,0,0,NA,0,0,NA,1,2,3,0,2,0,0,1,6,5.9,-7,13.8
T.J. Warren,19,18,2015-12-02,22,PHO,A,DET,-5,0,21:28,6,11,0.545,0,1,0,0,0,NA,1,3,4,1,1,0,0,3,12,8.8,17,20.5
T.J. Warren,20,19,2015-12-04,22,PHO,A,WAS,-3,0,21:48,5,9,0.556,1,1,1,0,0,NA,0,0,0,2,0,0,1,4,11,5.5,-9,14
T.J. Warren,21,20,2015-12-06,22,PHO,A,MEM,-2,0,13:47,3,4,0.75,0,1,0,0,0,NA,0,0,0,0,1,0,2,3,6,2.2,-14,7
T.J. Warren,22,21,2015-12-07,22,PHO,A,CHI,2,0,24:41,2,8,0.25,0,0,NA,1,1,1,1,2,3,3,2,0,2,3,5,2.4,4,16.3
T.J. Warren,23,22,2015-12-09,22,PHO,H,ORL,3,0,13:15,1,4,0.25,0,1,0,0,0,NA,1,1,2,1,0,0,0,0,2,1.3,-13,6
T.J. Warren,24,23,2015-12-11,22,PHO,H,POR,-10,0,14:42,1,2,0.5,0,0,NA,1,2,0.5,0,1,1,0,0,1,0,0,3,2.6,-5,6.3
T.J. Warren,25,24,2015-12-13,22,PHO,H,MIN,7,0,14:26,3,10,0.3,0,1,0,1,2,0.5,3,2,5,0,1,0,0,2,7,3.7,-5,15.3
T.J. Warren,26,25,2015-12-14,22,PHO,A,DAL,-10,0,19:13,3,5,0.6,0,0,NA,4,5,0.8,1,1,2,0,1,1,0,2,10,9.2,8,16.5
T.J. Warren,27,26,2015-12-16,22,PHO,A,GSW,-25,0,35:40,9,15,0.6,0,1,0,1,2,0.5,2,6,8,3,1,2,1,3,19,17.2,0,39
T.J. Warren,28,27,2015-12-18,22,PHO,H,NOP,16,0,27:32,5,11,0.455,0,1,0,0,0,NA,3,1,4,1,2,0,1,2,10,7.6,17,20
T.J. Warren,29,28,2015-12-20,22,PHO,H,MIL,-6,0,24:08,7,13,0.538,0,1,0,4,4,1,0,1,1,0,0,0,0,2,18,11.2,5,19.3
T.J. Warren,30,29,2015-12-21,22,PHO,A,UTA,-21,1,21:20,4,9,0.444,1,2,0.5,0,0,NA,2,1,3,0,0,0,1,1,9,4.6,-18,12.8
T.J. Warren,31,30,2015-12-23,22,PHO,H,DEN,-8,1,24:18,2,7,0.286,1,2,0.5,0,0,NA,2,3,5,2,2,0,0,2,5,5.8,-13,18.8
T.J. Warren,32,31,2015-12-26,22,PHO,H,PHI,-7,0,10:29,1,5,0.2,1,3,0.333,0,0,NA,1,0,1,0,1,1,0,1,3,1.9,0,8.8
T.J. Warren,33,32,2015-12-28,22,PHO,H,CLE,-4,0,27:29,9,15,0.6,4,5,0.8,1,2,0.5,3,2,5,0,1,0,0,2,23,18.6,7,33.3
T.J. Warren,34,33,2015-12-30,22,PHO,A,SAS,-33,0,22:20,5,10,0.5,0,1,0,1,2,0.5,0,2,2,0,1,1,0,0,11,7.9,-26,17.5
T.J. Warren,35,34,2015-12-31,22,PHO,A,OKC,-4,1,40:54,11,17,0.647,3,5,0.6,4,4,1,1,8,9,3,4,0,0,3,29,29.5,-8,54.3
T.J. Warren,36,35,2016-01-02,22,PHO,A,SAC,-23,1,36:25,9,19,0.474,0,5,0,1,2,0.5,1,4,5,4,0,0,3,4,19,9,-14,29.8
T.J. Warren,37,36,2016-01-03,22,PHO,A,LAL,-20,0,21:04,0,3,0,0,0,NA,0,0,NA,0,0,0,0,0,1,1,0,0,-2.4,4,1.5
T.J. Warren,38,37,2016-01-06,22,PHO,H,CHO,9,0,36:52,7,14,0.5,3,5,0.6,0,0,NA,0,3,3,2,2,0,0,3,17,13.1,15,29.3
T.J. Warren,39,38,2016-01-08,22,PHO,H,MIA,-8,0,19:22,1,6,0.167,0,1,0,0,0,NA,1,1,2,0,0,0,0,2,2,-1.6,-8,4.5
T.J. Warren,40,39,2016-01-12,22,PHO,A,IND,-19,0,32:05,4,14,0.286,1,2,0.5,1,2,0.5,4,0,4,4,1,0,0,1,10,7.6,-11,23.5
T.J. Warren,41,40,2016-01-15,22,PHO,A,BOS,-14,0,20:03,5,9,0.556,1,2,0.5,2,4,0.5,0,3,3,1,1,1,0,4,13,9.6,8,22.8
T.J. Warren,42,41,2016-01-17,22,PHO,A,MIN,-30,0,21:01,3,6,0.5,0,1,0,1,2,0.5,2,0,2,1,0,2,0,3,7,5.9,-11,15
T.J. Warren,43,42,2016-01-19,22,PHO,H,IND,-3,0,3:20,0,1,0,0,0,NA,0,0,NA,0,0,0,0,0,0,1,1,0,-2.1,-3,-0.5
T.J. Warren,44,43,2016-01-21,22,PHO,H,SAS,-28,0,32:57,8,13,0.615,2,2,1,0,0,NA,1,0,1,0,1,0,1,5,18,10.8,-15,21.8
T.J. Warren,45,44,2016-01-23,22,PHO,H,ATL,3,0,16:28,3,8,0.375,0,1,0,0,0,NA,0,1,1,1,1,1,2,0,6,2.3,-8,11.8
T.J. Warren,46,45,2016-01-26,22,PHO,A,PHI,-10,0,22:26,4,8,0.5,0,2,0,0,0,NA,1,2,3,2,0,0,2,3,8,3.5,3,13.8
T.J. Warren,47,46,2016-01-27,22,PHO,A,CLE,-22,0,26:18,5,8,0.625,0,0,NA,1,2,0.5,0,3,3,2,1,0,0,3,11,9.1,-14,19.8
T.J. Warren,48,47,2016-01-29,22,PHO,A,NYK,-18,0,19:36,5,9,0.556,1,2,0.5,1,2,0.5,1,1,2,1,0,0,0,1,12,8.6,-2,16.5
Alan Williams,5,1,2016-03-17,23,PHO,A,UTA,-34,0,2:12,0,0,NA,0,0,NA,1,2,0.5,0,0,0,0,1,0,0,0,1,1.6,0,3
Alan Williams,9,2,2016-03-25,23,PHO,A,SAC,-22,0,11:03,2,3,0.667,0,0,NA,2,4,0.5,2,3,5,0,1,0,1,4,6,4.6,-12,13.8
Alan Williams,11,3,2016-03-28,23,PHO,A,MIN,-5,0,2:46,0,1,0,0,0,NA,0,0,NA,2,0,2,0,0,0,2,2,0,-2.1,-2,1.5
Alan Williams,13,4,2016-04-01,23,PHO,H,WAS,-7,0,0:41,0,0,NA,0,0,NA,0,0,NA,0,0,0,0,0,0,0,0,0,0,2,0
Alan Williams,14,5,2016-04-03,23,PHO,H,UTA,-15,0,1:23,1,1,1,0,0,NA,0,0,NA,0,1,1,0,0,0,0,0,2,2,4,3.3
Alan Williams,15,6,2016-04-05,23,PHO,A,ATL,-13,0,7:20,0,1,0,0,0,NA,1,2,0.5,1,2,3,1,0,0,0,1,1,1.5,11,6.3
Alan Williams,16,7,2016-04-07,23,PHO,A,HOU,9,0,3:17,0,2,0,0,0,NA,0,0,NA,1,1,2,0,0,0,0,1,0,-0.8,-4,2.5
Alan Williams,17,8,2016-04-09,23,PHO,A,NOP,21,0,8:26,1,4,0.25,0,0,NA,1,1,1,2,5,7,2,0,2,0,3,3,5.1,2,18.8
Alan Williams,18,9,2016-04-11,23,PHO,H,SAC,-4,0,8:43,1,3,0.333,0,0,NA,0,0,NA,3,3,6,0,1,0,1,0,2,3.3,-2,11
Alan Williams,19,10,2016-04-13,23,PHO,H,LAC,9,0,22:18,5,9,0.556,0,0,NA,4,5,0.8,3,9,12,2,1,3,2,4,14,15,2,40.5
Mirza Teletovic,1,1,2015-10-28,30,PHO,H,DAL,-16,0,17:38,2,10,0.2,1,5,0.2,0,1,0,1,4,5,1,0,0,1,2,5,-0.8,4,12.8
Mirza Teletovic,2,2,2015-10-30,30,PHO,H,POR,18,0,2:24,0,0,NA,0,0,NA,0,0,NA,0,0,0,0,1,0,0,0,0,1,-1,2
Mirza Teletovic,3,3,2015-10-31,30,PHO,A,POR,11,0,4:03,0,2,0,0,2,0,0,0,NA,0,0,0,0,0,0,0,0,0,-1.4,2,0
Mirza Teletovic,4,4,2015-11-02,30,PHO,A,LAC,-6,0,4:48,0,0,NA,0,0,NA,0,0,NA,0,0,0,0,0,0,0,2,0,-0.8,-1,0
Mirza Teletovic,5,5,2015-11-04,30,PHO,H,SAC,21,0,6:19,1,1,1,1,1,1,0,0,NA,0,2,2,2,1,0,0,0,3,5.7,-3,11
Mirza Teletovic,6,6,2015-11-06,30,PHO,H,DET,-8,0,8:43,1,2,0.5,1,2,0.5,0,0,NA,0,1,1,0,0,0,0,0,3,2.3,-11,4.8
Mirza Teletovic,7,7,2015-11-08,30,PHO,A,OKC,-21,0,6:21,1,3,0.333,1,2,0.5,0,0,NA,1,0,1,0,0,0,0,1,3,1.6,3,4.8
Mirza Teletovic,8,8,2015-11-12,30,PHO,H,LAC,14,0,18:19,2,7,0.286,2,6,0.333,0,0,NA,0,1,1,3,1,0,0,2,6,4.5,2,14.8
Mirza Teletovic,9,9,2015-11-14,30,PHO,H,DEN,24,0,29:11,3,10,0.3,3,7,0.429,2,2,1,2,7,9,3,0,0,2,0,11,8.8,11,27.3
Mirza Teletovic,10,10,2015-11-16,30,PHO,H,LAL,19,0,26:58,4,10,0.4,3,8,0.375,0,0,NA,2,2,4,1,1,1,0,1,11,9.6,13,23
Mirza Teletovic,11,11,2015-11-18,30,PHO,H,CHI,-6,0,13:01,2,5,0.4,2,5,0.4,0,0,NA,0,3,3,1,0,0,0,0,6,4.9,13,12.3
Mirza Teletovic,12,12,2015-11-20,30,PHO,A,DEN,7,0,20:45,6,10,0.6,3,6,0.5,0,0,NA,2,3,5,3,0,1,2,3,15,12.3,2,28.3
Mirza Teletovic,13,13,2015-11-22,30,PHO,A,NOP,-6,0,23:49,4,10,0.4,3,7,0.429,0,0,NA,0,2,2,1,0,1,1,1,11,6.2,-1,18
Mirza Teletovic,14,14,2015-11-23,30,PHO,A,SAS,-14,0,22:30,3,7,0.429,3,4,0.75,0,0,NA,2,4,6,1,2,1,1,0,9,10.3,-4,25
Mirza Teletovic,15,15,2015-11-25,30,PHO,H,NOP,-6,0,21:11,2,9,0.222,1,5,0.2,2,2,1,0,1,1,0,0,0,0,2,7,1,-9,8.8
Mirza Teletovic,16,16,2015-11-27,30,PHO,H,GSW,-19,0,21:01,3,9,0.333,2,5,0.4,2,2,1,0,2,2,1,1,2,0,1,10,8.2,-1,21
Mirza Teletovic,17,17,2015-11-29,30,PHO,A,TOR,5,0,18:19,7,9,0.778,6,7,0.857,0,0,NA,1,1,2,1,0,0,0,0,20,18.2,-4,27
Mirza Teletovic,18,18,2015-12-01,30,PHO,A,BRK,-3,0,19:07,4,9,0.444,4,9,0.444,0,0,NA,0,5,5,0,0,0,0,3,12,7.6,-2,20.3
Mirza Teletovic,19,19,2015-12-02,30,PHO,A,DET,-5,0,39:05,7,13,0.538,4,7,0.571,0,0,NA,0,4,4,1,1,0,2,3,18,11.4,6,27.5
Mirza Teletovic,20,20,2015-12-04,30,PHO,A,WAS,-3,0,7:28,0,2,0,0,1,0,2,3,0.667,1,1,2,1,0,0,1,0,2,0.9,-9,5.5
Mirza Teletovic,21,21,2015-12-06,30,PHO,A,MEM,-2,0,24:26,5,10,0.5,3,8,0.375,1,2,0.5,0,6,6,0,1,0,0,3,14,10.2,-13,25
Mirza Teletovic,22,22,2015-12-07,30,PHO,A,CHI,2,0,31:26,7,12,0.583,4,6,0.667,2,2,1,1,3,4,2,0,2,1,0,20,17.8,12,33.5
Mirza Teletovic,23,23,2015-12-09,30,PHO,H,ORL,3,0,28:29,5,10,0.5,4,8,0.5,1,2,0.5,0,5,5,3,0,0,2,3,15,10,0,26.8
Mirza Teletovic,24,24,2015-12-11,30,PHO,H,POR,-10,0,24:56,5,12,0.417,4,10,0.4,1,2,0.5,0,6,6,2,0,0,2,1,15,9,6,26.5
Mirza Teletovic,25,25,2015-12-13,30,PHO,H,MIN,7,0,20:13,4,7,0.571,0,2,0,0,1,0,0,2,2,0,0,0,1,1,8,3.5,2,10
Mirza Teletovic,26,26,2015-12-14,30,PHO,A,DAL,-10,0,15:29,0,5,0,0,3,0,0,0,NA,0,4,4,0,0,0,1,1,0,-3.7,-22,4.5
Mirza Teletovic,27,27,2015-12-16,30,PHO,A,GSW,-25,0,24:05,9,13,0.692,3,5,0.6,3,3,1,1,3,4,2,0,0,2,2,24,18.7,-6,32.5
Mirza Teletovic,28,28,2015-12-18,30,PHO,H,NOP,16,0,2:53,1,2,0.5,0,0,NA,0,0,NA,0,0,0,0,0,0,0,0,2,1,-8,2
Mirza Teletovic,29,29,2015-12-20,30,PHO,H,MIL,-6,0,10:15,1,8,0.125,1,6,0.167,0,0,NA,0,4,4,1,0,0,1,1,3,-1.7,0,9.5
Mirza Teletovic,30,30,2015-12-21,30,PHO,A,UTA,-21,0,20:35,5,6,0.833,3,4,0.75,4,4,1,0,7,7,0,0,0,1,3,17,14.7,1,26.8
Mirza Teletovic,31,31,2015-12-23,30,PHO,H,DEN,-8,0,9:53,1,3,0.333,1,2,0.5,0,0,NA,0,0,0,0,0,0,2,1,3,-1.1,-1,2.5
Mirza Teletovic,32,32,2015-12-26,30,PHO,H,PHI,-7,0,15:48,2,8,0.25,0,3,0,5,8,0.625,0,2,2,1,0,0,2,2,9,1.5,-19,12
Mirza Teletovic,33,33,2015-12-28,30,PHO,H,CLE,-4,0,11:52,2,7,0.286,1,4,0.25,0,0,NA,0,1,1,1,0,0,1,1,5,0.5,8,7.8
Mirza Teletovic,34,34,2015-12-30,30,PHO,A,SAS,-33,0,10:04,3,6,0.5,2,4,0.5,1,3,0.333,1,1,2,0,1,0,1,4,9,4.6,-8,14
Mirza Teletovic,35,35,2015-12-31,30,PHO,A,OKC,-4,0,23:19,6,11,0.545,3,7,0.429,0,0,NA,2,1,3,2,1,1,2,0,15,12.5,-5,26.3
Mirza Teletovic,36,36,2016-01-02,30,PHO,A,SAC,-23,0,26:46,6,12,0.5,1,4,0.25,0,0,NA,1,1,2,2,0,2,0,2,13,10,-12,23
Mirza Teletovic,37,37,2016-01-03,30,PHO,A,LAL,-20,0,23:12,6,14,0.429,3,9,0.333,1,2,0.5,2,6,8,1,0,0,2,2,16,9.3,19,28
Mirza Teletovic,38,38,2016-01-06,30,PHO,H,CHO,9,0,24:03,6,17,0.353,5,12,0.417,2,2,1,1,7,8,3,1,0,0,1,19,15,15,38
Mirza Teletovic,39,39,2016-01-08,30,PHO,H,MIA,-8,0,18:27,5,8,0.625,3,6,0.5,0,0,NA,1,1,2,1,1,0,1,2,13,10.3,-15,20
Mirza Teletovic,40,40,2016-01-12,30,PHO,A,IND,-19,0,29:33,7,13,0.538,5,8,0.625,0,0,NA,1,4,5,2,0,0,2,4,19,12.4,1,29.8
Mirza Teletovic,41,41,2016-01-15,30,PHO,A,BOS,-14,0,21:12,5,13,0.385,4,7,0.571,8,9,0.889,1,1,2,1,0,0,0,2,22,15.4,11,28
Mirza Teletovic,42,42,2016-01-17,30,PHO,A,MIN,-30,0,14:23,1,7,0.143,0,3,0,0,0,NA,0,1,1,2,0,0,0,2,2,-1.6,-13,6.3
Mirza Teletovic,43,43,2016-01-19,30,PHO,H,IND,-3,0,16:38,2,7,0.286,1,4,0.25,2,3,0.667,1,3,4,0,0,0,3,1,7,0.7,-7,11
Mirza Teletovic,45,44,2016-01-23,30,PHO,H,ATL,3,0,14:31,2,5,0.4,2,5,0.4,0,0,NA,0,3,3,0,2,0,1,2,6,4.4,1,14.3
Mirza Teletovic,46,45,2016-01-26,30,PHO,A,PHI,-10,0,16:12,3,8,0.375,1,6,0.167,2,3,0.667,0,1,1,1,0,1,0,0,9,5.9,1,14.3
Mirza Teletovic,48,46,2016-01-29,30,PHO,A,NYK,-18,0,16:32,2,7,0.286,0,5,0,0,0,NA,0,0,0,1,0,1,0,2,4,0.5,2,7.5
Mirza Teletovic,49,47,2016-01-31,30,PHO,A,DAL,-13,1,20:35,3,11,0.273,2,6,0.333,6,6,1,1,0,1,0,0,1,2,4,14,5.3,-14,17.3
Mirza Teletovic,50,48,2016-02-02,30,PHO,H,TOR,-7,0,24:18,2,8,0.25,2,7,0.286,0,0,NA,0,2,2,2,0,0,0,2,6,2.4,-9,12.5
Mirza Teletovic,51,49,2016-02-04,30,PHO,H,HOU,-6,0,19:14,5,12,0.417,3,8,0.375,2,2,1,2,2,4,0,0,0,0,4,15,9,10,21.5
Mirza Teletovic,52,50,2016-02-06,30,PHO,H,UTA,-9,0,19:32,5,9,0.556,3,5,0.6,2,4,0.5,0,2,2,0,0,1,1,1,15,9.8,-1,20.5
Mirza Teletovic,53,51,2016-02-08,30,PHO,H,OKC,-16,0,20:23,6,12,0.5,1,4,0.25,4,4,1,0,0,0,1,0,0,2,2,17,8.9,-13,18
Mirza Teletovic,54,52,2016-02-10,30,PHO,H,GSW,-8,0,19:39,4,11,0.364,2,4,0.5,4,4,1,0,4,4,0,1,1,0,3,14,9.6,2,24
Mirza Teletovic,55,53,2016-02-19,30,PHO,H,HOU,-16,0,34:16,7,12,0.583,3,7,0.429,8,9,0.889,1,7,8,2,0,0,3,5,25,18.2,-26,38
Mirza Teletovic,56,54,2016-02-21,30,PHO,H,SAS,-7,0,28:54,5,13,0.385,3,8,0.375,1,1,1,1,3,4,2,1,0,1,5,14,7.9,-6,25
Mirza Teletovic,57,55,2016-02-22,30,PHO,A,LAC,-40,0,22:39,4,6,0.667,3,5,0.6,2,2,1,1,5,6,1,0,0,1,2,13,11.5,-33,23
Mirza Teletovic,58,56,2016-02-25,30,PHO,H,BRK,-10,0,30:04,12,23,0.522,5,13,0.385,1,1,1,4,7,11,1,0,0,4,6,30,17.9,-7,47.3
Mirza Teletovic,59,57,2016-02-27,30,PHO,H,MEM,5,0,27:15,6,13,0.462,4,9,0.444,2,4,0.5,2,5,7,1,1,0,1,5,18,12.1,4,31.8
Mirza Teletovic,60,58,2016-03-01,30,PHO,A,CHO,-34,0,20:28,5,12,0.417,4,9,0.444,3,4,0.75,0,1,1,1,0,1,0,1,17,11.5,-12,23.8
Mirza Teletovic,61,59,2016-03-03,30,PHO,A,MIA,-16,0,28:19,3,10,0.3,2,5,0.4,3,4,0.75,0,5,5,0,2,1,1,2,11,7.2,-5,23.8
Mirza Teletovic,62,60,2016-03-04,30,PHO,A,ORL,18,0,26:48,2,10,0.2,2,7,0.286,2,2,1,0,5,5,1,0,0,1,1,8,2.6,-1,16.3
Mirza Teletovic,63,61,2016-03-06,30,PHO,A,MEM,9,0,20:02,6,11,0.545,4,7,0.571,2,2,1,0,1,1,0,0,0,0,2,18,12.2,-4,21.3
Mirza Teletovic,64,62,2016-03-09,30,PHO,H,NYK,-31,0,29:33,4,13,0.308,2,8,0.25,1,3,0.333,1,3,4,0,1,0,0,3,11,4.1,-15,19
Mirza Teletovic,65,63,2016-03-10,30,PHO,A,DEN,-18,0,22:49,1,7,0.143,1,4,0.25,2,2,1,0,3,3,2,0,1,0,2,5,2.7,-7,14.3
Mirza Teletovic,66,64,2016-03-12,30,PHO,A,GSW,-7,0,26:14,5,11,0.455,2,6,0.333,2,4,0.5,0,3,3,0,0,0,1,5,14,5.4,1,18.3
Mirza Teletovic,67,65,2016-03-14,30,PHO,H,MIN,3,0,29:52,7,12,0.583,5,9,0.556,2,2,1,2,6,8,0,1,0,2,3,21,16.4,2,34.5
Mirza Teletovic,68,66,2016-03-17,30,PHO,A,UTA,-34,0,22:22,1,7,0.143,0,5,0,0,0,NA,0,2,2,2,0,0,0,1,2,-0.9,-1,7.5
Mirza Teletovic,69,67,2016-03-18,30,PHO,A,LAL,5,0,19:35,2,7,0.286,1,4,0.25,0,0,NA,0,7,7,3,0,0,2,3,5,1.9,8,17.8
Mirza Teletovic,70,68,2016-03-21,30,PHO,H,MEM,-6,0,23:15,2,8,0.25,0,2,0,6,6,1,0,5,5,2,1,1,2,0,10,7.8,2,22.3
Mirza Teletovic,71,69,2016-03-23,30,PHO,H,LAL,12,0,25:54,6,8,0.75,5,6,0.833,0,0,NA,0,1,1,3,1,0,0,4,17,15.6,4,27.3
Mirza Teletovic,72,70,2016-03-25,30,PHO,A,SAC,-22,0,26:28,5,16,0.313,2,9,0.222,0,0,NA,2,5,7,0,0,0,1,3,12,3.5,-17,21.3
Mirza Teletovic,73,71,2016-03-26,30,PHO,H,BOS,-3,0,32:15,7,17,0.412,1,7,0.143,2,4,0.5,1,8,9,2,2,0,2,5,17,9.6,4,34.8
Mirza Teletovic,74,72,2016-03-28,30,PHO,A,MIN,-5,0,25:38,7,17,0.412,3,9,0.333,2,4,0.5,0,4,4,2,0,0,1,4,19,9.1,0,28
Mirza Teletovic,76,73,2016-04-01,30,PHO,H,WAS,-7,0,32:07,8,20,0.4,2,7,0.286,6,7,0.857,3,9,12,1,0,0,1,3,24,16.1,-14,42.5
Mirza Teletovic,77,74,2016-04-03,30,PHO,H,UTA,-15,0,30:56,9,16,0.563,3,8,0.375,3,4,0.75,2,4,6,0,1,0,5,3,24,13.4,-11,32.5
Mirza Teletovic,78,75,2016-04-05,30,PHO,A,ATL,-13,0,27:34,4,13,0.308,3,8,0.375,1,2,0.5,1,6,7,3,2,0,1,0,12,9.7,1,30.3
Mirza Teletovic,79,76,2016-04-07,30,PHO,A,HOU,9,0,31:16,10,20,0.5,4,9,0.444,2,3,0.667,0,5,5,2,1,0,3,2,26,15.7,23,37.8
Mirza Teletovic,80,77,2016-04-09,30,PHO,A,NOP,21,0,29:05,8,14,0.571,4,8,0.5,2,3,0.667,1,4,5,4,0,1,3,2,22,16.6,10,36.8
Mirza Teletovic,81,78,2016-04-11,30,PHO,H,SAC,-4,0,34:19,10,20,0.5,4,10,0.4,2,2,1,1,2,3,1,2,0,3,4,26,15.4,-6,35.8
Mirza Teletovic,82,79,2016-04-13,30,PHO,H,LAC,9,0,27:39,8,19,0.421,2,7,0.286,4,4,1,4,5,9,2,0,0,2,3,22,14.4,2,36.3
Sonny Weems,1,1,2015-10-28,29,PHO,H,DAL,-16,0,15:15,0,2,0,0,1,0,0,0,NA,0,3,3,2,1,0,1,1,0,0.5,8,8.3
Sonny Weems,2,2,2015-10-30,29,PHO,H,POR,18,0,16:48,1,2,0.5,0,1,0,1,1,1,0,3,3,0,0,0,4,0,3,-1.1,1,4.8
Sonny Weems,3,3,2015-10-31,29,PHO,A,POR,11,0,6:12,0,1,0,0,1,0,0,0,NA,0,0,0,1,1,0,0,0,0,1,0,3.5
Sonny Weems,4,4,2015-11-02,29,PHO,A,LAC,-6,0,7:33,0,1,0,0,0,NA,0,0,NA,0,2,2,0,0,0,1,1,0,-1.5,-8,2
Sonny Weems,5,5,2015-11-04,29,PHO,H,SAC,21,0,6:53,1,1,1,0,0,NA,2,2,1,1,2,3,1,0,0,1,1,4,4.3,5,8.8
Sonny Weems,6,6,2015-11-06,29,PHO,H,DET,-8,0,5:42,0,2,0,0,0,NA,0,0,NA,0,2,2,0,0,0,1,1,0,-2.2,-2,2
Sonny Weems,8,7,2015-11-12,29,PHO,H,LAC,14,0,5:47,1,1,1,0,0,NA,0,0,NA,0,0,0,1,0,0,1,0,2,1.4,-2,3
Sonny Weems,9,8,2015-11-14,29,PHO,H,DEN,24,0,8:20,0,1,0,0,0,NA,0,2,0,0,1,1,3,0,0,1,0,0,-0.1,-5,5.3
Sonny Weems,14,9,2015-11-23,29,PHO,A,SAS,-14,0,1:28,0,1,0,0,1,0,0,0,NA,0,0,0,1,1,0,0,0,0,1,3,3.5
Sonny Weems,16,10,2015-11-27,29,PHO,H,GSW,-19,0,10:57,0,1,0,0,0,NA,0,0,NA,0,2,2,1,0,0,0,1,0,0.2,5,4
Sonny Weems,26,11,2015-12-14,29,PHO,A,DAL,-10,0,12:30,2,3,0.667,2,2,1,3,4,0.75,0,0,0,1,0,0,2,3,9,4.8,7,10.5
Sonny Weems,27,12,2015-12-16,29,PHO,A,GSW,-25,0,6:20,0,0,NA,0,0,NA,0,0,NA,0,0,0,1,0,0,0,1,0,0.3,12,1.5
Sonny Weems,32,13,2015-12-26,29,PHO,H,PHI,-7,0,17:14,1,4,0.25,1,1,1,0,0,NA,0,0,0,3,1,0,1,2,3,1.9,-3,9.5
Sonny Weems,33,14,2015-12-28,29,PHO,H,CLE,-4,0,10:45,1,2,0.5,0,0,NA,0,0,NA,2,1,3,2,0,0,1,1,2,2.7,2,8.3
Sonny Weems,34,15,2015-12-30,29,PHO,A,SAS,-33,0,13:35,0,3,0,0,2,0,0,0,NA,0,2,2,0,0,0,1,1,0,-2.9,-17,2
Sonny Weems,36,16,2016-01-02,29,PHO,A,SAC,-23,0,8:20,2,2,1,2,2,1,0,0,NA,0,0,0,1,0,0,1,1,6,4.7,-1,8
Sonny Weems,37,17,2016-01-03,29,PHO,A,LAL,-20,0,3:50,0,0,NA,0,0,NA,0,0,NA,0,0,0,0,0,0,1,0,0,-1,-9,-0.5
Sonny Weems,40,18,2016-01-12,29,PHO,A,IND,-19,0,2:27,1,1,1,0,0,NA,0,0,NA,0,0,0,0,0,0,0,0,2,1.7,0,2
Sonny Weems,41,19,2016-01-15,29,PHO,A,BOS,-14,0,23:37,4,6,0.667,1,1,1,1,2,0.5,1,5,6,5,2,0,3,2,10,10.9,0,28
Sonny Weems,42,20,2016-01-17,29,PHO,A,MIN,-30,0,16:24,1,2,0.5,0,0,NA,0,0,NA,0,0,0,3,1,0,2,1,2,1.7,-14,7.5
Sonny Weems,43,21,2016-01-19,29,PHO,H,IND,-3,0,10:01,0,2,0,0,1,0,0,0,NA,0,0,0,2,0,0,0,0,0,0,4,3
Sonny Weems,44,22,2016-01-21,29,PHO,H,SAS,-28,0,20:58,1,5,0.2,0,3,0,0,0,NA,0,0,0,1,0,0,2,5,2,-4.4,-28,2.5
Sonny Weems,45,23,2016-01-23,29,PHO,H,ATL,3,0,6:45,0,0,NA,0,0,NA,0,0,NA,0,0,0,1,0,0,0,2,0,-0.1,-7,1.5
Sonny Weems,46,24,2016-01-26,29,PHO,A,PHI,-10,0,22:53,5,8,0.625,2,4,0.5,0,0,NA,1,1,2,1,0,0,1,3,12,7.9,1,16.5
Sonny Weems,47,25,2016-01-27,29,PHO,A,CLE,-22,0,20:42,4,6,0.667,2,3,0.667,0,0,NA,0,2,2,1,1,0,4,1,10,5.3,-5,15
Sonny Weems,48,26,2016-01-29,29,PHO,A,NYK,-18,0,14:43,2,3,0.667,2,3,0.667,0,0,NA,0,0,0,2,0,0,1,0,6,5.1,-4,9.5
Sonny Weems,49,27,2016-01-31,29,PHO,A,DAL,-13,0,12:31,2,6,0.333,1,2,0.5,0,0,NA,0,1,1,1,0,0,1,0,5,1.6,-12,7.8
Sonny Weems,50,28,2016-02-02,29,PHO,H,TOR,-7,0,12:05,1,4,0.25,0,0,NA,0,0,NA,0,1,1,0,0,0,0,2,2,-0.9,-14,3.3
Sonny Weems,51,29,2016-02-04,29,PHO,H,HOU,-6,0,18:29,0,5,0,0,1,0,0,0,NA,0,2,2,3,1,0,2,1,0,-2.2,4,8
Sonny Weems,52,30,2016-02-06,29,PHO,H,UTA,-9,0,5:48,0,1,0,0,1,0,0,0,NA,0,1,1,0,0,0,0,0,0,-0.4,-11,1.3
Sonny Weems,53,31,2016-02-08,29,PHO,H,OKC,-16,0,19:48,0,2,0,0,0,NA,0,0,NA,0,2,2,3,0,0,1,4,0,-1.3,-15,6.5
Sonny Weems,55,32,2016-02-19,29,PHO,H,HOU,-16,0,16:34,1,4,0.25,0,1,0,0,0,NA,0,1,1,3,0,0,2,2,2,-0.8,21,6.8
Sonny Weems,56,33,2016-02-21,29,PHO,H,SAS,-7,0,17:34,3,6,0.5,0,1,0,0,2,0,0,0,0,1,1,0,0,1,6,3.5,2,9.5
Sonny Weems,57,34,2016-02-22,29,PHO,A,LAC,-40,0,16:11,1,1,1,0,0,NA,0,0,NA,1,0,1,1,0,0,1,2,2,1.3,0,4.3
Sonny Weems,58,35,2016-02-25,29,PHO,H,BRK,-10,0,3:07,0,0,NA,0,0,NA,0,0,NA,0,0,0,0,0,1,0,0,0,0.7,-2,2
Sonny Weems,61,36,2016-03-03,29,PHO,A,MIA,-16,0,2:33,0,0,NA,0,0,NA,0,0,NA,0,1,1,1,0,0,0,0,0,1,-7,2.8
Devin Booker,1,1,2015-10-28,18,PHO,H,DAL,-16,0,21:20,6,7,0.857,1,2,0.5,1,3,0.333,0,3,3,0,1,0,0,2,14,11.8,4,20.3
Devin Booker,2,2,2015-10-30,19,PHO,H,POR,18,0,2:24,0,1,0,0,0,NA,0,0,NA,0,0,0,0,0,0,1,1,0,-2.1,-1,-0.5
Devin Booker,5,3,2015-11-04,19,PHO,H,SAC,21,0,6:04,2,3,0.667,1,1,1,0,0,NA,0,0,0,0,1,1,1,0,5,4.4,-3,9
Devin Booker,7,4,2015-11-08,19,PHO,A,OKC,-21,0,9:48,0,3,0,0,0,NA,0,0,NA,0,0,0,1,0,0,0,3,0,-2.6,-5,1.5
Devin Booker,8,5,2015-11-12,19,PHO,H,LAC,14,0,1:07,0,0,NA,0,0,NA,0,0,NA,0,0,0,1,0,0,0,0,0,0.7,-1,1.5
Devin Booker,9,6,2015-11-14,19,PHO,H,DEN,24,0,14:57,2,8,0.25,2,3,0.667,0,0,NA,0,2,2,0,0,0,2,0,6,-0.2,1,8.5
Devin Booker,10,7,2015-11-16,19,PHO,H,LAL,19,0,2:04,1,1,1,1,1,1,0,0,NA,0,0,0,0,0,0,0,0,3,2.7,1,3.5
Devin Booker,11,8,2015-11-18,19,PHO,H,CHI,-6,0,15:09,2,3,0.667,2,2,1,0,0,NA,0,1,1,0,0,2,0,2,6,5.6,9,12.3
Devin Booker,12,9,2015-11-20,19,PHO,A,DEN,7,0,9:37,0,0,NA,0,0,NA,0,0,NA,0,1,1,1,0,0,1,2,0,-0.8,18,2.3
Devin Booker,13,10,2015-11-22,19,PHO,A,NOP,-6,0,16:25,5,8,0.625,1,1,1,4,4,1,0,2,2,0,1,0,0,1,15,12.6,-3,20
Devin Booker,14,11,2015-11-23,19,PHO,A,SAS,-14,1,24:26,2,5,0.4,0,2,0,0,0,NA,1,3,4,1,1,0,1,1,4,3.2,-8,12
Devin Booker,15,12,2015-11-25,19,PHO,H,NOP,-6,0,9:12,2,3,0.667,1,2,0.5,0,0,NA,0,3,3,1,1,0,0,1,5,5.9,5,12.8
Devin Booker,16,13,2015-11-27,19,PHO,H,GSW,-19,0,24:43,2,5,0.4,0,1,0,2,4,0.5,0,0,0,0,1,0,1,3,6,1.3,-2,7.5
Devin Booker,18,14,2015-12-01,19,PHO,A,BRK,-3,0,7:38,0,2,0,0,0,NA,0,0,NA,0,0,0,0,0,0,1,0,0,-2.4,-5,-0.5
Devin Booker,19,15,2015-12-02,19,PHO,A,DET,-5,0,22:50,5,6,0.833,3,3,1,5,5,1,0,1,1,1,0,0,0,5,18,14.8,4,22.3
Devin Booker,20,16,2015-12-04,19,PHO,A,WAS,-3,0,16:03,4,6,0.667,0,0,NA,0,0,NA,0,1,1,0,1,0,1,1,8,5.3,-6,10.8
Devin Booker,21,17,2015-12-06,19,PHO,A,MEM,-2,0,15:22,2,6,0.333,1,1,1,0,0,NA,0,2,2,1,0,0,0,2,5,2.1,-2,9.5
Devin Booker,22,18,2015-12-07,19,PHO,A,CHI,2,0,32:55,6,10,0.6,2,2,1,0,0,NA,0,3,3,5,1,0,1,1,14,13.4,8,27.8
Devin Booker,23,19,2015-12-09,19,PHO,H,ORL,3,0,18:48,1,2,0.5,0,0,NA,0,0,NA,0,0,0,1,0,0,0,3,2,0.5,-10,3.5
Devin Booker,24,20,2015-12-11,19,PHO,H,POR,-10,0,22:07,3,4,0.75,2,2,1,0,0,NA,0,1,1,1,0,1,0,1,8,7.7,1,13.8
Devin Booker,25,21,2015-12-13,19,PHO,H,MIN,7,0,14:24,1,5,0.2,0,1,0,2,2,1,1,0,1,1,0,0,1,3,4,0.1,1,6.3
Devin Booker,26,22,2015-12-14,19,PHO,A,DAL,-10,0,4:47,0,1,0,0,0,NA,0,0,NA,0,1,1,1,0,0,1,0,0,-0.7,0,2.3
Devin Booker,27,23,2015-12-16,19,PHO,A,GSW,-25,0,10:02,0,4,0,0,3,0,0,0,NA,0,0,0,2,0,0,2,2,0,-4.2,-19,2
Devin Booker,29,24,2015-12-20,19,PHO,H,MIL,-6,0,18:01,1,5,0.2,0,3,0,5,5,1,0,2,2,2,3,0,1,1,7,7.5,-1,18
Devin Booker,30,25,2015-12-21,19,PHO,A,UTA,-21,1,12:35,2,4,0.5,0,0,NA,2,2,1,0,0,0,0,0,0,1,2,6,2.2,-20,5.5
Devin Booker,32,26,2015-12-26,19,PHO,H,PHI,-7,0,19:46,6,11,0.545,3,4,0.75,4,7,0.571,1,0,1,0,0,0,0,4,19,11.6,13,21.8
Devin Booker,33,27,2015-12-28,19,PHO,H,CLE,-4,1,29:01,5,6,0.833,0,1,0,0,0,NA,1,2,3,3,0,0,3,2,10,7.4,-7,16.8
Devin Booker,34,28,2015-12-30,19,PHO,A,SAS,-33,1,23:55,4,10,0.4,0,1,0,1,2,0.5,0,3,3,0,0,0,2,2,9,1.3,-9,11.8
Devin Booker,35,29,2015-12-31,19,PHO,A,OKC,-4,1,39:01,4,11,0.364,0,1,0,4,4,1,1,2,3,5,0,0,5,3,12,4.5,-1,20.8
Devin Booker,36,30,2016-01-02,19,PHO,A,SAC,-23,1,41:42,6,10,0.6,2,5,0.4,7,8,0.875,0,1,1,3,4,0,1,2,21,20.6,-14,35.3
Devin Booker,37,31,2016-01-03,19,PHO,A,LAL,-20,1,22:07,5,13,0.385,0,3,0,0,1,0,0,4,4,1,1,0,2,3,10,2.2,-30,17.5
Devin Booker,38,32,2016-01-06,19,PHO,H,CHO,9,0,31:54,7,13,0.538,3,5,0.6,0,0,NA,1,9,10,2,1,0,1,2,17,14.7,10,37
Devin Booker,39,33,2016-01-08,19,PHO,H,MIA,-8,1,37:20,6,17,0.353,1,7,0.143,3,4,0.75,2,4,6,2,1,0,2,5,16,7.1,-2,28
Devin Booker,40,34,2016-01-12,19,PHO,A,IND,-19,1,29:03,8,12,0.667,1,2,0.5,2,3,0.667,1,1,2,2,0,1,4,5,19,10.5,-10,25
Devin Booker,41,35,2016-01-15,19,PHO,A,BOS,-14,1,24:27,2,9,0.222,0,4,0,5,6,0.833,1,4,5,0,0,0,3,3,9,0.8,4,13.8
Devin Booker,42,36,2016-01-17,19,PHO,A,MIN,-30,1,27:23,4,8,0.5,0,0,NA,3,4,0.75,0,0,0,0,0,0,0,4,11,5,-15,11
Devin Booker,43,37,2016-01-19,19,PHO,H,IND,-3,1,39:31,9,16,0.563,6,11,0.545,8,8,1,0,0,0,2,0,0,4,3,32,20.6,-9,36
Devin Booker,44,38,2016-01-21,19,PHO,H,SAS,-28,1,43:31,8,16,0.5,2,6,0.333,6,7,0.857,0,1,1,5,0,0,1,4,24,16.8,-23,33.3
Devin Booker,45,39,2016-01-23,19,PHO,H,ATL,3,1,35:59,6,19,0.316,3,9,0.333,0,0,NA,0,2,2,1,2,0,3,6,15,2,13,23
Devin Booker,46,40,2016-01-26,19,PHO,A,PHI,-10,1,36:15,5,15,0.333,1,3,0.333,1,2,0.5,0,4,4,7,0,0,0,5,12,7.2,-6,28
Devin Booker,47,41,2016-01-27,19,PHO,A,CLE,-22,1,33:31,4,9,0.444,1,4,0.25,7,8,0.875,2,1,3,5,0,0,2,4,16,12.5,-25,26.8
Devin Booker,48,42,2016-01-29,19,PHO,A,NYK,-18,1,26:35,8,15,0.533,3,6,0.5,2,3,0.667,0,0,0,3,0,0,1,5,21,12.4,-16,26.5
Devin Booker,49,43,2016-01-31,19,PHO,A,DAL,-13,1,41:13,6,15,0.4,2,6,0.333,5,5,1,0,7,7,4,0,1,4,6,19,10.1,-6,34.8
Devin Booker,50,44,2016-02-02,19,PHO,H,TOR,-7,1,37:29,9,19,0.474,6,14,0.429,3,4,0.75,0,5,5,0,2,0,4,4,27,14.8,3,38.3
Devin Booker,51,45,2016-02-04,19,PHO,H,HOU,-6,1,41:02,3,12,0.25,2,5,0.4,9,10,0.9,0,3,3,4,1,0,5,2,17,8.3,-5,27.3
Devin Booker,52,46,2016-02-06,19,PHO,H,UTA,-9,1,33:52,6,14,0.429,2,5,0.4,4,4,1,0,3,3,1,1,0,1,5,18,10.2,-12,25.8
Devin Booker,53,47,2016-02-08,19,PHO,H,OKC,-16,1,28:54,1,8,0.125,0,3,0,4,4,1,0,3,3,4,0,1,3,6,6,-0.2,-10,16.3
Devin Booker,54,48,2016-02-10,19,PHO,H,GSW,-8,1,41:35,5,11,0.455,1,4,0.25,4,6,0.667,0,7,7,10,2,0,7,2,15,11.8,-7,41.3
Devin Booker,55,49,2016-02-19,19,PHO,H,HOU,-16,1,30:54,3,11,0.273,2,7,0.286,2,2,1,1,0,1,1,1,0,1,1,10,4.5,-37,15.3
Devin Booker,56,50,2016-02-21,19,PHO,H,SAS,-7,1,24:01,3,9,0.333,1,2,0.5,3,3,1,1,3,4,6,0,0,1,4,10,8.1,-1,24
Devin Booker,57,51,2016-02-22,19,PHO,A,LAC,-40,1,25:42,2,10,0.2,1,3,0.333,0,0,NA,0,1,1,2,0,0,1,6,5,-2.9,-34,9.3
Devin Booker,58,52,2016-02-25,19,PHO,H,BRK,-10,1,30:07,3,12,0.25,1,3,0.333,5,6,0.833,0,1,1,2,0,0,0,4,12,4.5,-18,16.8
Devin Booker,59,53,2016-02-27,19,PHO,H,MEM,5,1,37:50,6,16,0.375,2,9,0.222,1,2,0.5,2,2,4,2,0,0,2,6,15,4.8,17,23
Devin Booker,60,54,2016-03-01,19,PHO,A,CHO,-34,1,34:28,4,16,0.25,1,4,0.25,4,5,0.8,1,1,2,1,1,0,2,3,13,2.5,-39,18.5
Devin Booker,61,55,2016-03-03,19,PHO,A,MIA,-16,1,39:23,11,21,0.524,3,7,0.429,9,9,1,0,3,3,4,0,0,4,4,34,21.8,-8,43.3
Devin Booker,62,56,2016-03-04,19,PHO,A,ORL,18,1,32:57,4,11,0.364,0,0,NA,6,8,0.75,1,3,4,6,0,1,2,2,14,10.8,17,29
Devin Booker,63,57,2016-03-06,19,PHO,A,MEM,9,1,42:49,8,17,0.471,4,11,0.364,7,7,1,0,2,2,9,1,1,3,2,27,23.1,9,47.5
Devin Booker,64,58,2016-03-09,19,PHO,H,NYK,-31,1,38:56,14,28,0.5,3,8,0.375,1,2,0.5,1,2,3,1,0,0,3,2,32,15.8,-25,37.3
Devin Booker,65,59,2016-03-10,19,PHO,A,DEN,-18,1,44:05,12,24,0.5,1,5,0.2,10,11,0.909,0,3,3,5,1,1,5,3,35,22.5,-16,48.3
Devin Booker,66,60,2016-03-12,19,PHO,A,GSW,-7,1,37:23,7,19,0.368,0,5,0,4,5,0.8,0,0,0,11,0,1,0,5,18,13.5,-9,38
Devin Booker,67,61,2016-03-14,19,PHO,H,MIN,3,1,42:31,6,14,0.429,1,4,0.25,3,3,1,0,3,3,6,0,0,6,5,16,5.7,16,26.3
Devin Booker,68,62,2016-03-17,19,PHO,A,UTA,-34,1,31:38,3,14,0.214,1,5,0.2,0,0,NA,1,2,3,3,2,0,3,2,7,0,-41,18.3
Devin Booker,69,63,2016-03-18,19,PHO,A,LAL,5,1,35:50,5,18,0.278,1,5,0.2,10,10,1,1,4,5,7,1,0,2,4,21,14.6,9,39.3
Devin Booker,70,64,2016-03-21,19,PHO,H,MEM,-6,1,32:51,5,13,0.385,2,8,0.25,6,8,0.75,1,3,4,2,0,0,2,5,18,9.1,-21,26
Devin Booker,71,65,2016-03-23,19,PHO,H,LAL,12,1,41:05,12,22,0.545,1,4,0.25,3,4,0.75,0,3,3,7,1,1,2,4,28,20.9,22,45.8
Devin Booker,72,66,2016-03-25,19,PHO,A,SAC,-22,1,34:04,11,21,0.524,2,8,0.25,2,4,0.5,0,5,5,4,2,1,9,3,26,11.7,-16,40.8
Devin Booker,73,67,2016-03-26,19,PHO,H,BOS,-3,1,33:34,8,20,0.4,1,4,0.25,4,4,1,1,3,4,4,1,0,2,4,21,12,9,33.5
Devin Booker,74,68,2016-03-28,19,PHO,A,MIN,-5,1,43:16,10,22,0.455,2,4,0.5,8,9,0.889,0,3,3,5,0,1,4,4,30,17.7,-4,42.3
Devin Booker,75,69,2016-03-30,19,PHO,A,MIL,-11,1,38:03,8,16,0.5,2,6,0.333,0,0,NA,1,3,4,4,0,0,7,3,18,6.2,-18,26.5
Devin Booker,76,70,2016-04-01,19,PHO,H,WAS,-7,1,34:39,6,22,0.273,1,5,0.2,1,2,0.5,1,3,4,0,0,1,3,3,14,-1.3,-5,20
Devin Booker,77,71,2016-04-03,19,PHO,H,UTA,-15,1,40:37,5,15,0.333,2,5,0.4,2,2,1,0,2,2,7,2,1,4,3,14,8.5,-11,32
Devin Booker,78,72,2016-04-05,19,PHO,A,ATL,-13,1,38:40,12,25,0.48,4,9,0.444,6,10,0.6,0,5,5,2,2,0,2,4,34,21,-9,48.3
Devin Booker,79,73,2016-04-07,19,PHO,A,HOU,9,1,37:51,4,15,0.267,1,6,0.167,6,6,1,0,0,0,4,1,1,5,4,15,4,3,23
Devin Booker,80,74,2016-04-09,19,PHO,A,NOP,21,1,26:56,7,11,0.636,1,3,0.333,1,1,1,1,3,4,5,0,1,2,4,16,13.3,17,30
Devin Booker,81,75,2016-04-11,19,PHO,H,SAC,-4,1,32:54,8,20,0.4,0,5,0,6,6,1,1,3,4,4,1,1,4,5,22,11.3,4,35
Devin Booker,82,76,2016-04-13,19,PHO,H,LAC,9,1,26:42,4,14,0.286,2,5,0.4,2,2,1,0,2,2,2,1,1,5,2,12,1.7,13,20
Archie Goodwin,1,1,2015-10-28,21,PHO,H,DAL,-16,0,17:24,3,6,0.5,1,2,0.5,5,6,0.833,0,5,5,1,0,0,1,0,12,9.8,5,19.8
Archie Goodwin,2,2,2015-10-30,21,PHO,H,POR,18,0,2:24,0,0,NA,0,0,NA,1,2,0.5,0,1,1,0,0,1,1,0,1,0.6,-1,3.8
Archie Goodwin,5,3,2015-11-04,21,PHO,H,SAC,21,0,3:31,1,1,1,0,0,NA,0,0,NA,0,0,0,0,0,0,1,0,2,0.7,1,1.5
Archie Goodwin,7,4,2015-11-08,21,PHO,A,OKC,-21,0,14:06,1,2,0.5,0,1,0,1,4,0.25,0,2,2,2,0,0,2,1,3,0.4,4,7.5
Archie Goodwin,8,5,2015-11-12,21,PHO,H,LAC,14,0,7:26,0,0,NA,0,0,NA,0,0,NA,0,1,1,0,0,0,0,2,0,-0.5,-6,1.3
Archie Goodwin,9,6,2015-11-14,21,PHO,H,DEN,24,0,28:48,4,7,0.571,1,2,0.5,3,5,0.6,1,4,5,2,0,0,3,1,12,7.8,8,20.3
Archie Goodwin,10,7,2015-11-16,21,PHO,H,LAL,19,0,24:52,4,9,0.444,0,1,0,4,5,0.8,1,5,6,2,1,0,2,0,12,9.5,9,23.5
Archie Goodwin,11,8,2015-11-18,21,PHO,H,CHI,-6,0,6:40,0,2,0,0,1,0,0,2,0,0,0,0,0,0,0,0,0,0,-2.2,-3,0
Archie Goodwin,12,9,2015-11-20,21,PHO,A,DEN,7,0,5:11,0,2,0,0,0,NA,0,0,NA,0,0,0,0,0,0,0,0,0,-1.4,-12,0
Archie Goodwin,14,10,2015-11-23,21,PHO,A,SAS,-14,0,5:22,0,0,NA,0,0,NA,0,0,NA,0,0,0,0,0,0,0,0,0,0,1,0
Archie Goodwin,16,11,2015-11-27,21,PHO,H,GSW,-19,0,12:00,3,5,0.6,0,0,NA,5,7,0.714,0,2,2,0,1,0,0,2,11,8.7,3,15.5
Archie Goodwin,26,12,2015-12-14,21,PHO,A,DAL,-10,0,10:47,3,4,0.75,0,1,0,0,5,0,0,4,4,1,1,0,1,1,6,3.9,12,14
Archie Goodwin,27,13,2015-12-16,21,PHO,A,GSW,-25,0,12:00,3,6,0.5,0,3,0,3,4,0.75,0,5,5,4,1,0,2,1,9,8.5,15,22.3
Archie Goodwin,30,14,2015-12-21,21,PHO,A,UTA,-21,0,10:24,2,4,0.5,0,1,0,0,0,NA,0,2,2,1,0,0,0,1,4,2.9,7,8
Archie Goodwin,31,15,2015-12-23,21,PHO,H,DEN,-8,0,7:30,2,3,0.667,0,0,NA,1,2,0.5,0,0,0,0,0,0,0,0,5,3.3,-9,5
Archie Goodwin,34,16,2015-12-30,21,PHO,A,SAS,-33,0,16:56,2,8,0.25,0,0,NA,4,4,1,1,0,1,1,0,0,0,0,8,4.6,-8,10.8
Archie Goodwin,36,17,2016-01-02,21,PHO,A,SAC,-23,0,8:20,1,2,0.5,0,0,NA,1,2,0.5,0,1,1,2,1,0,0,1,3,3.9,-1,9.3
Archie Goodwin,37,18,2016-01-03,21,PHO,A,LAL,-20,0,4:24,1,4,0.25,0,0,NA,2,2,1,1,0,1,0,1,0,1,2,4,1.5,-8,6.8
Archie Goodwin,39,19,2016-01-08,21,PHO,H,MIA,-8,0,16:01,4,6,0.667,0,0,NA,1,2,0.5,1,3,4,4,0,0,0,2,9,9.6,4,20
Archie Goodwin,40,20,2016-01-12,21,PHO,A,IND,-19,1,31:28,4,8,0.5,0,1,0,4,10,0.4,0,2,2,3,1,2,1,2,12,8.9,-19,24.5
Archie Goodwin,41,21,2016-01-15,21,PHO,A,BOS,-14,0,20:21,1,8,0.125,0,1,0,0,0,NA,1,2,3,3,0,0,0,0,2,0.2,-14,10.3
Archie Goodwin,42,22,2016-01-17,21,PHO,A,MIN,-30,0,5:32,1,3,0.333,1,1,1,1,2,0.5,0,0,0,0,0,0,0,1,4,1.5,-5,4.5
Archie Goodwin,43,23,2016-01-19,21,PHO,H,IND,-3,0,20:16,2,7,0.286,0,2,0,4,4,1,0,2,2,0,1,1,3,3,8,2,12,13
Archie Goodwin,44,24,2016-01-21,21,PHO,H,SAS,-28,1,38:48,5,14,0.357,2,5,0.4,8,10,0.8,0,3,3,2,1,1,4,2,20,10.6,-27,29.8
Archie Goodwin,45,25,2016-01-23,21,PHO,H,ATL,3,1,41:23,7,17,0.412,2,3,0.667,8,9,0.889,0,1,1,4,2,2,4,0,24,17,5,38.3
Archie Goodwin,46,26,2016-01-26,21,PHO,A,PHI,-10,1,28:58,11,15,0.733,1,2,0.5,3,5,0.6,1,5,6,6,2,0,4,5,26,21.5,-8,45
Archie Goodwin,47,27,2016-01-27,21,PHO,A,CLE,-22,1,30:05,3,10,0.3,1,5,0.2,5,6,0.833,0,2,2,5,2,0,5,1,12,6.5,-5,24
Archie Goodwin,48,28,2016-01-29,21,PHO,A,NYK,-18,1,23:19,3,15,0.2,0,3,0,0,0,NA,3,2,5,2,0,0,4,0,6,-3.2,-13,13.3
Archie Goodwin,49,29,2016-01-31,21,PHO,A,DAL,-13,1,36:24,1,11,0.091,0,3,0,1,2,0.5,2,2,4,0,1,0,3,3,3,-5.9,-16,8.5
Archie Goodwin,50,30,2016-02-02,21,PHO,H,TOR,-7,1,44:48,7,12,0.583,2,2,1,2,2,1,1,1,2,12,0,1,4,3,18,17.3,-1,41
Archie Goodwin,51,31,2016-02-04,21,PHO,H,HOU,-6,1,37:58,7,14,0.5,2,5,0.4,6,6,1,1,0,1,7,0,0,6,2,22,13.8,-9,31.8
Archie Goodwin,52,32,2016-02-06,21,PHO,H,UTA,-9,1,37:04,4,10,0.4,1,4,0.25,5,6,0.833,0,6,6,3,0,1,4,1,14,8.4,3,26.5
Archie Goodwin,53,33,2016-02-08,21,PHO,H,OKC,-16,1,42:07,6,14,0.429,0,2,0,8,10,0.8,1,3,4,7,0,0,2,4,20,14.7,-7,34.5
Archie Goodwin,54,34,2016-02-10,21,PHO,H,GSW,-8,1,28:00,9,16,0.563,1,3,0.333,1,1,1,1,1,2,2,0,0,2,5,20,10.8,-11,25
Archie Goodwin,55,35,2016-02-19,21,PHO,H,HOU,-16,1,30:33,3,13,0.231,0,3,0,4,4,1,0,1,1,4,0,0,4,5,10,-0.8,-15,15.3
Archie Goodwin,56,36,2016-02-21,21,PHO,H,SAS,-7,0,23:59,5,14,0.357,1,4,0.25,3,4,0.75,3,4,7,1,0,0,2,2,14,7,-6,23.8
Archie Goodwin,57,37,2016-02-22,21,PHO,A,LAC,-40,0,37:37,6,19,0.316,1,6,0.167,7,8,0.875,0,1,1,0,1,0,3,1,20,6.6,-24,22.3
Archie Goodwin,58,38,2016-02-25,21,PHO,H,BRK,-10,0,17:40,0,3,0,0,0,NA,0,2,0,0,3,3,2,0,0,1,0,0,-1.6,-16,6.3
Archie Goodwin,59,39,2016-02-27,21,PHO,H,MEM,5,0,24:00,4,9,0.444,0,1,0,4,4,1,0,3,3,0,1,0,0,0,12,9.2,-4,17.8
Archie Goodwin,60,40,2016-03-01,21,PHO,A,CHO,-34,0,21:59,4,11,0.364,0,2,0,2,2,1,1,3,4,2,0,0,1,4,10,4.3,-13,17.5
Archie Goodwin,61,41,2016-03-03,21,PHO,A,MIA,-16,0,23:54,4,9,0.444,0,1,0,2,3,0.667,0,2,2,3,0,0,0,2,10,6.8,-8,17
Archie Goodwin,62,42,2016-03-04,21,PHO,A,ORL,18,0,16:24,4,6,0.667,0,0,NA,2,4,0.5,0,4,4,1,0,0,2,1,10,6.1,-1,15.5
Archie Goodwin,63,43,2016-03-06,21,PHO,A,MEM,9,0,20:31,3,6,0.5,1,3,0.333,1,4,0.25,0,1,1,2,1,0,2,1,8,4.1,-5,13.8
Archie Goodwin,64,44,2016-03-09,21,PHO,H,NYK,-31,0,12:44,3,6,0.5,0,2,0,0,2,0,0,3,3,0,0,0,0,1,6,2.7,-6,9.8
Archie Goodwin,65,45,2016-03-10,21,PHO,A,DEN,-18,0,19:44,3,5,0.6,0,0,NA,2,2,1,0,3,3,0,0,0,1,4,8,4,-14,11.3
Archie Goodwin,66,46,2016-03-12,21,PHO,A,GSW,-7,0,7:48,2,3,0.667,0,0,NA,1,1,1,0,3,3,4,0,0,0,1,5,7,9,14.8
Archie Goodwin,67,47,2016-03-14,21,PHO,H,MIN,3,0,9:04,1,5,0.2,0,1,0,2,4,0.5,2,1,3,0,0,1,2,0,4,0.5,-10,8.8
Archie Goodwin,68,48,2016-03-17,21,PHO,A,UTA,-34,0,7:48,0,2,0,0,1,0,0,0,NA,1,0,1,0,0,0,1,0,0,-1.7,-6,0.8
Archie Goodwin,72,49,2016-03-25,21,PHO,A,SAC,-22,0,23:25,0,7,0,0,4,0,1,3,0.333,1,5,6,3,0,0,4,2,1,-5.2,-4,11
Archie Goodwin,73,50,2016-03-26,21,PHO,H,BOS,-3,0,13:35,3,4,0.75,0,0,NA,2,2,1,0,2,2,1,1,0,1,1,8,7.3,-12,13.5
Archie Goodwin,75,51,2016-03-30,21,PHO,A,MIL,-11,0,4:29,0,0,NA,0,0,NA,0,2,0,0,1,1,0,0,0,0,1,0,-0.9,1,1.3
Archie Goodwin,76,52,2016-04-01,21,PHO,H,WAS,-7,0,12:31,4,5,0.8,0,0,NA,0,0,NA,0,0,0,3,1,0,2,2,8,6.4,-2,13.5
Archie Goodwin,77,53,2016-04-03,21,PHO,H,UTA,-15,0,13:02,2,6,0.333,0,2,0,0,0,NA,0,1,1,2,0,0,4,2,4,-2.5,-4,6.3
Archie Goodwin,78,54,2016-04-05,21,PHO,A,ATL,-13,0,15:44,2,6,0.333,1,2,0.5,0,2,0,0,2,2,1,1,2,4,0,5,0.5,8,13.5
Archie Goodwin,79,55,2016-04-07,21,PHO,A,HOU,9,0,21:20,6,11,0.545,1,4,0.25,3,5,0.6,2,0,2,5,3,0,2,2,16,15,3,31.5
Archie Goodwin,80,56,2016-04-09,21,PHO,A,NOP,21,0,25:06,7,11,0.636,3,5,0.6,7,9,0.778,0,3,3,3,0,1,3,5,24,17,18,34.3
Archie Goodwin,82,57,2016-04-13,21,PHO,H,LAC,9,0,30:15,5,16,0.313,0,4,0,0,1,0,1,2,3,5,2,0,1,1,10,5.8,-4,24.8
Lorenzo Brown,2,1,2016-01-12,25,PHO,A,IND,-19,0,20:02,2,5,0.4,1,3,0.333,2,2,1,0,2,2,5,1,0,5,1,7,4,-4,17
Lorenzo Brown,3,2,2016-01-15,25,PHO,A,BOS,-14,0,4:57,1,2,0.5,0,0,NA,0,0,NA,0,1,1,0,0,0,0,0,2,1.3,-6,3.3
Lorenzo Brown,4,3,2016-01-17,25,PHO,A,MIN,-30,0,9:17,2,5,0.4,0,0,NA,0,0,NA,0,0,0,1,0,0,2,1,4,-0.4,-8,4.5
Lorenzo Brown,5,4,2016-01-19,25,PHO,H,IND,-3,0,5:04,1,4,0.25,0,1,0,1,1,1,0,0,0,0,1,0,0,1,3,1.2,-6,5
Lorenzo Brown,6,5,2016-01-21,25,PHO,H,SAS,-28,0,9:12,0,4,0,0,2,0,0,0,NA,0,4,4,2,0,0,1,0,0,-1.2,-1,7.5
Lorenzo Brown,7,6,2016-01-23,25,PHO,H,ATL,3,0,6:37,1,3,0.333,0,1,0,0,1,0,0,0,0,3,1,0,0,0,2,3,-2,8.5
Lorenzo Brown,8,7,2016-01-26,25,PHO,A,PHI,-10,0,3:15,0,0,NA,0,0,NA,0,0,NA,0,0,0,0,0,1,1,1,0,-0.7,-5,1.5
Lorenzo Brown,9,8,2016-01-27,25,PHO,A,CLE,-22,0,2:20,1,2,0.5,0,1,0,0,0,NA,0,0,0,0,0,0,0,0,2,1,2,2
Phil Pressey,18,15,2016-02-21,25,PHO,H,SAS,-7,0,28:00,2,6,0.333,0,2,0,2,5,0.4,1,1,2,6,1,3,4,5,6,3.7,-2,NA
Phil Pressey,19,16,2016-02-22,25,PHO,A,LAC,-40,0,28:22,2,7,0.286,0,2,0,0,0,NA,0,1,1,10,1,0,3,2,4,4.4,-13,20.8
Phil Pressey,20,17,2016-02-25,25,PHO,H,BRK,-10,0,19:42,4,6,0.667,0,0,NA,2,2,1,0,0,0,4,2,0,4,3,10,7,2,18
Phil Pressey,21,18,2016-02-27,25,PHO,H,MEM,5,0,11:37,0,0,NA,0,0,NA,0,0,NA,1,1,2,4,0,0,2,2,0,1,-1,7.5
Phil Pressey,22,19,2016-03-01,25,PHO,A,CHO,-34,0,12:32,1,4,0.25,0,1,0,0,0,NA,0,2,2,3,1,0,1,0,2,2.3,-18,10.5
Phil Pressey,23,20,2016-03-03,25,PHO,A,MIA,-16,0,2:07,0,0,NA,0,0,NA,0,0,NA,0,0,0,0,1,0,0,0,0,1,-1,2
Phil Pressey,25,21,2016-03-06,25,PHO,A,MEM,9,0,4:41,0,0,NA,0,0,NA,0,0,NA,0,0,0,1,0,0,0,1,0,0.3,2,1.5
Phil Pressey,26,22,2016-03-09,25,PHO,H,NYK,-31,0,6:16,0,0,NA,0,0,NA,0,0,NA,1,0,1,1,1,0,0,0,0,2.4,-2,4.8
Phil Pressey,27,23,2016-03-10,25,PHO,A,DEN,-18,0,0:08,0,0,NA,0,0,NA,0,0,NA,0,0,0,0,0,0,0,1,0,-0.4,0,0
Brandon Knight,1,1,2015-10-28,23,PHO,H,DAL,-16,1,34:25,6,13,0.462,1,4,0.25,2,2,1,1,5,6,3,0,1,6,4,15,5.7,-23,26.5
Brandon Knight,2,2,2015-10-30,23,PHO,H,POR,18,1,33:04,7,14,0.5,2,5,0.4,2,2,1,1,3,4,4,3,0,2,3,18,15.2,14,35
Brandon Knight,3,3,2015-10-31,23,PHO,A,POR,11,1,34:29,10,19,0.526,4,9,0.444,3,4,0.75,1,4,5,5,2,1,2,2,27,22.6,16,47.8
Brandon Knight,4,4,2015-11-02,23,PHO,A,LAC,-6,1,40:39,4,20,0.2,1,8,0.125,3,3,1,1,6,7,8,2,0,1,0,12,8.7,3,36.8
Brandon Knight,5,5,2015-11-04,23,PHO,H,SAC,21,1,32:37,7,16,0.438,3,6,0.5,0,0,NA,1,1,2,7,1,1,3,1,17,12.8,5,34
Brandon Knight,6,6,2015-11-06,23,PHO,H,DET,-8,1,38:43,8,19,0.421,3,9,0.333,3,4,0.75,0,2,2,3,1,2,2,1,22,14.2,0,35.5
Brandon Knight,7,7,2015-11-08,23,PHO,A,OKC,-21,1,32:17,6,14,0.429,2,6,0.333,0,0,NA,0,4,4,1,0,1,8,2,14,0.4,-23,19.5
Brandon Knight,8,8,2015-11-12,23,PHO,H,LAC,14,1,34:14,14,22,0.636,6,10,0.6,3,4,0.75,0,2,2,4,0,0,1,3,37,28,21,48
Brandon Knight,9,9,2015-11-14,23,PHO,H,DEN,24,1,22:20,4,12,0.333,1,3,0.333,1,1,1,0,1,1,0,1,0,3,2,10,0.7,8,12.3
Brandon Knight,10,10,2015-11-16,23,PHO,H,LAL,19,1,40:47,11,23,0.478,3,8,0.375,5,7,0.714,3,7,10,15,4,0,2,3,30,33,21,78
Brandon Knight,11,11,2015-11-18,23,PHO,H,CHI,-6,1,38:18,8,20,0.4,1,2,0.5,6,6,1,1,2,3,4,1,0,5,2,23,11.5,-3,32.8
Brandon Knight,12,12,2015-11-20,23,PHO,A,DEN,7,1,36:19,11,20,0.55,6,10,0.6,10,12,0.833,4,7,11,6,2,1,5,1,38,34,10,68.8
Brandon Knight,13,13,2015-11-22,23,PHO,A,NOP,-6,1,37:26,5,18,0.278,2,6,0.333,7,8,0.875,0,3,3,7,2,0,4,5,19,9.8,-11,36.3
Brandon Knight,14,14,2015-11-23,23,PHO,A,SAS,-14,1,38:00,7,15,0.467,2,4,0.5,2,2,1,0,3,3,8,1,0,8,2,18,9,-12,32.8
Brandon Knight,15,15,2015-11-25,23,PHO,H,NOP,-6,1,42:23,10,21,0.476,4,9,0.444,5,8,0.625,1,3,4,10,4,0,1,1,29,28.3,-1,60
Brandon Knight,16,16,2015-11-27,23,PHO,H,GSW,-19,1,34:44,9,19,0.474,1,6,0.167,2,3,0.667,0,1,1,5,1,0,0,3,21,14.5,-17,32.3
Brandon Knight,17,17,2015-11-29,23,PHO,A,TOR,5,1,36:46,6,17,0.353,2,6,0.333,2,2,1,2,4,6,4,2,1,0,1,16,14.2,7,36.5
Brandon Knight,18,18,2015-12-01,23,PHO,A,BRK,-3,1,37:40,9,18,0.5,3,7,0.429,5,7,0.714,0,7,7,4,0,0,3,0,26,18.1,2,40.8
Brandon Knight,19,19,2015-12-02,24,PHO,A,DET,-5,1,38:01,8,21,0.381,3,11,0.273,3,3,1,0,2,2,4,0,0,1,2,22,12.1,-17,31.5
Brandon Knight,20,20,2015-12-04,24,PHO,A,WAS,-3,1,37:33,7,16,0.438,4,7,0.571,1,3,0.333,1,4,5,5,1,1,5,2,19,11.1,-2,36.3
Brandon Knight,21,21,2015-12-06,24,PHO,A,MEM,-2,1,37:17,7,15,0.467,2,7,0.286,1,1,1,1,3,4,5,1,0,5,3,17,9.2,-3,30
Brandon Knight,22,22,2015-12-07,24,PHO,A,CHI,2,1,36:03,7,14,0.5,1,4,0.25,6,7,0.857,1,2,3,3,1,0,3,1,21,14.6,11,30.3
Brandon Knight,23,23,2015-12-09,24,PHO,H,ORL,3,1,38:30,8,16,0.5,0,5,0,5,5,1,0,6,6,5,6,0,5,1,21,18.9,1,45.5
Brandon Knight,24,24,2015-12-11,24,PHO,H,POR,-10,1,32:49,0,12,0,0,8,0,1,1,1,0,5,5,10,2,0,3,2,1,-0.7,-17,24.8
Brandon Knight,25,25,2015-12-13,24,PHO,H,MIN,7,1,34:39,9,19,0.474,7,14,0.5,0,0,NA,1,2,3,6,4,2,5,3,25,20,2,50.8
Brandon Knight,26,26,2015-12-14,24,PHO,A,DAL,-10,1,31:13,5,11,0.455,2,4,0.5,0,0,NA,1,3,4,3,1,0,2,1,12,8.6,-19,23.5
Brandon Knight,27,27,2015-12-16,24,PHO,A,GSW,-25,1,29:16,7,16,0.438,0,4,0,3,3,1,0,1,1,2,0,0,3,3,17,6.1,-27,19.8
Brandon Knight,28,28,2015-12-18,24,PHO,H,NOP,16,1,40:35,4,11,0.364,1,6,0.167,1,2,0.5,0,2,2,3,0,0,5,4,10,-0.4,10,15
Brandon Knight,29,29,2015-12-20,24,PHO,H,MIL,-6,1,28:31,3,10,0.3,1,1,1,2,2,1,0,2,2,4,1,0,2,4,9,4,-3,19
Brandon Knight,30,30,2015-12-21,24,PHO,A,UTA,-21,0,35:18,8,17,0.471,2,8,0.25,8,8,1,1,1,2,2,0,0,3,4,26,15.1,1,31
Brandon Knight,31,31,2015-12-23,24,PHO,H,DEN,-8,1,40:46,8,18,0.444,1,5,0.2,4,6,0.667,2,2,4,10,0,0,5,1,21,14.4,-7,40.5
Brandon Knight,32,32,2015-12-26,24,PHO,H,PHI,-7,1,38:09,7,23,0.304,1,7,0.143,6,7,0.857,0,3,3,7,3,0,5,4,21,9.5,10,39.3
Brandon Knight,33,33,2015-12-28,24,PHO,H,CLE,-4,1,37:34,7,18,0.389,2,6,0.333,2,2,1,1,2,3,4,1,0,3,4,18,8.7,-8,29.3
Brandon Knight,34,34,2015-12-30,24,PHO,A,SAS,-33,1,26:45,5,13,0.385,1,3,0.333,0,0,NA,0,0,0,4,0,0,2,1,11,4.3,-14,16.5
Brandon Knight,35,35,2015-12-31,24,PHO,A,OKC,-4,1,42:26,6,20,0.3,0,3,0,3,3,1,0,2,2,6,2,0,5,5,15,3.2,-10,28
Brandon Knight,36,36,2016-01-02,24,PHO,A,SAC,-23,1,32:15,9,17,0.529,1,4,0.25,4,5,0.8,0,5,5,5,1,0,0,1,23,19.9,-27,39.3
Brandon Knight,37,37,2016-01-03,24,PHO,A,LAL,-20,1,44:10,10,25,0.4,1,6,0.167,4,4,1,0,3,3,9,0,0,2,0,25,16.7,-11,41.8
Brandon Knight,38,38,2016-01-06,24,PHO,H,CHO,9,1,39:40,7,15,0.467,3,3,1,1,1,1,0,3,3,7,0,1,3,3,18,12.6,2,34.3
Brandon Knight,39,39,2016-01-08,24,PHO,H,MIA,-8,1,36:33,11,24,0.458,1,6,0.167,3,3,1,0,4,4,4,0,0,4,2,26,12.8,-11,35.5
Brandon Knight,41,40,2016-01-15,24,PHO,A,BOS,-14,1,40:24,7,15,0.467,2,7,0.286,0,0,NA,0,0,0,4,2,1,4,4,16,8.2,-13,27
Brandon Knight,42,41,2016-01-17,24,PHO,A,MIN,-30,1,38:43,9,20,0.45,2,5,0.4,0,0,NA,0,2,2,1,0,0,6,4,20,3.3,-22,22
Brandon Knight,43,42,2016-01-19,24,PHO,H,IND,-3,1,40:44,8,22,0.364,2,9,0.222,3,3,1,2,6,8,4,1,0,8,4,21,6.2,5,36
Brandon Knight,65,43,2016-03-10,24,PHO,A,DEN,-18,0,24:41,2,9,0.222,2,6,0.333,4,4,1,0,2,2,5,0,1,3,1,10,5.9,-18,21.5
Brandon Knight,66,44,2016-03-12,24,PHO,A,GSW,-7,1,37:29,11,20,0.55,7,12,0.583,1,1,1,3,3,6,7,1,1,6,3,30,22.8,-10,52.5
Brandon Knight,67,45,2016-03-14,24,PHO,H,MIN,3,1,40:34,3,18,0.167,2,11,0.182,0,0,NA,0,4,4,7,2,0,3,3,8,0.5,9,27
Brandon Knight,68,46,2016-03-17,24,PHO,A,UTA,-34,1,32:39,6,16,0.375,3,7,0.429,2,2,1,1,7,8,2,0,1,6,0,17,7.1,-24,30.5
Brandon Knight,69,47,2016-03-18,24,PHO,A,LAL,5,1,33:16,7,20,0.35,3,8,0.375,5,5,1,3,3,6,3,1,1,0,3,22,16.4,0,39.5
Brandon Knight,70,48,2016-03-21,24,PHO,H,MEM,-6,1,35:07,4,17,0.235,3,8,0.375,2,2,1,0,6,6,7,1,0,2,3,13,7.2,-12,33.5
Brandon Knight,71,49,2016-03-23,24,PHO,H,LAL,12,1,35:53,9,19,0.474,2,7,0.286,5,8,0.625,2,6,8,7,1,2,1,2,25,22.8,21,52
Brandon Knight,73,50,2016-03-26,24,PHO,H,BOS,-3,1,38:38,5,16,0.313,2,12,0.167,7,7,1,0,1,1,3,1,0,1,3,19,11,2,27.3
Brandon Knight,74,51,2016-03-28,24,PHO,A,MIN,-5,1,32:25,10,16,0.625,7,11,0.636,3,4,0.75,0,2,2,5,0,1,5,4,30,20.6,-18,43
Brandon Knight,75,52,2016-03-30,24,PHO,A,MIL,-11,1,36:37,5,16,0.313,2,8,0.25,5,6,0.833,0,2,2,2,0,0,5,3,17,3.2,-6,21
Orlando Johnson,1,1,2016-02-06,26,PHO,H,UTA,-9,0,19:24,2,5,0.4,1,1,1,2,2,1,0,1,1,0,1,0,0,2,7,4.8,-3,NA
Orlando Johnson,3,2,2016-02-10,26,PHO,H,GSW,-8,0,27:59,3,12,0.25,0,4,0,3,4,0.75,3,5,8,0,1,3,1,3,9,5.9,1,26.5
Cory Jefferson,9,1,2015-11-14,24,PHO,H,DEN,24,0,5:25,1,3,0.333,0,0,NA,0,2,0,1,1,2,0,0,0,0,1,2,0.1,-3,4.5
Cory Jefferson,19,2,2015-12-02,24,PHO,A,DET,-5,0,3:41,1,2,0.5,0,0,NA,0,0,NA,0,2,2,0,0,0,0,2,2,0.8,5,4.5
Cory Jefferson,21,3,2015-12-06,24,PHO,A,MEM,-2,0,0:00,0,0,NA,0,0,NA,0,0,NA,0,0,0,0,0,0,0,0,0,0,NA,0
Cory Jefferson,22,4,2015-12-07,24,PHO,A,CHI,2,0,0:00,0,0,NA,0,0,NA,0,0,NA,0,0,0,0,0,0,0,0,0,0,0,0
Cory Jefferson,24,5,2015-12-11,24,PHO,H,POR,-10,0,10:59,2,3,0.667,0,0,NA,0,0,NA,0,2,2,0,0,1,0,1,4,3.6,-1,8.5
Cory Jefferson,34,6,2015-12-30,25,PHO,A,SAS,-33,0,7:48,2,4,0.5,0,1,0,0,0,NA,1,3,4,0,0,0,0,2,4,2.8,-2,9
Cory Jefferson,39,7,2016-01-21,25,PHO,H,SAS,-28,0,17:16,1,8,0.125,0,0,NA,2,2,1,3,2,5,0,0,0,0,2,4,0.7,-6,NA
Cory Jefferson,42,8,2016-01-27,25,PHO,A,CLE,-22,0,4:54,2,2,1,0,0,NA,2,2,1,1,0,1,0,0,0,0,0,6,6.1,4,7.3
Tyson Chandler,1,1,2015-10-28,33,PHO,H,DAL,-16,1,17:01,1,2,0.5,0,0,NA,1,2,0.5,3,3,6,1,0,1,2,3,3,2.8,-23,13
Tyson Chandler,2,2,2015-10-30,33,PHO,H,POR,18,1,25:54,3,7,0.429,0,0,NA,9,12,0.75,5,8,13,1,1,1,1,2,15,16.6,14,37.8
Tyson Chandler,3,3,2015-10-31,33,PHO,A,POR,11,1,32:30,2,5,0.4,0,1,0,1,2,0.5,2,9,11,1,2,2,3,4,5,5.5,2,26.8
Tyson Chandler,4,4,2015-11-02,33,PHO,A,LAC,-6,1,35:59,7,10,0.7,0,0,NA,0,1,0,6,11,17,1,0,0,0,3,14,16.4,-13,38.3
Tyson Chandler,5,5,2015-11-04,33,PHO,H,SAC,21,1,25:50,1,3,0.333,0,0,NA,5,6,0.833,3,8,11,0,1,0,0,0,7,10.4,9,22.8
Tyson Chandler,6,6,2015-11-06,33,PHO,H,DET,-8,1,34:56,2,3,0.667,0,0,NA,0,0,NA,2,8,10,0,1,0,1,5,4,4.5,-6,18
Tyson Chandler,7,7,2015-11-08,33,PHO,A,OKC,-21,1,24:18,0,3,0,0,0,NA,1,2,0.5,1,7,8,0,1,0,2,2,1,-0.5,-25,12
Tyson Chandler,8,8,2015-11-12,33,PHO,H,LAC,14,1,27:59,1,3,0.333,0,0,NA,3,4,0.75,2,6,8,1,2,1,1,3,5,7.3,19,22
Tyson Chandler,9,9,2015-11-14,33,PHO,H,DEN,24,1,24:58,5,6,0.833,0,0,NA,1,1,1,2,6,8,1,0,1,1,1,11,12,27,24
Tyson Chandler,10,10,2015-11-16,33,PHO,H,LAL,19,1,22:36,0,2,0,0,0,NA,0,0,NA,4,5,9,0,1,2,0,2,0,4.5,1,17.3
Tyson Chandler,11,11,2015-11-18,33,PHO,H,CHI,-6,1,30:56,3,7,0.429,0,0,NA,0,0,NA,5,4,9,0,2,1,2,1,6,7.3,-5,22.3
Tyson Chandler,12,12,2015-11-20,33,PHO,A,DEN,7,1,18:12,1,2,0.5,0,0,NA,0,0,NA,0,4,4,0,0,0,1,4,2,-0.4,0,6.5
Tyson Chandler,13,13,2015-11-22,33,PHO,A,NOP,-6,1,16:01,0,2,0,0,0,NA,1,2,0.5,3,7,10,0,0,1,3,4,1,-0.5,-3,14
Tyson Chandler,14,14,2015-11-23,33,PHO,A,SAS,-14,1,19:38,0,1,0,0,0,NA,1,2,0.5,1,5,6,0,1,0,1,0,1,2.1,-14,10
Tyson Chandler,16,15,2015-11-27,33,PHO,H,GSW,-19,1,4:09,0,0,NA,0,0,NA,0,0,NA,0,2,2,0,0,0,0,1,0,0.2,-5,2.5
Tyson Chandler,25,16,2015-12-13,33,PHO,H,MIN,7,0,23:20,1,3,0.333,0,0,NA,1,1,1,2,2,4,2,1,1,0,2,3,5.6,10,15
Tyson Chandler,26,17,2015-12-14,33,PHO,A,DAL,-10,0,14:05,2,3,0.667,0,0,NA,2,2,1,2,1,3,0,0,1,1,1,6,5.7,-17,11.3
Tyson Chandler,27,18,2015-12-16,33,PHO,A,GSW,-25,1,20:06,3,5,0.6,0,0,NA,0,0,NA,1,4,5,1,1,0,2,1,6,4.9,-32,14.8
Tyson Chandler,28,19,2015-12-18,33,PHO,H,NOP,16,1,19:27,1,2,0.5,0,0,NA,1,2,0.5,1,6,7,0,0,1,2,2,3,2,-3,12.8
Tyson Chandler,29,20,2015-12-20,33,PHO,H,MIL,-6,1,27:58,2,4,0.5,0,0,NA,0,0,NA,1,4,5,0,0,1,3,3,4,0.4,-6,10.8
Tyson Chandler,30,21,2015-12-21,33,PHO,A,UTA,-21,1,17:46,0,1,0,0,0,NA,1,2,0.5,0,3,3,0,1,0,1,0,1,0.8,-26,6.3
Tyson Chandler,31,22,2015-12-23,33,PHO,H,DEN,-8,0,10:11,0,1,0,0,0,NA,1,2,0.5,1,1,2,0,0,1,0,0,1,1.6,-19,5.5
Tyson Chandler,32,23,2015-12-26,33,PHO,H,PHI,-7,0,14:54,3,4,0.75,0,0,NA,4,5,0.8,3,7,10,0,0,0,0,2,10,11.4,1,24
Tyson Chandler,33,24,2015-12-28,33,PHO,H,CLE,-4,0,22:00,1,3,0.333,0,0,NA,4,8,0.5,3,5,8,2,0,0,2,1,6,5.3,-3,18
Tyson Chandler,34,25,2015-12-30,33,PHO,A,SAS,-33,0,25:52,5,6,0.833,0,0,NA,1,3,0.333,3,7,10,1,0,2,1,1,11,12.9,-18,30
Tyson Chandler,35,26,2015-12-31,33,PHO,A,OKC,-4,1,30:35,6,9,0.667,0,0,NA,1,2,0.5,5,5,10,4,0,0,2,4,13,12.9,-1,32
Tyson Chandler,36,27,2016-01-02,33,PHO,A,SAC,-23,1,12:22,2,2,1,0,0,NA,2,3,0.667,0,1,1,1,1,0,2,4,6,3.4,1,9.8
Tyson Chandler,37,28,2016-01-03,33,PHO,A,LAL,-20,1,20:07,1,6,0.167,0,0,NA,0,0,NA,1,4,5,0,0,0,1,1,2,-1.3,-30,7.8
Tyson Chandler,38,29,2016-01-06,33,PHO,H,CHO,9,1,13:58,2,3,0.667,0,0,NA,3,4,0.75,0,3,3,2,0,0,0,3,7,6.4,0,13.8
Tyson Chandler,39,30,2016-01-08,33,PHO,H,MIA,-8,1,26:04,4,7,0.571,0,0,NA,0,0,NA,2,4,6,1,1,1,0,1,8,9.3,-6,21
Tyson Chandler,40,31,2016-01-12,33,PHO,A,IND,-19,1,16:55,0,3,0,0,0,NA,1,2,0.5,2,4,6,2,1,0,0,1,1,3.1,-13,13.5
Tyson Chandler,41,32,2016-01-15,33,PHO,A,BOS,-14,1,23:38,2,4,0.5,0,0,NA,2,2,1,1,8,9,2,0,0,1,1,6,7.1,-19,19.8
Tyson Chandler,42,33,2016-01-17,33,PHO,A,MIN,-30,1,23:40,3,4,0.75,0,0,NA,2,4,0.5,4,4,8,0,0,0,1,2,8,7.8,-11,17.5
Tyson Chandler,43,34,2016-01-19,33,PHO,H,IND,-3,1,26:37,0,3,0,0,0,NA,3,4,0.75,4,10,14,0,1,1,1,1,3,6.6,-8,24
Tyson Chandler,44,35,2016-01-21,33,PHO,H,SAS,-28,1,36:13,3,7,0.429,0,0,NA,2,2,1,4,16,20,4,0,1,2,3,8,12.2,-15,40
Tyson Chandler,45,36,2016-01-23,33,PHO,H,ATL,3,1,44:13,3,10,0.3,0,0,NA,7,10,0.7,13,14,27,5,1,2,2,3,13,22,19,60.8
Tyson Chandler,46,37,2016-01-26,33,PHO,A,PHI,-10,1,19:10,1,2,0.5,0,0,NA,3,4,0.75,1,4,5,1,0,1,2,1,5,4.5,-12,13.8
Tyson Chandler,47,38,2016-01-27,33,PHO,A,CLE,-22,1,33:56,3,5,0.6,0,0,NA,0,3,0,4,3,7,3,0,1,4,2,6,4.2,-23,19.3
Tyson Chandler,48,39,2016-01-29,33,PHO,A,NYK,-18,1,21:30,1,2,0.5,0,0,NA,0,0,NA,3,9,12,1,0,0,0,0,2,6.5,-25,18.5
Tyson Chandler,49,40,2016-01-31,33,PHO,A,DAL,-13,1,33:05,6,8,0.75,0,0,NA,0,3,0,5,8,13,2,1,1,1,2,12,14.8,-17,36.3
Tyson Chandler,50,41,2016-02-02,33,PHO,H,TOR,-7,1,18:16,0,0,NA,0,0,NA,0,0,NA,1,4,5,1,0,1,1,5,0,0.3,6,9.3
Tyson Chandler,51,42,2016-02-04,33,PHO,H,HOU,-6,1,21:01,1,2,0.5,0,0,NA,2,2,1,2,8,10,1,0,0,0,3,4,6.3,-4,18
Tyson Chandler,52,43,2016-02-06,33,PHO,H,UTA,-9,1,24:47,4,7,0.571,0,0,NA,2,2,1,6,8,14,0,0,1,1,4,10,11.4,-5,30.5
Tyson Chandler,53,44,2016-02-08,33,PHO,H,OKC,-16,1,25:28,5,6,0.833,0,0,NA,1,2,0.5,1,6,7,0,0,1,1,1,11,10.2,-7,21.3
Tyson Chandler,54,45,2016-02-10,33,PHO,H,GSW,-8,1,27:20,5,6,0.833,0,0,NA,3,5,0.6,2,8,10,1,1,0,1,1,13,14.1,-3,30
Tyson Chandler,55,46,2016-02-19,33,PHO,H,HOU,-16,1,7:49,1,1,1,0,0,NA,0,0,NA,0,3,3,0,0,0,0,1,2,2.2,-8,5.8
Tyson Chandler,58,47,2016-02-25,33,PHO,H,BRK,-10,1,33:24,5,9,0.556,0,0,NA,2,4,0.5,3,8,11,1,2,2,3,5,12,10.5,3,35.3
Tyson Chandler,59,48,2016-02-27,33,PHO,H,MEM,5,1,23:16,3,4,0.75,0,0,NA,1,2,0.5,3,9,12,1,0,0,4,4,7,4.9,-4,21.5
Tyson Chandler,60,49,2016-03-01,33,PHO,A,CHO,-34,1,26:12,4,4,1,0,0,NA,0,1,0,2,1,3,1,0,0,2,3,8,5.6,-15,12.3
Tyson Chandler,61,50,2016-03-03,33,PHO,A,MIA,-16,1,19:02,2,4,0.5,0,0,NA,2,4,0.5,1,2,3,0,0,0,0,1,6,4.1,-11,9.8
Tyson Chandler,62,51,2016-03-04,33,PHO,A,ORL,18,1,23:56,4,8,0.5,0,0,NA,2,5,0.4,1,11,12,0,1,1,3,3,10,6.3,12,29
Tyson Chandler,63,52,2016-03-06,33,PHO,A,MEM,9,1,32:31,8,11,0.727,0,0,NA,0,0,NA,2,8,10,0,0,0,1,1,16,13.9,12,29.5
Tyson Chandler,64,53,2016-03-09,33,PHO,H,NYK,-31,1,25:44,2,4,0.5,0,0,NA,0,0,NA,3,6,9,1,0,0,3,2,4,2.8,-8,15.3
Tyson Chandler,65,54,2016-03-10,33,PHO,A,DEN,-18,1,22:06,2,4,0.5,0,0,NA,4,7,0.571,3,9,12,0,0,0,3,0,8,6.6,-1,21.5
Tyson Chandler,66,55,2016-03-12,33,PHO,A,GSW,-7,1,29:45,6,9,0.667,0,0,NA,0,0,NA,0,12,12,2,2,1,1,2,12,14,1,37
Tyson Chandler,67,56,2016-03-14,33,PHO,H,MIN,3,1,30:27,5,7,0.714,0,0,NA,4,5,0.8,5,6,11,1,1,2,2,6,14,14.7,0,35.8
Tyson Chandler,68,57,2016-03-17,33,PHO,A,UTA,-34,1,23:26,2,3,0.667,0,0,NA,0,0,NA,2,0,2,1,1,0,4,4,4,0.2,-33,8
Tyson Chandler,69,58,2016-03-18,33,PHO,A,LAL,5,1,33:16,6,10,0.6,0,0,NA,0,1,0,9,8,17,1,2,2,3,2,12,16,0,42.8
Tyson Chandler,70,59,2016-03-21,33,PHO,H,MEM,-6,1,12:27,1,2,0.5,0,0,NA,0,0,NA,0,1,1,0,1,1,0,1,2,2.6,1,7.3
Tyson Chandler,74,60,2016-03-28,33,PHO,A,MIN,-5,1,18:37,1,1,1,0,0,NA,0,0,NA,0,3,3,4,0,0,2,5,2,1.4,-5,10.8
Tyson Chandler,75,61,2016-03-30,33,PHO,A,MIL,-11,1,34:09,6,8,0.75,0,0,NA,1,1,1,4,9,13,3,0,2,3,5,13,13.8,-15,37.8
Tyson Chandler,76,62,2016-04-01,33,PHO,H,WAS,-7,1,39:26,4,7,0.571,0,0,NA,3,6,0.5,6,9,15,2,0,1,1,3,11,13.3,-3,35.8
Tyson Chandler,77,63,2016-04-03,33,PHO,H,UTA,-15,1,37:58,10,12,0.833,0,0,NA,1,4,0.25,5,13,18,0,1,0,1,1,21,22.4,-8,46.5
Tyson Chandler,78,64,2016-04-05,33,PHO,A,ATL,-13,1,35:33,3,5,0.6,0,0,NA,4,6,0.667,3,10,13,1,1,1,2,4,10,10.8,-18,32.3
Tyson Chandler,79,65,2016-04-07,33,PHO,A,HOU,9,1,32:32,8,11,0.727,0,0,NA,5,6,0.833,3,7,10,1,2,0,1,1,21,21.6,-2,40
Tyson Chandler,80,66,2016-04-09,33,PHO,A,NOP,21,1,20:47,4,6,0.667,0,0,NA,5,6,0.833,3,2,5,1,0,3,1,0,13,14.5,17,26.3
Jordan McRae,1,1,2016-01-29,24,PHO,A,NYK,-18,0,25:06,4,9,0.444,1,2,0.5,3,4,0.75,0,2,2,4,1,0,2,2,12,8.5,2,NA
Jordan McRae,2,2,2016-01-31,24,PHO,A,DAL,-13,0,13:10,1,3,0.333,0,2,0,2,2,1,1,0,1,1,0,0,3,0,4,0.7,8,5.3
Jordan McRae,3,3,2016-02-02,24,PHO,H,TOR,-7,0,1:38,0,1,0,0,1,0,2,2,1,0,0,0,0,0,0,0,0,2,1.3,-2,2
Jordan McRae,4,4,2016-02-04,24,PHO,H,HOU,-6,0,15:10,3,5,0.6,1,2,0.5,1,1,1,0,2,2,1,1,0,0,1,8,7.6,4,14.5
Jordan McRae,5,5,2016-02-06,24,PHO,H,UTA,-9,0,10:10,1,3,0.333,0,2,0,1,2,0.5,0,1,1,1,0,0,0,1,3,1.5,-10,5.8
Jordan McRae,6,6,2016-02-08,24,PHO,H,OKC,-16,0,2:39,0,0,NA,0,0,NA,0,0,NA,0,0,0,0,0,0,0,0,0,0,0,0
Jordan McRae,8,7,2016-02-19,24,PHO,H,HOU,-16,0,14:35,2,5,0.4,1,2,0.5,3,4,0.75,1,1,2,3,1,0,1,3,8,6.8,11,NA
Ronnie Price,1,1,2015-10-28,32,PHO,H,DAL,-16,0,11:18,0,1,0,0,1,0,0,0,NA,0,0,0,0,0,0,2,2,0,-3.5,7,-1
Ronnie Price,2,2,2015-10-30,32,PHO,H,POR,18,0,10:30,1,3,0.333,0,2,0,4,4,1,0,2,2,2,2,0,0,1,6,7.9,7,15.5
Ronnie Price,3,3,2015-10-31,32,PHO,A,POR,11,0,16:56,3,4,0.75,0,0,NA,1,1,1,0,1,1,1,0,0,0,0,7,6.4,-5,9.8
Ronnie Price,4,4,2015-11-02,32,PHO,A,LAC,-6,0,16:28,3,6,0.5,3,6,0.5,0,0,NA,0,2,2,2,1,0,1,3,9,6.8,2,17.5
Ronnie Price,5,5,2015-11-04,32,PHO,H,SAC,21,0,17:00,2,4,0.5,2,3,0.667,0,0,NA,0,0,0,1,3,0,1,1,6,6.3,10,14
Ronnie Price,6,6,2015-11-06,32,PHO,H,DET,-8,0,12:18,2,6,0.333,2,5,0.4,0,0,NA,0,1,1,2,0,1,0,4,6,3.4,-12,13.3
Ronnie Price,7,7,2015-11-08,32,PHO,A,OKC,-21,0,6:11,0,0,NA,0,0,NA,0,0,NA,0,0,0,2,1,0,1,2,0,0.6,-3,4.5
Ronnie Price,8,8,2015-11-12,32,PHO,H,LAC,14,0,4:24,0,0,NA,0,0,NA,0,0,NA,0,0,0,1,0,0,2,0,0,-1.3,-4,0.5
Ronnie Price,11,9,2015-11-18,32,PHO,H,CHI,-6,0,10:51,1,3,0.333,0,2,0,0,0,NA,1,1,2,2,2,0,0,2,2,3.9,-2,11.5
Ronnie Price,12,10,2015-11-20,32,PHO,A,DEN,7,0,20:06,3,5,0.6,3,5,0.6,1,2,0.5,0,2,2,1,0,1,0,2,10,8.5,1,17.5
Ronnie Price,13,11,2015-11-22,32,PHO,A,NOP,-6,0,5:49,0,1,0,0,1,0,0,0,NA,0,0,0,0,0,0,0,1,0,-1.1,1,0
Ronnie Price,14,12,2015-11-23,32,PHO,A,SAS,-14,0,20:24,1,4,0.25,0,2,0,0,0,NA,0,0,0,4,2,0,3,3,2,0.2,6,10.5
Ronnie Price,15,13,2015-11-25,32,PHO,H,NOP,-6,0,7:11,1,1,1,1,1,1,0,0,NA,0,0,0,2,0,0,0,2,3,3.3,-7,6.5
Ronnie Price,16,14,2015-11-27,32,PHO,H,GSW,-19,0,10:27,2,4,0.5,0,2,0,0,0,NA,0,0,0,3,0,0,0,5,4,2.1,-3,8.5
Ronnie Price,17,15,2015-11-29,32,PHO,A,TOR,5,0,21:42,0,4,0,0,3,0,0,0,NA,1,1,2,3,0,1,2,1,0,-1.4,9,8
Ronnie Price,18,16,2015-12-01,32,PHO,A,BRK,-3,0,13:11,0,2,0,0,2,0,0,0,NA,0,2,2,3,0,0,0,1,0,0.9,-11,7
Ronnie Price,19,17,2015-12-02,32,PHO,A,DET,-5,0,6:48,0,1,0,0,0,NA,0,0,NA,0,0,0,2,0,0,0,1,0,0.3,12,3
Ronnie Price,20,18,2015-12-04,32,PHO,A,WAS,-3,0,19:01,2,5,0.4,2,4,0.5,0,0,NA,0,0,0,2,3,0,1,3,6,5.5,-12,15.5
Ronnie Price,21,19,2015-12-06,32,PHO,A,MEM,-2,0,8:42,0,1,0,0,1,0,0,0,NA,1,0,1,1,2,0,0,3,0,1.5,6,6.8
Ronnie Price,22,20,2015-12-07,32,PHO,A,CHI,2,0,4:30,0,0,NA,0,0,NA,0,0,NA,0,0,0,0,0,0,0,0,0,0,1,0
Ronnie Price,23,21,2015-12-09,32,PHO,H,ORL,3,0,11:06,0,2,0,0,2,0,0,0,NA,0,0,0,1,0,0,1,1,0,-2.1,6,1
Ronnie Price,24,22,2015-12-11,32,PHO,H,POR,-10,0,21:19,2,3,0.667,2,3,0.667,0,0,NA,0,1,1,0,2,1,2,1,6,5.3,11,13.3
Ronnie Price,25,23,2015-12-13,32,PHO,H,MIN,7,0,10:49,2,5,0.4,1,4,0.25,0,0,NA,0,1,1,3,2,0,0,3,5,5.5,5,15.3
Ronnie Price,26,24,2015-12-14,32,PHO,A,DAL,-10,0,17:02,2,4,0.5,1,1,1,0,0,NA,0,1,1,0,0,0,0,2,5,2.5,-20,6.8
Ronnie Price,27,25,2015-12-16,32,PHO,A,GSW,-25,0,15:07,1,6,0.167,1,3,0.333,6,6,1,1,2,3,2,3,0,0,2,9,10.1,-4,22.3
Ronnie Price,28,26,2015-12-18,32,PHO,H,NOP,16,0,17:46,0,1,0,0,1,0,0,0,NA,0,0,0,3,1,0,1,4,0,-0.2,3,6
Ronnie Price,29,27,2015-12-20,32,PHO,H,MIL,-6,0,15:37,2,3,0.667,1,1,1,0,0,NA,0,1,1,3,0,0,0,4,5,4.5,14,11.3
Ronnie Price,30,28,2015-12-21,32,PHO,A,UTA,-21,0,17:06,1,2,0.5,1,2,0.5,0,0,NA,1,1,2,0,2,0,1,3,3,2.8,-3,9.5
Ronnie Price,31,29,2015-12-23,32,PHO,H,DEN,-8,0,30:05,7,13,0.538,6,9,0.667,0,0,NA,2,2,4,1,0,0,1,4,20,13.8,13,29
Ronnie Price,32,30,2015-12-26,32,PHO,H,PHI,-7,0,22:57,1,7,0.143,1,4,0.25,2,2,1,0,0,0,0,2,0,1,3,5,0.3,-21,9
Ronnie Price,33,31,2015-12-28,32,PHO,H,CLE,-4,0,13:47,0,4,0,0,3,0,0,0,NA,1,1,2,1,2,0,0,1,0,0.5,2,8
Ronnie Price,36,32,2016-01-02,32,PHO,A,SAC,-23,0,16:10,3,5,0.6,2,3,0.667,2,2,1,0,1,1,5,0,1,2,3,10,9,-4,20.8
Ronnie Price,37,33,2016-01-03,32,PHO,A,LAL,-20,0,27:05,2,6,0.333,1,4,0.25,0,0,NA,2,3,5,2,4,0,1,6,5,5.9,13,22.3
Ronnie Price,38,34,2016-01-06,32,PHO,H,CHO,9,1,24:26,3,7,0.429,2,4,0.5,1,2,0.5,0,2,2,4,2,0,3,3,9,6.1,6,21
Ronnie Price,55,35,2016-02-19,32,PHO,H,HOU,-16,0,23:05,0,4,0,0,2,0,0,0,NA,0,1,1,3,1,1,2,5,0,-2.7,-8,8.8
Ronnie Price,56,36,2016-02-21,32,PHO,H,SAS,-7,1,20:00,5,8,0.625,1,1,1,0,0,NA,0,1,1,3,0,1,1,6,11,7.1,-5,18.8
Ronnie Price,57,37,2016-02-22,32,PHO,A,LAC,-40,1,27:18,5,9,0.556,2,5,0.4,0,0,NA,2,3,5,3,2,1,2,1,12,12.4,-33,28.8
Ronnie Price,58,38,2016-02-25,32,PHO,H,BRK,-10,1,37:56,7,14,0.5,2,7,0.286,0,0,NA,0,0,0,3,4,1,2,2,16,13,0,30.5
Ronnie Price,59,39,2016-02-27,32,PHO,H,MEM,5,1,22:33,3,5,0.6,3,5,0.6,3,4,0.75,0,0,0,3,0,0,4,3,12,6.2,-2,16
Ronnie Price,60,40,2016-03-01,32,PHO,A,CHO,-34,1,29:14,2,10,0.2,0,7,0,0,0,NA,1,4,5,3,1,1,1,5,4,0.5,-17,18.3
Ronnie Price,61,41,2016-03-03,32,PHO,A,MIA,-16,1,19:10,1,4,0.25,0,2,0,0,0,NA,0,1,1,2,2,0,0,5,2,1.3,-6,10.3
Ronnie Price,62,42,2016-03-04,32,PHO,A,ORL,18,1,44:46,6,10,0.6,2,4,0.5,0,0,NA,0,5,5,4,5,1,2,2,14,16.6,18,38.3
Ronnie Price,63,43,2016-03-06,32,PHO,A,MEM,9,1,35:48,4,9,0.444,3,7,0.429,0,0,NA,0,3,3,2,0,0,2,4,11,5,9,18.3
Ronnie Price,64,44,2016-03-09,32,PHO,H,NYK,-31,1,34:09,4,7,0.571,3,6,0.5,0,0,NA,0,0,0,6,2,0,2,3,11,10.7,-15,24.5
Ronnie Price,65,45,2016-03-10,32,PHO,A,DEN,-18,1,38:20,3,8,0.375,2,7,0.286,0,2,0,2,1,3,5,2,0,0,3,8,8.8,-9,24.3
Ronnie Price,66,46,2016-03-12,32,PHO,A,GSW,-7,0,13:20,0,2,0,0,1,0,0,0,NA,0,0,0,0,0,0,0,1,0,-1.8,-4,0
Ronnie Price,67,47,2016-03-14,32,PHO,H,MIN,3,0,3:51,0,0,NA,0,0,NA,0,0,NA,0,0,0,0,0,0,0,2,0,-0.8,-9,0
Ronnie Price,68,48,2016-03-17,32,PHO,A,UTA,-34,0,23:54,1,5,0.2,0,3,0,1,4,0.25,0,3,3,1,1,0,1,5,3,-1.7,-3,9.8
Ronnie Price,69,49,2016-03-18,32,PHO,A,LAL,5,0,21:36,2,8,0.25,0,4,0,0,0,NA,0,4,4,2,0,0,0,2,4,1,6,12
Ronnie Price,70,50,2016-03-21,32,PHO,H,MEM,-6,0,14:44,2,3,0.667,2,3,0.667,0,0,NA,1,0,1,3,0,0,1,3,6,5.3,11,12.3
Ronnie Price,71,51,2016-03-23,32,PHO,H,LAL,12,0,12:07,2,3,0.667,2,3,0.667,0,0,NA,0,3,3,3,0,0,1,0,6,6.7,-9,14.8
Ronnie Price,72,52,2016-03-25,32,PHO,A,SAC,-22,0,22:44,2,6,0.333,1,3,0.333,2,2,1,2,1,3,5,0,0,0,2,7,8,-14,18.8
Ronnie Price,73,53,2016-03-26,32,PHO,H,BOS,-3,0,20:48,0,4,0,0,2,0,0,0,NA,0,2,2,1,0,1,2,1,0,-3.2,-14,5
Ronnie Price,74,54,2016-03-28,32,PHO,A,MIN,-5,0,21:27,3,7,0.429,2,4,0.5,4,4,1,0,1,1,3,4,0,0,4,12,13.1,8,26.8
Ronnie Price,75,55,2016-03-30,32,PHO,A,MIL,-11,0,21:23,3,8,0.375,1,5,0.2,0,0,NA,1,1,2,1,2,0,2,3,7,3.1,4,14.5
Ronnie Price,76,56,2016-04-01,32,PHO,H,WAS,-7,1,33:20,1,8,0.125,1,6,0.167,2,2,1,1,3,4,8,1,0,2,5,5,4,-7,23.5
Ronnie Price,77,57,2016-04-03,32,PHO,H,UTA,-15,1,32:17,1,5,0.2,0,4,0,0,2,0,0,2,2,3,0,0,3,5,2,-4.2,0,7.5
Ronnie Price,78,58,2016-04-05,32,PHO,A,ATL,-13,1,31:02,4,9,0.444,4,7,0.571,2,2,1,2,1,3,4,4,0,7,2,14,10,-20,30.3
Ronnie Price,79,59,2016-04-07,32,PHO,A,HOU,9,1,26:40,3,7,0.429,3,6,0.5,0,0,NA,0,3,3,5,3,1,2,4,9,9.8,6,28.8
Ronnie Price,80,60,2016-04-09,32,PHO,A,NOP,21,1,22:54,1,2,0.5,1,2,0.5,0,0,NA,0,0,0,1,2,0,2,4,3,1.1,3,8
Ronnie Price,81,61,2016-04-11,32,PHO,H,SAC,-4,1,34:51,3,10,0.3,0,2,0,0,0,NA,3,2,5,7,1,0,1,2,6,7,1,24.3
Ronnie Price,82,62,2016-04-13,32,PHO,H,LAC,9,1,17:45,1,4,0.25,1,4,0.25,0,0,NA,0,1,1,4,1,0,2,0,3,2.7,13,11.8
Markieff Morris,1,1,2015-10-28,26,PHO,H,DAL,-16,1,11:13,1,6,0.167,0,0,NA,2,2,1,0,1,1,0,1,0,0,5,4,-0.5,-11,7.3
Markieff Morris,2,2,2015-10-30,26,PHO,H,POR,18,1,34:21,6,17,0.353,1,3,0.333,0,0,NA,3,5,8,2,1,2,3,3,13,6.7,18,31
Markieff Morris,3,3,2015-10-31,26,PHO,A,POR,11,1,22:47,6,17,0.353,3,6,0.5,0,0,NA,3,6,9,1,1,1,3,5,15,6.8,25,31.8
Markieff Morris,4,4,2015-11-02,26,PHO,A,LAC,-6,1,36:24,7,22,0.318,2,8,0.25,3,5,0.6,2,6,8,2,0,0,2,2,19,7.4,-5,32
Markieff Morris,5,5,2015-11-04,26,PHO,H,SAC,21,1,24:46,4,8,0.5,0,1,0,3,3,1,0,3,3,3,0,1,0,0,11,10.7,12,21.3
Markieff Morris,6,6,2015-11-06,26,PHO,H,DET,-8,1,30:26,9,21,0.429,0,4,0,0,2,0,1,3,4,2,1,0,3,4,18,5.5,8,26.5
Markieff Morris,7,7,2015-11-08,26,PHO,A,OKC,-21,1,33:37,7,20,0.35,0,1,0,5,6,0.833,2,3,5,0,1,0,3,4,19,6.1,-29,25.8
Markieff Morris,8,8,2015-11-12,26,PHO,H,LAC,14,1,6:26,2,3,0.667,1,1,1,0,0,NA,0,2,2,0,1,0,0,1,5,4.9,7,10
Markieff Morris,11,9,2015-11-18,26,PHO,H,CHI,-6,1,28:42,3,9,0.333,0,2,0,0,0,NA,1,4,5,1,3,0,3,2,6,2.7,-11,18.3
Markieff Morris,12,10,2015-11-20,26,PHO,A,DEN,7,1,20:46,4,10,0.4,0,0,NA,1,3,0.333,2,3,5,2,0,1,3,1,9,3.8,-4,18.8
Markieff Morris,13,11,2015-11-22,26,PHO,A,NOP,-6,1,35:52,6,15,0.4,1,4,0.25,4,5,0.8,1,7,8,3,1,1,1,5,17,12.1,-8,35.5
Markieff Morris,14,12,2015-11-23,26,PHO,A,SAS,-14,1,34:11,12,15,0.8,2,3,0.667,2,2,1,1,7,8,4,1,0,6,3,28,21.7,-5,44
Markieff Morris,15,13,2015-11-25,26,PHO,H,NOP,-6,1,30:05,4,11,0.364,0,3,0,0,0,NA,2,6,8,3,0,1,0,2,8,7.1,-7,24.5
Markieff Morris,16,14,2015-11-27,26,PHO,H,GSW,-19,1,17:07,4,11,0.364,2,2,1,1,2,0.5,0,3,3,1,1,0,4,2,11,2.3,-20,17.3
Markieff Morris,17,15,2015-11-29,26,PHO,A,TOR,5,1,22:39,3,12,0.25,0,2,0,1,1,1,2,6,8,2,0,0,2,4,7,0.8,5,19
Markieff Morris,18,16,2015-12-01,26,PHO,A,BRK,-3,1,28:05,3,11,0.273,0,2,0,0,0,NA,0,1,1,3,0,0,3,3,6,-2.3,2,10.3
Markieff Morris,20,17,2015-12-04,26,PHO,A,WAS,-3,0,27:42,4,10,0.4,0,1,0,2,2,1,1,3,4,1,0,1,3,4,10,3,-8,17
Markieff Morris,22,18,2015-12-07,26,PHO,A,CHI,2,0,7:03,0,2,0,0,0,NA,0,0,NA,0,3,3,0,0,0,1,1,0,-1.9,-1,3.3
Markieff Morris,28,19,2015-12-18,26,PHO,H,NOP,16,0,16:41,5,13,0.385,2,2,1,1,2,0.5,1,1,2,2,1,0,2,4,13,5.3,12,20.5
Markieff Morris,29,20,2015-12-20,26,PHO,H,MIL,-6,0,15:19,2,5,0.4,1,1,1,3,3,1,0,3,3,4,1,0,5,1,8,4.6,-3,17.8
Markieff Morris,30,21,2015-12-21,26,PHO,A,UTA,-21,0,20:59,2,7,0.286,0,2,0,0,0,NA,3,3,6,4,0,0,2,3,4,2.5,10,16.5
Markieff Morris,31,22,2015-12-23,26,PHO,H,DEN,-8,0,12:17,2,8,0.25,2,2,1,0,0,NA,0,1,1,0,1,0,1,0,6,1.5,-13,9.8
Markieff Morris,34,23,2015-12-30,26,PHO,A,SAS,-33,0,20:08,2,4,0.5,0,1,0,0,2,0,0,3,3,5,0,0,3,4,4,1,-16,13.8
Markieff Morris,39,24,2016-01-08,26,PHO,H,MIA,-8,0,6:17,1,3,0.333,0,0,NA,0,0,NA,1,0,1,0,0,0,1,3,2,-1.2,-3,2.8
Markieff Morris,40,25,2016-01-12,26,PHO,A,IND,-19,0,26:40,7,18,0.389,0,4,0,2,3,0.667,2,7,9,1,1,0,3,4,16,6.4,-10,29.3
Markieff Morris,41,26,2016-01-15,26,PHO,A,BOS,-14,1,21:49,2,10,0.2,0,0,NA,5,5,1,1,8,9,4,1,0,1,1,9,8.3,-26,27.8
Markieff Morris,42,27,2016-01-17,26,PHO,A,MIN,-30,1,33:43,7,12,0.583,0,2,0,3,5,0.6,1,4,5,3,3,0,2,5,17,13.6,-21,32.8
Markieff Morris,43,28,2016-01-19,26,PHO,H,IND,-3,1,11:32,1,4,0.25,0,0,NA,0,0,NA,0,3,3,1,0,0,0,0,2,1.2,-6,7.3
Markieff Morris,46,29,2016-01-26,26,PHO,A,PHI,-10,0,24:17,3,7,0.429,0,0,NA,2,4,0.5,1,6,7,1,1,0,3,4,8,3.1,-8,18.8
Markieff Morris,47,30,2016-01-27,26,PHO,A,CLE,-22,0,25:46,5,11,0.455,1,2,0.5,2,2,1,0,5,5,3,1,1,4,0,13,8.6,4,26.3
Markieff Morris,48,31,2016-01-29,26,PHO,A,NYK,-18,0,28:39,3,9,0.333,0,3,0,0,0,NA,0,5,5,2,2,1,3,3,6,2.3,2,19.8
Markieff Morris,49,32,2016-01-31,26,PHO,A,DAL,-13,0,26:06,5,13,0.385,0,2,0,3,4,0.75,2,2,4,4,4,0,3,1,13,10.9,3,30.5
Markieff Morris,50,33,2016-02-02,26,PHO,H,TOR,-7,1,41:29,13,20,0.65,1,3,0.333,3,5,0.6,1,10,11,6,1,2,4,5,30,24.7,9,58.8
Markieff Morris,51,34,2016-02-04,26,PHO,H,HOU,-6,1,28:46,4,12,0.333,1,2,0.5,5,5,1,3,2,5,2,0,1,5,3,14,5.8,-16,23.3
Markieff Morris,52,35,2016-02-06,26,PHO,H,UTA,-9,1,36:22,6,22,0.273,2,4,0.5,3,4,0.75,4,3,7,8,1,2,1,5,17,12.3,1,44.3
Markieff Morris,53,36,2016-02-08,26,PHO,H,OKC,-16,1,32:11,7,14,0.5,0,1,0,9,13,0.692,2,5,7,3,2,1,6,3,23,14.9,-10,39.3
Markieff Morris,54,37,2016-02-10,26,PHO,H,GSW,-8,1,35:37,9,19,0.474,0,2,0,1,2,0.5,0,8,8,4,1,1,1,4,19,13.2,-7,38.5
Alex Len,1,1,2015-10-28,22,PHO,H,DAL,-16,0,13:33,1,3,0.333,0,0,NA,2,4,0.5,3,5,8,0,0,0,2,2,4,2.3,-10,13
Alex Len,2,2,2015-10-30,22,PHO,H,POR,18,0,18:45,4,6,0.667,0,0,NA,2,4,0.5,1,3,4,1,1,2,1,1,10,9.9,0,22
Alex Len,3,3,2015-10-31,22,PHO,A,POR,11,0,13:01,1,8,0.125,0,0,NA,0,0,NA,2,2,4,0,1,0,2,2,2,-3,5,8
Alex Len,4,4,2015-11-02,22,PHO,A,LAC,-6,0,6:55,0,3,0,0,0,NA,2,2,1,0,4,4,0,0,0,1,1,2,-0.3,8,6.5
Alex Len,5,5,2015-11-04,22,PHO,H,SAC,21,0,22:10,7,12,0.583,0,0,NA,2,3,0.667,4,3,7,1,1,0,4,2,16,10.6,12,26.3
Alex Len,6,6,2015-11-06,22,PHO,H,DET,-8,0,8:51,1,2,0.5,0,0,NA,2,2,1,2,5,7,0,0,0,2,2,4,3.1,-5,11.8
Alex Len,7,7,2015-11-08,22,PHO,A,OKC,-21,0,20:00,2,3,0.667,0,0,NA,4,4,1,1,4,5,0,2,0,2,2,8,7.8,4,17.3
Alex Len,8,8,2015-11-12,22,PHO,H,LAC,14,0,18:51,1,4,0.25,0,0,NA,0,2,0,1,3,4,0,0,0,1,2,2,-1.4,-5,6.5
Alex Len,9,9,2015-11-14,22,PHO,H,DEN,24,0,16:15,0,3,0,0,0,NA,4,4,1,0,4,4,0,0,0,2,3,4,-0.1,-4,8
Alex Len,10,10,2015-11-16,22,PHO,H,LAL,19,0,25:24,4,7,0.571,0,0,NA,2,3,0.667,2,4,6,0,0,3,0,2,10,10.2,18,23.5
Alex Len,11,11,2015-11-18,22,PHO,H,CHI,-6,0,17:04,3,3,1,0,0,NA,0,1,0,2,3,5,1,1,1,0,2,6,8.6,-1,17.8
Alex Len,12,12,2015-11-20,22,PHO,A,DEN,7,0,14:22,4,4,1,0,0,NA,1,2,0.5,1,3,4,0,0,2,0,1,9,10,-5,18
Alex Len,13,13,2015-11-22,22,PHO,A,NOP,-6,0,1:48,0,0,NA,0,0,NA,0,0,NA,0,0,0,0,0,0,0,1,0,-0.4,-8,0
Alex Len,14,14,2015-11-23,22,PHO,A,SAS,-14,0,6:22,0,2,0,0,0,NA,0,0,NA,0,1,1,1,0,0,1,1,0,-1.8,-2,2.3
Alex Len,15,15,2015-11-25,22,PHO,H,NOP,-6,1,15:41,1,2,0.5,0,0,NA,0,1,0,3,5,8,0,2,2,3,3,2,3.4,-1,18.5
Alex Len,16,16,2015-11-27,22,PHO,H,GSW,-19,0,9:26,0,2,0,0,0,NA,2,2,1,2,2,4,0,1,0,0,0,2,3.6,-8,9
Alex Len,17,17,2015-11-29,22,PHO,A,TOR,5,1,27:54,4,8,0.5,0,0,NA,0,0,NA,3,4,7,1,0,0,0,0,8,8,0,18.3
Alex Len,18,18,2015-12-01,22,PHO,A,BRK,-3,1,34:57,4,7,0.571,0,0,NA,5,6,0.833,0,14,14,2,2,3,4,3,13,13.8,-6,43
Alex Len,19,19,2015-12-02,22,PHO,A,DET,-5,1,14:42,3,7,0.429,0,0,NA,0,0,NA,4,3,7,0,0,1,2,4,6,3.1,-8,15.8
Alex Len,20,20,2015-12-04,22,PHO,A,WAS,-3,1,15:08,3,5,0.6,0,1,0,0,0,NA,3,1,4,1,0,2,2,1,6,5.8,6,15.5
Alex Len,21,21,2015-12-06,22,PHO,A,MEM,-2,1,32:06,5,6,0.833,0,0,NA,2,2,1,3,4,7,1,1,2,1,4,12,13.6,14,27.8
Alex Len,22,22,2015-12-07,22,PHO,A,CHI,2,1,22:28,6,14,0.429,0,0,NA,3,4,0.75,2,4,6,2,1,1,2,6,15,8.5,-9,28.5
Alex Len,23,23,2015-12-09,22,PHO,H,ORL,3,1,36:19,7,10,0.7,0,0,NA,6,11,0.545,6,8,14,1,0,3,3,3,20,19,-1,45
Alex Len,24,24,2015-12-11,22,PHO,H,POR,-10,1,27:32,4,10,0.4,0,0,NA,5,8,0.625,4,4,8,1,0,1,0,0,13,11.8,-12,26.5
Alex Len,25,25,2015-12-13,22,PHO,H,MIN,7,1,24:36,5,10,0.5,0,1,0,8,8,1,2,5,7,3,0,1,0,4,18,17.1,-3,33.3
Alex Len,26,26,2015-12-14,22,PHO,A,DAL,-10,1,21:25,1,7,0.143,0,0,NA,0,0,NA,1,3,4,0,1,1,3,3,2,-3.4,0,9.5
Alex Len,27,27,2015-12-16,22,PHO,A,GSW,-25,0,22:14,3,6,0.5,0,0,NA,0,0,NA,1,4,5,1,1,1,1,1,6,5.9,4,17.3
Alex Len,28,28,2015-12-18,22,PHO,H,NOP,16,0,28:33,8,11,0.727,1,1,1,2,4,0.5,4,9,13,2,2,1,1,5,19,20.3,19,45.8
Alex Len,29,29,2015-12-20,22,PHO,H,MIL,-6,0,19:41,1,5,0.2,0,0,NA,0,0,NA,1,6,7,1,0,1,1,1,2,1.4,4,13.8
Alex Len,30,30,2015-12-21,22,PHO,A,UTA,-21,0,16:45,2,6,0.333,0,0,NA,1,2,0.5,1,2,3,0,0,0,2,3,5,-0.7,-1,7.8
Alex Len,31,31,2015-12-23,22,PHO,H,DEN,-8,1,9:13,0,0,NA,0,0,NA,0,0,NA,0,2,2,1,1,0,1,2,0,0.5,-6,5.5
Alex Len,32,32,2015-12-26,22,PHO,H,PHI,-7,1,18:48,2,5,0.4,0,0,NA,2,2,1,4,2,6,2,0,1,0,2,6,8,-1,18.5
Alex Len,33,33,2015-12-28,22,PHO,H,CLE,-4,1,24:05,1,5,0.2,0,0,NA,3,4,0.75,2,5,7,1,0,0,2,4,5,1.5,-3,14.3
Alex Len,34,34,2015-12-30,22,PHO,A,SAS,-33,1,11:40,0,5,0,0,0,NA,0,0,NA,2,0,2,0,0,0,0,4,0,-3.7,-11,2.5
Alex Len,35,35,2015-12-31,22,PHO,A,OKC,-4,0,16:39,0,0,NA,0,0,NA,0,0,NA,0,3,3,1,0,2,1,5,0,0,-5,8.8
Alex Len,36,36,2016-01-02,22,PHO,A,SAC,-23,0,6:29,0,1,0,0,0,NA,0,0,NA,0,1,1,0,0,0,2,3,0,-3.6,-16,0.3
Alex Len,37,37,2016-01-03,22,PHO,A,LAL,-20,0,26:59,3,6,0.5,0,0,NA,0,0,NA,0,9,9,2,1,3,2,3,6,7,-6,27.3
Alex Len,38,38,2016-01-06,22,PHO,H,CHO,9,0,14:09,0,0,NA,0,0,NA,0,0,NA,0,2,2,0,1,0,1,3,0,-0.6,-1,4
Alex Len,39,39,2016-01-08,22,PHO,H,MIA,-8,0,12:46,2,5,0.4,0,0,NA,1,2,0.5,0,1,1,0,0,1,0,2,5,2.1,-3,8.3
Alex Len,43,40,2016-01-19,22,PHO,H,IND,-3,0,21:23,2,6,0.333,0,1,0,2,2,1,4,8,12,1,0,0,1,5,6,5.5,5,22
Alex Len,44,41,2016-01-21,22,PHO,H,SAS,-28,1,35:02,6,14,0.429,0,0,NA,1,2,0.5,1,7,8,4,1,2,2,5,13,9.2,-19,34
Alex Len,45,42,2016-01-23,22,PHO,H,ATL,3,1,35:20,6,10,0.6,0,0,NA,4,4,1,1,11,12,5,0,0,3,3,16,14.7,-6,38.5
Alex Len,46,43,2016-01-26,22,PHO,A,PHI,-10,1,33:59,6,12,0.5,0,0,NA,4,4,1,4,8,12,0,1,2,1,4,16,15,-5,38
Alex Len,47,44,2016-01-27,22,PHO,A,CLE,-22,1,27:00,2,9,0.222,0,0,NA,0,0,NA,1,3,4,4,0,0,2,2,4,0.1,-24,14
Alex Len,48,45,2016-01-29,22,PHO,A,NYK,-18,1,16:43,3,5,0.6,0,0,NA,0,1,0,3,4,7,0,0,1,4,3,6,2.1,-13,14.8
Alex Len,49,46,2016-01-31,22,PHO,A,DAL,-13,0,14:55,2,2,1,0,0,NA,2,2,1,0,8,8,0,0,3,0,1,6,9.5,4,22
Alex Len,50,47,2016-02-02,22,PHO,H,TOR,-7,0,16:21,1,5,0.2,0,0,NA,0,0,NA,2,2,4,0,0,0,2,3,2,-2.3,-21,6
Alex Len,51,48,2016-02-04,22,PHO,H,HOU,-6,0,26:59,5,11,0.455,0,0,NA,2,3,0.667,9,9,18,2,1,0,2,5,12,13.3,-2,40
Alex Len,52,49,2016-02-06,22,PHO,H,UTA,-9,0,15:19,2,6,0.333,0,0,NA,1,2,0.5,2,1,3,2,0,1,0,2,5,4.2,-13,13.8
Alex Len,53,50,2016-02-08,22,PHO,H,OKC,-16,0,22:32,5,7,0.714,0,0,NA,3,4,0.75,2,6,8,2,2,1,0,4,13,15.4,-9,32
Alex Len,54,51,2016-02-10,22,PHO,H,GSW,-8,0,14:18,3,7,0.429,0,0,NA,0,0,NA,3,4,7,0,1,1,3,3,6,3.1,-8,17.3
Alex Len,56,52,2016-02-21,22,PHO,H,SAS,-7,1,24:27,9,15,0.6,0,0,NA,5,5,1,5,8,13,0,0,0,3,3,23,17.8,-3,39.3
Alex Len,57,53,2016-02-22,22,PHO,A,LAC,-40,1,30:39,5,16,0.313,0,0,NA,4,6,0.667,4,4,8,1,2,0,1,6,14,7.3,-23,29
Alex Len,58,54,2016-02-25,22,PHO,H,BRK,-10,0,17:03,5,10,0.5,0,0,NA,3,7,0.429,3,3,6,0,0,0,2,5,13,5.4,-20,19.5
Alex Len,59,55,2016-02-27,22,PHO,H,MEM,5,1,34:24,7,11,0.636,0,0,NA,8,12,0.667,3,13,16,1,1,2,2,3,22,21.4,5,50
Alex Len,60,56,2016-03-01,22,PHO,A,CHO,-34,1,33:54,5,15,0.333,0,0,NA,8,10,0.8,3,9,12,1,0,0,4,2,18,9.4,-21,34
Alex Len,61,57,2016-03-03,22,PHO,A,MIA,-16,1,39:48,4,14,0.286,0,0,NA,4,5,0.8,3,10,13,1,0,1,3,5,12,4.9,-9,31.8
Alex Len,62,58,2016-03-04,22,PHO,A,ORL,18,1,35:56,10,22,0.455,0,1,0,11,14,0.786,5,10,15,0,1,2,4,3,31,22.1,28,55.3
Alex Len,63,59,2016-03-06,22,PHO,A,MEM,9,1,34:15,5,12,0.417,0,0,NA,9,13,0.692,5,11,16,6,1,2,3,2,19,20.6,4,54
Alex Len,64,60,2016-03-09,22,PHO,H,NYK,-31,1,28:11,4,12,0.333,0,0,NA,6,6,1,2,8,10,2,0,0,1,4,14,9.8,-18,30.5
Alex Len,65,61,2016-03-10,22,PHO,A,DEN,-18,1,32:31,2,13,0.154,0,0,NA,0,0,NA,3,10,13,1,0,1,1,4,4,-0.4,-15,23.3
Alex Len,66,62,2016-03-12,22,PHO,A,GSW,-7,1,31:13,10,18,0.556,0,0,NA,6,7,0.857,4,9,13,3,0,0,4,5,26,18.6,-12,46.3
Alex Len,67,63,2016-03-14,22,PHO,H,MIN,3,1,25:48,3,8,0.375,0,1,0,3,4,0.75,3,8,11,2,1,0,5,5,9,4.1,2,25.3
Alex Len,68,64,2016-03-17,22,PHO,A,UTA,-34,1,30:24,4,15,0.267,0,1,0,2,3,0.667,2,10,12,2,0,0,3,1,10,3.1,-21,28
Alex Len,69,65,2016-03-18,22,PHO,A,LAL,5,1,28:10,1,9,0.111,0,0,NA,0,0,NA,2,5,7,1,0,0,3,4,2,-4.9,-3,10.8
Alex Len,70,66,2016-03-21,22,PHO,H,MEM,-6,1,28:26,3,8,0.375,0,0,NA,3,4,0.75,1,5,6,2,0,3,3,0,9,6.9,-13,24
Alex Len,71,67,2016-03-23,22,PHO,H,LAL,12,1,28:41,5,13,0.385,0,0,NA,0,1,0,3,5,8,4,1,0,3,4,10,5.3,5,26.5
Alex Len,72,68,2016-03-25,22,PHO,A,SAC,-22,1,25:26,4,13,0.308,0,0,NA,6,8,0.75,3,4,7,2,0,1,2,4,14,7.5,-3,26.8
Alex Len,73,69,2016-03-26,22,PHO,H,BOS,-3,1,28:22,5,8,0.625,0,0,NA,0,1,0,3,5,8,1,0,0,5,4,10,3.7,8,19
Alex Len,74,70,2016-03-28,22,PHO,A,MIN,-5,1,36:46,7,12,0.583,0,0,NA,0,0,NA,3,10,13,1,3,0,5,5,14,10.2,5,36.8
Alex Len,75,71,2016-03-30,22,PHO,A,MIL,-11,1,39:05,8,13,0.615,0,0,NA,1,2,0.5,5,10,15,5,0,2,2,5,17,18.1,-6,47.8
Alex Len,76,72,2016-04-01,22,PHO,H,WAS,-7,1,23:46,1,10,0.1,0,0,NA,2,2,1,1,7,8,1,0,0,2,4,4,-2.7,1,14.5
Alex Len,77,73,2016-04-03,22,PHO,H,UTA,-15,1,35:24,0,8,0,0,0,NA,3,4,0.75,2,4,6,0,0,0,2,2,3,-3.2,-21,9.5
Alex Len,78,74,2016-04-05,22,PHO,A,ATL,-13,1,34:48,3,8,0.375,0,0,NA,4,4,1,1,6,7,2,1,1,4,4,10,5.6,-17,23.8
Alex Len,79,75,2016-04-07,22,PHO,A,HOU,9,1,29:53,2,5,0.4,0,0,NA,2,2,1,4,4,8,7,0,0,1,4,6,9.6,-1,26
Alex Len,80,76,2016-04-09,22,PHO,A,NOP,21,1,24:55,5,11,0.455,0,0,NA,0,0,NA,3,8,11,2,1,0,1,3,10,9,11,29.8
Alex Len,81,77,2016-04-11,22,PHO,H,SAC,-4,1,37:30,7,18,0.389,0,0,NA,2,4,0.5,3,9,12,1,0,1,3,6,16,6.2,-5,34.5
Alex Len,82,78,2016-04-13,22,PHO,H,LAC,9,1,27:35,4,10,0.4,0,0,NA,2,4,0.5,0,3,3,1,0,0,1,0,10,4.4,11,14.8
