Damian Lillard,1,1,2015-10-28,25,POR,H,NOP,18,1,35:54,8,21,0.381,1,7,0.143,4,4,1,0,5,5,11,2,0,4,2,21,15.9,17,47.8
Damian Lillard,2,2,2015-10-30,25,POR,A,PHO,-18,1,36:50,7,20,0.35,3,8,0.375,7,7,1,0,3,3,6,0,0,7,4,24,9.3,-17,34.8
Damian Lillard,3,3,2015-10-31,25,POR,H,PHO,-11,1,36:16,8,17,0.471,3,8,0.375,4,6,0.667,0,4,4,8,2,0,5,5,23,15.3,-8,43
Damian Lillard,4,4,2015-11-02,25,POR,A,MIN,5,1,37:57,14,25,0.56,4,9,0.444,2,3,0.667,1,1,2,7,2,1,2,4,34,26.7,1,54
Damian Lillard,5,5,2015-11-04,25,POR,A,UTA,16,1,40:07,14,27,0.519,5,11,0.455,2,2,1,0,4,4,3,1,0,6,3,35,18.8,10,46
Damian Lillard,6,6,2015-11-05,25,POR,H,MEM,19,1,32:35,9,18,0.5,7,11,0.636,2,2,1,1,0,1,5,0,1,0,0,27,22.9,24,41.3
Damian Lillard,7,7,2015-11-08,25,POR,H,DET,-17,1,35:22,8,15,0.533,4,9,0.444,6,7,0.857,0,4,4,11,1,0,5,3,26,22,-15,50.5
Damian Lillard,8,8,2015-11-09,25,POR,A,DEN,-4,1,38:24,9,22,0.409,3,7,0.429,9,9,1,3,0,3,7,1,0,1,4,30,23.6,3,47.3
Damian Lillard,9,9,2015-11-11,25,POR,H,SAS,-12,1,36:56,7,19,0.368,5,8,0.625,3,7,0.429,1,5,6,9,1,0,3,3,22,15.2,-4,46
Damian Lillard,10,10,2015-11-13,25,POR,A,MEM,-1,1,38:08,5,15,0.333,0,5,0,1,2,0.5,0,3,3,7,2,0,2,2,11,7.1,5,28.3
Damian Lillard,11,11,2015-11-15,25,POR,A,CHO,-12,1,36:34,9,25,0.36,1,9,0.111,4,5,0.8,2,6,8,5,1,0,5,0,23,11.4,-12,40.5
Damian Lillard,12,12,2015-11-16,25,POR,A,SAS,-13,1,41:58,10,21,0.476,1,4,0.25,6,6,1,1,6,7,6,1,1,3,4,27,20.1,-10,47.8
Damian Lillard,13,13,2015-11-18,25,POR,A,HOU,-5,1,40:49,6,19,0.316,1,6,0.167,10,10,1,0,3,3,2,2,0,6,1,23,10,-5,31.3
Damian Lillard,14,14,2015-11-20,25,POR,H,LAC,11,1,38:07,10,25,0.4,4,10,0.4,3,3,1,0,4,4,7,1,0,4,1,27,16.2,12,44.5
Damian Lillard,15,15,2015-11-22,25,POR,A,LAL,14,1,36:35,12,25,0.48,3,10,0.3,3,3,1,0,6,6,13,2,1,2,1,30,28.5,22,65
Damian Lillard,16,16,2015-11-24,25,POR,H,CHI,-5,1,39:30,4,22,0.182,0,6,0,11,13,0.846,1,9,10,8,0,1,2,4,19,10.5,-3,46
Damian Lillard,17,17,2015-11-28,25,POR,H,LAL,12,1,35:46,9,19,0.474,5,11,0.455,6,7,0.857,1,3,4,7,0,1,5,2,29,20.3,11,46.5
Damian Lillard,18,18,2015-11-30,25,POR,A,LAC,-15,1,16:58,3,8,0.375,1,4,0.25,0,0,NA,0,2,2,0,0,0,1,1,7,1.8,-14,9.5
Damian Lillard,19,19,2015-12-01,25,POR,H,DAL,-3,1,41:15,10,24,0.417,3,7,0.429,2,2,1,3,5,8,10,1,0,4,5,25,17.8,-9,53
Damian Lillard,20,20,2015-12-03,25,POR,H,IND,12,1,35:08,6,15,0.4,5,9,0.556,9,9,1,0,3,3,9,1,1,5,2,26,21,12,47.3
Damian Lillard,21,21,2015-12-05,25,POR,A,MIN,6,1,37:01,6,15,0.4,1,3,0.333,6,6,1,0,3,3,7,1,0,2,3,19,14.5,7,34.8
Damian Lillard,22,22,2015-12-07,25,POR,A,MIL,-2,1,38:04,8,19,0.421,3,8,0.375,4,4,1,0,5,5,7,0,0,4,2,23,14.5,-5,39.3
Damian Lillard,23,23,2015-12-08,25,POR,A,CLE,-5,1,39:10,14,27,0.519,4,9,0.444,1,1,1,1,5,6,6,0,0,4,2,33,21.3,-8,49.5
Damian Lillard,24,24,2015-12-11,25,POR,A,PHO,10,1,35:26,8,21,0.381,1,7,0.143,1,2,0.5,0,5,5,7,0,0,3,2,18,8.7,8,33.8
Damian Lillard,25,25,2015-12-12,25,POR,H,NYK,-2,1,38:26,11,28,0.393,2,6,0.333,5,6,0.833,2,6,8,4,0,0,1,2,29,17.6,12,45.5
Damian Lillard,26,26,2015-12-14,25,POR,H,NOP,4,1,35:20,8,16,0.5,3,7,0.429,11,12,0.917,0,3,3,3,1,0,2,2,30,22.8,3,40.8
Damian Lillard,27,27,2015-12-16,25,POR,A,OKC,-16,1,30:12,6,20,0.3,4,8,0.5,4,5,0.8,0,5,5,2,1,1,2,3,20,9.4,-17,34.3
Damian Lillard,28,28,2015-12-18,25,POR,A,ORL,-8,1,36:03,4,15,0.267,2,9,0.222,9,9,1,1,2,3,10,1,0,6,4,19,11.8,-10,39.3
Damian Lillard,29,29,2015-12-20,25,POR,A,MIA,-7,1,37:24,10,18,0.556,3,9,0.333,9,11,0.818,1,1,2,9,1,0,6,3,32,23.7,6,48.5
Damian Lillard,37,30,2016-01-04,25,POR,H,MEM,-13,1,35:45,4,14,0.286,2,10,0.2,7,7,1,0,3,3,7,1,0,7,3,17,7.4,-12,30.8
Damian Lillard,38,31,2016-01-06,25,POR,H,LAC,-11,1,43:27,7,25,0.28,4,9,0.444,2,3,0.667,1,6,7,9,2,1,3,2,20,12.6,-9,48.8
Damian Lillard,39,32,2016-01-08,25,POR,H,GSW,-20,1,37:49,12,27,0.444,6,15,0.4,10,12,0.833,1,2,3,10,2,2,3,2,40,33,-18,69.8
Damian Lillard,40,33,2016-01-10,25,POR,H,OKC,5,1,37:28,9,18,0.5,8,14,0.571,5,6,0.833,1,6,7,9,2,0,7,4,31,23.8,4,57.8
Damian Lillard,41,34,2016-01-13,25,POR,H,UTA,14,1,28:56,8,14,0.571,4,7,0.571,1,1,1,1,6,7,10,2,1,4,2,21,21.8,11,52.3
Damian Lillard,42,35,2016-01-15,25,POR,A,BRK,12,1,37:24,13,24,0.542,5,10,0.5,2,3,0.667,1,2,3,10,1,0,0,0,33,30.3,10,57.8
Damian Lillard,43,36,2016-01-16,25,POR,A,PHI,-25,1,30:26,4,18,0.222,1,6,0.167,5,6,0.833,0,2,2,2,0,0,2,1,14,2.2,-21,19
Damian Lillard,44,37,2016-01-18,25,POR,A,WAS,10,1,34:05,7,16,0.438,2,6,0.333,0,1,0,1,1,2,6,0,0,2,1,16,10,13,27.5
Damian Lillard,45,38,2016-01-20,25,POR,H,ATL,-6,1,36:46,8,22,0.364,1,6,0.167,1,1,1,0,5,5,6,0,0,0,4,18,9.9,-13,33.8
Damian Lillard,46,39,2016-01-23,25,POR,H,LAL,18,1,29:29,14,19,0.737,5,8,0.625,3,4,0.75,0,1,1,5,0,0,0,0,36,31.7,27,47.3
Damian Lillard,47,40,2016-01-26,25,POR,H,SAC,15,1,32:54,5,16,0.313,1,6,0.167,4,4,1,2,3,5,13,0,1,4,2,15,13.1,11,42.8
Damian Lillard,48,41,2016-01-29,25,POR,H,CHO,18,1,36:37,9,19,0.474,2,5,0.4,2,5,0.4,0,5,5,6,3,0,3,1,22,16.4,13,42.8
Damian Lillard,49,42,2016-01-31,25,POR,H,MIN,3,1,32:22,5,14,0.357,1,7,0.143,10,12,0.833,1,3,4,8,1,0,2,4,21,17,-2,39.5
Damian Lillard,50,43,2016-02-02,25,POR,H,MIL,12,1,34:22,6,15,0.4,0,6,0,2,2,1,1,4,5,12,0,0,3,0,14,13.2,12,38.3
Damian Lillard,51,44,2016-02-04,25,POR,H,TOR,-7,1,36:00,8,20,0.4,2,7,0.286,9,10,0.9,1,4,5,11,1,1,3,1,27,23.7,-4,54.8
Damian Lillard,52,45,2016-02-06,25,POR,A,HOU,17,1,36:13,7,20,0.35,3,9,0.333,4,4,1,1,3,4,10,1,0,4,2,21,14.6,8,44
Damian Lillard,53,46,2016-02-08,25,POR,A,MEM,6,1,42:40,9,22,0.409,5,13,0.385,10,12,0.833,0,4,4,5,1,1,4,5,33,20.8,10,50
Damian Lillard,54,47,2016-02-10,25,POR,H,HOU,13,1,35:17,9,22,0.409,4,11,0.364,9,11,0.818,1,2,3,9,3,0,4,3,31,23.8,28,54.3
Damian Lillard,55,48,2016-02-19,25,POR,H,GSW,32,1,31:06,18,28,0.643,9,12,0.75,6,7,0.857,0,0,0,7,6,0,0,3,51,47.9,26,78
Damian Lillard,56,49,2016-02-21,25,POR,H,UTA,4,1,37:21,10,21,0.476,4,12,0.333,6,9,0.667,1,3,4,5,0,0,3,2,30,19.4,6,43
Damian Lillard,57,50,2016-02-23,25,POR,H,BRK,8,1,36:44,9,18,0.5,2,7,0.286,14,14,1,0,2,2,4,3,0,4,3,34,26.2,12,47.5
Damian Lillard,58,51,2016-02-25,25,POR,H,HOU,-14,1,36:18,6,20,0.3,3,10,0.3,8,8,1,1,5,6,7,0,0,1,4,23,15.9,-17,42
Damian Lillard,59,52,2016-02-27,25,POR,A,CHI,8,1,34:34,12,26,0.462,0,4,0,7,7,1,0,4,4,4,0,0,4,1,31,17.2,-2,40
Damian Lillard,60,53,2016-02-28,25,POR,A,IND,9,1,35:05,11,23,0.478,5,8,0.625,6,6,1,0,5,5,2,0,1,2,2,33,22.1,4,45.8
Damian Lillard,61,54,2016-03-01,25,POR,A,NYK,19,1,32:28,8,18,0.444,4,9,0.444,10,10,1,0,4,4,6,0,0,1,1,30,24.6,13,45.5
Damian Lillard,62,55,2016-03-02,25,POR,A,BOS,-23,1,33:58,8,17,0.471,3,8,0.375,1,2,0.5,1,3,4,2,0,2,3,2,20,11.5,-22,32
Damian Lillard,63,56,2016-03-04,25,POR,A,TOR,-2,1,39:37,16,28,0.571,6,13,0.462,12,13,0.923,2,1,3,5,0,0,4,2,50,36.8,1,62.3
Damian Lillard,64,57,2016-03-06,25,POR,A,DET,-20,1,35:05,8,22,0.364,2,9,0.222,8,8,1,1,4,5,5,0,0,7,3,26,11,-23,37.3
Damian Lillard,65,58,2016-03-08,25,POR,H,WAS,7,1,43:38,12,25,0.48,6,13,0.462,11,12,0.917,0,5,5,11,1,0,1,2,41,36.3,9,69.8
Damian Lillard,66,59,2016-03-11,25,POR,A,GSW,-16,1,30:15,5,19,0.263,4,9,0.444,3,3,1,1,1,2,5,1,1,2,2,17,9.1,-16,32
Damian Lillard,67,60,2016-03-12,25,POR,H,ORL,37,1,29:47,6,11,0.545,2,6,0.333,5,5,1,1,3,4,10,0,0,4,1,19,17.9,24,39.5
Damian Lillard,68,61,2016-03-14,25,POR,A,OKC,-34,1,31:54,7,16,0.438,3,6,0.5,4,4,1,0,2,2,4,0,1,4,3,21,11.5,-22,31
Damian Lillard,69,62,2016-03-17,25,POR,A,SAS,-8,1,39:56,7,19,0.368,3,7,0.429,6,6,1,0,3,3,6,0,1,2,4,23,14.7,-1,38.3
Damian Lillard,70,63,2016-03-18,25,POR,A,NOP,5,1,35:17,9,19,0.474,3,8,0.375,12,12,1,0,8,8,6,0,1,4,3,33,25.4,-4,53.5
Damian Lillard,71,64,2016-03-20,25,POR,A,DAL,-12,1,44:05,8,26,0.308,4,10,0.4,6,6,1,2,2,4,8,1,0,5,2,26,13.8,-5,44.5
Damian Lillard,72,65,2016-03-23,25,POR,H,DAL,6,1,37:39,9,19,0.474,4,9,0.444,5,5,1,0,6,6,6,1,2,7,1,27,18.3,2,48
Damian Lillard,73,66,2016-03-24,25,POR,A,LAC,-2,1,35:14,4,16,0.25,2,8,0.25,8,9,0.889,1,2,3,8,1,0,3,1,18,12.5,-3,35.3
Damian Lillard,74,67,2016-03-26,25,POR,H,PHI,3,1,35:55,6,20,0.3,2,6,0.333,2,2,1,0,5,5,7,0,0,2,2,16,8,-6,32.8
Damian Lillard,75,68,2016-03-28,25,POR,H,SAC,12,1,28:46,4,9,0.444,3,5,0.6,2,2,1,0,1,1,9,1,1,4,2,13,11.8,19,31.3
Damian Lillard,76,69,2016-03-31,25,POR,H,BOS,7,1,36:13,3,16,0.188,1,6,0.167,7,8,0.875,1,0,1,4,0,1,3,1,14,4.4,-3,22.3
Damian Lillard,77,70,2016-04-02,25,POR,H,MIA,17,1,29:10,5,14,0.357,0,2,0,8,10,0.8,0,2,2,4,0,0,3,0,18,9.8,15,25
Damian Lillard,78,71,2016-04-03,25,POR,A,GSW,-25,1,35:32,13,27,0.481,4,9,0.444,8,9,0.889,1,2,3,4,0,0,0,2,38,27.2,-7,49.8
Damian Lillard,79,72,2016-04-05,25,POR,A,SAC,8,1,35:21,6,19,0.316,3,9,0.333,7,8,0.875,0,2,2,8,1,1,4,1,22,14.2,-3,40
Damian Lillard,80,73,2016-04-06,25,POR,H,OKC,5,1,36:48,2,13,0.154,2,7,0.286,5,5,1,0,3,3,9,0,1,3,0,11,7.6,6,29.8
Damian Lillard,81,74,2016-04-09,25,POR,H,MIN,-1,1,37:55,11,22,0.5,4,10,0.4,5,5,1,0,3,3,7,1,0,3,3,31,22.6,7,47.8
Damian Lillard,82,75,2016-04-13,25,POR,H,DEN,8,1,23:48,8,17,0.471,3,8,0.375,2,2,1,0,3,3,5,2,0,2,1,21,16.3,0,36.8
Al-Farouq Aminu,1,1,2015-10-28,25,POR,H,NOP,18,1,31:08,3,7,0.429,1,3,0.333,2,2,1,0,8,8,0,1,2,3,0,9,7.1,27,24
Al-Farouq Aminu,2,2,2015-10-30,25,POR,A,PHO,-18,1,31:32,5,9,0.556,2,3,0.667,4,5,0.8,3,7,10,0,0,2,6,5,16,8.9,-12,32
Al-Farouq Aminu,3,3,2015-10-31,25,POR,H,PHO,-11,1,33:44,5,14,0.357,2,4,0.5,4,4,1,0,7,7,5,0,0,2,2,16,11,-10,32.3
Al-Farouq Aminu,4,4,2015-11-02,25,POR,A,MIN,5,1,32:24,7,12,0.583,2,5,0.4,1,2,0.5,3,6,9,1,0,1,0,5,17,14.3,11,32.8
Al-Farouq Aminu,5,5,2015-11-04,25,POR,A,UTA,16,1,35:59,5,9,0.556,1,2,0.5,2,5,0.4,1,7,8,1,2,0,2,3,13,9.8,13,28
Al-Farouq Aminu,6,6,2015-11-05,25,POR,H,MEM,19,1,33:11,4,11,0.364,1,4,0.25,2,4,0.5,2,8,10,5,1,0,2,4,11,8.8,11,34
Al-Farouq Aminu,7,7,2015-11-08,25,POR,H,DET,-17,1,35:24,3,7,0.429,0,4,0,3,4,0.75,0,9,9,1,0,0,2,1,9,5.9,-19,20.8
Al-Farouq Aminu,8,8,2015-11-09,25,POR,A,DEN,-4,1,33:42,5,16,0.313,2,7,0.286,0,0,NA,1,3,4,2,1,1,1,2,12,5.7,-6,24.5
Al-Farouq Aminu,9,9,2015-11-11,25,POR,H,SAS,-12,1,32:44,4,11,0.364,2,6,0.333,1,2,0.5,0,3,3,4,0,1,0,2,11,8.1,5,23.8
Al-Farouq Aminu,10,10,2015-11-13,25,POR,A,MEM,-1,1,33:53,4,11,0.364,2,6,0.333,6,6,1,1,7,8,1,1,3,2,4,16,12.9,9,35.5
Al-Farouq Aminu,11,11,2015-11-15,25,POR,A,CHO,-12,1,21:31,2,5,0.4,1,2,0.5,2,2,1,0,3,3,2,1,0,0,5,7,5.6,0,16.3
Al-Farouq Aminu,12,12,2015-11-16,25,POR,A,SAS,-13,1,35:50,7,14,0.5,3,5,0.6,0,1,0,1,3,4,1,0,0,3,2,17,8.1,3,23.5
Al-Farouq Aminu,13,13,2015-11-18,25,POR,A,HOU,-5,1,36:42,5,16,0.313,2,8,0.25,4,4,1,2,13,15,0,1,1,3,3,16,9.6,-10,39.8
Al-Farouq Aminu,14,14,2015-11-20,25,POR,H,LAC,11,1,34:47,4,13,0.308,2,6,0.333,0,0,NA,2,10,12,3,1,2,1,1,10,10,8,37.5
Al-Farouq Aminu,15,15,2015-11-22,25,POR,A,LAL,14,1,31:31,3,8,0.375,1,2,0.5,3,4,0.75,2,4,6,2,0,1,2,2,10,7.1,7,22
Al-Farouq Aminu,16,16,2015-11-24,25,POR,H,CHI,-5,1,21:42,1,9,0.111,1,3,0.333,2,2,1,2,4,6,1,0,1,2,1,5,0.7,-3,15.5
Al-Farouq Aminu,17,17,2015-11-28,25,POR,H,LAL,12,1,28:23,2,6,0.333,0,3,0,1,2,0.5,2,7,9,3,0,0,1,1,5,5.4,12,20.3
Al-Farouq Aminu,18,18,2015-11-30,25,POR,A,LAC,-15,1,33:35,3,15,0.2,1,7,0.143,0,2,0,2,5,7,2,0,0,2,4,7,-2.4,-17,18.3
Al-Farouq Aminu,19,19,2015-12-01,25,POR,H,DAL,-3,1,18:16,0,2,0,0,2,0,0,0,NA,0,1,1,1,1,1,2,0,0,-0.7,-10,5.8
Al-Farouq Aminu,20,20,2015-12-03,25,POR,H,IND,12,1,31:54,4,9,0.444,3,7,0.429,2,2,1,2,4,6,5,1,0,2,1,13,13,8,30.5
Al-Farouq Aminu,21,21,2015-12-05,25,POR,A,MIN,6,1,27:16,5,7,0.714,2,2,1,4,5,0.8,0,3,3,1,3,0,3,2,16,13.5,8,26.8
Al-Farouq Aminu,22,22,2015-12-07,25,POR,A,MIL,-2,1,30:20,4,8,0.5,1,3,0.333,0,1,0,1,4,5,1,2,0,1,4,9,6.6,-1,20.8
Al-Farouq Aminu,23,23,2015-12-08,25,POR,A,CLE,-5,1,30:59,1,3,0.333,1,2,0.5,1,2,0.5,1,4,5,0,0,1,1,5,4,1.5,-5,12.3
Al-Farouq Aminu,24,24,2015-12-11,25,POR,A,PHO,10,1,30:11,5,12,0.417,2,5,0.4,1,1,1,3,10,13,1,3,1,2,1,13,13.7,16,40.3
Al-Farouq Aminu,25,25,2015-12-12,25,POR,H,NYK,-2,1,32:08,5,13,0.385,1,5,0.2,0,0,NA,2,3,5,1,0,0,1,0,11,5.9,5,18.8
Al-Farouq Aminu,26,26,2015-12-14,25,POR,H,NOP,4,1,27:40,4,9,0.444,2,4,0.5,0,0,NA,1,8,9,1,0,1,1,0,10,8.8,2,25.3
Al-Farouq Aminu,27,27,2015-12-16,25,POR,A,OKC,-16,1,20:31,2,7,0.286,1,2,0.5,0,0,NA,1,4,5,0,1,1,1,2,5,2.7,-18,15.3
Al-Farouq Aminu,28,28,2015-12-18,25,POR,A,ORL,-8,1,28:35,5,6,0.833,4,5,0.8,2,2,1,1,3,4,1,0,0,1,2,16,14.3,-6,24
Al-Farouq Aminu,29,29,2015-12-20,25,POR,A,MIA,-7,1,32:13,6,9,0.667,4,7,0.571,0,0,NA,1,3,4,2,3,0,2,3,16,14.9,-6,31
Al-Farouq Aminu,30,30,2015-12-21,25,POR,A,ATL,-9,1,25:56,3,8,0.375,1,2,0.5,0,0,NA,2,7,9,1,0,0,3,3,7,2.6,-4,18.8
Al-Farouq Aminu,31,31,2015-12-23,25,POR,A,NOP,-26,1,21:44,3,9,0.333,1,4,0.25,3,4,0.75,2,6,8,1,2,0,3,3,10,6.2,-16,24.5
Al-Farouq Aminu,32,32,2015-12-26,25,POR,H,CLE,29,1,22:07,5,9,0.556,2,5,0.4,0,0,NA,0,1,1,5,2,0,0,1,12,13.1,25,25.8
Al-Farouq Aminu,33,33,2015-12-27,25,POR,A,SAC,4,1,22:37,2,8,0.25,0,2,0,1,2,0.5,0,3,3,0,2,0,4,2,5,-2.1,-11,10.8
Al-Farouq Aminu,34,34,2015-12-30,25,POR,H,DEN,7,1,33:07,6,14,0.429,0,5,0,2,2,1,0,9,9,4,0,0,0,2,14,11.3,5,31.3
Al-Farouq Aminu,35,35,2015-12-31,25,POR,A,UTA,-13,1,25:39,2,7,0.286,1,4,0.25,0,0,NA,1,5,6,1,0,0,1,1,5,2.4,-12,14
Al-Farouq Aminu,36,36,2016-01-03,25,POR,A,DEN,6,1,22:03,5,8,0.625,3,4,0.75,1,1,1,0,3,3,1,0,0,0,4,14,10.4,-5,20.8
Al-Farouq Aminu,37,37,2016-01-04,25,POR,H,MEM,-13,1,33:34,5,11,0.455,2,6,0.333,3,3,1,3,11,14,0,1,0,2,3,15,12.5,7,36
Al-Farouq Aminu,38,38,2016-01-06,25,POR,H,LAC,-11,1,26:12,3,9,0.333,2,6,0.333,1,2,0.5,0,6,6,1,0,1,3,1,9,3.3,-11,19.5
Al-Farouq Aminu,39,39,2016-01-08,25,POR,H,GSW,-20,1,20:25,3,5,0.6,1,3,0.333,1,2,0.5,1,6,7,0,1,0,0,1,8,8.4,-17,19.3
Al-Farouq Aminu,40,40,2016-01-10,25,POR,H,OKC,5,1,35:29,6,15,0.4,2,7,0.286,2,3,0.667,2,2,4,2,2,1,0,2,16,12.8,8,31
Al-Farouq Aminu,41,41,2016-01-13,25,POR,H,UTA,14,1,26:58,4,10,0.4,0,3,0,2,4,0.5,3,4,7,2,1,4,1,1,10,10.9,10,31.3
Al-Farouq Aminu,42,42,2016-01-15,25,POR,A,BRK,12,1,31:11,3,7,0.429,2,6,0.333,2,2,1,1,2,3,0,1,4,2,3,10,8.2,6,23.8
Al-Farouq Aminu,43,43,2016-01-16,25,POR,A,PHI,-25,1,24:46,1,5,0.2,0,2,0,0,0,NA,1,5,6,0,1,0,1,1,2,0.7,-20,11
Al-Farouq Aminu,44,44,2016-01-18,25,POR,A,WAS,10,1,24:55,3,8,0.375,2,4,0.5,0,0,NA,0,5,5,1,1,1,2,4,8,3.9,15,19.8
Al-Farouq Aminu,45,45,2016-01-20,25,POR,H,ATL,-6,1,30:35,5,8,0.625,1,3,0.333,1,2,0.5,1,6,7,3,1,1,2,3,12,11.1,-7,28.8
Al-Farouq Aminu,46,46,2016-01-23,25,POR,H,LAL,18,1,21:29,2,4,0.5,1,3,0.333,0,0,NA,0,2,2,1,1,0,0,1,5,4.9,15,11.5
Al-Farouq Aminu,47,47,2016-01-26,25,POR,H,SAC,15,1,23:41,2,8,0.25,1,6,0.167,2,2,1,1,3,4,1,1,0,3,2,7,1.7,5,14.5
Al-Farouq Aminu,48,48,2016-01-29,25,POR,H,CHO,18,1,32:04,7,13,0.538,1,2,0.5,2,2,1,3,9,12,1,2,0,0,4,17,16.6,11,39.5
Al-Farouq Aminu,49,49,2016-01-31,25,POR,H,MIN,3,1,31:10,2,6,0.333,1,2,0.5,1,2,0.5,2,4,6,2,1,2,1,2,6,6.8,-2,22.5
Al-Farouq Aminu,50,50,2016-02-02,25,POR,H,MIL,12,1,30:49,5,11,0.455,3,7,0.429,3,5,0.6,0,5,5,1,3,0,4,3,16,9.5,9,29.3
Al-Farouq Aminu,51,51,2016-02-04,25,POR,H,TOR,-7,1,31:57,3,8,0.375,1,3,0.333,0,0,NA,0,4,4,0,1,0,0,0,7,4.8,4,14.5
Al-Farouq Aminu,52,52,2016-02-06,25,POR,A,HOU,17,1,30:22,4,13,0.308,3,9,0.333,0,2,0,3,4,7,2,3,1,2,1,11,8.7,18,31.3
Al-Farouq Aminu,53,53,2016-02-08,25,POR,A,MEM,6,1,40:01,2,5,0.4,0,1,0,0,0,NA,1,4,5,3,0,0,0,0,4,5.3,0,14.8
Al-Farouq Aminu,54,54,2016-02-10,25,POR,H,HOU,13,1,24:59,4,9,0.444,1,3,0.333,2,2,1,2,1,3,5,1,0,2,4,11,8.9,13,23.8
Al-Farouq Aminu,55,55,2016-02-19,25,POR,H,GSW,32,1,25:17,1,3,0.333,0,0,NA,1,2,0.5,1,5,6,0,0,1,1,3,3,1.6,16,12
Al-Farouq Aminu,56,56,2016-02-21,25,POR,H,UTA,4,1,28:07,1,5,0.2,0,3,0,0,0,NA,3,3,6,3,1,2,0,2,2,5.6,13,20
Al-Farouq Aminu,57,57,2016-02-23,25,POR,H,BRK,8,1,28:22,4,8,0.5,1,2,0.5,1,2,0.5,1,4,5,4,0,0,1,1,10,8.9,21,22.3
Al-Farouq Aminu,58,58,2016-02-25,25,POR,H,HOU,-14,1,29:10,4,8,0.5,3,7,0.429,2,2,1,2,4,6,2,0,0,3,2,13,9.2,-9,23.5
Al-Farouq Aminu,59,59,2016-02-27,25,POR,A,CHI,8,1,20:54,1,3,0.333,0,1,0,0,0,NA,1,1,2,1,1,0,0,2,2,2.2,-6,8
Al-Farouq Aminu,60,60,2016-02-28,25,POR,A,IND,9,1,29:53,4,4,1,0,0,NA,2,4,0.5,2,6,8,3,1,0,2,3,10,11.1,-6,25.5
Al-Farouq Aminu,61,61,2016-03-01,25,POR,A,NYK,19,1,20:36,2,8,0.25,0,2,0,0,0,NA,0,4,4,1,1,2,1,2,4,1.7,-1,16
Al-Farouq Aminu,62,62,2016-03-02,25,POR,A,BOS,-23,1,20:16,1,4,0.25,0,2,0,0,0,NA,0,4,4,3,1,0,1,0,2,2.9,-8,13
Al-Farouq Aminu,63,63,2016-03-04,25,POR,A,TOR,-2,1,17:04,2,6,0.333,0,1,0,0,0,NA,0,1,1,0,0,0,0,3,4,-0.3,-9,5.3
Al-Farouq Aminu,64,64,2016-03-06,25,POR,A,DET,-20,1,31:57,5,11,0.455,4,9,0.444,2,2,1,0,3,3,0,0,0,1,3,16,9,-18,21.3
Al-Farouq Aminu,65,65,2016-03-08,25,POR,H,WAS,7,1,28:04,2,8,0.25,0,1,0,1,2,0.5,5,3,8,1,0,1,3,0,5,2.6,-4,17
Al-Farouq Aminu,66,66,2016-03-11,25,POR,A,GSW,-16,1,20:31,3,6,0.5,3,4,0.75,0,0,NA,0,1,1,0,1,0,0,2,9,6.5,-25,13.8
Al-Farouq Aminu,67,67,2016-03-12,25,POR,H,ORL,37,1,23:16,4,8,0.5,3,5,0.6,0,0,NA,2,5,7,2,1,1,0,2,11,12.2,16,28.3
Al-Farouq Aminu,68,68,2016-03-14,25,POR,A,OKC,-34,1,22:44,3,8,0.375,2,7,0.286,3,4,0.75,1,2,3,3,0,0,1,3,11,7.4,-10,19.8
Al-Farouq Aminu,69,69,2016-03-17,25,POR,A,SAS,-8,1,26:38,3,10,0.3,2,5,0.4,0,0,NA,2,4,6,4,0,1,2,1,8,5.9,-14,23.5
Al-Farouq Aminu,70,70,2016-03-18,25,POR,A,NOP,5,1,28:44,2,5,0.4,1,4,0.25,2,2,1,2,3,5,1,1,0,0,1,7,7.9,9,17.3
Al-Farouq Aminu,71,71,2016-03-20,25,POR,A,DAL,-12,1,34:42,4,12,0.333,4,12,0.333,0,0,NA,1,4,5,5,0,0,1,2,12,8.8,-9,27.3
Al-Farouq Aminu,72,72,2016-03-23,25,POR,H,DAL,6,1,36:04,3,12,0.25,1,7,0.143,3,4,0.75,0,11,11,1,2,2,1,2,10,8,-2,34.8
Al-Farouq Aminu,73,73,2016-03-24,25,POR,A,LAC,-2,1,20:26,2,4,0.5,0,1,0,2,2,1,0,6,6,0,1,0,0,1,6,6.4,-6,15.5
Al-Farouq Aminu,74,74,2016-03-26,25,POR,H,PHI,3,1,35:10,6,12,0.5,3,8,0.375,5,5,1,2,6,8,2,0,0,0,2,20,17.8,4,34.5
Al-Farouq Aminu,75,75,2016-03-28,25,POR,H,SAC,12,1,23:53,5,10,0.5,2,6,0.333,2,2,1,1,7,8,2,1,1,2,1,14,12.5,20,31
Al-Farouq Aminu,76,76,2016-03-31,25,POR,H,BOS,7,1,36:15,11,19,0.579,6,11,0.545,0,1,0,1,8,9,1,1,3,1,2,28,23.8,15,51.3
Al-Farouq Aminu,77,77,2016-04-02,25,POR,H,MIA,17,1,25:08,2,7,0.286,2,3,0.667,2,2,1,1,7,8,2,1,1,2,2,8,7,21,25
Al-Farouq Aminu,78,78,2016-04-03,25,POR,A,GSW,-25,1,36:29,2,6,0.333,2,3,0.667,4,4,1,0,6,6,5,2,0,2,0,10,11.9,-23,29
Al-Farouq Aminu,79,79,2016-04-05,25,POR,A,SAC,8,1,21:03,2,5,0.4,1,1,1,1,2,0.5,1,6,7,0,1,1,2,2,6,4.3,-11,18.3
Al-Farouq Aminu,80,80,2016-04-06,25,POR,H,OKC,5,1,37:24,10,17,0.588,3,8,0.375,4,6,0.667,2,4,6,5,3,1,1,2,27,26.3,18,51
Al-Farouq Aminu,81,81,2016-04-09,25,POR,H,MIN,-1,1,32:26,4,8,0.5,2,5,0.4,0,0,NA,0,3,3,1,0,1,4,3,10,3.1,0,16.3
Al-Farouq Aminu,82,82,2016-04-13,25,POR,H,DEN,8,1,18:43,3,6,0.5,2,5,0.4,2,2,1,1,2,3,0,1,0,1,3,10,7.1,-2,16.3
Luis Montero,2,1,2015-10-30,22,POR,A,PHO,-18,0,2:24,0,1,0,0,0,NA,0,0,NA,0,1,1,0,0,0,1,0,0,-1.4,1,0.8
Luis Montero,6,2,2015-11-05,22,POR,H,MEM,19,0,3:34,1,1,1,1,1,1,0,0,NA,0,0,0,0,0,0,0,0,3,2.7,-5,3.5
Luis Montero,30,3,2015-12-21,22,POR,A,ATL,-9,0,0:50,2,2,1,0,0,NA,0,0,NA,0,0,0,0,0,0,0,0,4,3.4,2,4
Luis Montero,31,4,2015-12-23,22,POR,A,NOP,-26,0,6:16,0,3,0,0,2,0,2,2,1,0,0,0,1,0,0,0,1,2,0.2,-2,3.5
Luis Montero,32,5,2015-12-26,22,POR,H,CLE,29,0,4:09,1,3,0.333,0,0,NA,0,0,NA,0,0,0,0,0,0,1,0,2,-0.7,-3,1.5
Luis Montero,35,6,2015-12-31,22,POR,A,UTA,-13,0,3:02,1,2,0.5,0,1,0,0,0,NA,0,1,1,0,0,0,0,0,2,1.3,5,3.3
Luis Montero,38,7,2016-01-06,22,POR,H,LAC,-11,0,2:43,0,1,0,0,1,0,0,0,NA,0,0,0,0,0,0,0,0,0,-0.7,-4,0
Luis Montero,75,8,2016-03-28,22,POR,H,SAC,12,0,4:41,0,2,0,0,1,0,1,2,0.5,0,1,1,0,0,0,0,0,1,-0.5,-15,2.3
Luis Montero,77,9,2016-04-02,22,POR,H,MIA,17,0,2:04,0,0,NA,0,0,NA,0,0,NA,0,0,0,0,0,0,0,0,0,0,-1,0
Luis Montero,78,10,2016-04-03,22,POR,A,GSW,-25,0,3:09,0,1,0,0,1,0,0,0,NA,0,0,0,0,0,0,1,0,0,-1.7,-4,-0.5
Luis Montero,80,11,2016-04-06,23,POR,H,OKC,5,0,0:09,0,0,NA,0,0,NA,0,0,NA,0,0,0,0,0,0,0,0,0,0,-3,0
Luis Montero,82,12,2016-04-13,23,POR,H,DEN,8,0,9:02,0,3,0,0,2,0,0,0,NA,0,1,1,0,0,0,1,0,0,-2.8,-10,0.8
Chris Kaman,6,1,2015-11-05,33,POR,H,MEM,19,0,3:34,0,2,0,0,0,NA,0,0,NA,0,0,0,0,0,0,0,0,0,-1.4,-5,0
Chris Kaman,10,2,2015-11-13,33,POR,A,MEM,-1,1,23:41,4,6,0.667,0,0,NA,0,0,NA,1,3,4,3,0,0,3,3,8,4.9,-10,16
Chris Kaman,12,3,2015-11-16,33,POR,A,SAS,-13,1,19:53,1,7,0.143,0,0,NA,0,0,NA,1,3,4,1,0,0,0,2,2,-1,-3,8.5
Chris Kaman,32,4,2015-12-26,33,POR,H,CLE,29,0,5:58,2,4,0.5,0,0,NA,0,0,NA,1,0,1,0,0,0,1,1,4,1.3,1,4.8
Chris Kaman,41,5,2016-01-13,33,POR,H,UTA,14,0,1:54,1,2,0.5,0,0,NA,0,0,NA,0,0,0,0,0,0,0,0,2,1,-2,2
Chris Kaman,46,6,2016-01-23,33,POR,H,LAL,18,0,3:43,1,2,0.5,0,0,NA,0,0,NA,0,0,0,1,0,0,0,0,2,1.7,-2,3.5
Chris Kaman,47,7,2016-01-26,33,POR,H,SAC,15,0,3:22,1,4,0.25,0,1,0,0,0,NA,0,0,0,0,0,0,1,0,2,-1.4,-5,1.5
Chris Kaman,50,8,2016-02-02,33,POR,H,MIL,12,0,1:50,0,1,0,0,0,NA,0,0,NA,0,0,0,0,0,0,0,0,0,-0.7,-3,0
Chris Kaman,55,9,2016-02-19,33,POR,H,GSW,32,0,4:45,0,2,0,0,2,0,0,0,NA,0,2,2,0,0,0,0,1,0,-1.2,-6,2.5
Chris Kaman,64,10,2016-03-06,33,POR,A,DET,-20,0,2:54,1,1,1,1,1,1,0,0,NA,0,1,1,1,0,0,0,0,3,3.7,1,6.3
Chris Kaman,67,11,2016-03-12,33,POR,H,ORL,37,0,7:54,1,2,0.5,0,0,NA,0,0,NA,0,2,2,2,0,0,0,1,2,2.6,9,7.5
Chris Kaman,68,12,2016-03-14,33,POR,A,OKC,-34,0,9:35,2,3,0.667,0,0,NA,1,1,1,0,2,2,1,1,0,1,1,5,4.6,2,10.5
Chris Kaman,69,13,2016-03-17,33,POR,A,SAS,-8,0,14:55,5,6,0.833,0,0,NA,2,2,1,3,2,5,1,0,1,1,2,12,12.1,-8,21.3
Chris Kaman,70,14,2016-03-18,33,POR,A,NOP,5,0,1:21,0,0,NA,0,0,NA,0,0,NA,0,1,1,0,0,0,0,2,0,-0.5,-1,1.3
Chris Kaman,77,15,2016-04-02,33,POR,H,MIA,17,0,4:16,1,1,1,0,0,NA,0,0,NA,0,1,1,0,0,0,1,0,2,1,-5,2.8
Chris Kaman,79,16,2016-04-05,33,POR,A,SAC,8,0,2:11,0,0,NA,0,0,NA,0,0,NA,1,0,1,1,0,0,0,2,0,0.6,6,2.8
Cliff Alexander,11,1,2015-11-15,19,POR,A,CHO,-12,0,17:24,2,4,0.5,0,0,NA,0,0,NA,1,3,4,0,0,1,0,0,4,4.3,8,11
Cliff Alexander,12,2,2015-11-16,20,POR,A,SAS,-13,0,3:17,0,1,0,0,0,NA,0,0,NA,0,0,0,0,0,1,0,0,0,0,-3,2
Cliff Alexander,13,3,2015-11-18,20,POR,A,HOU,-5,0,4:00,1,2,0.5,0,0,NA,0,0,NA,0,0,0,0,0,0,0,0,2,1,-5,2
Cliff Alexander,14,4,2015-11-20,20,POR,H,LAC,11,0,2:35,1,2,0.5,0,0,NA,0,0,NA,1,1,2,0,0,0,0,0,2,2,0,4.5
Cliff Alexander,17,5,2015-11-28,20,POR,H,LAL,12,0,0:52,0,0,NA,0,0,NA,0,0,NA,0,0,0,0,0,0,1,0,0,-1,-2,-0.5
Cliff Alexander,18,6,2015-11-30,20,POR,A,LAC,-15,0,2:19,1,1,1,0,0,NA,0,0,NA,0,0,0,0,1,0,0,0,2,2.7,2,4
Cliff Alexander,30,7,2015-12-21,20,POR,A,ATL,-9,0,0:50,0,0,NA,0,0,NA,0,0,NA,0,0,0,0,0,0,0,0,0,0,2,0
Cliff Alexander,75,8,2016-03-28,20,POR,H,SAC,12,0,4:41,0,0,NA,0,0,NA,0,0,NA,0,0,0,0,0,0,0,1,0,-0.4,-15,0
Noah Vonleh,1,1,2015-10-28,20,POR,H,NOP,18,0,13:46,1,4,0.25,0,1,0,0,0,NA,0,0,0,0,0,0,1,2,2,-2.2,-11,1.5
Noah Vonleh,2,2,2015-10-30,20,POR,A,PHO,-18,0,21:02,1,2,0.5,0,0,NA,0,0,NA,2,4,6,1,0,1,0,2,2,4.2,-3,13
Noah Vonleh,3,3,2015-10-31,20,POR,H,PHO,-11,0,6:29,0,1,0,0,0,NA,0,0,NA,1,3,4,1,0,0,0,0,0,1.6,2,6.5
Noah Vonleh,4,4,2015-11-02,20,POR,A,MIN,5,0,19:07,1,3,0.333,0,1,0,3,4,0.75,0,3,3,0,0,0,2,3,5,0.6,8,7.8
Noah Vonleh,5,5,2015-11-04,20,POR,A,UTA,16,0,13:18,0,3,0,0,2,0,1,2,0.5,0,0,0,0,0,0,1,3,1,-3.7,4,0.5
Noah Vonleh,6,6,2015-11-05,20,POR,H,MEM,19,0,11:06,1,4,0.25,0,2,0,0,0,NA,0,3,3,0,0,2,2,1,2,-0.5,-11,8.8
Noah Vonleh,7,7,2015-11-08,20,POR,H,DET,-17,0,9:56,2,3,0.667,0,0,NA,0,0,NA,1,2,3,1,0,0,1,1,4,3.3,9,8.8
Noah Vonleh,8,8,2015-11-09,20,POR,A,DEN,-4,0,12:53,0,3,0,0,0,NA,0,0,NA,1,1,2,0,0,0,0,1,0,-1.5,-15,2.5
Noah Vonleh,9,9,2015-11-11,20,POR,H,SAS,-12,0,7:27,1,2,0.5,0,0,NA,0,0,NA,0,2,2,0,0,0,0,1,2,1.2,-8,4.5
Noah Vonleh,10,10,2015-11-13,20,POR,A,MEM,-1,0,6:52,0,0,NA,0,0,NA,0,0,NA,0,0,0,0,0,0,0,2,0,-0.8,-6,0
Noah Vonleh,11,11,2015-11-15,20,POR,A,CHO,-12,1,23:55,3,6,0.5,0,1,0,3,4,0.75,3,3,6,1,0,0,2,3,9,6.1,-6,17
Noah Vonleh,12,12,2015-11-16,20,POR,A,SAS,-13,0,22:25,1,2,0.5,1,1,1,0,0,NA,0,6,6,1,0,0,0,3,3,3.3,-5,12.5
Noah Vonleh,13,13,2015-11-18,20,POR,A,HOU,-5,1,12:44,2,4,0.5,0,0,NA,0,0,NA,2,4,6,0,0,0,1,4,4,2,3,11
Noah Vonleh,14,14,2015-11-20,20,POR,H,LAC,11,1,17:31,1,2,0.5,0,0,NA,2,2,1,0,3,3,0,1,0,2,2,4,2.1,0,8.8
Noah Vonleh,15,15,2015-11-22,20,POR,A,LAL,14,1,16:33,0,3,0,0,1,0,0,0,NA,0,3,3,0,0,2,1,0,0,-0.8,3,7.3
Noah Vonleh,16,16,2015-11-24,20,POR,H,CHI,-5,1,12:22,3,7,0.429,1,2,0.5,0,0,NA,2,1,3,0,0,1,0,3,7,4.5,-4,13.3
Noah Vonleh,17,17,2015-11-28,20,POR,H,LAL,12,1,19:32,2,2,1,0,0,NA,0,0,NA,1,4,5,1,1,0,1,1,4,5.6,8,13.3
Noah Vonleh,18,18,2015-11-30,20,POR,A,LAC,-15,1,12:55,1,4,0.25,0,0,NA,0,0,NA,0,1,1,0,0,0,0,4,2,-1.7,-16,3.3
Noah Vonleh,19,19,2015-12-01,20,POR,H,DAL,-3,1,5:45,0,1,0,0,0,NA,0,0,NA,0,1,1,0,0,0,0,1,0,-0.8,-15,1.3
Noah Vonleh,20,20,2015-12-03,20,POR,H,IND,12,1,17:31,3,3,1,0,0,NA,0,0,NA,2,2,4,0,0,0,1,1,6,5.7,-6,10.5
Noah Vonleh,21,21,2015-12-05,20,POR,A,MIN,6,1,15:05,2,4,0.5,0,0,NA,0,0,NA,0,3,3,1,1,0,2,0,4,2.6,9,10.3
Noah Vonleh,22,22,2015-12-07,20,POR,A,MIL,-2,1,14:10,3,5,0.6,0,0,NA,0,0,NA,6,1,7,1,0,0,1,2,6,7.1,-6,15.8
Noah Vonleh,23,23,2015-12-08,20,POR,A,CLE,-5,1,11:08,1,1,1,0,0,NA,0,0,NA,1,3,4,0,0,0,0,2,2,2.5,9,7
Noah Vonleh,24,24,2015-12-11,20,POR,A,PHO,10,1,16:52,1,1,1,0,0,NA,0,0,NA,1,4,5,1,0,0,0,1,2,3.9,9,9.8
Noah Vonleh,25,25,2015-12-12,20,POR,H,NYK,-2,1,17:25,2,2,1,1,1,1,2,2,1,4,1,5,2,2,0,1,2,7,11.1,11,20.3
Noah Vonleh,26,26,2015-12-14,20,POR,H,NOP,4,1,17:10,1,5,0.2,0,0,NA,0,0,NA,2,3,5,1,1,1,0,3,2,2.4,2,13.8
Noah Vonleh,27,27,2015-12-16,20,POR,A,OKC,-16,1,26:06,0,2,0,0,0,NA,2,2,1,4,3,7,0,0,0,0,3,2,3.1,-10,10.8
Noah Vonleh,28,28,2015-12-18,20,POR,A,ORL,-8,1,12:25,2,4,0.5,0,1,0,0,0,NA,0,0,0,1,0,0,0,1,4,2.3,-10,5.5
Noah Vonleh,29,29,2015-12-20,20,POR,A,MIA,-7,1,11:00,1,4,0.25,0,0,NA,0,0,NA,1,2,3,0,0,0,1,3,2,-1.3,-12,5.3
Noah Vonleh,30,30,2015-12-21,20,POR,A,ATL,-9,1,12:58,2,3,0.667,0,0,NA,1,1,1,0,3,3,0,1,0,1,1,5,4.2,-4,10.3
Noah Vonleh,31,31,2015-12-23,20,POR,A,NOP,-26,1,21:22,2,3,0.667,0,0,NA,2,2,1,2,4,6,0,1,0,0,1,6,7.9,-16,15.5
Noah Vonleh,32,32,2015-12-26,20,POR,H,CLE,29,1,21:26,1,3,0.333,0,0,NA,0,0,NA,2,4,6,1,4,0,0,3,2,6.4,24,19
Noah Vonleh,33,33,2015-12-27,20,POR,A,SAC,4,1,13:47,1,5,0.2,0,0,NA,0,0,NA,2,1,3,0,2,0,0,0,2,2.6,-10,9.8
Noah Vonleh,34,34,2015-12-30,20,POR,H,DEN,7,1,16:08,0,2,0,0,1,0,0,0,NA,1,3,4,2,3,0,1,1,0,3.2,8,13.5
Noah Vonleh,35,35,2015-12-31,20,POR,A,UTA,-13,1,18:44,1,1,1,0,0,NA,4,4,1,0,4,4,2,0,0,0,1,6,7.9,3,14
Noah Vonleh,36,36,2016-01-03,20,POR,A,DEN,6,1,25:54,2,6,0.333,0,2,0,1,2,0.5,2,6,8,2,0,1,0,6,5,4.1,1,20
Noah Vonleh,37,37,2016-01-04,20,POR,H,MEM,-13,1,12:37,1,3,0.333,0,0,NA,0,0,NA,3,3,6,0,0,1,1,2,2,2.2,0,11
Noah Vonleh,38,38,2016-01-06,20,POR,H,LAC,-11,1,15:40,3,5,0.6,0,1,0,1,1,1,0,1,1,0,0,0,0,1,7,4.6,-1,8.3
Noah Vonleh,39,39,2016-01-08,20,POR,H,GSW,-20,1,17:27,0,3,0,0,0,NA,0,0,NA,4,2,6,0,0,0,0,1,0,0.9,-15,7.5
Noah Vonleh,40,40,2016-01-10,20,POR,H,OKC,5,1,13:54,0,3,0,0,0,NA,0,0,NA,0,3,3,1,2,1,1,5,0,-0.8,-8,10.8
Noah Vonleh,41,41,2016-01-13,20,POR,H,UTA,14,1,18:54,2,7,0.286,0,1,0,0,0,NA,2,3,5,1,0,0,0,0,4,2.9,1,11.8
Noah Vonleh,42,42,2016-01-15,20,POR,A,BRK,12,1,15:32,3,8,0.375,0,1,0,0,0,NA,3,1,4,0,0,0,0,1,6,3.6,-9,11
Noah Vonleh,43,43,2016-01-16,20,POR,A,PHI,-25,1,21:22,3,5,0.6,0,1,0,3,4,0.75,1,4,5,1,1,0,1,5,9,6.9,-7,18.3
Noah Vonleh,44,44,2016-01-18,20,POR,A,WAS,10,1,17:12,1,3,0.333,0,0,NA,0,0,NA,0,9,9,1,0,0,1,2,2,1.9,25,14.3
Noah Vonleh,45,45,2016-01-20,20,POR,H,ATL,-6,1,14:32,3,4,0.75,1,2,0.5,0,0,NA,1,3,4,0,0,1,0,2,7,6.9,3,14.5
Noah Vonleh,46,46,2016-01-23,20,POR,H,LAL,18,1,25:27,5,6,0.833,0,1,0,1,2,0.5,2,4,6,1,3,0,1,5,11,11.7,20,25.5
Noah Vonleh,47,47,2016-01-26,20,POR,H,SAC,15,1,22:31,5,7,0.714,0,0,NA,0,0,NA,2,5,7,0,0,2,0,2,10,10.6,0,22.8
Noah Vonleh,48,48,2016-01-29,20,POR,H,CHO,18,1,19:02,3,6,0.5,0,1,0,0,0,NA,2,4,6,0,0,1,1,2,6,4.5,2,15
Noah Vonleh,49,49,2016-01-31,20,POR,H,MIN,3,1,15:43,1,4,0.25,0,1,0,0,0,NA,2,6,8,0,0,1,0,0,2,3.5,-11,14
Noah Vonleh,50,50,2016-02-02,20,POR,H,MIL,12,1,16:26,0,1,0,0,0,NA,0,0,NA,0,3,3,0,0,0,0,3,0,-1,-3,3.8
Noah Vonleh,55,51,2016-02-19,20,POR,H,GSW,32,1,21:46,3,6,0.5,1,2,0.5,2,2,1,0,4,4,0,0,0,0,3,9,6,25,14.5
Noah Vonleh,56,52,2016-02-21,20,POR,H,UTA,4,1,15:55,2,7,0.286,1,1,1,0,0,NA,7,1,8,0,0,0,3,1,5,2.7,14,14
Noah Vonleh,57,53,2016-02-23,20,POR,H,BRK,8,1,13:01,2,5,0.4,0,1,0,0,0,NA,0,3,3,0,0,0,0,1,4,1.8,-2,7.8
Noah Vonleh,58,54,2016-02-25,20,POR,H,HOU,-14,1,13:10,1,3,0.333,0,1,0,0,0,NA,1,1,2,0,0,0,1,3,2,-0.9,8,4
Noah Vonleh,59,55,2016-02-27,20,POR,A,CHI,8,1,12:50,2,4,0.5,1,1,1,0,1,0,1,2,3,0,0,1,1,2,5,2.8,-4,10.8
Noah Vonleh,60,56,2016-02-28,20,POR,A,IND,9,1,17:37,2,5,0.4,1,1,1,0,0,NA,0,2,2,0,0,0,3,3,5,-1.3,-6,6.5
Noah Vonleh,61,57,2016-03-01,20,POR,A,NYK,19,1,15:11,2,8,0.25,0,2,0,0,0,NA,3,1,4,0,0,0,0,3,4,0.4,-4,9
Noah Vonleh,62,58,2016-03-02,20,POR,A,BOS,-23,1,19:48,3,10,0.3,0,1,0,0,2,0,2,3,5,0,1,0,0,3,6,1.5,1,14.3
Noah Vonleh,63,59,2016-03-04,20,POR,A,TOR,-2,1,10:50,1,1,1,0,0,NA,1,1,1,0,4,4,1,0,0,1,4,3,2,-3,9
Noah Vonleh,64,60,2016-03-06,20,POR,A,DET,-20,1,13:01,1,2,0.5,0,0,NA,0,0,NA,0,3,3,1,0,0,0,0,2,2.6,-14,7.3
Noah Vonleh,65,61,2016-03-08,20,POR,H,WAS,7,1,11:14,0,2,0,0,0,NA,2,2,1,0,3,3,0,0,0,2,3,2,-1.7,-2,4.8
Noah Vonleh,66,62,2016-03-11,20,POR,A,GSW,-16,1,17:21,1,6,0.167,1,4,0.25,0,2,0,0,5,5,0,0,1,0,4,3,-1,-15,11.8
Noah Vonleh,67,63,2016-03-12,20,POR,H,ORL,37,1,20:54,2,7,0.286,0,2,0,0,0,NA,1,4,5,0,0,1,2,3,4,-0.7,9,11.3
Noah Vonleh,68,64,2016-03-14,20,POR,A,OKC,-34,1,16:46,2,6,0.333,0,0,NA,0,0,NA,2,3,5,1,0,1,0,1,4,3.9,3,13.8
Noah Vonleh,69,65,2016-03-17,20,POR,A,SAS,-8,1,11:09,4,7,0.571,0,0,NA,0,0,NA,2,2,4,0,0,0,1,1,8,5.3,-14,12.5
Noah Vonleh,70,66,2016-03-18,20,POR,A,NOP,5,1,11:36,2,2,1,1,1,1,1,1,1,0,1,1,0,0,0,1,4,6,3.1,9,7.3
Noah Vonleh,71,67,2016-03-20,20,POR,A,DAL,-12,1,14:06,0,1,0,0,0,NA,0,0,NA,2,1,3,0,0,0,0,2,0,0.2,-1,3.8
Noah Vonleh,72,68,2016-03-23,20,POR,H,DAL,6,0,3:28,0,0,NA,0,0,NA,0,0,NA,0,1,1,0,0,0,0,0,0,0.3,5,1.3
Noah Vonleh,73,69,2016-03-24,20,POR,A,LAC,-2,0,10:05,2,2,1,0,0,NA,0,0,NA,1,1,2,0,0,0,0,2,4,3.6,4,6.5
Noah Vonleh,74,70,2016-03-26,20,POR,H,PHI,3,0,9:28,1,1,1,0,0,NA,0,0,NA,1,4,5,0,0,0,1,1,2,2.2,0,7.8
Noah Vonleh,75,71,2016-03-28,20,POR,H,SAC,12,0,23:47,2,4,0.5,0,0,NA,1,2,0.5,0,6,6,1,0,2,2,4,5,2.9,-1,17
Noah Vonleh,76,72,2016-03-31,20,POR,H,BOS,7,0,9:06,3,3,1,1,1,1,0,0,NA,0,3,3,0,1,1,0,1,7,8.3,-10,15.3
Noah Vonleh,77,73,2016-04-02,20,POR,H,MIA,17,0,10:36,0,1,0,0,0,NA,1,2,0.5,0,5,5,0,0,0,0,0,1,1.4,5,7.3
Noah Vonleh,78,74,2016-04-03,20,POR,A,GSW,-25,0,3:09,0,0,NA,0,0,NA,2,2,1,0,0,0,0,0,0,0,0,2,2,-4,2
Noah Vonleh,79,75,2016-04-05,20,POR,A,SAC,8,0,7:50,1,1,1,0,0,NA,0,0,NA,1,1,2,0,1,1,2,0,2,2.4,3,7.5
Noah Vonleh,80,76,2016-04-06,20,POR,H,OKC,5,0,4:27,0,0,NA,0,0,NA,0,0,NA,0,2,2,0,0,0,0,0,0,0.6,-12,2.5
Noah Vonleh,81,77,2016-04-09,20,POR,H,MIN,-1,0,8:51,1,1,1,0,0,NA,0,0,NA,1,2,3,0,0,0,0,0,2,3,1,5.8
Noah Vonleh,82,78,2016-04-13,20,POR,H,DEN,8,0,25:22,2,8,0.25,0,3,0,2,2,1,1,4,5,1,1,3,2,4,6,3.3,10,20.8
Meyers Leonard,1,1,2015-10-28,23,POR,H,NOP,18,1,34:02,5,12,0.417,2,7,0.286,0,0,NA,2,6,8,3,1,1,2,2,12,9.8,29,30.5
Meyers Leonard,2,2,2015-10-30,23,POR,A,PHO,-18,1,17:33,0,5,0,0,2,0,0,0,NA,0,3,3,2,0,0,2,5,0,-5.2,-13,5.8
Meyers Leonard,3,3,2015-10-31,23,POR,H,PHO,-11,1,30:58,3,8,0.375,0,4,0,3,4,0.75,0,1,1,0,1,1,0,1,9,5.8,-17,14.3
Meyers Leonard,4,4,2015-11-02,23,POR,A,MIN,5,1,23:52,1,7,0.143,0,4,0,2,2,1,1,6,7,1,0,1,1,3,4,1.2,-3,15.8
Meyers Leonard,5,5,2015-11-04,23,POR,A,UTA,16,1,11:26,1,2,0.5,0,1,0,0,0,NA,0,0,0,0,0,2,0,1,2,2,-1,6
Meyers Leonard,6,6,2015-11-05,23,POR,H,MEM,19,1,27:28,5,7,0.714,1,3,0.333,3,3,1,1,4,5,2,0,0,0,5,14,12.4,19,23.8
Meyers Leonard,7,7,2015-11-08,23,POR,H,DET,-17,1,33:15,7,13,0.538,3,5,0.6,0,0,NA,0,2,2,1,0,0,1,4,17,9.4,-26,22
Meyers Leonard,8,8,2015-11-09,23,POR,A,DEN,-4,1,34:28,5,10,0.5,1,4,0.25,0,0,NA,1,8,9,4,0,0,2,6,11,7.5,11,27.8
Meyers Leonard,9,9,2015-11-11,23,POR,H,SAS,-12,1,23:56,3,4,0.75,1,1,1,0,0,NA,0,5,5,2,0,0,0,1,7,7.9,4,16.8
Meyers Leonard,17,10,2015-11-28,23,POR,H,LAL,12,0,21:46,3,7,0.429,1,5,0.2,0,0,NA,1,5,6,2,0,1,0,1,7,7.2,-2,20
Meyers Leonard,18,11,2015-11-30,23,POR,A,LAC,-15,0,18:14,1,6,0.167,0,2,0,2,2,1,1,5,6,0,0,0,0,3,4,1.2,-2,11.5
Meyers Leonard,19,12,2015-12-01,23,POR,H,DAL,-3,0,31:53,8,17,0.471,4,11,0.364,3,3,1,1,6,7,1,1,0,0,6,23,16.1,-3,37.3
Meyers Leonard,20,13,2015-12-03,23,POR,H,IND,12,0,24:40,5,10,0.5,2,4,0.5,0,0,NA,0,2,2,1,1,0,1,3,12,7.1,12,18.5
Meyers Leonard,21,14,2015-12-05,23,POR,A,MIN,6,0,23:37,6,10,0.6,2,6,0.333,0,0,NA,0,0,0,2,0,0,2,5,14,6.8,1,17
Meyers Leonard,22,15,2015-12-07,23,POR,A,MIL,-2,0,23:17,3,10,0.3,0,6,0,0,0,NA,1,4,5,2,0,1,3,3,6,0,-2,15.8
Meyers Leonard,23,16,2015-12-08,23,POR,A,CLE,-5,0,16:26,3,6,0.5,1,3,0.333,0,0,NA,2,1,3,1,0,0,2,2,7,3.6,-1,11.8
Meyers Leonard,24,17,2015-12-11,23,POR,A,PHO,10,0,17:01,1,8,0.125,0,3,0,0,0,NA,1,2,3,2,0,0,2,2,2,-3.3,-5,7.8
Meyers Leonard,25,18,2015-12-12,23,POR,H,NYK,-2,0,19:20,3,6,0.5,0,1,0,0,0,NA,2,5,7,3,0,0,0,3,6,6.8,-8,19.3
Meyers Leonard,26,19,2015-12-14,23,POR,H,NOP,4,0,17:11,1,5,0.2,0,3,0,0,1,0,1,3,4,4,0,0,2,1,2,0.5,0,12
Meyers Leonard,27,20,2015-12-16,23,POR,A,OKC,-16,0,25:48,2,8,0.25,0,3,0,0,0,NA,0,6,6,2,0,0,1,4,4,-0.2,-2,14
Meyers Leonard,28,21,2015-12-18,23,POR,A,ORL,-8,0,21:40,2,6,0.333,0,2,0,0,0,NA,1,6,7,0,0,0,2,2,4,0.3,-1,11.8
Meyers Leonard,29,22,2015-12-20,23,POR,A,MIA,-7,0,25:25,3,5,0.6,2,3,0.667,0,0,NA,1,8,9,1,0,0,0,3,8,8.3,7,21.8
Meyers Leonard,30,23,2015-12-21,23,POR,A,ATL,-9,0,22:38,2,7,0.286,0,1,0,1,1,1,1,2,3,1,0,1,0,3,5,2.4,-4,12.3
Meyers Leonard,31,24,2015-12-23,23,POR,A,NOP,-26,0,27:04,5,9,0.556,3,6,0.5,2,5,0.4,0,5,5,0,0,1,1,3,15,9.5,-7,24.3
Meyers Leonard,32,25,2015-12-26,23,POR,H,CLE,29,0,22:54,5,9,0.556,2,4,0.5,1,2,0.5,1,4,5,4,0,0,0,2,13,12.2,7,26.3
Meyers Leonard,33,26,2015-12-27,23,POR,A,SAC,4,0,30:22,5,11,0.455,4,7,0.571,2,2,1,2,9,11,2,0,0,3,4,16,11.2,17,34.8
Meyers Leonard,34,27,2015-12-30,23,POR,H,DEN,7,0,21:59,3,9,0.333,2,6,0.333,3,4,0.75,2,3,5,2,0,1,3,3,11,5.7,0,21.8
Meyers Leonard,35,28,2015-12-31,23,POR,A,UTA,-13,0,33:10,6,8,0.75,5,6,0.833,0,0,NA,1,2,3,2,0,0,2,1,17,14.1,2,25.3
Meyers Leonard,36,29,2016-01-03,23,POR,A,DEN,6,0,22:14,2,5,0.4,0,1,0,3,3,1,0,4,4,3,0,0,1,4,7,5,6,16
Meyers Leonard,37,30,2016-01-04,23,POR,H,MEM,-13,0,16:21,2,3,0.667,1,1,1,0,0,NA,0,5,5,0,0,0,2,1,5,2.8,-3,10.8
Meyers Leonard,38,31,2016-01-06,23,POR,H,LAC,-11,0,21:32,4,6,0.667,2,3,0.667,0,0,NA,1,4,5,0,0,0,3,2,10,5.5,-1,15.8
Meyers Leonard,39,32,2016-01-08,23,POR,H,GSW,-20,0,17:10,2,4,0.5,1,1,1,0,0,NA,1,3,4,1,1,1,0,4,5,5.4,4,16
Meyers Leonard,40,33,2016-01-10,23,POR,H,OKC,5,0,13:10,1,6,0.167,1,5,0.2,0,0,NA,3,1,4,0,0,0,1,3,3,-0.6,-5,8
Meyers Leonard,41,34,2016-01-13,23,POR,H,UTA,14,0,25:32,5,8,0.625,2,3,0.667,0,0,NA,0,4,4,0,0,1,1,6,12,6.9,9,19.5
Meyers Leonard,42,35,2016-01-15,23,POR,A,BRK,12,0,22:14,3,7,0.429,2,6,0.333,0,0,NA,1,6,7,1,0,0,1,5,8,4.5,9,18.8
Meyers Leonard,43,36,2016-01-16,23,POR,A,PHI,-25,0,26:57,6,11,0.545,2,6,0.333,0,0,NA,1,6,7,0,0,0,2,5,14,7.2,-7,22.8
Meyers Leonard,44,37,2016-01-18,23,POR,A,WAS,10,0,24:06,7,10,0.7,4,7,0.571,0,0,NA,0,4,4,2,0,0,2,2,18,13.6,-5,27
Meyers Leonard,45,38,2016-01-20,23,POR,H,ATL,-6,0,18:26,4,12,0.333,2,6,0.333,0,0,NA,2,8,10,2,0,0,1,2,10,6.6,-9,27.5
Meyers Leonard,46,39,2016-01-23,23,POR,H,LAL,18,0,21:06,1,6,0.167,0,4,0,0,1,0,3,2,5,3,0,0,1,1,2,1.2,1,12.3
Meyers Leonard,47,40,2016-01-26,23,POR,H,SAC,15,0,24:04,3,6,0.5,3,5,0.6,0,0,NA,0,7,7,3,1,0,2,5,9,7.2,16,24.8
Meyers Leonard,48,41,2016-01-29,23,POR,H,CHO,18,0,16:42,4,6,0.667,1,3,0.333,0,0,NA,0,2,2,4,0,0,1,3,9,7.6,9,17.5
Meyers Leonard,49,42,2016-01-31,23,POR,H,MIN,3,0,31:52,5,11,0.455,3,7,0.429,0,0,NA,1,5,6,1,0,1,3,4,13,6.3,16,24
Meyers Leonard,50,43,2016-02-02,23,POR,H,MIL,12,0,26:31,3,8,0.375,3,7,0.429,0,0,NA,0,5,5,2,0,0,3,3,9,3.3,6,18.3
Meyers Leonard,51,44,2016-02-04,23,POR,H,TOR,-7,0,24:29,4,11,0.364,1,5,0.2,0,0,NA,1,4,5,3,0,0,1,2,9,5.1,-4,19.8
Meyers Leonard,52,45,2016-02-06,23,POR,A,HOU,17,0,14:39,1,4,0.25,0,3,0,1,2,0.5,4,3,7,3,1,0,4,3,3,1.8,8,16.3
Meyers Leonard,53,46,2016-02-08,23,POR,A,MEM,6,1,12:49,1,2,0.5,1,2,0.5,0,0,NA,0,2,2,0,0,0,1,2,3,0.8,-1,5.5
Meyers Leonard,54,47,2016-02-10,23,POR,H,HOU,13,0,22:52,6,9,0.667,0,1,0,2,2,1,1,7,8,0,0,1,0,4,14,12,-1,26
Meyers Leonard,55,48,2016-02-19,23,POR,H,GSW,32,0,4:45,0,0,NA,0,0,NA,0,0,NA,1,1,2,2,0,0,3,2,0,-1.4,-6,4
Meyers Leonard,56,49,2016-02-21,23,POR,H,UTA,4,0,6:44,1,3,0.333,1,2,0.5,0,0,NA,0,0,0,0,0,1,0,1,3,1.6,-12,5.5
Meyers Leonard,57,50,2016-02-23,23,POR,H,BRK,8,0,12:18,1,3,0.333,1,1,1,0,0,NA,0,4,4,0,0,0,0,1,3,2.1,4,8.5
Meyers Leonard,58,51,2016-02-25,23,POR,H,HOU,-14,0,10:38,1,2,0.5,1,2,0.5,0,0,NA,0,2,2,1,0,0,0,1,3,2.9,3,7.5
Meyers Leonard,59,52,2016-02-27,24,POR,A,CHI,8,0,21:22,3,5,0.6,2,3,0.667,0,0,NA,1,7,8,0,0,0,0,3,8,7.3,9,19
Meyers Leonard,60,53,2016-02-28,24,POR,A,IND,9,0,20:37,6,8,0.75,4,5,0.8,1,2,0.5,0,2,2,0,0,0,0,2,17,13.2,16,21.5
Meyers Leonard,61,54,2016-03-01,24,POR,A,NYK,19,0,25:08,4,8,0.5,3,5,0.6,0,0,NA,2,12,14,1,0,1,0,5,11,11.4,19,35
Meyers Leonard,62,55,2016-03-02,24,POR,A,BOS,-23,0,19:21,2,6,0.333,1,2,0.5,0,0,NA,0,7,7,2,0,0,5,3,5,-1.1,-10,14.8
Meyers Leonard,63,56,2016-03-04,24,POR,A,TOR,-2,0,11:41,0,4,0,0,3,0,0,0,NA,1,2,3,0,0,0,1,3,0,-3.7,0,3.3
Meyers Leonard,64,57,2016-03-06,24,POR,A,DET,-20,0,23:16,3,7,0.429,1,4,0.25,3,3,1,1,3,4,1,1,0,2,4,10,6,5,18
Meyers Leonard,65,58,2016-03-08,24,POR,H,WAS,7,0,25:25,4,6,0.667,1,2,0.5,1,2,0.5,0,6,6,3,0,0,2,5,10,6.9,11,21.5
Meyers Leonard,66,59,2016-03-11,24,POR,A,GSW,-16,0,27:21,3,7,0.429,2,2,1,2,2,1,1,12,13,3,0,0,1,4,10,10.1,4,32.8
Meyers Leonard,67,60,2016-03-12,24,POR,H,ORL,37,0,21:19,5,9,0.556,3,5,0.6,0,0,NA,0,5,5,4,0,0,0,2,13,12.2,15,26.8
Meyers Leonard,68,61,2016-03-14,24,POR,A,OKC,-34,0,18:32,1,7,0.143,1,3,0.333,0,0,NA,1,5,6,0,0,2,1,4,3,-0.5,-19,14.5
Pat Connaughton,2,1,2015-10-30,22,POR,A,PHO,-18,0,2:42,1,2,0.5,1,1,1,2,2,1,0,0,0,0,0,0,0,0,5,4,1,5.5
Pat Connaughton,6,2,2015-11-05,22,POR,H,MEM,19,0,3:35,0,1,0,0,0,NA,0,0,NA,0,0,0,0,0,0,1,0,0,-1.7,-5,-0.5
Pat Connaughton,9,3,2015-11-11,22,POR,H,SAS,-12,0,0:55,0,1,0,0,0,NA,0,0,NA,1,0,1,0,0,0,0,0,0,0,-2,1.3
Pat Connaughton,11,4,2015-11-15,22,POR,A,CHO,-12,0,1:08,0,0,NA,0,0,NA,0,0,NA,0,0,0,0,0,0,0,0,0,0,2,0
Pat Connaughton,17,5,2015-11-28,22,POR,H,LAL,12,0,0:52,0,0,NA,0,0,NA,0,0,NA,0,0,0,0,0,0,0,0,0,0,-2,0
Pat Connaughton,18,6,2015-11-30,22,POR,A,LAC,-15,0,2:19,0,0,NA,0,0,NA,0,0,NA,0,0,0,0,0,0,0,0,0,0,2,0
Pat Connaughton,27,7,2015-12-16,22,POR,A,OKC,-16,0,3:54,0,1,0,0,1,0,0,0,NA,0,1,1,0,0,0,1,0,0,-1.4,4,0.8
Pat Connaughton,30,8,2015-12-21,22,POR,A,ATL,-9,0,1:14,0,0,NA,0,0,NA,0,0,NA,0,0,0,0,0,0,0,1,0,-0.4,-1,0
Pat Connaughton,31,9,2015-12-23,22,POR,A,NOP,-26,0,6:16,0,1,0,0,0,NA,0,0,NA,0,0,0,0,0,0,0,0,0,-0.7,-2,0
Pat Connaughton,32,10,2015-12-26,22,POR,H,CLE,29,0,5:58,0,2,0,0,0,NA,0,0,NA,0,2,2,0,0,0,0,0,0,-0.8,1,2.5
Pat Connaughton,35,11,2015-12-31,22,POR,A,UTA,-13,0,3:02,1,2,0.5,1,2,0.5,0,0,NA,0,0,0,0,0,0,0,0,3,2,5,3.5
Pat Connaughton,37,12,2016-01-04,22,POR,H,MEM,-13,0,1:05,0,0,NA,0,0,NA,0,0,NA,0,0,0,0,0,0,1,0,0,-1,0,-0.5
Pat Connaughton,39,13,2016-01-08,23,POR,H,GSW,-20,0,4:42,1,2,0.5,0,1,0,0,0,NA,1,2,3,1,2,0,2,1,2,2.6,-1,10.3
Pat Connaughton,41,14,2016-01-13,23,POR,H,UTA,14,0,3:16,0,2,0,0,1,0,0,0,NA,1,1,2,0,0,0,0,0,0,-0.4,-3,2.5
Pat Connaughton,42,15,2016-01-15,23,POR,A,BRK,12,0,0:35,0,0,NA,0,0,NA,0,0,NA,0,1,1,0,0,0,0,0,0,0.3,0,1.3
Pat Connaughton,43,16,2016-01-16,23,POR,A,PHI,-25,0,6:17,0,2,0,0,2,0,0,0,NA,0,1,1,0,0,0,0,0,0,-1.1,4,1.3
Pat Connaughton,44,17,2016-01-18,23,POR,A,WAS,10,0,1:37,0,1,0,0,0,NA,0,0,NA,0,0,0,0,0,0,0,0,0,-0.7,-3,0
Pat Connaughton,46,18,2016-01-23,23,POR,H,LAL,18,0,3:43,1,1,1,0,0,NA,0,0,NA,0,0,0,1,0,0,0,1,2,2,-2,3.5
Pat Connaughton,47,19,2016-01-26,23,POR,H,SAC,15,0,3:22,0,2,0,0,1,0,0,0,NA,2,1,3,0,0,0,1,0,0,-0.7,-5,3.3
Pat Connaughton,50,20,2016-02-02,23,POR,H,MIL,12,0,1:50,0,0,NA,0,0,NA,0,0,NA,0,0,0,1,0,0,0,0,0,0.7,-3,1.5
Pat Connaughton,54,21,2016-02-10,23,POR,H,HOU,13,0,0:55,0,1,0,0,1,0,0,0,NA,0,0,0,0,0,0,0,0,0,-0.7,-3,0
Pat Connaughton,55,22,2016-02-19,23,POR,H,GSW,32,0,3:51,0,1,0,0,1,0,0,0,NA,0,0,0,0,0,0,0,1,0,-1.1,-4,0
Pat Connaughton,61,23,2016-03-01,23,POR,A,NYK,19,0,2:31,0,1,0,0,0,NA,0,0,NA,0,2,2,0,0,0,0,0,0,-0.1,0,2.5
Pat Connaughton,62,24,2016-03-02,23,POR,A,BOS,-23,0,7:45,2,5,0.4,1,2,0.5,2,2,1,0,2,2,1,0,0,2,0,7,3.6,0,10.5
Pat Connaughton,64,25,2016-03-06,23,POR,A,DET,-20,0,2:54,0,1,0,0,0,NA,0,0,NA,0,0,0,0,0,0,0,0,0,-0.7,1,0
Pat Connaughton,66,26,2016-03-11,23,POR,A,GSW,-16,0,12:00,3,6,0.5,1,2,0.5,0,0,NA,2,0,2,2,0,0,0,0,7,6.8,8,13
Pat Connaughton,67,27,2016-03-12,23,POR,H,ORL,37,0,7:54,2,3,0.667,0,1,0,0,0,NA,1,2,3,3,0,0,0,0,4,6.1,9,12.3
Pat Connaughton,68,28,2016-03-14,23,POR,A,OKC,-34,0,8:05,1,2,0.5,0,0,NA,1,1,1,0,0,0,0,0,0,0,0,3,2,2,3
Pat Connaughton,73,29,2016-03-24,23,POR,A,LAC,-2,0,0:22,0,0,NA,0,0,NA,0,0,NA,0,0,0,0,0,0,0,0,0,0,0,0
Pat Connaughton,75,30,2016-03-28,23,POR,H,SAC,12,0,4:41,0,2,0,0,1,0,0,0,NA,0,0,0,0,0,0,1,0,0,-2.4,-15,-0.5
Pat Connaughton,77,31,2016-04-02,23,POR,H,MIA,17,0,2:04,0,1,0,0,0,NA,0,0,NA,0,0,0,0,0,0,0,0,0,-0.7,-1,0
Pat Connaughton,78,32,2016-04-03,23,POR,A,GSW,-25,0,3:09,0,0,NA,0,0,NA,0,0,NA,0,1,1,0,0,0,0,0,0,0.3,-4,1.3
Pat Connaughton,80,33,2016-04-06,23,POR,H,OKC,5,0,0:09,0,0,NA,0,0,NA,0,0,NA,0,0,0,0,0,0,0,0,0,0,-3,0
Pat Connaughton,82,34,2016-04-13,23,POR,H,DEN,8,0,28:47,1,6,0.167,1,4,0.25,0,0,NA,3,5,8,1,0,0,1,2,3,1.7,7,14.5
Ed Davis,1,1,2015-10-28,26,POR,H,NOP,18,0,29:07,5,6,0.833,0,0,NA,2,2,1,2,9,11,0,1,0,0,5,12,12.9,18,29.3
Ed Davis,2,2,2015-10-30,26,POR,A,PHO,-18,0,19:42,2,3,0.667,0,0,NA,1,3,0.333,1,1,2,1,0,1,2,2,5,2.5,-4,10
Ed Davis,3,3,2015-10-31,26,POR,H,PHO,-11,0,21:11,0,2,0,0,0,NA,1,4,0.25,3,8,11,0,1,2,1,1,1,3.9,-7,20.3
Ed Davis,4,4,2015-11-02,26,POR,A,MIN,5,0,20:20,2,4,0.5,0,0,NA,3,4,0.75,4,7,11,1,1,1,0,4,7,10.3,-4,26.3
Ed Davis,5,5,2015-11-04,26,POR,A,UTA,16,0,19:16,1,3,0.333,0,0,NA,0,2,0,2,4,6,1,0,0,0,5,2,0.8,-3,11
Ed Davis,6,6,2015-11-05,26,POR,H,MEM,19,0,22:40,4,5,0.8,0,0,NA,1,3,0.333,1,7,8,2,0,0,1,1,9,9.1,23,21.5
Ed Davis,7,7,2015-11-08,26,POR,H,DET,-17,0,19:36,2,3,0.667,0,0,NA,0,2,0,1,5,6,1,0,1,1,2,4,3.7,6,14.5
Ed Davis,8,8,2015-11-09,26,POR,A,DEN,-4,0,15:22,0,1,0,0,0,NA,3,4,0.75,2,3,5,1,2,0,1,4,3,4.3,2,14.3
Ed Davis,9,9,2015-11-11,26,POR,H,SAS,-12,0,17:47,5,5,1,0,0,NA,1,2,0.5,3,3,6,3,2,1,1,2,11,15.1,-17,28.5
Ed Davis,10,10,2015-11-13,26,POR,A,MEM,-1,0,18:28,2,4,0.5,0,0,NA,3,3,1,5,3,8,1,0,3,1,1,7,10.8,-1,24
Ed Davis,11,11,2015-11-15,26,POR,A,CHO,-12,0,22:26,3,7,0.429,0,0,NA,0,0,NA,0,5,5,3,1,1,1,6,6,4.2,-4,20.3
Ed Davis,12,12,2015-11-16,26,POR,A,SAS,-13,0,17:12,0,2,0,0,0,NA,0,0,NA,0,4,4,0,0,0,2,1,0,-2.6,-12,4
Ed Davis,13,13,2015-11-18,26,POR,A,HOU,-5,0,17:35,1,2,0.5,0,0,NA,1,2,0.5,2,1,3,0,0,0,0,4,3,1.7,-5,6.8
Ed Davis,14,14,2015-11-20,26,POR,H,LAC,11,0,30:58,7,8,0.875,0,0,NA,3,4,0.75,10,5,15,0,0,1,2,2,17,20.2,9,38.3
Ed Davis,15,15,2015-11-22,26,POR,A,LAL,14,0,17:40,4,5,0.8,0,0,NA,1,2,0.5,2,1,3,3,0,0,1,3,9,8.3,-6,16.8
Ed Davis,16,16,2015-11-24,26,POR,H,CHI,-5,0,35:08,5,8,0.625,0,0,NA,2,4,0.5,5,8,13,2,3,2,4,4,12,13.7,3,40.8
Ed Davis,17,17,2015-11-28,26,POR,H,LAL,12,0,23:35,1,3,0.333,0,0,NA,2,4,0.5,0,4,4,2,1,0,1,2,4,3.3,7,13.5
Ed Davis,18,18,2015-11-30,26,POR,A,LAC,-15,0,24:26,5,8,0.625,0,0,NA,3,5,0.6,5,5,10,1,0,1,0,5,13,13,-9,30.5
Ed Davis,19,19,2015-12-01,26,POR,H,DAL,-3,0,31:37,4,4,1,0,0,NA,2,3,0.667,5,6,11,1,0,0,2,2,10,11.6,3,25.8
Ed Davis,20,20,2015-12-03,26,POR,H,IND,12,0,21:52,3,3,1,0,0,NA,0,0,NA,7,6,13,3,2,1,0,1,6,16.2,3,32.8
Ed Davis,21,21,2015-12-05,26,POR,A,MIN,6,0,27:22,5,6,0.833,0,0,NA,3,7,0.429,2,6,8,1,0,2,0,2,13,13.7,2,28.5
Ed Davis,22,22,2015-12-07,26,POR,A,MIL,-2,0,28:18,4,6,0.667,0,0,NA,2,2,1,5,8,13,2,0,2,1,3,10,13.9,4,34.3
Ed Davis,23,23,2015-12-08,26,POR,A,CLE,-5,0,24:51,3,5,0.6,0,0,NA,0,2,0,2,2,4,2,1,0,2,3,6,4.1,-8,15
Ed Davis,24,24,2015-12-11,26,POR,A,PHO,10,0,21:21,4,8,0.5,0,0,NA,1,3,0.333,5,4,9,0,0,0,0,1,9,8.5,5,20.3
Ed Davis,25,25,2015-12-12,26,POR,H,NYK,-2,0,20:10,1,3,0.333,0,0,NA,0,0,NA,3,3,6,0,0,0,0,1,2,2.9,-12,9.5
Ed Davis,26,26,2015-12-14,26,POR,H,NOP,4,0,19:16,2,2,1,0,0,NA,0,2,0,0,6,6,0,2,0,0,2,4,5.6,5,15.5
Ed Davis,27,27,2015-12-16,26,POR,A,OKC,-16,0,18:10,4,5,0.8,0,0,NA,1,3,0.333,2,2,4,0,2,1,1,4,9,8.4,-12,19.5
Ed Davis,28,28,2015-12-18,26,POR,A,ORL,-8,0,22:03,0,2,0,0,0,NA,1,6,0.167,2,5,7,0,0,0,1,2,1,-1.3,4,9.3
Ed Davis,29,29,2015-12-20,26,POR,A,MIA,-7,0,16:51,2,4,0.5,0,0,NA,2,2,1,1,3,4,1,0,0,0,5,6,4.3,-6,12.5
Ed Davis,30,30,2015-12-21,26,POR,A,ATL,-9,0,19:59,4,4,1,0,0,NA,0,0,NA,4,4,8,2,0,0,1,1,8,10.8,-7,20.5
Ed Davis,31,31,2015-12-23,26,POR,A,NOP,-26,0,18:02,1,9,0.111,0,0,NA,3,4,0.75,7,5,12,1,1,3,1,2,5,7.1,-2,29
Ed Davis,32,32,2015-12-26,26,POR,H,CLE,29,0,13:10,4,4,1,0,0,NA,0,0,NA,2,2,4,2,0,0,0,1,8,9.8,3,16
Ed Davis,34,33,2015-12-30,26,POR,H,DEN,7,0,15:39,1,2,0.5,0,0,NA,1,1,1,2,1,3,0,0,2,0,3,3,3.9,-1,10.8
Ed Davis,35,34,2015-12-31,26,POR,A,UTA,-13,0,9:35,1,2,0.5,0,0,NA,1,1,1,0,1,1,0,0,0,1,1,3,0.9,-10,3.8
Ed Davis,36,35,2016-01-03,26,POR,A,DEN,6,0,26:16,2,2,1,0,0,NA,1,4,0.25,2,7,9,2,2,1,0,4,5,9.2,9,25.3
Ed Davis,37,36,2016-01-04,26,POR,H,MEM,-13,0,13:04,1,2,0.5,0,0,NA,0,2,0,0,1,1,0,0,2,2,2,2,-0.9,-19,6.3
Ed Davis,38,37,2016-01-06,26,POR,H,LAC,-11,0,23:38,5,8,0.625,0,0,NA,2,4,0.5,6,6,12,2,0,0,1,4,12,12.4,2,31
Ed Davis,39,38,2016-01-08,26,POR,H,GSW,-20,0,15:38,2,3,0.667,0,0,NA,1,2,0.5,2,5,7,1,0,0,0,2,5,6.1,0,15.3
Ed Davis,40,39,2016-01-10,26,POR,H,OKC,5,0,21:47,4,6,0.667,0,0,NA,2,2,1,5,4,9,3,0,1,0,3,10,13.7,3,27.8
Ed Davis,41,40,2016-01-13,26,POR,H,UTA,14,0,23:59,1,3,0.333,0,0,NA,0,0,NA,5,7,12,0,0,0,1,2,2,4.1,7,16.5
Ed Davis,42,41,2016-01-15,26,POR,A,BRK,12,0,24:27,6,6,1,0,0,NA,2,4,0.5,4,6,10,1,1,1,1,2,14,16.6,24,33
Ed Davis,43,42,2016-01-16,26,POR,A,PHI,-25,0,17:16,3,4,0.75,0,0,NA,3,3,1,2,1,3,0,0,1,0,3,9,8.6,-13,14.8
Ed Davis,44,43,2016-01-18,26,POR,A,WAS,10,0,22:37,1,4,0.25,0,0,NA,4,7,0.571,2,5,7,3,1,0,1,1,6,7,-2,20.8
Ed Davis,45,44,2016-01-20,26,POR,H,ATL,-6,0,19:38,2,5,0.4,0,0,NA,2,4,0.5,5,3,8,1,0,1,0,2,6,7.5,-9,19.5
Ed Davis,46,45,2016-01-23,26,POR,H,LAL,18,0,20:29,1,3,0.333,0,0,NA,3,4,0.75,4,4,8,1,3,1,0,4,5,9.7,-1,24.5
Ed Davis,47,46,2016-01-26,26,POR,H,SAC,15,0,22:56,4,5,0.8,0,0,NA,3,4,0.75,1,3,4,1,1,1,0,1,11,12.3,15,21.5
Ed Davis,48,47,2016-01-29,26,POR,H,CHO,18,0,19:10,1,1,1,0,0,NA,1,2,0.5,0,4,4,0,0,0,0,2,3,2.7,6,8
Ed Davis,49,48,2016-01-31,26,POR,H,MIN,3,0,27:34,1,2,0.5,0,0,NA,6,7,0.857,1,3,4,2,1,0,0,1,8,10.2,10,18
Ed Davis,50,49,2016-02-02,26,POR,H,MIL,12,0,23:23,4,7,0.571,0,0,NA,0,1,0,4,3,7,2,0,0,1,1,8,8,18,19.3
Ed Davis,51,50,2016-02-04,26,POR,H,TOR,-7,0,21:23,2,3,0.667,0,0,NA,0,0,NA,4,3,7,0,1,0,1,1,4,6,-18,14.3
Ed Davis,52,51,2016-02-06,26,POR,A,HOU,17,0,22:06,1,6,0.167,0,0,NA,1,1,1,3,6,9,0,1,0,0,2,3,3.3,6,16.3
Ed Davis,53,52,2016-02-08,26,POR,A,MEM,6,0,25:36,2,4,0.5,0,0,NA,3,4,0.75,2,6,8,3,1,3,1,4,7,10.4,4,29
Ed Davis,54,53,2016-02-10,26,POR,H,HOU,13,0,21:17,0,1,0,0,0,NA,1,2,0.5,3,10,13,1,0,1,2,5,1,2.4,-1,19.8
Ed Davis,55,54,2016-02-19,26,POR,H,GSW,32,0,15:44,1,3,0.333,0,0,NA,0,1,0,3,5,8,1,0,0,0,1,2,3.8,14,13.5
Ed Davis,56,55,2016-02-21,26,POR,H,UTA,4,0,18:37,4,4,1,0,0,NA,3,6,0.5,2,3,5,1,1,1,2,3,11,10.1,-8,21.8
Ed Davis,57,56,2016-02-23,26,POR,H,BRK,8,0,20:57,2,4,0.5,0,0,NA,0,0,NA,2,3,5,0,0,2,1,3,4,3.5,-10,13.8
Ed Davis,58,57,2016-02-25,26,POR,H,HOU,-14,0,19:02,3,5,0.6,0,0,NA,0,0,NA,4,8,12,1,1,1,2,2,6,8.5,-1,25.5
Ed Davis,59,58,2016-02-27,26,POR,A,CHI,8,0,25:09,4,6,0.667,0,0,NA,1,2,0.5,2,7,9,1,3,5,0,0,9,16.7,13,37.8
Ed Davis,60,59,2016-02-28,26,POR,A,IND,9,0,26:45,2,4,0.5,0,0,NA,0,0,NA,2,7,9,1,2,3,0,2,4,9.5,9,26.8
Ed Davis,61,60,2016-03-01,26,POR,A,NYK,19,0,23:59,4,4,1,0,0,NA,1,3,0.333,2,7,9,1,0,2,2,3,9,9.4,25,24.8
Ed Davis,62,61,2016-03-02,26,POR,A,BOS,-23,0,12:08,0,2,0,0,0,NA,3,4,0.75,2,4,6,0,0,0,0,1,3,3.4,-17,10.5
Ed Davis,63,62,2016-03-04,26,POR,A,TOR,-2,0,20:44,3,4,0.75,0,0,NA,3,7,0.429,3,4,7,0,0,2,0,5,9,8.5,-3,21.8
Ed Davis,64,63,2016-03-06,26,POR,A,DET,-20,0,8:31,0,1,0,0,0,NA,0,0,NA,1,1,2,0,1,0,0,1,0,0.9,-9,4.5
Ed Davis,65,64,2016-03-08,26,POR,H,WAS,7,0,31:59,4,6,0.667,0,0,NA,1,2,0.5,5,10,15,4,1,1,1,3,9,14.8,15,37.3
Ed Davis,66,65,2016-03-11,26,POR,A,GSW,-16,0,9:44,0,0,NA,0,0,NA,2,2,1,0,1,1,0,0,0,1,2,2,0.5,-9,2.8
Ed Davis,67,66,2016-03-12,26,POR,H,ORL,37,0,13:09,2,2,1,0,0,NA,0,0,NA,0,2,2,0,0,0,1,1,4,2.6,6,6
Ed Davis,68,67,2016-03-14,26,POR,A,OKC,-34,0,15:18,1,4,0.25,0,0,NA,2,2,1,2,2,4,0,0,0,0,1,4,3.2,-26,9
Ed Davis,69,68,2016-03-17,26,POR,A,SAS,-8,0,17:18,1,4,0.25,0,0,NA,3,7,0.429,3,6,9,3,1,0,0,0,5,8,-5,22.8
Ed Davis,70,69,2016-03-18,26,POR,A,NOP,5,0,20:51,4,5,0.8,0,0,NA,2,2,1,4,6,10,0,1,2,0,3,10,13.9,-2,30
Ed Davis,71,70,2016-03-20,26,POR,A,DAL,-12,0,20:02,2,3,0.667,0,0,NA,2,4,0.5,3,4,7,2,2,1,1,2,6,9.5,7,23.3
Ed Davis,72,71,2016-03-23,26,POR,H,DAL,6,0,20:34,6,7,0.857,0,0,NA,4,4,1,5,4,9,2,3,0,3,3,16,18.4,4,34.8
Ed Davis,73,72,2016-03-24,26,POR,A,LAC,-2,0,22:57,5,7,0.714,0,0,NA,2,3,0.667,2,6,8,0,2,2,0,3,12,14.1,3,30
Ed Davis,74,73,2016-03-26,26,POR,H,PHI,3,0,25:52,2,4,0.5,0,0,NA,2,4,0.5,1,12,13,2,1,2,0,4,6,9.7,2,31.3
Ed Davis,75,74,2016-03-28,26,POR,H,SAC,12,0,23:07,3,5,0.6,0,0,NA,2,2,1,3,6,9,0,0,3,2,1,8,9.3,11,24.3
Ed Davis,76,75,2016-03-31,26,POR,H,BOS,7,0,22:16,2,3,0.667,0,0,NA,0,0,NA,2,5,7,1,3,2,2,6,4,6.3,15,23.3
Ed Davis,77,76,2016-04-02,26,POR,H,MIA,17,0,16:53,1,2,0.5,0,0,NA,0,0,NA,5,6,11,0,1,0,1,3,2,5.1,-9,17.3
Ed Davis,78,77,2016-04-03,26,POR,A,GSW,-25,0,21:08,3,6,0.5,0,0,NA,0,0,NA,3,6,9,3,0,3,0,2,6,10.3,-12,27.8
Ed Davis,79,78,2016-04-05,26,POR,A,SAC,8,0,20:21,1,3,0.333,0,0,NA,0,0,NA,0,3,3,1,1,1,1,2,2,1.8,11,10.8
Ed Davis,80,79,2016-04-06,26,POR,H,OKC,5,0,17:39,4,5,0.8,0,0,NA,1,2,0.5,3,5,8,2,0,1,1,5,9,9.4,3,23.5
Ed Davis,81,80,2016-04-09,26,POR,H,MIN,-1,0,16:07,3,4,0.75,0,0,NA,0,0,NA,4,3,7,0,0,0,0,3,6,6.9,-10,14.8
Ed Davis,82,81,2016-04-13,26,POR,H,DEN,8,0,24:23,4,7,0.571,0,0,NA,1,4,0.25,4,5,9,2,1,0,3,3,9,7,1,23.8
C.J. McCollum,1,1,2015-10-28,24,POR,H,NOP,18,1,37:23,14,22,0.636,6,9,0.667,3,3,1,1,5,6,1,1,0,0,3,37,29.9,22,51
C.J. McCollum,2,2,2015-10-30,24,POR,A,PHO,-18,1,33:18,7,22,0.318,2,7,0.286,0,0,NA,1,3,4,3,2,0,2,4,16,5.5,-20,29.5
C.J. McCollum,3,3,2015-10-31,24,POR,H,PHO,-11,1,34:17,6,15,0.4,1,6,0.167,2,2,1,1,4,5,4,1,0,1,2,15,10.8,-7,29.3
C.J. McCollum,4,4,2015-11-02,24,POR,A,MIN,5,1,35:56,7,18,0.389,2,6,0.333,2,2,1,0,6,6,4,1,1,4,4,18,8.9,17,34.5
C.J. McCollum,5,5,2015-11-04,24,POR,A,UTA,16,1,35:26,10,13,0.769,3,5,0.6,4,6,0.667,0,1,1,4,0,0,3,2,27,20.4,21,34.3
C.J. McCollum,6,6,2015-11-05,24,POR,H,MEM,19,1,30:06,7,18,0.389,4,6,0.667,2,3,0.667,2,2,4,5,0,0,1,2,20,13.5,13,34
C.J. McCollum,7,7,2015-11-08,24,POR,H,DET,-17,1,33:42,8,17,0.471,0,4,0,2,2,1,0,4,4,2,1,0,4,5,18,6.9,-20,26
C.J. McCollum,8,8,2015-11-09,24,POR,A,DEN,-4,1,35:32,6,15,0.4,2,5,0.4,2,2,1,1,2,3,2,0,0,1,0,16,9.6,-11,23.3
C.J. McCollum,9,9,2015-11-11,24,POR,H,SAS,-12,1,36:15,9,21,0.429,1,4,0.25,2,2,1,1,0,1,2,0,0,4,1,21,7.6,10,23.8
C.J. McCollum,10,10,2015-11-13,24,POR,A,MEM,-1,1,36:06,7,14,0.5,2,5,0.4,10,10,1,0,6,6,2,0,2,8,3,26,14.4,-6,37.5
C.J. McCollum,11,11,2015-11-15,24,POR,A,CHO,-12,1,36:48,5,18,0.278,2,6,0.333,4,4,1,0,2,2,4,1,0,0,2,16,9,-12,27.5
C.J. McCollum,12,12,2015-11-16,24,POR,A,SAS,-13,1,33:52,6,14,0.429,0,2,0,3,4,0.75,1,2,3,2,1,0,1,1,15,9.5,-2,23.3
C.J. McCollum,13,13,2015-11-18,24,POR,A,HOU,-5,1,38:27,7,16,0.438,1,5,0.2,4,5,0.8,0,3,3,6,3,0,2,3,19,15.1,-8,37.3
C.J. McCollum,14,14,2015-11-20,24,POR,H,LAC,11,1,32:01,7,17,0.412,1,4,0.25,3,4,0.75,0,2,2,1,2,0,1,2,18,10,14,26
C.J. McCollum,15,15,2015-11-22,24,POR,A,LAL,14,1,33:01,8,13,0.615,3,5,0.6,0,0,NA,1,3,4,5,2,2,3,2,19,17.8,-2,39.5
C.J. McCollum,16,16,2015-11-24,24,POR,H,CHI,-5,1,35:45,7,17,0.412,2,6,0.333,2,2,1,0,2,2,4,0,1,0,2,18,12.2,1,29.5
C.J. McCollum,17,17,2015-11-28,24,POR,H,LAL,12,1,33:42,12,20,0.6,4,7,0.571,0,0,NA,0,2,2,1,1,0,1,2,28,19.3,13,35.5
C.J. McCollum,18,18,2015-11-30,24,POR,A,LAC,-15,1,37:00,4,15,0.267,1,4,0.25,3,4,0.75,0,4,4,10,1,0,4,4,12,6.3,-20,34
C.J. McCollum,19,19,2015-12-01,24,POR,H,DAL,-3,1,39:42,4,21,0.19,3,8,0.375,0,0,NA,2,2,4,5,1,0,3,4,11,-0.2,-8,25.5
C.J. McCollum,20,20,2015-12-03,24,POR,H,IND,12,1,32:54,7,20,0.35,3,9,0.333,4,4,1,1,4,5,5,2,0,2,2,21,14.4,7,39.3
C.J. McCollum,21,21,2015-12-05,24,POR,A,MIN,6,1,35:05,7,17,0.412,3,5,0.6,0,0,NA,0,5,5,6,2,1,1,2,17,14.5,14,39.3
C.J. McCollum,22,22,2015-12-07,24,POR,A,MIL,-2,1,36:05,5,20,0.25,2,10,0.2,5,6,0.833,1,1,2,4,5,0,2,5,17,9.4,-1,35.5
C.J. McCollum,23,23,2015-12-08,24,POR,A,CLE,-5,1,36:19,10,19,0.526,4,8,0.5,0,0,NA,0,3,3,5,2,0,4,0,24,17.1,4,39.3
C.J. McCollum,24,24,2015-12-11,24,POR,A,PHO,10,1,34:05,10,15,0.667,5,8,0.625,1,1,1,0,2,2,4,3,0,1,2,26,24.1,18,42.5
C.J. McCollum,25,25,2015-12-12,24,POR,H,NYK,-2,1,35:20,8,17,0.471,1,4,0.25,5,5,1,0,3,3,1,0,0,1,3,22,12.7,-2,27.3
C.J. McCollum,26,26,2015-12-14,24,POR,H,NOP,4,1,32:29,5,14,0.357,3,6,0.5,3,5,0.6,1,1,2,6,1,1,3,2,16,10.5,0,31.5
C.J. McCollum,27,27,2015-12-16,24,POR,A,OKC,-16,1,35:41,9,18,0.5,4,7,0.571,2,2,1,0,4,4,4,1,0,2,2,24,17.2,-4,38
C.J. McCollum,28,28,2015-12-18,24,POR,A,ORL,-8,1,39:14,11,19,0.579,3,7,0.429,2,3,0.667,0,2,2,6,2,0,2,3,27,21.3,-3,43
C.J. McCollum,29,29,2015-12-20,24,POR,A,MIA,-7,1,33:24,8,19,0.421,4,9,0.444,0,0,NA,0,3,3,6,1,0,2,1,20,13.6,-15,35.8
C.J. McCollum,31,30,2015-12-23,24,POR,A,NOP,-26,1,35:24,8,21,0.381,1,5,0.2,2,2,1,2,3,5,7,0,0,3,2,19,10.9,-18,34.8
C.J. McCollum,32,31,2015-12-26,24,POR,H,CLE,29,1,34:14,7,18,0.389,1,5,0.2,1,3,0.333,0,4,4,6,1,0,1,0,16,10.8,36,32
C.J. McCollum,33,32,2015-12-27,24,POR,A,SAC,4,1,41:38,14,28,0.5,3,9,0.333,4,5,0.8,4,7,11,9,4,1,2,2,35,33.7,-4,74.3
C.J. McCollum,34,33,2015-12-30,24,POR,H,DEN,7,1,36:27,12,19,0.632,3,6,0.5,2,3,0.667,0,3,3,4,1,0,3,2,29,21,5,40.8
C.J. McCollum,35,34,2015-12-31,24,POR,A,UTA,-13,1,40:13,13,26,0.5,6,11,0.545,0,2,0,0,7,7,6,0,0,1,3,32,22.3,-9,52.3
C.J. McCollum,36,35,2016-01-03,24,POR,A,DEN,6,1,32:44,10,17,0.588,2,4,0.5,3,5,0.6,0,3,3,7,0,0,5,5,25,15.1,5,37.8
C.J. McCollum,37,36,2016-01-04,24,POR,H,MEM,-13,1,38:33,6,18,0.333,1,7,0.143,3,5,0.6,0,2,2,4,1,0,3,4,16,4.8,-2,25.5
C.J. McCollum,39,37,2016-01-08,24,POR,H,GSW,-20,1,35:49,7,23,0.304,3,7,0.429,0,0,NA,0,3,3,3,0,0,1,0,17,5.7,-14,26.3
C.J. McCollum,40,38,2016-01-10,24,POR,H,OKC,5,1,36:25,8,23,0.348,4,10,0.4,2,2,1,2,5,7,6,1,0,2,1,22,14.8,8,42.8
C.J. McCollum,41,39,2016-01-13,24,POR,H,UTA,14,1,33:56,6,20,0.3,1,5,0.2,2,2,1,1,2,3,8,0,0,2,4,15,6.7,16,30.3
C.J. McCollum,42,40,2016-01-15,24,POR,A,BRK,12,1,35:18,6,15,0.4,1,4,0.25,0,0,NA,2,2,4,7,2,0,4,1,13,9.4,7,31
C.J. McCollum,43,41,2016-01-16,24,POR,A,PHI,-25,1,26:32,6,18,0.333,1,6,0.167,0,2,0,1,1,2,2,1,0,1,2,13,3.6,-22,20.5
C.J. McCollum,44,42,2016-01-18,24,POR,A,WAS,10,1,34:13,9,16,0.563,6,10,0.6,1,1,1,0,2,2,2,0,0,2,2,25,16.6,19,32.5
C.J. McCollum,45,43,2016-01-20,24,POR,H,ATL,-6,1,37:52,12,23,0.522,2,7,0.286,2,2,1,0,3,3,3,2,0,4,0,28,17.7,3,39.3
C.J. McCollum,46,44,2016-01-23,24,POR,H,LAL,18,1,33:25,12,21,0.571,4,8,0.5,0,0,NA,0,3,3,3,1,0,2,3,28,18.9,12,39.3
C.J. McCollum,47,45,2016-01-26,24,POR,H,SAC,15,1,29:09,7,16,0.438,1,4,0.25,3,4,0.75,0,1,1,5,0,0,1,3,18,10.8,12,26.8
C.J. McCollum,48,46,2016-01-29,24,POR,H,CHO,18,1,33:34,7,16,0.438,1,3,0.333,2,2,1,1,4,5,5,0,0,1,1,17,12.6,9,30.8
C.J. McCollum,49,47,2016-01-31,24,POR,H,MIN,3,1,32:56,9,19,0.474,0,3,0,3,3,1,0,1,1,1,2,0,4,3,21,9.1,-14,25.8
C.J. McCollum,50,48,2016-02-02,24,POR,H,MIL,12,1,33:55,10,18,0.556,3,6,0.5,7,9,0.778,1,3,4,6,2,2,4,5,30,23.8,15,51.5
C.J. McCollum,51,49,2016-02-04,24,POR,H,TOR,-7,1,33:03,8,18,0.444,4,6,0.667,1,2,0.5,0,6,6,2,1,0,5,3,21,9.2,1,33
C.J. McCollum,52,50,2016-02-06,24,POR,A,HOU,17,1,39:53,6,13,0.462,2,6,0.333,2,3,0.667,2,5,7,2,4,1,5,2,16,12.1,25,36.3
C.J. McCollum,53,51,2016-02-08,24,POR,A,MEM,6,1,38:04,10,24,0.417,1,5,0.2,0,0,NA,1,2,3,6,3,1,2,5,21,13.4,-3,41.3
C.J. McCollum,54,52,2016-02-10,24,POR,H,HOU,13,1,27:19,6,16,0.375,2,5,0.4,0,0,NA,0,1,1,2,1,0,1,0,14,6.9,-16,20.8
C.J. McCollum,55,53,2016-02-19,24,POR,H,GSW,32,1,32:02,9,18,0.5,3,4,0.75,0,0,NA,0,4,4,7,2,0,6,2,21,13.3,32,39
C.J. McCollum,56,54,2016-02-21,24,POR,H,UTA,4,1,37:15,11,21,0.524,4,6,0.667,5,6,0.833,0,1,1,3,1,1,1,3,31,22.2,15,42.3
C.J. McCollum,57,55,2016-02-23,24,POR,H,BRK,8,1,37:39,13,20,0.65,5,7,0.714,3,3,1,2,3,5,6,1,0,3,2,34,28.9,6,52.3
C.J. McCollum,58,56,2016-02-25,24,POR,H,HOU,-14,1,37:38,9,19,0.474,2,7,0.286,0,0,NA,1,4,5,4,0,0,4,3,20,9.8,-8,31.3
C.J. McCollum,59,57,2016-02-27,24,POR,A,CHI,8,1,28:27,1,12,0.083,0,5,0,4,4,1,1,2,3,7,0,0,3,2,6,0.4,5,18.8
C.J. McCollum,60,58,2016-02-28,24,POR,A,IND,9,1,35:43,7,20,0.35,2,5,0.4,3,3,1,1,2,3,3,0,1,3,3,19,7.7,4,28.8
C.J. McCollum,61,59,2016-03-01,24,POR,A,NYK,19,1,33:08,10,19,0.526,2,3,0.667,3,3,1,1,2,3,2,0,0,2,1,25,16,3,31.8
C.J. McCollum,62,60,2016-03-02,24,POR,A,BOS,-23,1,34:39,5,13,0.385,3,5,0.6,4,4,1,0,0,0,2,0,2,1,2,17,10.9,-22,25
C.J. McCollum,63,61,2016-03-04,24,POR,A,TOR,-2,1,38:14,8,17,0.471,4,5,0.8,4,4,1,0,1,1,5,2,0,1,1,24,19.7,0,38.3
C.J. McCollum,64,62,2016-03-06,24,POR,A,DET,-20,1,35:58,9,15,0.6,2,4,0.5,2,2,1,0,2,2,5,2,0,1,3,22,19,-6,36.5
C.J. McCollum,65,63,2016-03-08,24,POR,H,WAS,7,1,36:29,7,16,0.438,2,5,0.4,2,2,1,0,3,3,2,0,0,6,4,18,4.3,4,22.8
C.J. McCollum,66,64,2016-03-11,24,POR,A,GSW,-16,1,26:18,6,15,0.4,3,6,0.5,3,3,1,1,2,3,2,1,0,1,2,18,11.8,-21,27.8
C.J. McCollum,67,65,2016-03-12,24,POR,H,ORL,37,1,29:02,8,17,0.471,2,6,0.333,0,0,NA,1,0,1,3,0,0,3,0,18,9.1,11,23.3
C.J. McCollum,68,66,2016-03-14,24,POR,A,OKC,-34,1,29:12,5,17,0.294,1,5,0.2,4,4,1,2,1,3,1,1,0,0,1,15,8.1,-17,22.8
C.J. McCollum,69,67,2016-03-17,24,POR,A,SAS,-8,1,39:04,10,20,0.5,4,6,0.667,2,2,1,1,6,7,2,1,2,3,1,26,18.9,-16,44.3
C.J. McCollum,70,68,2016-03-18,24,POR,A,NOP,5,1,35:36,11,23,0.478,4,7,0.571,4,5,0.8,0,3,3,6,0,0,2,5,30,19,21,43.8
C.J. McCollum,71,69,2016-03-20,24,POR,A,DAL,-12,1,43:04,9,22,0.409,3,8,0.375,1,2,0.5,0,1,1,8,2,1,4,2,22,13.6,-24,40.8
C.J. McCollum,72,70,2016-03-23,24,POR,H,DAL,6,1,37:17,5,14,0.357,0,3,0,4,6,0.667,0,1,1,4,0,0,0,2,14,7.7,8,21.3
C.J. McCollum,73,71,2016-03-24,24,POR,A,LAC,-2,1,36:44,6,12,0.5,1,4,0.25,4,6,0.667,0,0,0,6,3,0,4,4,17,11.8,1,30.5
C.J. McCollum,74,72,2016-03-26,24,POR,H,PHI,3,1,33:43,9,22,0.409,1,3,0.333,6,6,1,0,2,2,5,5,1,2,4,25,19.4,10,46.5
C.J. McCollum,75,73,2016-03-28,24,POR,H,SAC,12,1,24:22,5,13,0.385,4,6,0.667,2,2,1,0,2,2,3,1,0,1,2,16,10.8,27,26.5
C.J. McCollum,76,74,2016-03-31,24,POR,H,BOS,7,1,36:11,8,19,0.421,1,5,0.2,0,0,NA,2,3,5,8,1,1,4,2,17,11.7,8,37.8
C.J. McCollum,77,75,2016-04-02,24,POR,H,MIA,17,1,32:06,9,15,0.6,6,6,1,0,0,NA,0,2,2,7,4,0,5,3,24,20.4,25,45.5
C.J. McCollum,78,76,2016-04-03,24,POR,A,GSW,-25,1,37:15,6,14,0.429,2,6,0.333,4,6,0.667,0,1,1,2,3,0,5,3,18,8.3,-26,26.8
C.J. McCollum,79,77,2016-04-05,24,POR,A,SAC,8,1,36:17,11,20,0.55,5,10,0.5,3,4,0.75,1,2,3,3,2,0,2,0,30,23.4,6,43.8
C.J. McCollum,80,78,2016-04-06,24,POR,H,OKC,5,1,35:15,10,18,0.556,4,8,0.5,2,2,1,1,2,3,3,0,0,3,3,26,16.6,7,34.8
C.J. McCollum,81,79,2016-04-09,24,POR,H,MIN,-1,1,34:54,6,13,0.462,1,2,0.5,8,9,0.889,1,1,2,7,0,0,3,4,21,15.2,8,33
C.J. McCollum,82,80,2016-04-13,24,POR,H,DEN,8,1,26:39,8,17,0.471,1,6,0.167,0,0,NA,0,3,3,5,1,1,1,0,17,13.4,9,32.3
Tim Frazier,2,1,2015-10-30,24,POR,A,PHO,-18,0,2:24,0,0,NA,0,0,NA,0,0,NA,0,0,0,1,1,0,0,1,0,1.3,1,3.5
Tim Frazier,3,2,2015-10-31,24,POR,H,PHO,-11,0,5:03,0,1,0,0,0,NA,0,0,NA,1,1,2,0,0,0,1,1,0,-1.1,0,2
Tim Frazier,6,3,2015-11-05,25,POR,H,MEM,19,0,3:34,0,0,NA,0,0,NA,0,0,NA,0,0,0,0,0,0,0,0,0,0,-5,0
Tim Frazier,9,4,2015-11-11,25,POR,H,SAS,-12,0,0:55,0,0,NA,0,0,NA,0,0,NA,0,0,0,0,0,0,0,0,0,0,-2,0
Tim Frazier,11,5,2015-11-15,25,POR,A,CHO,-12,0,1:08,0,1,0,0,0,NA,0,0,NA,0,0,0,1,0,0,0,0,0,0,2,1.5
Tim Frazier,13,6,2015-11-18,25,POR,A,HOU,-5,0,5:52,0,0,NA,0,0,NA,0,0,NA,0,1,1,3,1,0,1,0,0,2.4,11,7.3
Tim Frazier,14,7,2015-11-20,25,POR,H,LAC,11,0,0:29,0,0,NA,0,0,NA,0,0,NA,0,0,0,0,0,0,0,0,0,0,0,0
Tim Frazier,15,8,2015-11-22,25,POR,A,LAL,14,0,5:13,1,1,1,0,0,NA,0,0,NA,0,0,0,0,0,0,0,2,2,0.9,2,2
Tim Frazier,17,9,2015-11-28,25,POR,H,LAL,12,0,0:52,0,0,NA,0,0,NA,0,0,NA,0,0,0,0,0,0,0,0,0,0,-2,0
Tim Frazier,18,10,2015-11-30,25,POR,A,LAC,-15,0,9:13,1,2,0.5,0,1,0,0,0,NA,0,4,4,2,0,0,3,3,2,-0.6,2,8.5
Tim Frazier,21,11,2015-12-05,25,POR,A,MIN,6,0,0:08,0,0,NA,0,0,NA,0,0,NA,0,0,0,0,0,0,0,0,0,0,-2,0
Tim Frazier,23,12,2015-12-08,25,POR,A,CLE,-5,0,4:44,0,1,0,0,1,0,0,0,NA,0,0,0,1,0,0,1,0,0,-1,-9,1
Tim Frazier,26,13,2015-12-14,25,POR,H,NOP,4,0,3:38,0,0,NA,0,0,NA,0,0,NA,0,0,0,1,0,0,1,1,0,-0.7,2,1
Tim Frazier,27,14,2015-12-16,25,POR,A,OKC,-16,0,10:51,2,3,0.667,1,1,1,0,0,NA,0,0,0,1,0,0,2,2,5,1.6,9,6
Tim Frazier,29,15,2015-12-20,25,POR,A,MIA,-7,0,0:02,0,0,NA,0,0,NA,0,0,NA,0,0,0,0,0,0,0,0,0,0,-2,0
Tim Frazier,30,16,2015-12-21,25,POR,A,ATL,-9,1,47:35,5,15,0.333,0,4,0,2,3,0.667,2,5,7,7,2,1,5,5,12,6.6,-6,34.8
Tim Frazier,31,17,2015-12-23,25,POR,A,NOP,-26,0,18:20,0,5,0,0,2,0,1,2,0.5,1,2,3,1,1,0,1,2,1,-1.7,-17,7.8
Tim Frazier,32,18,2015-12-26,25,POR,H,CLE,29,0,18:05,1,4,0.25,0,1,0,0,0,NA,0,3,3,4,1,0,3,0,2,1.3,-8,12.3
Tim Frazier,33,19,2015-12-27,25,POR,A,SAC,4,0,24:51,3,6,0.5,0,1,0,2,2,1,0,5,5,2,1,0,3,2,8,5.1,11,17.8
Tim Frazier,34,20,2015-12-30,25,POR,H,DEN,7,0,12:01,1,2,0.5,1,1,1,1,2,0.5,1,1,2,3,1,0,1,1,4,5.3,4,13
Tim Frazier,35,21,2015-12-31,25,POR,A,UTA,-13,0,23:12,0,3,0,0,1,0,0,0,NA,1,0,1,3,0,0,1,3,0,-1.5,2,5.3
Tim Frazier,36,22,2016-01-03,25,POR,A,DEN,6,0,15:16,3,4,0.75,1,1,1,0,0,NA,2,3,5,2,0,0,2,0,7,7.1,1,15.8
Tim Frazier,37,23,2016-01-04,25,POR,H,MEM,-13,0,1:04,0,0,NA,0,0,NA,0,0,NA,0,0,0,0,0,0,1,0,0,-1,0,-0.5
Tim Frazier,38,24,2016-01-06,25,POR,H,LAC,-11,0,8:00,1,2,0.5,0,0,NA,0,0,NA,0,0,0,0,0,0,0,3,2,-0.2,-8,2
Tim Frazier,39,25,2016-01-08,25,POR,H,GSW,-20,0,4:42,0,1,0,0,0,NA,0,0,NA,0,0,0,2,1,0,0,0,0,1.7,-1,5
Tim Frazier,41,26,2016-01-13,25,POR,H,UTA,14,0,3:16,0,0,NA,0,0,NA,0,0,NA,0,1,1,0,0,0,0,1,0,-0.1,-3,1.3
Tim Frazier,42,27,2016-01-15,25,POR,A,BRK,12,0,0:35,0,1,0,0,0,NA,0,0,NA,0,0,0,0,0,0,0,0,0,-0.7,0,0
Tim Frazier,43,28,2016-01-16,25,POR,A,PHI,-25,0,12:00,1,3,0.333,0,2,0,1,2,0.5,0,1,1,5,1,0,0,2,3,4.9,3,13.8
Tim Frazier,44,29,2016-01-18,25,POR,A,WAS,10,0,1:37,0,0,NA,0,0,NA,0,0,NA,0,0,0,0,0,0,0,0,0,0,-3,0
Tim Frazier,46,30,2016-01-23,25,POR,H,LAL,18,0,3:43,0,1,0,0,0,NA,1,2,0.5,1,0,1,1,0,0,0,0,1,1.3,-2,3.8
Tim Frazier,47,31,2016-01-26,25,POR,H,SAC,15,0,3:22,0,1,0,0,0,NA,0,0,NA,1,0,1,1,0,0,0,1,0,0.3,-5,2.8
Tim Frazier,50,32,2016-02-02,25,POR,H,MIL,12,0,1:50,0,0,NA,0,0,NA,0,0,NA,0,0,0,0,0,0,0,0,0,0,-3,0
Tim Frazier,52,33,2016-02-06,25,POR,A,HOU,17,0,15:28,1,2,0.5,0,0,NA,0,2,0,1,1,2,1,0,0,1,1,2,0.5,11,5.5
Tim Frazier,53,34,2016-02-08,25,POR,A,MEM,6,0,1:54,0,1,0,0,1,0,0,0,NA,0,0,0,0,0,0,0,0,0,-0.7,-1,0
Tim Frazier,54,35,2016-02-10,25,POR,H,HOU,13,0,0:55,0,0,NA,0,0,NA,0,0,NA,0,0,0,0,0,0,0,0,0,0,-3,0
Allen Crabbe,1,1,2015-10-28,23,POR,H,NOP,18,0,21:34,2,6,0.333,0,2,0,0,0,NA,0,3,3,1,1,0,1,3,4,1,-5,10.8
Allen Crabbe,2,2,2015-10-30,23,POR,A,PHO,-18,0,22:56,0,3,0,0,1,0,0,0,NA,0,3,3,1,3,0,1,3,0,0.3,-9,10.8
Allen Crabbe,3,3,2015-10-31,23,POR,H,PHO,-11,0,17:00,4,8,0.5,1,4,0.25,2,2,1,0,0,0,0,0,0,1,5,11,4,-12,11
Allen Crabbe,4,4,2015-11-02,23,POR,A,MIN,5,0,25:29,3,10,0.3,1,4,0.25,0,0,NA,0,0,0,1,1,0,1,0,7,1.9,-6,10.5
Allen Crabbe,5,5,2015-11-04,23,POR,A,UTA,16,0,21:06,0,3,0,0,2,0,1,2,0.5,2,1,3,0,0,0,0,1,1,-0.2,7,4.8
Allen Crabbe,6,6,2015-11-05,23,POR,H,MEM,19,0,21:24,5,7,0.714,1,1,1,0,0,NA,0,1,1,3,1,0,1,1,11,10.1,18,18.8
Allen Crabbe,7,7,2015-11-08,23,POR,H,DET,-17,0,24:51,7,7,1,1,1,1,0,0,NA,0,2,2,2,1,1,1,2,15,14.8,-1,24.5
Allen Crabbe,8,8,2015-11-09,23,POR,A,DEN,-4,0,22:43,4,12,0.333,1,5,0.2,2,3,0.667,0,3,3,1,0,0,0,1,11,5,0,16.8
Allen Crabbe,9,9,2015-11-11,23,POR,H,SAS,-12,0,19:39,1,6,0.167,0,2,0,4,4,1,0,1,1,1,1,0,1,2,6,2.4,-25,10.3
Allen Crabbe,10,10,2015-11-13,23,POR,A,MEM,-1,0,18:15,5,5,1,2,2,1,0,0,NA,0,3,3,1,0,1,1,1,12,11.4,7,19.8
Allen Crabbe,11,11,2015-11-15,23,POR,A,CHO,-12,0,27:11,8,11,0.727,1,1,1,0,0,NA,1,1,2,2,0,0,0,4,17,13.3,-8,23
Allen Crabbe,12,12,2015-11-16,23,POR,A,SAS,-13,0,13:41,1,4,0.25,1,3,0.333,0,0,NA,0,3,3,0,0,0,0,2,3,0.7,-13,7.3
Allen Crabbe,13,13,2015-11-18,23,POR,A,HOU,-5,0,39:11,6,12,0.5,3,6,0.5,0,0,NA,1,4,5,0,2,0,1,5,15,9.9,-12,26.3
Allen Crabbe,14,14,2015-11-20,23,POR,H,LAC,11,0,21:54,1,4,0.25,1,2,0.5,0,0,NA,0,0,0,3,0,0,2,6,3,-1.7,-6,7
Allen Crabbe,15,15,2015-11-22,23,POR,A,LAL,14,0,25:52,3,7,0.429,1,2,0.5,0,0,NA,0,3,3,0,0,0,0,4,7,2.6,14,11.3
Allen Crabbe,16,16,2015-11-24,23,POR,H,CHI,-5,0,30:51,3,5,0.6,1,2,0.5,2,2,1,0,2,2,1,1,0,1,2,9,7.2,-5,15
Allen Crabbe,17,17,2015-11-28,23,POR,H,LAL,12,0,17:03,3,7,0.429,1,1,1,2,2,1,0,2,2,1,0,0,2,1,9,4.2,5,12.5
Allen Crabbe,18,18,2015-11-30,23,POR,A,LAC,-15,0,17:06,2,6,0.333,1,2,0.5,0,0,NA,0,0,0,0,0,0,0,1,5,1.2,0,5.5
Allen Crabbe,19,19,2015-12-01,23,POR,H,DAL,-3,0,34:43,6,12,0.5,3,6,0.5,3,3,1,0,2,2,3,0,0,2,0,18,12.7,7,25.5
Allen Crabbe,20,20,2015-12-03,23,POR,H,IND,12,0,24:51,7,10,0.7,4,5,0.8,0,0,NA,0,0,0,0,1,0,2,4,18,11.2,12,21
Allen Crabbe,21,21,2015-12-05,23,POR,A,MIN,6,0,23:03,5,9,0.556,1,2,0.5,0,0,NA,0,3,3,1,0,0,0,4,11,6.7,1,16.8
Allen Crabbe,22,22,2015-12-07,23,POR,A,MIL,-2,0,24:35,4,9,0.444,2,5,0.4,2,3,0.667,0,3,3,1,2,0,1,2,12,8.7,10,21.8
Allen Crabbe,23,23,2015-12-08,23,POR,A,CLE,-5,0,34:02,6,11,0.545,1,3,0.333,1,1,1,1,2,3,1,0,0,1,3,14,8.5,-6,19.3
Allen Crabbe,24,24,2015-12-11,23,POR,A,PHO,10,0,28:24,8,14,0.571,2,6,0.333,0,0,NA,2,3,5,1,1,1,2,2,18,13.3,3,29.8
Allen Crabbe,25,25,2015-12-12,23,POR,H,NYK,-2,0,27:10,5,10,0.5,0,3,0,5,6,0.833,1,1,2,0,1,0,0,2,15,10.8,-7,19.5
Allen Crabbe,26,26,2015-12-14,23,POR,H,NOP,4,0,28:46,2,9,0.222,1,7,0.143,2,2,1,0,5,5,5,2,0,1,4,7,5.9,-4,24.8
Allen Crabbe,27,27,2015-12-16,23,POR,A,OKC,-16,0,15:47,1,5,0.2,1,3,0.333,0,0,NA,0,0,0,0,1,0,1,4,3,-1.7,-13,5
Allen Crabbe,28,28,2015-12-18,23,POR,A,ORL,-8,0,23:37,5,11,0.455,2,7,0.286,2,2,1,0,4,4,1,0,0,2,1,14,7.8,4,20.5
Allen Crabbe,29,29,2015-12-20,23,POR,A,MIA,-7,0,30:15,3,9,0.333,0,3,0,2,2,1,0,4,4,1,2,0,0,2,8,6,-1,18.5
Allen Crabbe,30,30,2015-12-21,23,POR,A,ATL,-9,1,31:46,8,18,0.444,1,5,0.2,2,5,0.4,1,3,4,2,0,1,2,1,19,9.7,-6,28.5
Allen Crabbe,31,31,2015-12-23,23,POR,A,NOP,-26,1,31:03,5,14,0.357,1,6,0.167,1,2,0.5,0,0,0,1,0,0,0,2,12,3.7,-13,14
Allen Crabbe,32,32,2015-12-26,23,POR,H,CLE,29,1,31:08,8,15,0.533,4,6,0.667,6,6,1,0,3,3,1,0,0,0,2,26,19.5,26,33.3
Allen Crabbe,33,33,2015-12-27,23,POR,A,SAC,4,1,31:19,4,14,0.286,2,8,0.25,0,0,NA,1,4,5,1,0,0,1,5,10,1.4,-1,18.3
Allen Crabbe,34,34,2015-12-30,23,POR,H,DEN,7,1,32:18,8,14,0.571,4,7,0.571,0,0,NA,0,5,5,1,2,0,2,4,20,14,5,32.8
Allen Crabbe,35,35,2015-12-31,23,POR,A,UTA,-13,1,33:19,5,11,0.455,3,6,0.5,2,3,0.667,0,3,3,2,0,0,1,4,15,8.6,-15,22.8
Allen Crabbe,36,36,2016-01-03,23,POR,A,DEN,6,1,31:37,6,14,0.429,2,5,0.4,0,0,NA,0,3,3,2,2,0,1,3,14,8.7,8,25.3
Allen Crabbe,37,37,2016-01-04,23,POR,H,MEM,-13,0,31:43,4,7,0.571,1,2,0.5,0,0,NA,0,6,6,0,1,0,1,1,9,7.1,-13,18.5
Allen Crabbe,38,38,2016-01-06,23,POR,H,LAC,-11,1,33:56,4,10,0.4,1,3,0.333,2,2,1,1,2,3,2,1,0,0,1,11,8.9,-15,20.3
Allen Crabbe,39,39,2016-01-08,23,POR,H,GSW,-20,0,29:55,8,14,0.571,0,4,0,2,2,1,0,1,1,0,2,0,2,1,18,11.3,-7,22.3
Allen Crabbe,40,40,2016-01-10,23,POR,H,OKC,5,0,21:45,4,8,0.5,3,6,0.5,0,0,NA,0,3,3,1,0,0,1,5,11,5.6,8,17.3
Allen Crabbe,41,41,2016-01-13,23,POR,H,UTA,14,0,21:16,4,9,0.444,1,3,0.333,2,2,1,0,3,3,1,3,2,1,1,11,10.9,10,26.3
Allen Crabbe,42,42,2016-01-15,23,POR,A,BRK,12,0,27:12,7,12,0.583,5,6,0.833,0,0,NA,0,6,6,2,2,0,0,3,19,17.4,23,36
Allen Crabbe,43,43,2016-01-16,23,POR,A,PHI,-25,0,20:06,1,4,0.25,0,1,0,0,0,NA,0,1,1,3,0,0,1,0,2,1,-11,7.3
Allen Crabbe,44,44,2016-01-18,23,POR,A,WAS,10,0,30:57,6,9,0.667,2,2,1,0,0,NA,0,4,4,3,2,0,1,6,14,12,-12,28
Allen Crabbe,45,45,2016-01-20,23,POR,H,ATL,-6,0,27:35,2,7,0.286,2,5,0.4,0,0,NA,0,2,2,2,1,0,0,1,6,4.5,-5,14.5
Allen Crabbe,46,46,2016-01-23,23,POR,H,LAL,18,0,27:27,3,12,0.25,0,4,0,0,0,NA,1,1,2,1,1,0,1,5,6,-1.5,2,11.5
Allen Crabbe,47,47,2016-01-26,23,POR,H,SAC,15,0,27:37,5,8,0.625,2,5,0.4,1,1,1,0,3,3,1,1,0,0,3,13,10.8,17,21.3
Allen Crabbe,48,48,2016-01-29,23,POR,H,CHO,18,0,31:52,7,15,0.467,2,6,0.333,4,4,1,1,2,3,1,1,0,2,3,20,12.1,25,27.3
Allen Crabbe,49,49,2016-01-31,23,POR,H,MIN,3,0,22:39,4,7,0.571,0,2,0,0,0,NA,0,3,3,0,1,0,3,4,8,2,6,12.3
Allen Crabbe,50,50,2016-02-02,23,POR,H,MIL,12,0,24:37,4,7,0.571,1,3,0.333,2,2,1,0,3,3,0,0,1,0,2,11,8.5,3,17.3
Allen Crabbe,51,51,2016-02-04,23,POR,H,TOR,-7,0,33:35,5,9,0.556,1,3,0.333,6,6,1,2,1,3,1,2,0,2,4,17,13.5,-7,25.8
Allen Crabbe,53,52,2016-02-08,23,POR,A,MEM,6,0,20:39,6,8,0.75,0,1,0,1,1,1,2,2,4,0,3,1,1,1,13,14.1,9,25.5
Allen Crabbe,54,53,2016-02-10,23,POR,H,HOU,13,0,30:19,2,6,0.333,0,2,0,1,1,1,0,0,0,3,2,0,0,3,5,4.5,10,13.5
Allen Crabbe,55,54,2016-02-19,23,POR,H,GSW,32,0,25:23,3,8,0.375,2,4,0.5,1,1,1,0,5,5,2,1,1,0,2,9,8.4,18,23.3
Allen Crabbe,56,55,2016-02-21,23,POR,H,UTA,4,0,19:42,1,6,0.167,1,3,0.333,0,0,NA,1,3,4,0,0,0,1,1,3,-0.6,-7,8
Allen Crabbe,57,56,2016-02-23,23,POR,H,BRK,8,0,24:39,2,5,0.4,1,2,0.5,0,0,NA,0,0,0,3,2,0,1,1,5,5,8,13.5
Allen Crabbe,58,57,2016-02-25,23,POR,H,HOU,-14,0,25:56,1,4,0.25,1,3,0.333,1,2,0.5,0,2,2,2,2,0,1,5,4,2.2,-4,13.5
Allen Crabbe,59,58,2016-02-27,23,POR,A,CHI,8,0,34:31,5,10,0.5,1,3,0.333,0,0,NA,0,3,3,2,1,0,0,1,11,8.9,14,20.3
Allen Crabbe,60,59,2016-02-28,23,POR,A,IND,9,0,26:33,1,5,0.2,1,3,0.333,0,0,NA,0,4,4,4,0,0,1,1,3,2.5,7,14
Allen Crabbe,61,60,2016-03-01,23,POR,A,NYK,19,0,21:59,2,7,0.286,2,6,0.333,0,0,NA,0,3,3,1,0,0,1,0,6,2.5,15,11.8
Allen Crabbe,62,61,2016-03-02,23,POR,A,BOS,-23,0,25:43,4,8,0.5,2,5,0.4,0,0,NA,1,2,3,0,0,1,0,3,10,6.8,-7,16.8
Allen Crabbe,63,62,2016-03-04,23,POR,A,TOR,-2,0,23:33,3,8,0.375,0,1,0,0,0,NA,2,1,3,1,0,0,0,5,6,2,-4,11.3
Allen Crabbe,64,63,2016-03-06,23,POR,A,DET,-20,0,23:32,2,5,0.4,0,0,NA,2,2,1,0,1,1,2,1,0,0,1,6,5.6,-7,12.3
Allen Crabbe,65,64,2016-03-08,23,POR,H,WAS,7,0,29:37,2,5,0.4,1,1,1,3,3,1,0,2,2,1,0,0,0,2,8,5.8,1,12.5
Allen Crabbe,66,65,2016-03-11,23,POR,A,GSW,-16,0,29:35,3,6,0.5,1,3,0.333,4,4,1,0,2,2,1,1,2,0,1,11,11.3,4,21.5
Allen Crabbe,67,66,2016-03-12,23,POR,H,ORL,37,0,23:48,6,8,0.75,2,4,0.5,4,4,1,1,4,5,1,0,0,1,2,18,15.6,30,26.3
Allen Crabbe,68,67,2016-03-14,23,POR,A,OKC,-34,0,16:48,1,3,0.333,0,1,0,0,0,NA,0,1,1,0,1,0,0,1,2,1.2,-26,5.3
Allen Crabbe,69,68,2016-03-17,23,POR,A,SAS,-8,0,25:54,2,5,0.4,0,1,0,0,0,NA,1,1,2,1,0,0,0,4,4,1.4,10,8
Allen Crabbe,70,69,2016-03-18,23,POR,A,NOP,5,0,28:23,0,5,0,0,3,0,1,2,0.5,0,3,3,0,0,0,0,2,1,-2.8,-7,4.8
Allen Crabbe,71,70,2016-03-20,23,POR,A,DAL,-12,0,36:25,7,13,0.538,6,10,0.6,4,5,0.8,1,4,5,0,0,0,1,4,24,16.6,-6,32.8
Allen Crabbe,72,71,2016-03-23,23,POR,H,DAL,6,0,20:49,2,4,0.5,2,2,1,0,0,NA,1,1,2,1,1,1,0,2,6,6.6,0,15
Allen Crabbe,73,72,2016-03-24,23,POR,A,LAC,-2,0,29:30,2,11,0.182,2,5,0.4,1,2,0.5,0,4,4,3,0,0,2,3,7,-0.2,-8,16.5
Allen Crabbe,74,73,2016-03-26,23,POR,H,PHI,3,0,22:46,2,8,0.25,0,3,0,0,0,NA,0,1,1,1,0,0,0,0,4,0.2,7,6.8
Allen Crabbe,75,74,2016-03-28,23,POR,H,SAC,12,0,21:17,8,10,0.8,3,4,0.75,2,3,0.667,0,4,4,1,1,1,1,2,21,18.6,5,32.5
Allen Crabbe,76,75,2016-03-31,23,POR,H,BOS,7,0,28:18,3,6,0.5,3,6,0.5,2,2,1,0,4,4,2,1,1,1,2,11,10.5,10,24
Allen Crabbe,77,76,2016-04-02,23,POR,H,MIA,17,0,25:56,2,8,0.25,1,1,1,0,0,NA,0,1,1,0,0,1,0,3,5,0,-4,8.8
Allen Crabbe,78,77,2016-04-03,23,POR,A,GSW,-25,0,24:03,1,4,0.25,0,2,0,2,2,1,0,1,1,1,0,0,0,1,4,2.2,-25,6.8
Allen Crabbe,79,78,2016-04-05,23,POR,A,SAC,8,0,24:47,2,9,0.222,1,5,0.2,3,3,1,1,3,4,1,2,0,1,2,8,5,13,18.5
Allen Crabbe,80,79,2016-04-06,23,POR,H,OKC,5,0,23:48,6,9,0.667,4,5,0.8,0,0,NA,0,3,3,2,0,0,1,2,16,12.6,0,24.3
Allen Crabbe,81,80,2016-04-09,24,POR,H,MIN,-1,0,28:26,4,7,0.571,1,2,0.5,0,0,NA,0,1,1,1,0,0,2,2,9,3.9,-11,11.3
Allen Crabbe,82,81,2016-04-13,24,POR,H,DEN,8,0,24:39,4,7,0.571,2,3,0.667,6,7,0.857,1,2,3,2,1,0,0,0,16,16,15,25.8
Mason Plumlee,1,1,2015-10-28,25,POR,H,NOP,18,1,18:53,3,4,0.75,0,0,NA,1,3,0.333,1,5,6,6,0,0,0,4,7,9.4,0,23.5
Mason Plumlee,2,2,2015-10-30,25,POR,A,PHO,-18,1,25:36,7,13,0.538,0,0,NA,1,2,0.5,3,2,5,1,3,0,1,4,15,12.1,-15,28.3
Mason Plumlee,3,3,2015-10-31,25,POR,H,PHO,-11,1,26:49,4,4,1,0,0,NA,0,4,0,1,6,7,2,0,2,3,3,8,6.3,-4,22.3
Mason Plumlee,4,4,2015-11-02,25,POR,A,MIN,5,1,27:40,4,5,0.8,0,0,NA,1,2,0.5,1,3,4,2,0,1,6,2,9,3.6,9,16
Mason Plumlee,5,5,2015-11-04,25,POR,A,UTA,16,1,34:32,5,9,0.556,0,0,NA,2,9,0.222,3,13,16,2,2,2,5,4,12,9.1,18,42
Mason Plumlee,6,6,2015-11-05,25,POR,H,MEM,19,1,21:45,4,6,0.667,0,0,NA,0,2,0,5,7,12,3,1,0,0,4,8,11.7,1,29.5
Mason Plumlee,7,7,2015-11-08,25,POR,H,DET,-17,1,25:41,3,8,0.375,0,0,NA,1,3,0.333,3,2,5,3,1,0,4,0,7,3.6,-17,17.8
Mason Plumlee,8,8,2015-11-09,25,POR,A,DEN,-4,1,32:38,5,7,0.714,0,0,NA,5,7,0.714,0,7,7,2,2,2,1,4,15,15.6,-6,34.3
Mason Plumlee,9,9,2015-11-11,25,POR,H,SAS,-12,1,30:13,3,7,0.429,0,0,NA,3,6,0.5,4,5,9,4,2,1,0,2,9,13.1,5,32.3
Mason Plumlee,10,10,2015-11-13,25,POR,A,MEM,-1,1,29:32,1,3,0.333,0,0,NA,3,4,0.75,2,5,7,1,2,1,2,5,5,5.2,0,20.3
Mason Plumlee,11,11,2015-11-15,25,POR,A,CHO,-12,1,24:26,2,6,0.333,0,0,NA,4,4,1,7,6,13,1,0,1,2,4,8,9.1,-10,26.8
Mason Plumlee,12,12,2015-11-16,25,POR,A,SAS,-13,1,30:48,3,4,0.75,0,0,NA,2,2,1,0,5,5,3,2,0,2,1,8,9.6,-1,21.8
Mason Plumlee,13,13,2015-11-18,25,POR,A,HOU,-5,1,35:25,3,6,0.5,0,0,NA,3,4,0.75,2,2,4,4,0,6,1,5,9,11.6,0,31.5
Mason Plumlee,14,14,2015-11-20,25,POR,H,LAC,11,1,28:39,6,9,0.667,0,0,NA,6,9,0.667,4,6,10,1,2,0,1,3,18,18,16,37
Mason Plumlee,15,15,2015-11-22,25,POR,A,LAL,14,1,30:20,6,9,0.667,0,1,0,5,6,0.833,1,10,11,4,1,1,0,1,17,20.5,20,42.3
Mason Plumlee,16,16,2015-11-24,25,POR,H,CHI,-5,1,35:17,5,13,0.385,0,0,NA,1,2,0.5,5,12,17,1,0,2,1,5,11,9.7,6,38.8
Mason Plumlee,17,17,2015-11-28,25,POR,H,LAL,12,1,23:33,2,5,0.4,0,0,NA,2,3,0.667,3,1,4,4,1,0,3,5,6,4.1,7,17.5
Mason Plumlee,18,18,2015-11-30,25,POR,A,LAC,-15,1,24:13,3,6,0.5,0,0,NA,4,6,0.667,3,10,13,1,2,0,5,4,10,7.4,-14,30.8
Mason Plumlee,19,19,2015-12-01,25,POR,H,DAL,-3,1,20:53,1,4,0.25,0,0,NA,1,2,0.5,1,4,5,1,2,0,0,1,3,4.4,-7,14.8
Mason Plumlee,20,20,2015-12-03,25,POR,H,IND,12,1,26:08,5,6,0.833,0,0,NA,2,5,0.4,2,8,10,2,0,1,0,3,12,13.3,9,31
Mason Plumlee,21,21,2015-12-05,25,POR,A,MIN,6,1,23:51,2,6,0.333,0,0,NA,2,2,1,4,5,9,2,0,0,2,2,6,5.5,1,19.3
Mason Plumlee,22,22,2015-12-07,25,POR,A,MIL,-2,1,20:01,1,4,0.25,0,0,NA,1,2,0.5,0,4,4,1,0,3,2,3,3,1,-9,14.5
Mason Plumlee,23,23,2015-12-08,25,POR,A,CLE,-5,1,22:13,2,6,0.333,0,0,NA,6,10,0.6,2,2,4,4,0,1,2,6,10,6.1,5,22
Mason Plumlee,24,24,2015-12-11,25,POR,A,PHO,10,1,26:39,4,5,0.8,0,0,NA,0,0,NA,1,3,4,4,0,0,2,2,8,7.7,5,18
Mason Plumlee,25,25,2015-12-12,25,POR,H,NYK,-2,1,27:33,4,6,0.667,0,0,NA,1,4,0.25,0,2,2,3,1,0,2,6,9,4.5,8,17
Mason Plumlee,26,26,2015-12-14,25,POR,H,NOP,4,1,30:01,5,10,0.5,0,0,NA,5,6,0.833,5,8,13,6,0,2,4,4,15,15.5,2,43.8
Mason Plumlee,27,27,2015-12-16,25,POR,A,OKC,-16,1,25:56,4,14,0.286,0,0,NA,6,6,1,9,1,10,3,0,0,5,2,14,8.7,-8,30
Mason Plumlee,28,28,2015-12-18,25,POR,A,ORL,-8,1,30:23,2,6,0.333,0,0,NA,0,0,NA,1,9,10,1,0,1,4,6,4,-1,-14,18
Mason Plumlee,29,29,2015-12-20,25,POR,A,MIA,-7,1,30:58,3,5,0.6,0,1,0,5,7,0.714,4,3,7,2,0,0,5,4,11,6.4,-10,20.3
Mason Plumlee,30,30,2015-12-21,25,POR,A,ATL,-9,1,26:40,3,3,1,0,0,NA,5,6,0.833,3,7,10,6,1,1,2,2,11,17,-2,37
Mason Plumlee,31,31,2015-12-23,25,POR,A,NOP,-26,1,22:54,4,9,0.444,0,0,NA,0,1,0,6,6,12,2,0,2,2,3,8,8.5,-20,29
Mason Plumlee,32,32,2015-12-26,25,POR,H,CLE,29,1,28:23,4,6,0.667,0,0,NA,3,4,0.75,2,12,14,4,1,1,2,2,11,14.7,26,39
Mason Plumlee,33,33,2015-12-27,25,POR,A,SAC,4,1,22:00,1,3,0.333,0,0,NA,2,4,0.5,2,4,6,3,1,1,2,5,4,3.9,-5,19
Mason Plumlee,34,34,2015-12-30,25,POR,H,DEN,7,1,27:54,4,7,0.571,0,0,NA,5,6,0.833,3,4,7,4,1,3,2,2,13,15.7,8,34.8
Mason Plumlee,35,35,2015-12-31,25,POR,A,UTA,-13,1,20:09,1,5,0.2,0,0,NA,1,2,0.5,4,5,9,2,0,0,2,0,3,3.2,-17,16.3
Mason Plumlee,36,36,2016-01-03,25,POR,A,DEN,6,1,21:36,1,2,0.5,0,0,NA,4,5,0.8,0,0,0,2,0,1,0,4,6,5.1,-4,11
Mason Plumlee,37,37,2016-01-04,25,POR,H,MEM,-13,1,22:55,1,6,0.167,0,0,NA,1,4,0.25,1,2,3,0,2,0,1,2,3,-0.5,1,10.3
Mason Plumlee,38,38,2016-01-06,25,POR,H,LAC,-11,1,25:42,7,9,0.778,0,0,NA,5,8,0.625,5,4,9,5,0,0,2,2,19,19.7,-13,36.8
Mason Plumlee,39,39,2016-01-08,25,POR,H,GSW,-20,1,18:00,2,8,0.25,0,0,NA,3,4,0.75,1,4,5,1,0,0,1,2,7,2.6,-14,14.3
Mason Plumlee,40,40,2016-01-10,25,POR,H,OKC,5,1,31:25,5,12,0.417,0,0,NA,1,1,1,6,5,11,4,0,1,2,5,11,9.8,6,33.3
Mason Plumlee,41,41,2016-01-13,25,POR,H,UTA,14,1,20:29,2,4,0.5,0,0,NA,2,4,0.5,3,3,6,1,0,2,1,0,6,7.3,7,18.5
Mason Plumlee,42,42,2016-01-15,25,POR,A,BRK,12,1,22:05,3,6,0.5,0,0,NA,1,2,0.5,0,2,2,3,0,0,1,2,7,4.5,-15,13.5
Mason Plumlee,43,43,2016-01-16,25,POR,A,PHI,-25,1,21:41,4,7,0.571,0,0,NA,4,7,0.571,3,1,4,1,1,2,3,2,12,9.2,-17,23
Mason Plumlee,44,44,2016-01-18,25,POR,A,WAS,10,1,23:43,5,11,0.455,0,0,NA,0,1,0,4,7,11,7,1,1,2,3,10,12.2,12,38.8
Mason Plumlee,45,45,2016-01-20,25,POR,H,ATL,-6,1,28:12,3,7,0.429,0,0,NA,0,0,NA,4,5,9,4,1,0,2,4,6,6.8,3,24.3
Mason Plumlee,46,46,2016-01-23,25,POR,H,LAL,18,1,25:15,3,7,0.429,0,0,NA,7,7,1,1,7,8,6,3,0,2,2,13,16.5,18,37
Mason Plumlee,47,47,2016-01-26,25,POR,H,SAC,15,1,22:42,5,5,1,0,0,NA,2,4,0.5,0,8,8,1,1,4,0,2,12,15.8,4,33.5
Mason Plumlee,48,48,2016-01-29,25,POR,H,CHO,18,1,28:50,6,10,0.6,0,0,NA,1,1,1,6,6,12,5,2,2,3,4,13,16.7,12,43.5
Mason Plumlee,49,49,2016-01-31,25,POR,H,MIN,3,1,20:26,2,5,0.4,0,0,NA,2,2,1,1,2,3,1,0,1,0,2,6,5.2,-7,13.3
Mason Plumlee,50,50,2016-02-02,25,POR,H,MIL,12,1,20:16,1,5,0.2,0,0,NA,1,2,0.5,3,5,8,1,1,3,0,5,3,4.9,-1,22.5
Mason Plumlee,51,51,2016-02-04,25,POR,H,TOR,-7,1,19:39,3,5,0.6,0,0,NA,0,4,0,2,2,4,0,0,2,0,4,6,3.9,4,15
Mason Plumlee,52,52,2016-02-06,25,POR,A,HOU,17,1,23:52,4,8,0.5,0,0,NA,2,2,1,1,7,8,1,1,2,4,3,10,6.7,8,25.5
Mason Plumlee,53,53,2016-02-08,25,POR,A,MEM,6,1,24:26,2,4,0.5,0,0,NA,0,0,NA,1,5,6,2,0,0,2,3,4,2.4,-1,13.5
Mason Plumlee,54,54,2016-02-10,25,POR,H,HOU,13,1,16:16,3,4,0.75,0,0,NA,2,2,1,3,1,4,0,1,0,3,4,8,5.2,9,13.5
Mason Plumlee,55,55,2016-02-19,25,POR,H,GSW,32,1,20:00,5,7,0.714,0,0,NA,2,4,0.5,1,4,5,5,0,0,1,1,12,12.3,30,25.3
Mason Plumlee,56,56,2016-02-21,25,POR,H,UTA,4,1,29:31,3,8,0.375,0,0,NA,3,6,0.5,3,6,9,6,2,1,1,4,9,11.6,12,34.8
Mason Plumlee,57,57,2016-02-23,25,POR,H,BRK,8,1,26:53,1,3,0.333,0,0,NA,2,4,0.5,1,12,13,5,0,2,2,5,4,6.7,16,30.8
Mason Plumlee,58,58,2016-02-25,25,POR,H,HOU,-14,1,27:04,3,5,0.6,0,0,NA,4,6,0.667,1,3,4,2,1,1,4,4,10,6,-9,20
Mason Plumlee,59,59,2016-02-27,25,POR,A,CHI,8,1,28:12,3,5,0.6,0,0,NA,10,13,0.769,1,8,9,2,1,1,2,5,16,14.7,-2,33.3
Mason Plumlee,60,60,2016-02-28,25,POR,A,IND,9,1,24:54,0,3,0,0,1,0,1,4,0.25,2,6,8,3,0,2,1,2,1,2.6,6,19
Mason Plumlee,61,61,2016-03-01,25,POR,A,NYK,19,1,26:55,0,3,0,0,0,NA,2,2,1,1,6,7,3,2,2,0,2,2,7.1,3,23.3
Mason Plumlee,62,62,2016-03-02,25,POR,A,BOS,-23,1,22:11,4,5,0.8,0,0,NA,1,2,0.5,2,5,7,3,1,2,1,4,9,11.5,-9,27.8
Mason Plumlee,63,63,2016-03-04,25,POR,A,TOR,-2,1,26:35,2,5,0.4,0,1,0,4,6,0.667,0,4,4,1,0,1,3,5,8,2.1,-6,15
Mason Plumlee,64,64,2016-03-06,26,POR,A,DET,-20,1,17:02,0,0,NA,0,0,NA,4,4,1,0,2,2,3,1,0,0,2,4,6.9,-22,13
Mason Plumlee,65,65,2016-03-08,26,POR,H,WAS,7,1,22:28,3,5,0.6,0,0,NA,1,4,0.25,2,2,4,2,0,1,4,5,7,1.6,-10,15
Mason Plumlee,66,66,2016-03-11,26,POR,A,GSW,-16,1,18:33,3,4,0.75,0,0,NA,4,5,0.8,2,7,9,3,0,0,3,0,10,10.6,-15,24.3
Mason Plumlee,67,67,2016-03-12,26,POR,H,ORL,37,1,26:40,4,6,0.667,0,0,NA,1,2,0.5,2,9,11,3,0,0,1,4,9,9.6,19,26.8
Mason Plumlee,68,68,2016-03-14,26,POR,A,OKC,-34,1,23:07,2,6,0.333,0,0,NA,4,4,1,5,3,8,1,0,1,2,0,8,8.4,-10,20.5
Mason Plumlee,69,69,2016-03-17,26,POR,A,SAS,-8,1,28:26,3,8,0.375,0,0,NA,6,9,0.667,2,6,8,5,2,0,3,4,12,10.5,-4,32
Mason Plumlee,70,70,2016-03-18,26,POR,A,NOP,5,1,29:58,2,4,0.5,0,0,NA,7,8,0.875,0,6,6,4,0,0,2,3,11,10,6,23.5
Mason Plumlee,71,71,2016-03-20,26,POR,A,DAL,-12,1,31:44,5,9,0.556,0,0,NA,4,9,0.444,10,9,19,2,1,1,1,5,14,17.5,-20,45.8
Mason Plumlee,72,72,2016-03-23,26,POR,H,DAL,6,1,26:37,5,9,0.556,0,0,NA,0,0,NA,2,6,8,1,3,2,1,0,10,13,2,31
Mason Plumlee,73,73,2016-03-24,26,POR,A,LAC,-2,1,24:31,3,9,0.333,0,0,NA,5,6,0.833,1,5,6,0,2,2,3,3,11,6.9,-10,25
Mason Plumlee,74,74,2016-03-26,26,POR,H,PHI,3,1,22:01,3,7,0.429,0,0,NA,2,4,0.5,5,5,10,1,1,0,0,5,8,8.2,1,24
Mason Plumlee,75,75,2016-03-28,26,POR,H,SAC,12,1,20:12,2,4,0.5,0,0,NA,0,0,NA,0,3,3,3,1,0,2,3,4,2.8,16,13.3
Mason Plumlee,76,76,2016-03-31,26,POR,H,BOS,7,1,25:15,3,6,0.5,0,0,NA,5,8,0.625,3,3,6,4,0,0,1,1,11,11.2,-10,24
Mason Plumlee,77,77,2016-04-02,26,POR,H,MIA,17,1,26:38,8,10,0.8,0,0,NA,1,2,0.5,0,8,8,5,2,1,1,4,17,18.8,29,40
Mason Plumlee,78,78,2016-04-03,26,POR,A,GSW,-25,1,19:20,4,6,0.667,0,0,NA,0,0,NA,2,2,4,6,1,1,4,3,8,8.1,0,24
Mason Plumlee,79,79,2016-04-05,26,POR,A,SAC,8,1,27:14,4,9,0.444,0,0,NA,4,4,1,6,3,9,3,0,3,0,6,12,14.2,-3,33.8
Mason Plumlee,80,80,2016-04-06,26,POR,H,OKC,5,1,30:13,3,4,0.75,0,0,NA,4,6,0.667,1,5,6,7,2,1,1,4,10,14.8,5,33.5
Mason Plumlee,81,81,2016-04-09,26,POR,H,MIN,-1,1,31:34,6,9,0.667,0,0,NA,3,4,0.75,2,13,15,2,1,2,0,1,15,19.4,11,44.3
Mason Plumlee,82,82,2016-04-13,26,POR,H,DEN,8,1,23:37,2,4,0.5,0,0,NA,4,4,1,2,6,8,1,2,2,4,0,8,9.3,7,25.5
Gerald Henderson,9,1,2015-11-11,27,POR,H,SAS,-12,0,17:39,6,10,0.6,0,0,NA,0,0,NA,0,2,2,0,0,0,0,1,12,7.6,-7,14.5
Gerald Henderson,10,2,2015-11-13,27,POR,A,MEM,-1,0,12:43,2,5,0.4,1,2,0.5,0,0,NA,0,1,1,0,0,0,2,0,5,0.6,-2,5.8
Gerald Henderson,11,3,2015-11-15,27,POR,A,CHO,-12,0,6:34,0,3,0,0,1,0,0,0,NA,0,1,1,0,0,0,2,1,0,-4.2,-15,0.3
Gerald Henderson,12,4,2015-11-16,27,POR,A,SAS,-13,0,8:54,0,2,0,0,2,0,0,0,NA,0,2,2,1,0,1,1,0,0,-0.4,-3,5.5
Gerald Henderson,13,5,2015-11-18,27,POR,A,HOU,-5,0,14:47,3,7,0.429,2,4,0.5,1,2,0.5,0,0,0,0,0,0,0,0,9,4.9,2,10
Gerald Henderson,14,6,2015-11-20,27,POR,H,LAC,11,0,25:30,1,9,0.111,0,2,0,1,2,0.5,0,6,6,1,1,0,1,0,3,-0.8,-2,13.5
Gerald Henderson,15,7,2015-11-22,27,POR,A,LAL,14,0,18:15,1,5,0.2,0,0,NA,1,2,0.5,0,3,3,0,1,0,0,0,3,1.4,1,8.8
Gerald Henderson,16,8,2015-11-24,27,POR,H,CHI,-5,0,16:57,2,5,0.4,1,2,0.5,0,2,0,0,1,1,0,1,0,3,0,5,-0.2,-8,7.3
Gerald Henderson,17,9,2015-11-28,27,POR,H,LAL,12,0,8:06,2,5,0.4,1,2,0.5,4,4,1,0,2,2,0,1,0,0,0,9,7.9,2,14
Gerald Henderson,18,10,2015-11-30,27,POR,A,LAC,-15,0,15:43,3,6,0.5,0,1,0,2,4,0.5,0,3,3,1,0,0,0,5,8,3.8,2,13.3
Gerald Henderson,19,11,2015-12-01,27,POR,H,DAL,-3,0,23:32,7,13,0.538,2,5,0.4,4,4,1,0,4,4,1,0,0,0,2,20,14.8,11,27.5
Gerald Henderson,20,12,2015-12-03,27,POR,H,IND,12,0,8:56,2,4,0.5,0,0,NA,0,0,NA,0,0,0,0,1,0,0,1,4,2.6,-1,6
Gerald Henderson,21,13,2015-12-05,27,POR,A,MIN,6,0,17:22,1,2,0.5,1,1,1,5,6,0.833,1,2,3,2,0,0,2,1,8,6.9,1,14.3
Gerald Henderson,22,14,2015-12-07,27,POR,A,MIL,-2,0,15:14,1,3,0.333,0,0,NA,0,0,NA,0,0,0,2,1,1,2,1,2,1,-2,8
Gerald Henderson,24,15,2015-12-11,28,POR,A,PHO,10,0,24:12,3,10,0.3,2,5,0.4,0,0,NA,1,3,4,2,0,1,0,1,8,5.5,-2,19
Gerald Henderson,25,16,2015-12-12,28,POR,H,NYK,-2,0,7:20,2,3,0.667,1,1,1,2,4,0.5,0,1,1,1,0,0,0,1,7,5.5,-8,10.3
Gerald Henderson,26,17,2015-12-14,28,POR,H,NOP,4,0,21:29,7,10,0.7,4,5,0.8,1,1,1,0,2,2,0,0,0,0,1,19,15,5,23.5
Gerald Henderson,27,18,2015-12-16,28,POR,A,OKC,-16,0,16:42,1,5,0.2,0,1,0,0,0,NA,0,3,3,1,0,0,1,0,2,-0.5,-10,6.8
Gerald Henderson,28,19,2015-12-18,28,POR,A,ORL,-8,0,16:27,1,3,0.333,0,1,0,2,2,1,1,3,4,1,0,1,1,0,4,4.3,-5,12
Gerald Henderson,29,20,2015-12-20,28,POR,A,MIA,-7,0,8:47,2,4,0.5,0,1,0,0,0,NA,0,2,2,0,0,0,3,0,4,-0.4,1,5
Gerald Henderson,30,21,2015-12-21,28,POR,A,ATL,-9,0,26:04,3,11,0.273,1,6,0.167,5,6,0.833,1,2,3,4,0,0,2,2,12,6.4,-5,21.3
Gerald Henderson,31,22,2015-12-23,28,POR,A,NOP,-26,0,20:32,5,9,0.556,1,1,1,0,0,NA,2,3,5,1,0,0,2,3,11,6.5,-14,18.3
Gerald Henderson,32,23,2015-12-26,28,POR,H,CLE,29,0,19:55,1,7,0.143,0,1,0,3,4,0.75,0,3,3,1,0,1,0,0,5,2.4,3,12.3
Gerald Henderson,33,24,2015-12-27,28,POR,A,SAC,4,0,20:26,2,8,0.25,1,3,0.333,0,0,NA,0,2,2,1,0,1,2,1,5,-0.2,13,10.5
Gerald Henderson,34,25,2015-12-30,28,POR,H,DEN,7,0,18:51,1,6,0.167,0,1,0,2,2,1,1,3,4,1,0,0,1,0,4,1.5,4,10
Gerald Henderson,35,26,2015-12-31,28,POR,A,UTA,-13,0,8:07,1,2,0.5,0,0,NA,0,0,NA,0,1,1,0,0,0,1,1,2,-0.1,-4,2.8
Gerald Henderson,36,27,2016-01-03,28,POR,A,DEN,6,0,24:40,6,14,0.429,1,2,0.5,6,8,0.75,1,3,4,2,0,0,0,0,19,13.8,11,27.5
Gerald Henderson,37,28,2016-01-04,28,POR,H,MEM,-13,0,13:07,3,6,0.5,0,1,0,1,1,1,0,0,0,0,0,0,0,1,7,3.6,-19,7
Gerald Henderson,38,29,2016-01-06,28,POR,H,LAC,-11,0,17:19,1,6,0.167,0,2,0,0,0,NA,2,2,4,1,1,1,1,0,2,1.6,5,12
Gerald Henderson,39,30,2016-01-08,28,POR,H,GSW,-20,0,16:02,0,3,0,0,0,NA,1,2,0.5,0,5,5,1,1,0,0,2,1,0.9,-10,10.8
Gerald Henderson,40,31,2016-01-10,28,POR,H,OKC,5,0,8:42,2,4,0.5,0,1,0,0,0,NA,0,0,0,1,0,0,1,0,4,1.7,4,5
Gerald Henderson,41,32,2016-01-13,28,POR,H,UTA,14,0,16:26,4,7,0.571,3,3,1,1,2,0.5,0,2,2,2,0,0,1,1,12,8.9,0,18.5
Gerald Henderson,42,33,2016-01-15,28,POR,A,BRK,12,0,7:49,1,3,0.333,0,1,0,0,0,NA,0,0,0,0,0,0,0,0,2,0.3,-1,2
Gerald Henderson,43,34,2016-01-16,28,POR,A,PHI,-25,0,19:02,4,7,0.571,1,2,0.5,0,0,NA,0,5,5,2,0,0,0,0,9,8.6,-2,18.8
Gerald Henderson,44,35,2016-01-18,28,POR,A,WAS,10,0,19:46,3,5,0.6,1,2,0.5,0,1,0,1,2,3,0,0,0,2,2,7,2.8,-1,10.3
Gerald Henderson,45,36,2016-01-20,28,POR,H,ATL,-6,0,16:37,2,4,0.5,0,1,0,0,0,NA,0,1,1,2,0,1,2,0,4,2.4,14,9.3
Gerald Henderson,46,37,2016-01-23,28,POR,H,LAL,18,0,22:48,4,11,0.364,0,3,0,2,2,1,2,3,5,2,0,0,0,0,10,7.6,5,19.3
Gerald Henderson,47,38,2016-01-26,28,POR,H,SAC,15,0,20:57,7,12,0.583,1,2,0.5,0,0,NA,1,3,4,2,1,0,0,2,15,12.6,15,25.5
Gerald Henderson,48,39,2016-01-29,28,POR,H,CHO,18,0,22:09,1,6,0.167,0,0,NA,0,0,NA,0,2,2,2,2,1,0,1,2,2.5,3,13.5
Gerald Henderson,49,40,2016-01-31,28,POR,H,MIN,3,0,25:18,3,8,0.375,1,5,0.2,4,4,1,0,2,2,1,1,0,0,1,11,8.5,19,17.5
Gerald Henderson,50,41,2016-02-02,28,POR,H,MIL,12,0,22:21,6,11,0.545,1,2,0.5,1,2,0.5,1,8,9,0,0,1,0,1,14,11.7,13,27.8
Gerald Henderson,51,42,2016-02-04,28,POR,H,TOR,-7,0,23:44,4,6,0.667,1,1,1,1,1,1,0,5,5,3,1,1,0,3,10,11.5,-9,25.3
Gerald Henderson,52,43,2016-02-06,28,POR,A,HOU,17,0,27:06,5,8,0.625,1,3,0.333,5,5,1,1,3,4,1,2,1,1,2,16,15.6,-1,28.5
Gerald Henderson,53,44,2016-02-08,28,POR,A,MEM,6,0,35:24,7,12,0.583,2,3,0.667,0,0,NA,1,2,3,1,1,0,1,2,16,11.6,13,23.8
Gerald Henderson,54,45,2016-02-10,28,POR,H,HOU,13,0,31:51,3,10,0.3,0,3,0,7,10,0.7,1,3,4,0,1,0,1,1,13,7.2,17,19.5
Gerald Henderson,55,46,2016-02-19,28,POR,H,GSW,32,0,25:13,4,11,0.364,0,3,0,4,6,0.667,0,4,4,2,2,1,1,0,12,9.4,12,25.5
Gerald Henderson,56,47,2016-02-21,28,POR,H,UTA,4,0,21:41,1,6,0.167,0,2,0,2,2,1,0,4,4,1,1,0,1,3,4,0.9,-11,12
Gerald Henderson,57,48,2016-02-23,28,POR,H,BRK,8,0,21:52,4,8,0.5,0,1,0,2,2,1,0,2,2,1,0,0,2,0,10,5.3,-11,13
Gerald Henderson,58,49,2016-02-25,28,POR,H,HOU,-14,0,21:49,5,7,0.714,2,3,0.667,1,2,0.5,0,0,0,2,0,0,2,1,13,8.7,-11,16
Gerald Henderson,59,50,2016-02-27,28,POR,A,CHI,8,0,26:54,6,13,0.462,1,2,0.5,0,0,NA,0,4,4,2,0,0,0,1,13,8.5,12,21.5
Gerald Henderson,60,51,2016-02-28,28,POR,A,IND,9,0,22:53,8,9,0.889,1,1,1,2,2,1,1,3,4,3,1,0,0,2,19,19.8,11,31
Gerald Henderson,61,52,2016-03-01,28,POR,A,NYK,19,0,22:37,2,8,0.25,0,1,0,2,2,1,0,5,5,0,2,0,0,0,6,4.7,18,16.3
Gerald Henderson,62,53,2016-03-02,28,POR,A,BOS,-23,0,15:08,1,6,0.167,0,1,0,3,4,0.75,1,1,2,0,0,0,0,2,5,1,-15,7.5
Gerald Henderson,63,54,2016-03-04,28,POR,A,TOR,-2,0,31:56,4,9,0.444,1,2,0.5,0,0,NA,0,4,4,1,2,0,0,5,9,6.2,8,20
Gerald Henderson,64,55,2016-03-06,28,POR,A,DET,-20,0,21:42,3,7,0.429,0,1,0,0,0,NA,0,5,5,0,1,0,2,2,6,2,-7,13.3
Gerald Henderson,65,56,2016-03-08,28,POR,H,WAS,7,0,30:01,5,13,0.385,0,1,0,2,2,1,1,6,7,0,0,1,1,2,12,6.3,16,22.3
Gerald Henderson,66,57,2016-03-11,28,POR,A,GSW,-16,0,13:28,5,6,0.833,2,2,1,0,0,NA,0,0,0,2,0,0,0,2,12,10.4,-11,16
Gerald Henderson,67,58,2016-03-12,28,POR,H,ORL,37,0,20:29,4,6,0.667,3,4,0.75,0,0,NA,0,4,4,4,1,1,1,2,11,12.3,19,27
Gerald Henderson,68,59,2016-03-14,28,POR,A,OKC,-34,0,17:39,2,6,0.333,0,2,0,0,0,NA,0,1,1,0,0,2,0,0,4,2.3,-31,9.3
Gerald Henderson,69,60,2016-03-17,28,POR,A,SAS,-8,0,24:43,3,5,0.6,1,1,1,3,4,0.75,0,4,4,0,0,0,1,4,10,5.9,5,15
Gerald Henderson,70,61,2016-03-18,28,POR,A,NOP,5,0,27:52,6,10,0.6,0,2,0,7,8,0.875,0,6,6,0,1,0,1,1,19,15.4,-7,28
Gerald Henderson,71,62,2016-03-20,28,POR,A,DAL,-12,0,25:01,3,11,0.273,1,5,0.2,1,2,0.5,2,2,4,0,2,1,1,0,8,4.8,-3,19
Gerald Henderson,72,63,2016-03-23,28,POR,H,DAL,6,0,23:24,4,9,0.444,0,2,0,2,2,1,2,1,3,1,0,0,1,1,10,6.3,3,14.8
Gerald Henderson,73,64,2016-03-24,28,POR,A,LAC,-2,0,23:36,3,8,0.375,1,2,0.5,2,4,0.5,1,2,3,0,1,0,2,2,9,3.3,1,14.3
Gerald Henderson,74,65,2016-03-26,28,POR,H,PHI,3,0,21:09,4,7,0.571,1,2,0.5,2,2,1,0,3,3,1,1,1,4,1,11,6.6,-7,18.8
Gerald Henderson,75,66,2016-03-28,28,POR,H,SAC,12,0,20:30,4,9,0.444,1,2,0.5,2,2,1,0,4,4,0,1,0,3,5,11,3.5,5,17
Gerald Henderson,76,67,2016-03-31,28,POR,H,BOS,7,0,24:23,6,11,0.545,1,2,0.5,2,2,1,2,3,5,5,1,0,2,2,15,13.7,5,30.3
Gerald Henderson,77,68,2016-04-02,28,POR,H,MIA,17,0,27:46,6,12,0.5,1,2,0.5,4,5,0.8,1,2,3,2,0,0,1,1,17,11.9,0,23.8
Gerald Henderson,78,69,2016-04-03,28,POR,A,GSW,-25,0,23:41,4,8,0.5,0,1,0,2,4,0.5,0,2,2,1,1,0,1,2,10,5.7,-12,15.5
Gerald Henderson,79,70,2016-04-05,28,POR,A,SAC,8,0,31:50,5,11,0.455,0,1,0,3,4,0.75,1,1,2,1,2,0,0,2,13,9.8,19,21
Gerald Henderson,80,71,2016-04-06,28,POR,H,OKC,5,0,14:31,1,4,0.25,0,1,0,2,2,1,0,2,2,2,2,0,1,2,4,3.8,1,13
Gerald Henderson,81,72,2016-04-09,28,POR,H,MIN,-1,0,19:04,3,9,0.333,0,2,0,0,0,NA,0,0,0,0,0,0,4,1,6,-3.5,-17,4
Maurice Harkless,1,1,2015-10-28,22,POR,H,NOP,18,0,18:13,3,6,0.5,2,3,0.667,0,0,NA,0,4,4,0,0,1,1,0,8,5.9,-7,15.5
Maurice Harkless,2,2,2015-10-30,22,POR,A,PHO,-18,0,24:01,4,6,0.667,1,2,0.5,0,0,NA,1,4,5,1,0,1,1,3,9,7.5,0,18.8
Maurice Harkless,3,3,2015-10-31,22,POR,H,PHO,-11,0,28:13,3,9,0.333,1,4,0.25,0,2,0,3,1,4,0,2,0,2,0,7,3.5,8,15.5
Maurice Harkless,4,4,2015-11-02,22,POR,A,MIN,5,0,17:15,2,5,0.4,0,1,0,1,1,1,1,3,4,1,0,0,0,2,5,3.8,-8,11.5
Maurice Harkless,5,5,2015-11-04,22,POR,A,UTA,16,0,28:51,5,8,0.625,2,2,1,3,4,0.75,5,5,10,0,0,3,2,3,15,14.9,11,35
Maurice Harkless,6,6,2015-11-05,22,POR,H,MEM,19,0,25:28,4,7,0.571,0,2,0,2,3,0.667,2,1,3,4,0,0,0,1,10,10.4,17,19.8
Maurice Harkless,7,7,2015-11-08,22,POR,H,DET,-17,0,22:13,1,3,0.333,1,2,0.5,0,0,NA,2,3,5,2,1,0,3,4,3,1.4,-2,13.3
Maurice Harkless,8,8,2015-11-09,22,POR,A,DEN,-4,0,14:18,2,5,0.4,1,1,1,1,2,0.5,1,2,3,1,0,0,2,0,6,2.9,2,10.8
Maurice Harkless,9,9,2015-11-11,22,POR,H,SAS,-12,0,15:34,0,2,0,0,1,0,0,0,NA,0,0,0,1,0,0,0,0,0,-0.7,-19,1.5
Maurice Harkless,10,10,2015-11-13,22,POR,A,MEM,-1,0,22:22,3,6,0.5,1,2,0.5,3,4,0.75,1,2,3,1,0,0,1,1,10,7.2,-1,15.3
Maurice Harkless,11,11,2015-11-15,22,POR,A,CHO,-12,0,20:55,1,3,0.333,0,1,0,2,2,1,2,0,2,1,1,0,0,0,4,5.4,-5,10
Maurice Harkless,12,12,2015-11-16,22,POR,A,SAS,-13,0,12:10,2,4,0.5,1,2,0.5,0,0,NA,0,1,1,0,0,0,0,2,5,2.5,-16,6.8
Maurice Harkless,13,13,2015-11-18,22,POR,A,HOU,-5,0,19:28,1,4,0.25,0,1,0,1,2,0.5,1,7,8,3,2,0,4,2,3,2.3,4,19.5
Maurice Harkless,14,14,2015-11-20,22,POR,H,LAC,11,0,7:29,0,1,0,0,1,0,0,0,NA,0,1,1,0,0,0,0,0,0,-0.4,4,1.3
Maurice Harkless,15,15,2015-11-22,22,POR,A,LAL,14,0,25:00,5,11,0.455,0,4,0,0,0,NA,1,3,4,0,1,1,1,3,10,5.4,9,18.5
Maurice Harkless,16,16,2015-11-24,22,POR,H,CHI,-5,0,12:28,1,2,0.5,0,1,0,0,0,NA,1,0,1,1,0,1,1,0,2,2.1,-12,6.3
Maurice Harkless,17,17,2015-11-28,22,POR,H,LAL,12,0,25:58,2,4,0.5,0,1,0,3,4,0.75,4,4,8,3,0,0,1,1,7,9.3,3,21
Maurice Harkless,18,18,2015-11-30,22,POR,A,LAC,-15,0,25:59,6,10,0.6,1,2,0.5,2,4,0.5,2,2,4,1,2,1,3,4,15,10.4,9,26.5
Maurice Harkless,19,19,2015-12-01,22,POR,H,DAL,-3,0,17:23,1,2,0.5,0,1,0,0,0,NA,1,6,7,1,0,0,2,2,2,1.4,16,11.3
Maurice Harkless,20,20,2015-12-03,22,POR,H,IND,12,0,16:06,2,5,0.4,1,2,0.5,0,0,NA,1,4,5,1,2,0,2,2,5,4.1,4,16.3
Maurice Harkless,21,21,2015-12-05,22,POR,A,MIN,6,0,10:11,0,1,0,0,1,0,1,4,0.25,1,2,3,0,0,0,0,0,1,0.4,-12,4.8
Maurice Harkless,22,22,2015-12-07,22,POR,A,MIL,-2,0,9:57,0,1,0,0,1,0,0,0,NA,1,1,2,0,0,0,0,0,0,0.3,2,2.5
Maurice Harkless,23,23,2015-12-08,22,POR,A,CLE,-5,0,20:08,0,0,NA,0,0,NA,0,0,NA,0,4,4,1,0,0,1,2,0,0.1,-6,6
Maurice Harkless,24,24,2015-12-11,22,POR,A,PHO,10,0,5:49,1,2,0.5,0,0,NA,0,0,NA,0,1,1,1,0,0,0,0,2,2,-7,4.8
Maurice Harkless,25,25,2015-12-12,22,POR,H,NYK,-2,0,15:08,0,1,0,0,0,NA,2,2,1,0,0,0,0,0,0,1,2,2,-0.5,-9,1.5
Maurice Harkless,26,26,2015-12-14,22,POR,H,NOP,4,0,7:01,0,1,0,0,0,NA,0,0,NA,0,1,1,1,0,0,1,1,0,-1.1,3,2.3
Maurice Harkless,27,27,2015-12-16,22,POR,A,OKC,-16,0,10:22,1,4,0.25,0,0,NA,0,0,NA,1,1,2,0,0,0,1,2,2,-1.2,1,4
Maurice Harkless,28,28,2015-12-18,22,POR,A,ORL,-8,0,9:33,0,1,0,0,0,NA,1,2,0.5,0,1,1,0,0,0,0,2,1,-0.6,1,2.3
Maurice Harkless,29,29,2015-12-20,22,POR,A,MIA,-7,0,13:40,1,3,0.333,0,1,0,0,0,NA,1,3,4,1,0,0,0,0,2,2.6,3,8.5
Maurice Harkless,30,30,2015-12-21,22,POR,A,ATL,-9,0,23:29,6,10,0.6,2,6,0.333,0,0,NA,0,3,3,1,1,0,2,1,14,9.6,-10,21.3
Maurice Harkless,31,31,2015-12-23,22,POR,A,NOP,-26,0,11:03,0,3,0,0,2,0,0,0,NA,0,2,2,1,2,1,0,0,0,1.9,-3,10
Maurice Harkless,32,32,2015-12-26,22,POR,H,CLE,29,0,12:33,2,5,0.4,0,0,NA,0,0,NA,2,1,3,0,0,1,0,0,4,3.7,4,9.8
Maurice Harkless,33,33,2015-12-27,22,POR,A,SAC,4,0,33:00,6,9,0.667,0,3,0,1,1,1,3,3,6,1,3,2,1,2,13,15.4,10,31.5
Maurice Harkless,34,34,2015-12-30,22,POR,H,DEN,7,0,25:36,5,12,0.417,2,5,0.4,0,0,NA,2,3,5,1,0,0,1,0,12,7.6,-3,20.3
Maurice Harkless,35,35,2015-12-31,22,POR,A,UTA,-13,0,21:48,3,9,0.333,0,5,0,2,2,1,1,2,3,1,1,0,0,1,8,5.5,-15,15.3
Maurice Harkless,36,36,2016-01-03,22,POR,A,DEN,6,0,17:40,3,6,0.5,1,4,0.25,3,4,0.75,0,2,2,0,0,0,1,4,10,4.6,-2,12.5
Maurice Harkless,37,37,2016-01-04,22,POR,H,MEM,-13,0,20:12,1,2,0.5,0,1,0,0,2,0,0,2,2,3,1,1,0,0,2,4.6,-5,13
Maurice Harkless,38,38,2016-01-06,22,POR,H,LAC,-11,0,21:52,3,5,0.6,0,1,0,0,3,0,1,1,2,1,1,1,0,2,6,5.1,0,14
Maurice Harkless,39,39,2016-01-08,22,POR,H,GSW,-20,0,22:21,1,3,0.333,1,2,0.5,2,4,0.5,1,0,1,1,2,1,0,1,5,6.2,-7,14.3
Maurice Harkless,40,40,2016-01-10,22,POR,H,OKC,5,0,19:55,3,5,0.6,1,1,1,0,0,NA,1,3,4,0,0,0,1,0,7,5.3,-3,12
Maurice Harkless,41,41,2016-01-13,22,POR,H,UTA,14,0,15:08,2,2,1,0,0,NA,0,0,NA,1,1,2,0,1,0,1,2,4,3.6,7,8
Maurice Harkless,42,42,2016-01-15,22,POR,A,BRK,12,0,15:38,2,4,0.5,0,1,0,0,0,NA,0,2,2,2,0,0,0,1,4,3.6,6,9.5
Maurice Harkless,43,43,2016-01-16,22,POR,A,PHI,-25,0,13:35,1,3,0.333,0,1,0,0,0,NA,0,1,1,1,1,1,2,1,2,0.6,-12,7.8
Maurice Harkless,44,44,2016-01-18,22,POR,A,WAS,10,0,5:12,1,1,1,0,0,NA,0,0,NA,1,0,1,0,0,0,0,1,2,2,-8,3.3
Maurice Harkless,45,45,2016-01-20,22,POR,H,ATL,-6,0,9:47,0,2,0,0,1,0,1,2,0.5,0,1,1,0,0,0,1,0,1,-1.5,-10,1.8
Maurice Harkless,46,46,2016-01-23,22,POR,H,LAL,18,0,1:56,0,0,NA,0,0,NA,0,0,NA,0,1,1,0,0,0,1,0,0,-0.7,-3,0.8
Maurice Harkless,47,47,2016-01-26,22,POR,H,SAC,15,0,3:22,0,0,NA,0,0,NA,0,0,NA,0,1,1,0,0,0,0,0,0,0.3,-5,1.3
Maurice Harkless,50,48,2016-02-02,22,POR,H,MIL,12,0,1:50,0,1,0,0,0,NA,2,2,1,0,0,0,0,0,0,0,0,2,1.3,-3,2
Maurice Harkless,51,49,2016-02-04,22,POR,H,TOR,-7,1,16:10,1,1,1,0,0,NA,0,0,NA,0,1,1,1,1,2,2,2,2,2.3,-2,9.8
Maurice Harkless,52,50,2016-02-06,22,POR,A,HOU,17,1,30:21,6,13,0.462,2,5,0.4,0,2,0,4,2,6,1,2,1,0,5,14,11.3,2,30
Maurice Harkless,53,51,2016-02-08,22,POR,A,MEM,6,0,23:28,5,7,0.714,1,3,0.333,0,3,0,0,2,2,2,0,0,1,1,11,7.5,0,16.5
Maurice Harkless,54,52,2016-02-10,22,POR,H,HOU,13,1,28:00,8,11,0.727,1,2,0.5,2,4,0.5,5,8,13,1,2,0,0,3,19,21.1,12,42.8
Maurice Harkless,55,53,2016-02-19,22,POR,H,GSW,32,0,25:23,5,6,0.833,1,1,1,0,0,NA,2,6,8,2,1,1,1,2,11,13.3,9,28
Maurice Harkless,56,54,2016-02-21,22,POR,H,UTA,4,0,25:06,5,9,0.556,1,3,0.333,6,9,0.667,6,1,7,1,1,0,0,1,17,17.3,-2,29.8
Maurice Harkless,57,55,2016-02-23,22,POR,H,BRK,8,0,17:35,2,6,0.333,0,2,0,0,0,NA,1,0,1,1,0,2,1,1,4,2,-4,10.3
Maurice Harkless,58,56,2016-02-25,22,POR,H,HOU,-14,0,18:32,4,6,0.667,1,1,1,2,2,1,1,0,1,1,0,1,3,5,11,5.5,-17,14.8
Maurice Harkless,59,57,2016-02-27,22,POR,A,CHI,8,0,7:07,1,3,0.333,0,2,0,0,0,NA,1,1,2,1,0,0,0,0,2,2,1,6
Maurice Harkless,61,58,2016-03-01,22,POR,A,NYK,19,0,12:57,2,3,0.667,1,2,0.5,0,0,NA,0,0,0,2,0,0,0,0,5,5.1,4,8.5
Maurice Harkless,62,59,2016-03-02,22,POR,A,BOS,-23,0,21:18,2,6,0.333,1,3,0.333,0,0,NA,2,5,7,0,0,0,1,1,5,3.1,-6,13.8
Maurice Harkless,63,60,2016-03-04,22,POR,A,TOR,-2,0,18:34,0,1,0,0,1,0,2,4,0.5,2,4,6,0,1,0,1,2,2,2.3,4,11
Maurice Harkless,64,61,2016-03-06,22,POR,A,DET,-20,0,21:14,3,5,0.6,1,2,0.5,0,0,NA,0,3,3,0,1,0,0,4,7,5,-2,13.3
Maurice Harkless,66,62,2016-03-11,22,POR,A,GSW,-16,0,20:55,1,4,0.25,0,2,0,0,0,NA,0,0,0,0,0,0,0,4,2,-2,8,2
Maurice Harkless,67,63,2016-03-12,22,POR,H,ORL,37,0,7:54,2,3,0.667,1,1,1,0,0,NA,0,2,2,0,0,0,1,2,5,2.5,9,7.5
Maurice Harkless,68,64,2016-03-14,22,POR,A,OKC,-34,0,18:20,3,8,0.375,0,2,0,1,2,0.5,1,0,1,1,1,0,0,4,7,3,-12,11.8
Maurice Harkless,69,65,2016-03-17,22,POR,A,SAS,-8,0,9:05,1,4,0.25,0,2,0,0,0,NA,0,1,1,0,1,1,0,1,2,1.2,5,7.3
Maurice Harkless,70,66,2016-03-18,22,POR,A,NOP,5,0,20:21,0,5,0,0,2,0,0,0,NA,0,2,2,0,1,0,2,2,0,-4.7,1,3.5
Maurice Harkless,71,67,2016-03-20,22,POR,A,DAL,-12,0,15:10,4,6,0.667,0,1,0,0,0,NA,0,3,3,0,1,0,0,3,8,6.1,5,13.8
Maurice Harkless,72,68,2016-03-23,22,POR,H,DAL,6,1,25:18,5,13,0.385,0,4,0,4,4,1,1,3,4,2,1,1,0,1,14,11.2,12,26
Maurice Harkless,73,69,2016-03-24,22,POR,A,LAC,-2,1,30:37,5,8,0.625,0,2,0,0,0,NA,3,5,8,1,0,1,1,4,10,8.8,15,23
Maurice Harkless,74,70,2016-03-26,22,POR,H,PHI,3,1,29:34,5,9,0.556,1,3,0.333,5,7,0.714,2,6,8,1,1,1,1,1,16,15.1,3,31.5
Maurice Harkless,75,71,2016-03-28,22,POR,H,SAC,12,1,22:45,5,7,0.714,1,3,0.333,1,1,1,1,2,3,2,0,1,1,1,12,11.1,15,20.8
Maurice Harkless,76,72,2016-03-31,22,POR,H,BOS,7,1,22:03,2,7,0.286,1,3,0.333,4,6,0.667,4,6,10,1,1,1,1,3,9,8.9,5,27
Maurice Harkless,77,73,2016-04-02,22,POR,H,MIA,17,1,32:17,6,7,0.857,0,1,0,2,2,1,1,3,4,1,1,1,0,2,14,14.7,15,24.5
Maurice Harkless,78,74,2016-04-03,22,POR,A,GSW,-25,1,29:56,5,13,0.385,1,2,0.5,4,6,0.667,5,5,10,0,1,0,0,3,15,11.9,-4,31.5
Maurice Harkless,79,75,2016-04-05,22,POR,A,SAC,8,1,32:41,8,16,0.5,2,5,0.4,2,2,1,7,9,16,2,2,0,2,2,20,20.2,-1,48.5
Maurice Harkless,80,76,2016-04-06,22,POR,H,OKC,5,1,28:18,6,13,0.462,1,3,0.333,1,1,1,2,3,5,2,4,2,1,3,14,14.2,15,35.3
Maurice Harkless,81,77,2016-04-09,22,POR,H,MIN,-1,1,30:42,2,7,0.286,1,3,0.333,0,0,NA,3,0,3,1,0,1,1,3,5,2.2,6,12.3
Maurice Harkless,82,78,2016-04-13,22,POR,H,DEN,8,1,18:12,1,5,0.2,1,2,0.5,0,0,NA,1,0,1,1,1,2,0,3,3,2.5,2,12.3
Brian Roberts,54,31,2016-02-19,30,POR,H,GSW,32,0,4:45,3,4,0.75,1,1,1,0,0,NA,0,0,0,0,0,0,0,0,7,5.4,-6,7.5
Brian Roberts,57,32,2016-02-25,30,POR,H,HOU,-14,0,0:44,0,1,0,0,1,0,0,0,NA,0,0,0,0,0,0,0,0,0,-0.7,-5,0
Brian Roberts,60,33,2016-03-01,30,POR,A,NYK,19,0,2:31,1,1,1,0,0,NA,0,0,NA,0,0,0,0,0,0,0,1,2,1.3,0,2
Brian Roberts,61,34,2016-03-02,30,POR,A,BOS,-23,0,7:45,2,2,1,0,0,NA,0,0,NA,1,0,1,2,1,0,0,0,4,6.5,0,10.3
Brian Roberts,62,35,2016-03-04,30,POR,A,TOR,-2,0,1:12,0,0,NA,0,0,NA,0,0,NA,0,0,0,0,0,0,0,0,0,0,2,0
Brian Roberts,63,36,2016-03-06,30,POR,A,DET,-20,0,2:54,0,1,0,0,1,0,1,2,0.5,0,0,0,0,0,0,0,0,1,-0.1,1,1
Brian Roberts,64,37,2016-03-08,30,POR,H,WAS,7,0,6:06,2,3,0.667,0,1,0,0,0,NA,0,0,0,0,0,0,0,1,4,2.3,-5,4
Brian Roberts,65,38,2016-03-11,30,POR,A,GSW,-16,0,13:59,4,7,0.571,2,2,1,1,2,0.5,0,1,1,2,0,0,0,0,11,9,8,16.3
Brian Roberts,66,39,2016-03-12,30,POR,H,ORL,37,0,7:54,1,2,0.5,1,1,1,0,0,NA,0,0,0,2,0,0,1,0,3,2.4,9,6
Brian Roberts,67,40,2016-03-14,30,POR,A,OKC,-34,0,12:00,1,5,0.2,0,1,0,5,5,1,0,3,3,1,0,0,2,0,7,3.5,-4,11.3
Brian Roberts,68,41,2016-03-17,30,POR,A,SAS,-8,0,2:53,0,1,0,0,0,NA,0,0,NA,0,0,0,1,0,0,0,0,0,0,2,1.5
Brian Roberts,70,42,2016-03-20,30,POR,A,DAL,-12,0,0:40,0,1,0,0,0,NA,0,0,NA,1,0,1,0,0,0,0,0,0,0,-4,1.3
Brian Roberts,71,43,2016-03-23,30,POR,H,DAL,6,0,8:50,1,2,0.5,0,0,NA,0,0,NA,0,1,1,1,1,0,0,0,2,3,-4,6.8
Brian Roberts,72,44,2016-03-24,30,POR,A,LAC,-2,0,5:59,0,3,0,0,2,0,0,0,NA,0,1,1,0,0,0,0,2,0,-2.6,-7,1.3
Brian Roberts,73,45,2016-03-26,30,POR,H,PHI,3,0,4:22,0,1,0,0,0,NA,0,0,NA,0,1,1,1,0,0,0,1,0,-0.1,1,2.8
Brian Roberts,74,46,2016-03-28,30,POR,H,SAC,12,0,17:18,0,5,0,0,1,0,0,0,NA,0,1,1,4,0,1,0,1,0,-0.1,-12,9.3
Brian Roberts,76,47,2016-04-02,30,POR,H,MIA,17,0,5:06,1,1,1,0,0,NA,0,0,NA,0,0,0,0,0,0,1,1,2,0.3,-5,1.5
Brian Roberts,77,48,2016-04-03,30,POR,A,GSW,-25,0,3:09,0,0,NA,0,0,NA,0,0,NA,0,0,0,1,0,0,0,0,0,0.7,-4,1.5
Brian Roberts,78,49,2016-04-05,30,POR,A,SAC,8,0,0:25,0,0,NA,0,0,NA,0,0,NA,0,0,0,0,0,0,0,0,0,0,0,0
Brian Roberts,79,50,2016-04-06,30,POR,H,OKC,5,0,11:20,1,1,1,1,1,1,0,0,NA,0,1,1,0,0,0,3,2,3,-0.8,-12,3.3
Brian Roberts,81,51,2016-04-13,30,POR,H,DEN,8,0,16:48,6,9,0.667,1,3,0.333,1,1,1,0,1,1,1,1,0,0,3,14,10.9,1,19.3
