DeMarcus Cousins,1,1,2015-10-28,25,SAC,H,LAC,-7,1,34:37,10,21,0.476,4,5,0.8,8,11,0.727,3,10,13,3,0,1,8,6,32,17.6,-7,54.3
DeMarcus Cousins,2,2,2015-10-30,25,SAC,H,LAL,18,1,28:23,5,15,0.333,0,2,0,11,14,0.786,3,8,11,3,0,2,0,3,21,18.1,17,44.8
DeMarcus Cousins,3,3,2015-10-31,25,SAC,A,LAC,-5,1,15:19,6,14,0.429,0,3,0,1,2,0.5,2,7,9,1,1,0,2,3,13,7.2,-11,26.8
DeMarcus Cousins,8,4,2015-11-09,25,SAC,H,SAS,-18,1,31:53,5,20,0.25,0,4,0,11,15,0.733,4,8,12,3,2,1,4,2,21,12.6,-14,46
DeMarcus Cousins,9,5,2015-11-11,25,SAC,H,DET,9,1,37:44,11,21,0.524,4,5,0.8,7,11,0.636,1,8,9,1,0,1,4,3,33,20.4,15,47.8
DeMarcus Cousins,10,6,2015-11-13,25,SAC,H,BRK,2,1,34:30,13,27,0.481,2,4,0.5,12,13,0.923,6,7,13,1,0,1,1,6,40,30.2,-1,61.8
DeMarcus Cousins,11,7,2015-11-15,25,SAC,H,TOR,6,1,41:03,12,22,0.545,3,6,0.5,9,12,0.75,1,9,10,3,1,3,3,3,36,28.6,15,62.5
DeMarcus Cousins,12,8,2015-11-18,25,SAC,A,ATL,-6,1,34:21,7,20,0.35,1,5,0.2,9,11,0.818,3,9,12,3,0,0,3,4,24,14.3,-6,44
DeMarcus Cousins,14,9,2015-11-21,25,SAC,A,ORL,6,1,40:29,8,19,0.421,0,2,0,13,15,0.867,0,12,12,6,3,3,4,2,29,26.2,13,64.5
DeMarcus Cousins,15,10,2015-11-23,25,SAC,A,CHO,-5,1,30:53,13,21,0.619,2,6,0.333,2,4,0.5,1,10,11,1,1,3,4,5,30,21.2,-8,53.8
DeMarcus Cousins,19,11,2015-11-30,25,SAC,H,DAL,14,1,37:53,10,24,0.417,1,8,0.125,10,10,1,1,8,9,6,0,1,2,2,31,23.4,24,52.8
DeMarcus Cousins,20,12,2015-12-03,25,SAC,H,BOS,-17,1,24:35,4,17,0.235,2,5,0.4,6,8,0.75,4,3,7,4,0,1,4,5,16,6.1,-22,31.8
DeMarcus Cousins,21,13,2015-12-05,25,SAC,A,HOU,-7,1,26:50,4,16,0.25,0,3,0,6,7,0.857,1,8,9,3,0,2,3,6,14,5.2,-12,32.3
DeMarcus Cousins,22,14,2015-12-06,25,SAC,A,OKC,-3,1,36:27,5,20,0.25,0,3,0,3,9,0.333,3,7,10,0,3,1,1,2,13,4.7,-7,34.5
DeMarcus Cousins,23,15,2015-12-08,25,SAC,H,UTA,8,1,37:04,8,14,0.571,1,3,0.333,6,10,0.6,2,10,12,6,1,0,5,6,23,17,4,48.5
DeMarcus Cousins,24,16,2015-12-10,25,SAC,H,NYK,2,1,36:39,12,25,0.48,0,2,0,3,4,0.75,3,8,11,2,2,0,3,5,27,16.8,14,47.8
DeMarcus Cousins,25,17,2015-12-15,25,SAC,H,HOU,10,1,33:03,7,17,0.412,2,4,0.5,10,14,0.714,1,11,12,0,2,1,4,4,26,16.4,4,47.5
DeMarcus Cousins,26,18,2015-12-18,25,SAC,A,MIN,-4,1,36:56,11,25,0.44,0,3,0,2,3,0.667,4,8,12,4,4,1,5,4,24,16.6,-3,54
DeMarcus Cousins,27,19,2015-12-20,25,SAC,A,TOR,10,1,31:36,5,13,0.385,1,1,1,4,8,0.5,1,8,9,5,2,4,2,3,15,14.5,33,45.3
DeMarcus Cousins,28,20,2015-12-21,25,SAC,A,WAS,-14,1,31:49,8,22,0.364,1,3,0.333,5,7,0.714,3,5,8,3,3,1,3,2,22,14.6,-18,43.5
DeMarcus Cousins,29,21,2015-12-23,25,SAC,A,IND,2,1,35:06,8,19,0.421,0,1,0,9,10,0.9,3,13,16,1,0,3,5,2,25,17.5,-8,51.5
DeMarcus Cousins,30,22,2015-12-27,25,SAC,H,POR,-4,1,37:28,12,26,0.462,2,7,0.286,10,12,0.833,2,4,6,2,1,2,5,3,36,22,0,51
DeMarcus Cousins,31,23,2015-12-28,25,SAC,A,GSW,-19,1,12:25,3,9,0.333,0,1,0,1,3,0.333,2,2,4,2,2,0,0,5,7,4.5,-3,19
DeMarcus Cousins,32,24,2015-12-30,25,SAC,H,PHI,-5,1,34:22,4,10,0.4,0,2,0,13,20,0.65,1,10,11,1,0,3,5,6,21,11.9,-8,41.3
DeMarcus Cousins,33,25,2016-01-02,25,SAC,H,PHO,23,1,27:00,11,15,0.733,1,2,0.5,9,11,0.818,2,7,9,1,2,0,1,3,32,29.1,23,48.8
DeMarcus Cousins,34,26,2016-01-04,25,SAC,A,OKC,12,1,37:32,11,27,0.407,2,4,0.5,9,10,0.9,4,15,19,1,0,2,1,2,33,25.7,3,64.3
DeMarcus Cousins,35,27,2016-01-05,25,SAC,A,DAL,-1,1,48:43,15,30,0.5,2,6,0.333,3,6,0.5,3,14,17,4,6,1,10,5,35,22.6,4,73.8
DeMarcus Cousins,36,28,2016-01-07,25,SAC,H,LAL,3,1,32:11,8,12,0.667,2,3,0.667,11,13,0.846,1,9,10,7,1,1,3,5,29,28,18,57
DeMarcus Cousins,37,29,2016-01-09,25,SAC,H,GSW,-12,1,30:21,12,27,0.444,2,6,0.333,7,9,0.778,1,9,10,1,3,0,2,4,33,21.6,-3,54.5
DeMarcus Cousins,38,30,2016-01-13,25,SAC,H,NOP,-12,1,36:44,13,30,0.433,3,8,0.375,3,4,0.75,2,10,12,1,1,0,4,4,32,16.3,-11,51.5
DeMarcus Cousins,39,31,2016-01-14,25,SAC,A,UTA,2,1,39:03,10,21,0.476,2,2,1,14,21,0.667,5,12,17,1,1,1,4,2,36,27.2,3,63.3
DeMarcus Cousins,40,32,2016-01-16,25,SAC,A,LAC,7,1,33:20,6,14,0.429,1,2,0.5,6,7,0.857,3,10,13,6,0,2,5,5,19,14.9,7,47.8
DeMarcus Cousins,41,33,2016-01-20,25,SAC,A,LAL,19,1,35:01,13,22,0.591,0,0,NA,10,12,0.833,6,10,16,3,1,1,2,5,36,32,26,65
DeMarcus Cousins,42,34,2016-01-21,25,SAC,H,ATL,3,1,39:01,10,25,0.4,1,1,1,3,4,0.75,4,12,16,5,3,2,6,4,24,16.8,11,60.5
DeMarcus Cousins,43,35,2016-01-23,25,SAC,H,IND,11,1,39:07,17,29,0.586,1,2,0.5,13,20,0.65,2,11,13,2,1,0,5,4,48,32.2,16,68.8
DeMarcus Cousins,44,36,2016-01-25,25,SAC,H,CHO,-1,1,45:40,21,30,0.7,1,3,0.333,13,16,0.813,1,11,12,4,1,2,7,6,56,42,15,81.5
DeMarcus Cousins,45,37,2016-01-26,25,SAC,A,POR,-15,1,31:50,4,21,0.19,0,2,0,9,17,0.529,1,4,5,4,0,0,2,2,17,2.6,-14,28.3
DeMarcus Cousins,46,38,2016-01-28,25,SAC,A,NOP,-9,1,40:34,11,24,0.458,0,1,0,4,6,0.667,0,10,10,6,1,5,6,2,26,17.7,-8,58
DeMarcus Cousins,47,39,2016-01-30,25,SAC,A,MEM,-4,1,30:39,3,17,0.176,1,3,0.333,10,14,0.714,5,9,14,1,3,2,6,2,17,9.2,-3,45
DeMarcus Cousins,49,40,2016-02-03,25,SAC,H,CHI,-5,1,37:18,12,25,0.48,0,3,0,6,11,0.545,3,8,11,4,3,2,6,2,30,20.2,1,58.3
DeMarcus Cousins,50,41,2016-02-05,25,SAC,A,BRK,-9,1,39:44,9,18,0.5,4,4,1,2,3,0.667,0,10,10,10,2,0,3,2,24,22.8,-3,60.5
DeMarcus Cousins,51,42,2016-02-07,25,SAC,A,BOS,-9,1,35:59,11,25,0.44,3,6,0.5,6,8,0.75,0,7,7,6,0,0,5,4,31,16.8,-14,47.8
DeMarcus Cousins,52,43,2016-02-08,25,SAC,A,CLE,-20,1,29:12,5,14,0.357,0,1,0,4,6,0.667,0,8,8,3,0,1,2,4,14,7,-17,29.5
DeMarcus Cousins,53,44,2016-02-10,25,SAC,A,PHI,4,1,36:26,8,18,0.444,0,2,0,12,17,0.706,4,8,12,5,2,0,4,5,28,21.3,11,54
DeMarcus Cousins,54,45,2016-02-19,25,SAC,H,DEN,6,1,38:43,12,20,0.6,1,1,1,12,15,0.8,1,19,20,2,1,4,6,4,37,30.6,4,74
DeMarcus Cousins,55,46,2016-02-23,25,SAC,A,DEN,4,1,36:06,14,24,0.583,2,2,1,9,12,0.75,2,7,9,2,1,2,3,3,39,29.7,11,58.8
DeMarcus Cousins,56,47,2016-02-24,25,SAC,H,SAS,-16,1,38:52,8,23,0.348,2,4,0.5,4,9,0.444,2,8,10,2,1,0,3,3,22,9.1,-6,40.5
DeMarcus Cousins,57,48,2016-02-26,25,SAC,H,LAC,-10,1,37:00,7,20,0.35,2,5,0.4,10,14,0.714,5,10,15,9,2,2,7,3,26,21.2,-13,65.3
DeMarcus Cousins,58,49,2016-02-29,25,SAC,H,OKC,-15,1,34:07,14,33,0.424,0,4,0,7,11,0.636,7,5,12,3,4,0,6,3,35,21.2,-10,61
DeMarcus Cousins,59,50,2016-03-02,25,SAC,A,MEM,-6,1,33:32,7,18,0.389,1,3,0.333,3,6,0.5,8,8,16,6,3,2,7,5,18,14.6,-9,55.5
DeMarcus Cousins,60,51,2016-03-03,25,SAC,A,DAL,3,1,36:15,9,17,0.529,0,2,0,4,8,0.5,2,11,13,5,1,2,4,3,22,17.5,-3,51.3
DeMarcus Cousins,61,52,2016-03-05,25,SAC,A,SAS,-10,1,36:10,10,20,0.5,1,3,0.333,10,15,0.667,3,6,9,3,1,0,4,5,31,20,-10,47.3
DeMarcus Cousins,62,53,2016-03-07,25,SAC,A,NOP,-3,1,41:08,16,29,0.552,0,3,0,8,9,0.889,2,14,16,4,4,1,5,4,40,32.2,9,75
DeMarcus Cousins,63,54,2016-03-09,25,SAC,H,CLE,-9,1,36:03,8,22,0.364,1,6,0.167,12,18,0.667,2,9,11,2,2,0,4,5,29,15.9,-11,49.8
DeMarcus Cousins,65,55,2016-03-13,25,SAC,H,UTA,-9,1,34:55,10,23,0.435,3,6,0.5,8,11,0.727,2,8,10,5,2,2,1,5,31,25.4,-9,61.5
DeMarcus Cousins,66,56,2016-03-15,25,SAC,A,LAL,8,1,36:06,4,10,0.4,1,1,1,13,15,0.867,0,8,8,3,3,4,3,2,22,22.3,11,49.5
DeMarcus Cousins,67,57,2016-03-16,25,SAC,H,NOP,-15,1,34:04,8,21,0.381,0,2,0,4,4,1,1,11,12,5,2,2,4,2,20,14.6,-17,50
DeMarcus Cousins,68,58,2016-03-18,25,SAC,A,DET,-7,1,34:44,11,21,0.524,0,3,0,9,11,0.818,2,8,10,3,2,1,2,5,31,24.5,-17,54.5
DeMarcus Cousins,69,59,2016-03-20,25,SAC,A,NYK,8,1,37:19,11,23,0.478,1,3,0.333,1,2,0.5,5,15,20,4,1,2,1,1,24,23.7,14,62.5
DeMarcus Cousins,70,60,2016-03-21,25,SAC,A,CHI,-7,1,35:23,6,14,0.429,0,1,0,7,7,1,4,14,18,3,1,2,8,3,19,13.9,-11,49.5
DeMarcus Cousins,72,61,2016-03-25,25,SAC,H,PHO,22,1,27:48,9,18,0.5,1,3,0.333,10,14,0.714,2,9,11,1,0,1,1,3,29,21.7,16,47.8
DeMarcus Cousins,73,62,2016-03-27,25,SAC,H,DAL,22,1,28:05,7,12,0.583,0,1,0,6,10,0.6,2,10,12,5,2,0,3,2,20,18.9,17,46.5
DeMarcus Cousins,75,63,2016-03-30,25,SAC,H,WAS,9,1,32:21,11,18,0.611,1,1,1,6,9,0.667,1,9,10,4,5,4,5,3,29,27.4,2,65
DeMarcus Cousins,78,64,2016-04-05,25,SAC,H,POR,-8,1,38:26,11,21,0.524,1,4,0.25,7,11,0.636,0,9,9,1,2,3,6,2,30,18.8,4,50.3
DeMarcus Cousins,80,65,2016-04-09,25,SAC,H,OKC,2,1,31:54,7,24,0.292,0,3,0,1,4,0.25,3,4,7,3,2,1,2,6,15,3.5,-6,33.3
Caron Butler,1,1,2015-10-28,35,SAC,H,LAC,-7,0,12:40,4,7,0.571,0,1,0,0,0,NA,1,1,2,0,1,0,0,1,8,6.3,-2,12.5
Caron Butler,3,2,2015-10-31,35,SAC,A,LAC,-5,0,13:45,2,4,0.5,0,1,0,0,0,NA,0,0,0,0,0,0,0,2,4,1.2,-3,4
Caron Butler,4,3,2015-11-03,35,SAC,H,MEM,-14,0,9:57,1,2,0.5,0,1,0,0,0,NA,1,2,3,0,0,0,1,0,2,1.3,-7,5.3
Caron Butler,5,4,2015-11-04,35,SAC,A,PHO,-21,0,5:58,0,1,0,0,1,0,0,0,NA,0,0,0,0,1,0,0,0,0,0.3,-1,2
Caron Butler,7,5,2015-11-07,35,SAC,H,GSW,-9,0,5:44,0,3,0,0,0,NA,1,2,0.5,0,0,0,0,0,0,0,0,1,-1.5,-10,1
Caron Butler,10,6,2015-11-13,35,SAC,H,BRK,2,1,19:00,2,5,0.4,1,3,0.333,0,0,NA,1,3,4,2,2,0,1,0,5,6.3,-16,17
Caron Butler,12,7,2015-11-19,35,SAC,A,MIA,-7,0,4:53,0,1,0,0,1,0,0,0,NA,0,0,0,0,0,0,0,1,0,-1.1,-2,0
Caron Butler,19,8,2015-12-03,35,SAC,H,BOS,-17,0,8:06,0,0,NA,0,0,NA,0,0,NA,0,0,0,0,1,0,0,1,0,0.6,-5,2
Caron Butler,27,9,2015-12-21,35,SAC,A,WAS,-14,0,6:19,2,3,0.667,0,0,NA,0,0,NA,0,2,2,1,0,0,0,2,4,3.2,3,8
Caron Butler,61,10,2016-03-09,35,SAC,H,CLE,-9,0,10:53,2,4,0.5,1,2,0.5,2,3,0.667,0,2,2,1,0,0,0,3,7,4.7,-2,11.5
Caron Butler,62,11,2016-03-11,35,SAC,H,ORL,-7,0,1:26,0,0,NA,0,0,NA,0,0,NA,0,0,0,0,0,0,0,0,0,0,5,0
Caron Butler,65,12,2016-03-16,36,SAC,H,NOP,-15,0,9:31,1,3,0.333,0,1,0,2,2,1,1,0,1,2,1,0,0,2,4,4.6,10,10.3
Caron Butler,66,13,2016-03-18,36,SAC,A,DET,-7,0,18:19,2,4,0.5,0,0,NA,5,5,1,1,3,4,2,0,0,0,4,9,8.4,3,17
Caron Butler,68,14,2016-03-21,36,SAC,A,CHI,-7,0,20:41,5,11,0.455,0,5,0,0,0,NA,0,2,2,1,3,0,0,1,10,8.2,-3,20
Caron Butler,72,15,2016-03-28,36,SAC,A,POR,-12,0,3:20,0,2,0,0,0,NA,0,0,NA,0,0,0,0,0,0,0,2,0,-2.2,-2,0
Caron Butler,76,16,2016-04-05,36,SAC,H,POR,-8,0,7:50,1,1,1,0,0,NA,0,0,NA,0,0,0,0,0,0,1,0,2,0.7,-3,1.5
Caron Butler,79,17,2016-04-11,36,SAC,A,PHO,4,0,17:18,3,8,0.375,1,2,0.5,0,0,NA,0,2,2,1,0,1,0,0,7,4.6,-6,13.5
Duje Dukan,82,1,2016-04-13,24,SAC,A,HOU,-35,0,24:14,2,10,0.2,2,5,0.4,0,0,NA,2,2,4,1,1,0,0,2,6,2.7,-8,15.5
Rajon Rondo,1,1,2015-10-28,29,SAC,H,LAC,-7,1,25:15,2,8,0.25,0,1,0,0,0,NA,1,6,7,4,1,0,2,3,4,2.3,-8,19.8
Rajon Rondo,2,2,2015-10-30,29,SAC,H,LAL,18,1,23:47,9,13,0.692,1,2,0.5,2,2,1,0,3,3,8,1,0,4,1,21,18.6,13,37.3
Rajon Rondo,3,3,2015-10-31,29,SAC,A,LAC,-5,1,33:00,9,17,0.529,1,4,0.25,2,6,0.333,1,4,5,8,2,0,1,5,21,17.6,-3,43.3
Rajon Rondo,4,4,2015-11-03,29,SAC,H,MEM,-14,1,26:59,2,10,0.2,0,1,0,1,4,0.25,1,5,6,4,1,0,2,1,5,1.2,-17,19.5
Rajon Rondo,5,5,2015-11-04,29,SAC,A,PHO,-21,1,29:26,4,10,0.4,1,2,0.5,0,2,0,0,3,3,6,1,0,2,2,9,6.1,-18,23.3
Rajon Rondo,6,6,2015-11-06,29,SAC,H,HOU,-6,1,24:24,6,14,0.429,0,2,0,0,0,NA,3,5,8,5,3,0,4,1,12,10.3,-17,33.5
Rajon Rondo,7,7,2015-11-07,29,SAC,H,GSW,-9,1,44:27,7,20,0.35,0,3,0,0,0,NA,2,10,12,15,4,0,3,3,14,17.5,0,62.5
Rajon Rondo,8,8,2015-11-09,29,SAC,H,SAS,-18,1,48:00,4,10,0.4,0,1,0,0,0,NA,0,6,6,12,3,0,9,3,8,5.6,-18,35
Rajon Rondo,9,9,2015-11-11,29,SAC,H,DET,9,1,48:00,6,16,0.375,1,2,0.5,1,2,0.5,2,9,11,15,3,0,5,1,14,17,9,58.8
Rajon Rondo,10,10,2015-11-13,29,SAC,H,BRK,2,1,43:49,10,19,0.526,2,4,0.5,1,4,0.25,2,8,10,14,2,0,4,2,23,23.3,8,64
Rajon Rondo,11,11,2015-11-15,29,SAC,H,TOR,6,1,43:16,3,10,0.3,1,4,0.25,0,0,NA,2,5,7,14,2,0,7,3,7,7.7,6,37.8
Rajon Rondo,12,12,2015-11-18,29,SAC,A,ATL,-6,1,31:09,6,9,0.667,0,0,NA,0,0,NA,3,9,12,10,1,0,7,1,12,13.5,-4,45
Rajon Rondo,13,13,2015-11-19,29,SAC,A,MIA,-7,1,40:18,6,13,0.462,2,3,0.667,0,0,NA,2,7,9,18,1,0,3,5,14,19.4,3,55.3
Rajon Rondo,14,14,2015-11-21,29,SAC,A,ORL,6,1,42:04,5,9,0.556,3,4,0.75,0,0,NA,1,6,7,9,3,0,1,2,13,18.7,3,42.3
Rajon Rondo,15,15,2015-11-23,29,SAC,A,CHO,-5,1,46:22,6,12,0.5,1,4,0.25,1,2,0.5,3,5,8,20,4,1,6,3,14,22.7,-11,63
Rajon Rondo,16,16,2015-11-25,29,SAC,A,MIL,11,1,38:32,5,10,0.5,0,1,0,0,0,NA,0,9,9,13,0,1,4,2,10,12.7,12,42.3
Rajon Rondo,17,17,2015-11-27,29,SAC,H,MIN,-10,1,36:02,7,16,0.438,1,2,0.5,1,2,0.5,1,3,4,16,0,0,0,3,16,18.8,-5,47
Rajon Rondo,18,18,2015-11-28,29,SAC,A,GSW,-19,1,24:47,3,10,0.3,1,2,0.5,0,0,NA,1,3,4,7,0,0,3,4,7,3.1,-13,21.5
Rajon Rondo,19,19,2015-11-30,29,SAC,H,DAL,14,1,29:45,6,14,0.429,2,6,0.333,7,14,0.5,1,2,3,5,0,0,2,0,21,13.6,6,32.3
Rajon Rondo,20,20,2015-12-03,29,SAC,H,BOS,-17,1,23:58,2,6,0.333,1,1,1,0,0,NA,0,3,3,8,2,0,4,1,5,5.7,-9,23.3
Rajon Rondo,21,21,2015-12-05,29,SAC,A,HOU,-7,1,36:03,6,12,0.5,1,2,0.5,0,0,NA,2,1,3,19,4,0,4,0,13,22,-11,53.3
Rajon Rondo,22,22,2015-12-06,29,SAC,A,OKC,-3,1,35:45,3,9,0.333,0,1,0,1,2,0.5,2,7,9,10,3,0,1,3,7,12.8,0,38.8
Rajon Rondo,23,23,2015-12-08,29,SAC,H,UTA,8,1,37:28,5,8,0.625,1,2,0.5,6,7,0.857,1,6,7,13,2,0,5,0,17,21.6,6,48.8
Rajon Rondo,24,24,2015-12-10,29,SAC,H,NYK,2,1,40:15,7,10,0.7,1,2,0.5,1,1,1,2,7,9,12,2,0,3,3,16,21.5,2,49.8
Rajon Rondo,26,25,2015-12-18,29,SAC,A,MIN,-4,1,35:57,4,8,0.5,0,1,0,3,4,0.75,1,3,4,13,3,0,2,5,11,16.3,-13,42
Rajon Rondo,27,26,2015-12-20,29,SAC,A,TOR,10,1,38:44,8,13,0.615,1,4,0.25,2,2,1,0,2,2,13,1,1,5,1,19,19.1,12,44.5
Rajon Rondo,28,27,2015-12-21,29,SAC,A,WAS,-14,1,34:20,1,7,0.143,0,0,NA,0,0,NA,1,7,8,9,1,0,4,3,2,2.4,-12,25.5
Rajon Rondo,29,28,2015-12-23,29,SAC,A,IND,2,1,37:06,6,10,0.6,0,1,0,1,2,0.5,1,7,8,17,1,0,9,3,13,13.5,-7,47.5
Rajon Rondo,30,29,2015-12-27,29,SAC,H,POR,-4,1,38:44,3,6,0.5,2,3,0.667,1,2,0.5,0,5,5,15,3,0,8,2,9,11.8,1,40.8
Rajon Rondo,31,30,2015-12-28,29,SAC,A,GSW,-19,1,17:36,2,6,0.333,0,1,0,0,2,0,0,3,3,2,1,0,1,3,4,0.9,-23,12.3
Rajon Rondo,32,31,2015-12-30,29,SAC,H,PHI,-5,1,39:18,4,9,0.444,0,2,0,0,2,0,1,4,5,14,2,0,7,5,8,7.2,-6,35.8
Rajon Rondo,33,32,2016-01-02,29,SAC,H,PHO,23,1,30:21,6,11,0.545,1,2,0.5,2,2,1,1,5,6,15,1,0,3,2,15,19.6,24,47.5
Rajon Rondo,34,33,2016-01-04,29,SAC,A,OKC,12,1,42:37,5,11,0.455,0,2,0,3,8,0.375,1,8,9,19,5,1,6,1,13,21,4,63.3
Rajon Rondo,36,34,2016-01-07,29,SAC,H,LAL,3,1,35:32,4,10,0.4,0,1,0,1,2,0.5,2,4,6,12,3,1,3,0,9,14.9,11,41
Rajon Rondo,37,35,2016-01-09,29,SAC,H,GSW,-12,1,29:17,2,8,0.25,0,3,0,0,0,NA,1,2,3,12,0,0,4,5,4,2.9,-11,23.8
Rajon Rondo,38,36,2016-01-13,29,SAC,H,NOP,-12,1,29:40,7,11,0.636,1,1,1,2,4,0.5,0,5,5,10,1,1,3,1,17,18.1,-17,42.8
Rajon Rondo,39,37,2016-01-14,29,SAC,A,UTA,2,1,34:55,2,9,0.222,0,1,0,2,2,1,0,6,6,13,2,0,3,3,6,9.2,5,35.5
Rajon Rondo,40,38,2016-01-16,29,SAC,A,LAC,7,1,33:49,5,11,0.455,1,2,0.5,2,2,1,2,5,7,10,2,0,4,1,13,14.8,1,40.8
Rajon Rondo,41,39,2016-01-20,29,SAC,A,LAL,19,1,34:05,5,10,0.5,0,1,0,1,1,1,2,3,5,17,0,0,3,0,11,17.2,32,42.8
Rajon Rondo,42,40,2016-01-21,29,SAC,H,ATL,3,1,37:30,5,16,0.313,1,4,0.25,0,0,NA,2,7,9,11,0,1,6,1,11,7.3,13,39.8
Rajon Rondo,43,41,2016-01-23,29,SAC,H,IND,11,1,33:36,2,4,0.5,0,0,NA,7,8,0.875,2,8,10,10,2,1,1,2,11,20.3,14,48.5
Rajon Rondo,44,42,2016-01-25,29,SAC,H,CHO,-1,1,42:22,3,7,0.429,1,2,0.5,0,0,NA,2,8,10,20,0,0,3,4,7,16.5,-1,50
Rajon Rondo,45,43,2016-01-26,29,SAC,A,POR,-15,1,30:23,7,16,0.438,1,4,0.25,0,0,NA,2,3,5,11,1,0,5,2,15,11.8,-16,39.3
Rajon Rondo,46,44,2016-01-28,29,SAC,A,NOP,-9,1,38:05,7,10,0.7,1,2,0.5,2,4,0.5,1,5,6,15,1,0,3,4,17,21.1,-4,49.5
Rajon Rondo,47,45,2016-01-30,29,SAC,A,MEM,-4,1,31:54,6,14,0.429,1,2,0.5,2,2,1,0,6,6,8,2,0,7,6,15,7.6,-9,35.5
Rajon Rondo,48,46,2016-02-01,29,SAC,H,MIL,7,1,34:58,6,10,0.6,4,4,1,3,4,0.75,0,2,2,7,3,0,6,0,19,16.5,4,37
Rajon Rondo,49,47,2016-02-03,29,SAC,H,CHI,-5,1,30:54,3,9,0.333,0,1,0,0,0,NA,1,1,2,9,3,0,4,3,6,6,-7,26
Rajon Rondo,50,48,2016-02-05,29,SAC,A,BRK,-9,1,34:48,7,15,0.467,1,4,0.25,0,0,NA,0,1,1,15,3,0,2,3,15,17.9,-13,45.8
Rajon Rondo,51,49,2016-02-07,29,SAC,A,BOS,-9,1,39:02,5,10,0.5,1,1,1,3,4,0.75,1,4,5,15,6,0,4,3,14,21.8,-7,54.8
Rajon Rondo,52,50,2016-02-08,29,SAC,A,CLE,-20,1,32:46,1,8,0.125,1,4,0.25,4,8,0.5,1,7,8,16,3,0,6,1,7,10.8,-17,44.5
Rajon Rondo,53,51,2016-02-10,29,SAC,A,PHI,4,1,36:23,7,13,0.538,0,0,NA,0,0,NA,2,6,8,15,3,0,2,0,14,22.4,0,53
Rajon Rondo,54,52,2016-02-19,29,SAC,H,DEN,6,1,39:28,8,16,0.5,4,6,0.667,4,6,0.667,5,5,10,9,5,0,4,4,24,25.9,7,61.5
Rajon Rondo,55,53,2016-02-23,30,SAC,A,DEN,4,1,30:49,2,6,0.333,0,1,0,0,0,NA,0,5,5,12,1,1,4,4,4,6.6,6,30.3
Rajon Rondo,56,54,2016-02-24,30,SAC,H,SAS,-16,1,37:39,3,10,0.3,1,4,0.25,0,0,NA,0,8,8,18,3,0,1,2,7,17.4,-2,50
Rajon Rondo,58,55,2016-02-29,30,SAC,H,OKC,-15,1,35:43,5,13,0.385,0,2,0,1,2,0.5,2,7,9,12,2,0,2,2,11,14.6,-17,44.8
Rajon Rondo,59,56,2016-03-02,30,SAC,A,MEM,-6,1,41:22,3,10,0.3,0,2,0,0,2,0,3,5,8,17,0,0,5,3,6,8.7,7,39
Rajon Rondo,60,57,2016-03-03,30,SAC,A,DAL,3,1,37:41,8,14,0.571,0,2,0,2,4,0.5,0,5,5,12,3,0,3,3,18,19.3,-2,48.3
Rajon Rondo,61,58,2016-03-05,30,SAC,A,SAS,-10,1,35:56,4,9,0.444,1,1,1,0,0,NA,0,1,1,8,2,0,6,2,9,5.4,-15,23.8
Rajon Rondo,62,59,2016-03-07,30,SAC,A,NOP,-3,1,39:11,7,13,0.538,3,7,0.429,1,2,0.5,0,1,1,10,2,0,5,5,18,13.6,-1,38.8
Rajon Rondo,63,60,2016-03-09,30,SAC,H,CLE,-9,1,37:12,5,14,0.357,1,3,0.333,0,0,NA,0,3,3,6,0,0,1,0,11,7.3,-17,23.8
Rajon Rondo,64,61,2016-03-11,30,SAC,H,ORL,-7,1,38:57,7,14,0.5,2,5,0.4,0,0,NA,0,5,5,14,2,0,4,3,16,17.1,-6,47.8
Rajon Rondo,65,62,2016-03-13,30,SAC,H,UTA,-9,1,35:52,3,9,0.333,1,4,0.25,0,0,NA,1,3,4,9,0,0,5,3,7,3.6,-14,23.5
Rajon Rondo,66,63,2016-03-15,30,SAC,A,LAL,8,1,36:44,2,8,0.25,1,5,0.2,4,4,1,1,5,6,12,4,0,6,3,9,11.6,13,40
Rajon Rondo,68,64,2016-03-18,30,SAC,A,DET,-7,1,37:01,5,10,0.5,0,1,0,0,0,NA,0,8,8,13,3,0,5,4,10,12.9,-8,44.5
Rajon Rondo,69,65,2016-03-20,30,SAC,A,NYK,8,1,33:45,1,5,0.2,0,1,0,0,0,NA,2,4,6,6,2,0,4,2,2,2.9,11,20.5
Rajon Rondo,70,66,2016-03-21,30,SAC,A,CHI,-7,1,31:20,7,13,0.538,0,1,0,0,0,NA,2,2,4,5,0,0,6,3,14,6,-9,23.5
Rajon Rondo,71,67,2016-03-23,30,SAC,A,MIN,-9,1,37:30,10,16,0.625,2,4,0.5,3,6,0.5,0,8,8,12,3,0,6,5,25,22.4,-16,58.5
Rajon Rondo,72,68,2016-03-25,30,SAC,H,PHO,22,1,30:17,1,2,0.5,0,0,NA,0,0,NA,1,4,5,12,2,1,1,4,2,11.4,18,31.8
Rajon Rondo,73,69,2016-03-27,30,SAC,H,DAL,22,1,28:26,4,7,0.571,2,3,0.667,1,2,0.5,0,4,4,11,2,0,2,0,11,16.2,13,38
Rajon Rondo,75,70,2016-03-30,30,SAC,H,WAS,9,1,33:43,6,12,0.5,2,4,0.5,1,2,0.5,0,1,1,11,4,0,3,2,15,16.8,0,41.8
Rajon Rondo,76,71,2016-04-01,30,SAC,H,MIA,-6,1,28:39,1,7,0.143,0,1,0,3,4,0.75,0,5,5,10,1,0,3,1,5,6.2,-7,26.8
Rajon Rondo,78,72,2016-04-05,30,SAC,H,POR,-8,1,41:52,11,17,0.647,3,4,0.75,2,3,0.667,0,10,10,12,2,0,2,4,27,28.9,-2,66.5
Omri Casspi,1,1,2015-10-28,27,SAC,H,LAC,-7,0,20:07,2,5,0.4,1,1,1,0,0,NA,1,8,9,0,1,0,2,2,5,3.6,8,17.8
Omri Casspi,2,2,2015-10-30,27,SAC,H,LAL,18,0,21:59,5,9,0.556,0,2,0,2,3,0.667,3,6,9,2,0,0,0,3,12,11.4,-4,26.3
Omri Casspi,3,3,2015-10-31,27,SAC,A,LAC,-5,0,21:23,4,6,0.667,1,1,1,1,2,0.5,1,3,4,2,0,0,3,2,10,6.2,13,17
Omri Casspi,4,4,2015-11-03,27,SAC,H,MEM,-14,0,22:47,1,7,0.143,1,2,0.5,1,4,0.25,1,2,3,2,2,0,2,2,4,0.2,2,14.3
Omri Casspi,5,5,2015-11-04,27,SAC,A,PHO,-21,0,20:05,2,5,0.4,2,2,1,2,4,0.5,0,4,4,1,1,0,2,0,8,5.4,-21,16.5
Omri Casspi,6,6,2015-11-06,27,SAC,H,HOU,-6,0,32:43,8,10,0.8,2,3,0.667,4,5,0.8,1,3,4,1,2,0,2,4,22,18.5,22,32.5
Omri Casspi,7,7,2015-11-07,27,SAC,H,GSW,-9,0,28:54,4,7,0.571,2,4,0.5,0,0,NA,1,7,8,2,0,0,3,3,10,6.7,-19,22.5
Omri Casspi,8,8,2015-11-09,27,SAC,H,SAS,-18,0,24:22,7,14,0.5,2,4,0.5,0,0,NA,0,5,5,0,3,0,0,2,16,12.7,4,29.3
Omri Casspi,9,9,2015-11-11,27,SAC,H,DET,9,0,27:56,3,5,0.6,1,2,0.5,2,2,1,0,11,11,1,1,0,2,2,9,8.9,-12,25.8
Omri Casspi,10,10,2015-11-13,27,SAC,H,BRK,2,0,20:50,2,9,0.222,1,4,0.25,0,0,NA,1,2,3,1,0,0,1,1,5,0.1,3,10.3
Omri Casspi,11,11,2015-11-15,27,SAC,H,TOR,6,0,25:39,6,9,0.667,1,4,0.25,1,1,1,2,3,5,0,2,1,2,1,14,12.7,-10,25.8
Omri Casspi,12,12,2015-11-18,27,SAC,A,ATL,-6,0,22:13,4,8,0.5,0,2,0,0,0,NA,0,4,4,2,0,0,2,2,8,3.8,-2,15
Omri Casspi,13,13,2015-11-19,27,SAC,A,MIA,-7,1,38:31,7,11,0.636,2,4,0.5,0,4,0,0,6,6,0,1,1,4,5,16,7,-3,26.5
Omri Casspi,14,14,2015-11-21,27,SAC,A,ORL,6,0,31:49,5,11,0.455,1,3,0.333,0,0,NA,3,8,11,2,1,0,1,3,11,10,18,31.3
Omri Casspi,15,15,2015-11-23,27,SAC,A,CHO,-5,0,26:46,2,7,0.286,1,4,0.25,1,1,1,1,4,5,3,0,0,2,3,6,2.7,18,16.3
Omri Casspi,16,16,2015-11-25,27,SAC,A,MIL,11,0,30:34,6,9,0.667,3,5,0.6,4,6,0.667,1,6,7,3,2,0,0,3,19,19.7,8,37.8
Omri Casspi,17,17,2015-11-27,27,SAC,H,MIN,-10,0,27:44,6,10,0.6,2,5,0.4,1,2,0.5,0,6,6,0,0,0,2,2,15,9,1,22.5
Omri Casspi,18,18,2015-11-28,27,SAC,A,GSW,-19,1,28:38,3,10,0.3,3,5,0.6,2,2,1,2,5,7,1,0,0,0,3,11,7.6,-18,22.8
Omri Casspi,19,19,2015-11-30,27,SAC,H,DAL,14,0,32:45,4,8,0.5,2,5,0.4,0,1,0,0,5,5,3,1,0,1,4,10,7.6,10,23.3
Omri Casspi,21,20,2015-12-05,27,SAC,A,HOU,-7,1,33:01,6,14,0.429,1,6,0.167,2,2,1,0,3,3,2,0,2,3,4,15,6.7,3,24.8
Omri Casspi,22,21,2015-12-06,27,SAC,A,OKC,-3,1,27:31,4,9,0.444,2,4,0.5,1,4,0.25,1,3,4,0,0,1,1,3,11,5.2,-8,18.5
Omri Casspi,23,22,2015-12-08,27,SAC,H,UTA,8,1,41:07,7,16,0.438,3,8,0.375,2,3,0.667,1,9,10,4,1,0,2,4,19,13.8,15,41.5
Omri Casspi,24,23,2015-12-10,27,SAC,H,NYK,2,1,40:16,4,10,0.4,0,2,0,3,6,0.5,1,7,8,3,0,0,0,4,11,7.7,4,25.5
Omri Casspi,25,24,2015-12-15,27,SAC,H,HOU,10,1,37:56,8,11,0.727,3,4,0.75,0,0,NA,3,3,6,6,2,0,5,1,19,18.3,6,38.5
Omri Casspi,26,25,2015-12-18,27,SAC,A,MIN,-4,1,35:29,3,7,0.429,3,5,0.6,2,2,1,0,4,4,0,1,0,2,2,11,6.7,-8,18.5
Omri Casspi,27,26,2015-12-20,27,SAC,A,TOR,10,1,34:13,6,8,0.75,3,4,0.75,0,1,0,0,11,11,3,1,0,3,2,15,14,22,36.8
Omri Casspi,28,27,2015-12-21,27,SAC,A,WAS,-14,1,25:35,3,7,0.429,1,3,0.333,2,2,1,0,6,6,2,0,0,2,3,9,5.3,-6,19
Omri Casspi,29,28,2015-12-23,27,SAC,A,IND,2,1,41:18,6,11,0.545,2,5,0.4,1,2,0.5,0,11,11,0,1,0,1,4,15,11,1,32.8
Omri Casspi,30,29,2015-12-27,27,SAC,H,POR,-4,1,36:36,5,8,0.625,3,4,0.75,1,2,0.5,1,9,10,1,1,2,1,4,14,13.9,7,36.5
Omri Casspi,31,30,2015-12-28,27,SAC,A,GSW,-19,1,35:10,13,18,0.722,9,12,0.75,1,4,0.25,1,5,6,1,0,0,4,4,36,24.7,-16,47.5
Omri Casspi,32,31,2015-12-30,27,SAC,H,PHI,-5,1,36:04,3,10,0.3,2,7,0.286,2,2,1,2,9,11,1,0,0,2,6,10,4.6,3,26.8
Omri Casspi,33,32,2016-01-02,27,SAC,H,PHO,23,1,29:02,4,8,0.5,2,4,0.5,3,3,1,2,5,7,1,1,0,0,3,13,12.4,25,26.3
Omri Casspi,38,33,2016-01-13,27,SAC,H,NOP,-12,0,29:15,3,8,0.375,1,6,0.167,0,0,NA,0,6,6,3,0,2,0,1,7,7.5,-4,23.5
Omri Casspi,39,34,2016-01-14,27,SAC,A,UTA,2,0,26:15,4,6,0.667,1,2,0.5,1,1,1,0,3,3,0,0,0,0,4,10,6.7,-5,14.3
Omri Casspi,40,35,2016-01-16,27,SAC,A,LAC,7,0,29:56,6,9,0.667,5,8,0.625,0,0,NA,0,4,4,0,1,0,1,0,17,14.3,4,26
Omri Casspi,41,36,2016-01-20,27,SAC,A,LAL,19,0,30:21,3,11,0.273,1,7,0.143,2,3,0.667,0,9,9,0,0,1,3,1,9,2.1,20,21.3
Omri Casspi,42,37,2016-01-21,27,SAC,H,ATL,3,1,37:38,4,10,0.4,3,7,0.429,2,4,0.5,1,4,5,2,5,0,1,3,13,12.9,0,33.3
Omri Casspi,43,38,2016-01-23,27,SAC,H,IND,11,1,27:45,4,7,0.571,0,3,0,0,0,NA,1,4,5,1,0,0,1,3,8,5.1,3,15.3
Omri Casspi,44,39,2016-01-25,27,SAC,H,CHO,-1,0,31:33,4,10,0.4,3,7,0.429,2,2,1,0,8,8,1,0,1,2,2,13,8.6,5,27
Omri Casspi,45,40,2016-01-26,27,SAC,A,POR,-15,1,24:24,4,7,0.571,2,4,0.5,0,2,0,0,8,8,0,0,0,0,1,10,7.9,-5,21
Omri Casspi,46,41,2016-01-28,27,SAC,A,NOP,-9,1,29:22,3,9,0.333,2,5,0.4,0,0,NA,0,6,6,1,1,0,1,2,8,4.6,-11,19.5
Omri Casspi,47,42,2016-01-30,27,SAC,A,MEM,-4,0,26:41,6,12,0.5,2,7,0.286,3,3,1,2,5,7,1,0,0,1,3,17,12.4,1,27.8
Omri Casspi,48,43,2016-02-01,27,SAC,H,MIL,7,0,24:31,3,9,0.333,1,4,0.25,6,7,0.857,0,5,5,1,0,0,0,1,13,9.3,-1,21.3
Omri Casspi,49,44,2016-02-03,27,SAC,H,CHI,-5,0,24:03,4,7,0.571,2,3,0.667,0,0,NA,0,6,6,1,1,1,0,0,10,10.9,-7,24
Omri Casspi,50,45,2016-02-05,27,SAC,A,BRK,-9,0,27:41,3,10,0.3,1,7,0.143,0,0,NA,0,4,4,0,3,0,0,0,7,5.4,-18,18.5
Omri Casspi,51,46,2016-02-07,27,SAC,A,BOS,-9,0,29:24,6,16,0.375,1,6,0.167,0,0,NA,0,4,4,3,1,0,1,2,13,6.7,0,24.5
Omri Casspi,52,47,2016-02-08,27,SAC,A,CLE,-20,0,29:10,5,12,0.417,2,5,0.4,4,4,1,0,6,6,1,3,0,1,1,16,13.7,-8,31.5
Omri Casspi,53,48,2016-02-10,27,SAC,A,PHI,4,0,19:34,1,3,0.333,0,0,NA,0,0,NA,1,4,5,2,0,0,0,2,2,2.8,-10,11.3
Omri Casspi,55,49,2016-02-23,27,SAC,A,DEN,4,0,23:12,4,6,0.667,2,4,0.5,4,6,0.667,1,8,9,2,1,0,2,3,14,12.9,3,30.3
Omri Casspi,56,50,2016-02-24,27,SAC,H,SAS,-16,0,7:39,1,6,0.167,1,2,0.5,0,0,NA,2,2,4,0,0,0,2,0,3,-0.8,-7,7.5
Omri Casspi,57,51,2016-02-26,27,SAC,H,LAC,-10,0,24:36,3,9,0.333,0,3,0,0,0,NA,3,6,9,0,0,0,1,1,6,3.4,3,16.8
Omri Casspi,58,52,2016-02-29,27,SAC,H,OKC,-15,0,24:47,7,10,0.7,2,5,0.4,0,0,NA,3,0,3,2,0,0,1,2,16,13.5,-13,23.3
Omri Casspi,59,53,2016-03-02,27,SAC,A,MEM,-6,1,25:49,4,7,0.571,1,3,0.333,3,4,0.75,0,7,7,1,0,0,3,3,12,6.9,-2,21.3
Omri Casspi,60,54,2016-03-03,27,SAC,A,DAL,3,0,19:38,3,8,0.375,1,6,0.167,2,2,1,0,4,4,1,1,1,0,0,9,8.2,4,20
Omri Casspi,61,55,2016-03-05,27,SAC,A,SAS,-10,0,20:49,3,10,0.3,0,4,0,0,0,NA,1,3,4,0,3,1,2,2,6,2.7,-7,18
Omri Casspi,62,56,2016-03-07,27,SAC,A,NOP,-3,0,18:09,4,6,0.667,1,3,0.333,6,7,0.857,2,5,7,1,1,0,1,1,15,15.2,-10,27.3
Omri Casspi,63,57,2016-03-09,27,SAC,H,CLE,-9,0,22:45,6,9,0.667,1,2,0.5,0,0,NA,0,1,1,0,0,0,2,3,13,6.2,3,13.8
Omri Casspi,64,58,2016-03-11,27,SAC,H,ORL,-7,0,28:24,3,13,0.231,1,4,0.25,3,3,1,0,2,2,0,1,0,0,2,10,2.9,3,15
Omri Casspi,65,59,2016-03-13,27,SAC,H,UTA,-9,0,26:06,8,12,0.667,4,4,1,0,0,NA,1,2,3,0,1,0,1,2,20,15.3,5,27.3
Omri Casspi,66,60,2016-03-15,27,SAC,A,LAL,8,0,20:15,4,11,0.364,0,3,0,1,3,0.333,0,4,4,1,4,1,0,1,9,8.3,-10,25.5
Omri Casspi,67,61,2016-03-16,27,SAC,H,NOP,-15,0,27:16,5,12,0.417,2,4,0.5,0,0,NA,0,6,6,1,1,0,1,1,12,7.7,-1,23.5
Omri Casspi,69,62,2016-03-20,27,SAC,A,NYK,8,0,19:08,5,9,0.556,1,4,0.25,4,6,0.667,2,3,5,0,1,0,1,3,15,11,6,23.3
Omri Casspi,70,63,2016-03-21,27,SAC,A,CHI,-7,0,22:16,2,6,0.333,1,3,0.333,2,4,0.5,3,5,8,3,1,0,0,1,7,9.1,11,24
Omri Casspi,71,64,2016-03-23,27,SAC,A,MIN,-9,0,26:04,4,9,0.444,1,2,0.5,3,6,0.5,1,3,4,1,0,1,1,2,12,7.3,-3,20.5
Omri Casspi,72,65,2016-03-25,27,SAC,H,PHO,22,0,29:50,1,7,0.143,0,1,0,5,6,0.833,2,6,8,5,0,0,2,2,7,6,10,23.5
Omri Casspi,73,66,2016-03-27,27,SAC,H,DAL,22,0,23:24,4,5,0.8,1,1,1,1,2,0.5,0,3,3,4,1,1,1,4,10,10.5,15,23.8
Omri Casspi,74,67,2016-03-28,27,SAC,A,POR,-12,1,29:44,6,14,0.429,2,3,0.667,4,8,0.5,0,6,6,5,0,0,2,1,18,11.9,-18,33
Omri Casspi,75,68,2016-03-30,27,SAC,H,WAS,9,0,26:11,5,7,0.714,1,2,0.5,4,4,1,1,7,8,1,0,0,2,2,15,12.8,4,26
Omri Casspi,76,69,2016-04-01,27,SAC,H,MIA,-6,0,7:47,1,3,0.333,0,0,NA,0,2,0,1,0,1,0,0,0,0,1,2,-0.2,-16,3.3
Kosta Koufos,1,1,2015-10-28,26,SAC,H,LAC,-7,1,22:32,5,6,0.833,0,0,NA,0,0,NA,3,4,7,1,1,2,1,2,10,12.4,-10,25.8
Kosta Koufos,2,2,2015-10-30,26,SAC,H,LAL,18,0,21:15,4,11,0.364,0,0,NA,0,0,NA,5,5,10,2,0,1,2,4,8,5.4,-3,24.5
Kosta Koufos,3,3,2015-10-31,26,SAC,A,LAC,-5,0,29:12,2,5,0.4,0,0,NA,0,0,NA,4,3,7,0,0,1,0,6,4,3.3,-8,14.8
Kosta Koufos,4,4,2015-11-03,26,SAC,H,MEM,-14,1,26:21,5,6,0.833,0,0,NA,1,2,0.5,1,5,6,0,1,0,1,5,11,8.6,-9,20
Kosta Koufos,5,5,2015-11-04,26,SAC,A,PHO,-21,0,28:21,8,11,0.727,0,0,NA,0,0,NA,4,3,7,0,1,2,1,5,16,14.6,-15,30.3
Kosta Koufos,6,6,2015-11-06,26,SAC,H,HOU,-6,1,25:15,3,7,0.429,0,0,NA,0,0,NA,4,3,7,0,1,1,1,3,6,5.5,-32,18.3
Kosta Koufos,7,7,2015-11-07,26,SAC,H,GSW,-9,1,26:42,6,9,0.667,0,0,NA,0,0,NA,5,5,10,0,1,1,0,5,12,12.8,-6,30
Kosta Koufos,8,8,2015-11-09,26,SAC,H,SAS,-18,0,25:53,1,2,0.5,0,0,NA,0,2,0,1,5,6,1,1,3,1,1,2,4.8,-2,18.5
Kosta Koufos,9,9,2015-11-11,26,SAC,H,DET,9,0,22:53,2,5,0.4,0,0,NA,0,0,NA,0,3,3,0,1,0,1,2,4,1.4,-6,9.3
Kosta Koufos,10,10,2015-11-13,26,SAC,H,BRK,2,0,18:35,2,7,0.286,0,0,NA,1,1,1,4,3,7,0,1,1,1,4,5,3.7,-1,17.3
Kosta Koufos,11,11,2015-11-15,26,SAC,H,TOR,6,0,13:27,1,2,0.5,0,0,NA,1,2,0.5,1,0,1,0,0,0,0,3,3,1.1,-13,4.3
Kosta Koufos,12,12,2015-11-18,26,SAC,A,ATL,-6,0,20:43,6,9,0.667,0,0,NA,1,1,1,2,4,6,0,1,0,0,1,13,12.3,-4,22.5
Kosta Koufos,13,13,2015-11-19,26,SAC,A,MIA,-7,1,24:43,3,8,0.375,0,0,NA,0,2,0,2,5,7,0,0,0,1,3,6,1.5,-4,14.3
Kosta Koufos,14,14,2015-11-21,26,SAC,A,ORL,6,0,20:46,4,7,0.571,0,0,NA,4,4,1,2,3,5,0,1,0,0,1,12,11.6,1,20.3
Kosta Koufos,15,15,2015-11-23,26,SAC,A,CHO,-5,0,23:42,4,9,0.444,0,0,NA,2,4,0.5,2,5,7,1,1,3,1,5,10,8.2,0,27.8
Kosta Koufos,16,16,2015-11-25,26,SAC,A,MIL,11,1,35:08,5,8,0.625,0,0,NA,4,4,1,3,6,9,0,1,2,0,2,14,15.9,10,31.3
Kosta Koufos,17,17,2015-11-27,26,SAC,H,MIN,-10,1,29:36,5,10,0.5,0,0,NA,6,6,1,8,5,13,0,1,1,2,3,16,16.6,-5,36.8
Kosta Koufos,18,18,2015-11-28,26,SAC,A,GSW,-19,1,22:59,7,13,0.538,0,0,NA,0,0,NA,5,2,7,0,2,1,1,4,14,11.9,-17,28.3
Kosta Koufos,19,19,2015-11-30,26,SAC,H,DAL,14,0,11:54,0,3,0,0,0,NA,0,4,0,2,3,5,1,0,0,1,3,0,-2.9,-8,7.3
Kosta Koufos,20,20,2015-12-03,26,SAC,H,BOS,-17,0,19:29,2,6,0.333,0,0,NA,3,4,0.75,2,8,10,0,2,1,1,0,7,8.7,-15,25
Kosta Koufos,21,21,2015-12-05,26,SAC,A,HOU,-7,0,30:44,5,9,0.556,0,0,NA,1,2,0.5,4,8,12,1,2,2,0,3,11,14.4,3,37
Kosta Koufos,22,22,2015-12-06,26,SAC,A,OKC,-3,0,15:04,4,5,0.8,0,0,NA,2,4,0.5,2,1,3,0,0,3,0,3,10,9.9,-3,19.8
Kosta Koufos,23,23,2015-12-08,26,SAC,H,UTA,8,0,17:46,3,5,0.6,0,0,NA,0,0,NA,3,1,4,0,0,1,0,0,6,6.8,1,13
Kosta Koufos,24,24,2015-12-10,26,SAC,H,NYK,2,0,14:56,3,5,0.6,0,0,NA,0,0,NA,0,4,4,0,0,0,0,3,6,3.7,-13,11
Kosta Koufos,25,25,2015-12-15,26,SAC,H,HOU,10,0,18:44,4,7,0.571,0,0,NA,0,2,0,2,4,6,0,0,1,0,1,8,6.8,14,17.5
Kosta Koufos,26,26,2015-12-18,26,SAC,A,MIN,-4,0,21:45,1,3,0.333,0,0,NA,2,2,1,0,4,4,0,0,0,0,0,4,3.5,10,9
Kosta Koufos,27,27,2015-12-20,26,SAC,A,TOR,10,0,23:53,3,6,0.5,0,0,NA,1,4,0.25,2,5,7,0,0,1,0,3,7,5.2,-17,17.8
Kosta Koufos,28,28,2015-12-21,26,SAC,A,WAS,-14,0,18:53,3,6,0.5,0,0,NA,0,0,NA,2,3,5,0,0,1,1,2,6,4.2,0,13.8
Kosta Koufos,29,29,2015-12-23,26,SAC,A,IND,2,0,18:35,2,5,0.4,0,0,NA,0,0,NA,1,2,3,0,1,0,0,3,4,2.4,14,9.8
Kosta Koufos,30,30,2015-12-27,26,SAC,H,POR,-4,0,14:49,2,4,0.5,0,0,NA,0,0,NA,0,1,1,0,0,0,1,4,4,-0.3,-11,4.8
Kosta Koufos,32,31,2015-12-30,26,SAC,H,PHI,-5,0,11:51,2,3,0.667,0,0,NA,1,2,0.5,0,0,0,0,0,0,0,2,5,2.5,4,5
Kosta Koufos,33,32,2016-01-02,26,SAC,H,PHO,23,0,15:05,3,3,1,0,0,NA,2,5,0.4,1,6,7,0,0,1,1,2,8,7.3,-1,18.3
Kosta Koufos,34,33,2016-01-04,26,SAC,A,OKC,12,0,28:42,3,5,0.6,0,0,NA,2,2,1,3,5,8,1,0,4,2,3,8,9.6,27,26.5
Kosta Koufos,35,34,2016-01-05,26,SAC,A,DAL,-1,0,17:13,0,0,NA,0,0,NA,0,0,NA,1,3,4,1,0,0,2,2,0,-0.5,-3,5.5
Kosta Koufos,36,35,2016-01-07,26,SAC,H,LAL,3,0,19:34,7,9,0.778,0,0,NA,0,0,NA,2,0,2,0,0,1,0,4,14,11,-16,18.5
Kosta Koufos,37,36,2016-01-09,26,SAC,H,GSW,-12,0,12:02,1,3,0.333,0,0,NA,0,0,NA,1,0,1,1,1,2,1,1,2,2.7,-5,10.3
Kosta Koufos,38,37,2016-01-13,26,SAC,H,NOP,-12,0,18:41,4,6,0.667,0,0,NA,1,2,0.5,5,5,10,0,0,0,2,2,9,8.2,-8,20.5
Kosta Koufos,39,38,2016-01-14,26,SAC,A,UTA,2,0,15:27,0,2,0,0,0,NA,0,0,NA,4,3,7,0,2,0,1,1,0,2.9,-3,12.3
Kosta Koufos,40,39,2016-01-16,26,SAC,A,LAC,7,0,14:28,1,3,0.333,0,0,NA,0,2,0,2,5,7,0,0,0,1,1,2,1,-3,10.3
Kosta Koufos,41,40,2016-01-20,26,SAC,A,LAL,19,0,12:55,2,4,0.5,0,0,NA,0,0,NA,2,5,7,0,0,2,2,3,4,3.1,-2,15.8
Kosta Koufos,42,41,2016-01-21,26,SAC,H,ATL,3,0,14:59,2,5,0.4,0,0,NA,2,2,1,4,2,6,0,0,0,1,2,6,4.9,1,13
Kosta Koufos,43,42,2016-01-23,26,SAC,H,IND,11,0,20:49,3,7,0.429,0,0,NA,3,4,0.75,1,3,4,2,0,0,2,3,9,4.7,-8,16
Kosta Koufos,44,43,2016-01-25,26,SAC,H,CHO,-1,0,9:19,0,1,0,0,0,NA,0,0,NA,0,3,3,0,0,1,0,2,0,0.1,-11,5.8
Kosta Koufos,45,44,2016-01-26,26,SAC,A,POR,-15,0,15:30,3,5,0.6,0,0,NA,0,0,NA,0,2,2,0,1,0,0,2,6,4.5,-8,10.5
Kosta Koufos,46,45,2016-01-28,26,SAC,A,NOP,-9,0,7:20,0,2,0,0,0,NA,0,0,NA,0,1,1,1,0,2,0,3,0,-0.2,-1,6.8
Kosta Koufos,47,46,2016-01-30,26,SAC,A,MEM,-4,0,13:45,2,5,0.4,0,0,NA,0,0,NA,3,2,5,1,0,0,0,3,4,3.5,-11,11.8
Kosta Koufos,48,47,2016-02-01,26,SAC,H,MIL,7,1,30:11,3,9,0.333,0,0,NA,1,2,0.5,5,6,11,0,1,1,2,5,7,4.5,10,23.8
Kosta Koufos,49,48,2016-02-03,26,SAC,H,CHI,-5,0,15:20,0,1,0,0,0,NA,0,0,NA,0,5,5,1,0,2,0,1,0,2.5,-3,11.8
Kosta Koufos,50,49,2016-02-05,26,SAC,A,BRK,-9,0,12:08,2,3,0.667,0,0,NA,0,0,NA,2,1,3,0,1,0,0,1,4,5,-14,9.8
Kosta Koufos,51,50,2016-02-07,26,SAC,A,BOS,-9,0,21:09,3,4,0.75,0,0,NA,3,4,0.75,1,2,3,2,3,1,0,1,9,13,6,23.8
Kosta Koufos,52,51,2016-02-08,26,SAC,A,CLE,-20,0,18:47,4,5,0.8,0,0,NA,0,1,0,3,4,7,1,1,1,0,2,8,10.6,0,22.3
Kosta Koufos,53,52,2016-02-10,26,SAC,A,PHI,4,0,14:48,4,5,0.8,0,0,NA,0,0,NA,1,1,2,1,0,1,0,2,8,7.7,0,14
Kosta Koufos,54,53,2016-02-19,26,SAC,H,DEN,6,0,9:32,0,1,0,0,0,NA,0,0,NA,0,0,0,0,0,1,1,2,0,-1.8,1,1.5
Kosta Koufos,55,54,2016-02-23,26,SAC,A,DEN,4,0,11:54,3,4,0.75,0,0,NA,0,0,NA,1,3,4,0,0,1,0,0,6,6.7,-7,13
Kosta Koufos,56,55,2016-02-24,27,SAC,H,SAS,-16,0,7:43,0,2,0,0,0,NA,0,0,NA,0,2,2,0,0,0,0,1,0,-1.2,-9,2.5
Kosta Koufos,57,56,2016-02-26,27,SAC,H,LAC,-10,0,11:00,0,2,0,0,0,NA,0,0,NA,2,1,3,1,0,0,1,1,0,-0.4,3,4.8
Kosta Koufos,58,57,2016-02-29,27,SAC,H,OKC,-15,0,13:53,1,5,0.2,0,0,NA,1,2,0.5,3,2,5,0,0,0,0,0,3,2.2,-5,9.3
Kosta Koufos,59,58,2016-03-02,27,SAC,A,MEM,-6,0,16:32,1,5,0.2,0,0,NA,0,0,NA,3,1,4,1,0,0,0,4,2,0.4,-2,8.5
Kosta Koufos,60,59,2016-03-03,27,SAC,A,DAL,3,0,11:45,0,0,NA,0,0,NA,0,0,NA,2,2,4,2,0,1,0,0,0,4.1,6,10
Kosta Koufos,62,60,2016-03-07,27,SAC,A,NOP,-3,0,6:52,0,1,0,0,0,NA,0,0,NA,0,0,0,0,1,0,0,3,0,-0.9,-12,2
Kosta Koufos,63,61,2016-03-09,27,SAC,H,CLE,-9,0,10:49,2,2,1,0,0,NA,1,2,0.5,1,3,4,0,1,0,0,2,5,5.8,3,12
Kosta Koufos,64,62,2016-03-11,27,SAC,H,ORL,-7,0,23:52,8,10,0.8,0,0,NA,3,3,1,3,1,4,0,1,2,0,3,19,18.8,-3,30
Kosta Koufos,65,63,2016-03-13,27,SAC,H,UTA,-9,0,12:42,2,6,0.333,0,0,NA,0,0,NA,0,4,4,0,0,2,0,2,4,2.4,1,13
Kosta Koufos,66,64,2016-03-15,27,SAC,A,LAL,8,0,11:54,3,4,0.75,0,0,NA,0,1,0,2,2,4,0,0,0,0,0,6,6,-3,11
Kosta Koufos,67,65,2016-03-16,27,SAC,H,NOP,-15,0,4:35,1,1,1,0,0,NA,0,0,NA,0,0,0,0,0,0,1,1,2,0.3,-1,1.5
Kosta Koufos,68,66,2016-03-18,27,SAC,A,DET,-7,0,17:15,4,5,0.8,0,0,NA,1,2,0.5,1,4,5,0,0,1,0,1,9,8.9,5,17.3
Kosta Koufos,69,67,2016-03-20,27,SAC,A,NYK,8,0,16:41,3,5,0.6,0,0,NA,0,0,NA,2,2,4,0,0,0,1,1,6,4.3,3,10.5
Kosta Koufos,70,68,2016-03-21,27,SAC,A,CHI,-7,0,11:32,1,3,0.333,0,0,NA,0,0,NA,1,2,3,0,0,0,0,2,2,0.8,7,5.8
Kosta Koufos,71,69,2016-03-23,27,SAC,A,MIN,-9,1,37:45,7,16,0.438,0,0,NA,1,4,0.25,8,7,15,0,0,2,2,4,15,10.9,-18,38.3
Kosta Koufos,73,70,2016-03-27,27,SAC,H,DAL,22,0,15:03,5,6,0.833,0,0,NA,0,0,NA,1,5,6,0,0,2,0,3,10,10.2,10,21.5
Kosta Koufos,74,71,2016-03-28,27,SAC,A,POR,-12,1,31:33,5,12,0.417,0,0,NA,0,0,NA,3,4,7,1,2,1,1,2,10,8.5,-18,25.8
Kosta Koufos,75,72,2016-03-30,27,SAC,H,WAS,9,0,15:39,5,5,1,0,0,NA,2,2,1,0,2,2,0,0,0,1,1,12,9.7,7,14
Kosta Koufos,76,73,2016-04-01,27,SAC,H,MIA,-6,0,22:13,6,11,0.545,0,0,NA,0,2,0,6,3,9,2,0,2,2,4,12,10.2,-3,29.3
Kosta Koufos,77,74,2016-04-02,27,SAC,A,DEN,9,0,31:08,6,10,0.6,0,0,NA,1,3,0.333,0,7,7,1,1,2,0,1,13,12.4,14,29.3
Kosta Koufos,79,75,2016-04-07,27,SAC,H,MIN,-8,1,20:43,1,7,0.143,0,0,NA,0,0,NA,6,4,10,2,1,0,0,4,2,3.7,-3,19.5
Kosta Koufos,80,76,2016-04-09,27,SAC,H,OKC,2,0,16:59,4,5,0.8,0,0,NA,0,0,NA,2,2,4,1,0,1,1,4,8,6.9,12,16
Kosta Koufos,81,77,2016-04-11,27,SAC,A,PHO,4,1,34:46,8,14,0.571,0,0,NA,3,7,0.429,1,7,8,2,2,2,2,4,19,14.8,-3,39
Kosta Koufos,82,78,2016-04-13,27,SAC,A,HOU,-35,1,33:25,6,13,0.462,0,0,NA,0,0,NA,4,7,11,1,1,2,0,3,12,12.1,-16,34.8
Willie Cauley-Stein,1,1,2015-10-28,22,SAC,H,LAC,-7,0,7:51,1,2,0.5,0,0,NA,0,0,NA,1,1,2,0,0,0,0,0,2,2,1,4.5
Willie Cauley-Stein,2,2,2015-10-30,22,SAC,H,LAL,18,1,30:11,7,8,0.875,0,0,NA,3,5,0.6,3,6,9,1,1,3,2,5,17,17.1,23,36.8
Willie Cauley-Stein,3,3,2015-10-31,22,SAC,A,LAC,-5,1,22:48,3,5,0.6,0,0,NA,2,4,0.5,5,4,9,0,3,1,2,5,8,9.3,4,26.3
Willie Cauley-Stein,4,4,2015-11-03,22,SAC,H,MEM,-14,1,34:02,3,4,0.75,0,0,NA,3,6,0.5,3,4,7,1,1,1,1,3,9,9.7,-15,22.8
Willie Cauley-Stein,5,5,2015-11-04,22,SAC,A,PHO,-21,1,16:19,0,0,NA,0,0,NA,0,0,NA,0,4,4,0,0,1,0,1,0,1.5,-5,7
Willie Cauley-Stein,6,6,2015-11-06,22,SAC,H,HOU,-6,0,22:02,3,5,0.6,0,0,NA,1,2,0.5,4,5,9,1,2,2,0,4,7,11.1,22,27.8
Willie Cauley-Stein,7,7,2015-11-07,22,SAC,H,GSW,-9,0,19:46,3,4,0.75,0,0,NA,0,0,NA,1,0,1,1,1,0,1,2,6,5,4,10.3
Willie Cauley-Stein,8,8,2015-11-09,22,SAC,H,SAS,-18,1,22:14,2,3,0.667,0,0,NA,0,0,NA,1,5,6,0,1,0,0,2,4,5.1,-6,13.5
Willie Cauley-Stein,9,9,2015-11-11,22,SAC,H,DET,9,1,16:05,2,3,0.667,0,0,NA,0,0,NA,3,2,5,0,1,1,1,2,4,5.3,10,13.8
Willie Cauley-Stein,10,10,2015-11-13,22,SAC,H,BRK,2,1,18:04,0,0,NA,0,0,NA,1,2,0.5,0,9,9,0,1,1,1,0,1,4,1,15.8
Willie Cauley-Stein,11,11,2015-11-15,22,SAC,H,TOR,6,1,8:21,0,0,NA,0,0,NA,0,0,NA,1,3,4,0,0,1,1,1,0,0.9,3,6.5
Willie Cauley-Stein,12,12,2015-11-18,22,SAC,A,ATL,-6,0,14:09,0,2,0,0,0,NA,0,0,NA,1,4,5,0,0,0,0,2,0,-0.3,8,6.3
Willie Cauley-Stein,13,13,2015-11-19,22,SAC,A,MIA,-7,0,22:28,5,7,0.714,0,0,NA,1,2,0.5,2,3,5,0,0,2,3,6,11,6,-11,19.8
Willie Cauley-Stein,14,14,2015-11-21,22,SAC,A,ORL,6,1,17:16,1,5,0.2,0,0,NA,0,0,NA,3,2,5,0,0,2,0,3,2,1.8,-11,12.3
Willie Cauley-Stein,15,15,2015-11-23,22,SAC,A,CHO,-5,1,8:21,0,0,NA,0,0,NA,0,0,NA,0,1,1,1,0,0,0,0,0,1,1,2.8
Willie Cauley-Stein,16,16,2015-11-25,22,SAC,A,MIL,11,1,23:23,3,4,0.75,0,0,NA,1,2,0.5,1,4,5,0,0,3,0,2,7,8.2,-3,19.3
Willie Cauley-Stein,17,17,2015-11-27,22,SAC,H,MIN,-10,1,24:47,3,5,0.6,0,0,NA,0,2,0,1,2,3,0,0,1,0,0,6,4.9,-8,11.8
Willie Cauley-Stein,18,18,2015-11-28,22,SAC,A,GSW,-19,0,20:05,1,5,0.2,0,0,NA,1,2,0.5,2,2,4,1,1,2,0,5,3,2.6,2,15.5
Willie Cauley-Stein,19,19,2015-11-30,22,SAC,H,DAL,14,1,12:19,0,0,NA,0,0,NA,1,2,0.5,3,2,5,0,0,0,1,3,1,1.1,3,6.8
Willie Cauley-Stein,20,20,2015-12-03,22,SAC,H,BOS,-17,1,17:40,2,2,1,0,0,NA,4,6,0.667,1,4,5,1,0,1,1,3,8,7.7,11,17.3
Willie Cauley-Stein,33,21,2016-01-02,22,SAC,H,PHO,23,0,4:50,2,3,0.667,0,0,NA,0,0,NA,3,2,5,1,0,0,0,0,4,6.1,1,11.8
Willie Cauley-Stein,34,22,2016-01-04,22,SAC,A,OKC,12,0,15:15,3,4,0.75,0,0,NA,2,4,0.5,2,1,3,0,0,1,0,1,8,7.6,9,13.8
Willie Cauley-Stein,37,23,2016-01-09,22,SAC,H,GSW,-12,0,9:19,4,6,0.667,0,0,NA,2,4,0.5,1,0,1,0,0,0,0,2,10,6.5,-4,11.3
Willie Cauley-Stein,38,24,2016-01-13,22,SAC,H,NOP,-12,0,15:55,1,1,1,0,0,NA,0,0,NA,1,4,5,0,0,3,1,2,2,3.9,14,13.8
Willie Cauley-Stein,39,25,2016-01-14,22,SAC,A,UTA,2,1,23:43,4,6,0.667,0,0,NA,1,2,0.5,2,6,8,0,1,1,0,4,9,9.3,2,23
Willie Cauley-Stein,40,26,2016-01-16,22,SAC,A,LAC,7,1,12:32,0,3,0,0,0,NA,2,4,0.5,0,4,4,1,0,3,0,0,2,3.1,-4,14.5
Willie Cauley-Stein,41,27,2016-01-20,22,SAC,A,LAL,19,1,29:25,5,8,0.625,0,0,NA,2,4,0.5,4,6,10,1,2,2,0,4,12,14.7,-1,35.5
Willie Cauley-Stein,42,28,2016-01-21,22,SAC,H,ATL,3,1,30:01,5,8,0.625,0,0,NA,2,2,1,5,6,11,0,2,0,0,1,12,15.3,1,31.3
Willie Cauley-Stein,43,29,2016-01-23,22,SAC,H,IND,11,1,34:14,3,6,0.5,0,0,NA,0,0,NA,5,7,12,2,2,1,1,2,6,10.9,13,29.5
Willie Cauley-Stein,44,30,2016-01-25,22,SAC,H,CHO,-1,1,38:12,4,8,0.5,0,0,NA,1,2,0.5,4,5,9,0,1,1,3,5,9,5.6,-13,22.8
Willie Cauley-Stein,45,31,2016-01-26,22,SAC,A,POR,-15,1,29:32,5,8,0.625,0,0,NA,2,2,1,3,4,7,1,1,4,0,4,12,14.6,-4,32.3
Willie Cauley-Stein,46,32,2016-01-28,22,SAC,A,NOP,-9,1,14:55,1,2,0.5,0,0,NA,4,4,1,0,1,1,1,0,1,0,2,6,5.9,-9,10.8
Willie Cauley-Stein,47,33,2016-01-30,22,SAC,A,MEM,-4,1,15:57,1,3,0.333,0,0,NA,0,0,NA,2,3,5,0,1,0,0,3,2,2.4,-6,10.3
Willie Cauley-Stein,48,34,2016-02-01,22,SAC,H,MIL,7,1,28:30,2,4,0.5,0,0,NA,0,0,NA,4,6,10,0,0,2,3,1,4,4.6,8,19
Willie Cauley-Stein,49,35,2016-02-03,22,SAC,H,CHI,-5,1,17:42,1,4,0.25,0,0,NA,0,0,NA,2,3,5,0,0,2,0,3,2,2.1,-12,12.3
Willie Cauley-Stein,50,36,2016-02-05,22,SAC,A,BRK,-9,1,28:53,7,8,0.875,0,0,NA,2,2,1,2,4,6,0,1,1,2,3,16,14.3,6,26.5
Willie Cauley-Stein,51,37,2016-02-07,22,SAC,A,BOS,-9,1,23:20,7,9,0.778,0,0,NA,1,1,1,3,1,4,0,1,1,1,4,15,13,-15,23.5
Willie Cauley-Stein,52,38,2016-02-08,22,SAC,A,CLE,-20,1,29:32,6,9,0.667,0,0,NA,1,2,0.5,2,2,4,1,0,0,2,2,13,8.6,-17,18.5
Willie Cauley-Stein,53,39,2016-02-10,22,SAC,A,PHI,4,1,17:15,1,3,0.333,0,0,NA,1,2,0.5,2,1,3,1,0,0,0,0,3,3.3,-14,8.3
Willie Cauley-Stein,54,40,2016-02-19,22,SAC,H,DEN,6,0,14:22,5,5,1,0,0,NA,0,0,NA,1,2,3,0,0,3,1,0,10,10.9,-4,19.3
Willie Cauley-Stein,55,41,2016-02-23,22,SAC,A,DEN,4,0,23:26,4,7,0.571,0,0,NA,2,2,1,2,3,5,1,1,2,0,1,10,11.7,1,23.8
Willie Cauley-Stein,56,42,2016-02-24,22,SAC,H,SAS,-16,0,17:38,6,10,0.6,0,0,NA,0,0,NA,3,3,6,0,2,0,0,1,12,12,-24,23.5
Willie Cauley-Stein,57,43,2016-02-26,22,SAC,H,LAC,-10,0,23:43,1,2,0.5,0,0,NA,2,2,1,3,3,6,1,0,0,0,3,4,5.5,-2,13
Willie Cauley-Stein,58,44,2016-02-29,22,SAC,H,OKC,-15,0,16:14,2,4,0.5,0,0,NA,2,2,1,1,1,2,0,1,0,1,1,6,4.6,-6,10
Willie Cauley-Stein,59,45,2016-03-02,22,SAC,A,MEM,-6,0,19:31,4,4,1,0,0,NA,0,0,NA,1,3,4,0,1,0,0,1,8,9,4,15
Willie Cauley-Stein,60,46,2016-03-03,22,SAC,A,DAL,3,0,5:55,1,2,0.5,0,0,NA,0,0,NA,0,1,1,0,0,0,0,0,2,1.3,0,3.3
Willie Cauley-Stein,61,47,2016-03-05,22,SAC,A,SAS,-10,0,11:32,0,3,0,0,0,NA,1,2,0.5,0,0,0,0,0,0,0,2,1,-2.3,-6,1
Willie Cauley-Stein,62,48,2016-03-07,22,SAC,A,NOP,-3,0,5:30,0,2,0,0,0,NA,0,0,NA,0,0,0,0,0,0,0,1,0,-1.8,-14,0
Willie Cauley-Stein,63,49,2016-03-09,22,SAC,H,CLE,-9,0,11:38,2,2,1,0,0,NA,0,0,NA,0,1,1,0,0,0,0,4,4,2.1,1,5.3
Willie Cauley-Stein,64,50,2016-03-11,22,SAC,H,ORL,-7,1,20:51,4,9,0.444,0,0,NA,4,4,1,2,4,6,1,0,1,2,1,12,8.9,-3,22
Willie Cauley-Stein,65,51,2016-03-13,22,SAC,H,UTA,-9,0,28:49,4,6,0.667,0,0,NA,2,6,0.333,2,5,7,0,1,1,0,1,10,10,4,22.8
Willie Cauley-Stein,66,52,2016-03-15,22,SAC,A,LAL,8,1,31:47,3,3,1,0,0,NA,2,2,1,0,7,7,0,1,1,0,2,8,10.1,17,20.8
Willie Cauley-Stein,67,53,2016-03-16,22,SAC,H,NOP,-15,1,24:03,1,5,0.2,0,0,NA,0,0,NA,3,4,7,2,0,0,0,1,2,3.2,-15,13.8
Willie Cauley-Stein,70,54,2016-03-21,22,SAC,A,CHI,-7,0,4:58,0,2,0,0,0,NA,0,0,NA,1,0,1,0,0,0,1,0,0,-1.7,-3,0.8
Willie Cauley-Stein,71,55,2016-03-23,22,SAC,A,MIN,-9,0,21:29,1,4,0.25,0,0,NA,0,0,NA,1,4,5,0,0,1,0,2,2,1.4,12,10.3
Willie Cauley-Stein,72,56,2016-03-25,22,SAC,H,PHO,22,0,29:00,11,19,0.579,0,2,0,4,6,0.667,3,3,6,0,3,2,3,5,26,18.7,7,42
Willie Cauley-Stein,73,57,2016-03-27,22,SAC,H,DAL,22,0,28:19,8,11,0.727,0,0,NA,5,5,1,2,5,7,2,0,0,2,2,21,18,9,31.8
Willie Cauley-Stein,74,58,2016-03-28,22,SAC,A,POR,-12,0,33:27,6,12,0.5,0,0,NA,1,2,0.5,6,8,14,2,1,0,1,2,13,13.8,0,36.5
Willie Cauley-Stein,75,59,2016-03-30,22,SAC,H,WAS,9,0,23:18,3,7,0.429,0,0,NA,0,2,0,2,3,5,0,1,1,0,1,6,5.1,5,16.3
Willie Cauley-Stein,76,60,2016-04-01,22,SAC,H,MIA,-6,1,22:08,1,6,0.167,0,0,NA,2,2,1,2,2,4,1,0,2,0,1,4,3.9,-2,14.5
Willie Cauley-Stein,77,61,2016-04-02,22,SAC,A,DEN,9,1,38:44,5,7,0.714,0,0,NA,4,4,1,3,6,9,3,1,2,1,5,14,16.5,6,35.3
Willie Cauley-Stein,78,62,2016-04-05,22,SAC,H,POR,-8,1,33:31,3,7,0.429,0,0,NA,3,5,0.6,2,3,5,0,1,3,0,4,9,8.3,-9,23.3
Willie Cauley-Stein,79,63,2016-04-07,22,SAC,H,MIN,-8,1,32:45,6,12,0.5,0,0,NA,3,3,1,4,2,6,0,3,0,2,5,15,11.4,5,27.5
Willie Cauley-Stein,80,64,2016-04-09,22,SAC,H,OKC,2,1,21:10,2,2,1,0,0,NA,0,2,0,3,1,4,2,3,0,0,1,4,9,-15,18
Willie Cauley-Stein,81,65,2016-04-11,22,SAC,A,PHO,4,1,39:10,4,9,0.444,0,0,NA,3,4,0.75,1,6,7,3,2,1,3,2,11,9.4,3,28.8
Willie Cauley-Stein,82,66,2016-04-13,22,SAC,A,HOU,-35,1,31:20,3,10,0.3,0,0,NA,0,0,NA,3,5,8,3,2,1,2,5,6,4.6,-37,25.5
Eric Moreland,2,1,2015-10-30,23,SAC,H,LAL,18,0,3:44,1,1,1,0,0,NA,0,0,NA,0,1,1,0,0,1,0,0,2,2.7,-3,5.3
Eric Moreland,4,2,2015-11-03,23,SAC,H,MEM,-14,0,4:15,0,1,0,0,0,NA,0,2,0,0,1,1,0,0,0,0,0,0,-1.2,5,1.3
Eric Moreland,5,3,2015-11-04,23,SAC,A,PHO,-21,0,3:20,0,0,NA,0,0,NA,0,0,NA,1,0,1,0,0,0,0,0,0,0.7,-1,1.3
Eric Moreland,18,4,2015-11-28,23,SAC,A,GSW,-19,0,8:52,1,1,1,0,0,NA,0,0,NA,0,1,1,0,0,3,0,0,2,4.1,7,9.3
Eric Moreland,20,5,2015-12-03,23,SAC,H,BOS,-17,0,4:18,0,0,NA,0,0,NA,0,0,NA,0,2,2,0,0,0,0,2,0,-0.2,4,2.5
Eric Moreland,78,6,2016-04-05,24,SAC,H,POR,-8,0,6:14,0,0,NA,0,0,NA,0,0,NA,0,1,1,0,0,0,1,1,0,-1.1,2,0.8
Eric Moreland,79,7,2016-04-07,24,SAC,H,MIN,-8,0,12:25,1,2,0.5,0,0,NA,2,2,1,0,1,1,0,0,0,2,0,4,1.3,0,4.3
Eric Moreland,82,8,2016-04-13,24,SAC,A,HOU,-35,0,4:27,0,1,0,0,0,NA,0,0,NA,2,1,3,1,0,0,0,1,0,1.3,-8,5.3
Quincy Acy,5,1,2015-11-04,25,SAC,A,PHO,-21,0,3:31,0,0,NA,0,0,NA,0,0,NA,0,1,1,1,0,0,0,0,0,1,-1,2.8
Quincy Acy,7,2,2015-11-07,25,SAC,H,GSW,-9,1,14:53,1,1,1,0,0,NA,1,2,0.5,0,3,3,2,0,1,1,0,3,4.3,8,11.3
Quincy Acy,8,3,2015-11-09,25,SAC,H,SAS,-18,0,3:28,1,1,1,1,1,1,0,0,NA,0,0,0,0,0,0,0,0,3,2.7,2,3.5
Quincy Acy,10,4,2015-11-13,25,SAC,H,BRK,2,0,19:10,1,2,0.5,0,0,NA,1,2,0.5,0,1,1,0,2,0,1,0,3,2.9,13,7.8
Quincy Acy,11,5,2015-11-15,25,SAC,H,TOR,6,0,14:38,1,2,0.5,0,0,NA,0,0,NA,0,3,3,1,0,0,0,3,2,1.4,-5,7.3
Quincy Acy,12,6,2015-11-18,25,SAC,A,ATL,-6,1,15:57,0,0,NA,0,0,NA,0,0,NA,0,1,1,1,0,1,1,3,0,-0.5,-10,4.3
Quincy Acy,13,7,2015-11-19,25,SAC,A,MIA,-7,0,5:21,0,1,0,0,1,0,0,0,NA,1,0,1,0,0,0,0,0,0,0,-1,1.3
Quincy Acy,17,8,2015-11-27,25,SAC,H,MIN,-10,0,9:21,0,1,0,0,1,0,1,2,0.5,0,1,1,0,0,0,0,3,1,-1,-8,2.3
Quincy Acy,18,9,2015-11-28,25,SAC,A,GSW,-19,0,15:08,4,7,0.571,1,1,1,0,0,NA,4,3,7,1,0,0,1,3,9,7.9,-12,19.3
Quincy Acy,20,10,2015-12-03,25,SAC,H,BOS,-17,0,6:47,1,4,0.25,0,0,NA,0,0,NA,1,0,1,0,1,0,0,0,2,1.3,-7,5.3
Quincy Acy,21,11,2015-12-05,25,SAC,A,HOU,-7,0,3:42,1,2,0.5,0,0,NA,0,0,NA,1,0,1,0,0,0,0,2,2,0.9,-6,3.3
Quincy Acy,25,12,2015-12-15,25,SAC,H,HOU,10,0,0:55,0,1,0,0,1,0,0,0,NA,0,0,0,0,0,0,0,0,0,-0.7,-3,0
Quincy Acy,31,13,2015-12-28,25,SAC,A,GSW,-19,0,24:42,3,7,0.429,1,2,0.5,1,3,0.333,3,7,10,1,2,3,2,4,8,8.9,-9,31.5
Quincy Acy,32,14,2015-12-30,25,SAC,H,PHI,-5,0,9:08,0,1,0,0,0,NA,2,2,1,2,3,5,0,1,0,0,1,2,4.2,6,10.3
Quincy Acy,33,15,2016-01-02,25,SAC,H,PHO,23,0,4:17,1,2,0.5,0,0,NA,0,0,NA,0,0,0,0,1,0,0,1,2,1.6,0,4
Quincy Acy,34,16,2016-01-04,25,SAC,A,OKC,12,1,5:07,0,0,NA,0,0,NA,0,0,NA,1,0,1,0,0,0,0,1,0,0.3,-6,1.3
Quincy Acy,35,17,2016-01-05,25,SAC,A,DAL,-1,1,16:05,4,4,1,1,1,1,3,3,1,3,3,6,0,1,0,0,3,12,13.6,-5,22
Quincy Acy,36,18,2016-01-07,25,SAC,H,LAL,3,1,24:59,8,9,0.889,0,0,NA,2,3,0.667,2,2,4,0,1,2,0,1,18,18.5,16,29
Quincy Acy,37,19,2016-01-09,25,SAC,H,GSW,-12,1,21:52,3,4,0.75,0,0,NA,3,3,1,1,2,3,0,0,0,0,3,9,7.5,-8,12.8
Quincy Acy,38,20,2016-01-13,25,SAC,H,NOP,-12,1,8:46,0,1,0,0,0,NA,0,0,NA,0,2,2,1,0,1,0,0,0,1.3,-1,6
Quincy Acy,41,21,2016-01-20,25,SAC,A,LAL,19,0,1:56,1,2,0.5,0,0,NA,0,0,NA,0,0,0,0,0,0,0,0,2,1,1,2
Quincy Acy,42,22,2016-01-21,25,SAC,H,ATL,3,0,11:29,1,2,0.5,0,0,NA,2,2,1,0,1,1,0,0,0,0,1,4,2.9,-10,5.3
Quincy Acy,45,23,2016-01-26,25,SAC,A,POR,-15,0,16:39,2,4,0.5,0,0,NA,0,0,NA,3,3,6,1,1,0,1,1,4,5.3,-3,14.5
Quincy Acy,46,24,2016-01-28,25,SAC,A,NOP,-9,0,18:51,1,3,0.333,1,2,0.5,0,0,NA,2,7,9,0,0,0,1,2,3,3,3,14.3
Quincy Acy,47,25,2016-01-30,25,SAC,A,MEM,-4,0,10:57,3,3,1,0,0,NA,0,0,NA,2,1,3,0,0,0,0,2,6,6,4,9.8
Quincy Acy,48,26,2016-02-01,25,SAC,H,MIL,7,0,17:27,2,7,0.286,0,1,0,0,0,NA,7,1,8,1,0,0,0,2,4,5,-3,15.5
Quincy Acy,50,27,2016-02-05,25,SAC,A,BRK,-9,0,6:08,0,0,NA,0,0,NA,0,0,NA,0,0,0,0,0,1,0,0,0,0.7,-4,2
Quincy Acy,51,28,2016-02-07,25,SAC,A,BOS,-9,0,3:14,0,0,NA,0,0,NA,0,0,NA,1,0,1,0,0,0,0,0,0,0.7,-2,1.3
Quincy Acy,52,29,2016-02-08,25,SAC,A,CLE,-20,0,4:38,1,2,0.5,0,0,NA,1,1,1,1,0,1,0,1,0,0,0,3,3.7,-2,6.3
Quincy Acy,53,30,2016-02-10,25,SAC,A,PHI,4,0,14:49,2,3,0.667,0,1,0,2,2,1,3,1,4,0,0,2,1,3,6,6.3,13,14.5
Quincy Acy,54,31,2016-02-19,25,SAC,H,DEN,6,1,14:54,0,0,NA,0,0,NA,0,0,NA,0,3,3,0,0,0,1,1,0,-0.5,2,3.3
Quincy Acy,55,32,2016-02-23,25,SAC,A,DEN,4,1,12:53,0,2,0,0,0,NA,0,0,NA,0,3,3,0,0,3,0,1,0,1.2,-1,9.8
Quincy Acy,56,33,2016-02-24,25,SAC,H,SAS,-16,1,23:00,6,9,0.667,1,1,1,2,2,1,0,2,2,0,2,0,1,4,15,11.1,13,21.5
Quincy Acy,57,34,2016-02-26,25,SAC,H,LAC,-10,1,15:21,1,1,1,0,0,NA,2,4,0.5,0,0,0,0,0,1,0,3,4,2.4,-12,6
Quincy Acy,58,35,2016-02-29,25,SAC,H,OKC,-15,1,27:54,5,9,0.556,0,1,0,0,0,NA,4,0,4,2,3,0,0,3,10,11.7,-16,24
Quincy Acy,59,36,2016-03-02,25,SAC,A,MEM,-6,1,26:04,5,6,0.833,0,1,0,1,2,0.5,1,2,3,1,1,0,1,5,11,8.4,-5,17.8
Quincy Acy,60,37,2016-03-03,25,SAC,A,DAL,3,1,16:21,2,2,1,0,0,NA,0,0,NA,0,3,3,0,0,0,2,1,4,1.9,1,6.8
Quincy Acy,61,38,2016-03-05,25,SAC,A,SAS,-10,1,30:39,7,7,1,2,2,1,0,0,NA,1,6,7,1,1,0,1,4,16,15.5,-10,28.8
Quincy Acy,62,39,2016-03-07,25,SAC,A,NOP,-3,1,19:31,1,2,0.5,0,1,0,0,0,NA,2,6,8,2,0,0,0,3,2,4.4,1,15
Quincy Acy,63,40,2016-03-09,25,SAC,H,CLE,-9,1,21:15,3,5,0.6,0,1,0,2,2,1,0,4,4,0,0,1,0,3,8,6.4,-6,15
Quincy Acy,64,41,2016-03-11,25,SAC,H,ORL,-7,1,14:28,1,2,0.5,0,0,NA,1,1,1,1,3,4,1,0,0,1,2,3,2.5,-15,9
Quincy Acy,65,42,2016-03-13,25,SAC,H,UTA,-9,1,10:49,1,2,0.5,0,0,NA,0,0,NA,0,1,1,0,0,0,0,2,2,0.5,-17,3.3
Quincy Acy,66,43,2016-03-15,25,SAC,A,LAL,8,0,5:28,0,1,0,0,1,0,1,2,0.5,0,1,1,0,0,0,0,0,1,0.2,-5,2.3
Quincy Acy,67,44,2016-03-16,25,SAC,H,NOP,-15,0,13:39,2,2,1,0,0,NA,1,2,0.5,0,1,1,0,1,0,0,3,5,4.1,10,8.3
Quincy Acy,68,45,2016-03-18,25,SAC,A,DET,-7,1,17:50,1,3,0.333,0,0,NA,4,6,0.667,2,1,3,1,1,0,1,2,6,5.1,-6,12.8
Quincy Acy,69,46,2016-03-20,25,SAC,A,NYK,8,1,22:49,1,4,0.25,0,2,0,1,1,1,0,4,4,1,1,0,1,2,3,1.7,3,11
Quincy Acy,70,47,2016-03-21,25,SAC,A,CHI,-7,1,10:54,1,2,0.5,0,1,0,0,0,NA,0,1,1,0,0,0,0,2,2,0.5,-3,3.3
Quincy Acy,71,48,2016-03-23,25,SAC,A,MIN,-9,1,21:50,4,5,0.8,1,1,1,0,0,NA,2,0,2,1,0,0,1,3,9,7,-7,13
Quincy Acy,72,49,2016-03-25,25,SAC,H,PHO,22,1,18:34,4,9,0.444,2,5,0.4,4,4,1,0,7,7,0,0,2,1,4,14,10.2,9,27.3
Quincy Acy,73,50,2016-03-27,25,SAC,H,DAL,22,1,17:14,3,4,0.75,1,1,1,0,0,NA,1,2,3,0,2,0,0,1,7,8.3,8,15.3
Quincy Acy,74,51,2016-03-28,25,SAC,A,POR,-12,1,27:40,4,8,0.5,1,2,0.5,1,1,1,1,3,4,1,1,1,1,3,10,7.8,-4,20.5
Quincy Acy,75,52,2016-03-30,25,SAC,H,WAS,9,1,12:52,3,3,1,1,1,1,0,0,NA,1,4,5,0,1,0,0,1,7,8.6,3,15.8
Quincy Acy,76,53,2016-04-01,25,SAC,H,MIA,-6,1,13:38,2,6,0.333,0,2,0,0,0,NA,2,0,2,0,0,0,0,2,4,1.2,-10,6.5
Quincy Acy,77,54,2016-04-02,25,SAC,A,DEN,9,1,16:52,2,8,0.25,1,2,0.5,0,0,NA,2,4,6,2,0,1,0,2,5,4.1,-5,18
Quincy Acy,78,55,2016-04-05,25,SAC,H,POR,-8,0,15:20,3,5,0.6,2,2,1,0,0,NA,0,0,0,0,0,0,0,1,8,5.3,-15,9
Quincy Acy,79,56,2016-04-07,25,SAC,H,MIN,-8,0,27:50,7,12,0.583,1,3,0.333,2,2,1,3,3,6,1,0,1,1,3,17,13.6,-10,28
Quincy Acy,80,57,2016-04-09,25,SAC,H,OKC,2,0,21:00,3,5,0.6,0,1,0,1,2,0.5,3,5,8,0,1,0,1,1,7,7.5,16,18.5
Quincy Acy,81,58,2016-04-11,25,SAC,A,PHO,4,0,16:03,2,2,1,0,0,NA,5,6,0.833,1,0,1,1,1,2,3,2,9,8,8,16.3
Quincy Acy,82,59,2016-04-13,25,SAC,A,HOU,-35,0,29:17,3,12,0.25,1,6,0.167,3,6,0.5,0,8,8,2,2,1,1,0,10,7.1,-16,29
Rudy Gay,1,1,2015-10-28,29,SAC,H,LAC,-7,1,31:21,7,16,0.438,1,3,0.333,1,2,0.5,1,5,6,3,0,0,2,2,16,8.7,-2,27.5
Rudy Gay,2,2,2015-10-30,29,SAC,H,LAL,18,1,31:21,8,12,0.667,2,3,0.667,1,2,0.5,1,5,6,3,2,0,0,1,19,19.3,30,36
Rudy Gay,3,3,2015-10-31,29,SAC,A,LAC,-5,1,31:03,8,23,0.348,2,5,0.4,2,2,1,5,4,9,2,2,0,3,4,20,10.6,-4,37.8
Rudy Gay,4,4,2015-11-03,29,SAC,H,MEM,-14,1,32:00,7,17,0.412,1,4,0.25,4,4,1,1,4,5,3,1,0,2,3,19,11.7,-12,31.3
Rudy Gay,5,5,2015-11-04,29,SAC,A,PHO,-21,1,30:15,4,13,0.308,0,1,0,1,2,0.5,2,6,8,3,2,1,1,5,9,6.1,-7,29
Rudy Gay,6,6,2015-11-06,29,SAC,H,HOU,-6,1,25:39,5,15,0.333,1,2,0.5,4,6,0.667,1,4,5,2,1,0,2,4,15,6.4,-23,25.8
Rudy Gay,7,7,2015-11-07,29,SAC,H,GSW,-9,1,34:24,10,25,0.4,1,4,0.25,1,1,1,2,5,7,1,1,0,4,2,22,8.3,-8,32.8
Rudy Gay,8,8,2015-11-09,29,SAC,H,SAS,-18,1,32:08,5,15,0.333,0,2,0,0,0,NA,3,2,5,4,0,1,2,4,10,4.1,-31,23.3
Rudy Gay,9,9,2015-11-11,29,SAC,H,DET,9,1,39:22,10,14,0.714,1,2,0.5,4,5,0.8,0,6,6,3,1,0,2,2,25,20.9,20,38.5
Rudy Gay,11,10,2015-11-15,29,SAC,H,TOR,6,1,37:12,10,16,0.625,1,3,0.333,6,7,0.857,1,5,6,3,1,0,4,0,27,20.7,16,39.5
Rudy Gay,12,11,2015-11-18,29,SAC,A,ATL,-6,1,29:20,5,13,0.385,0,1,0,4,4,1,2,4,6,3,2,0,2,3,14,10.4,0,29
Rudy Gay,13,12,2015-11-19,29,SAC,A,MIA,-7,1,24:43,6,13,0.462,0,0,NA,1,1,1,2,10,12,2,1,0,1,3,13,10.9,1,34
Rudy Gay,15,13,2015-11-23,29,SAC,A,CHO,-5,1,42:02,13,21,0.619,2,4,0.5,0,1,0,1,9,10,0,1,0,3,4,28,17.9,-2,43.5
Rudy Gay,16,14,2015-11-25,29,SAC,A,MIL,11,1,36:05,13,21,0.619,2,5,0.4,8,9,0.889,1,4,5,2,1,1,0,4,36,29.5,13,50.3
Rudy Gay,17,15,2015-11-27,29,SAC,H,MIN,-10,1,26:49,1,13,0.077,0,3,0,0,0,NA,2,2,4,0,0,0,1,1,2,-6.1,-4,6.5
Rudy Gay,18,16,2015-11-28,29,SAC,A,GSW,-19,1,27:24,7,20,0.35,0,1,0,6,6,1,3,4,7,0,0,0,0,1,20,11.7,-21,28.8
Rudy Gay,19,17,2015-11-30,29,SAC,H,DAL,14,1,34:57,7,12,0.583,1,2,0.5,5,5,1,1,6,7,1,0,0,1,1,20,16.2,19,30.3
Rudy Gay,20,18,2015-12-03,29,SAC,H,BOS,-17,1,30:34,7,13,0.538,2,3,0.667,2,3,0.667,0,7,7,0,1,0,4,2,18,9.6,-15,27.8
Rudy Gay,21,19,2015-12-05,29,SAC,A,HOU,-7,1,30:50,6,12,0.5,1,3,0.333,2,2,1,3,3,6,2,2,0,1,5,15,12.4,-3,29.5
Rudy Gay,22,20,2015-12-06,29,SAC,A,OKC,-3,1,36:12,8,18,0.444,2,6,0.333,2,2,1,3,4,7,3,3,0,3,2,20,15.2,-3,38.8
Rudy Gay,23,21,2015-12-08,29,SAC,H,UTA,8,1,34:57,10,13,0.769,1,3,0.333,2,2,1,0,4,4,1,0,1,1,3,23,18.3,14,31.5
Rudy Gay,24,22,2015-12-10,29,SAC,H,NYK,2,1,39:32,4,16,0.25,1,4,0.25,1,1,1,4,4,8,2,1,3,3,3,10,4.7,0,30
Rudy Gay,25,23,2015-12-15,29,SAC,H,HOU,10,1,35:08,6,11,0.545,2,5,0.4,3,5,0.6,2,11,13,3,6,1,5,5,17,17.4,14,51.8
Rudy Gay,26,24,2015-12-18,29,SAC,A,MIN,-4,1,37:35,8,18,0.444,2,6,0.333,2,2,1,3,2,5,0,0,1,0,2,20,13.2,-11,29.3
Rudy Gay,27,25,2015-12-20,29,SAC,A,TOR,10,1,40:31,7,17,0.412,1,5,0.2,4,4,1,1,8,9,1,3,1,2,2,19,14.6,4,39.3
Rudy Gay,28,26,2015-12-21,29,SAC,A,WAS,-14,1,34:04,6,17,0.353,0,3,0,4,5,0.8,3,4,7,0,2,1,0,0,16,12.1,-18,30.8
Rudy Gay,29,27,2015-12-23,29,SAC,A,IND,2,1,34:30,9,16,0.563,0,5,0,1,2,0.5,1,2,3,2,1,1,0,1,19,15,-8,29.8
Rudy Gay,30,28,2015-12-27,29,SAC,H,POR,-4,1,33:46,2,12,0.167,0,1,0,3,4,0.75,3,11,14,1,0,1,2,4,7,2.2,-2,27
Rudy Gay,31,29,2015-12-28,29,SAC,A,GSW,-19,1,31:36,6,16,0.375,2,3,0.667,3,4,0.75,2,6,8,1,1,1,1,0,17,12.4,-21,33
Rudy Gay,32,30,2015-12-30,29,SAC,H,PHI,-5,1,31:52,4,9,0.444,0,2,0,1,4,0.25,0,7,7,1,0,2,3,2,9,3.5,-18,21.8
Rudy Gay,33,31,2016-01-02,29,SAC,H,PHO,23,1,33:33,8,16,0.5,0,2,0,0,0,NA,0,3,3,2,3,1,2,2,16,11.2,4,29.8
Rudy Gay,34,32,2016-01-04,29,SAC,A,OKC,12,1,34:20,5,13,0.385,1,2,0.5,5,6,0.833,2,3,5,0,1,0,1,4,16,9.2,-9,24.3
Rudy Gay,35,33,2016-01-05,29,SAC,A,DAL,-1,1,47:48,13,20,0.65,3,3,1,2,2,1,0,5,5,1,1,0,2,1,31,23,4,41.3
Rudy Gay,36,34,2016-01-07,29,SAC,H,LAL,3,1,35:33,8,16,0.5,1,6,0.167,1,3,0.333,0,5,5,6,0,1,0,4,18,14,9,35.8
Rudy Gay,37,35,2016-01-09,29,SAC,H,GSW,-12,1,38:54,9,16,0.563,2,3,0.667,3,5,0.6,2,7,9,1,2,1,0,0,23,21.5,-10,42.8
Rudy Gay,38,36,2016-01-13,29,SAC,H,NOP,-12,1,32:39,5,9,0.556,0,2,0,2,2,1,1,5,6,0,1,0,3,0,12,7.9,-19,20
Rudy Gay,39,37,2016-01-14,29,SAC,A,UTA,2,1,38:44,9,17,0.529,1,4,0.25,5,6,0.833,3,6,9,1,3,0,2,5,24,18.9,4,42.3
Rudy Gay,40,38,2016-01-16,29,SAC,A,LAC,7,1,34:03,5,11,0.455,1,4,0.25,7,8,0.875,1,6,7,1,0,2,2,5,18,12.5,6,31.8
Rudy Gay,41,39,2016-01-20,29,SAC,A,LAL,19,1,33:01,6,9,0.667,2,3,0.667,2,4,0.5,0,6,6,3,2,6,2,4,16,17.8,21,44
Rudy Gay,44,40,2016-01-25,29,SAC,H,CHO,-1,1,40:36,7,12,0.583,1,2,0.5,5,8,0.625,1,8,9,1,0,2,3,3,20,14.2,11,35.8
Rudy Gay,47,41,2016-01-30,29,SAC,A,MEM,-4,1,38:03,6,12,0.5,2,3,0.667,7,7,1,2,5,7,3,1,1,1,1,21,20.3,1,38.8
Rudy Gay,48,42,2016-02-01,29,SAC,H,MIL,7,1,37:55,13,20,0.65,1,3,0.333,5,6,0.833,1,8,9,6,2,0,1,2,32,30.3,7,56.3
Rudy Gay,49,43,2016-02-03,29,SAC,H,CHI,-5,1,31:19,5,13,0.385,0,2,0,2,2,1,3,3,6,1,1,1,1,6,12,6.9,-1,24.5
Rudy Gay,50,44,2016-02-05,29,SAC,A,BRK,-9,1,3:54,1,2,0.5,0,1,0,0,0,NA,0,1,1,1,0,0,1,2,2,0.2,-2,4.3
Rudy Gay,52,45,2016-02-08,29,SAC,A,CLE,-20,1,27:05,6,12,0.5,4,6,0.667,0,0,NA,1,6,7,0,1,0,3,5,16,8.5,-12,27.3
Rudy Gay,53,46,2016-02-10,29,SAC,A,PHI,4,1,40:41,9,20,0.45,2,6,0.333,2,2,1,2,2,4,1,1,3,4,3,22,12.2,15,35.5
Rudy Gay,54,47,2016-02-19,29,SAC,H,DEN,6,1,40:30,7,16,0.438,4,5,0.8,6,8,0.75,0,3,3,1,3,0,4,4,24,13.8,11,35.3
Rudy Gay,55,48,2016-02-23,29,SAC,A,DEN,4,1,36:28,6,11,0.545,1,3,0.333,3,4,0.75,0,10,10,4,4,3,2,3,16,19,4,49.5
Rudy Gay,56,49,2016-02-24,29,SAC,H,SAS,-16,1,36:33,5,12,0.417,0,1,0,1,2,0.5,0,5,5,1,3,0,2,1,11,7,-3,23.8
Rudy Gay,57,50,2016-02-26,29,SAC,H,LAC,-10,1,32:20,8,18,0.444,3,6,0.5,4,4,1,0,3,3,0,1,0,1,3,23,13.3,-9,29.8
Rudy Gay,60,51,2016-03-03,29,SAC,A,DAL,3,1,36:15,4,8,0.5,0,1,0,1,2,0.5,2,5,7,1,2,0,2,2,9,7.4,-4,22.3
Rudy Gay,61,52,2016-03-05,29,SAC,A,SAS,-10,1,34:12,4,7,0.571,1,2,0.5,0,1,0,1,3,4,1,2,2,2,3,9,7.8,0,23
Rudy Gay,62,53,2016-03-07,29,SAC,A,NOP,-3,1,40:53,7,13,0.538,1,4,0.25,3,4,0.75,0,10,10,2,2,0,4,2,18,12.9,10,37.5
Rudy Gay,63,54,2016-03-09,29,SAC,H,CLE,-9,1,41:20,7,13,0.538,2,4,0.5,3,4,0.75,0,6,6,3,3,0,1,3,19,17,-7,37.5
Rudy Gay,64,55,2016-03-11,29,SAC,H,ORL,-7,1,29:18,2,9,0.222,0,0,NA,8,10,0.8,4,3,7,0,1,1,6,5,12,3.1,-6,21.8
Rudy Gay,65,56,2016-03-13,29,SAC,H,UTA,-9,1,30:33,3,9,0.333,0,1,0,0,0,NA,2,2,4,2,0,0,1,1,6,2.9,-9,13.5
Rudy Gay,66,57,2016-03-15,29,SAC,A,LAL,8,1,35:32,9,16,0.563,0,2,0,2,2,1,1,7,8,3,3,1,1,4,20,18.4,18,42
Rudy Gay,67,58,2016-03-16,29,SAC,H,NOP,-15,1,32:14,4,11,0.364,0,0,NA,4,5,0.8,2,3,5,3,1,0,2,2,12,8.1,-21,23.8
Rudy Gay,68,59,2016-03-18,29,SAC,A,DET,-7,1,33:40,7,12,0.583,1,1,1,4,4,1,1,2,3,0,0,1,2,2,19,12.6,-15,24.3
Rudy Gay,69,60,2016-03-20,29,SAC,A,NYK,8,1,38:52,8,21,0.381,1,6,0.167,0,0,NA,1,3,4,0,2,1,3,2,17,6,4,27
Rudy Gay,70,61,2016-03-21,29,SAC,A,CHI,-7,1,32:58,7,11,0.636,3,4,0.75,1,1,1,1,4,5,1,0,0,1,4,18,13.1,-14,26.8
Rudy Gay,71,62,2016-03-23,29,SAC,A,MIN,-9,1,32:29,4,15,0.267,1,4,0.25,2,3,0.667,1,1,2,3,1,0,4,4,11,0.2,-16,18.5
Rudy Gay,72,63,2016-03-25,29,SAC,H,PHO,22,1,27:37,5,10,0.5,2,3,0.667,3,6,0.5,0,5,5,3,2,0,1,0,15,13.4,22,30.3
Rudy Gay,73,64,2016-03-27,29,SAC,H,DAL,22,1,25:42,4,10,0.4,0,3,0,1,2,0.5,0,2,2,1,2,0,1,2,9,4.7,18,16.5
Rudy Gay,75,65,2016-03-30,29,SAC,H,WAS,9,1,33:39,6,14,0.429,0,3,0,3,4,0.75,1,3,4,1,0,0,2,0,15,7.5,6,20.5
Rudy Gay,76,66,2016-04-01,29,SAC,H,MIA,-6,1,39:30,9,21,0.429,0,3,0,2,2,1,4,9,13,1,2,0,4,3,20,11.9,-10,41.3
Rudy Gay,77,67,2016-04-02,29,SAC,A,DEN,9,1,35:59,7,18,0.389,1,4,0.25,10,13,0.769,3,6,9,3,0,0,0,2,25,19.2,3,41.3
Rudy Gay,79,68,2016-04-07,29,SAC,H,MIN,-8,1,34:19,4,15,0.267,1,1,1,4,4,1,2,11,13,3,5,2,5,2,13,11.5,-19,47.3
Rudy Gay,80,69,2016-04-09,29,SAC,H,OKC,2,1,37:47,9,19,0.474,1,6,0.167,5,7,0.714,4,4,8,3,4,2,1,4,24,22.4,4,50.5
Rudy Gay,81,70,2016-04-11,29,SAC,A,PHO,4,1,34:45,6,13,0.462,1,2,0.5,2,4,0.5,0,6,6,0,2,4,4,4,15,8.5,4,33
Marco Belinelli,1,1,2015-10-28,29,SAC,H,LAC,-7,0,31:57,3,12,0.25,3,7,0.429,0,0,NA,0,2,2,7,1,0,0,3,9,7.1,-1,25.5
Marco Belinelli,2,2,2015-10-30,29,SAC,H,LAL,18,0,22:12,2,7,0.286,1,5,0.2,1,2,0.5,0,2,2,2,1,0,2,2,6,1.7,4,13
Marco Belinelli,3,3,2015-10-31,29,SAC,A,LAC,-5,0,28:04,2,8,0.25,1,2,0.5,6,6,1,0,2,2,1,1,0,0,2,11,7.7,0,17.5
Marco Belinelli,4,4,2015-11-03,29,SAC,H,MEM,-14,0,24:56,3,9,0.333,2,6,0.333,4,6,0.667,0,0,0,3,0,0,1,3,12,6,-6,17
Marco Belinelli,5,5,2015-11-04,29,SAC,A,PHO,-21,0,26:13,6,11,0.545,2,5,0.4,1,1,1,0,2,2,3,1,0,1,2,15,11.6,-8,24.5
Marco Belinelli,6,6,2015-11-06,29,SAC,H,HOU,-6,1,23:02,2,10,0.2,0,5,0,1,2,0.5,0,1,1,2,0,0,0,0,5,0.1,-23,9.3
Marco Belinelli,7,7,2015-11-07,29,SAC,H,GSW,-9,0,34:33,5,11,0.455,3,6,0.5,9,10,0.9,1,2,3,2,1,0,4,1,22,15.2,-15,30.3
Marco Belinelli,8,8,2015-11-09,29,SAC,H,SAS,-18,0,31:46,7,13,0.538,3,4,0.75,0,0,NA,1,0,1,5,0,0,3,0,17,11.9,-17,25.8
Marco Belinelli,9,9,2015-11-11,29,SAC,H,DET,9,0,27:50,2,7,0.286,1,3,0.333,4,4,1,0,0,0,0,0,0,1,4,9,2.3,-7,9
Marco Belinelli,10,10,2015-11-13,29,SAC,H,BRK,2,0,31:16,5,14,0.357,2,6,0.333,2,2,1,0,2,2,4,2,0,3,1,14,8.2,11,26
Marco Belinelli,11,11,2015-11-15,29,SAC,H,TOR,6,0,26:18,2,8,0.25,1,3,0.333,2,2,1,0,2,2,1,1,0,2,3,7,1.3,8,12.5
Marco Belinelli,12,12,2015-11-18,29,SAC,A,ATL,-6,0,26:29,3,8,0.375,0,2,0,2,2,1,1,2,3,2,0,0,3,2,8,2.5,-6,13.3
Marco Belinelli,13,13,2015-11-19,29,SAC,A,MIA,-7,0,26:09,5,11,0.455,5,10,0.5,8,9,0.889,0,1,1,1,0,0,2,3,23,14.7,-1,27.3
Marco Belinelli,14,14,2015-11-21,29,SAC,A,ORL,6,0,26:43,3,7,0.429,2,5,0.4,5,6,0.833,0,2,2,3,0,0,0,2,13,10.8,22,21
Marco Belinelli,15,15,2015-11-23,29,SAC,A,CHO,-5,0,38:23,7,17,0.412,2,8,0.25,1,1,1,0,0,0,3,2,0,1,3,17,9.8,-23,26
Marco Belinelli,16,16,2015-11-25,29,SAC,A,MIL,11,0,23:01,5,10,0.5,3,7,0.429,4,5,0.8,0,1,1,1,2,0,0,0,17,14.6,1,25.3
Marco Belinelli,17,17,2015-11-27,29,SAC,H,MIN,-10,0,33:52,7,12,0.583,3,5,0.6,0,1,0,0,2,2,2,0,1,4,2,17,8.9,-8,24
Marco Belinelli,18,18,2015-11-28,29,SAC,A,GSW,-19,0,22:27,2,10,0.2,0,7,0,1,1,1,0,1,1,2,0,0,3,2,5,-3.3,-16,7.8
Marco Belinelli,19,19,2015-11-30,29,SAC,H,DAL,14,0,15:24,1,1,1,0,0,NA,0,0,NA,0,0,0,2,0,0,2,1,2,0.7,-3,4
Marco Belinelli,20,20,2015-12-03,29,SAC,H,BOS,-17,0,25:54,2,8,0.25,1,5,0.2,0,0,NA,0,3,3,2,0,0,1,0,5,1.5,-9,11.8
Marco Belinelli,21,21,2015-12-05,29,SAC,A,HOU,-7,0,15:37,3,6,0.5,0,1,0,0,0,NA,0,3,3,0,0,0,1,2,6,2.1,-15,9.3
Marco Belinelli,22,22,2015-12-06,29,SAC,A,OKC,-3,0,25:49,6,13,0.462,1,6,0.167,3,3,1,1,3,4,2,0,0,4,1,16,7.9,4,22.5
Marco Belinelli,23,23,2015-12-08,29,SAC,H,UTA,8,0,20:26,3,7,0.429,2,5,0.4,2,2,1,0,1,1,2,0,0,0,2,10,7.2,-5,15.3
Marco Belinelli,24,24,2015-12-10,29,SAC,H,NYK,2,0,19:55,3,10,0.3,0,2,0,0,0,NA,0,1,1,2,0,0,1,2,6,0.1,1,9.8
Marco Belinelli,25,25,2015-12-15,29,SAC,H,HOU,10,0,26:48,3,10,0.3,3,7,0.429,0,0,NA,1,1,2,1,0,0,2,2,9,2.1,5,13.5
Marco Belinelli,26,26,2015-12-18,29,SAC,A,MIN,-4,0,17:59,2,4,0.5,0,1,0,0,0,NA,0,1,1,2,0,0,2,0,4,1.7,4,7.3
Marco Belinelli,27,27,2015-12-20,29,SAC,A,TOR,10,0,25:33,2,5,0.4,0,1,0,2,2,1,0,0,0,2,0,0,1,0,6,3.7,-15,8.5
Marco Belinelli,28,28,2015-12-21,29,SAC,A,WAS,-14,0,23:06,6,12,0.5,3,8,0.375,0,0,NA,0,0,0,1,0,0,1,1,15,8.3,-1,17.5
Marco Belinelli,29,29,2015-12-23,29,SAC,A,IND,2,0,20:50,3,6,0.5,0,3,0,0,0,NA,0,2,2,3,0,0,0,1,6,5.3,9,13
Marco Belinelli,30,30,2015-12-27,29,SAC,H,POR,-4,0,22:16,2,8,0.25,1,4,0.25,3,3,1,0,2,2,1,1,0,0,0,8,5.5,-11,14.5
Marco Belinelli,31,31,2015-12-28,29,SAC,A,GSW,-19,0,21:48,1,4,0.25,0,2,0,1,2,0.5,0,2,2,1,0,0,2,0,3,-0.5,12,6
Marco Belinelli,32,32,2015-12-30,29,SAC,H,PHI,-5,0,30:01,11,17,0.647,3,6,0.5,3,5,0.6,0,1,1,1,1,0,1,1,28,20.3,-2,33.8
Marco Belinelli,33,33,2016-01-02,29,SAC,H,PHO,23,0,24:37,7,11,0.636,2,5,0.4,3,3,1,0,2,2,0,1,0,0,2,19,14.9,6,24.5
Marco Belinelli,34,34,2016-01-04,29,SAC,A,OKC,12,0,34:07,6,13,0.462,2,5,0.4,7,8,0.875,0,2,2,1,1,0,1,1,21,14.8,18,27.5
Marco Belinelli,35,35,2016-01-05,29,SAC,A,DAL,-1,0,43:25,5,17,0.294,4,13,0.308,0,0,NA,1,8,9,3,3,0,0,1,14,11.9,7,37.8
Marco Belinelli,36,36,2016-01-07,29,SAC,H,LAL,3,0,26:38,4,9,0.444,1,4,0.25,2,3,0.667,0,2,2,3,2,0,1,2,11,8.8,-10,22
Marco Belinelli,37,37,2016-01-09,29,SAC,H,GSW,-12,0,31:54,5,14,0.357,3,7,0.429,0,0,NA,0,3,3,1,0,0,0,3,13,5.6,-7,19.8
Marco Belinelli,38,38,2016-01-13,29,SAC,H,NOP,-12,0,19:09,1,6,0.167,0,2,0,0,0,NA,0,0,0,1,0,0,0,1,2,-1.5,-10,3.5
Marco Belinelli,39,39,2016-01-14,29,SAC,A,UTA,2,0,20:43,3,6,0.5,0,1,0,5,6,0.833,0,2,2,3,0,0,3,3,11,6.1,3,16.5
Marco Belinelli,40,40,2016-01-16,29,SAC,A,LAC,7,0,23:17,3,8,0.375,1,2,0.5,0,0,NA,0,4,4,4,0,1,1,1,7,5.9,6,20
Marco Belinelli,41,41,2016-01-20,29,SAC,A,LAL,19,0,19:24,2,10,0.2,2,5,0.4,0,0,NA,0,1,1,3,1,0,0,0,6,3.2,-3,14.8
Marco Belinelli,42,42,2016-01-21,29,SAC,H,ATL,3,0,18:56,0,7,0,0,5,0,4,4,1,0,4,4,2,0,0,1,0,4,0.7,-3,11.5
Marco Belinelli,43,43,2016-01-23,29,SAC,H,IND,11,0,21:17,2,10,0.2,0,3,0,3,3,1,0,1,1,0,0,0,2,2,7,-1.7,-4,7.3
Marco Belinelli,44,44,2016-01-25,29,SAC,H,CHO,-1,0,18:15,2,7,0.286,0,3,0,0,0,NA,0,1,1,1,0,0,0,3,4,-0.3,-9,6.8
Marco Belinelli,45,45,2016-01-26,29,SAC,A,POR,-15,0,25:47,4,8,0.5,2,4,0.5,4,4,1,0,3,3,4,1,0,1,1,14,13.3,-15,26.3
Marco Belinelli,46,46,2016-01-28,29,SAC,A,NOP,-9,0,19:35,2,8,0.25,0,3,0,2,2,1,0,1,1,0,0,0,1,0,6,0.5,-24,6.8
Marco Belinelli,48,47,2016-02-01,29,SAC,H,MIL,7,1,36:14,5,15,0.333,2,9,0.222,6,7,0.857,1,2,3,6,1,0,2,3,18,12.4,10,32.8
Marco Belinelli,49,48,2016-02-03,29,SAC,H,CHI,-5,1,35:58,7,14,0.5,3,7,0.429,1,2,0.5,0,4,4,0,3,0,4,3,18,9.6,0,28.5
Marco Belinelli,50,49,2016-02-05,29,SAC,A,BRK,-9,1,34:38,5,12,0.417,0,4,0,3,3,1,0,0,0,1,2,0,0,1,13,8.9,-6,18.5
Marco Belinelli,51,50,2016-02-07,29,SAC,A,BOS,-9,1,37:41,7,17,0.412,2,8,0.25,0,0,NA,0,4,4,2,1,0,1,3,16,8.3,-11,26.5
Marco Belinelli,52,51,2016-02-08,29,SAC,A,CLE,-20,1,26:10,3,8,0.375,1,3,0.333,1,1,1,0,0,0,1,0,0,0,1,8,3.9,-18,10
Marco Belinelli,53,52,2016-02-10,29,SAC,A,PHI,4,1,23:24,3,9,0.333,0,4,0,0,0,NA,0,2,2,1,0,0,1,0,6,1.2,-3,9.5
Marco Belinelli,55,53,2016-02-23,29,SAC,A,DEN,4,0,19:59,4,12,0.333,1,3,0.333,0,0,NA,0,0,0,0,0,0,0,0,9,2.2,-3,9.5
Marco Belinelli,56,54,2016-02-24,29,SAC,H,SAS,-16,0,15:29,0,5,0,0,1,0,0,0,NA,0,0,0,0,0,0,1,0,0,-4.5,-21,-0.5
Marco Belinelli,57,55,2016-02-26,29,SAC,H,LAC,-10,0,13:05,1,4,0.25,0,1,0,0,2,0,0,1,1,1,0,0,1,1,2,-1.6,-3,4.3
Marco Belinelli,58,56,2016-02-29,29,SAC,H,OKC,-15,0,16:29,3,6,0.5,0,2,0,0,0,NA,0,3,3,2,0,0,0,0,6,5.3,-1,12.8
Marco Belinelli,59,57,2016-03-02,29,SAC,A,MEM,-6,0,25:21,7,15,0.467,2,7,0.286,0,0,NA,0,1,1,4,0,0,1,0,16,10.4,-3,23.8
Marco Belinelli,60,58,2016-03-03,29,SAC,A,DAL,3,0,24:29,6,10,0.6,3,5,0.6,1,4,0.25,0,1,1,0,0,0,1,1,16,9.1,9,18.3
Marco Belinelli,61,59,2016-03-05,29,SAC,A,SAS,-10,0,22:41,3,11,0.273,1,3,0.333,0,0,NA,1,2,3,1,2,0,2,0,7,2.5,8,15.8
Marco Belinelli,62,60,2016-03-07,29,SAC,A,NOP,-3,0,20:46,4,6,0.667,2,4,0.5,2,2,1,0,0,0,1,0,0,0,1,12,9.7,5,14.5
Marco Belinelli,64,61,2016-03-11,29,SAC,H,ORL,-7,0,27:43,6,11,0.545,4,7,0.571,1,1,1,0,4,4,1,0,0,4,2,17,8.8,3,23.5
Marco Belinelli,65,62,2016-03-13,29,SAC,H,UTA,-9,0,11:10,0,1,0,0,0,NA,0,0,NA,0,0,0,2,1,0,0,0,0,1.7,-7,5
Marco Belinelli,66,63,2016-03-15,29,SAC,A,LAL,8,0,15:01,3,10,0.3,1,2,0.5,2,2,1,1,1,2,1,1,0,1,1,9,4.5,-12,15
Marco Belinelli,68,64,2016-03-18,29,SAC,A,DET,-7,0,16:35,1,6,0.167,0,2,0,0,0,NA,0,0,0,0,0,0,0,0,2,-1.8,4,2
Marco Belinelli,69,65,2016-03-20,29,SAC,A,NYK,8,0,28:51,2,8,0.25,1,4,0.25,3,3,1,0,3,3,3,1,0,0,2,8,6.4,7,18.8
Marco Belinelli,70,66,2016-03-21,29,SAC,A,CHI,-7,0,21:58,4,10,0.4,1,5,0.2,0,1,0,1,1,2,4,1,0,0,1,9,7.6,-3,20
Marco Belinelli,71,67,2016-03-23,29,SAC,A,MIN,-9,0,24:06,6,12,0.5,2,6,0.333,0,0,NA,0,0,0,2,1,0,2,3,14,7.2,7,19
Marco Belinelli,72,68,2016-03-25,30,SAC,H,PHO,22,0,10:11,0,3,0,0,1,0,0,0,NA,0,0,0,2,0,0,0,0,0,-0.7,6,3
Seth Curry,2,1,2015-10-30,25,SAC,H,LAL,18,0,3:49,1,2,0.5,0,0,NA,0,0,NA,0,1,1,1,0,0,0,0,2,2,-3,4.8
Seth Curry,4,2,2015-11-03,25,SAC,H,MEM,-14,0,3:16,2,2,1,0,0,NA,0,0,NA,0,0,0,1,0,0,0,0,4,4.1,5,5.5
Seth Curry,5,3,2015-11-04,25,SAC,A,PHO,-21,0,5:05,1,2,0.5,1,2,0.5,0,0,NA,0,0,0,2,0,0,0,0,3,3.4,-3,6.5
Seth Curry,6,4,2015-11-06,25,SAC,H,HOU,-6,0,15:09,3,4,0.75,2,2,1,0,0,NA,0,0,0,2,0,0,0,0,8,7.8,10,12
Seth Curry,10,5,2015-11-13,25,SAC,H,BRK,2,0,4:17,0,2,0,0,1,0,0,0,NA,0,0,0,0,0,0,0,0,0,-1.4,-4,0
Seth Curry,11,6,2015-11-15,25,SAC,H,TOR,6,0,4:44,1,1,1,1,1,1,0,0,NA,0,0,0,0,0,0,0,1,3,2.3,0,3.5
Seth Curry,17,7,2015-11-27,25,SAC,H,MIN,-10,0,1:15,1,1,1,0,0,NA,0,0,NA,0,0,0,0,0,0,1,0,2,0.7,2,1.5
Seth Curry,18,8,2015-11-28,25,SAC,A,GSW,-19,0,9:23,3,4,0.75,3,3,1,0,0,NA,0,1,1,2,0,0,2,1,9,6.7,9,13.8
Seth Curry,19,9,2015-11-30,25,SAC,H,DAL,14,0,19:37,2,3,0.667,2,3,0.667,2,2,1,0,1,1,1,0,0,0,1,8,7.3,4,11.8
Seth Curry,20,10,2015-12-03,25,SAC,H,BOS,-17,0,23:10,2,4,0.5,0,1,0,4,6,0.667,0,2,2,0,1,0,1,2,8,5,-1,12
Seth Curry,25,11,2015-12-15,25,SAC,H,HOU,10,0,21:17,1,4,0.25,0,2,0,4,4,1,0,1,1,0,0,0,1,0,6,2.9,-8,6.8
Seth Curry,26,12,2015-12-18,25,SAC,A,MIN,-4,0,6:56,0,1,0,0,1,0,0,0,NA,0,1,1,1,0,0,0,0,0,0.3,6,2.8
Seth Curry,28,13,2015-12-21,25,SAC,A,WAS,-14,0,10:32,1,3,0.333,0,1,0,1,1,1,0,1,1,0,1,0,1,0,3,1.6,-8,5.8
Seth Curry,29,14,2015-12-23,25,SAC,A,IND,2,0,4:35,0,1,0,0,1,0,0,0,NA,0,0,0,0,1,0,0,0,0,0.3,7,2
Seth Curry,30,15,2015-12-27,25,SAC,H,POR,-4,0,8:52,0,2,0,0,1,0,1,2,0.5,0,1,1,0,1,0,1,1,1,-0.9,4,3.8
Seth Curry,31,16,2015-12-28,25,SAC,A,GSW,-19,0,20:09,1,6,0.167,0,3,0,5,5,1,1,1,2,3,1,0,0,0,7,7.3,-9,16
Seth Curry,33,17,2016-01-02,25,SAC,H,PHO,23,0,5:40,2,2,1,0,0,NA,0,0,NA,1,0,1,1,0,0,1,0,4,3.8,1,6.3
Seth Curry,35,18,2016-01-05,25,SAC,A,DAL,-1,0,36:21,2,7,0.286,2,3,0.667,0,0,NA,1,2,3,2,2,0,1,5,6,3.6,9,17.3
Seth Curry,36,19,2016-01-07,25,SAC,H,LAL,3,0,10:01,0,2,0,0,1,0,0,0,NA,0,0,0,0,0,0,1,2,0,-3.2,-11,-0.5
Seth Curry,37,20,2016-01-09,25,SAC,H,GSW,-12,0,7:37,0,0,NA,0,0,NA,0,0,NA,0,0,0,1,0,0,0,0,0,0.7,-3,1.5
Seth Curry,38,21,2016-01-13,25,SAC,H,NOP,-12,0,13:47,2,2,1,0,0,NA,0,0,NA,0,3,3,1,0,0,1,1,4,3.6,10,8.8
Seth Curry,41,22,2016-01-20,25,SAC,A,LAL,19,0,2:05,0,2,0,0,1,0,0,0,NA,0,0,0,0,0,0,0,0,0,-1.4,-1,0
Seth Curry,45,23,2016-01-26,25,SAC,A,POR,-15,0,6:43,2,4,0.5,1,2,0.5,2,3,0.667,0,1,1,0,1,0,1,0,7,4.9,4,10.3
Seth Curry,51,24,2016-02-07,25,SAC,A,BOS,-9,0,3:57,1,1,1,1,1,1,0,0,NA,0,0,0,0,1,1,0,1,3,4,-4,7.5
Seth Curry,52,25,2016-02-08,25,SAC,A,CLE,-20,0,4:38,0,2,0,0,1,0,0,2,0,0,0,0,0,1,0,0,0,0,-1.2,-2,2
Seth Curry,54,26,2016-02-19,25,SAC,H,DEN,6,0,1:11,1,1,1,0,0,NA,0,0,NA,0,1,1,0,0,0,0,0,2,2,2,3.3
Seth Curry,56,27,2016-02-24,25,SAC,H,SAS,-16,0,6:02,1,2,0.5,0,1,0,0,0,NA,0,0,0,0,0,0,0,1,2,0.6,-4,2
Seth Curry,57,28,2016-02-26,25,SAC,H,LAC,-10,0,25:58,5,9,0.556,3,4,0.75,6,7,0.857,0,4,4,0,1,0,2,4,19,12.9,-1,26.5
Seth Curry,64,29,2016-03-11,25,SAC,H,ORL,-7,0,18:16,1,6,0.167,1,3,0.333,0,0,NA,1,2,3,0,1,0,0,0,3,1.5,1,9.3
Seth Curry,65,30,2016-03-13,25,SAC,H,UTA,-9,0,16:43,2,4,0.5,1,2,0.5,0,0,NA,0,1,1,2,1,0,0,1,5,5.3,2,11.8
Seth Curry,66,31,2016-03-15,25,SAC,A,LAL,8,0,6:07,0,2,0,0,2,0,0,0,NA,0,0,0,0,0,1,0,1,0,-1.1,-5,2
Seth Curry,67,32,2016-03-16,25,SAC,H,NOP,-15,0,33:46,5,11,0.455,1,4,0.25,0,0,NA,0,2,2,5,0,0,2,1,11,7,-12,20.5
Seth Curry,68,33,2016-03-18,25,SAC,A,DET,-7,0,3:35,1,1,1,0,0,NA,0,0,NA,0,0,0,0,0,0,0,0,2,1.7,2,2
Seth Curry,72,34,2016-03-25,25,SAC,H,PHO,22,1,26:23,4,10,0.4,2,5,0.4,2,2,1,2,2,4,1,0,1,1,1,12,8.6,10,21
Seth Curry,73,35,2016-03-27,25,SAC,H,DAL,22,1,22:47,4,7,0.571,2,4,0.5,4,4,1,0,1,1,3,1,0,1,0,14,13.1,2,22.3
Seth Curry,74,36,2016-03-28,25,SAC,A,POR,-12,1,33:39,9,17,0.529,3,6,0.5,0,0,NA,0,4,4,1,2,0,3,2,21,12.8,-5,31.5
Seth Curry,75,37,2016-03-30,25,SAC,H,WAS,9,1,17:09,2,5,0.4,1,2,0.5,0,0,NA,0,0,0,0,0,0,0,2,5,1.5,-3,5.5
Seth Curry,76,38,2016-04-01,25,SAC,H,MIA,-6,1,31:38,5,10,0.5,4,6,0.667,7,8,0.875,0,2,2,3,2,0,1,0,21,19.3,1,33.5
Seth Curry,77,39,2016-04-02,25,SAC,A,DEN,9,0,24:35,7,10,0.7,2,5,0.4,1,1,1,0,1,1,5,1,0,3,1,17,14.2,0,27.3
Seth Curry,78,40,2016-04-05,25,SAC,H,POR,-8,1,33:52,6,12,0.5,3,5,0.6,2,2,1,1,5,6,4,0,0,1,4,17,13.4,-11,31.5
Seth Curry,79,41,2016-04-07,25,SAC,H,MIN,-8,1,25:42,3,8,0.375,2,3,0.667,2,2,1,0,1,1,2,0,0,2,2,10,4.5,-14,14.3
Seth Curry,80,42,2016-04-09,25,SAC,H,OKC,2,0,33:08,7,13,0.538,6,10,0.6,0,0,NA,1,1,2,3,0,0,1,2,20,15,12,29.5
Seth Curry,81,43,2016-04-11,25,SAC,A,PHO,4,1,38:05,8,14,0.571,3,6,0.5,1,2,0.5,0,3,3,15,3,0,2,3,20,24.2,8,54.3
Seth Curry,82,44,2016-04-13,25,SAC,A,HOU,-35,1,40:13,3,18,0.167,3,12,0.25,1,1,1,1,5,6,5,0,0,5,1,10,-1.1,-37,24
Ben McLemore,1,1,2015-10-28,22,SAC,H,LAC,-7,1,20:04,2,5,0.4,1,2,0.5,0,0,NA,0,0,0,0,1,0,0,4,5,1.7,-14,7.5
Ben McLemore,2,2,2015-10-30,22,SAC,H,LAL,18,1,24:59,2,8,0.25,1,3,0.333,2,2,1,1,2,3,1,0,0,1,4,7,1.6,25,12.3
Ben McLemore,3,3,2015-10-31,22,SAC,A,LAC,-5,1,10:25,1,3,0.333,0,0,NA,1,1,1,0,1,1,0,0,0,0,1,3,1.2,-9,4.3
Ben McLemore,4,4,2015-11-03,22,SAC,H,MEM,-14,1,20:27,1,5,0.2,0,2,0,0,0,NA,0,2,2,2,0,0,2,3,2,-2.3,-12,6.5
Ben McLemore,5,5,2015-11-04,22,SAC,A,PHO,-21,0,14:29,4,6,0.667,1,1,1,0,0,NA,0,2,2,1,0,0,3,4,9,3.1,-2,12
Ben McLemore,6,6,2015-11-06,22,SAC,H,HOU,-6,0,22:38,3,8,0.375,1,5,0.2,4,6,0.667,0,4,4,4,3,0,3,2,11,9,12,27
Ben McLemore,7,7,2015-11-07,22,SAC,H,GSW,-9,0,16:24,1,4,0.25,0,1,0,0,1,0,1,0,1,0,1,0,4,2,2,-3.9,2,3.3
Ben McLemore,8,8,2015-11-09,22,SAC,H,SAS,-18,0,12:55,2,6,0.333,1,3,0.333,2,2,1,1,0,1,0,0,0,0,0,7,4.3,-10,8.8
Ben McLemore,9,9,2015-11-11,22,SAC,H,DET,9,0,2:57,0,0,NA,0,0,NA,0,0,NA,0,0,0,0,0,0,0,1,0,-0.4,3,0
Ben McLemore,10,10,2015-11-13,22,SAC,H,BRK,2,0,24:57,5,8,0.625,3,4,0.75,2,2,1,1,0,1,3,1,0,1,2,15,13.4,2,23.8
Ben McLemore,11,11,2015-11-15,22,SAC,H,TOR,6,1,25:22,3,6,0.5,2,4,0.5,0,0,NA,1,3,4,1,1,0,0,1,8,7.9,10,17.5
Ben McLemore,12,12,2015-11-18,22,SAC,A,ATL,-6,1,17:55,4,8,0.5,3,3,1,0,0,NA,1,0,1,0,1,0,0,0,11,8.7,-6,15.8
Ben McLemore,13,13,2015-11-19,22,SAC,A,MIA,-7,1,32:11,7,12,0.583,3,4,0.75,0,1,0,0,1,1,3,0,0,4,1,17,9,-2,22.3
Ben McLemore,14,14,2015-11-21,22,SAC,A,ORL,6,1,25:10,3,12,0.25,0,3,0,2,2,1,1,2,3,2,0,0,4,3,8,-1.7,-7,12.8
Ben McLemore,15,15,2015-11-23,22,SAC,A,CHO,-5,1,19:23,4,6,0.667,0,2,0,2,2,1,0,1,1,1,1,1,2,5,10,6.1,10,15.8
Ben McLemore,16,16,2015-11-25,22,SAC,A,MIL,11,1,27:14,2,5,0.4,0,1,0,4,4,1,0,4,4,1,3,0,3,4,8,5.6,4,19
Ben McLemore,17,17,2015-11-27,22,SAC,H,MIN,-10,1,26:05,3,9,0.333,0,2,0,0,0,NA,0,2,2,0,2,0,2,0,6,1.5,0,11.5
Ben McLemore,18,18,2015-11-28,22,SAC,A,GSW,-19,1,27:25,3,7,0.429,2,3,0.667,2,3,0.667,0,3,3,5,3,1,2,0,10,12,-6,29.3
Ben McLemore,19,19,2015-11-30,22,SAC,H,DAL,14,1,17:33,2,6,0.333,0,2,0,0,0,NA,0,2,2,0,0,0,0,0,4,1.2,7,6.5
Ben McLemore,20,20,2015-12-03,22,SAC,H,BOS,-17,1,24:45,3,6,0.5,0,2,0,5,6,0.833,1,3,4,1,0,0,0,4,11,8.3,-13,17.5
Ben McLemore,21,21,2015-12-05,22,SAC,A,HOU,-7,1,41:33,8,14,0.571,3,5,0.6,0,0,NA,2,7,9,2,3,1,1,3,19,18.8,8,42.3
Ben McLemore,22,22,2015-12-06,22,SAC,A,OKC,-3,1,19:48,1,2,0.5,0,0,NA,0,0,NA,0,1,1,0,0,0,1,2,2,-0.5,-8,2.8
Ben McLemore,23,23,2015-12-08,22,SAC,H,UTA,8,1,26:16,4,6,0.667,2,4,0.5,0,0,NA,2,0,2,2,2,0,1,2,10,10.4,10,20
Ben McLemore,24,24,2015-12-10,22,SAC,H,NYK,2,1,23:32,2,5,0.4,1,2,0.5,2,2,1,0,2,2,0,1,0,0,0,7,5.9,8,12
Ben McLemore,25,25,2015-12-15,22,SAC,H,HOU,10,1,23:42,3,4,0.75,0,0,NA,2,3,0.667,0,0,0,2,2,0,3,3,8,5.2,4,13.5
Ben McLemore,26,26,2015-12-18,22,SAC,A,MIN,-4,1,20:35,3,5,0.6,0,1,0,0,1,0,0,0,0,1,2,0,1,3,6,3.8,-14,11
Ben McLemore,27,27,2015-12-20,22,SAC,A,TOR,10,1,19:06,5,7,0.714,2,4,0.5,0,1,0,1,2,3,0,0,1,1,3,12,8.5,22,18.3
Ben McLemore,28,28,2015-12-21,22,SAC,A,WAS,-14,1,24:29,3,6,0.5,1,1,1,2,2,1,2,4,6,0,1,0,1,0,9,8.6,-6,18.5
Ben McLemore,29,29,2015-12-23,22,SAC,A,IND,2,1,12:48,1,4,0.25,0,2,0,0,0,NA,0,2,2,0,0,0,0,1,2,-0.2,-10,4.5
Ben McLemore,30,30,2015-12-27,22,SAC,H,POR,-4,1,19:11,1,1,1,1,1,1,2,2,1,0,2,2,0,0,0,2,1,5,2.9,3,7
Ben McLemore,31,31,2015-12-28,22,SAC,A,GSW,-19,1,21:02,1,5,0.2,0,3,0,1,2,0.5,1,2,3,0,0,0,1,3,3,-1.4,-18,6.3
Ben McLemore,32,32,2015-12-30,22,SAC,H,PHI,-5,1,18:42,3,4,0.75,2,3,0.667,1,2,0.5,0,1,1,1,0,0,2,2,9,5.2,-10,11.8
Ben McLemore,33,33,2016-01-02,22,SAC,H,PHO,23,1,22:07,0,3,0,0,2,0,3,4,0.75,0,1,1,3,0,0,4,1,3,-1.5,-6,6.8
Ben McLemore,34,34,2016-01-04,22,SAC,A,OKC,12,1,7:19,1,2,0.5,1,1,1,0,0,NA,0,0,0,0,0,0,1,0,3,1,-13,3
Ben McLemore,35,35,2016-01-05,22,SAC,A,DAL,-1,1,18:58,2,5,0.4,0,2,0,0,0,NA,0,1,1,3,1,0,1,2,4,2.9,-3,11.3
Ben McLemore,36,36,2016-01-07,22,SAC,H,LAL,3,1,24:51,7,15,0.467,1,5,0.2,1,3,0.333,2,2,4,1,1,0,3,1,16,7.8,8,23.5
Ben McLemore,37,37,2016-01-09,22,SAC,H,GSW,-12,1,27:16,2,4,0.5,0,2,0,2,3,0.667,0,2,2,4,1,0,2,3,6,4.8,-6,15.5
Ben McLemore,38,38,2016-01-13,22,SAC,H,NOP,-12,1,6:42,1,1,1,0,0,NA,0,0,NA,0,0,0,0,0,0,1,0,2,0.7,-5,1.5
Ben McLemore,39,39,2016-01-14,22,SAC,A,UTA,2,1,17:34,1,2,0.5,0,0,NA,2,2,1,0,0,0,0,2,0,1,4,4,2.4,4,7.5
Ben McLemore,40,40,2016-01-16,22,SAC,A,LAC,7,1,27:35,5,8,0.625,2,4,0.5,3,4,0.75,1,1,2,1,1,0,2,3,15,10.5,15,21
Ben McLemore,41,41,2016-01-20,22,SAC,A,LAL,19,1,18:26,3,6,0.5,0,1,0,0,0,NA,0,2,2,0,0,0,1,5,6,0.6,2,8
Ben McLemore,42,42,2016-01-21,22,SAC,H,ATL,3,1,33:54,5,14,0.357,2,7,0.286,2,4,0.5,1,2,3,4,2,1,3,1,14,8.8,16,29.3
Ben McLemore,43,43,2016-01-23,22,SAC,H,IND,11,1,18:24,2,9,0.222,1,4,0.25,0,0,NA,1,1,2,0,1,1,1,2,5,0.4,8,11.5
Ben McLemore,44,44,2016-01-25,22,SAC,H,CHO,-1,1,16:23,2,3,0.667,0,1,0,0,0,NA,0,1,1,2,0,1,2,2,4,2.3,8,9.3
Ben McLemore,45,45,2016-01-26,22,SAC,A,POR,-15,1,20:39,2,5,0.4,0,1,0,0,2,0,1,3,4,1,0,0,0,2,4,2,1,10.5
Ben McLemore,46,46,2016-01-28,22,SAC,A,NOP,-9,1,30:52,9,17,0.529,5,10,0.5,3,4,0.75,1,3,4,2,1,0,0,3,26,20.1,15,38.5
Ben McLemore,47,47,2016-01-30,22,SAC,A,MEM,-4,1,26:21,3,9,0.333,2,5,0.4,3,4,0.75,0,1,1,0,1,0,2,2,11,4,-11,14.3
Ben McLemore,49,48,2016-02-03,22,SAC,H,CHI,-5,0,17:40,2,4,0.5,1,2,0.5,0,0,NA,0,4,4,3,1,0,1,1,5,5.9,3,16.5
Ben McLemore,50,49,2016-02-05,22,SAC,A,BRK,-9,0,11:31,0,4,0,0,1,0,5,5,1,0,0,0,2,1,0,0,3,5,3.4,6,10
Ben McLemore,54,50,2016-02-19,23,SAC,H,DEN,6,1,23:53,1,7,0.143,0,3,0,0,0,NA,0,2,2,1,0,0,1,4,2,-3.8,1,5.5
Ben McLemore,55,51,2016-02-23,23,SAC,A,DEN,4,1,12:53,3,4,0.75,1,2,0.5,0,0,NA,0,1,1,2,0,0,3,1,7,3.7,-1,10.3
Ben McLemore,56,52,2016-02-24,23,SAC,H,SAS,-16,1,16:37,2,9,0.222,1,4,0.25,0,0,NA,2,2,4,0,0,1,2,0,5,0.2,13,11.5
Ben McLemore,57,53,2016-02-26,23,SAC,H,LAC,-10,1,19:31,2,4,0.5,1,2,0.5,0,0,NA,0,0,0,2,0,0,1,3,5,2.2,-9,8
Ben McLemore,58,54,2016-02-29,23,SAC,H,OKC,-15,1,18:39,5,12,0.417,2,4,0.5,2,2,1,1,1,2,2,0,0,0,2,14,9.2,11,20.5
Ben McLemore,59,55,2016-03-02,23,SAC,A,MEM,-6,1,18:36,3,7,0.429,1,4,0.25,1,2,0.5,0,0,0,0,2,1,2,3,8,3.4,-6,13.5
Ben McLemore,60,56,2016-03-03,23,SAC,A,DAL,3,1,23:16,4,11,0.364,2,7,0.286,0,0,NA,2,2,4,0,0,0,0,2,10,5.1,3,16
Ben McLemore,61,57,2016-03-05,23,SAC,A,SAS,-10,1,14:38,1,5,0.2,0,1,0,1,1,1,0,2,2,0,0,0,1,1,3,-0.9,-11,5
Ben McLemore,62,58,2016-03-07,23,SAC,A,NOP,-3,1,13:11,0,1,0,0,0,NA,2,2,1,0,0,0,1,1,0,1,3,2,0.8,1,5
Ben McLemore,73,59,2016-03-27,23,SAC,H,DAL,22,0,19:34,5,9,0.556,2,5,0.4,2,3,0.667,0,1,1,1,0,0,1,3,14,8.1,9,17.3
Ben McLemore,74,60,2016-03-28,23,SAC,A,POR,-12,0,26:26,0,7,0,0,2,0,3,4,0.75,1,3,4,1,1,0,3,3,3,-3.2,5,10
Ben McLemore,75,61,2016-03-30,23,SAC,H,WAS,9,0,14:10,1,5,0.2,1,2,0.5,0,0,NA,0,1,1,0,1,0,1,2,3,-0.6,14,6.3
Ben McLemore,76,62,2016-04-01,23,SAC,H,MIA,-6,0,21:12,2,5,0.4,1,3,0.333,0,0,NA,0,2,2,0,2,0,1,1,5,3.5,-1,11.5
Ben McLemore,77,63,2016-04-02,23,SAC,A,DEN,9,1,30:52,6,12,0.5,2,3,0.667,0,0,NA,1,3,4,1,1,0,0,5,14,9.3,6,23.5
Ben McLemore,78,64,2016-04-05,23,SAC,H,POR,-8,0,26:35,3,6,0.5,1,2,0.5,0,0,NA,0,2,2,1,1,0,5,1,7,0.9,-1,11
Ben McLemore,79,65,2016-04-07,23,SAC,H,MIN,-8,0,19:23,3,9,0.333,1,5,0.2,1,2,0.5,1,3,4,2,0,0,3,1,8,2.1,0,15
Ben McLemore,80,66,2016-04-09,23,SAC,H,OKC,2,0,16:51,1,3,0.333,1,2,0.5,1,2,0.5,0,1,1,2,0,0,0,1,4,3.2,6,8.8
Ben McLemore,81,67,2016-04-11,23,SAC,A,PHO,4,1,36:04,6,15,0.4,1,4,0.25,1,3,0.333,1,6,7,1,0,1,1,3,14,6.8,-10,26.3
Ben McLemore,82,68,2016-04-13,23,SAC,A,HOU,-35,1,39:52,10,20,0.5,4,9,0.444,0,0,NA,2,3,5,3,2,0,3,2,24,16.6,-35,39.3
James Anderson,1,1,2015-10-28,26,SAC,H,LAC,-7,0,3:14,0,0,NA,0,0,NA,0,0,NA,0,0,0,0,1,0,0,1,0,0.6,-1,2
James Anderson,2,2,2015-10-30,26,SAC,H,LAL,18,0,4:30,1,2,0.5,1,2,0.5,0,0,NA,0,0,0,0,0,0,2,0,3,0,-5,2.5
James Anderson,4,3,2015-11-03,26,SAC,H,MEM,-14,0,4:15,0,1,0,0,0,NA,3,4,0.75,0,1,1,0,1,0,0,0,3,3.2,5,6.3
James Anderson,5,4,2015-11-04,26,SAC,A,PHO,-21,1,24:35,5,15,0.333,4,10,0.4,1,1,1,0,0,0,2,2,0,3,1,15,6.5,-13,22.5
James Anderson,6,5,2015-11-06,26,SAC,H,HOU,-6,1,17:48,0,4,0,0,3,0,2,2,1,1,4,5,0,0,0,0,0,2,1.1,-18,8.3
James Anderson,7,6,2015-11-07,26,SAC,H,GSW,-9,1,14:13,1,3,0.333,0,1,0,0,0,NA,0,0,0,3,0,1,1,1,2,1.7,-1,8
James Anderson,8,7,2015-11-09,26,SAC,H,SAS,-18,1,7:21,0,0,NA,0,0,NA,0,0,NA,0,0,0,0,0,0,0,0,0,0,2,0
James Anderson,9,8,2015-11-11,26,SAC,H,DET,9,1,17:13,1,3,0.333,1,2,0.5,0,0,NA,1,0,1,0,0,0,2,3,3,-1.2,13,3.8
James Anderson,10,9,2015-11-13,26,SAC,H,BRK,2,1,5:31,0,1,0,0,1,0,0,0,NA,0,0,0,0,0,0,0,0,0,-0.7,-6,0
James Anderson,17,10,2015-11-27,26,SAC,H,MIN,-10,0,1:15,0,0,NA,0,0,NA,0,0,NA,0,0,0,0,0,0,0,0,0,0,2,0
James Anderson,18,11,2015-11-28,26,SAC,A,GSW,-19,0,5:53,0,0,NA,0,0,NA,0,0,NA,0,2,2,0,0,0,0,0,0,0.6,9,2.5
James Anderson,20,12,2015-12-03,26,SAC,H,BOS,-17,0,4:18,1,3,0.333,1,2,0.5,2,2,1,0,1,1,0,0,0,1,0,5,2.6,4,6.3
James Anderson,22,13,2015-12-06,26,SAC,A,OKC,-3,0,10:09,0,2,0,0,0,NA,0,0,NA,0,1,1,0,0,0,1,2,0,-2.9,1,0.8
James Anderson,25,14,2015-12-15,26,SAC,H,HOU,10,0,1:29,0,1,0,0,0,NA,0,0,NA,0,0,0,0,0,0,0,0,0,-0.7,-3,0
James Anderson,31,15,2015-12-28,26,SAC,A,GSW,-19,0,22:15,2,8,0.25,0,1,0,1,1,1,2,2,4,1,1,0,1,2,5,2.1,4,13
James Anderson,33,16,2016-01-02,26,SAC,H,PHO,23,0,14:32,2,3,0.667,1,2,0.5,0,0,NA,0,3,3,0,0,0,1,2,5,2.8,12,8.8
James Anderson,34,17,2016-01-04,26,SAC,A,OKC,12,0,5:28,0,0,NA,0,0,NA,0,0,NA,0,1,1,0,0,0,0,1,0,-0.1,4,1.3
James Anderson,35,18,2016-01-05,26,SAC,A,DAL,-1,0,14:27,0,2,0,0,0,NA,0,0,NA,0,0,0,1,0,0,0,1,0,-1.1,-14,1.5
James Anderson,36,19,2016-01-07,26,SAC,H,LAL,3,0,12:48,0,0,NA,0,0,NA,0,0,NA,1,1,2,1,0,0,1,1,0,0.3,-7,3.5
James Anderson,41,20,2016-01-20,26,SAC,A,LAL,19,0,2:05,0,0,NA,0,0,NA,0,0,NA,1,0,1,1,0,0,0,0,0,1.4,-1,2.8
James Anderson,42,21,2016-01-21,26,SAC,H,ATL,3,0,0:13,0,0,NA,0,0,NA,0,0,NA,0,1,1,0,0,0,0,0,0,0.3,0,1.3
James Anderson,43,22,2016-01-23,26,SAC,H,IND,11,0,20:05,1,3,0.333,1,2,0.5,0,0,NA,0,3,3,1,0,1,0,3,3,2.4,7,10.8
James Anderson,44,23,2016-01-25,26,SAC,H,CHO,-1,0,8:49,0,1,0,0,1,0,0,0,NA,0,0,0,1,0,0,0,0,0,0,-11,1.5
James Anderson,45,24,2016-01-26,26,SAC,A,POR,-15,0,17:42,1,4,0.25,0,1,0,0,0,NA,0,2,2,3,0,1,0,2,2,2.2,-2,11
James Anderson,46,25,2016-01-28,26,SAC,A,NOP,-9,0,14:51,2,4,0.5,1,3,0.333,0,0,NA,0,1,1,0,1,0,1,0,5,3.3,-12,8.3
James Anderson,47,26,2016-01-30,26,SAC,A,MEM,-4,0,17:45,1,3,0.333,0,1,0,2,2,1,1,0,1,0,0,0,0,1,4,2.6,4,5.3
James Anderson,48,27,2016-02-01,26,SAC,H,MIL,7,0,8:38,0,1,0,0,1,0,0,0,NA,0,2,2,0,0,0,0,0,0,-0.1,4,2.5
James Anderson,50,28,2016-02-05,26,SAC,A,BRK,-9,0,15:13,4,8,0.5,0,2,0,0,0,NA,0,3,3,0,0,1,1,2,8,3.8,-3,13.3
James Anderson,51,29,2016-02-07,26,SAC,A,BOS,-9,1,17:45,1,2,0.5,0,0,NA,0,0,NA,0,2,2,0,0,2,1,0,2,2,-14,8
James Anderson,52,30,2016-02-08,26,SAC,A,CLE,-20,0,16:48,2,3,0.667,0,1,0,0,0,NA,0,3,3,1,1,2,3,5,4,1.7,-2,13.8
James Anderson,53,31,2016-02-10,26,SAC,A,PHI,4,0,4:52,0,1,0,0,1,0,0,0,NA,0,1,1,0,1,0,0,0,0,0.6,-2,3.3
James Anderson,54,32,2016-02-19,26,SAC,H,DEN,6,0,24:01,0,2,0,0,1,0,0,0,NA,0,1,1,1,1,0,3,3,0,-3.6,0,3.3
James Anderson,56,33,2016-02-24,26,SAC,H,SAS,-16,0,1:25,0,0,NA,0,0,NA,0,0,NA,0,0,0,0,1,0,0,0,0,1,-1,2
James Anderson,58,34,2016-02-29,26,SAC,H,OKC,-15,1,18:23,1,5,0.2,1,2,0.5,0,0,NA,0,3,3,1,1,0,0,1,3,2.1,6,10.8
James Anderson,59,35,2016-03-02,26,SAC,A,MEM,-6,0,5:00,0,0,NA,0,0,NA,0,0,NA,0,1,1,0,0,0,0,0,0,0.3,-10,1.3
James Anderson,63,36,2016-03-09,26,SAC,H,CLE,-9,0,9:03,0,1,0,0,1,0,0,0,NA,0,1,1,0,0,0,0,1,0,-0.8,-4,1.3
James Anderson,67,37,2016-03-16,26,SAC,H,NOP,-15,1,33:39,7,9,0.778,3,4,0.75,0,0,NA,1,3,4,1,1,0,1,1,17,15.4,-15,26.5
James Anderson,68,38,2016-03-18,26,SAC,A,DET,-7,1,29:17,4,8,0.5,2,5,0.4,0,0,NA,0,2,2,0,1,1,0,2,10,7.5,0,17.5
James Anderson,69,39,2016-03-20,26,SAC,A,NYK,8,0,2:27,0,0,NA,0,0,NA,0,0,NA,0,0,0,0,0,0,0,0,0,0,-6,0
James Anderson,70,40,2016-03-21,26,SAC,A,CHI,-7,1,15:40,1,6,0.167,0,4,0,0,0,NA,0,2,2,2,0,0,2,0,2,-1.8,-12,6.5
James Anderson,71,41,2016-03-23,26,SAC,A,MIN,-9,1,12:01,2,4,0.5,0,1,0,0,0,NA,0,1,1,0,0,0,0,1,4,1.9,-6,5.3
James Anderson,72,42,2016-03-25,27,SAC,H,PHO,22,0,13:53,0,2,0,0,1,0,0,0,NA,2,1,3,1,0,0,1,2,0,-0.8,1,4.8
James Anderson,73,43,2016-03-27,27,SAC,H,DAL,22,0,4:38,0,0,NA,0,0,NA,0,0,NA,0,0,0,1,0,0,0,0,0,0.7,-5,1.5
James Anderson,74,44,2016-03-28,27,SAC,A,POR,-12,0,22:03,2,4,0.5,1,2,0.5,3,4,0.75,0,2,2,2,1,0,1,3,8,6.4,4,15.5
James Anderson,76,45,2016-04-01,27,SAC,H,MIA,-6,0,19:11,3,5,0.6,1,3,0.333,0,0,NA,0,1,1,1,0,1,0,0,7,6.4,14,12.3
James Anderson,77,46,2016-04-02,27,SAC,A,DEN,9,0,22:39,4,10,0.4,2,6,0.333,3,3,1,1,7,8,4,0,0,0,2,13,12.4,9,30
James Anderson,78,47,2016-04-05,27,SAC,H,POR,-8,1,36:20,3,9,0.333,1,5,0.2,0,0,NA,0,1,1,2,0,1,3,2,7,0.5,-5,12.3
James Anderson,79,48,2016-04-07,27,SAC,H,MIN,-8,0,29:55,4,8,0.5,0,2,0,1,2,0.5,1,3,4,3,2,2,2,2,9,8.9,6,25.5
James Anderson,80,49,2016-04-09,27,SAC,H,OKC,2,1,24:24,2,7,0.286,1,4,0.25,0,0,NA,0,1,1,0,1,0,1,2,5,0.4,-12,8.3
James Anderson,81,50,2016-04-11,27,SAC,A,PHO,4,0,23:49,4,8,0.5,0,3,0,2,2,1,0,6,6,2,1,1,3,1,10,7.5,16,23
James Anderson,82,51,2016-04-13,27,SAC,A,HOU,-35,1,37:12,5,12,0.417,1,5,0.2,2,6,0.333,1,3,4,5,3,0,6,3,13,5.9,-18,29
Darren Collison,1,1,2015-10-28,28,SAC,H,LAC,-7,0,30:22,5,12,0.417,1,4,0.25,2,5,0.4,1,0,1,6,1,0,1,3,13,9.1,1,25.3
Darren Collison,2,2,2015-10-30,28,SAC,H,LAL,18,0,23:50,7,13,0.538,0,3,0,0,0,NA,0,1,1,3,1,0,1,0,14,10.1,-4,21.3
Darren Collison,3,3,2015-10-31,28,SAC,A,LAC,-5,0,35:00,6,16,0.375,1,2,0.5,2,2,1,1,2,3,6,0,0,2,4,15,8.1,-4,27.3
Darren Collison,4,4,2015-11-03,28,SAC,H,MEM,-14,0,30:45,4,10,0.4,3,4,0.75,7,8,0.875,0,1,1,1,1,0,1,1,18,12.8,-9,23.8
Darren Collison,5,5,2015-11-04,28,SAC,A,PHO,-21,1,32:23,6,10,0.6,0,0,NA,1,2,0.5,0,1,1,6,0,0,4,2,13,7.7,-10,21.3
Darren Collison,6,6,2015-11-06,28,SAC,H,HOU,-6,0,31:20,7,16,0.438,3,6,0.5,5,6,0.833,0,0,0,9,2,0,3,1,22,18.1,17,39.5
Darren Collison,12,7,2015-11-18,28,SAC,A,ATL,-6,0,27:44,3,9,0.333,1,3,0.333,0,0,NA,0,2,2,5,2,0,2,4,7,4.4,0,20.5
Darren Collison,13,8,2015-11-19,28,SAC,A,MIA,-7,0,20:43,4,7,0.571,0,0,NA,1,1,1,0,0,0,1,0,0,0,0,9,6.4,-15,10.5
Darren Collison,14,9,2015-11-21,28,SAC,A,ORL,6,1,35:43,2,11,0.182,1,3,0.333,4,4,1,0,2,2,1,3,0,4,0,9,2.4,-9,17.5
Darren Collison,15,10,2015-11-23,28,SAC,A,CHO,-5,0,29:08,3,11,0.273,0,3,0,1,1,1,0,3,3,4,0,0,1,2,7,2.4,-10,16.3
Darren Collison,16,11,2015-11-25,28,SAC,A,MIL,11,0,26:04,5,10,0.5,2,4,0.5,6,7,0.857,1,1,2,3,0,0,1,2,18,13.9,10,25.5
Darren Collison,17,12,2015-11-27,28,SAC,H,MIN,-10,0,23:14,4,9,0.444,2,4,0.5,0,0,NA,0,1,1,3,1,0,3,2,10,4.9,-17,17.3
Darren Collison,18,13,2015-11-28,28,SAC,A,GSW,-19,0,26:59,5,13,0.385,0,3,0,1,1,1,2,2,4,3,3,0,2,1,11,8.6,-19,25.5
Darren Collison,19,14,2015-11-30,28,SAC,H,DAL,14,0,27:53,4,8,0.5,1,5,0.2,6,6,1,1,4,5,3,0,0,1,3,15,12.8,8,25.8
Darren Collison,20,15,2015-12-03,28,SAC,H,BOS,-17,0,26:26,3,8,0.375,0,2,0,6,6,1,0,1,1,5,0,1,2,0,12,10.1,-8,21.8
Darren Collison,21,16,2015-12-05,28,SAC,A,HOU,-7,0,21:40,7,13,0.538,4,6,0.667,0,0,NA,0,1,1,6,1,0,0,2,18,16.4,-2,32.3
Darren Collison,22,17,2015-12-06,28,SAC,A,OKC,-3,0,33:15,4,10,0.4,2,4,0.5,6,6,1,1,1,2,5,2,0,2,2,16,14.3,9,30
Darren Collison,23,18,2015-12-08,28,SAC,H,UTA,8,0,24:56,3,8,0.375,0,3,0,0,0,NA,0,0,0,1,0,0,1,1,6,0.9,-5,7
Darren Collison,24,19,2015-12-10,28,SAC,H,NYK,2,0,24:55,7,12,0.583,0,2,0,2,2,1,0,1,1,3,0,0,2,0,16,10.8,-6,20.8
Darren Collison,25,20,2015-12-15,28,SAC,H,HOU,10,1,40:58,6,9,0.667,1,1,1,1,1,1,0,7,7,13,1,0,8,3,14,13.1,17,42.3
Darren Collison,26,21,2015-12-18,28,SAC,A,MIN,-4,0,26:48,6,10,0.6,2,5,0.4,1,3,0.333,0,0,0,1,0,0,0,3,15,9.1,9,17.5
Darren Collison,27,22,2015-12-20,28,SAC,A,TOR,10,0,26:24,4,7,0.571,1,2,0.5,2,2,1,0,1,1,2,1,0,1,5,11,7.4,-11,17.3
Darren Collison,28,23,2015-12-21,28,SAC,A,WAS,-14,0,30:53,4,8,0.5,1,3,0.333,4,5,0.8,2,1,3,8,0,0,2,3,13,12.7,-4,28.3
Darren Collison,29,24,2015-12-23,28,SAC,A,IND,2,0,35:12,11,17,0.647,2,5,0.4,0,0,NA,0,4,4,5,1,0,1,1,24,20.8,12,39
Darren Collison,30,25,2015-12-27,28,SAC,H,POR,-4,0,28:18,3,9,0.333,0,3,0,4,4,1,1,1,2,2,3,0,2,3,10,7.1,-11,20.5
Darren Collison,31,26,2015-12-28,28,SAC,A,GSW,-19,0,33:17,5,16,0.313,1,3,0.333,2,2,1,1,5,6,11,2,0,2,0,13,13.7,-12,42
Darren Collison,32,27,2015-12-30,28,SAC,H,PHI,-5,0,28:42,5,11,0.455,1,3,0.333,2,2,1,1,4,5,4,1,0,2,1,13,10.6,6,26.8
Darren Collison,33,28,2016-01-02,28,SAC,H,PHO,23,0,28:56,7,10,0.7,2,4,0.5,5,6,0.833,0,2,2,6,0,0,1,5,21,18.2,26,33
Darren Collison,34,29,2016-01-04,28,SAC,A,OKC,12,0,29:33,6,14,0.429,1,3,0.333,1,1,1,0,0,0,4,0,0,3,0,14,6.4,23,19
Darren Collison,35,30,2016-01-05,28,SAC,A,DAL,-1,1,47:01,6,14,0.429,0,4,0,2,3,0.667,0,4,4,12,2,0,3,1,14,14.4,-4,41
Darren Collison,36,31,2016-01-07,28,SAC,H,LAL,3,0,17:53,1,3,0.333,1,1,1,0,0,NA,0,2,2,2,0,0,3,0,3,0.3,-3,7.5
Darren Collison,37,32,2016-01-09,28,SAC,H,GSW,-12,0,31:29,5,10,0.5,1,2,0.5,5,5,1,0,2,2,6,1,0,1,1,16,15.4,-3,29.5
Darren Collison,38,33,2016-01-13,28,SAC,H,NOP,-12,0,28:42,4,9,0.444,1,4,0.25,1,2,0.5,1,2,3,4,1,0,3,3,10,5.8,-9,20.8
Darren Collison,39,34,2016-01-14,28,SAC,A,UTA,2,0,23:36,1,5,0.2,1,1,1,0,2,0,0,2,2,1,1,0,1,3,3,-0.8,-3,9
Darren Collison,40,35,2016-01-16,28,SAC,A,LAC,7,0,31:00,5,9,0.556,2,3,0.667,5,6,0.833,0,4,4,5,1,0,1,3,17,15.8,3,32
Darren Collison,41,36,2016-01-20,28,SAC,A,LAL,19,0,21:16,3,5,0.6,1,2,0.5,3,4,0.75,0,2,2,0,0,0,1,1,10,6.5,1,12.5
Darren Collison,42,37,2016-01-21,28,SAC,H,ATL,3,0,16:19,1,5,0.2,0,0,NA,1,2,0.5,0,0,0,0,1,0,1,1,3,-0.9,-14,4.5
Darren Collison,43,38,2016-01-23,28,SAC,H,IND,11,0,24:43,4,10,0.4,2,2,1,1,1,1,1,1,2,1,1,0,1,1,11,6.9,6,17.5
Darren Collison,44,39,2016-01-25,28,SAC,H,CHO,-1,0,38:50,5,12,0.417,1,4,0.25,4,4,1,1,2,3,6,2,0,2,4,15,12.5,1,31.3
Darren Collison,45,40,2016-01-26,28,SAC,A,POR,-15,0,20:51,2,4,0.5,1,1,1,1,2,0.5,0,2,2,1,1,0,3,1,6,2.5,-13,11
Darren Collison,46,41,2016-01-28,28,SAC,A,NOP,-9,0,25:35,4,10,0.4,0,2,0,0,0,NA,0,1,1,3,1,0,0,2,8,5.2,6,15.8
Darren Collison,47,42,2016-01-30,28,SAC,A,MEM,-4,0,27:58,7,14,0.5,1,3,0.333,5,6,0.833,1,1,2,2,2,0,2,4,20,13.4,10,29
Darren Collison,48,43,2016-02-01,28,SAC,H,MIL,7,0,21:36,5,11,0.455,1,4,0.25,3,4,0.75,0,3,3,0,0,0,2,3,14,5.6,-4,17.3
Darren Collison,49,44,2016-02-03,28,SAC,H,CHI,-5,0,29:46,8,11,0.727,0,2,0,3,4,0.75,0,2,2,2,0,0,0,0,19,16.1,1,24.5
Darren Collison,50,45,2016-02-05,28,SAC,A,BRK,-9,0,25:22,7,9,0.778,2,3,0.667,9,9,1,1,2,3,1,2,0,2,2,25,22.7,6,34.3
Darren Collison,51,46,2016-02-07,28,SAC,A,BOS,-9,0,28:29,6,11,0.545,2,4,0.5,2,2,1,1,1,2,4,2,0,1,0,16,15.5,16,29
Darren Collison,52,47,2016-02-08,28,SAC,A,CLE,-20,0,21:14,3,7,0.429,1,2,0.5,4,4,1,0,0,0,4,0,0,0,2,11,9.3,-5,17.5
Darren Collison,53,48,2016-02-10,28,SAC,A,PHI,4,0,31:48,9,12,0.75,2,2,1,5,6,0.833,0,3,3,3,0,0,1,1,25,21.4,10,33.8
Darren Collison,54,49,2016-02-19,28,SAC,H,DEN,6,0,33:26,7,15,0.467,1,5,0.2,2,2,1,0,2,2,2,2,0,1,2,17,11.5,6,26.5
Darren Collison,55,50,2016-02-23,28,SAC,A,DEN,4,0,32:20,3,7,0.429,0,2,0,3,4,0.75,0,4,4,5,1,0,2,2,9,7.8,7,22.5
Darren Collison,56,51,2016-02-24,28,SAC,H,SAS,-16,0,31:23,7,8,0.875,0,0,NA,1,2,0.5,1,2,3,6,1,0,2,1,15,15.9,-29,28.8
Darren Collison,57,52,2016-02-26,28,SAC,H,LAC,-10,1,37:26,6,9,0.667,3,3,1,3,4,0.75,0,3,3,5,2,0,2,1,18,17.7,-7,33.8
Darren Collison,58,53,2016-02-29,28,SAC,H,OKC,-15,0,33:51,5,10,0.5,2,5,0.4,0,0,NA,1,2,3,4,0,0,0,2,12,10.3,-24,22.8
Darren Collison,59,54,2016-03-02,28,SAC,A,MEM,-6,0,28:13,5,10,0.5,4,6,0.667,3,4,0.75,0,0,0,1,0,0,5,5,17,5.3,-4,18
Darren Collison,60,55,2016-03-03,28,SAC,A,DAL,3,0,28:25,5,8,0.625,1,2,0.5,3,4,0.75,1,0,1,2,1,0,1,2,14,11.3,1,20.3
Darren Collison,61,56,2016-03-05,28,SAC,A,SAS,-10,0,33:22,5,9,0.556,0,0,NA,2,2,1,0,3,3,7,2,1,1,0,12,15.2,1,31.8
Darren Collison,62,57,2016-03-07,28,SAC,A,NOP,-3,0,34:49,2,10,0.2,0,3,0,1,1,1,0,2,2,6,1,0,6,2,5,-2.2,-4,15.5
Darren Collison,63,58,2016-03-09,28,SAC,H,CLE,-9,1,39:02,5,12,0.417,2,3,0.667,3,3,1,2,3,5,8,2,1,1,3,15,17,-5,39.8
Darren Collison,64,59,2016-03-11,28,SAC,H,ORL,-7,1,36:45,3,14,0.214,0,6,0,2,3,0.667,1,1,2,6,3,0,0,4,8,5.6,-14,25.5
Darren Collison,65,60,2016-03-13,28,SAC,H,UTA,-9,1,32:21,5,9,0.556,0,4,0,4,4,1,0,2,2,5,2,0,2,3,14,12.6,-1,27
Darren Collison,66,61,2016-03-15,28,SAC,A,LAL,8,1,41:06,10,14,0.714,1,2,0.5,1,2,0.5,0,1,1,6,1,0,5,3,22,15.1,16,32.3
Darren Collison,67,62,2016-03-16,28,SAC,H,NOP,-15,1,27:13,8,15,0.533,3,3,1,4,4,1,0,1,1,4,0,0,0,4,23,17.2,-13,31.8
Darren Collison,68,63,2016-03-18,28,SAC,A,DET,-7,0,31:44,4,9,0.444,1,3,0.333,1,1,1,0,0,0,2,1,0,1,0,10,6.7,-3,15
Darren Collison,69,64,2016-03-20,28,SAC,A,NYK,8,1,40:09,4,13,0.308,3,5,0.6,2,2,1,0,3,3,6,3,0,0,2,13,12.8,-2,33.3
Darren Collison,70,65,2016-03-21,28,SAC,A,CHI,-7,0,32:20,6,10,0.6,4,5,0.8,3,3,1,1,3,4,4,0,0,1,2,19,17,5,31.5
Darren Collison,71,66,2016-03-23,28,SAC,A,MIN,-9,0,26:46,4,10,0.4,1,2,0.5,3,4,0.75,1,2,3,4,1,0,1,1,12,9.9,2,23.8
Darren Collison,72,67,2016-03-25,28,SAC,H,PHO,22,0,26:27,5,10,0.5,0,1,0,1,1,1,0,3,3,3,3,0,1,1,11,10.6,11,24.8
Darren Collison,73,68,2016-03-27,28,SAC,H,DAL,22,0,26:48,7,11,0.636,1,2,0.5,2,2,1,0,2,2,4,1,0,0,1,17,16.1,14,28
Darren Collison,74,69,2016-03-28,28,SAC,A,POR,-12,1,32:08,5,13,0.385,0,0,NA,0,0,NA,0,2,2,7,3,0,2,2,10,8.6,-22,28
Darren Collison,75,70,2016-03-30,28,SAC,H,WAS,9,0,30:58,5,8,0.625,1,3,0.333,2,2,1,0,4,4,10,1,1,2,1,13,16.9,7,38
Darren Collison,76,71,2016-04-01,28,SAC,H,MIA,-6,0,34:04,8,13,0.615,1,3,0.333,9,9,1,1,1,2,2,0,0,2,3,26,19.3,4,31
Darren Collison,77,72,2016-04-02,28,SAC,A,DEN,9,1,39:11,4,13,0.308,0,1,0,6,7,0.857,1,3,4,8,0,0,3,2,14,9.5,12,29.5
Darren Collison,79,73,2016-04-07,28,SAC,H,MIN,-8,1,36:58,7,12,0.583,1,3,0.333,4,4,1,0,2,2,6,0,0,2,4,19,14.6,-5,30
Darren Collison,80,74,2016-04-09,28,SAC,H,OKC,2,1,36:47,10,16,0.625,4,6,0.667,3,3,1,0,5,5,8,1,0,4,2,27,23.1,-7,47.3
