Kyle Lowry,1,1,2015-10-28,29,TOR,H,IND,7,1,38:58,8,17,0.471,2,4,0.5,5,6,0.833,1,2,3,6,2,0,5,4,23,14.8,8,38.3
Kyle Lowry,2,2,2015-10-30,29,TOR,A,BOS,10,1,34:14,3,11,0.273,0,1,0,8,10,0.8,1,6,7,9,3,2,3,4,14,15.3,3,44.8
Kyle Lowry,3,3,2015-11-01,29,TOR,H,MIL,19,1,29:18,5,10,0.5,1,5,0.2,4,4,1,2,3,5,7,4,0,1,3,15,19,19,39.8
Kyle Lowry,4,4,2015-11-03,29,TOR,A,DAL,11,1,36:48,9,15,0.6,4,5,0.8,5,5,1,0,5,5,10,3,2,4,4,27,27.4,25,59.8
Kyle Lowry,5,5,2015-11-04,29,TOR,A,OKC,5,1,33:51,5,14,0.357,3,8,0.375,4,6,0.667,0,4,4,1,2,0,5,4,17,5.7,3,26.5
Kyle Lowry,6,6,2015-11-06,29,TOR,A,ORL,-5,1,31:44,6,16,0.375,3,7,0.429,2,3,0.667,1,4,5,3,1,0,3,3,17,8.6,-2,29.8
Kyle Lowry,7,7,2015-11-08,29,TOR,A,MIA,-20,1,36:52,4,16,0.25,2,8,0.25,5,6,0.833,1,5,6,8,1,0,2,2,15,11,-16,36.5
Kyle Lowry,8,8,2015-11-10,29,TOR,H,NYK,-2,1,36:59,8,18,0.444,2,5,0.4,5,7,0.714,1,5,6,9,3,1,4,5,23,19,9,51
Kyle Lowry,9,9,2015-11-11,29,TOR,A,PHI,16,1,28:57,6,12,0.5,2,6,0.333,9,10,0.9,0,3,3,8,2,0,2,2,23,22.3,14,42.8
Kyle Lowry,10,10,2015-11-13,29,TOR,H,NOP,19,1,34:38,4,13,0.308,4,8,0.5,8,8,1,0,6,6,5,4,1,2,1,20,20.1,9,46
Kyle Lowry,11,11,2015-11-15,29,TOR,A,SAC,-6,1,38:55,8,19,0.421,6,12,0.5,0,0,NA,0,2,2,7,4,1,5,3,22,15.9,-5,45.5
Kyle Lowry,12,12,2015-11-17,29,TOR,A,GSW,-5,1,38:37,7,15,0.467,2,7,0.286,12,12,1,3,3,6,3,2,1,2,6,28,23.7,0,46
Kyle Lowry,13,13,2015-11-18,29,TOR,A,UTA,-4,1,37:13,6,17,0.353,1,7,0.143,7,7,1,0,3,3,6,3,0,5,2,20,12.8,0,36.8
Kyle Lowry,14,14,2015-11-20,29,TOR,A,LAL,11,1,36:13,7,16,0.438,7,11,0.636,4,4,1,0,5,5,5,3,0,1,2,25,22.8,14,47.8
Kyle Lowry,15,15,2015-11-22,29,TOR,A,LAC,11,1,37:36,2,11,0.182,1,4,0.25,8,8,1,1,2,3,10,3,0,4,4,13,11.8,14,37.8
Kyle Lowry,16,16,2015-11-25,29,TOR,H,CLE,4,1,37:35,11,17,0.647,2,6,0.333,3,5,0.6,1,2,3,6,4,1,0,2,27,28.1,10,50.8
Kyle Lowry,17,17,2015-11-28,29,TOR,A,WAS,2,1,33:56,9,19,0.474,6,11,0.545,3,4,0.75,1,6,7,3,2,1,6,5,27,16.2,6,46.3
Kyle Lowry,18,18,2015-11-29,29,TOR,H,PHO,-5,1,33:31,5,14,0.357,4,9,0.444,3,3,1,1,7,8,5,1,0,3,4,17,11.9,-7,37
Kyle Lowry,19,19,2015-12-02,29,TOR,A,ATL,10,1,37:15,9,17,0.529,2,7,0.286,11,12,0.917,0,5,5,5,2,0,2,5,31,25.3,10,48.8
Kyle Lowry,20,20,2015-12-03,29,TOR,H,DEN,-1,1,36:39,4,16,0.25,3,10,0.3,5,7,0.714,1,5,6,8,4,2,3,2,16,15,-3,47.5
Kyle Lowry,21,21,2015-12-05,29,TOR,H,GSW,-3,1,38:29,14,26,0.538,6,10,0.6,7,8,0.875,1,2,3,7,4,1,1,2,41,37.1,8,67.8
Kyle Lowry,22,22,2015-12-07,29,TOR,H,LAL,9,1,37:58,9,19,0.474,5,11,0.455,4,4,1,1,6,7,6,0,0,2,1,27,21.6,6,46.3
Kyle Lowry,23,23,2015-12-09,29,TOR,H,SAS,3,1,37:12,6,11,0.545,1,3,0.333,6,6,1,0,5,5,8,1,0,4,2,19,17,5,37.8
Kyle Lowry,24,24,2015-12-11,29,TOR,H,MIL,7,1,35:17,5,16,0.313,2,8,0.25,0,0,NA,0,7,7,5,1,2,5,3,12,4.6,0,32.8
Kyle Lowry,25,25,2015-12-13,29,TOR,H,PHI,20,1,34:59,5,15,0.333,3,8,0.375,3,4,0.75,0,5,5,3,1,3,2,1,16,11.4,15,35.3
Kyle Lowry,26,26,2015-12-14,29,TOR,A,IND,-16,1,34:08,7,14,0.5,2,5,0.4,4,4,1,0,2,2,4,1,0,5,5,20,10.4,-10,29
Kyle Lowry,27,27,2015-12-17,29,TOR,A,CHO,-10,1,42:23,6,29,0.207,3,17,0.176,5,7,0.714,1,3,4,7,1,0,0,3,20,7.6,-9,39
Kyle Lowry,28,28,2015-12-18,29,TOR,A,MIA,14,1,37:54,8,18,0.444,1,4,0.25,4,4,1,0,3,3,4,4,0,1,2,21,17.5,17,38.8
Kyle Lowry,29,29,2015-12-20,29,TOR,H,SAC,-10,1,24:42,4,13,0.308,1,6,0.167,4,5,0.8,3,2,5,4,1,0,1,2,13,9.8,-7,27.3
Kyle Lowry,30,30,2015-12-22,29,TOR,H,DAL,4,1,37:57,6,13,0.462,2,4,0.5,3,3,1,0,10,10,7,0,1,2,2,17,16.1,2,43.5
Kyle Lowry,31,31,2015-12-26,29,TOR,A,MIL,21,1,31:41,6,15,0.4,2,6,0.333,2,2,1,0,2,2,9,1,0,4,1,16,11.4,4,33
Kyle Lowry,32,32,2015-12-28,29,TOR,A,CHI,-7,1,40:06,9,15,0.6,3,4,0.75,7,8,0.875,0,6,6,9,3,0,3,0,28,28.8,12,55
Kyle Lowry,33,33,2015-12-30,29,TOR,H,WAS,3,1,34:57,2,12,0.167,2,8,0.25,5,5,1,0,3,3,6,2,0,6,2,11,3.7,0,25.8
Kyle Lowry,34,34,2016-01-01,29,TOR,H,CHO,10,1,41:17,6,16,0.375,2,7,0.286,4,4,1,3,3,6,11,2,0,6,4,18,14.3,14,45.5
Kyle Lowry,35,35,2016-01-03,29,TOR,H,CHI,-2,1,39:14,8,22,0.364,3,9,0.333,3,4,0.75,0,5,5,10,1,1,3,2,22,15.8,-6,48.8
Kyle Lowry,36,36,2016-01-04,29,TOR,A,CLE,-22,1,35:00,7,13,0.538,3,5,0.6,6,6,1,0,4,4,10,2,1,0,1,23,27.2,-16,52
Kyle Lowry,37,37,2016-01-06,29,TOR,A,BRK,17,1,35:36,7,14,0.5,0,7,0,3,3,1,0,8,8,6,5,0,2,2,17,18.8,1,45
Kyle Lowry,38,38,2016-01-08,29,TOR,A,WAS,9,1,41:09,8,18,0.444,3,6,0.5,2,2,1,1,9,10,4,4,1,6,2,21,15.7,4,49.5
Kyle Lowry,39,39,2016-01-09,29,TOR,A,PHI,13,1,38:40,10,17,0.588,1,4,0.25,4,5,0.8,2,4,6,5,2,0,3,3,25,20.6,20,43
Kyle Lowry,40,40,2016-01-14,29,TOR,A,ORL,3,1,46:44,5,20,0.25,2,9,0.222,12,14,0.857,1,7,8,6,1,1,2,2,24,17.1,-9,47
Kyle Lowry,41,41,2016-01-18,29,TOR,H,BRK,12,1,39:34,10,13,0.769,7,9,0.778,4,6,0.667,0,2,2,8,3,0,1,2,31,32.5,22,54.5
Kyle Lowry,42,42,2016-01-20,29,TOR,H,BOS,6,1,36:36,4,11,0.364,4,9,0.444,2,2,1,0,2,2,8,3,0,6,4,14,9.5,16,33.5
Kyle Lowry,43,43,2016-01-22,29,TOR,H,MIA,20,1,38:05,5,12,0.417,2,7,0.286,3,3,1,0,4,4,6,2,1,2,1,15,14.3,17,35
Kyle Lowry,44,44,2016-01-24,29,TOR,H,LAC,18,1,36:20,7,14,0.5,3,6,0.5,4,5,0.8,1,3,4,6,0,0,3,3,21,15.2,11,35
Kyle Lowry,45,45,2016-01-26,29,TOR,H,WAS,17,1,36:21,8,14,0.571,5,9,0.556,8,8,1,1,3,4,4,2,0,3,4,29,24.2,12,45
Kyle Lowry,46,46,2016-01-28,29,TOR,H,NYK,10,1,41:07,8,16,0.5,3,5,0.6,7,8,0.875,3,3,6,10,3,0,3,2,26,26.8,15,56
Kyle Lowry,47,47,2016-01-30,29,TOR,H,DET,4,1,39:35,4,15,0.267,1,5,0.2,9,12,0.75,1,7,8,0,3,0,2,4,18,10.1,-5,33.5
Kyle Lowry,48,48,2016-02-01,29,TOR,A,DEN,-19,1,32:00,3,12,0.25,1,6,0.167,3,8,0.375,1,1,2,2,3,0,2,2,10,3.4,-20,21
Kyle Lowry,49,49,2016-02-02,29,TOR,A,PHO,7,1,41:35,8,15,0.533,5,10,0.5,5,5,1,1,2,3,4,2,0,1,1,26,23.4,3,41.8
Kyle Lowry,50,50,2016-02-04,29,TOR,A,POR,7,1,39:56,10,19,0.526,7,10,0.7,3,5,0.6,0,6,6,8,2,2,7,2,30,22.9,-2,57.5
Kyle Lowry,51,51,2016-02-08,29,TOR,A,DET,14,1,37:45,9,14,0.643,2,5,0.4,5,5,1,0,3,3,7,2,0,2,1,25,24.2,18,43.3
Kyle Lowry,52,52,2016-02-10,29,TOR,A,MIN,-5,1,38:41,4,15,0.267,1,7,0.143,5,8,0.625,2,2,4,7,1,1,1,5,14,9.5,-6,33.5
Kyle Lowry,53,53,2016-02-19,29,TOR,A,CHI,-10,1,37:01,9,18,0.5,2,7,0.286,7,8,0.875,1,2,3,8,1,1,1,3,27,24,-8,47.3
Kyle Lowry,54,54,2016-02-21,29,TOR,H,MEM,13,1,39:53,6,13,0.462,2,6,0.333,4,5,0.8,0,4,4,7,1,0,2,2,18,15.2,10,35.5
Kyle Lowry,55,55,2016-02-22,29,TOR,A,NYK,27,1,35:16,7,13,0.538,2,4,0.5,6,6,1,4,7,11,11,0,0,2,1,22,25.9,19,56.8
Kyle Lowry,56,56,2016-02-24,29,TOR,H,MIN,9,1,39:14,6,14,0.429,3,8,0.375,6,6,1,1,2,3,6,1,0,0,3,21,18.9,1,37.3
Kyle Lowry,57,57,2016-02-26,29,TOR,H,CLE,2,1,42:49,15,20,0.75,2,5,0.4,11,15,0.733,0,5,5,9,4,0,2,4,43,41.6,11,70.8
Kyle Lowry,59,58,2016-03-02,29,TOR,H,UTA,10,1,40:13,13,20,0.65,3,8,0.375,3,3,1,0,4,4,5,3,1,5,3,32,25.4,11,51.5
Kyle Lowry,60,59,2016-03-04,29,TOR,H,POR,2,1,36:39,8,15,0.533,3,5,0.6,9,15,0.6,1,4,5,6,2,0,3,3,28,22.2,9,47.3
Kyle Lowry,61,60,2016-03-06,29,TOR,H,HOU,-6,1,38:17,5,10,0.5,4,7,0.571,3,5,0.6,1,3,4,9,3,0,3,3,17,17.9,-2,42
Kyle Lowry,62,61,2016-03-08,29,TOR,H,BRK,5,1,41:57,7,16,0.438,4,8,0.5,5,9,0.556,1,3,4,9,1,0,5,0,23,16.9,7,43
Kyle Lowry,63,62,2016-03-10,29,TOR,H,ATL,8,1,37:57,6,14,0.429,1,8,0.125,6,8,0.75,0,1,1,7,2,0,3,5,19,13,4,33.8
Kyle Lowry,64,63,2016-03-12,29,TOR,H,MIA,8,1,44:35,4,16,0.25,2,8,0.25,6,6,1,1,6,7,2,2,0,4,5,16,6.3,9,30.8
Kyle Lowry,65,64,2016-03-14,29,TOR,H,CHI,-2,1,40:36,10,20,0.5,2,5,0.4,11,13,0.846,1,10,11,7,3,0,3,4,33,29.2,-1,64.3
Kyle Lowry,66,65,2016-03-15,29,TOR,A,MIL,18,1,28:11,5,9,0.556,4,6,0.667,11,13,0.846,1,3,4,11,0,0,2,1,25,26.8,21,49
Kyle Lowry,67,66,2016-03-17,29,TOR,A,IND,7,1,43:24,8,21,0.381,4,11,0.364,8,9,0.889,0,8,8,4,3,0,8,3,28,15.1,12,48
Kyle Lowry,68,67,2016-03-18,29,TOR,H,BOS,14,1,36:59,9,14,0.643,5,8,0.625,9,14,0.643,1,3,4,5,2,1,3,2,32,27.8,20,51.5
Kyle Lowry,69,68,2016-03-20,29,TOR,H,ORL,5,1,40:07,5,15,0.333,1,4,0.25,7,10,0.7,0,5,5,7,3,0,3,1,18,14.3,3,39.8
Kyle Lowry,71,69,2016-03-25,30,TOR,A,HOU,-3,1,41:37,4,19,0.211,3,10,0.3,4,9,0.444,0,2,2,8,1,1,0,4,15,7.6,0,35
Kyle Lowry,72,70,2016-03-26,30,TOR,A,NOP,24,1,28:26,3,13,0.231,0,8,0,5,7,0.714,1,1,2,8,2,0,1,4,11,8.3,28,29
Kyle Lowry,73,71,2016-03-28,30,TOR,H,OKC,-19,1,36:27,4,14,0.286,2,8,0.25,4,8,0.5,1,1,2,4,0,0,4,4,14,2.4,-19,21.5
Kyle Lowry,74,72,2016-03-30,30,TOR,H,ATL,8,1,40:02,4,19,0.211,2,4,0.5,7,8,0.875,0,6,6,11,2,0,5,1,17,11,4,45
Kyle Lowry,75,73,2016-04-01,30,TOR,A,MEM,4,1,36:26,7,17,0.412,4,10,0.4,4,4,1,0,3,3,2,1,1,5,4,22,10.3,-4,32.3
Kyle Lowry,77,74,2016-04-05,30,TOR,H,CHO,6,1,39:43,8,16,0.5,3,8,0.375,2,3,0.667,0,4,4,6,0,1,4,4,21,13.1,-1,36.5
Kyle Lowry,78,75,2016-04-07,30,TOR,A,ATL,-8,1,34:19,6,15,0.4,2,6,0.333,2,5,0.4,1,3,4,6,1,0,2,4,16,9.9,-6,32
Kyle Lowry,80,76,2016-04-10,30,TOR,A,NYK,4,1,31:56,5,15,0.333,4,7,0.571,1,2,0.5,0,0,0,7,2,1,0,2,15,12.9,-3,33.5
Kyle Lowry,81,77,2016-04-12,30,TOR,H,PHI,24,1,26:16,4,13,0.308,3,8,0.375,0,0,NA,1,3,4,4,2,0,2,1,11,7.5,12,26.5
James Johnson,1,1,2015-10-28,28,TOR,H,IND,7,0,3:02,0,0,NA,0,0,NA,0,0,NA,0,0,0,0,0,0,0,0,0,0,6,0
James Johnson,2,2,2015-10-30,28,TOR,A,BOS,10,0,7:54,0,0,NA,0,0,NA,0,0,NA,0,1,1,1,0,0,0,1,0,0.6,4,2.8
James Johnson,3,3,2015-11-01,28,TOR,H,MIL,19,0,2:22,0,0,NA,0,0,NA,0,0,NA,0,0,0,0,0,0,1,0,0,-1,-2,-0.5
James Johnson,7,4,2015-11-08,28,TOR,A,MIA,-20,1,25:37,3,5,0.6,0,0,NA,1,4,0.25,1,6,7,2,1,0,2,3,7,5.2,-4,19.8
James Johnson,8,5,2015-11-10,28,TOR,H,NYK,-2,1,29:29,1,3,0.333,1,2,0.5,4,6,0.667,1,2,3,3,1,3,2,4,7,7.4,4,22.8
James Johnson,9,6,2015-11-11,28,TOR,A,PHI,16,1,29:58,3,6,0.5,0,1,0,2,2,1,1,4,5,3,1,1,2,1,8,8.3,17,21.8
James Johnson,11,7,2015-11-15,28,TOR,A,SAC,-6,0,11:52,0,2,0,0,0,NA,1,2,0.5,0,3,3,1,2,0,1,1,1,1.4,8,9.8
James Johnson,12,8,2015-11-17,28,TOR,A,GSW,-5,0,9:23,3,4,0.75,0,1,0,0,0,NA,1,1,2,0,0,0,3,0,6,2.4,-5,7
James Johnson,13,9,2015-11-18,28,TOR,A,UTA,-4,0,14:50,2,2,1,0,0,NA,0,0,NA,0,1,1,1,0,1,2,1,4,2.7,5,7.8
James Johnson,14,10,2015-11-20,28,TOR,A,LAL,11,0,15:13,2,2,1,1,1,1,0,0,NA,1,3,4,0,0,1,2,1,5,4.3,10,11.5
James Johnson,15,11,2015-11-22,28,TOR,A,LAC,11,0,6:50,1,3,0.333,0,1,0,0,0,NA,1,0,1,0,0,0,0,0,2,1,6,3.3
James Johnson,16,12,2015-11-25,28,TOR,H,CLE,4,0,5:28,0,0,NA,0,0,NA,0,0,NA,0,1,1,0,0,0,0,1,0,-0.1,2,1.3
James Johnson,17,13,2015-11-28,28,TOR,A,WAS,2,0,4:50,2,3,0.667,0,0,NA,0,0,NA,1,0,1,1,1,0,0,0,4,5.1,-1,8.8
James Johnson,18,14,2015-11-29,28,TOR,H,PHO,-5,0,11:36,4,7,0.571,0,0,NA,0,0,NA,0,1,1,1,1,0,1,0,8,5.7,7,12.3
James Johnson,20,15,2015-12-03,28,TOR,H,DEN,-1,0,4:08,2,2,1,0,0,NA,0,0,NA,0,3,3,0,0,0,0,0,4,4.3,-2,7.8
James Johnson,21,16,2015-12-05,28,TOR,H,GSW,-3,0,5:29,0,0,NA,0,0,NA,1,2,0.5,0,0,0,1,0,0,0,1,1,0.9,-1,2.5
James Johnson,22,17,2015-12-07,28,TOR,H,LAL,9,0,16:51,2,3,0.667,0,0,NA,0,0,NA,0,0,0,0,2,0,0,2,4,3.9,-2,8
James Johnson,23,18,2015-12-09,28,TOR,H,SAS,3,0,15:34,0,1,0,0,0,NA,2,2,1,0,3,3,3,1,0,0,2,2,4.5,-3,12.3
James Johnson,24,19,2015-12-11,28,TOR,H,MIL,7,0,10:41,3,4,0.75,1,1,1,0,2,0,0,2,2,0,1,0,1,4,7,3.6,0,11.5
James Johnson,25,20,2015-12-13,28,TOR,H,PHI,20,0,15:06,3,6,0.5,1,2,0.5,2,4,0.5,2,2,4,2,0,1,1,2,9,7.5,-6,19
James Johnson,26,21,2015-12-14,28,TOR,A,IND,-16,0,18:58,2,5,0.4,0,2,0,4,4,1,1,0,1,2,0,1,0,1,8,7.7,-8,14.3
James Johnson,27,22,2015-12-17,28,TOR,A,CHO,-10,0,12:32,3,5,0.6,0,1,0,3,5,0.6,1,2,3,0,0,0,3,3,9,3,-1,11.3
James Johnson,28,23,2015-12-18,28,TOR,A,MIA,14,1,32:11,5,9,0.556,1,2,0.5,2,2,1,1,0,1,5,1,1,0,1,13,14.2,12,26.3
James Johnson,29,24,2015-12-20,28,TOR,H,SAC,-10,1,32:29,7,11,0.636,0,2,0,0,0,NA,1,5,6,1,2,1,2,1,14,12.3,4,28
James Johnson,31,25,2015-12-26,28,TOR,A,MIL,21,1,15:29,3,6,0.5,0,1,0,0,0,NA,1,1,2,0,1,2,0,2,6,5.6,2,14.5
James Johnson,32,26,2015-12-28,28,TOR,A,CHI,-7,0,7:10,1,4,0.25,0,1,0,0,0,NA,0,0,0,1,0,0,0,0,2,0.3,-9,3.5
James Johnson,34,27,2016-01-01,28,TOR,H,CHO,10,0,5:10,0,0,NA,0,0,NA,0,0,NA,0,0,0,0,0,0,0,0,0,0,-5,0
James Johnson,36,28,2016-01-04,28,TOR,A,CLE,-22,1,22:40,2,5,0.4,1,2,0.5,0,2,0,0,0,0,0,1,0,0,3,5,1.3,-17,7.5
James Johnson,37,29,2016-01-06,28,TOR,A,BRK,17,1,26:18,3,6,0.5,0,1,0,2,2,1,2,3,5,0,0,2,2,3,8,5.5,19,17.3
James Johnson,38,30,2016-01-08,28,TOR,A,WAS,9,1,21:27,4,6,0.667,0,0,NA,0,0,NA,2,7,9,0,0,1,2,0,8,7.6,4,20.3
James Johnson,39,31,2016-01-09,28,TOR,A,PHI,13,1,12:37,2,5,0.4,0,1,0,1,1,1,0,0,0,0,1,0,1,3,5,1.1,-8,6.5
James Johnson,40,32,2016-01-14,28,TOR,A,ORL,3,1,17:28,1,4,0.25,0,0,NA,0,0,NA,0,0,0,1,2,0,0,0,2,2.3,-10,7.5
James Johnson,41,33,2016-01-18,28,TOR,H,BRK,12,1,18:41,3,7,0.429,2,3,0.667,0,0,NA,0,1,1,0,0,0,1,1,8,3.2,-8,9.8
James Johnson,42,34,2016-01-20,28,TOR,H,BOS,6,1,19:37,2,3,0.667,1,2,0.5,0,0,NA,0,3,3,3,0,1,1,0,5,6.4,9,15.3
James Johnson,43,35,2016-01-22,28,TOR,H,MIA,20,1,27:10,3,7,0.429,2,4,0.5,0,0,NA,1,2,3,2,0,2,2,1,8,6,14,18.8
James Johnson,44,36,2016-01-24,28,TOR,H,LAC,18,1,14:47,1,4,0.25,0,0,NA,0,0,NA,0,1,1,2,0,0,1,4,2,-1.3,-7,5.8
James Johnson,45,37,2016-01-26,28,TOR,H,WAS,17,1,15:11,1,4,0.25,0,2,0,0,0,NA,0,2,2,2,0,1,2,1,2,-0.1,3,8.5
James Johnson,46,38,2016-01-28,28,TOR,H,NYK,10,1,16:01,0,3,0,0,1,0,1,4,0.25,1,0,1,1,1,4,1,3,1,0.7,-12,13.3
James Johnson,47,39,2016-01-30,28,TOR,H,DET,4,1,21:23,4,5,0.8,1,1,1,2,2,1,2,5,7,0,2,0,0,2,11,13.2,4,24.3
James Johnson,48,40,2016-02-01,28,TOR,A,DEN,-19,1,10:10,1,2,0.5,1,1,1,0,0,NA,0,2,2,1,0,1,2,2,3,1.2,-7,8.5
James Johnson,53,41,2016-02-19,28,TOR,A,CHI,-10,1,14:37,1,3,0.333,0,0,NA,0,2,0,0,1,1,1,0,1,0,1,2,0.8,2,6.8
James Johnson,54,42,2016-02-21,29,TOR,H,MEM,13,1,14:59,1,6,0.167,0,3,0,1,2,0.5,0,3,3,0,0,0,0,0,3,-0.3,-2,6.8
James Johnson,55,43,2016-02-22,29,TOR,A,NYK,27,1,26:32,4,7,0.571,1,2,0.5,3,3,1,0,2,2,1,0,2,0,2,12,10.6,25,20.5
James Johnson,56,44,2016-02-24,29,TOR,H,MIN,9,1,19:19,1,4,0.25,0,2,0,0,0,NA,0,0,0,2,0,1,1,2,2,-0.1,-18,6.5
James Johnson,57,45,2016-02-26,29,TOR,H,CLE,2,1,15:42,0,3,0,0,1,0,0,0,NA,0,2,2,0,0,0,1,4,0,-4.1,-12,2
James Johnson,58,46,2016-02-28,29,TOR,A,DET,-13,1,17:17,2,4,0.5,1,2,0.5,0,2,0,0,3,3,4,0,0,1,1,5,4.5,-2,14.8
James Johnson,59,47,2016-03-02,29,TOR,H,UTA,10,1,16:37,1,1,1,0,0,NA,0,0,NA,0,1,1,0,0,0,1,3,2,-0.2,8,2.8
James Johnson,61,48,2016-03-06,29,TOR,H,HOU,-6,1,27:24,3,6,0.5,2,5,0.4,0,0,NA,0,1,1,4,1,2,3,4,8,5.9,-2,20.8
James Johnson,64,49,2016-03-12,29,TOR,H,MIA,8,1,21:20,5,7,0.714,0,1,0,0,1,0,0,3,3,2,2,0,1,2,10,9.2,-1,20.3
James Johnson,65,50,2016-03-14,29,TOR,H,CHI,-2,1,16:54,0,3,0,0,0,NA,0,2,0,0,1,1,0,0,2,0,1,0,-1.6,-11,5.3
James Johnson,66,51,2016-03-15,29,TOR,A,MIL,18,1,23:59,5,10,0.5,1,2,0.5,0,0,NA,2,0,2,2,0,0,0,3,11,7.6,1,17
James Johnson,70,52,2016-03-23,29,TOR,A,BOS,-12,0,7:23,1,3,0.333,1,2,0.5,0,2,0,1,0,1,1,0,1,0,0,3,2.6,0,8.3
James Johnson,71,53,2016-03-25,29,TOR,A,HOU,-3,0,8:58,1,3,0.333,0,1,0,0,0,NA,0,1,1,2,1,0,0,1,2,2.6,-10,8.3
James Johnson,72,54,2016-03-26,29,TOR,A,NOP,24,0,19:48,4,8,0.5,1,3,0.333,2,2,1,2,3,5,1,2,0,4,0,11,8,-1,21.3
James Johnson,73,55,2016-03-28,29,TOR,H,OKC,-19,0,16:29,3,6,0.5,0,2,0,0,0,NA,1,4,5,4,0,0,2,1,6,5.3,5,17.3
James Johnson,76,56,2016-04-02,29,TOR,A,SAS,-7,1,16:52,0,5,0,0,2,0,2,2,1,0,1,1,0,0,0,0,0,2,-1.2,-14,3.3
James Johnson,79,57,2016-04-08,29,TOR,H,IND,13,1,27:52,3,7,0.429,0,2,0,3,4,0.75,0,5,5,3,1,0,2,4,9,5.9,14,20.8
Lucas Nogueira,7,1,2015-11-08,23,TOR,A,MIA,-20,0,3:26,1,1,1,0,0,NA,1,1,1,0,0,0,0,1,0,0,0,3,3.7,0,5
Lucas Nogueira,9,2,2015-11-11,23,TOR,A,PHI,16,0,1:11,0,0,NA,0,0,NA,0,0,NA,0,0,0,0,0,1,0,0,0,0.7,-2,2
Lucas Nogueira,18,3,2015-11-29,23,TOR,H,PHO,-5,0,5:59,1,2,0.5,0,1,0,0,0,NA,1,1,2,0,1,0,0,0,2,3,-9,6.5
Lucas Nogueira,19,4,2015-12-02,23,TOR,A,ATL,10,0,16:28,2,2,1,0,0,NA,0,0,NA,0,7,7,0,0,1,0,0,4,6.2,22,14.8
Lucas Nogueira,20,5,2015-12-03,23,TOR,H,DEN,-1,0,15:49,3,3,1,0,0,NA,0,0,NA,0,1,1,0,1,0,0,1,6,6,3,9.3
Lucas Nogueira,21,6,2015-12-05,23,TOR,H,GSW,-3,0,24:50,7,9,0.778,0,0,NA,0,0,NA,2,2,4,3,1,0,1,2,14,13.8,1,25
Lucas Nogueira,25,7,2015-12-13,23,TOR,H,PHI,20,0,14:55,1,4,0.25,0,0,NA,1,2,0.5,1,1,2,0,2,1,1,4,3,1.3,-8,11
Lucas Nogueira,26,8,2015-12-14,23,TOR,A,IND,-16,0,7:57,0,0,NA,0,0,NA,0,0,NA,1,0,1,0,0,1,2,3,0,-1.8,-5,2.3
Lucas Nogueira,27,9,2015-12-17,23,TOR,A,CHO,-10,0,5:28,1,1,1,0,0,NA,1,2,0.5,2,1,3,0,0,0,0,0,3,4,-5,6.8
Lucas Nogueira,30,10,2015-12-22,23,TOR,H,DAL,4,0,7:54,0,0,NA,0,0,NA,1,2,0.5,0,0,0,0,0,0,0,2,1,-0.2,-4,1
Lucas Nogueira,31,11,2015-12-26,23,TOR,A,MIL,21,0,3:31,0,0,NA,0,0,NA,0,0,NA,0,0,0,0,0,0,0,2,0,-0.8,0,0
Lucas Nogueira,36,12,2016-01-04,23,TOR,A,CLE,-22,0,2:56,1,1,1,0,0,NA,0,0,NA,0,1,1,0,1,0,0,0,2,3,-4,5.3
Lucas Nogueira,37,13,2016-01-06,23,TOR,A,BRK,17,0,1:48,0,0,NA,0,0,NA,0,0,NA,0,0,0,0,0,0,0,1,0,-0.4,1,0
Lucas Nogueira,41,14,2016-01-18,23,TOR,H,BRK,12,0,0:46,0,0,NA,0,0,NA,0,0,NA,0,1,1,0,0,0,0,0,0,0.3,0,1.3
Lucas Nogueira,45,15,2016-01-26,23,TOR,H,WAS,17,0,1:37,1,1,1,1,1,1,0,0,NA,0,0,0,0,0,0,0,0,3,2.7,0,3.5
Lucas Nogueira,48,16,2016-02-01,23,TOR,A,DEN,-19,0,13:57,1,2,0.5,0,0,NA,2,2,1,1,0,1,0,2,1,1,3,4,4.2,-3,10.8
Lucas Nogueira,51,17,2016-02-08,23,TOR,A,DET,14,0,1:45,0,1,0,0,0,NA,0,0,NA,1,0,1,0,0,0,0,1,0,-0.4,-7,1.3
Lucas Nogueira,52,18,2016-02-10,23,TOR,A,MIN,-5,0,4:02,1,2,0.5,0,0,NA,0,0,NA,0,1,1,0,0,0,0,0,2,1.3,-1,3.3
Lucas Nogueira,55,19,2016-02-22,23,TOR,A,NYK,27,0,3:21,0,1,0,0,0,NA,0,0,NA,1,0,1,0,0,0,0,0,0,0,3,1.3
Lucas Nogueira,58,20,2016-02-28,23,TOR,A,DET,-13,0,5:52,0,0,NA,0,0,NA,0,0,NA,1,0,1,0,0,0,0,1,0,0.3,13,1.3
Lucas Nogueira,59,21,2016-03-02,23,TOR,H,UTA,10,0,4:30,1,1,1,0,0,NA,0,0,NA,2,2,4,0,0,0,1,1,2,2.3,11,6.5
Lucas Nogueira,66,22,2016-03-15,23,TOR,A,MIL,18,0,3:31,0,0,NA,0,0,NA,0,0,NA,0,0,0,0,0,0,1,0,0,-1,0,-0.5
Lucas Nogueira,68,23,2016-03-18,23,TOR,H,BOS,14,0,6:45,1,2,0.5,0,0,NA,0,2,0,2,0,2,0,0,2,1,0,2,2,-5,8
Lucas Nogueira,72,24,2016-03-26,23,TOR,A,NOP,24,0,2:42,0,0,NA,0,0,NA,2,2,1,0,0,0,0,0,0,0,0,2,2,3,2
Lucas Nogueira,73,25,2016-03-28,23,TOR,H,OKC,-19,0,3:15,0,1,0,0,0,NA,0,0,NA,0,0,0,0,0,0,0,0,0,-0.7,4,0
Lucas Nogueira,78,26,2016-04-07,23,TOR,A,ATL,-8,0,4:50,0,1,0,0,0,NA,0,0,NA,0,1,1,0,1,0,0,1,0,0.2,2,3.3
Lucas Nogueira,79,27,2016-04-08,23,TOR,H,IND,13,0,10:53,1,1,1,0,0,NA,0,2,0,0,1,1,0,0,1,1,1,2,0.5,-1,4.8
Lucas Nogueira,81,28,2016-04-12,23,TOR,H,PHI,24,0,9:10,2,2,1,0,0,NA,0,0,NA,0,1,1,1,1,1,0,4,4,4.5,11,10.8
Lucas Nogueira,82,29,2016-04-13,23,TOR,A,BRK,7,1,35:36,3,6,0.5,0,1,0,0,0,NA,3,7,10,3,1,3,2,2,6,9.6,4,30
Luis Scola,1,1,2015-10-28,35,TOR,H,IND,7,1,17:29,0,0,NA,0,0,NA,0,0,NA,2,6,8,0,1,0,4,1,0,-0.2,1,10
Luis Scola,2,2,2015-10-30,35,TOR,A,BOS,10,1,22:26,4,9,0.444,1,1,1,0,0,NA,3,6,9,1,1,0,2,2,9,7.1,11,23.3
Luis Scola,3,3,2015-11-01,35,TOR,H,MIL,19,1,21:29,3,9,0.333,0,0,NA,1,2,0.5,3,4,7,1,0,1,0,2,7,5.4,6,19.3
Luis Scola,4,4,2015-11-03,35,TOR,A,DAL,11,1,31:19,9,13,0.692,1,2,0.5,0,0,NA,2,10,12,1,2,0,0,2,19,19.8,15,41.5
Luis Scola,5,5,2015-11-04,35,TOR,A,OKC,5,1,19:01,1,6,0.167,0,0,NA,0,0,NA,0,5,5,1,1,0,0,0,2,1.4,-11,11.8
Luis Scola,6,6,2015-11-06,35,TOR,A,ORL,-5,1,21:04,3,11,0.273,1,1,1,0,0,NA,3,3,6,4,1,0,2,1,7,4.9,3,22
Luis Scola,7,7,2015-11-08,35,TOR,A,MIA,-20,1,22:17,3,5,0.6,1,2,0.5,0,0,NA,0,4,4,1,0,1,1,3,7,5.1,-3,15.5
Luis Scola,8,8,2015-11-10,35,TOR,H,NYK,-2,1,21:39,3,10,0.3,0,2,0,5,6,0.833,2,5,7,1,1,0,0,0,11,9.4,-1,23.3
Luis Scola,9,9,2015-11-11,35,TOR,A,PHI,16,1,18:33,10,15,0.667,1,2,0.5,0,0,NA,2,3,5,1,1,1,1,4,21,16.6,20,32.8
Luis Scola,10,10,2015-11-13,35,TOR,H,NOP,19,1,21:44,4,8,0.5,1,1,1,0,0,NA,1,2,3,0,0,0,0,2,9,5.5,12,13.3
Luis Scola,11,11,2015-11-15,35,TOR,A,SAC,-6,1,20:02,1,5,0.2,1,2,0.5,0,0,NA,2,2,4,0,1,0,0,4,3,1.3,-4,10.5
Luis Scola,12,12,2015-11-17,35,TOR,A,GSW,-5,1,27:48,3,7,0.429,0,2,0,0,2,0,1,4,5,0,1,0,2,5,6,0.4,-7,13.3
Luis Scola,13,13,2015-11-18,35,TOR,A,UTA,-4,1,29:50,10,15,0.667,2,2,1,0,0,NA,2,3,5,1,0,0,0,5,22,16.5,-7,30.8
Luis Scola,14,14,2015-11-20,35,TOR,A,LAL,11,1,24:49,5,11,0.455,1,3,0.333,0,0,NA,1,4,5,1,0,1,2,3,11,5.4,-13,20.3
Luis Scola,15,15,2015-11-22,35,TOR,A,LAC,11,1,31:01,8,16,0.5,1,3,0.333,3,3,1,2,6,8,1,0,0,2,3,20,12.7,3,31
Luis Scola,16,16,2015-11-25,35,TOR,H,CLE,4,1,29:58,7,11,0.636,1,1,1,0,0,NA,1,6,7,0,1,0,0,1,15,13.2,-3,26.3
Luis Scola,17,17,2015-11-28,35,TOR,A,WAS,2,1,25:52,3,6,0.5,0,1,0,0,0,NA,2,4,6,0,0,0,2,3,6,2.4,-9,12.5
Luis Scola,18,18,2015-11-29,35,TOR,H,PHO,-5,1,17:40,2,5,0.4,2,3,0.667,3,4,0.75,0,4,4,1,0,0,0,0,9,7.8,2,16.5
Luis Scola,19,19,2015-12-02,35,TOR,A,ATL,10,1,19:46,3,8,0.375,0,2,0,2,2,1,0,9,9,0,1,0,1,2,8,5.5,-9,20.8
Luis Scola,20,20,2015-12-03,35,TOR,H,DEN,-1,1,21:31,3,8,0.375,0,2,0,2,2,1,1,0,1,1,1,0,0,3,8,4.8,10,12.8
Luis Scola,21,21,2015-12-05,35,TOR,H,GSW,-3,1,20:26,2,9,0.222,0,0,NA,6,6,1,2,2,4,2,0,0,0,5,10,5.9,8,18
Luis Scola,22,22,2015-12-07,35,TOR,H,LAL,9,1,16:32,0,3,0,0,0,NA,2,2,1,0,1,1,2,1,0,2,3,2,-0.6,-9,7.3
Luis Scola,23,23,2015-12-09,35,TOR,H,SAS,3,1,33:27,8,14,0.571,0,1,0,0,1,0,1,7,8,1,1,0,2,4,16,9.9,16,28.5
Luis Scola,24,24,2015-12-11,35,TOR,H,MIL,7,1,29:56,6,11,0.545,0,1,0,0,0,NA,4,4,8,2,0,1,2,3,12,9.6,-12,26
Luis Scola,25,25,2015-12-13,35,TOR,H,PHI,20,1,27:09,10,14,0.714,2,4,0.5,0,0,NA,1,4,5,0,2,0,2,3,22,16.9,16,32.3
Luis Scola,26,26,2015-12-14,35,TOR,A,IND,-16,1,18:27,2,7,0.286,0,0,NA,0,0,NA,1,4,5,0,2,0,0,1,4,3.4,-12,14.3
Luis Scola,27,27,2015-12-17,35,TOR,A,CHO,-10,1,20:37,1,7,0.143,0,1,0,0,0,NA,0,5,5,1,0,1,1,3,2,-1.8,-11,11.3
Luis Scola,28,28,2015-12-18,35,TOR,A,MIA,14,1,26:56,9,16,0.563,1,2,0.5,1,1,1,1,2,3,1,0,1,0,3,20,13.9,-3,27.8
Luis Scola,29,29,2015-12-20,35,TOR,H,SAC,-10,1,25:48,1,6,0.167,0,1,0,0,0,NA,0,6,6,0,0,0,2,3,2,-3.2,2,8.5
Luis Scola,30,30,2015-12-22,35,TOR,H,DAL,4,1,31:44,5,11,0.455,1,2,0.5,4,6,0.667,2,7,9,0,1,1,2,5,15,9.7,20,29.8
Luis Scola,31,31,2015-12-26,35,TOR,A,MIL,21,1,36:57,7,12,0.583,3,4,0.75,0,0,NA,2,9,11,2,0,2,1,2,17,16.5,31,40.3
Luis Scola,32,32,2015-12-28,35,TOR,A,CHI,-7,1,27:52,6,10,0.6,0,0,NA,1,2,0.5,2,6,8,2,0,2,1,4,13,11.4,6,29.5
Luis Scola,33,33,2015-12-30,35,TOR,H,WAS,3,1,21:02,1,6,0.167,0,1,0,2,2,1,0,7,7,1,0,0,0,1,4,2.6,10,14.3
Luis Scola,34,34,2016-01-01,35,TOR,H,CHO,10,1,21:18,2,10,0.2,1,4,0.25,0,0,NA,3,6,9,0,0,0,0,2,5,1.9,-1,16.8
Luis Scola,35,35,2016-01-03,35,TOR,H,CHI,-2,1,27:46,9,17,0.529,2,2,1,2,3,0.667,5,0,5,2,2,1,0,3,22,19.7,-3,38.3
Luis Scola,36,36,2016-01-04,35,TOR,A,CLE,-22,1,18:09,2,5,0.4,1,3,0.333,1,2,0.5,0,2,2,1,0,1,1,1,6,3.5,-13,12
Luis Scola,37,37,2016-01-06,35,TOR,A,BRK,17,1,21:11,3,7,0.429,0,2,0,0,0,NA,1,6,7,1,0,1,1,1,6,4.8,13,17.8
Luis Scola,38,38,2016-01-08,35,TOR,A,WAS,9,1,19:50,4,10,0.4,0,1,0,3,3,1,2,3,5,0,0,0,1,3,11,5.7,7,16.8
Luis Scola,39,39,2016-01-09,35,TOR,A,PHI,13,1,17:47,1,5,0.2,0,1,0,0,0,NA,0,2,2,0,1,1,2,2,2,-1.6,3,7.5
Luis Scola,40,40,2016-01-14,35,TOR,A,ORL,3,1,19:30,4,8,0.5,3,3,1,0,0,NA,1,1,2,0,3,2,0,0,11,12.4,-7,25
Luis Scola,41,41,2016-01-18,35,TOR,H,BRK,12,1,15:20,1,6,0.167,0,1,0,2,2,1,1,3,4,0,0,0,0,4,4,0.2,-2,9
Luis Scola,42,42,2016-01-20,35,TOR,H,BOS,6,1,24:46,8,12,0.667,2,4,0.5,0,0,NA,3,2,5,0,0,0,0,3,18,14.3,10,25.3
Luis Scola,43,43,2016-01-22,35,TOR,H,MIA,20,1,22:33,4,6,0.667,2,3,0.667,2,2,1,0,1,1,2,1,0,1,2,12,10.3,9,18.8
Luis Scola,44,44,2016-01-24,35,TOR,H,LAC,18,1,18:05,0,4,0,0,1,0,0,0,NA,0,5,5,1,1,1,1,2,0,-0.7,-11,11.3
Luis Scola,45,45,2016-01-26,35,TOR,H,WAS,17,1,22:53,2,9,0.222,1,5,0.2,3,4,0.75,4,4,8,0,1,0,0,2,8,6.3,-5,20.5
Luis Scola,46,46,2016-01-28,35,TOR,H,NYK,10,1,18:43,3,5,0.6,1,2,0.5,0,0,NA,1,3,4,1,1,0,0,0,7,8,-11,16
Luis Scola,47,47,2016-01-30,35,TOR,H,DET,4,1,22:42,4,9,0.444,1,3,0.333,1,2,0.5,1,0,1,2,2,0,3,2,10,5.2,-9,17.3
Luis Scola,48,48,2016-02-01,35,TOR,A,DEN,-19,1,16:52,2,5,0.4,1,1,1,0,0,NA,0,2,2,0,1,1,0,2,5,3.8,-11,12
Luis Scola,49,49,2016-02-02,35,TOR,A,PHO,7,1,19:29,2,3,0.667,1,2,0.5,2,2,1,0,1,1,1,1,1,3,2,7,4.6,-8,12.8
Luis Scola,50,50,2016-02-04,35,TOR,A,POR,7,1,22:20,2,5,0.4,2,3,0.667,0,0,NA,0,5,5,3,0,1,0,3,6,6.4,-8,19.8
Luis Scola,51,51,2016-02-08,35,TOR,A,DET,14,1,20:09,1,3,0.333,1,1,1,0,0,NA,0,2,2,1,0,1,1,2,3,1.5,-2,9
Luis Scola,52,52,2016-02-10,35,TOR,A,MIN,-5,1,18:18,2,9,0.222,1,4,0.25,3,4,0.75,2,1,3,0,0,0,0,3,8,2.6,-16,12.3
Luis Scola,53,53,2016-02-19,35,TOR,A,CHI,-10,1,15:11,1,4,0.25,0,2,0,0,0,NA,0,5,5,0,0,1,0,2,2,1,-5,10.3
Luis Scola,54,54,2016-02-21,35,TOR,H,MEM,13,1,17:59,3,11,0.273,0,4,0,1,1,1,1,1,2,0,1,0,1,3,7,0.3,-9,11
Luis Scola,55,55,2016-02-22,35,TOR,A,NYK,27,1,20:06,2,6,0.333,0,3,0,0,0,NA,0,6,6,3,1,0,1,4,4,2.9,10,17.5
Luis Scola,56,56,2016-02-24,35,TOR,H,MIN,9,1,13:24,2,5,0.4,0,1,0,2,2,1,1,1,2,0,1,0,0,2,6,4.5,-14,10.5
Luis Scola,57,57,2016-02-26,35,TOR,H,CLE,2,1,11:06,1,5,0.2,0,2,0,0,1,0,1,1,2,1,0,0,1,4,2,-2.4,-14,5.5
Luis Scola,58,58,2016-02-28,35,TOR,A,DET,-13,1,20:10,0,1,0,0,0,NA,1,2,0.5,0,1,1,0,0,0,0,2,1,-0.6,-9,2.3
Luis Scola,59,59,2016-03-02,35,TOR,H,UTA,10,1,18:52,2,5,0.4,0,1,0,0,0,NA,1,5,6,4,1,0,0,1,4,6.9,5,19.5
Luis Scola,60,60,2016-03-04,35,TOR,H,POR,2,1,14:57,0,1,0,0,1,0,0,0,NA,0,1,1,0,1,0,1,4,0,-2,12,2.8
Luis Scola,61,61,2016-03-06,35,TOR,H,HOU,-6,1,20:22,9,13,0.692,2,4,0.5,1,2,0.5,1,2,3,0,1,0,1,3,21,15.2,7,27.3
Luis Scola,63,62,2016-03-10,35,TOR,H,ATL,8,1,21:57,3,7,0.429,1,3,0.333,3,4,0.75,3,9,12,0,0,0,2,2,10,7.9,-5,26
Luis Scola,64,63,2016-03-12,35,TOR,H,MIA,8,1,16:16,2,4,0.5,0,0,NA,0,0,NA,0,0,0,2,1,0,1,1,4,3,-5,8.5
Luis Scola,65,64,2016-03-14,35,TOR,H,CHI,-2,1,16:00,2,5,0.4,0,2,0,0,0,NA,0,2,2,0,0,0,0,1,4,1.5,-4,6.5
Luis Scola,66,65,2016-03-15,35,TOR,A,MIL,18,1,24:32,3,7,0.429,1,2,0.5,0,0,NA,0,6,6,2,0,0,1,3,7,4.3,12,17.5
Luis Scola,67,66,2016-03-17,35,TOR,A,IND,7,1,20:00,4,10,0.4,1,3,0.333,0,0,NA,0,2,2,1,0,0,1,2,9,3.1,5,13
Luis Scola,68,67,2016-03-18,35,TOR,H,BOS,14,1,20:34,7,12,0.583,3,5,0.6,0,0,NA,1,2,3,0,1,0,0,2,17,12.9,2,24.3
Luis Scola,69,68,2016-03-20,35,TOR,H,ORL,5,1,32:16,8,15,0.533,3,6,0.5,1,4,0.25,1,7,8,1,1,0,1,1,20,14.6,0,34.5
Luis Scola,70,69,2016-03-23,35,TOR,A,BOS,-12,1,23:58,3,5,0.6,3,5,0.6,0,0,NA,0,2,2,1,0,1,3,3,9,4.5,-8,15
Luis Scola,71,70,2016-03-25,35,TOR,A,HOU,-3,1,23:26,6,11,0.545,4,6,0.667,0,0,NA,3,2,5,1,1,0,2,2,16,12.3,1,26.8
Luis Scola,72,71,2016-03-26,35,TOR,A,NOP,24,1,21:28,4,5,0.8,4,5,0.8,0,0,NA,0,6,6,1,0,0,0,1,12,12.2,17,23
Luis Scola,73,72,2016-03-28,35,TOR,H,OKC,-19,1,15:21,0,3,0,0,1,0,0,0,NA,1,1,2,1,2,1,1,3,0,0.1,-17,9.5
Luis Scola,76,73,2016-04-02,35,TOR,A,SAS,-7,1,10:53,0,2,0,0,1,0,0,0,NA,0,2,2,2,0,0,0,3,0,-0.6,-11,5.5
Luis Scola,77,74,2016-04-05,35,TOR,H,CHO,6,1,15:11,2,5,0.4,0,2,0,1,1,1,0,1,1,0,0,0,0,1,5,2.2,8,6.3
Luis Scola,78,75,2016-04-07,35,TOR,A,ATL,-8,1,11:17,1,4,0.25,0,3,0,0,0,NA,0,4,4,0,0,0,2,1,2,-1.6,-10,6
Luis Scola,81,76,2016-04-12,35,TOR,H,PHI,24,1,21:04,5,10,0.5,2,4,0.5,0,2,0,0,4,4,1,0,1,1,2,12,7,-7,21
Cory Joseph,1,1,2015-10-28,24,TOR,H,IND,7,0,27:43,1,4,0.25,0,1,0,1,2,0.5,0,2,2,1,0,0,3,1,3,-1.9,-3,5.5
Cory Joseph,2,2,2015-10-30,24,TOR,A,BOS,10,0,18:10,3,5,0.6,1,2,0.5,0,0,NA,0,1,1,2,1,0,1,4,7,4.8,1,13.3
Cory Joseph,3,3,2015-11-01,24,TOR,H,MIL,19,0,18:36,2,5,0.4,0,0,NA,0,0,NA,0,2,2,6,3,0,0,0,4,9.1,9,21.5
Cory Joseph,4,4,2015-11-03,24,TOR,A,DAL,11,0,19:58,1,3,0.333,0,0,NA,4,4,1,0,0,0,2,0,0,2,1,6,3.3,-3,8
Cory Joseph,5,5,2015-11-04,24,TOR,A,OKC,5,0,25:30,4,7,0.571,0,0,NA,1,2,0.5,1,3,4,3,3,0,1,0,9,11,22,24
Cory Joseph,6,6,2015-11-06,24,TOR,A,ORL,-5,0,28:50,7,9,0.778,0,1,0,5,6,0.833,0,1,1,0,0,0,1,2,19,13.6,-2,19.8
Cory Joseph,7,7,2015-11-08,24,TOR,A,MIA,-20,0,23:27,2,3,0.667,0,0,NA,0,0,NA,0,4,4,1,0,2,1,2,4,4.2,-15,14
Cory Joseph,8,8,2015-11-10,24,TOR,H,NYK,-2,0,26:48,4,9,0.444,1,2,0.5,3,3,1,2,4,6,8,1,0,1,1,12,15.1,5,33.5
Cory Joseph,9,9,2015-11-11,24,TOR,A,PHI,16,0,30:51,6,9,0.667,0,1,0,3,3,1,0,2,2,5,0,0,0,1,15,14.8,10,25
Cory Joseph,10,10,2015-11-13,24,TOR,H,NOP,19,0,29:14,3,7,0.429,1,2,0.5,2,2,1,1,2,3,2,1,1,2,2,9,6.9,11,19.3
Cory Joseph,11,11,2015-11-15,24,TOR,A,SAC,-6,0,25:31,8,10,0.8,1,1,1,0,0,NA,0,4,4,4,0,0,1,3,17,15,-2,28
Cory Joseph,12,12,2015-11-17,24,TOR,A,GSW,-5,0,28:21,4,7,0.571,0,0,NA,5,8,0.625,1,4,5,6,1,0,0,4,13,14,-4,30.3
Cory Joseph,13,13,2015-11-18,24,TOR,A,UTA,-4,0,21:49,2,5,0.4,0,1,0,4,4,1,2,1,3,0,1,0,1,1,8,6.6,0,13.3
Cory Joseph,14,14,2015-11-20,24,TOR,A,LAL,11,0,22:38,3,8,0.375,0,2,0,5,6,0.833,0,1,1,6,0,0,1,0,11,9.7,21,20.8
Cory Joseph,15,15,2015-11-22,24,TOR,A,LAC,11,0,23:59,2,9,0.222,0,1,0,2,2,1,1,3,4,1,0,0,0,1,6,2.4,4,12.5
Cory Joseph,16,16,2015-11-25,24,TOR,H,CLE,4,0,17:21,2,7,0.286,0,2,0,0,1,0,1,2,3,1,0,0,2,1,4,-0.9,-1,8.3
Cory Joseph,17,17,2015-11-28,24,TOR,A,WAS,2,0,34:20,5,7,0.714,2,2,1,0,0,NA,0,0,0,6,1,1,3,1,12,11.6,8,24.5
Cory Joseph,18,18,2015-11-29,24,TOR,H,PHO,-5,0,32:30,4,11,0.364,1,1,1,0,0,NA,1,4,5,1,1,2,2,2,9,5.1,-5,22.3
Cory Joseph,19,19,2015-12-02,24,TOR,A,ATL,10,0,33:30,5,10,0.5,0,2,0,0,2,0,0,1,1,4,2,0,0,2,10,8.5,13,21.3
Cory Joseph,20,20,2015-12-03,24,TOR,H,DEN,-1,0,28:14,6,9,0.667,1,1,1,2,3,0.667,1,3,4,2,2,0,1,1,15,14.3,8,27
Cory Joseph,21,21,2015-12-05,24,TOR,H,GSW,-3,0,29:44,4,10,0.4,0,3,0,1,2,0.5,0,0,0,1,0,1,1,4,9,2,2,12
Cory Joseph,22,22,2015-12-07,24,TOR,H,LAL,9,0,31:00,3,7,0.429,0,2,0,8,10,0.8,1,1,2,2,1,0,0,0,14,12.9,16,21.5
Cory Joseph,23,23,2015-12-09,24,TOR,H,SAS,3,0,29:33,2,6,0.333,0,1,0,2,2,1,0,0,0,4,3,0,3,4,6,3.8,-7,16.5
Cory Joseph,24,24,2015-12-11,24,TOR,H,MIL,7,0,32:19,4,6,0.667,1,1,1,4,8,0.5,0,3,3,3,3,1,2,2,13,12.7,15,28.8
Cory Joseph,25,25,2015-12-13,24,TOR,H,PHI,20,0,29:58,2,11,0.182,0,2,0,4,6,0.667,1,3,4,4,0,1,0,0,8,5.4,21,21
Cory Joseph,26,26,2015-12-14,24,TOR,A,IND,-16,0,28:03,0,6,0,0,1,0,3,4,0.75,2,1,3,0,0,0,3,3,3,-4.1,-10,5.3
Cory Joseph,27,27,2015-12-17,24,TOR,A,CHO,-10,0,33:41,3,6,0.5,1,2,0.5,0,0,NA,2,2,4,1,2,1,3,4,7,4.8,-2,18.5
Cory Joseph,28,28,2015-12-18,24,TOR,A,MIA,14,0,19:30,0,3,0,0,2,0,0,0,NA,0,3,3,2,2,0,1,2,0,0.4,1,10.3
Cory Joseph,29,29,2015-12-20,24,TOR,H,SAC,-10,0,29:35,2,7,0.286,0,1,0,0,0,NA,0,1,1,3,0,1,0,0,4,3,-12,11.8
Cory Joseph,30,30,2015-12-22,24,TOR,H,DAL,4,0,26:45,3,6,0.5,2,4,0.5,4,4,1,0,4,4,5,1,0,3,1,12,11.3,-3,26
Cory Joseph,31,31,2015-12-26,24,TOR,A,MIL,21,0,16:19,1,3,0.333,1,1,1,1,2,0.5,0,3,3,4,0,0,0,2,4,4.8,17,14.3
Cory Joseph,32,32,2015-12-28,24,TOR,A,CHI,-7,0,13:02,1,3,0.333,0,0,NA,1,2,0.5,0,1,1,0,0,0,0,2,3,0.4,-25,4.3
Cory Joseph,33,33,2015-12-30,24,TOR,H,WAS,3,0,23:59,1,5,0.2,0,0,NA,2,3,0.667,0,3,3,1,1,0,2,2,4,0.3,2,10.3
Cory Joseph,34,34,2016-01-01,24,TOR,H,CHO,10,0,18:04,3,6,0.5,0,1,0,0,0,NA,0,1,1,6,0,0,0,1,6,7.1,3,16.3
Cory Joseph,35,35,2016-01-03,24,TOR,H,CHI,-2,0,28:02,5,9,0.556,1,3,0.333,2,2,1,1,1,2,4,0,0,2,2,13,9.7,-4,21
Cory Joseph,36,36,2016-01-04,24,TOR,A,CLE,-22,0,20:30,0,5,0,0,0,NA,3,4,0.75,0,0,0,5,0,0,0,3,3,1.4,-11,10.5
Cory Joseph,37,37,2016-01-06,24,TOR,A,BRK,17,0,22:50,4,9,0.444,0,1,0,2,2,1,0,3,3,3,1,0,3,1,10,5.9,18,18.8
Cory Joseph,38,38,2016-01-08,24,TOR,A,WAS,9,0,24:16,3,6,0.5,0,1,0,2,2,1,0,4,4,2,1,1,3,3,8,5.1,7,18.5
Cory Joseph,39,39,2016-01-09,24,TOR,A,PHI,13,0,30:59,1,4,0.25,0,1,0,7,8,0.875,0,5,5,4,1,1,2,0,9,10.2,19,24.3
Cory Joseph,40,40,2016-01-14,24,TOR,A,ORL,3,0,35:32,9,11,0.818,0,1,0,1,2,0.5,1,2,3,4,2,0,3,3,19,16.4,13,31.3
Cory Joseph,41,41,2016-01-18,24,TOR,H,BRK,12,0,26:52,1,4,0.25,0,0,NA,0,0,NA,0,2,2,6,1,0,2,1,2,3,9,14.5
Cory Joseph,42,42,2016-01-20,24,TOR,H,BOS,6,0,21:26,1,6,0.167,0,2,0,0,0,NA,1,0,1,2,0,0,0,1,2,-0.1,-17,6.3
Cory Joseph,43,43,2016-01-22,24,TOR,H,MIA,20,0,19:34,1,5,0.2,0,0,NA,0,0,NA,0,1,1,0,0,0,1,0,2,-1.8,8,2.8
Cory Joseph,44,44,2016-01-24,24,TOR,H,LAC,18,0,22:40,5,8,0.625,0,0,NA,2,2,1,0,2,2,3,2,0,2,1,12,10.7,33,22
Cory Joseph,45,45,2016-01-26,24,TOR,H,WAS,17,0,24:35,5,7,0.714,0,0,NA,0,1,0,0,2,2,6,0,0,1,3,10,9.3,15,21
Cory Joseph,46,46,2016-01-28,24,TOR,H,NYK,10,0,24:22,5,8,0.625,0,1,0,1,2,0.5,1,6,7,4,0,1,1,1,11,11.6,0,27.3
Cory Joseph,47,47,2016-01-30,24,TOR,H,DET,4,0,27:45,6,11,0.545,0,0,NA,4,5,0.8,0,2,2,4,0,0,1,2,16,11.9,9,24
Cory Joseph,48,48,2016-02-01,24,TOR,A,DEN,-19,0,27:59,2,8,0.25,1,2,0.5,2,2,1,1,1,2,2,2,0,1,0,7,5.6,-6,16.5
Cory Joseph,49,49,2016-02-02,24,TOR,A,PHO,7,0,27:16,3,9,0.333,0,1,0,4,6,0.667,0,1,1,4,0,0,2,2,10,4.4,22,16.3
Cory Joseph,50,50,2016-02-04,24,TOR,A,POR,7,0,25:37,5,11,0.455,0,1,0,2,2,1,0,3,3,3,1,0,3,1,12,6.9,6,20.8
Cory Joseph,51,51,2016-02-08,24,TOR,A,DET,14,0,24:20,7,9,0.778,1,2,0.5,0,0,NA,0,4,4,3,0,0,1,0,15,13.8,24,24.5
Cory Joseph,52,52,2016-02-10,24,TOR,A,MIN,-5,0,26:39,4,11,0.364,0,3,0,0,1,0,2,3,5,4,0,0,0,5,8,4.6,5,20.3
Cory Joseph,53,53,2016-02-19,24,TOR,A,CHI,-10,0,28:14,5,10,0.5,0,1,0,1,1,1,1,4,5,5,1,0,1,0,11,11.4,-7,26.3
Cory Joseph,54,54,2016-02-21,24,TOR,H,MEM,13,0,25:53,5,8,0.625,2,3,0.667,2,2,1,1,3,4,0,0,0,2,3,14,8.8,11,19
Cory Joseph,55,55,2016-02-22,24,TOR,A,NYK,27,0,24:33,5,9,0.556,2,3,0.667,1,2,0.5,0,1,1,6,2,0,0,0,13,14.8,9,28.3
Cory Joseph,56,56,2016-02-24,24,TOR,H,MIN,9,0,22:26,6,8,0.75,1,2,0.5,5,8,0.625,0,2,2,6,0,0,3,0,18,15.4,21,28.5
Cory Joseph,57,57,2016-02-26,24,TOR,H,CLE,2,0,24:10,3,9,0.333,0,1,0,0,0,NA,0,1,1,4,0,0,0,0,6,4,7,13.3
Cory Joseph,58,58,2016-02-28,24,TOR,A,DET,-13,1,19:51,4,10,0.4,1,3,0.333,1,1,1,0,1,1,2,0,0,1,4,10,3.7,-13,14.3
Cory Joseph,59,59,2016-03-02,24,TOR,H,UTA,10,0,25:35,3,6,0.5,0,0,NA,1,1,1,0,0,0,3,1,0,2,1,7,4.7,-3,12.5
Cory Joseph,60,60,2016-03-04,24,TOR,H,POR,2,0,30:34,2,5,0.4,0,0,NA,2,2,1,0,2,2,2,2,1,0,4,6,6.4,-7,17.5
Cory Joseph,61,61,2016-03-06,24,TOR,H,HOU,-6,0,25:05,3,8,0.375,1,4,0.25,2,2,1,0,5,5,3,0,0,1,2,9,6.4,-15,19.8
Cory Joseph,62,62,2016-03-08,24,TOR,H,BRK,5,0,19:48,2,5,0.4,0,1,0,0,0,NA,1,2,3,3,0,0,0,3,4,3.5,5,12.3
Cory Joseph,63,63,2016-03-10,24,TOR,H,ATL,8,0,28:59,3,7,0.429,0,1,0,0,0,NA,0,3,3,3,2,0,3,4,6,2.7,8,16.8
Cory Joseph,64,64,2016-03-12,24,TOR,H,MIA,8,0,30:01,1,7,0.143,0,1,0,4,4,1,0,2,2,2,2,3,2,3,6,4.4,6,20.5
Cory Joseph,65,65,2016-03-14,24,TOR,H,CHI,-2,0,25:54,2,8,0.25,0,1,0,2,2,1,1,1,2,0,0,0,0,0,6,2.2,4,8.5
Cory Joseph,66,66,2016-03-15,24,TOR,A,MIL,18,0,24:49,3,8,0.375,0,0,NA,0,0,NA,3,1,4,6,1,0,1,1,6,7.8,9,21.5
Cory Joseph,67,67,2016-03-17,24,TOR,A,IND,7,0,30:06,0,5,0,0,0,NA,0,0,NA,0,4,4,1,0,0,1,2,0,-3.4,0,6
Cory Joseph,68,68,2016-03-18,24,TOR,H,BOS,14,0,25:35,2,8,0.25,0,1,0,0,0,NA,0,2,2,2,3,0,2,1,4,1.8,13,14.5
Cory Joseph,70,69,2016-03-23,24,TOR,A,BOS,-12,1,31:56,4,16,0.25,0,3,0,1,2,0.5,2,4,6,4,0,0,0,2,9,3.6,-18,22.5
Cory Joseph,71,70,2016-03-25,24,TOR,A,HOU,-3,0,22:21,4,10,0.4,2,4,0.5,2,2,1,1,2,3,2,0,0,4,2,12,4.5,-10,17.8
Cory Joseph,72,71,2016-03-26,24,TOR,A,NOP,24,0,26:12,2,5,0.4,1,1,1,1,1,1,0,2,2,2,1,0,0,1,6,5.9,-3,14
Cory Joseph,73,72,2016-03-28,24,TOR,H,OKC,-19,0,26:23,3,9,0.333,0,2,0,1,1,1,1,2,3,4,1,0,1,0,7,6,1,18.3
Cory Joseph,74,73,2016-03-30,24,TOR,H,ATL,8,0,18:57,1,5,0.2,0,3,0,0,0,NA,0,1,1,4,0,1,0,2,2,1.9,-4,11.3
Cory Joseph,75,74,2016-04-01,24,TOR,A,MEM,4,0,23:06,1,6,0.167,1,4,0.25,0,0,NA,1,0,1,3,0,0,0,3,3,0.8,1,9.3
Cory Joseph,76,75,2016-04-02,24,TOR,A,SAS,-7,1,32:42,8,15,0.533,0,2,0,0,0,NA,0,1,1,7,1,0,4,3,16,9.7,0,27.8
Cory Joseph,77,76,2016-04-05,24,TOR,H,CHO,6,0,24:50,4,6,0.667,1,2,0.5,2,2,1,1,3,4,2,1,0,0,2,11,11.6,-4,21.5
Cory Joseph,78,77,2016-04-07,24,TOR,A,ATL,-8,0,17:33,3,6,0.5,0,0,NA,0,0,NA,0,2,2,1,1,1,1,1,6,4.6,-2,13.5
Cory Joseph,79,78,2016-04-08,24,TOR,H,IND,13,1,34:44,6,6,1,2,2,1,4,5,0.8,0,1,1,9,1,0,1,0,18,22.4,9,35.3
Cory Joseph,80,79,2016-04-10,24,TOR,A,NYK,4,0,18:20,1,5,0.2,0,2,0,2,2,1,1,2,3,1,0,0,1,1,4,1.5,3,8.8
Cory Joseph,82,80,2016-04-13,24,TOR,A,BRK,7,0,17:42,1,5,0.2,0,1,0,0,2,0,1,5,6,3,2,0,2,0,2,2.4,8,17
Norman Powell,3,1,2015-11-01,22,TOR,H,MIL,19,0,2:22,0,1,0,0,0,NA,0,0,NA,0,0,0,0,0,0,0,0,0,-0.7,-2,0
Norman Powell,4,2,2015-11-03,22,TOR,A,DAL,11,0,3:04,1,2,0.5,0,1,0,0,0,NA,0,1,1,0,0,0,0,1,2,0.9,-5,3.3
Norman Powell,7,3,2015-11-08,22,TOR,A,MIA,-20,0,4:38,0,3,0,0,0,NA,0,0,NA,1,0,1,0,0,0,0,0,0,-1.4,0,1.3
Norman Powell,8,4,2015-11-10,22,TOR,H,NYK,-2,0,1:35,0,1,0,0,1,0,0,0,NA,0,0,0,0,0,0,0,0,0,-0.7,-5,0
Norman Powell,9,5,2015-11-11,22,TOR,A,PHI,16,0,24:37,4,10,0.4,0,1,0,0,0,NA,2,2,4,1,1,0,1,2,8,4.5,6,16
Norman Powell,10,6,2015-11-13,22,TOR,H,NOP,19,0,10:59,0,2,0,0,0,NA,0,0,NA,0,3,3,0,1,0,0,2,0,-0.3,0,5.8
Norman Powell,11,7,2015-11-15,22,TOR,A,SAC,-6,0,4:09,0,0,NA,0,0,NA,0,0,NA,0,0,0,0,0,0,2,0,0,-2,-3,-1
Norman Powell,13,8,2015-11-18,22,TOR,A,UTA,-4,0,3:22,0,3,0,0,0,NA,0,0,NA,0,0,0,0,1,0,0,0,0,-1.1,-1,2
Norman Powell,22,9,2015-12-07,22,TOR,H,LAL,9,0,4:56,0,1,0,0,1,0,0,0,NA,0,2,2,0,0,0,1,1,0,-1.5,1,2
Norman Powell,25,10,2015-12-13,22,TOR,H,PHI,20,0,1:30,1,1,1,0,0,NA,0,0,NA,0,0,0,1,2,0,0,0,2,4.4,4,7.5
Norman Powell,26,11,2015-12-14,22,TOR,A,IND,-16,0,6:31,2,5,0.4,1,2,0.5,0,1,0,2,1,3,1,1,0,0,2,5,4.5,7,12.8
Norman Powell,27,12,2015-12-17,22,TOR,A,CHO,-10,0,3:20,0,0,NA,0,0,NA,0,0,NA,0,1,1,0,0,0,0,0,0,0.3,2,1.3
Norman Powell,36,13,2016-01-04,22,TOR,A,CLE,-22,0,2:56,0,0,NA,0,0,NA,0,0,NA,1,0,1,0,0,0,0,0,0,0.7,-4,1.3
Norman Powell,37,14,2016-01-06,22,TOR,A,BRK,17,0,1:07,1,2,0.5,0,0,NA,0,0,NA,0,0,0,0,0,0,0,0,2,1,-1,2
Norman Powell,39,15,2016-01-09,22,TOR,A,PHI,13,0,1:52,1,1,1,0,0,NA,0,0,NA,0,0,0,0,0,0,0,0,2,1.7,-4,2
Norman Powell,40,16,2016-01-14,22,TOR,A,ORL,3,0,2:49,0,0,NA,0,0,NA,0,0,NA,0,1,1,0,0,0,0,0,0,0.3,-2,1.3
Norman Powell,41,17,2016-01-18,22,TOR,H,BRK,12,0,0:46,0,1,0,0,1,0,0,0,NA,0,0,0,0,0,0,0,0,0,-0.7,0,0
Norman Powell,45,18,2016-01-26,22,TOR,H,WAS,17,0,2:13,0,1,0,0,0,NA,0,0,NA,0,0,0,1,0,0,0,1,0,-0.4,2,1.5
Norman Powell,46,19,2016-01-28,22,TOR,H,NYK,10,0,3:46,0,1,0,0,0,NA,0,0,NA,0,1,1,0,0,0,0,0,0,-0.4,1,1.3
Norman Powell,48,20,2016-02-01,22,TOR,A,DEN,-19,0,13:14,0,5,0,0,2,0,2,2,1,0,2,2,1,1,1,0,0,2,1.5,1,10
Norman Powell,49,21,2016-02-02,22,TOR,A,PHO,7,1,14:54,0,3,0,0,0,NA,0,0,NA,0,1,1,1,2,0,1,2,0,-0.9,-1,6.3
Norman Powell,50,22,2016-02-04,22,TOR,A,POR,7,1,13:28,0,1,0,0,0,NA,0,0,NA,0,1,1,1,0,0,0,2,0,-0.5,2,2.8
Norman Powell,51,23,2016-02-08,22,TOR,A,DET,14,1,15:50,0,1,0,0,1,0,1,2,0.5,0,2,2,0,1,0,2,4,1,-2.1,5,4.5
Norman Powell,52,24,2016-02-10,22,TOR,A,MIN,-5,1,11:36,4,6,0.667,0,2,0,0,0,NA,0,2,2,0,0,0,0,2,8,5.2,-11,10.5
Norman Powell,55,25,2016-02-22,22,TOR,A,NYK,27,0,1:49,0,2,0,0,1,0,0,0,NA,1,0,1,0,0,0,0,0,0,-0.7,3,1.3
Norman Powell,56,26,2016-02-24,22,TOR,H,MIN,9,0,5:28,0,1,0,0,0,NA,0,0,NA,0,1,1,1,1,0,0,0,0,1.3,1,4.8
Norman Powell,58,27,2016-02-28,22,TOR,A,DET,-13,0,5:52,3,5,0.6,0,1,0,0,0,NA,0,3,3,1,1,0,0,0,6,6.3,13,13.3
Norman Powell,60,28,2016-03-04,22,TOR,H,POR,2,1,21:30,3,5,0.6,2,3,0.667,2,2,1,2,4,6,1,0,0,1,3,10,8.8,6,19.5
Norman Powell,61,29,2016-03-06,22,TOR,H,HOU,-6,0,3:13,1,2,0.5,0,1,0,0,0,NA,0,0,0,0,0,1,0,0,2,1.7,5,4
Norman Powell,62,30,2016-03-08,22,TOR,H,BRK,5,1,20:32,1,4,0.25,1,2,0.5,2,2,1,1,2,3,2,0,1,1,0,5,5,-1,13.8
Norman Powell,63,31,2016-03-10,22,TOR,H,ATL,8,1,16:37,1,3,0.333,0,1,0,0,0,NA,0,1,1,3,2,0,0,1,2,4.3,-5,11.8
Norman Powell,65,32,2016-03-14,22,TOR,H,CHI,-2,0,3:54,0,2,0,0,1,0,0,0,NA,0,1,1,0,0,0,0,1,0,-1.5,0,1.3
Norman Powell,66,33,2016-03-15,22,TOR,A,MIL,18,1,34:30,6,15,0.4,3,7,0.429,2,2,1,0,3,3,2,1,2,0,3,17,12.4,10,31.3
Norman Powell,67,34,2016-03-17,22,TOR,A,IND,7,1,20:13,3,9,0.333,0,1,0,0,0,NA,2,3,5,1,0,0,0,3,6,2.7,7,13.8
Norman Powell,68,35,2016-03-18,22,TOR,H,BOS,14,1,21:34,3,5,0.6,2,3,0.667,2,2,1,0,2,2,0,0,0,2,1,10,5.9,-3,12.5
Norman Powell,69,36,2016-03-20,22,TOR,H,ORL,5,1,23:04,1,6,0.167,1,4,0.25,0,0,NA,1,2,3,0,0,0,0,3,3,-0.7,-9,7.3
Norman Powell,70,37,2016-03-23,22,TOR,A,BOS,-12,1,12:14,1,3,0.333,0,2,0,0,0,NA,0,2,2,3,0,1,1,1,2,2.3,-2,10.5
Norman Powell,71,38,2016-03-25,22,TOR,A,HOU,-3,1,38:58,5,13,0.385,3,6,0.5,0,0,NA,0,4,4,2,1,1,3,3,13,6,5,25
Norman Powell,72,39,2016-03-26,22,TOR,A,NOP,24,1,33:45,5,11,0.455,2,6,0.333,3,3,1,0,7,7,2,0,0,2,3,15,9.6,23,26.8
Norman Powell,73,40,2016-03-28,22,TOR,H,OKC,-19,1,27:49,7,13,0.538,4,7,0.571,0,0,NA,1,3,4,0,0,2,0,2,18,13.9,-22,29
Norman Powell,74,41,2016-03-30,22,TOR,H,ATL,8,1,25:02,3,6,0.5,2,3,0.667,2,2,1,0,4,4,2,2,0,1,2,10,9.8,4,22.5
Norman Powell,75,42,2016-04-01,22,TOR,A,MEM,4,1,30:30,4,4,1,2,2,1,4,4,1,0,4,4,5,2,1,4,0,14,16.2,10,31.5
Norman Powell,76,43,2016-04-02,22,TOR,A,SAS,-7,1,32:20,6,10,0.6,1,2,0.5,4,5,0.8,0,3,3,2,1,0,3,3,17,11.1,0,24.8
Norman Powell,77,44,2016-04-05,22,TOR,H,CHO,6,1,22:52,2,6,0.333,0,4,0,0,0,NA,1,3,4,1,2,0,1,2,4,3.1,7,14
Norman Powell,78,45,2016-04-07,22,TOR,A,ATL,-8,1,31:02,4,8,0.5,2,4,0.5,0,0,NA,0,4,4,1,0,0,0,2,10,7.1,-6,17.5
Norman Powell,79,46,2016-04-08,22,TOR,H,IND,13,1,41:12,5,11,0.455,3,4,0.75,14,19,0.737,0,6,6,4,1,0,3,2,27,21.1,11,42.5
Norman Powell,80,47,2016-04-10,22,TOR,A,NYK,4,1,20:43,1,6,0.167,0,2,0,0,0,NA,0,1,1,1,1,0,0,1,2,-0.2,0,6.8
Norman Powell,81,48,2016-04-12,22,TOR,H,PHI,24,1,38:22,6,10,0.6,2,4,0.5,4,4,1,0,4,4,1,3,0,2,2,18,15.5,15,30.5
Norman Powell,82,49,2016-04-13,22,TOR,A,BRK,7,1,36:35,12,18,0.667,5,6,0.833,1,3,0.333,1,8,9,5,1,0,1,2,30,27.2,0,52.8
Bismack Biyombo,1,1,2015-10-28,23,TOR,H,IND,7,0,15:43,3,6,0.5,0,0,NA,1,1,1,3,2,5,0,0,1,0,6,7,5,-1,15.3
Bismack Biyombo,2,2,2015-10-30,23,TOR,A,BOS,10,0,15:58,1,2,0.5,0,0,NA,2,2,1,2,4,6,0,0,1,1,5,4,3.3,6,13
Bismack Biyombo,3,3,2015-11-01,23,TOR,H,MIL,19,0,19:01,1,7,0.143,0,0,NA,1,2,0.5,4,6,10,0,0,1,0,4,3,1.8,-2,17.5
Bismack Biyombo,4,4,2015-11-03,23,TOR,A,DAL,11,0,13:38,2,4,0.5,0,0,NA,1,2,0.5,2,4,6,0,0,1,2,3,5,2.7,-3,13.5
Bismack Biyombo,5,5,2015-11-04,23,TOR,A,OKC,5,0,19:19,2,4,0.5,0,0,NA,3,6,0.5,3,2,5,0,0,1,2,2,7,4.4,-1,14.3
Bismack Biyombo,6,6,2015-11-06,23,TOR,A,ORL,-5,0,16:02,1,5,0.2,0,0,NA,0,1,0,2,4,6,0,0,0,0,1,2,0.7,-12,9.5
Bismack Biyombo,7,7,2015-11-08,23,TOR,A,MIA,-20,0,14:34,1,2,0.5,0,0,NA,3,3,1,3,4,7,0,2,1,2,2,5,7.2,-14,18.8
Bismack Biyombo,8,8,2015-11-10,23,TOR,H,NYK,-2,0,16:12,2,3,0.667,0,0,NA,0,0,NA,2,1,3,2,0,2,0,2,4,6.4,-1,14.8
Bismack Biyombo,9,9,2015-11-11,23,TOR,A,PHI,16,0,21:04,3,8,0.375,0,0,NA,4,4,1,5,5,10,0,0,3,0,5,10,10.7,-6,30
Bismack Biyombo,10,10,2015-11-13,23,TOR,H,NOP,19,0,20:14,1,1,1,0,0,NA,4,4,1,1,8,9,0,0,0,1,0,6,7.8,3,16.8
Bismack Biyombo,11,11,2015-11-15,23,TOR,A,SAC,-6,0,26:46,1,2,0.5,0,0,NA,2,2,1,1,5,6,1,0,0,1,4,4,3.3,-2,12.5
Bismack Biyombo,12,12,2015-11-17,23,TOR,A,GSW,-5,0,6:40,0,0,NA,0,0,NA,0,0,NA,0,2,2,0,0,1,0,1,0,0.9,-4,4.5
Bismack Biyombo,13,13,2015-11-18,23,TOR,A,UTA,-4,0,14:55,1,2,0.5,0,0,NA,1,2,0.5,0,2,2,0,0,0,1,1,3,0.8,3,5
Bismack Biyombo,14,14,2015-11-20,23,TOR,A,LAL,11,0,15:43,0,1,0,0,0,NA,1,2,0.5,2,2,4,0,0,1,0,1,1,2.2,4,8
Bismack Biyombo,15,15,2015-11-22,23,TOR,A,LAC,11,1,30:38,3,5,0.6,0,0,NA,0,0,NA,4,10,14,0,0,0,1,4,6,6.9,-4,23
Bismack Biyombo,16,16,2015-11-25,23,TOR,H,CLE,4,1,32:52,4,5,0.8,0,0,NA,3,7,0.429,2,10,12,0,0,0,1,2,11,10.1,6,27
Bismack Biyombo,17,17,2015-11-28,23,TOR,A,WAS,2,1,34:41,0,1,0,0,0,NA,0,0,NA,1,15,16,2,1,4,2,4,0,6.1,5,32
Bismack Biyombo,18,18,2015-11-29,23,TOR,H,PHO,-5,1,33:29,1,3,0.333,0,0,NA,0,0,NA,2,6,8,0,0,4,4,3,2,1.1,-1,18
Bismack Biyombo,19,19,2015-12-02,23,TOR,A,ATL,10,1,26:49,3,4,0.75,0,0,NA,1,2,0.5,5,3,8,0,0,2,2,1,7,8.4,-4,20
Bismack Biyombo,20,20,2015-12-03,23,TOR,H,DEN,-1,1,25:05,2,4,0.5,0,0,NA,2,2,1,2,5,7,0,0,1,0,4,6,6,-17,16.8
Bismack Biyombo,21,21,2015-12-05,23,TOR,H,GSW,-3,1,14:24,0,0,NA,0,0,NA,0,0,NA,1,4,5,0,0,0,1,4,0,-0.7,-14,5.8
Bismack Biyombo,22,22,2015-12-07,23,TOR,H,LAL,9,1,29:25,4,8,0.5,0,0,NA,7,11,0.636,5,8,13,0,0,2,0,4,15,15.1,10,36.8
Bismack Biyombo,23,23,2015-12-09,23,TOR,H,SAS,3,1,25:32,5,7,0.714,0,0,NA,0,1,0,2,5,7,0,0,0,0,4,10,8,-3,18.8
Bismack Biyombo,24,24,2015-12-11,23,TOR,H,MIL,7,1,33:53,2,3,0.667,0,0,NA,0,1,0,2,7,9,0,1,1,4,4,4,1.9,11,17.3
Bismack Biyombo,25,25,2015-12-13,23,TOR,H,PHI,20,1,26:35,2,3,0.667,0,0,NA,2,4,0.5,2,7,9,0,1,1,1,3,6,6.9,16,20.8
Bismack Biyombo,26,26,2015-12-14,23,TOR,A,IND,-16,1,31:28,1,3,0.333,0,0,NA,7,8,0.875,5,8,13,0,1,2,3,3,9,11,-6,29.8
Bismack Biyombo,27,27,2015-12-17,23,TOR,A,CHO,-10,1,39:55,2,4,0.5,0,0,NA,4,6,0.667,3,15,18,0,1,7,0,6,8,15.3,-6,46.5
Bismack Biyombo,28,28,2015-12-18,23,TOR,A,MIA,14,1,34:28,2,5,0.4,0,0,NA,1,2,0.5,4,11,15,0,0,1,1,1,5,7.3,11,25.3
Bismack Biyombo,29,29,2015-12-20,23,TOR,H,SAC,-10,1,25:55,0,7,0,0,0,NA,2,2,1,5,8,13,0,0,1,0,2,2,2.9,-22,20.3
Bismack Biyombo,30,30,2015-12-22,23,TOR,H,DAL,4,1,38:02,4,9,0.444,0,0,NA,1,2,0.5,7,13,20,2,0,2,2,2,9,12.7,7,40
Bismack Biyombo,31,31,2015-12-26,23,TOR,A,MIL,21,1,27:04,5,7,0.714,0,0,NA,4,7,0.571,3,9,12,1,0,4,0,2,14,17.4,-11,40
Bismack Biyombo,32,32,2015-12-28,23,TOR,A,CHI,-7,1,18:27,0,2,0,0,0,NA,0,0,NA,1,8,9,0,0,0,0,4,0,0.1,-9,11.3
Bismack Biyombo,33,33,2015-12-30,23,TOR,H,WAS,3,0,27:07,3,3,1,0,0,NA,6,9,0.667,5,7,12,0,0,2,1,2,12,15.1,3,32
Bismack Biyombo,34,34,2016-01-01,23,TOR,H,CHO,10,0,23:57,2,3,0.667,0,0,NA,2,2,1,2,9,11,0,0,4,3,1,6,8.2,2,26.3
Bismack Biyombo,35,35,2016-01-03,23,TOR,H,CHI,-2,0,15:44,2,2,1,0,0,NA,0,0,NA,2,3,5,0,0,0,1,4,4,3.1,-2,9.8
Bismack Biyombo,36,36,2016-01-04,23,TOR,A,CLE,-22,0,18:07,3,4,0.75,0,0,NA,4,5,0.8,1,4,5,1,0,1,2,3,10,8.1,2,18.8
Bismack Biyombo,37,37,2016-01-06,23,TOR,A,BRK,17,0,16:39,0,3,0,0,0,NA,0,0,NA,2,2,4,0,0,1,1,3,0,-1.6,-4,6.5
Bismack Biyombo,38,38,2016-01-08,23,TOR,A,WAS,9,0,17:59,0,1,0,0,0,NA,0,0,NA,0,6,6,0,0,4,1,3,0,1.7,10,15
Bismack Biyombo,39,39,2016-01-09,23,TOR,A,PHI,13,0,17:46,1,1,1,0,0,NA,0,0,NA,1,3,4,0,0,2,0,1,2,4.3,0,11
Bismack Biyombo,40,40,2016-01-14,23,TOR,A,ORL,3,0,20:35,3,4,0.75,0,0,NA,5,6,0.833,2,4,6,1,0,1,1,3,11,10.8,10,21.5
Bismack Biyombo,41,41,2016-01-18,23,TOR,H,BRK,12,0,20:28,3,3,1,0,0,NA,1,2,0.5,0,5,5,0,0,2,1,4,7,6,12,16.8
Bismack Biyombo,42,42,2016-01-20,23,TOR,H,BOS,6,0,16:20,1,1,1,0,0,NA,1,4,0.25,0,4,4,0,1,3,2,1,3,3.4,-12,15
Bismack Biyombo,43,43,2016-01-22,23,TOR,H,MIA,20,0,21:22,1,3,0.333,0,0,NA,0,0,NA,1,7,8,1,0,2,1,2,2,3.4,2,17
Bismack Biyombo,44,44,2016-01-24,23,TOR,H,LAC,18,0,22:57,4,6,0.667,0,0,NA,2,3,0.667,3,6,9,0,0,0,2,1,10,8.5,24,20.3
Bismack Biyombo,45,45,2016-01-26,23,TOR,H,WAS,17,0,19:14,1,2,0.5,0,0,NA,3,4,0.75,0,6,6,1,1,1,0,2,5,7,19,18
Bismack Biyombo,46,46,2016-01-28,23,TOR,H,NYK,10,0,19:41,2,3,0.667,0,0,NA,1,2,0.5,0,2,2,0,0,1,0,2,5,3.8,12,9.5
Bismack Biyombo,47,47,2016-01-30,23,TOR,H,DET,4,0,21:10,3,6,0.5,0,0,NA,6,8,0.75,3,10,13,0,0,3,0,2,12,14.6,14,35.8
Bismack Biyombo,48,48,2016-02-01,23,TOR,A,DEN,-19,0,15:05,0,1,0,0,0,NA,3,6,0.5,1,4,5,1,0,1,2,3,3,1.2,3,11.8
Bismack Biyombo,49,49,2016-02-02,23,TOR,A,PHO,7,0,28:58,2,3,0.667,0,0,NA,3,3,1,1,11,12,1,0,1,1,5,7,8.1,17,25
Bismack Biyombo,50,50,2016-02-04,23,TOR,A,POR,7,0,20:56,0,1,0,0,0,NA,1,2,0.5,2,5,7,0,0,1,1,4,1,0.9,3,11.3
Bismack Biyombo,51,51,2016-02-08,23,TOR,A,DET,14,0,20:53,0,0,NA,0,0,NA,0,0,NA,0,4,4,0,1,0,2,3,0,-1,8,6
Bismack Biyombo,52,52,2016-02-10,23,TOR,A,MIN,-5,0,19:42,2,2,1,0,0,NA,2,2,1,2,4,6,0,1,6,0,3,6,12,6,27.5
Bismack Biyombo,53,53,2016-02-19,23,TOR,A,CHI,-10,0,15:21,0,0,NA,0,0,NA,1,4,0.25,1,2,3,1,0,2,1,4,1,0.6,-12,9.8
Bismack Biyombo,54,54,2016-02-21,23,TOR,H,MEM,13,0,16:43,2,4,0.5,0,1,0,1,2,0.5,2,7,9,0,1,1,2,4,5,4.2,12,19.3
Bismack Biyombo,55,55,2016-02-22,23,TOR,A,NYK,27,0,19:21,4,4,1,0,0,NA,2,5,0.4,5,4,9,1,0,1,0,4,10,12.1,10,24.8
Bismack Biyombo,56,56,2016-02-24,23,TOR,H,MIN,9,0,29:00,3,7,0.429,0,0,NA,0,0,NA,2,9,11,1,1,3,1,3,6,8,23,28.8
Bismack Biyombo,57,57,2016-02-26,23,TOR,H,CLE,2,0,19:36,5,5,1,0,0,NA,1,2,0.5,0,4,4,0,0,0,0,0,11,10.3,-2,16
Bismack Biyombo,58,58,2016-02-28,23,TOR,A,DET,-13,0,21:38,1,2,0.5,0,0,NA,0,0,NA,1,6,7,0,0,0,0,4,2,1.9,1,10.8
Bismack Biyombo,59,59,2016-03-02,23,TOR,H,UTA,10,0,17:48,0,2,0,0,0,NA,1,2,0.5,3,4,7,0,0,3,0,2,1,3.8,-7,15.8
Bismack Biyombo,60,60,2016-03-04,23,TOR,H,POR,2,0,20:10,3,4,0.75,0,0,NA,3,4,0.75,0,4,4,0,0,2,2,5,9,5.6,-14,17
Bismack Biyombo,61,61,2016-03-06,23,TOR,H,HOU,-6,0,19:48,1,2,0.5,0,0,NA,0,0,NA,1,6,7,1,0,0,1,2,2,2.4,0,11.8
Bismack Biyombo,62,62,2016-03-08,23,TOR,H,BRK,5,0,26:28,3,4,0.75,0,0,NA,0,0,NA,4,6,10,1,2,2,3,4,6,8.5,8,26.5
Bismack Biyombo,63,63,2016-03-10,23,TOR,H,ATL,8,0,24:03,1,5,0.2,0,0,NA,1,2,0.5,2,7,9,1,0,2,0,3,3,3.9,7,19.8
Bismack Biyombo,64,64,2016-03-12,23,TOR,H,MIA,8,0,20:32,0,0,NA,0,0,NA,2,4,0.5,0,4,4,0,1,2,1,2,2,3,3,12.5
Bismack Biyombo,65,65,2016-03-14,23,TOR,H,CHI,-2,0,25:37,3,5,0.6,0,0,NA,0,0,NA,4,2,6,0,0,6,0,2,6,10.5,-10,25.5
Bismack Biyombo,66,66,2016-03-15,23,TOR,A,MIL,18,1,24:54,6,7,0.857,0,0,NA,0,0,NA,2,11,13,1,0,2,0,2,12,15.5,13,35.3
Bismack Biyombo,67,67,2016-03-17,23,TOR,A,IND,7,1,42:12,5,6,0.833,0,0,NA,6,11,0.545,9,16,25,0,0,2,0,2,16,23.5,17,52.8
Bismack Biyombo,68,68,2016-03-18,23,TOR,H,BOS,14,1,23:56,1,4,0.25,0,0,NA,2,2,1,3,8,11,2,0,2,0,3,4,7.7,6,24.8
Bismack Biyombo,69,69,2016-03-20,23,TOR,H,ORL,5,1,36:03,5,7,0.714,0,0,NA,2,6,0.333,5,6,11,1,0,6,1,4,12,15.1,-3,40.3
Bismack Biyombo,70,70,2016-03-23,23,TOR,A,BOS,-12,0,27:18,0,3,0,0,0,NA,0,2,0,5,8,13,1,0,1,0,3,0,3.2,-12,19.8
Bismack Biyombo,71,71,2016-03-25,23,TOR,A,HOU,-3,0,18:08,2,3,0.667,0,0,NA,2,2,1,0,4,4,1,1,2,0,2,6,8.2,3,18.5
Bismack Biyombo,72,72,2016-03-26,23,TOR,A,NOP,24,0,18:51,1,1,1,0,0,NA,5,6,0.833,1,4,5,0,0,2,1,3,7,7.4,-6,16.8
Bismack Biyombo,73,73,2016-03-28,23,TOR,H,OKC,-19,0,17:49,2,4,0.5,0,0,NA,3,5,0.6,3,4,7,0,0,1,0,3,7,7,-4,17.8
Bismack Biyombo,74,74,2016-03-30,23,TOR,H,ATL,8,0,17:02,1,1,1,0,0,NA,5,6,0.833,2,4,6,0,2,1,0,1,7,11.2,-3,20.5
Bismack Biyombo,75,75,2016-04-01,23,TOR,A,MEM,4,0,11:57,1,1,1,0,0,NA,0,0,NA,0,1,1,0,0,1,2,5,2,-1.3,-14,4.3
Bismack Biyombo,76,76,2016-04-02,23,TOR,A,SAS,-7,0,19:17,1,2,0.5,0,0,NA,0,0,NA,1,5,6,0,0,1,0,4,2,2.3,1,11.5
Bismack Biyombo,77,77,2016-04-05,23,TOR,H,CHO,6,0,19:37,1,5,0.2,0,0,NA,1,6,0.167,2,5,7,0,0,3,0,2,3,2.1,-9,17.8
Bismack Biyombo,78,78,2016-04-07,23,TOR,A,ATL,-8,0,21:44,3,8,0.375,0,0,NA,4,5,0.8,3,6,9,1,0,1,1,0,10,9.5,1,24.3
Bismack Biyombo,79,79,2016-04-08,23,TOR,H,IND,13,0,9:34,1,1,1,0,0,NA,0,0,NA,0,4,4,0,0,0,0,0,2,2.9,8,7
Bismack Biyombo,80,80,2016-04-10,23,TOR,A,NYK,4,0,20:09,1,1,1,0,0,NA,0,2,0,1,7,8,1,0,0,1,3,2,2.2,-2,13
Bismack Biyombo,81,81,2016-04-12,23,TOR,H,PHI,24,0,21:40,6,8,0.75,0,0,NA,2,2,1,3,4,7,0,0,1,0,2,14,14,-1,24.8
Bismack Biyombo,82,82,2016-04-13,23,TOR,A,BRK,7,0,12:24,1,3,0.333,0,0,NA,1,2,0.5,3,2,5,1,0,2,0,1,3,5.3,3,14.8
Patrick Patterson,1,1,2015-10-28,26,TOR,H,IND,7,0,19:18,3,7,0.429,2,5,0.4,0,0,NA,0,4,4,1,1,0,2,0,8,5.2,4,16.5
Patrick Patterson,2,2,2015-10-30,26,TOR,A,BOS,10,0,24:44,2,6,0.333,2,5,0.4,2,2,1,0,0,0,0,1,0,1,3,8,3.4,2,10.5
Patrick Patterson,3,3,2015-11-01,26,TOR,H,MIL,19,0,24:09,6,9,0.667,4,5,0.8,0,0,NA,0,3,3,1,0,0,1,2,16,11.9,15,22.8
Patrick Patterson,4,4,2015-11-03,26,TOR,A,DAL,11,0,16:41,0,6,0,0,3,0,0,0,NA,1,4,5,0,1,0,0,1,0,-1.7,-4,8.3
Patrick Patterson,5,5,2015-11-04,26,TOR,A,OKC,5,0,23:21,3,5,0.6,1,2,0.5,0,0,NA,0,2,2,3,2,2,1,1,7,9.4,3,22
Patrick Patterson,6,6,2015-11-06,26,TOR,A,ORL,-5,0,21:38,0,6,0,0,4,0,0,0,NA,1,2,3,2,0,1,1,3,0,-3,4,8.3
Patrick Patterson,7,7,2015-11-08,26,TOR,A,MIA,-20,0,15:14,1,4,0.25,0,2,0,0,0,NA,0,1,1,2,1,0,1,1,2,0.9,-7,7.8
Patrick Patterson,8,8,2015-11-10,26,TOR,H,NYK,-2,0,19:25,2,6,0.333,0,3,0,0,0,NA,1,5,6,0,0,0,1,2,4,1,-1,11
Patrick Patterson,9,9,2015-11-11,26,TOR,A,PHI,16,0,25:30,3,8,0.375,1,5,0.2,0,0,NA,2,5,7,1,2,0,2,0,7,6.2,1,20.8
Patrick Patterson,10,10,2015-11-13,26,TOR,H,NOP,19,0,22:16,4,8,0.5,2,5,0.4,0,0,NA,1,0,1,0,0,0,1,2,10,4.9,8,11.8
Patrick Patterson,11,11,2015-11-15,26,TOR,A,SAC,-6,0,19:05,3,5,0.6,3,4,0.75,0,0,NA,1,3,4,0,0,0,0,1,9,7.9,9,15.5
Patrick Patterson,12,12,2015-11-17,26,TOR,A,GSW,-5,0,19:42,1,3,0.333,1,2,0.5,0,0,NA,0,2,2,1,0,0,3,0,3,-0.4,-2,6
Patrick Patterson,13,13,2015-11-18,26,TOR,A,UTA,-4,0,16:12,0,3,0,0,3,0,0,0,NA,1,4,5,0,1,0,1,0,0,-0.2,1,7.8
Patrick Patterson,14,14,2015-11-20,26,TOR,A,LAL,11,0,26:05,3,7,0.429,1,5,0.2,0,0,NA,3,4,7,3,1,0,0,2,7,8.9,21,22.8
Patrick Patterson,15,15,2015-11-22,26,TOR,A,LAC,11,0,14:18,1,2,0.5,0,1,0,0,0,NA,2,3,5,0,0,0,2,0,2,1.3,-3,7.3
Patrick Patterson,16,16,2015-11-25,26,TOR,H,CLE,4,0,25:47,3,8,0.375,2,6,0.333,0,0,NA,1,4,5,1,1,0,2,2,8,4.4,14,17.8
Patrick Patterson,17,17,2015-11-28,26,TOR,A,WAS,2,0,20:27,2,4,0.5,2,3,0.667,1,2,0.5,0,9,9,1,1,0,0,0,7,9,-4,22.8
Patrick Patterson,18,18,2015-11-29,26,TOR,H,PHO,-5,0,16:29,2,7,0.286,2,4,0.5,0,0,NA,1,2,3,0,0,0,0,0,6,3.2,-10,10.8
Patrick Patterson,19,19,2015-12-02,26,TOR,A,ATL,10,0,22:50,2,7,0.286,2,6,0.333,0,0,NA,1,6,7,0,1,1,1,2,6,4.3,18,19.3
Patrick Patterson,20,20,2015-12-03,26,TOR,H,DEN,-1,0,22:23,1,3,0.333,1,3,0.333,0,0,NA,0,4,4,3,0,0,0,0,3,4.6,1,13
Patrick Patterson,21,21,2015-12-05,26,TOR,H,GSW,-3,0,31:17,2,5,0.4,0,2,0,0,0,NA,4,6,10,1,1,1,0,3,4,7.1,1,22
Patrick Patterson,22,22,2015-12-07,26,TOR,H,LAL,9,0,29:29,1,7,0.143,0,4,0,0,0,NA,0,2,2,2,1,0,0,1,2,0.1,16,9.5
Patrick Patterson,23,23,2015-12-09,26,TOR,H,SAS,3,0,34:20,3,5,0.6,2,4,0.5,2,2,1,0,4,4,1,3,0,2,2,10,9.8,-7,22.5
Patrick Patterson,24,24,2015-12-11,26,TOR,H,MIL,7,0,32:11,3,6,0.5,2,4,0.5,0,0,NA,1,5,6,2,0,1,0,2,8,8.5,15,21.5
Patrick Patterson,25,25,2015-12-13,26,TOR,H,PHI,20,0,25:51,1,3,0.333,0,2,0,0,0,NA,0,1,1,1,1,1,0,1,2,2.6,12,8.8
Patrick Patterson,26,26,2015-12-14,26,TOR,A,IND,-16,0,22:47,3,6,0.5,3,6,0.5,0,0,NA,0,5,5,0,1,0,3,1,9,5.1,-28,17.3
Patrick Patterson,27,27,2015-12-17,26,TOR,A,CHO,-10,0,25:20,1,8,0.125,0,7,0,0,0,NA,0,3,3,3,1,0,0,1,2,0.4,-3,12.3
Patrick Patterson,28,28,2015-12-18,26,TOR,A,MIA,14,0,23:54,1,3,0.333,0,2,0,0,0,NA,0,8,8,1,1,0,0,2,2,3.6,18,15.5
Patrick Patterson,29,29,2015-12-20,26,TOR,H,SAC,-10,0,33:23,6,12,0.5,4,8,0.5,2,2,1,1,7,8,1,3,0,1,4,18,15.9,5,37
Patrick Patterson,30,30,2015-12-22,26,TOR,H,DAL,4,0,8:17,0,2,0,0,2,0,0,0,NA,0,0,0,0,1,0,1,0,0,-1.4,-3,1.5
Patrick Patterson,31,31,2015-12-26,26,TOR,A,MIL,21,0,28:28,3,7,0.429,1,4,0.25,0,0,NA,1,6,7,5,0,2,0,2,7,9.9,22,27.8
Patrick Patterson,32,32,2015-12-28,26,TOR,A,CHI,-7,0,21:46,3,13,0.231,1,5,0.2,0,0,NA,2,2,4,2,0,0,0,0,7,2.5,-20,15.5
Patrick Patterson,33,33,2015-12-30,26,TOR,H,WAS,3,0,20:19,0,3,0,0,3,0,0,0,NA,0,2,2,0,0,0,3,1,0,-4.9,-2,1
Patrick Patterson,34,34,2016-01-01,26,TOR,H,CHO,10,0,22:39,5,9,0.556,4,6,0.667,0,0,NA,2,4,6,1,1,0,1,3,14,11.8,1,26.5
Patrick Patterson,35,35,2016-01-03,26,TOR,H,CHI,-2,0,25:57,3,7,0.429,1,3,0.333,0,0,NA,0,5,5,0,0,1,0,0,7,5.5,6,15.8
Patrick Patterson,36,36,2016-01-04,26,TOR,A,CLE,-22,0,26:27,6,8,0.75,3,5,0.6,0,0,NA,0,1,1,0,1,0,0,2,15,12.3,0,19.8
Patrick Patterson,37,37,2016-01-06,26,TOR,A,BRK,17,0,25:42,3,8,0.375,2,6,0.333,0,0,NA,2,1,3,0,1,1,0,1,8,6.6,5,16.8
Patrick Patterson,38,38,2016-01-08,26,TOR,A,WAS,9,0,27:57,0,2,0,0,0,NA,0,0,NA,0,0,0,1,0,0,1,3,0,-2.9,2,1
Patrick Patterson,39,39,2016-01-09,26,TOR,A,PHI,13,0,29:36,3,5,0.6,3,4,0.75,2,2,1,0,2,2,2,0,1,1,2,11,9.6,7,19.5
Patrick Patterson,40,40,2016-01-14,26,TOR,A,ORL,3,0,35:50,4,7,0.571,3,5,0.6,0,0,NA,1,6,7,2,1,2,0,2,11,13.2,5,30.3
Patrick Patterson,41,41,2016-01-18,26,TOR,H,BRK,12,0,32:40,5,10,0.5,2,6,0.333,0,0,NA,0,4,4,2,0,1,1,0,12,9.3,14,22.5
Patrick Patterson,42,42,2016-01-20,26,TOR,H,BOS,6,0,26:07,3,7,0.429,0,3,0,0,0,NA,3,4,7,2,1,0,0,2,6,7.2,-6,19.8
Patrick Patterson,43,43,2016-01-22,26,TOR,H,MIA,20,0,23:51,2,5,0.4,1,4,0.25,0,0,NA,0,2,2,0,0,0,1,3,5,0.7,9,7.5
Patrick Patterson,44,44,2016-01-24,26,TOR,H,LAC,18,0,27:04,4,8,0.5,2,5,0.4,0,0,NA,1,5,6,3,1,1,0,3,10,10.8,31,27
Patrick Patterson,45,45,2016-01-26,26,TOR,H,WAS,17,0,23:30,1,6,0.167,0,1,0,0,0,NA,3,5,8,1,1,0,1,3,2,1.3,22,15
Patrick Patterson,46,46,2016-01-28,26,TOR,H,NYK,10,0,29:17,4,6,0.667,2,3,0.667,0,0,NA,0,5,5,0,0,0,2,3,10,5.7,21,16.3
Patrick Patterson,47,47,2016-01-30,26,TOR,H,DET,4,0,25:12,1,3,0.333,0,1,0,0,0,NA,1,1,2,2,0,0,1,1,2,1.3,15,7
Patrick Patterson,48,48,2016-02-01,26,TOR,A,DEN,-19,0,23:27,1,6,0.167,1,5,0.2,0,0,NA,0,3,3,2,0,0,1,2,3,-0.3,-16,9.8
Patrick Patterson,49,49,2016-02-02,26,TOR,A,PHO,7,0,28:31,1,6,0.167,0,4,0,0,0,NA,2,4,6,0,2,0,1,2,2,1,15,13
Patrick Patterson,50,50,2016-02-04,26,TOR,A,POR,7,0,27:52,2,3,0.667,2,2,1,0,0,NA,2,2,4,3,3,0,0,1,6,11.4,19,22.5
Patrick Patterson,51,51,2016-02-08,26,TOR,A,DET,14,0,26:06,3,4,0.75,3,4,0.75,0,0,NA,0,0,0,0,1,0,2,2,9,5.6,23,11.5
Patrick Patterson,52,52,2016-02-10,26,TOR,A,MIN,-5,0,29:42,3,7,0.429,2,5,0.4,0,0,NA,0,6,6,0,0,1,1,2,8,5,11,18
Patrick Patterson,53,53,2016-02-19,26,TOR,A,CHI,-10,0,28:11,5,10,0.5,2,4,0.5,0,1,0,1,6,7,3,1,1,0,2,12,12.1,0,30.3
Patrick Patterson,54,54,2016-02-21,26,TOR,H,MEM,13,0,30:01,2,8,0.25,2,6,0.333,5,6,0.833,1,7,8,0,0,0,0,2,11,7.8,22,22
Patrick Patterson,55,55,2016-02-22,26,TOR,A,NYK,27,0,26:05,2,2,1,1,1,1,0,0,NA,0,3,3,0,0,0,1,3,5,3.1,14,8.8
Patrick Patterson,56,56,2016-02-24,26,TOR,H,MIN,9,0,34:36,3,8,0.375,1,4,0.25,0,0,NA,2,4,6,0,0,2,2,4,7,3,23,18
Patrick Patterson,57,57,2016-02-26,26,TOR,H,CLE,2,0,36:54,2,4,0.5,1,1,1,0,0,NA,0,3,3,1,0,0,3,4,5,0,16,9.3
Patrick Patterson,58,58,2016-02-28,26,TOR,A,DET,-13,0,25:38,1,3,0.333,1,2,0.5,0,0,NA,3,0,3,0,2,0,2,2,3,2.6,-9,10.3
Patrick Patterson,59,59,2016-03-02,26,TOR,H,UTA,10,0,29:08,1,9,0.111,0,5,0,2,2,1,1,6,7,0,0,0,0,0,4,0.6,5,12.8
Patrick Patterson,60,60,2016-03-04,26,TOR,H,POR,2,0,29:38,3,6,0.5,1,2,0.5,0,0,NA,1,5,6,0,0,0,1,2,7,4.4,-9,14.5
Patrick Patterson,61,61,2016-03-06,26,TOR,H,HOU,-6,0,27:20,3,7,0.429,2,6,0.333,0,0,NA,1,3,4,2,0,0,0,2,8,6.5,-11,17
Patrick Patterson,62,62,2016-03-08,26,TOR,H,BRK,5,0,23:55,4,8,0.5,1,4,0.25,2,3,0.667,1,2,3,2,1,1,0,1,11,10.6,7,22.3
Patrick Patterson,63,63,2016-03-10,26,TOR,H,ATL,8,0,26:19,5,9,0.556,2,4,0.5,0,0,NA,2,2,4,1,0,1,0,2,12,10.3,13,21.5
Patrick Patterson,64,64,2016-03-12,26,TOR,H,MIA,8,0,36:49,3,8,0.375,3,4,0.75,0,0,NA,4,2,6,1,0,0,0,2,9,7.9,14,19.5
Patrick Patterson,65,65,2016-03-14,27,TOR,H,CHI,-2,0,32:10,4,9,0.444,3,7,0.429,2,2,1,1,5,6,2,0,0,0,2,13,11.1,5,25
Patrick Patterson,66,66,2016-03-15,27,TOR,A,MIL,18,0,19:57,6,11,0.545,2,4,0.5,0,0,NA,2,4,6,2,1,2,1,3,14,12.9,6,31
Patrick Patterson,67,67,2016-03-17,27,TOR,A,IND,7,0,33:00,1,3,0.333,0,1,0,0,0,NA,2,1,3,0,0,0,0,3,2,0.8,2,5.8
Patrick Patterson,68,68,2016-03-18,27,TOR,H,BOS,14,0,20:18,3,5,0.6,1,2,0.5,0,0,NA,0,2,2,0,0,1,1,2,7,4.2,15,11.5
Patrick Patterson,71,69,2016-03-25,27,TOR,A,HOU,-3,0,20:07,5,7,0.714,0,2,0,1,1,1,1,2,3,1,0,0,0,1,11,9.7,-4,16.3
Patrick Patterson,72,70,2016-03-26,27,TOR,A,NOP,24,0,19:43,5,7,0.714,3,3,1,3,3,1,1,4,5,3,0,0,1,2,16,15.3,10,27.8
Patrick Patterson,73,71,2016-03-28,27,TOR,H,OKC,-19,0,29:24,4,6,0.667,2,4,0.5,3,3,1,0,3,3,1,1,2,1,2,13,12.6,-6,24.8
Patrick Patterson,74,72,2016-03-30,27,TOR,H,ATL,8,0,32:47,3,7,0.429,2,4,0.5,1,2,0.5,2,5,7,3,1,0,1,1,9,9.5,-2,24.8
Patrick Patterson,75,73,2016-04-01,27,TOR,A,MEM,4,0,26:14,1,9,0.111,0,3,0,0,0,NA,3,0,3,2,1,1,1,2,2,-0.5,-6,12.3
Patrick Patterson,76,74,2016-04-02,27,TOR,A,SAS,-7,0,33:56,5,9,0.556,2,3,0.667,0,0,NA,2,5,7,1,2,0,1,1,12,11.9,4,26.8
Patrick Patterson,77,75,2016-04-05,27,TOR,H,CHO,6,0,28:12,4,10,0.4,1,4,0.25,1,1,1,1,2,3,3,2,0,1,2,10,8.2,-7,22.3
Patrick Patterson,78,76,2016-04-07,27,TOR,A,ATL,-8,0,27:59,1,3,0.333,1,2,0.5,0,0,NA,0,4,4,2,2,1,2,1,3,4.2,-4,16.5
Patrick Patterson,79,77,2016-04-08,27,TOR,H,IND,13,0,26:42,1,5,0.2,0,4,0,0,0,NA,1,3,4,2,0,2,1,0,2,2.3,13,13.5
Patrick Patterson,80,78,2016-04-10,27,TOR,A,NYK,4,0,28:57,2,4,0.5,1,3,0.333,0,0,NA,1,2,3,2,0,1,1,1,5,5,3,13.8
Patrick Patterson,82,79,2016-04-13,27,TOR,A,BRK,7,0,15:09,2,5,0.4,1,3,0.333,0,0,NA,1,2,3,1,0,0,0,0,5,4.3,9,10.8
DeMarre Carroll,1,1,2015-10-28,29,TOR,H,IND,7,1,41:11,5,14,0.357,1,4,0.25,3,6,0.5,2,6,8,4,2,0,2,2,14,10.2,7,33.5
DeMarre Carroll,2,2,2015-10-30,29,TOR,A,BOS,10,1,34:44,8,16,0.5,4,7,0.571,1,2,0.5,1,4,5,2,2,0,4,3,21,12.7,-1,34.3
DeMarre Carroll,3,3,2015-11-01,29,TOR,H,MIL,19,1,30:40,5,13,0.385,3,8,0.375,1,2,0.5,3,0,3,1,0,0,3,1,14,5.9,6,19.3
DeMarre Carroll,4,4,2015-11-03,29,TOR,A,DAL,11,1,33:38,1,8,0.125,0,2,0,1,2,0.5,2,3,5,1,0,1,0,3,3,-0.1,1,12.8
DeMarre Carroll,5,5,2015-11-04,29,TOR,A,OKC,5,1,37:26,4,12,0.333,0,1,0,5,5,1,2,5,7,0,4,0,1,3,13,10.9,-4,29.3
DeMarre Carroll,6,6,2015-11-06,29,TOR,A,ORL,-5,1,36:06,3,13,0.231,1,5,0.2,2,2,1,0,2,2,2,0,0,0,2,9,2.3,-15,15
DeMarre Carroll,10,7,2015-11-13,29,TOR,H,NOP,19,1,33:17,5,14,0.357,1,4,0.25,0,1,0,3,2,5,1,1,1,2,5,11,3.9,20,22.3
DeMarre Carroll,11,8,2015-11-15,29,TOR,A,SAC,-6,1,36:48,6,13,0.462,4,9,0.444,1,2,0.5,0,4,4,0,1,0,1,2,17,10.3,-14,25.5
DeMarre Carroll,12,9,2015-11-17,29,TOR,A,GSW,-5,1,39:08,7,12,0.583,3,6,0.5,0,0,NA,1,1,2,2,6,0,1,1,17,18.4,2,35.5
DeMarre Carroll,13,10,2015-11-18,29,TOR,A,UTA,-4,1,34:42,2,8,0.25,2,6,0.333,1,2,0.5,0,6,6,0,2,1,1,3,7,4.1,-5,21
DeMarre Carroll,14,11,2015-11-20,29,TOR,A,LAL,11,1,33:58,5,12,0.417,2,6,0.333,1,2,0.5,3,4,7,2,2,0,2,2,13,10.1,-5,28.8
DeMarre Carroll,15,12,2015-11-22,29,TOR,A,LAC,11,1,39:12,8,13,0.615,2,3,0.667,3,4,0.75,2,3,5,0,4,0,1,4,21,18.4,16,35.8
DeMarre Carroll,16,13,2015-11-25,29,TOR,H,CLE,4,1,40:39,4,11,0.364,3,6,0.5,1,2,0.5,0,3,3,2,1,1,3,4,12,4.9,1,22.8
DeMarre Carroll,17,14,2015-11-28,29,TOR,A,WAS,2,1,27:37,1,8,0.125,0,3,0,2,2,1,1,3,4,1,1,0,2,4,4,-1.5,3,11.5
DeMarre Carroll,18,15,2015-11-29,29,TOR,H,PHO,-5,1,37:15,8,13,0.615,3,6,0.5,1,3,0.333,1,6,7,3,2,0,0,3,20,18.7,2,38.8
DeMarre Carroll,19,16,2015-12-02,29,TOR,A,ATL,10,1,23:05,2,8,0.25,0,3,0,1,2,0.5,1,5,6,0,3,0,3,1,5,1.6,-8,17
DeMarre Carroll,20,17,2015-12-03,29,TOR,H,DEN,-1,1,30:59,3,12,0.25,2,5,0.4,2,2,1,0,6,6,1,1,0,0,3,10,5.1,-8,22
DeMarre Carroll,21,18,2015-12-05,29,TOR,H,GSW,-3,1,26:00,4,10,0.4,1,3,0.333,0,0,NA,0,6,6,1,2,0,0,4,9,6.5,-14,22.5
DeMarre Carroll,31,19,2015-12-26,29,TOR,A,MIL,21,0,17:54,3,5,0.6,1,2,0.5,0,0,NA,1,1,2,1,1,0,0,0,7,7.4,13,13.5
DeMarre Carroll,32,20,2015-12-28,29,TOR,A,CHI,-7,1,24:55,4,11,0.364,2,5,0.4,0,2,0,1,3,4,0,1,0,0,4,10,4.1,12,18
DeMarre Carroll,33,21,2015-12-30,29,TOR,H,WAS,3,1,26:14,2,10,0.2,1,5,0.2,2,5,0.4,2,5,7,0,0,1,0,1,7,2.8,-9,18.3
DeMarre Carroll,34,22,2016-01-01,29,TOR,H,CHO,10,1,25:08,5,11,0.455,4,7,0.571,0,0,NA,2,1,3,0,2,0,1,0,14,11,10,23.3
DeMarre Carroll,35,23,2016-01-03,29,TOR,H,CHI,-2,1,23:58,4,8,0.5,2,5,0.4,0,0,NA,0,3,3,0,0,0,0,2,10,6.1,-2,14.8
DeMarre Carroll,78,24,2016-04-07,29,TOR,A,ATL,-8,0,13:50,2,4,0.5,1,1,1,0,0,NA,0,1,1,0,4,0,0,2,5,6.5,2,14.8
DeMarre Carroll,80,25,2016-04-10,29,TOR,A,NYK,4,0,17:21,1,4,0.25,1,1,1,2,2,1,0,5,5,1,1,1,0,2,5,5.7,5,17.3
DeMarre Carroll,81,26,2016-04-12,29,TOR,H,PHI,24,0,20:42,3,7,0.429,2,5,0.4,0,0,NA,3,3,6,2,1,0,1,2,8,7.9,30,21
Jonas Valanciunas,1,1,2015-10-28,23,TOR,H,IND,7,1,32:17,8,11,0.727,0,0,NA,5,6,0.833,1,14,15,0,0,1,2,4,21,18.1,8,42.3
Jonas Valanciunas,2,2,2015-10-30,23,TOR,A,BOS,10,1,23:16,2,6,0.333,0,0,NA,2,2,1,1,9,10,2,0,0,2,4,6,3.8,6,20.5
Jonas Valanciunas,3,3,2015-11-01,23,TOR,H,MIL,19,1,28:59,7,12,0.583,0,0,NA,5,8,0.625,4,4,8,0,2,0,2,3,19,15,21,32
Jonas Valanciunas,4,4,2015-11-03,23,TOR,A,DAL,11,1,33:40,6,10,0.6,0,0,NA,4,5,0.8,2,6,8,0,0,2,4,3,16,10.4,16,28
Jonas Valanciunas,5,5,2015-11-04,23,TOR,A,OKC,5,1,28:41,6,9,0.667,0,0,NA,5,5,1,5,6,11,1,0,0,1,5,17,16.1,6,33.3
Jonas Valanciunas,6,6,2015-11-06,23,TOR,A,ORL,-5,1,23:02,3,6,0.5,0,0,NA,2,3,0.667,4,9,13,0,0,2,0,3,8,10.3,10,28.3
Jonas Valanciunas,7,7,2015-11-08,23,TOR,A,MIA,-20,1,28:29,8,12,0.667,0,0,NA,1,2,0.5,1,4,5,0,1,0,0,1,17,13.9,-7,25.3
Jonas Valanciunas,8,8,2015-11-10,23,TOR,H,NYK,-2,1,31:48,6,8,0.75,0,0,NA,4,4,1,4,6,10,0,0,0,2,1,16,15,-1,29
Jonas Valanciunas,9,9,2015-11-11,23,TOR,A,PHI,16,1,22:40,4,8,0.5,0,0,NA,3,4,0.75,2,10,12,1,0,1,0,2,11,11.6,19,31
Jonas Valanciunas,10,10,2015-11-13,23,TOR,H,NOP,19,1,27:46,8,11,0.727,0,0,NA,4,6,0.667,6,4,10,0,0,2,4,3,20,16.3,16,36
Jonas Valanciunas,11,11,2015-11-15,23,TOR,A,SAC,-6,1,20:20,2,9,0.222,0,0,NA,0,0,NA,3,2,5,0,0,0,0,2,4,0.4,-5,10.3
Jonas Valanciunas,12,12,2015-11-17,23,TOR,A,GSW,-5,1,31:11,3,9,0.333,0,0,NA,3,4,0.75,5,6,11,0,0,0,3,5,9,3.8,-1,21.3
Jonas Valanciunas,13,13,2015-11-18,23,TOR,A,UTA,-4,1,32:31,5,10,0.5,0,0,NA,1,1,1,4,5,9,0,1,2,1,1,11,11.3,-7,27.8
Jonas Valanciunas,14,14,2015-11-20,23,TOR,A,LAL,11,1,17:36,1,3,0.333,0,0,NA,1,2,0.5,0,3,3,2,0,0,1,0,3,2.2,-5,9.3
Jonas Valanciunas,32,15,2015-12-28,23,TOR,A,CHI,-7,0,20:55,4,7,0.571,0,0,NA,1,2,0.5,1,3,4,1,0,2,2,2,9,6.2,5,18.5
Jonas Valanciunas,33,16,2015-12-30,23,TOR,H,WAS,3,1,20:53,4,7,0.571,0,0,NA,0,0,NA,5,4,9,1,0,1,0,3,8,9.6,0,22.8
Jonas Valanciunas,34,17,2016-01-01,23,TOR,H,CHO,10,1,24:03,3,9,0.333,0,0,NA,4,5,0.8,7,5,12,2,0,0,1,2,10,10.5,8,29
Jonas Valanciunas,35,18,2016-01-03,23,TOR,H,CHI,-2,1,23:21,3,5,0.6,0,0,NA,2,2,1,4,5,9,1,1,3,2,1,8,11.4,2,27.8
Jonas Valanciunas,36,19,2016-01-04,23,TOR,A,CLE,-22,1,26:57,4,8,0.5,0,0,NA,1,3,0.333,5,3,8,1,0,2,1,0,9,9.7,-20,24
Jonas Valanciunas,37,20,2016-01-06,23,TOR,A,BRK,17,1,29:33,8,13,0.615,0,0,NA,6,6,1,4,7,11,0,1,2,3,1,22,20,20,41.8
Jonas Valanciunas,38,21,2016-01-08,23,TOR,A,WAS,9,1,30:01,1,4,0.25,0,0,NA,5,6,0.833,0,3,3,3,1,4,6,4,7,3.4,-1,22.3
Jonas Valanciunas,39,22,2016-01-09,23,TOR,A,PHI,13,1,28:52,7,10,0.7,0,0,NA,3,5,0.6,3,6,9,2,1,2,1,3,17,17.5,16,36.8
Jonas Valanciunas,40,23,2016-01-14,23,TOR,A,ORL,3,1,30:05,6,11,0.545,0,0,NA,1,3,0.333,3,6,9,2,1,3,1,2,13,13.5,-2,34.8
Jonas Valanciunas,41,24,2016-01-18,23,TOR,H,BRK,12,1,26:46,3,11,0.273,0,0,NA,0,0,NA,5,7,12,2,1,1,1,3,6,6,0,27.5
Jonas Valanciunas,42,25,2016-01-20,23,TOR,H,BOS,6,1,28:46,9,9,1,0,0,NA,1,2,0.5,2,10,12,1,1,0,1,1,19,20.6,20,38.5
Jonas Valanciunas,43,26,2016-01-22,23,TOR,H,MIA,20,1,26:38,2,7,0.286,0,0,NA,5,6,0.833,3,10,13,3,0,3,1,3,9,11.6,18,35.3
Jonas Valanciunas,44,27,2016-01-24,23,TOR,H,LAC,18,1,25:03,8,11,0.727,0,0,NA,4,6,0.667,1,7,8,0,0,1,1,5,20,15.2,-6,31.5
Jonas Valanciunas,45,28,2016-01-26,23,TOR,H,WAS,17,1,25:35,5,9,0.556,0,0,NA,3,4,0.75,3,9,12,0,0,1,4,4,13,8.2,-2,29.5
Jonas Valanciunas,46,29,2016-01-28,23,TOR,H,NYK,10,1,28:19,4,16,0.25,0,0,NA,3,3,1,8,10,18,0,0,1,0,4,11,9.1,-2,37
Jonas Valanciunas,47,30,2016-01-30,23,TOR,H,DET,4,1,26:50,2,4,0.5,0,0,NA,4,8,0.5,3,6,9,0,0,0,2,3,8,5.1,-10,18.3
Jonas Valanciunas,48,31,2016-02-01,23,TOR,A,DEN,-19,1,18:58,4,8,0.5,0,0,NA,2,4,0.5,4,4,8,0,0,1,1,1,10,8.5,-19,21.5
Jonas Valanciunas,49,32,2016-02-02,23,TOR,A,PHO,7,1,19:02,5,8,0.625,0,0,NA,4,5,0.8,3,3,6,0,0,0,0,2,14,12.2,-10,21.5
Jonas Valanciunas,50,33,2016-02-04,23,TOR,A,POR,7,1,24:44,5,10,0.5,0,0,NA,4,4,1,6,5,11,0,0,2,1,2,14,14.3,0,32.8
Jonas Valanciunas,51,34,2016-02-08,23,TOR,A,DET,14,1,25:22,7,9,0.778,0,0,NA,1,2,0.5,0,8,8,3,3,1,1,3,15,17.1,13,37
Jonas Valanciunas,52,35,2016-02-10,23,TOR,A,MIN,-5,1,24:16,4,4,1,0,0,NA,4,4,1,2,5,7,2,1,1,2,3,12,13.6,-10,26.8
Jonas Valanciunas,53,36,2016-02-19,23,TOR,A,CHI,-10,1,32:30,9,14,0.643,0,0,NA,7,8,0.875,6,6,12,1,0,1,2,4,25,22.2,2,44
Jonas Valanciunas,54,37,2016-02-21,23,TOR,H,MEM,13,1,31:17,4,7,0.571,0,0,NA,2,2,1,3,9,12,1,1,1,1,2,10,12.1,1,31.5
Jonas Valanciunas,55,38,2016-02-22,23,TOR,A,NYK,27,1,25:18,9,14,0.643,0,0,NA,2,2,1,1,5,6,0,0,3,2,1,20,15.7,14,32.5
Jonas Valanciunas,56,39,2016-02-24,23,TOR,H,MIN,9,1,19:00,6,11,0.545,0,0,NA,2,2,1,4,3,7,1,0,0,2,5,14,9.1,-14,23.3
Jonas Valanciunas,57,40,2016-02-26,23,TOR,H,CLE,2,1,28:24,4,5,0.8,0,0,NA,3,4,0.75,4,5,9,0,1,0,2,3,11,10.8,4,23.3
Jonas Valanciunas,58,41,2016-02-28,23,TOR,A,DET,-13,1,20:30,5,6,0.833,0,0,NA,1,1,1,1,4,5,0,1,0,0,4,11,10.1,-27,19.3
Jonas Valanciunas,59,42,2016-03-02,23,TOR,H,UTA,10,1,25:15,4,8,0.5,0,0,NA,2,2,1,2,6,8,0,0,1,0,3,10,8.7,6,22
Jonas Valanciunas,60,43,2016-03-04,23,TOR,H,POR,2,1,26:38,7,8,0.875,0,0,NA,3,6,0.5,4,6,10,1,0,1,1,3,17,16.8,18,34
Jonas Valanciunas,61,44,2016-03-06,23,TOR,H,HOU,-6,1,28:12,5,9,0.556,0,0,NA,2,2,1,2,8,10,0,0,3,1,3,12,11.4,-6,31.5
Jonas Valanciunas,62,45,2016-03-08,23,TOR,H,BRK,5,1,21:27,4,8,0.5,0,0,NA,2,2,1,1,2,3,2,0,0,0,2,10,7.9,-3,16.8
Jonas Valanciunas,63,46,2016-03-10,23,TOR,H,ATL,8,1,23:41,3,5,0.6,0,0,NA,4,6,0.667,4,6,10,0,0,0,1,3,10,9.3,1,23.5
Jonas Valanciunas,64,47,2016-03-12,23,TOR,H,MIA,8,1,32:25,7,11,0.636,0,0,NA,6,6,1,2,8,10,1,0,1,1,3,20,18.1,5,37
Jonas Valanciunas,65,48,2016-03-14,23,TOR,H,CHI,-2,1,9:35,3,3,1,0,0,NA,2,2,1,1,1,2,0,0,1,1,0,8,7.8,-2,12
Jonas Valanciunas,70,49,2016-03-23,23,TOR,A,BOS,-12,1,20:42,5,10,0.5,0,0,NA,0,1,0,3,4,7,0,1,2,2,1,10,7.9,0,23.8
Jonas Valanciunas,71,50,2016-03-25,23,TOR,A,HOU,-3,1,29:51,6,15,0.4,0,0,NA,4,6,0.667,8,10,18,2,2,1,0,6,16,17.4,-6,49
Jonas Valanciunas,72,51,2016-03-26,23,TOR,A,NOP,24,1,26:27,5,8,0.625,0,0,NA,0,0,NA,1,8,9,1,0,5,1,1,10,12.3,27,32.3
Jonas Valanciunas,73,52,2016-03-28,23,TOR,H,OKC,-19,1,26:30,5,13,0.385,0,0,NA,0,0,NA,3,7,10,0,0,0,0,2,10,6.3,-19,24
Jonas Valanciunas,74,53,2016-03-30,23,TOR,H,ATL,8,1,30:58,9,13,0.692,0,0,NA,1,2,0.5,1,8,9,0,1,1,3,6,19,12.5,11,32.8
Jonas Valanciunas,75,54,2016-04-01,23,TOR,A,MEM,4,1,36:03,1,5,0.2,0,0,NA,9,10,0.9,4,10,14,0,3,7,0,2,11,20.4,18,50
Jonas Valanciunas,76,55,2016-04-02,23,TOR,A,SAS,-7,1,28:43,8,11,0.727,0,0,NA,0,0,NA,2,4,6,0,0,2,2,2,16,12.7,-8,26.5
Jonas Valanciunas,77,56,2016-04-05,23,TOR,H,CHO,6,1,28:23,5,8,0.625,0,0,NA,2,3,0.667,2,10,12,0,0,3,3,3,12,10.3,15,33
Jonas Valanciunas,78,57,2016-04-07,23,TOR,A,ATL,-8,1,21:26,3,6,0.5,0,0,NA,7,8,0.875,3,5,8,0,0,1,0,1,13,13.5,-11,25
Jonas Valanciunas,79,58,2016-04-08,23,TOR,H,IND,13,1,21:23,5,7,0.714,0,0,NA,0,0,NA,0,4,4,0,0,1,4,3,10,3.8,4,15
Jonas Valanciunas,80,59,2016-04-10,23,TOR,A,NYK,4,1,27:51,6,11,0.545,0,0,NA,2,5,0.4,2,5,7,2,0,3,1,3,14,11.7,6,31.3
Jonas Valanciunas,81,60,2016-04-12,23,TOR,H,PHI,24,1,17:10,8,16,0.5,0,0,NA,1,1,1,6,5,11,0,0,1,1,3,17,13.2,14,33.8
Anthony Bennett,2,1,2015-10-30,22,TOR,A,BOS,10,0,2:43,0,0,NA,0,0,NA,0,0,NA,0,3,3,0,1,0,2,3,0,-1.3,3,4.8
Anthony Bennett,3,2,2015-11-01,22,TOR,H,MIL,19,0,2:22,1,1,1,0,0,NA,0,0,NA,1,1,2,0,0,0,1,1,2,1.3,-2,4
Anthony Bennett,6,3,2015-11-06,22,TOR,A,ORL,-5,0,5:30,0,2,0,0,2,0,2,2,1,1,0,1,0,2,0,0,0,2,3.3,-8,7.3
Anthony Bennett,7,4,2015-11-08,22,TOR,A,MIA,-20,0,7:27,0,1,0,0,1,0,0,0,NA,0,0,0,0,0,0,0,1,0,-1.1,-8,0
Anthony Bennett,8,5,2015-11-10,22,TOR,H,NYK,-2,0,17:24,0,3,0,0,1,0,3,4,0.75,1,2,3,0,0,0,0,1,3,1.4,-9,6.8
Anthony Bennett,9,6,2015-11-11,22,TOR,A,PHI,16,0,5:28,0,1,0,0,1,0,2,2,1,0,2,2,0,0,0,0,0,2,1.9,-4,4.5
Anthony Bennett,10,7,2015-11-13,22,TOR,H,NOP,19,0,2:29,0,1,0,0,0,NA,0,0,NA,0,1,1,0,0,0,1,0,0,-1.4,-2,0.8
Anthony Bennett,25,8,2015-12-13,22,TOR,H,PHI,20,0,1:30,1,1,1,1,1,1,0,0,NA,0,0,0,0,0,0,0,1,3,2.3,4,3.5
Anthony Bennett,26,9,2015-12-14,22,TOR,A,IND,-16,0,3:27,1,4,0.25,0,2,0,0,0,NA,2,1,3,0,0,0,0,0,2,1.3,9,5.8
Anthony Bennett,30,10,2015-12-22,22,TOR,H,DAL,4,0,9:49,2,5,0.4,1,3,0.333,0,0,NA,0,2,2,0,0,0,0,1,5,2.5,-12,8
Anthony Bennett,43,11,2016-01-22,22,TOR,H,MIA,20,0,1:36,0,0,NA,0,0,NA,0,0,NA,0,1,1,0,0,0,0,0,0,0.3,2,1.3
Anthony Bennett,44,12,2016-01-24,22,TOR,H,LAC,18,0,2:51,0,1,0,0,1,0,0,0,NA,0,0,0,0,0,0,0,0,0,-0.7,-2,0
Anthony Bennett,45,13,2016-01-26,22,TOR,H,WAS,17,0,1:37,0,0,NA,0,0,NA,0,0,NA,0,0,0,0,0,0,0,0,0,0,0,0
Anthony Bennett,48,14,2016-02-01,22,TOR,A,DEN,-19,0,7:41,1,3,0.333,0,1,0,2,2,1,1,2,3,0,1,0,0,0,4,4.6,8,9.8
Anthony Bennett,51,15,2016-02-08,22,TOR,A,DET,14,0,1:45,0,1,0,0,0,NA,0,0,NA,0,0,0,0,0,0,0,0,0,-0.7,-7,0
Anthony Bennett,53,16,2016-02-19,22,TOR,A,CHI,-10,0,4:38,1,2,0.5,0,0,NA,0,0,NA,0,1,1,0,1,0,0,0,2,2.3,-5,5.3
Anthony Bennett,55,17,2016-02-22,22,TOR,A,NYK,27,0,1:49,0,0,NA,0,0,NA,0,0,NA,0,1,1,0,0,0,0,0,0,0.3,3,1.3
Anthony Bennett,57,18,2016-02-26,22,TOR,H,CLE,2,0,1:57,0,0,NA,0,0,NA,0,0,NA,0,0,0,0,0,0,0,0,0,0,-5,0
Anthony Bennett,58,19,2016-02-28,22,TOR,A,DET,-13,0,2:12,1,1,1,1,1,1,0,0,NA,0,0,0,0,0,0,0,0,3,2.7,5,3.5
DeMar DeRozan,1,1,2015-10-28,26,TOR,H,IND,7,1,35:52,7,17,0.412,1,2,0.5,10,16,0.625,0,5,5,6,2,0,2,2,25,18.4,0,43.8
DeMar DeRozan,2,2,2015-10-30,26,TOR,A,BOS,10,1,34:45,5,15,0.333,1,4,0.25,12,14,0.857,1,6,7,6,2,0,3,4,23,17.8,13,43.8
DeMar DeRozan,3,3,2015-11-01,26,TOR,H,MIL,19,1,37:17,7,13,0.538,0,1,0,1,2,0.5,0,1,1,4,1,1,2,1,15,10.7,25,25.3
DeMar DeRozan,4,4,2015-11-03,26,TOR,A,DAL,11,1,28:23,6,13,0.462,0,0,NA,8,8,1,1,3,4,2,1,0,3,3,20,13.1,12,28.5
DeMar DeRozan,5,5,2015-11-04,26,TOR,A,OKC,5,1,38:35,7,18,0.389,0,0,NA,14,15,0.933,1,4,5,3,2,0,2,1,28,21.4,2,41.8
DeMar DeRozan,6,6,2015-11-06,26,TOR,A,ORL,-5,1,41:23,7,15,0.467,0,1,0,9,12,0.75,3,4,7,2,0,2,2,1,23,17.8,3,37.8
DeMar DeRozan,7,7,2015-11-08,26,TOR,A,MIA,-20,1,35:30,5,14,0.357,0,3,0,6,6,1,0,1,1,3,0,0,6,3,16,3.4,-8,18.8
DeMar DeRozan,8,8,2015-11-10,26,TOR,H,NYK,-2,1,38:41,11,23,0.478,0,1,0,7,9,0.778,0,5,5,2,1,0,1,1,29,19,-10,39.8
DeMar DeRozan,9,9,2015-11-11,26,TOR,A,PHI,16,1,27:24,4,9,0.444,1,1,1,5,6,0.833,2,2,4,2,0,0,0,1,14,11.9,8,22.5
DeMar DeRozan,10,10,2015-11-13,26,TOR,H,NOP,19,1,34:54,5,12,0.417,0,1,0,5,6,0.833,0,6,6,11,1,0,2,1,15,16.3,20,41.5
DeMar DeRozan,11,11,2015-11-15,26,TOR,A,SAC,-6,1,36:32,9,22,0.409,0,3,0,6,8,0.75,0,4,4,5,5,0,4,0,24,17.1,-12,44.5
DeMar DeRozan,12,12,2015-11-17,26,TOR,A,GSW,-5,1,39:10,9,22,0.409,0,0,NA,10,13,0.769,0,5,5,6,1,0,4,3,28,16.5,-4,43.3
DeMar DeRozan,13,13,2015-11-18,26,TOR,A,UTA,-4,1,34:36,6,15,0.4,0,1,0,2,2,1,0,3,3,6,1,0,2,3,14,8.8,-9,27.8
DeMar DeRozan,14,14,2015-11-20,26,TOR,A,LAL,11,1,33:43,5,12,0.417,1,2,0.5,7,8,0.875,2,2,4,2,1,0,3,2,18,11.8,-6,27
DeMar DeRozan,15,15,2015-11-22,26,TOR,A,LAC,11,1,40:15,4,16,0.25,0,2,0,13,14,0.929,1,5,6,3,0,0,4,2,21,10.5,11,31
DeMar DeRozan,16,16,2015-11-25,26,TOR,H,CLE,4,1,40:19,7,16,0.438,1,1,1,5,7,0.714,0,3,3,4,1,1,1,2,20,14.4,-2,33.8
DeMar DeRozan,17,17,2015-11-28,26,TOR,A,WAS,2,1,38:22,8,20,0.4,1,2,0.5,3,4,0.75,0,3,3,2,0,0,4,2,20,6.3,3,25.3
DeMar DeRozan,18,18,2015-11-29,26,TOR,H,PHO,-5,1,37:02,11,20,0.55,0,2,0,7,7,1,0,3,3,7,0,1,1,4,29,23.3,-6,44.8
DeMar DeRozan,19,19,2015-12-02,26,TOR,A,ATL,10,1,35:36,7,16,0.438,1,1,1,2,3,0.667,1,3,4,2,0,1,2,2,17,9.1,9,26.5
DeMar DeRozan,20,20,2015-12-03,26,TOR,H,DEN,-1,1,38:12,14,26,0.538,0,2,0,6,6,1,2,3,5,5,0,0,0,2,34,26.4,1,47.8
DeMar DeRozan,21,21,2015-12-05,26,TOR,H,GSW,-3,1,36:47,5,19,0.263,0,1,0,6,8,0.75,1,2,3,5,0,0,2,2,16,5.9,-10,26.3
DeMar DeRozan,22,22,2015-12-07,26,TOR,H,LAL,9,1,35:03,7,14,0.5,0,1,0,2,3,0.667,0,5,5,6,0,0,2,0,16,12.3,7,30.3
DeMar DeRozan,23,23,2015-12-09,26,TOR,H,SAS,3,1,37:28,10,15,0.667,0,0,NA,8,8,1,1,3,4,6,1,1,6,3,28,21.8,3,43
DeMar DeRozan,24,24,2015-12-11,26,TOR,H,MIL,7,1,34:50,8,17,0.471,0,1,0,11,12,0.917,0,3,3,1,2,1,0,3,27,21,-2,38.3
DeMar DeRozan,25,25,2015-12-13,26,TOR,H,PHI,20,1,33:44,6,14,0.429,0,1,0,13,14,0.929,1,7,8,2,1,0,1,0,25,21.4,30,39.5
DeMar DeRozan,26,26,2015-12-14,26,TOR,A,IND,-16,1,37:33,7,18,0.389,2,4,0.5,4,5,0.8,0,5,5,2,2,1,2,2,20,12.6,-11,35.3
DeMar DeRozan,27,27,2015-12-17,26,TOR,A,CHO,-10,1,44:08,12,25,0.48,0,1,0,7,8,0.875,0,4,4,5,1,1,1,2,31,22.5,-8,47
DeMar DeRozan,28,28,2015-12-18,26,TOR,A,MIA,14,1,39:44,10,17,0.588,0,1,0,10,13,0.769,0,4,4,4,2,0,3,0,30,23.9,11,43.5
DeMar DeRozan,29,29,2015-12-20,26,TOR,H,SAC,-10,1,35:21,10,24,0.417,0,1,0,8,8,1,2,5,7,1,2,0,3,4,28,16.2,-12,40.8
DeMar DeRozan,30,30,2015-12-22,26,TOR,H,DAL,4,1,39:55,10,17,0.588,2,3,0.667,6,8,0.75,1,3,4,4,0,0,7,5,28,14.7,3,36.5
DeMar DeRozan,31,31,2015-12-26,26,TOR,A,MIL,21,1,33:17,7,14,0.5,1,4,0.25,7,8,0.875,0,3,3,8,1,0,3,3,22,17.9,5,38.8
DeMar DeRozan,32,32,2015-12-28,26,TOR,A,CHI,-7,1,35:46,7,14,0.5,0,1,0,5,8,0.625,3,5,8,8,1,0,1,1,19,19.6,8,42.5
DeMar DeRozan,33,33,2015-12-30,26,TOR,H,WAS,3,1,36:56,9,24,0.375,1,3,0.333,15,15,1,2,4,6,5,2,2,3,2,34,26.5,1,56
DeMar DeRozan,34,34,2016-01-01,26,TOR,H,CHO,10,1,36:39,7,18,0.389,2,2,1,7,7,1,0,0,0,1,1,0,1,2,23,13.1,3,27
DeMar DeRozan,35,35,2016-01-03,26,TOR,H,CHI,-2,1,35:25,7,17,0.412,3,6,0.5,7,8,0.875,1,1,2,4,0,0,0,3,24,17.1,-15,34
DeMar DeRozan,36,36,2016-01-04,26,TOR,A,CLE,-22,1,35:28,8,15,0.533,0,1,0,3,5,0.6,1,1,2,4,1,0,3,4,19,11.1,-17,28
DeMar DeRozan,37,37,2016-01-06,26,TOR,A,BRK,17,1,36:25,5,13,0.385,1,2,0.5,4,5,0.8,1,3,4,5,2,0,4,2,15,9.8,21,30
DeMar DeRozan,38,38,2016-01-08,26,TOR,A,WAS,9,1,39:36,11,24,0.458,1,4,0.25,12,13,0.923,1,7,8,1,1,1,1,0,35,26.4,5,50.5
DeMar DeRozan,39,39,2016-01-09,26,TOR,A,PHI,13,1,37:00,9,17,0.529,0,2,0,1,2,0.5,0,7,7,5,0,0,2,0,19,13.9,6,34.3
DeMar DeRozan,40,40,2016-01-14,26,TOR,A,ORL,3,1,39:45,4,19,0.211,0,2,0,5,6,0.833,2,9,11,4,1,1,2,2,13,6.7,-2,37.3
DeMar DeRozan,41,41,2016-01-18,26,TOR,H,BRK,12,1,33:54,12,25,0.48,0,2,0,6,8,0.75,2,2,4,5,2,0,0,2,30,23.2,-5,46.5
DeMar DeRozan,42,42,2016-01-20,26,TOR,H,BOS,6,1,37:58,13,25,0.52,0,1,0,8,9,0.889,0,2,2,6,1,0,2,1,34,24.7,13,46.5
DeMar DeRozan,43,43,2016-01-22,26,TOR,H,MIA,20,1,35:47,12,25,0.48,4,5,0.8,5,6,0.833,1,5,6,4,1,0,1,3,33,23.7,16,50
DeMar DeRozan,44,44,2016-01-24,26,TOR,H,LAC,18,1,33:06,6,17,0.353,2,2,1,4,4,1,1,4,5,2,0,0,1,2,18,10,-6,27.8
DeMar DeRozan,45,45,2016-01-26,26,TOR,H,WAS,17,1,33:49,5,13,0.385,1,3,0.333,6,8,0.75,0,4,4,4,1,0,4,2,17,9.3,5,28.5
DeMar DeRozan,46,46,2016-01-28,26,TOR,H,NYK,10,1,36:17,9,18,0.5,1,3,0.333,7,8,0.875,0,1,1,4,1,2,3,4,26,17.5,3,38.3
DeMar DeRozan,47,47,2016-01-30,26,TOR,H,DET,4,1,33:38,10,21,0.476,0,1,0,9,10,0.9,2,1,3,4,2,0,4,4,29,18.8,-6,40.8
DeMar DeRozan,48,48,2016-02-01,26,TOR,A,DEN,-19,1,28:05,7,14,0.5,0,0,NA,10,11,0.909,0,1,1,4,1,0,0,1,24,20.3,-13,33.3
DeMar DeRozan,49,49,2016-02-02,26,TOR,A,PHO,7,1,33:41,8,16,0.5,1,5,0.2,5,9,0.556,0,2,2,3,1,1,3,3,22,12.6,-6,32
DeMar DeRozan,50,50,2016-02-04,26,TOR,A,POR,7,1,35:19,11,25,0.44,1,1,1,6,9,0.667,2,3,5,4,1,0,1,0,29,19.8,4,43.3
DeMar DeRozan,51,51,2016-02-08,26,TOR,A,DET,14,1,33:16,5,14,0.357,0,1,0,7,8,0.875,1,6,7,6,1,0,4,3,17,11.3,5,34.8
DeMar DeRozan,52,52,2016-02-10,26,TOR,A,MIN,-5,1,37:16,11,19,0.579,3,3,1,10,13,0.769,1,2,3,4,0,1,1,5,35,26.7,-9,47.8
DeMar DeRozan,53,53,2016-02-19,26,TOR,A,CHI,-10,1,40:00,6,21,0.286,1,3,0.333,9,10,0.9,1,3,4,3,2,0,3,2,22,11.2,-1,34.5
DeMar DeRozan,54,54,2016-02-21,26,TOR,H,MEM,13,1,36:04,6,16,0.375,0,0,NA,9,10,0.9,1,4,5,3,0,0,4,4,21,10.2,10,29.8
DeMar DeRozan,55,55,2016-02-22,26,TOR,A,NYK,27,1,31:54,8,17,0.471,1,3,0.333,5,7,0.714,0,3,3,2,3,0,0,2,22,17,23,35.3
DeMar DeRozan,56,56,2016-02-24,26,TOR,H,MIN,9,1,37:52,11,19,0.579,2,2,1,7,8,0.875,3,1,4,4,2,0,2,1,31,26.5,5,46
DeMar DeRozan,57,57,2016-02-26,26,TOR,H,CLE,2,1,32:19,1,11,0.091,0,1,0,4,4,1,0,6,6,2,1,0,2,3,6,-0.3,6,17.5
DeMar DeRozan,58,58,2016-02-28,26,TOR,A,DET,-13,1,35:12,9,21,0.429,0,1,0,2,3,0.667,2,2,4,7,0,1,0,2,20,15.3,-29,37.5
DeMar DeRozan,59,59,2016-03-02,26,TOR,H,UTA,10,1,34:55,11,15,0.733,0,1,0,9,11,0.818,1,4,5,0,0,0,0,4,31,24.4,15,37.3
DeMar DeRozan,60,60,2016-03-04,26,TOR,H,POR,2,1,36:40,7,19,0.368,0,0,NA,24,25,0.96,1,2,3,2,0,0,4,3,38,24.6,2,42.8
DeMar DeRozan,61,61,2016-03-06,26,TOR,H,HOU,-6,1,34:10,4,10,0.4,0,1,0,11,14,0.786,1,5,6,7,2,0,5,4,19,14.9,-6,38.5
DeMar DeRozan,62,62,2016-03-08,26,TOR,H,BRK,5,1,37:43,8,18,0.444,0,1,0,9,9,1,1,2,3,2,4,0,5,1,25,16.9,2,37.3
DeMar DeRozan,63,63,2016-03-10,26,TOR,H,ATL,8,1,34:35,11,20,0.55,1,2,0.5,7,9,0.778,0,5,5,0,0,0,4,4,30,15.5,4,34.8
DeMar DeRozan,64,64,2016-03-12,26,TOR,H,MIA,8,1,43:11,13,26,0.5,0,2,0,12,15,0.8,0,10,10,7,2,1,3,1,38,31,4,67
DeMar DeRozan,65,65,2016-03-14,26,TOR,H,CHI,-2,1,38:59,10,22,0.455,0,1,0,7,7,1,1,4,5,2,1,0,1,3,27,17.7,-3,37.8
DeMar DeRozan,67,66,2016-03-17,26,TOR,A,IND,7,1,44:01,9,26,0.346,0,1,0,10,12,0.833,1,4,5,3,0,1,1,2,28,15.5,10,40.3
DeMar DeRozan,68,67,2016-03-18,26,TOR,H,BOS,14,1,31:53,6,14,0.429,1,2,0.5,2,2,1,0,7,7,6,1,0,3,4,15,10.3,4,33.8
DeMar DeRozan,69,68,2016-03-20,26,TOR,H,ORL,5,1,37:20,6,16,0.375,0,2,0,13,16,0.813,1,3,4,5,1,0,3,3,25,16.9,3,38
DeMar DeRozan,70,69,2016-03-23,26,TOR,A,BOS,-12,1,36:16,6,16,0.375,1,3,0.333,8,9,0.889,0,0,0,2,1,0,2,0,21,12.2,-10,25.5
DeMar DeRozan,71,70,2016-03-25,26,TOR,A,HOU,-3,1,36:33,6,13,0.462,1,2,0.5,5,6,0.833,2,3,5,4,2,0,1,3,18,15.8,6,34.3
DeMar DeRozan,72,71,2016-03-26,26,TOR,A,NOP,24,1,30:28,9,11,0.818,1,2,0.5,4,4,1,0,5,5,5,0,0,2,2,23,21.1,23,36.3
DeMar DeRozan,73,72,2016-03-28,26,TOR,H,OKC,-19,1,33:37,8,22,0.364,0,0,NA,3,3,1,0,2,2,5,0,0,0,2,19,10.1,-26,29
DeMar DeRozan,74,73,2016-03-30,26,TOR,H,ATL,8,1,37:01,9,16,0.563,3,4,0.75,5,6,0.833,2,3,5,6,3,0,1,2,26,25.7,16,48.3
DeMar DeRozan,75,74,2016-04-01,26,TOR,A,MEM,4,1,36:28,8,17,0.471,1,2,0.5,10,11,0.909,1,5,6,4,1,0,3,1,27,20.5,11,41.5
DeMar DeRozan,77,75,2016-04-05,26,TOR,H,CHO,6,1,35:39,7,19,0.368,1,2,0.5,11,12,0.917,0,7,7,6,1,0,1,0,26,21.4,16,45.8
DeMar DeRozan,78,76,2016-04-07,26,TOR,A,ATL,-8,1,34:10,7,24,0.292,0,2,0,2,2,1,1,3,4,4,1,0,1,3,16,5.2,-10,28.5
DeMar DeRozan,80,77,2016-04-10,26,TOR,A,NYK,4,1,35:00,12,17,0.706,0,0,NA,3,3,1,1,2,3,4,0,0,2,1,27,21.6,-1,35.8
DeMar DeRozan,81,78,2016-04-12,26,TOR,H,PHI,24,1,22:20,4,10,0.4,0,1,0,2,2,1,2,5,7,6,1,0,3,0,10,9.7,24,28.3
Bruno Caboclo,9,1,2015-11-11,20,TOR,A,PHI,16,0,1:11,0,1,0,0,0,NA,0,0,NA,0,0,0,0,0,0,0,0,0,-0.7,-2,0
Bruno Caboclo,37,2,2016-01-06,20,TOR,A,BRK,17,0,1:07,0,0,NA,0,0,NA,0,0,NA,0,1,1,0,1,0,1,0,0,0.3,-1,2.8
Bruno Caboclo,51,3,2016-02-08,20,TOR,A,DET,14,0,1:43,0,1,0,0,0,NA,0,0,NA,0,0,0,0,0,0,0,0,0,-0.7,-7,0
Bruno Caboclo,68,4,2016-03-18,20,TOR,H,BOS,14,0,1:33,0,0,NA,0,0,NA,0,0,NA,0,0,0,0,0,0,0,0,0,0,-4,0
Bruno Caboclo,72,5,2016-03-26,20,TOR,A,NOP,24,0,2:04,0,1,0,0,0,NA,0,0,NA,0,0,0,0,0,0,0,0,0,-0.7,0,0
Bruno Caboclo,82,6,2016-04-13,20,TOR,A,BRK,7,1,35:03,1,9,0.111,1,7,0.143,0,0,NA,1,0,1,1,1,1,3,2,3,-3.6,6,8.8
Jason Thompson,56,29,2016-03-04,29,TOR,H,POR,2,0,1:12,0,0,NA,0,0,NA,0,0,NA,0,0,0,0,0,0,0,0,0,0,-2,0
Jason Thompson,58,30,2016-03-08,29,TOR,H,BRK,5,1,24:05,4,6,0.667,1,2,0.5,0,0,NA,1,4,5,2,1,2,2,3,9,8.9,-2,23.8
Jason Thompson,61,31,2016-03-14,29,TOR,H,CHI,-2,0,12:26,2,2,1,0,0,NA,3,3,1,1,3,4,0,1,0,0,1,7,8.6,5,14
Jason Thompson,62,32,2016-03-15,29,TOR,A,MIL,18,0,23:06,1,3,0.333,0,0,NA,0,0,NA,2,4,6,0,1,1,1,5,2,1.6,5,13
Jason Thompson,63,33,2016-03-17,29,TOR,A,IND,7,0,10:47,0,0,NA,0,0,NA,4,4,1,1,1,2,0,0,0,1,3,4,2.8,-12,6
Jason Thompson,64,34,2016-03-18,29,TOR,H,BOS,14,0,24:27,1,3,0.333,0,2,0,3,3,1,0,5,5,1,1,2,0,3,5,6.7,10,18.8
Jason Thompson,65,35,2016-03-20,29,TOR,H,ORL,5,0,27:41,2,7,0.286,0,0,NA,4,5,0.8,5,5,10,1,2,0,1,3,8,9,13,25.5
Jason Thompson,66,36,2016-03-23,29,TOR,A,BOS,-12,0,24:02,3,5,0.6,0,0,NA,0,1,0,3,7,10,1,0,1,1,2,6,7.1,-4,21.5
Jason Thompson,68,37,2016-03-26,29,TOR,A,NOP,24,0,6:49,1,2,0.5,0,1,0,0,0,NA,0,1,1,0,1,0,0,1,2,1.9,-3,5.3
Jason Thompson,69,38,2016-03-28,29,TOR,H,OKC,-19,0,3:41,1,1,1,0,0,NA,0,0,NA,1,1,2,0,0,1,0,2,2,2.6,4,6.5
Jason Thompson,70,39,2016-03-30,29,TOR,H,ATL,8,1,15:13,1,3,0.333,0,0,NA,0,0,NA,1,2,3,0,0,1,0,3,2,1.1,10,7.8
Jason Thompson,71,40,2016-04-01,29,TOR,A,MEM,4,1,21:46,3,5,0.6,0,1,0,0,0,NA,1,5,6,0,0,1,1,1,6,5.2,10,15
Jason Thompson,72,41,2016-04-02,29,TOR,A,SAS,-7,0,12:44,2,3,0.667,1,1,1,0,0,NA,0,0,0,1,0,0,0,1,5,4,-4,7
Jason Thompson,73,42,2016-04-05,29,TOR,H,CHO,6,0,4:34,0,1,0,0,0,NA,0,0,NA,0,1,1,1,0,1,0,0,0,1,8,4.8
Jason Thompson,74,43,2016-04-07,29,TOR,A,ATL,-8,0,3:01,0,0,NA,0,0,NA,0,0,NA,0,0,0,0,0,0,0,0,0,0,5,0
Jason Thompson,75,44,2016-04-08,29,TOR,H,IND,13,1,21:33,3,7,0.429,2,2,1,0,0,NA,2,4,6,1,1,1,0,3,8,8.1,10,22
Jason Thompson,76,45,2016-04-10,29,TOR,A,NYK,4,1,19:03,3,4,0.75,0,1,0,0,0,NA,1,6,7,0,0,0,0,3,6,5.7,1,14.8
Jason Thompson,77,46,2016-04-12,29,TOR,H,PHI,24,0,14:27,0,2,0,0,1,0,3,4,0.75,1,3,4,1,0,0,1,3,3,1.3,5,9
Jason Thompson,78,47,2016-04-13,29,TOR,A,BRK,7,1,21:48,5,12,0.417,1,4,0.25,1,2,0.5,2,6,8,1,0,1,0,3,12,8.6,-8,26
Terrence Ross,1,1,2015-10-28,24,TOR,H,IND,7,0,8:27,1,4,0.25,1,2,0.5,2,2,1,0,0,0,1,0,0,0,4,5,1.7,5,7
Terrence Ross,2,2,2015-10-30,24,TOR,A,BOS,10,0,21:06,8,12,0.667,2,6,0.333,3,3,1,0,4,4,0,0,0,2,0,21,15,2,26
Terrence Ross,3,3,2015-11-01,24,TOR,H,MIL,19,0,21:02,4,9,0.444,3,5,0.6,0,0,NA,1,3,4,2,2,0,1,2,11,9.5,4,24
Terrence Ross,4,4,2015-11-03,24,TOR,A,DAL,11,0,22:50,2,8,0.25,0,4,0,0,0,NA,0,1,1,2,1,0,1,5,4,-1.1,1,9.8
Terrence Ross,5,5,2015-11-04,24,TOR,A,OKC,5,0,14:16,1,4,0.25,1,3,0.333,0,0,NA,0,2,2,0,0,0,1,0,3,0.2,5,5.5
Terrence Ross,6,6,2015-11-06,24,TOR,A,ORL,-5,0,14:41,0,3,0,0,2,0,0,0,NA,0,0,0,0,1,0,0,2,0,-1.9,-6,2
Terrence Ross,7,7,2015-11-08,24,TOR,A,MIA,-20,0,19:50,0,4,0,0,3,0,0,0,NA,0,2,2,0,1,1,1,3,0,-2.7,-15,6
Terrence Ross,14,8,2015-11-20,24,TOR,A,LAL,11,0,14:02,3,6,0.5,2,3,0.667,0,0,NA,0,1,1,0,0,0,0,2,8,4.5,14,10.3
Terrence Ross,15,9,2015-11-22,24,TOR,A,LAC,11,0,16:11,0,3,0,0,2,0,0,0,NA,0,0,0,0,1,0,0,1,0,-1.5,8,2
Terrence Ross,16,10,2015-11-25,24,TOR,H,CLE,4,0,10:00,2,4,0.5,2,3,0.667,0,0,NA,0,3,3,0,0,2,0,0,6,6.3,-7,14.8
Terrence Ross,17,11,2015-11-28,24,TOR,A,WAS,2,0,19:55,1,4,0.25,0,2,0,2,2,1,0,2,2,1,1,1,3,2,4,0.8,-1,10.5
Terrence Ross,18,12,2015-11-29,24,TOR,H,PHO,-5,0,14:29,0,4,0,0,3,0,0,0,NA,1,1,2,1,0,0,0,1,0,-1.5,2,4
Terrence Ross,19,13,2015-12-02,24,TOR,A,ATL,10,0,24:41,3,7,0.429,1,4,0.25,1,1,1,0,3,3,1,1,0,1,3,8,4.7,-1,15.3
Terrence Ross,20,14,2015-12-03,24,TOR,H,DEN,-1,0,17:01,1,9,0.111,1,4,0.25,0,0,NA,2,0,2,1,0,0,0,0,3,-0.8,2,7.5
Terrence Ross,21,15,2015-12-05,24,TOR,H,GSW,-3,0,12:34,2,3,0.667,1,1,1,0,0,NA,0,3,3,0,1,0,0,0,5,5.6,4,11.3
Terrence Ross,22,16,2015-12-07,24,TOR,H,LAL,9,1,38:46,8,12,0.667,4,6,0.667,2,2,1,1,5,6,0,2,0,0,1,22,20.6,0,35.5
Terrence Ross,23,17,2015-12-09,24,TOR,H,SAS,3,1,26:54,3,5,0.6,0,1,0,0,0,NA,0,3,3,0,0,1,3,3,6,1.1,11,10.3
Terrence Ross,24,18,2015-12-11,24,TOR,H,MIL,7,1,30:53,3,7,0.429,1,4,0.25,0,0,NA,0,1,1,3,1,1,2,2,7,4.6,8,16.3
Terrence Ross,25,19,2015-12-13,24,TOR,H,PHI,20,1,28:43,0,6,0,0,2,0,0,0,NA,0,3,3,1,1,1,0,0,0,-0.9,-4,9.3
Terrence Ross,26,20,2015-12-14,24,TOR,A,IND,-16,1,30:41,4,11,0.364,2,6,0.333,0,0,NA,1,3,4,1,1,1,0,0,10,7.9,-6,21.5
Terrence Ross,27,21,2015-12-17,24,TOR,A,CHO,-10,1,37:36,6,12,0.5,5,10,0.5,0,0,NA,0,1,1,1,1,0,0,0,17,13,-7,24.3
Terrence Ross,28,22,2015-12-18,24,TOR,A,MIA,14,0,25:23,6,9,0.667,5,8,0.625,0,0,NA,0,1,1,1,1,2,1,1,17,15.1,3,27.8
Terrence Ross,29,23,2015-12-20,24,TOR,H,SAC,-10,0,32:47,5,14,0.357,3,10,0.3,0,0,NA,1,2,3,2,0,0,3,2,13,4.1,-8,19.8
Terrence Ross,30,24,2015-12-22,24,TOR,H,DAL,4,1,32:59,5,9,0.556,4,8,0.5,2,2,1,0,3,3,1,1,0,0,1,16,13.9,5,25.3
Terrence Ross,31,25,2015-12-26,24,TOR,A,MIL,21,0,29:20,7,12,0.583,4,7,0.571,0,0,NA,1,1,2,1,3,0,0,1,18,16.7,22,30
Terrence Ross,32,26,2015-12-28,24,TOR,A,CHI,-7,0,30:01,3,9,0.333,0,4,0,0,0,NA,1,1,2,0,0,1,0,2,6,1.8,-15,10.5
Terrence Ross,33,27,2015-12-30,24,TOR,H,WAS,3,0,28:33,6,12,0.5,2,4,0.5,0,0,NA,1,5,6,0,0,0,1,2,14,8.4,10,22
Terrence Ross,34,28,2016-01-01,24,TOR,H,CHO,10,0,21:45,3,9,0.333,2,6,0.333,0,0,NA,1,5,6,0,0,0,0,4,8,3.5,15,16.5
Terrence Ross,35,29,2016-01-03,24,TOR,H,CHI,-2,0,20:33,1,5,0.2,1,3,0.333,0,0,NA,0,1,1,0,2,2,0,2,3,2.8,14,12.8
Terrence Ross,36,30,2016-01-04,24,TOR,A,CLE,-22,0,27:54,2,7,0.286,0,3,0,2,2,1,0,2,2,1,3,0,2,2,6,3.4,-6,15
Terrence Ross,37,31,2016-01-06,24,TOR,A,BRK,17,0,19:25,1,5,0.2,1,3,0.333,0,0,NA,0,2,2,0,1,0,0,0,3,1.5,-8,8
Terrence Ross,38,32,2016-01-08,24,TOR,A,WAS,9,0,17:46,3,4,0.75,1,2,0.5,0,0,NA,0,2,2,0,0,1,1,0,7,5.7,7,11.5
Terrence Ross,39,33,2016-01-09,24,TOR,A,PHI,13,0,23:47,6,10,0.6,1,4,0.25,3,4,0.75,0,2,2,0,1,0,1,2,16,10.8,7,20.5
Terrence Ross,40,34,2016-01-14,24,TOR,A,ORL,3,0,16:42,1,6,0.167,0,4,0,0,0,NA,0,0,0,0,0,1,1,2,2,-2.9,19,3.5
Terrence Ross,41,35,2016-01-18,24,TOR,H,BRK,12,0,24:12,5,5,1,2,2,1,0,0,NA,0,1,1,1,1,0,0,0,12,12.5,18,17.8
Terrence Ross,42,36,2016-01-20,24,TOR,H,BOS,6,0,28:23,5,9,0.556,4,8,0.5,0,0,NA,0,1,1,1,0,1,1,2,14,9.6,-3,20.3
Terrence Ross,43,37,2016-01-22,24,TOR,H,MIA,20,0,21:48,4,4,1,2,2,1,3,4,0.75,0,2,2,1,0,0,2,0,13,10.7,3,17
Terrence Ross,44,38,2016-01-24,24,TOR,H,LAC,18,0,33:13,6,10,0.6,5,7,0.714,1,2,0.5,1,3,4,2,4,0,2,4,18,16.4,25,35.5
Terrence Ross,45,39,2016-01-26,24,TOR,H,WAS,17,0,31:28,6,12,0.5,3,8,0.375,0,1,0,0,2,2,1,1,0,0,0,15,10.9,14,22.5
Terrence Ross,46,40,2016-01-28,24,TOR,H,NYK,10,0,22:27,2,9,0.222,1,5,0.2,1,2,0.5,1,4,5,1,1,2,0,0,6,5.1,23,20.3
Terrence Ross,47,41,2016-01-30,24,TOR,H,DET,4,0,21:44,2,4,0.5,1,3,0.333,0,0,NA,0,0,0,0,0,0,0,0,5,3,8,5.5
Terrence Ross,48,42,2016-02-01,24,TOR,A,DEN,-19,0,27:01,5,10,0.5,1,5,0.2,1,2,0.5,0,4,4,0,1,0,2,1,12,6.4,-16,18.5
Terrence Ross,49,43,2016-02-02,24,TOR,A,PHO,7,0,26:34,6,11,0.545,2,5,0.4,2,2,1,1,2,3,1,1,0,0,3,16,12.5,3,24.3
Terrence Ross,50,44,2016-02-04,24,TOR,A,POR,7,0,29:48,5,10,0.5,0,2,0,2,3,0.667,0,3,3,1,0,0,1,3,12,6,11,16.8
Terrence Ross,51,45,2016-02-08,25,TOR,A,DET,14,0,29:21,7,13,0.538,4,6,0.667,0,0,NA,0,4,4,2,2,0,0,3,18,15.1,4,32
Terrence Ross,52,46,2016-02-10,25,TOR,A,MIN,-5,0,26:41,4,10,0.4,3,7,0.429,0,0,NA,0,3,3,2,0,0,1,5,11,4.9,9,18.8
Terrence Ross,53,47,2016-02-19,25,TOR,A,CHI,-10,0,24:17,1,6,0.167,0,1,0,0,0,NA,0,4,4,0,1,0,0,1,2,0,-16,9
Terrence Ross,54,48,2016-02-21,25,TOR,H,MEM,13,0,27:11,4,8,0.5,1,5,0.2,0,1,0,0,0,0,1,0,0,0,2,9,4.5,10,11
Terrence Ross,55,49,2016-02-22,25,TOR,A,NYK,27,0,20:35,4,10,0.4,4,8,0.5,0,0,NA,0,2,2,1,0,0,0,2,12,7.1,-1,18
Terrence Ross,56,50,2016-02-24,25,TOR,H,MIN,9,0,19:25,3,8,0.375,3,7,0.429,0,0,NA,0,3,3,0,1,1,1,2,9,5.4,17,17.8
Terrence Ross,57,51,2016-02-26,25,TOR,H,CLE,2,0,27:03,6,11,0.545,3,6,0.5,0,0,NA,0,2,2,1,0,0,0,1,15,10.6,-1,20.5
Terrence Ross,58,52,2016-02-28,25,TOR,A,DET,-13,0,35:02,10,19,0.526,4,7,0.571,3,3,1,0,1,1,1,0,0,0,2,27,17.9,-7,31.8
Terrence Ross,59,53,2016-03-02,25,TOR,H,UTA,10,0,27:07,4,13,0.308,3,7,0.429,0,0,NA,0,3,3,0,2,0,0,0,11,6.4,-1,20.3
Terrence Ross,60,54,2016-03-04,25,TOR,H,POR,2,0,22:02,1,4,0.25,0,1,0,0,0,NA,0,1,1,0,0,0,0,3,2,-1.3,-5,3.3
Terrence Ross,61,55,2016-03-06,25,TOR,H,HOU,-6,0,16:09,3,10,0.3,1,5,0.2,2,2,1,0,2,2,1,1,0,0,1,9,5.1,0,15.5
Terrence Ross,62,56,2016-03-08,25,TOR,H,BRK,5,0,24:05,4,9,0.444,3,5,0.6,0,0,NA,1,5,6,1,0,1,0,1,11,9.5,2,23.5
Terrence Ross,63,57,2016-03-10,25,TOR,H,ATL,8,0,25:52,5,12,0.417,2,5,0.4,0,0,NA,0,3,3,1,0,0,0,0,12,7.2,13,18.3
Terrence Ross,64,58,2016-03-12,25,TOR,H,MIA,8,0,19:52,2,5,0.4,1,2,0.5,2,2,1,0,0,0,0,0,0,0,4,7,2.7,5,7.5
Terrence Ross,65,59,2016-03-14,25,TOR,H,CHI,-2,0,17:54,1,4,0.25,1,3,0.333,0,0,NA,0,2,2,1,0,0,0,3,3,0.7,7,7.5
Terrence Ross,66,60,2016-03-15,25,TOR,A,MIL,18,0,29:43,4,12,0.333,3,9,0.333,0,0,NA,1,2,3,1,0,1,1,2,11,5.1,11,19.3
Terrence Ross,67,61,2016-03-17,25,TOR,A,IND,7,0,21:17,2,8,0.25,2,5,0.4,2,2,1,0,3,3,1,2,2,2,1,8,5.8,-6,21.3
Terrence Ross,68,62,2016-03-18,25,TOR,H,BOS,14,0,24:53,4,10,0.4,1,5,0.2,0,0,NA,0,2,2,2,2,0,0,1,9,7.2,16,19
Terrence Ross,69,63,2016-03-20,25,TOR,H,ORL,5,0,27:38,5,10,0.5,1,4,0.25,2,2,1,1,2,3,1,0,1,1,3,13,8.5,13,20.3
Terrence Ross,70,64,2016-03-23,25,TOR,A,BOS,-12,0,35:46,5,18,0.278,1,6,0.167,2,3,0.667,0,3,3,0,1,0,0,3,13,2.7,-10,19.3
Terrence Ross,74,65,2016-03-30,25,TOR,H,ATL,8,0,22:58,5,10,0.5,2,5,0.4,1,2,0.5,0,3,3,0,3,0,0,1,13,11.1,4,23.8
Terrence Ross,75,66,2016-04-01,25,TOR,A,MEM,4,0,17:30,4,7,0.571,4,6,0.667,0,0,NA,1,2,3,0,0,0,2,1,12,7.6,-6,16.8
Terrence Ross,76,67,2016-04-02,25,TOR,A,SAS,-7,0,30:30,5,15,0.333,2,7,0.286,1,1,1,0,2,2,2,1,0,1,3,13,5.3,4,21
Terrence Ross,77,68,2016-04-05,25,TOR,H,CHO,6,0,20:58,1,2,0.5,0,1,0,2,3,0.667,0,4,4,0,0,0,1,0,4,2.8,-3,8.5
Terrence Ross,78,69,2016-04-07,25,TOR,A,ATL,-8,0,18:49,2,5,0.4,2,3,0.667,0,0,NA,0,5,5,1,0,0,2,0,6,3.5,-1,13.8
Terrence Ross,79,70,2016-04-08,25,TOR,H,IND,13,0,20:11,6,13,0.462,2,6,0.333,0,0,NA,1,0,1,0,0,0,1,6,14,4.6,-1,15.8
Terrence Ross,80,71,2016-04-10,25,TOR,A,NYK,4,0,20:40,5,11,0.455,1,4,0.25,2,3,0.667,0,1,1,0,0,0,0,2,13,6.4,8,14.8
Terrence Ross,81,72,2016-04-12,25,TOR,H,PHI,24,0,27:05,7,10,0.7,1,2,0.5,2,2,1,0,2,2,4,2,0,0,1,17,17.8,5,30
Terrence Ross,82,73,2016-04-13,25,TOR,A,BRK,7,0,28:36,9,21,0.429,5,12,0.417,1,2,0.5,2,8,10,2,0,1,0,1,24,18,5,45.5
Delon Wright,3,1,2015-11-01,23,TOR,H,MIL,19,0,2:22,0,1,0,0,1,0,0,0,NA,0,1,1,0,0,0,1,0,0,-1.4,-2,0.8
Delon Wright,7,2,2015-11-08,23,TOR,A,MIA,-20,0,2:39,0,1,0,0,0,NA,0,0,NA,0,0,0,0,0,0,0,0,0,-0.7,-3,0
Delon Wright,9,3,2015-11-11,23,TOR,A,PHI,16,0,2:36,0,2,0,0,0,NA,0,0,NA,1,1,2,0,0,0,0,0,0,-0.4,-1,2.5
Delon Wright,10,4,2015-11-13,23,TOR,H,NOP,19,0,2:29,0,0,NA,0,0,NA,0,0,NA,0,1,1,0,0,0,0,1,0,-0.1,-2,1.3
Delon Wright,30,5,2015-12-22,23,TOR,H,DAL,4,0,6:39,0,2,0,0,0,NA,0,0,NA,0,1,1,1,0,0,0,0,0,-0.4,5,2.8
Delon Wright,36,6,2016-01-04,23,TOR,A,CLE,-22,0,2:56,1,2,0.5,0,0,NA,0,0,NA,0,0,0,1,0,0,0,0,2,1.7,-4,3.5
Delon Wright,37,7,2016-01-06,23,TOR,A,BRK,17,0,2:19,0,0,NA,0,0,NA,0,0,NA,0,1,1,1,0,0,0,0,0,1,1,2.8
Delon Wright,39,8,2016-01-09,23,TOR,A,PHI,13,0,1:04,0,0,NA,0,0,NA,0,0,NA,0,0,0,1,0,0,0,0,0,0.7,-1,1.5
Delon Wright,43,9,2016-01-22,23,TOR,H,MIA,20,0,1:36,1,1,1,0,0,NA,0,0,NA,0,0,0,0,0,0,0,0,2,1.7,2,2
Delon Wright,44,10,2016-01-24,23,TOR,H,LAC,18,0,3:54,0,0,NA,0,0,NA,1,4,0.25,0,0,0,0,0,0,2,1,1,-2.6,-2,0
Delon Wright,45,11,2016-01-26,23,TOR,H,WAS,17,0,1:57,0,1,0,0,0,NA,2,2,1,0,0,0,0,0,0,0,0,2,1.3,0,2
Delon Wright,48,12,2016-02-01,23,TOR,A,DEN,-19,0,5:31,2,2,1,2,2,1,0,0,NA,0,0,0,0,1,0,0,0,6,6.4,4,9
Delon Wright,51,13,2016-02-08,23,TOR,A,DET,14,0,1:45,0,0,NA,0,0,NA,0,0,NA,0,1,1,0,0,0,0,0,0,0.3,-7,1.3
Delon Wright,52,14,2016-02-10,23,TOR,A,MIN,-5,0,3:07,0,1,0,0,0,NA,0,0,NA,0,0,0,0,0,0,0,1,0,-1.1,-3,0
Delon Wright,55,15,2016-02-22,23,TOR,A,NYK,27,0,3:21,1,2,0.5,0,0,NA,0,0,NA,1,0,1,1,1,0,0,0,2,3.4,3,6.8
Delon Wright,56,16,2016-02-24,23,TOR,H,MIN,9,0,0:16,0,0,NA,0,0,NA,0,0,NA,0,0,0,0,0,0,0,0,0,0,0,0
Delon Wright,58,17,2016-02-28,23,TOR,A,DET,-13,0,30:46,3,8,0.375,2,4,0.5,5,6,0.833,0,3,3,6,1,0,1,2,13,12.5,-1,28.3
Delon Wright,66,18,2016-03-15,23,TOR,A,MIL,18,0,2:48,0,1,0,0,0,NA,2,2,1,0,1,1,0,0,0,1,0,2,0.6,2,2.8
Delon Wright,68,19,2016-03-18,23,TOR,H,BOS,14,0,1:33,0,0,NA,0,0,NA,0,0,NA,0,0,0,0,0,0,0,0,0,0,-4,0
Delon Wright,69,20,2016-03-20,23,TOR,H,ORL,5,0,15:52,3,5,0.6,0,0,NA,0,2,0,0,1,1,2,1,0,0,0,6,5.6,5,12.3
Delon Wright,70,21,2016-03-23,23,TOR,A,BOS,-12,0,20:25,3,10,0.3,0,1,0,0,0,NA,1,7,8,0,0,0,2,0,6,1,4,15
Delon Wright,72,22,2016-03-26,23,TOR,A,NOP,24,0,3:17,0,1,0,0,0,NA,0,0,NA,1,0,1,1,0,0,1,0,0,-0.3,2,2.3
Delon Wright,73,23,2016-03-28,23,TOR,H,OKC,-19,0,3:15,1,1,1,0,0,NA,2,3,0.667,0,0,0,0,0,0,0,0,4,3.3,4,4
Delon Wright,76,24,2016-04-02,23,TOR,A,SAS,-7,0,22:03,5,8,0.625,0,0,NA,2,2,1,1,3,4,3,3,0,2,1,12,12.7,-7,26.5
Delon Wright,79,25,2016-04-08,23,TOR,H,IND,13,0,25:56,6,10,0.6,1,2,0.5,6,8,0.75,1,3,4,2,0,0,3,0,19,13.6,-2,26
Delon Wright,81,26,2016-04-12,23,TOR,H,PHI,24,0,21:44,3,7,0.429,0,0,NA,2,2,1,0,2,2,5,1,1,2,0,8,8.1,12,21
Delon Wright,82,27,2016-04-13,23,TOR,A,BRK,7,1,37:07,7,14,0.5,0,3,0,4,4,1,2,3,5,7,0,2,1,1,18,18.2,8,38.3
