Tibor Pleiss,2,1,2015-10-30,25,UTA,A,PHI,28,0,2:11,1,1,1,0,0,NA,0,0,NA,0,1,1,0,0,0,0,2,2,1.2,-2,3.3
Tibor Pleiss,5,2,2015-11-05,26,UTA,A,DEN,12,0,1:12,0,0,NA,0,0,NA,0,0,NA,0,0,0,0,0,0,0,0,0,0,0,0
Tibor Pleiss,8,3,2015-11-12,26,UTA,A,MIA,-1,0,0:16,0,0,NA,0,0,NA,0,0,NA,0,0,0,0,0,0,0,0,0,0,-2,0
Tibor Pleiss,9,4,2015-11-13,26,UTA,A,ORL,-9,0,9:30,1,3,0.333,0,0,NA,0,0,NA,0,0,0,0,0,1,1,2,2,-0.8,-6,3.5
Tibor Pleiss,31,5,2015-12-31,26,UTA,H,POR,13,0,2:03,0,1,0,0,0,NA,0,0,NA,0,0,0,0,0,0,1,1,0,-2.1,-5,-0.5
Tibor Pleiss,32,6,2016-01-02,26,UTA,H,MEM,5,0,17:08,3,4,0.75,0,0,NA,0,0,NA,1,5,6,1,0,0,2,5,6,3.3,11,14
Tibor Pleiss,33,7,2016-01-04,26,UTA,H,HOU,-2,0,12:36,1,4,0.25,0,1,0,0,0,NA,3,2,5,0,0,0,1,2,2,0.5,-2,7.8
Tibor Pleiss,34,8,2016-01-06,26,UTA,A,SAS,-25,0,24:05,3,7,0.429,0,0,NA,2,2,1,2,0,2,1,1,0,0,4,8,5.8,-6,14
Tibor Pleiss,39,9,2016-01-14,26,UTA,H,SAC,-2,0,0:28,0,0,NA,0,0,NA,0,0,NA,0,0,0,0,0,0,0,0,0,0,0,0
Tibor Pleiss,40,10,2016-01-16,26,UTA,H,LAL,27,0,5:52,1,3,0.333,0,0,NA,0,0,NA,0,1,1,0,0,1,3,1,2,-2.1,-3,3.8
Tibor Pleiss,43,11,2016-01-22,26,UTA,A,BRK,22,0,2:59,1,2,0.5,0,1,0,0,0,NA,0,0,0,0,0,0,0,2,2,0.2,-2,2
Tibor Pleiss,45,12,2016-01-27,26,UTA,H,CHO,29,0,3:12,0,0,NA,0,0,NA,0,0,NA,0,0,0,0,0,0,0,0,0,0,1,0
Elijah Millsap,1,1,2015-10-28,28,UTA,A,DET,-5,0,9:56,0,1,0,0,0,NA,0,0,NA,0,1,1,0,1,0,0,2,0,-0.2,0,3.3
Elijah Millsap,2,2,2015-10-30,28,UTA,A,PHI,28,0,5:24,1,3,0.333,0,0,NA,0,0,NA,1,0,1,0,0,0,0,2,2,0.2,7,3.3
Elijah Millsap,3,3,2015-10-31,28,UTA,A,IND,21,0,3:35,0,0,NA,0,0,NA,0,0,NA,0,0,0,0,0,0,0,1,0,-0.4,-1,0
Elijah Millsap,4,4,2015-11-04,28,UTA,H,POR,-16,0,6:11,0,2,0,0,1,0,0,0,NA,0,0,0,0,0,1,1,2,0,-2.5,2,1.5
Elijah Millsap,5,5,2015-11-05,28,UTA,A,DEN,12,0,1:12,0,1,0,0,0,NA,0,0,NA,0,0,0,0,0,0,0,0,0,-0.7,0,0
Elijah Millsap,8,6,2015-11-12,28,UTA,A,MIA,-1,0,2:35,0,0,NA,0,0,NA,0,0,NA,0,2,2,0,0,0,0,0,0,0.6,2,2.5
Elijah Millsap,9,7,2015-11-13,28,UTA,A,ORL,-9,0,15:51,1,3,0.333,1,2,0.5,5,6,0.833,1,3,4,3,0,0,1,3,8,7.4,-7,17.5
Elijah Millsap,13,8,2015-11-23,28,UTA,H,OKC,-22,0,3:35,0,1,0,0,0,NA,2,4,0.5,0,1,1,1,0,0,0,1,2,1.1,9,4.8
Elijah Millsap,18,9,2015-12-05,28,UTA,H,IND,3,0,11:02,1,1,1,0,0,NA,0,0,NA,0,1,1,1,2,0,1,4,2,2.1,-4,8.3
Elijah Millsap,20,10,2015-12-09,28,UTA,H,NYK,21,0,15:24,1,4,0.25,0,2,0,2,2,1,0,7,7,2,1,0,0,3,4,4.9,14,17.8
Elijah Millsap,21,11,2015-12-11,28,UTA,H,OKC,-4,0,7:45,0,1,0,0,1,0,1,2,0.5,0,1,1,0,0,0,0,2,1,-0.6,-7,2.3
Elijah Millsap,22,12,2015-12-13,28,UTA,A,OKC,-6,0,22:45,1,6,0.167,0,3,0,0,0,NA,2,3,5,4,1,0,1,2,2,2.5,15,15.8
Elijah Millsap,23,13,2015-12-14,28,UTA,A,SAS,-37,0,16:00,2,5,0.4,0,0,NA,0,0,NA,1,1,2,3,0,0,1,5,4,1.4,4,10.5
Elijah Millsap,24,14,2015-12-16,28,UTA,H,NOP,-10,0,3:04,0,0,NA,0,0,NA,0,0,NA,0,1,1,0,0,0,1,0,0,-0.7,-5,0.8
Elijah Millsap,25,15,2015-12-18,28,UTA,H,DEN,9,0,3:23,0,0,NA,0,0,NA,0,0,NA,0,1,1,1,0,0,1,1,0,-0.4,-3,2.3
Elijah Millsap,26,16,2015-12-21,28,UTA,H,PHO,21,0,9:46,1,4,0.25,0,2,0,1,2,0.5,0,2,2,1,0,0,0,0,3,1.5,-6,7
Elijah Millsap,28,17,2015-12-26,28,UTA,H,LAC,-5,0,10:27,1,2,0.5,0,0,NA,0,0,NA,0,0,0,0,0,1,0,2,2,0.9,-12,4
Elijah Millsap,29,18,2015-12-28,28,UTA,H,PHI,4,0,16:49,1,3,0.333,0,0,NA,2,2,1,1,3,4,3,1,1,0,3,4,6.5,13,17.5
Elijah Millsap,30,19,2015-12-30,28,UTA,A,MIN,-14,0,5:59,1,2,0.5,0,1,0,0,0,NA,0,2,2,0,1,0,2,0,2,0.6,5,5.5
Elijah Millsap,31,20,2015-12-31,28,UTA,H,POR,13,0,2:03,0,0,NA,0,0,NA,0,0,NA,0,0,0,0,0,0,0,0,0,0,-5,0
Joe Ingles,1,1,2015-10-28,28,UTA,A,DET,-5,0,16:23,2,4,0.5,0,1,0,0,0,NA,0,2,2,0,0,0,0,1,4,2.2,-1,6.5
Joe Ingles,2,2,2015-10-30,28,UTA,A,PHI,28,0,13:43,1,2,0.5,0,1,0,0,0,NA,0,1,1,0,1,0,0,2,2,1.5,-5,5.3
Joe Ingles,3,3,2015-10-31,28,UTA,A,IND,21,0,19:16,3,5,0.6,2,4,0.5,2,2,1,0,3,3,2,1,0,0,1,10,10.6,9,19.8
Joe Ingles,4,4,2015-11-04,28,UTA,H,POR,-16,0,21:02,2,3,0.667,1,2,0.5,0,0,NA,1,4,5,2,1,0,0,1,5,7.6,-4,16.8
Joe Ingles,5,5,2015-11-05,28,UTA,A,DEN,12,0,26:27,3,5,0.6,2,3,0.667,0,0,NA,0,2,2,2,0,0,0,0,8,7.7,23,14.5
Joe Ingles,6,6,2015-11-07,28,UTA,H,MEM,10,0,12:57,3,5,0.6,2,4,0.5,0,0,NA,0,0,0,1,0,0,0,0,8,6.4,1,10.5
Joe Ingles,7,7,2015-11-10,28,UTA,A,CLE,-4,0,13:13,1,2,0.5,0,1,0,0,0,NA,0,3,3,3,0,0,0,5,2,2,7,10.3
Joe Ingles,8,8,2015-11-12,28,UTA,A,MIA,-1,0,9:41,0,2,0,0,1,0,0,0,NA,0,2,2,0,0,1,0,0,0,-0.1,-13,4.5
Joe Ingles,9,9,2015-11-13,28,UTA,A,ORL,-9,0,8:09,2,2,1,2,2,1,0,0,NA,0,0,0,0,2,0,1,2,6,5.6,1,10.5
Joe Ingles,10,10,2015-11-15,28,UTA,A,ATL,1,0,3:19,1,1,1,0,0,NA,0,0,NA,0,0,0,0,0,0,1,0,2,0.7,-1,1.5
Joe Ingles,11,11,2015-11-18,28,UTA,H,TOR,4,0,9:29,0,2,0,0,1,0,0,0,NA,0,2,2,2,1,0,3,1,0,-1.8,-5,6
Joe Ingles,12,12,2015-11-20,28,UTA,A,DAL,-9,0,3:38,0,1,0,0,0,NA,0,0,NA,0,0,0,0,0,0,0,0,0,-0.7,2,0
Joe Ingles,13,13,2015-11-23,28,UTA,H,OKC,-22,0,12:40,0,3,0,0,3,0,0,0,NA,0,2,2,1,0,0,3,1,0,-4.2,-17,2.5
Joe Ingles,14,14,2015-11-25,28,UTA,A,LAC,11,0,7:00,0,0,NA,0,0,NA,0,0,NA,0,2,2,0,0,0,0,0,0,0.6,5,2.5
Joe Ingles,15,15,2015-11-28,28,UTA,H,NOP,14,0,10:46,3,4,0.75,3,3,1,0,0,NA,0,1,1,0,0,0,1,4,9,5.1,5,11.3
Joe Ingles,16,16,2015-11-30,28,UTA,H,GSW,-3,0,10:49,1,3,0.333,0,0,NA,0,0,NA,0,1,1,0,1,0,0,1,2,1.2,-10,5.3
Joe Ingles,17,17,2015-12-03,28,UTA,H,ORL,-9,0,21:14,3,6,0.5,2,4,0.5,0,0,NA,0,2,2,1,0,0,2,2,8,3.5,3,12
Joe Ingles,18,18,2015-12-05,28,UTA,H,IND,3,0,2:30,0,0,NA,0,0,NA,0,0,NA,0,0,0,0,0,0,0,0,0,0,-8,0
Joe Ingles,19,19,2015-12-08,28,UTA,A,SAC,-8,0,14:10,1,3,0.333,1,3,0.333,0,0,NA,0,0,0,2,0,0,0,1,3,2.3,-3,6.5
Joe Ingles,20,20,2015-12-09,28,UTA,H,NYK,21,0,5:21,1,2,0.5,1,2,0.5,1,2,0.5,0,1,1,0,0,0,1,1,4,1.5,-5,5.3
Joe Ingles,21,21,2015-12-11,28,UTA,H,OKC,-4,0,0:11,0,0,NA,0,0,NA,0,0,NA,0,0,0,0,0,0,0,0,0,0,3,0
Joe Ingles,22,22,2015-12-13,28,UTA,A,OKC,-6,0,6:33,0,3,0,0,3,0,0,0,NA,0,0,0,1,0,0,0,1,0,-1.8,-6,1.5
Joe Ingles,23,23,2015-12-14,28,UTA,A,SAS,-37,0,21:57,2,6,0.333,0,3,0,0,0,NA,0,2,2,4,2,0,0,1,4,5.6,0,16.5
Joe Ingles,25,24,2015-12-18,28,UTA,H,DEN,9,0,17:15,2,5,0.4,1,3,0.333,0,0,NA,0,0,0,1,3,0,1,1,5,4.6,4,12.5
Joe Ingles,26,25,2015-12-21,28,UTA,H,PHO,21,0,1:10,0,0,NA,0,0,NA,0,0,NA,0,1,1,0,0,0,0,0,0,0.3,-1,1.3
Joe Ingles,27,26,2015-12-23,28,UTA,A,GSW,-18,0,20:11,2,4,0.5,2,3,0.667,0,0,NA,0,3,3,3,3,0,2,1,6,7.6,-5,20.3
Joe Ingles,28,27,2015-12-26,28,UTA,H,LAC,-5,0,25:40,5,10,0.5,4,8,0.5,0,0,NA,0,3,3,1,0,0,2,3,14,7.4,-3,20.3
Joe Ingles,29,28,2015-12-28,28,UTA,H,PHI,4,0,19:47,3,7,0.429,2,5,0.4,0,0,NA,0,2,2,1,0,0,2,0,8,3.6,-5,12
Joe Ingles,30,29,2015-12-30,28,UTA,A,MIN,-14,0,17:41,1,5,0.2,0,4,0,0,0,NA,0,1,1,0,1,2,0,2,2,0.8,-8,9.3
Joe Ingles,31,30,2015-12-31,28,UTA,H,POR,13,0,17:28,3,4,0.75,3,4,0.75,0,0,NA,2,1,3,0,0,0,0,3,9,7.9,10,14.3
Joe Ingles,32,31,2016-01-02,28,UTA,H,MEM,5,0,15:40,1,6,0.167,1,5,0.2,0,0,NA,0,0,0,1,0,0,0,1,3,-0.5,16,5
Joe Ingles,33,32,2016-01-04,28,UTA,H,HOU,-2,0,13:39,1,6,0.167,1,5,0.2,0,0,NA,0,0,0,0,0,0,0,0,3,-0.8,-6,3.5
Joe Ingles,34,33,2016-01-06,28,UTA,A,SAS,-25,0,21:49,3,6,0.5,1,3,0.333,1,1,1,0,4,4,2,1,0,3,3,8,4.4,1,17
Joe Ingles,35,34,2016-01-07,28,UTA,A,HOU,-9,0,21:24,3,7,0.429,2,6,0.333,0,0,NA,2,1,3,2,0,0,2,1,8,5,-10,14.8
Joe Ingles,36,35,2016-01-09,28,UTA,H,MIA,15,0,23:59,2,7,0.286,2,4,0.5,0,0,NA,0,4,4,1,1,0,0,1,6,4.4,4,15.5
Joe Ingles,37,36,2016-01-10,28,UTA,A,LAL,12,0,9:50,0,2,0,0,0,NA,0,0,NA,0,0,0,1,0,0,1,0,0,-1.7,5,1
Joe Ingles,38,37,2016-01-13,28,UTA,A,POR,-14,0,15:50,0,3,0,0,2,0,0,0,NA,0,2,2,3,0,0,1,3,0,-1.6,-8,6.5
Joe Ingles,39,38,2016-01-14,28,UTA,H,SAC,-2,0,17:23,3,6,0.5,1,2,0.5,1,1,1,1,0,1,0,2,0,1,1,8,6.3,8,13.3
Joe Ingles,40,39,2016-01-16,28,UTA,H,LAL,27,0,17:39,4,7,0.571,2,5,0.4,0,0,NA,0,2,2,0,0,0,0,3,10,6.1,0,13.5
Joe Ingles,41,40,2016-01-18,28,UTA,A,CHO,-5,0,13:59,1,2,0.5,1,2,0.5,0,0,NA,1,0,1,1,1,0,1,2,3,2.6,0,7.8
Joe Ingles,42,41,2016-01-20,28,UTA,A,NYK,-7,0,9:23,1,3,0.333,0,2,0,0,0,NA,0,0,0,2,0,0,0,1,2,1.3,7,5
Joe Ingles,43,42,2016-01-22,28,UTA,A,BRK,22,0,12:25,1,2,0.5,1,2,0.5,0,0,NA,0,1,1,2,1,0,1,1,3,3.3,-2,9.3
Joe Ingles,44,43,2016-01-25,28,UTA,H,DET,-3,0,27:30,2,5,0.4,1,4,0.25,0,0,NA,1,8,9,3,1,0,2,4,5,4.9,13,22.3
Joe Ingles,45,44,2016-01-27,28,UTA,H,CHO,29,0,18:44,1,2,0.5,1,2,0.5,0,0,NA,1,3,4,2,1,0,0,0,3,6,15,13.5
Joe Ingles,46,45,2016-01-29,28,UTA,H,MIN,13,0,15:02,1,2,0.5,1,2,0.5,0,0,NA,1,1,2,3,1,0,0,3,3,4.9,12,12.5
Joe Ingles,47,46,2016-02-01,28,UTA,H,CHI,9,0,18:58,1,1,1,0,0,NA,0,0,NA,0,0,0,2,2,0,1,1,2,3.7,15,8.5
Joe Ingles,48,47,2016-02-03,28,UTA,H,DEN,4,0,10:10,0,0,NA,0,0,NA,0,0,NA,0,1,1,1,0,0,1,0,0,0,6,2.3
Joe Ingles,49,48,2016-02-05,28,UTA,H,MIL,3,0,15:58,1,3,0.333,0,2,0,1,2,0.5,0,1,1,1,3,0,1,0,3,3.9,-6,11.3
Joe Ingles,50,49,2016-02-06,28,UTA,A,PHO,9,0,12:52,2,5,0.4,0,2,0,2,2,1,1,1,2,0,0,0,0,1,6,3.9,-6,8.5
Joe Ingles,51,50,2016-02-09,28,UTA,A,DAL,2,0,18:26,2,4,0.5,2,4,0.5,0,0,NA,0,1,1,0,0,0,2,1,6,1.9,-1,7.3
Joe Ingles,52,51,2016-02-10,28,UTA,A,NOP,-4,0,10:38,0,1,0,0,1,0,0,0,NA,0,0,0,1,0,0,1,2,0,-1.8,-9,1
Joe Ingles,53,52,2016-02-18,28,UTA,A,WAS,-14,0,14:52,1,5,0.2,0,2,0,0,0,NA,0,2,2,0,0,0,0,0,2,-0.5,0,4.5
Joe Ingles,54,53,2016-02-19,28,UTA,H,BOS,18,0,11:23,1,2,0.5,1,2,0.5,1,2,0.5,1,0,1,0,0,0,0,2,4,2.5,-1,5.8
Joe Ingles,55,54,2016-02-21,28,UTA,A,POR,-4,0,6:58,2,2,1,1,1,1,0,0,NA,0,1,1,0,0,0,0,1,5,4.3,0,6.8
Joe Ingles,56,55,2016-02-23,28,UTA,H,HOU,3,0,6:55,0,1,0,0,1,0,0,0,NA,0,0,0,2,0,0,2,1,0,-1.7,1,2
Joe Ingles,57,56,2016-02-25,28,UTA,H,SAS,-18,0,9:02,0,2,0,0,2,0,0,0,NA,0,1,1,0,0,0,0,0,0,-1.1,1,1.3
Joe Ingles,58,57,2016-02-27,28,UTA,H,BRK,-2,0,17:56,3,5,0.6,0,2,0,0,0,NA,0,1,1,1,1,0,1,2,6,3.9,-12,10.3
Joe Ingles,59,58,2016-02-29,28,UTA,A,BOS,-5,0,10:59,0,2,0,0,2,0,0,0,NA,1,3,4,0,0,0,0,1,0,-0.2,-9,5
Joe Ingles,60,59,2016-03-02,28,UTA,A,TOR,-10,0,13:39,1,3,0.333,1,1,1,0,0,NA,0,2,2,1,1,0,0,0,3,3.6,-7,9.5
Joe Ingles,61,60,2016-03-04,28,UTA,A,MEM,-6,0,6:23,0,0,NA,0,0,NA,0,0,NA,0,0,0,0,0,0,0,0,0,0,-9,0
Joe Ingles,62,61,2016-03-05,28,UTA,A,NOP,12,0,20:24,2,5,0.4,1,4,0.25,0,0,NA,0,2,2,4,0,0,1,1,5,4.3,24,13.5
Joe Ingles,63,62,2016-03-08,28,UTA,H,ATL,-7,0,23:28,1,7,0.143,1,5,0.2,1,1,1,2,3,5,2,1,0,2,1,4,1.8,8,14.8
Joe Ingles,64,63,2016-03-09,28,UTA,A,GSW,-21,0,21:30,2,4,0.5,1,2,0.5,0,0,NA,0,1,1,4,1,0,1,1,5,5.7,-15,14.3
Joe Ingles,65,64,2016-03-11,28,UTA,H,WAS,21,0,7:11,0,0,NA,0,0,NA,0,0,NA,0,1,1,0,2,0,1,1,0,0.9,-5,4.8
Joe Ingles,66,65,2016-03-13,28,UTA,A,SAC,9,0,10:57,0,2,0,0,1,0,0,0,NA,0,3,3,3,1,0,1,1,0,1.2,1,9.8
Joe Ingles,67,66,2016-03-14,28,UTA,H,CLE,9,1,37:09,2,6,0.333,2,5,0.4,0,0,NA,0,5,5,4,0,0,1,1,6,5.5,6,18.8
Joe Ingles,68,67,2016-03-17,28,UTA,H,PHO,34,1,27:16,6,8,0.75,3,5,0.6,0,0,NA,0,4,4,2,6,0,2,1,15,18,20,35.5
Joe Ingles,69,68,2016-03-19,28,UTA,A,CHI,-7,0,17:31,1,7,0.143,1,5,0.2,0,0,NA,2,4,6,2,0,1,2,3,3,0,0,15
Joe Ingles,70,69,2016-03-20,28,UTA,A,MIL,9,0,18:56,4,4,1,4,4,1,0,0,NA,0,3,3,1,0,0,1,1,12,11,-4,18.8
Joe Ingles,71,70,2016-03-23,28,UTA,A,HOU,2,0,14:55,2,3,0.667,2,3,0.667,0,0,NA,0,2,2,1,0,0,1,3,6,3.8,1,10.5
Joe Ingles,72,71,2016-03-24,28,UTA,A,OKC,-22,0,19:26,0,2,0,0,2,0,0,0,NA,1,6,7,2,1,0,2,1,0,1.1,-7,12.8
Joe Ingles,73,72,2016-03-26,28,UTA,A,MIN,9,0,15:04,3,5,0.6,2,4,0.5,0,0,NA,0,4,4,0,1,0,2,0,8,5.9,-1,15
Joe Ingles,74,73,2016-03-28,28,UTA,H,LAL,48,0,20:45,2,3,0.667,2,3,0.667,0,0,NA,0,3,3,3,0,0,1,0,6,6.7,32,14.8
Joe Ingles,75,74,2016-03-30,28,UTA,H,GSW,-7,0,31:11,1,3,0.333,1,3,0.333,0,0,NA,0,2,2,0,2,0,2,1,3,1.5,-14,9
Joe Ingles,76,75,2016-04-01,28,UTA,H,MIN,13,0,15:59,1,3,0.333,1,3,0.333,1,2,0.5,0,2,2,1,1,0,0,1,4,3.8,3,10.5
Joe Ingles,77,76,2016-04-03,28,UTA,A,PHO,15,0,9:48,0,2,0,0,1,0,0,0,NA,0,0,0,1,0,0,0,0,0,-0.7,-7,1.5
Joe Ingles,78,77,2016-04-05,28,UTA,H,SAS,-2,0,26:16,4,4,1,3,3,1,2,3,0.667,1,1,2,1,1,0,2,3,13,10.9,-8,19.5
Joe Ingles,79,78,2016-04-08,28,UTA,H,LAC,-3,0,22:15,2,5,0.4,1,4,0.25,0,0,NA,0,2,2,0,3,0,0,3,5,4.7,-1,14
Joe Ingles,80,79,2016-04-10,28,UTA,A,DEN,16,0,10:01,1,4,0.25,1,4,0.25,0,0,NA,0,0,0,0,0,0,2,0,3,-1.4,-14,2.5
Joe Ingles,81,80,2016-04-11,28,UTA,H,DAL,-9,0,21:29,3,6,0.5,3,6,0.5,0,0,NA,0,2,2,2,1,0,1,3,9,6.8,0,17.5
Joe Ingles,82,81,2016-04-13,28,UTA,A,LAL,-5,0,20:30,4,7,0.571,4,7,0.571,0,0,NA,0,1,1,4,2,0,0,1,12,13.4,-8,25.3
Jeff Withey,3,1,2015-10-31,25,UTA,A,IND,21,0,1:21,0,0,NA,0,0,NA,0,0,NA,0,0,0,0,0,0,0,0,0,0,3,0
Jeff Withey,9,2,2015-11-13,25,UTA,A,ORL,-9,0,24:22,4,7,0.571,0,0,NA,0,0,NA,4,3,7,0,1,2,0,2,8,10,11,22.8
Jeff Withey,10,3,2015-11-15,25,UTA,A,ATL,1,0,6:07,0,0,NA,0,0,NA,0,0,NA,0,0,0,0,0,1,0,0,0,0.7,0,2
Jeff Withey,11,4,2015-11-18,25,UTA,H,TOR,4,0,7:52,1,1,1,0,0,NA,0,0,NA,0,1,1,0,0,1,1,1,2,1.3,-4,4.8
Jeff Withey,12,5,2015-11-20,25,UTA,A,DAL,-9,0,1:49,0,0,NA,0,0,NA,0,0,NA,0,0,0,0,0,0,0,1,0,-0.4,-3,0
Jeff Withey,13,6,2015-11-23,25,UTA,H,OKC,-22,0,14:14,1,2,0.5,0,0,NA,2,4,0.5,2,3,5,0,1,1,1,1,4,4.8,1,13.8
Jeff Withey,14,7,2015-11-25,25,UTA,A,LAC,11,0,1:15,0,0,NA,0,0,NA,0,0,NA,0,0,0,0,0,0,0,0,0,0,-6,0
Jeff Withey,15,8,2015-11-28,25,UTA,H,NOP,14,0,7:07,0,2,0,0,0,NA,0,2,0,2,1,3,1,2,1,1,3,0,0.7,6,10.8
Jeff Withey,17,9,2015-12-03,25,UTA,H,ORL,-9,0,10:00,2,3,0.667,0,0,NA,0,0,NA,1,2,3,0,0,3,0,1,4,5.7,3,13.8
Jeff Withey,18,10,2015-12-05,25,UTA,H,IND,3,0,9:28,1,2,0.5,0,0,NA,0,0,NA,0,2,2,0,0,1,2,1,2,-0.1,0,5.5
Jeff Withey,19,11,2015-12-08,25,UTA,A,SAC,-8,0,13:15,0,3,0,0,0,NA,0,0,NA,3,2,5,0,0,0,0,1,0,0.2,8,6.3
Jeff Withey,20,12,2015-12-09,25,UTA,H,NYK,21,0,19:53,4,5,0.8,0,0,NA,0,0,NA,3,6,9,2,0,1,3,1,8,8.7,10,22.8
Jeff Withey,21,13,2015-12-11,25,UTA,H,OKC,-4,0,11:21,3,3,1,0,0,NA,0,0,NA,0,1,1,0,0,0,1,0,6,4.4,7,6.8
Jeff Withey,22,14,2015-12-13,25,UTA,A,OKC,-6,0,10:25,1,1,1,0,0,NA,0,0,NA,1,3,4,0,0,0,0,3,2,2.1,12,7
Jeff Withey,23,15,2015-12-14,25,UTA,A,SAS,-37,0,20:18,3,5,0.6,0,0,NA,3,4,0.75,1,4,5,0,1,2,2,3,9,7.4,2,20.3
Jeff Withey,24,16,2015-12-16,25,UTA,H,NOP,-10,1,17:22,1,3,0.333,0,0,NA,2,2,1,0,3,3,0,1,1,0,3,4,3.7,4,11.8
Jeff Withey,25,17,2015-12-18,25,UTA,H,DEN,9,0,8:48,0,0,NA,0,0,NA,0,0,NA,0,1,1,0,0,1,2,3,0,-2.2,7,2.3
Jeff Withey,26,18,2015-12-21,25,UTA,H,PHO,21,0,10:32,0,2,0,0,0,NA,0,0,NA,0,4,4,0,0,2,0,1,0,0.8,-4,9
Jeff Withey,27,19,2015-12-23,25,UTA,A,GSW,-18,0,13:13,3,3,1,0,0,NA,3,4,0.75,1,3,4,2,1,0,0,1,9,11.3,3,19
Jeff Withey,28,20,2015-12-26,25,UTA,H,LAC,-5,1,18:32,2,5,0.4,0,0,NA,2,2,1,0,7,7,0,1,2,0,1,6,7.4,-1,20.8
Jeff Withey,29,21,2015-12-28,25,UTA,H,PHI,4,1,23:38,4,7,0.571,0,0,NA,3,4,0.75,5,7,12,1,2,2,3,2,11,13.2,3,35.5
Jeff Withey,30,22,2015-12-30,25,UTA,A,MIN,-14,1,28:51,5,10,0.5,0,0,NA,3,5,0.6,3,6,9,1,1,2,1,5,13,11.2,-11,31.3
Jeff Withey,31,23,2015-12-31,25,UTA,H,POR,13,1,34:51,4,7,0.571,0,0,NA,2,3,0.667,2,1,3,1,1,4,1,3,10,10.3,19,24.8
Jeff Withey,32,24,2016-01-02,25,UTA,H,MEM,5,1,32:04,5,9,0.556,0,0,NA,2,4,0.5,3,7,10,2,1,4,3,6,12,10.9,-4,37.5
Jeff Withey,33,25,2016-01-04,25,UTA,H,HOU,-2,1,34:54,2,8,0.25,0,0,NA,4,6,0.667,5,6,11,0,3,3,1,2,8,11,1,33.3
Jeff Withey,34,26,2016-01-06,25,UTA,A,SAS,-25,1,23:44,4,6,0.667,0,0,NA,2,3,0.667,4,3,7,2,1,1,0,0,10,13.8,-21,25.8
Jeff Withey,35,27,2016-01-07,25,UTA,A,HOU,-9,1,17:10,3,4,0.75,0,0,NA,2,2,1,1,3,4,1,0,2,0,0,8,10.1,-6,18.5
Jeff Withey,36,28,2016-01-09,25,UTA,H,MIA,15,0,19:31,4,5,0.8,0,0,NA,0,0,NA,1,2,3,1,0,1,1,1,8,7.4,5,14.8
Jeff Withey,37,29,2016-01-10,25,UTA,A,LAL,12,0,17:42,1,1,1,0,0,NA,4,4,1,2,5,7,1,1,1,2,5,6,7,6,19.3
Jeff Withey,38,30,2016-01-13,25,UTA,A,POR,-14,0,21:10,1,6,0.167,0,0,NA,0,0,NA,1,5,6,0,0,3,0,1,2,2.1,2,15.5
Jeff Withey,39,31,2016-01-14,25,UTA,H,SAC,-2,0,3:31,0,1,0,0,0,NA,2,2,1,0,0,0,0,0,0,0,1,2,0.9,-3,2
Jeff Withey,40,32,2016-01-16,25,UTA,H,LAL,27,0,19:18,4,10,0.4,0,0,NA,0,0,NA,3,4,7,0,1,1,0,1,8,7.2,1,20.8
Jeff Withey,41,33,2016-01-18,25,UTA,A,CHO,-5,0,10:20,1,1,1,0,0,NA,0,0,NA,0,1,1,0,0,1,0,1,2,2.3,-9,5.3
Jeff Withey,42,34,2016-01-20,25,UTA,A,NYK,-7,0,9:05,2,2,1,0,0,NA,2,2,1,0,1,1,0,0,1,0,1,6,6,5,9.3
Jeff Withey,43,35,2016-01-22,25,UTA,A,BRK,22,0,18:06,4,5,0.8,0,0,NA,0,0,NA,0,1,1,1,0,1,1,2,8,6,2,12.3
Jeff Withey,44,36,2016-01-25,25,UTA,H,DET,-3,0,9:41,1,1,1,0,0,NA,0,0,NA,0,2,2,0,0,2,0,1,2,3.3,6,8.5
Jeff Withey,45,37,2016-01-27,25,UTA,H,CHO,29,0,3:47,1,1,1,0,0,NA,0,0,NA,0,0,0,0,0,0,0,1,2,1.3,0,2
Jeff Withey,46,38,2016-01-29,25,UTA,H,MIN,13,0,3:02,0,1,0,0,1,0,0,0,NA,0,0,0,1,0,0,0,1,0,-0.4,2,1.5
Jeff Withey,53,39,2016-02-18,25,UTA,A,WAS,-14,0,7:41,1,3,0.333,0,1,0,2,2,1,1,0,1,0,0,1,1,2,4,1.9,7,6.8
Jeff Withey,54,40,2016-02-19,25,UTA,H,BOS,18,0,1:40,0,1,0,0,0,NA,0,0,NA,0,0,0,0,0,0,0,0,0,-0.7,0,0
Jeff Withey,60,41,2016-03-02,25,UTA,A,TOR,-10,0,4:33,1,1,1,0,0,NA,0,0,NA,0,0,0,0,0,0,0,0,2,1.7,3,2
Jeff Withey,64,42,2016-03-09,26,UTA,A,GSW,-21,0,5:21,0,1,0,0,0,NA,0,0,NA,0,0,0,1,0,0,0,1,0,-0.4,1,1.5
Jeff Withey,65,43,2016-03-11,26,UTA,H,WAS,21,0,2:17,1,2,0.5,0,0,NA,1,1,1,0,0,0,0,0,0,0,0,3,2,2,3
Jeff Withey,68,44,2016-03-17,26,UTA,H,PHO,34,0,5:10,0,2,0,0,0,NA,0,0,NA,0,3,3,1,0,0,0,1,0,-0.2,-1,5.3
Jeff Withey,72,45,2016-03-24,26,UTA,A,OKC,-22,0,17:24,4,6,0.667,0,0,NA,0,0,NA,3,2,5,0,1,1,0,3,8,8.6,-1,18.3
Jeff Withey,74,46,2016-03-28,26,UTA,H,LAL,48,0,7:53,1,2,0.5,0,0,NA,0,0,NA,1,0,1,0,0,1,0,1,2,2,-1,5.3
Jeff Withey,76,47,2016-04-01,26,UTA,H,MIN,13,0,9:21,2,3,0.667,0,0,NA,0,0,NA,1,2,3,0,0,1,0,2,4,3.9,5,9.8
Jeff Withey,77,48,2016-04-03,26,UTA,A,PHO,15,0,1:23,0,0,NA,0,0,NA,0,0,NA,0,0,0,0,0,0,0,0,0,0,-4,0
Jeff Withey,80,49,2016-04-10,26,UTA,A,DEN,16,0,5:46,0,0,NA,0,0,NA,0,0,NA,0,1,1,0,0,0,0,1,0,-0.1,-5,1.3
Jeff Withey,81,50,2016-04-11,26,UTA,H,DAL,-9,0,3:58,1,2,0.5,0,0,NA,0,0,NA,1,1,2,0,0,0,0,0,2,2,-4,4.5
Jeff Withey,82,51,2016-04-13,26,UTA,A,LAL,-5,1,27:47,4,7,0.571,0,0,NA,2,3,0.667,1,8,9,1,1,1,1,3,10,9.6,-3,26.3
Trevor Booker,2,1,2015-10-30,27,UTA,A,PHI,28,0,17:55,1,5,0.2,0,0,NA,0,0,NA,0,3,3,0,0,0,0,2,2,-1,5,5.8
Trevor Booker,3,2,2015-10-31,27,UTA,A,IND,21,0,27:43,2,7,0.286,0,1,0,0,0,NA,1,4,5,0,0,0,0,3,4,0.6,10,10.3
Trevor Booker,4,3,2015-11-04,27,UTA,H,POR,-16,0,13:00,0,6,0,0,0,NA,0,0,NA,2,1,3,0,2,1,0,1,0,-0.2,10,9.8
Trevor Booker,5,4,2015-11-05,27,UTA,A,DEN,12,0,28:28,6,9,0.667,1,1,1,0,0,NA,4,5,9,3,1,1,1,3,13,15,15,32.8
Trevor Booker,6,5,2015-11-07,27,UTA,H,MEM,10,0,19:25,0,6,0,0,1,0,0,0,NA,3,3,6,2,0,1,1,4,0,-1.7,3,12
Trevor Booker,7,6,2015-11-10,27,UTA,A,CLE,-4,0,19:19,1,3,0.333,0,1,0,0,0,NA,2,3,5,1,0,0,2,4,2,-0.3,-6,8.8
Trevor Booker,8,7,2015-11-12,27,UTA,A,MIA,-1,0,16:09,0,2,0,0,0,NA,0,0,NA,1,2,3,0,1,1,1,6,0,-1.8,-6,7.3
Trevor Booker,9,8,2015-11-13,27,UTA,A,ORL,-9,0,25:58,3,9,0.333,0,2,0,0,0,NA,3,4,7,1,4,1,2,3,6,6.4,-11,25.3
Trevor Booker,10,9,2015-11-15,27,UTA,A,ATL,1,0,19:04,2,4,0.5,0,0,NA,0,0,NA,1,6,7,2,1,1,1,1,4,6.2,1,19.3
Trevor Booker,11,10,2015-11-18,27,UTA,H,TOR,4,0,15:17,2,7,0.286,0,2,0,0,0,NA,2,3,5,0,1,0,0,0,4,3.2,-12,12.3
Trevor Booker,12,11,2015-11-20,27,UTA,A,DAL,-9,0,14:37,1,4,0.25,0,0,NA,0,0,NA,4,3,7,0,0,0,1,5,2,0.3,1,10.3
Trevor Booker,13,12,2015-11-23,27,UTA,H,OKC,-22,0,19:41,1,3,0.333,0,0,NA,2,2,1,2,1,3,1,0,0,1,0,4,3.7,-22,8.8
Trevor Booker,14,13,2015-11-25,28,UTA,A,LAC,11,0,18:14,1,6,0.167,0,0,NA,0,0,NA,3,1,4,1,1,0,1,2,2,0.5,2,10
Trevor Booker,15,14,2015-11-28,28,UTA,H,NOP,14,1,38:04,5,8,0.625,0,0,NA,3,3,1,4,11,15,3,2,3,2,2,13,18.9,21,46.8
Trevor Booker,16,15,2015-11-30,28,UTA,H,GSW,-3,0,18:49,3,5,0.6,0,0,NA,0,0,NA,2,1,3,0,2,1,0,2,6,7.3,5,15.8
Trevor Booker,17,16,2015-12-03,28,UTA,H,ORL,-9,1,15:07,1,2,0.5,0,1,0,0,0,NA,0,2,2,0,1,1,1,0,2,2.3,-7,8
Trevor Booker,18,17,2015-12-05,28,UTA,H,IND,3,0,23:28,2,6,0.333,0,0,NA,6,8,0.75,6,8,14,0,1,1,3,4,10,9.5,6,31.5
Trevor Booker,19,18,2015-12-08,28,UTA,A,SAC,-8,0,27:26,4,10,0.4,0,1,0,4,6,0.667,7,3,10,1,1,0,0,2,12,12.5,6,29.5
Trevor Booker,20,19,2015-12-09,28,UTA,H,NYK,21,0,17:38,3,5,0.6,0,0,NA,1,1,1,1,4,5,1,0,1,0,3,7,6.8,16,16.8
Trevor Booker,21,20,2015-12-11,28,UTA,H,OKC,-4,0,24:03,4,5,0.8,0,0,NA,1,2,0.5,4,3,7,2,1,0,1,4,9,10.2,-2,22.3
Trevor Booker,22,21,2015-12-13,28,UTA,A,OKC,-6,0,30:02,2,3,0.667,0,0,NA,0,2,0,2,3,5,1,1,0,1,4,4,3.3,0,13.3
Trevor Booker,23,22,2015-12-14,28,UTA,A,SAS,-37,0,21:19,2,4,0.5,0,0,NA,0,0,NA,2,5,7,0,1,0,0,1,4,5.5,-12,14.8
Trevor Booker,24,23,2015-12-16,28,UTA,H,NOP,-10,0,28:49,3,5,0.6,0,0,NA,3,4,0.75,1,2,3,0,2,1,3,1,9,6.9,-10,17.3
Trevor Booker,25,24,2015-12-18,28,UTA,H,DEN,9,0,25:22,4,6,0.667,1,1,1,3,4,0.75,0,6,6,1,2,0,1,2,12,11.7,5,25
Trevor Booker,26,25,2015-12-21,28,UTA,H,PHO,21,0,26:23,4,7,0.571,1,1,1,0,0,NA,5,3,8,2,2,0,1,4,9,10.9,-1,26
Trevor Booker,27,26,2015-12-23,28,UTA,A,GSW,-18,0,18:44,0,1,0,0,1,0,0,0,NA,1,4,5,0,0,0,2,3,0,-2,-9,5.3
Trevor Booker,28,27,2015-12-26,28,UTA,H,LAC,-5,0,27:30,3,5,0.6,0,0,NA,0,0,NA,3,3,6,1,0,0,1,3,6,5.2,-7,14.5
Trevor Booker,29,28,2015-12-28,28,UTA,H,PHI,4,0,27:09,0,4,0,0,1,0,5,6,0.833,1,8,9,0,1,2,1,3,5,5.1,-7,21.8
Trevor Booker,30,29,2015-12-30,28,UTA,A,MIN,-14,0,34:35,3,7,0.429,1,1,1,0,2,0,10,5,15,3,1,0,5,4,7,7.5,-8,30.3
Trevor Booker,31,30,2015-12-31,28,UTA,H,POR,13,0,25:42,1,4,0.25,0,0,NA,1,2,0.5,2,2,4,2,1,0,1,1,3,3.2,4,12.5
Trevor Booker,32,31,2016-01-02,28,UTA,H,MEM,5,0,35:07,0,1,0,0,0,NA,4,6,0.667,4,7,11,3,0,2,2,4,4,7.3,1,25.3
Trevor Booker,33,32,2016-01-04,28,UTA,H,HOU,-2,0,26:03,2,2,1,0,0,NA,1,2,0.5,3,4,7,0,1,0,3,3,5,4.1,-6,14.3
Trevor Booker,34,33,2016-01-06,28,UTA,A,SAS,-25,0,18:19,2,3,0.667,0,0,NA,0,0,NA,2,5,7,2,1,0,3,1,4,4.6,-5,16.3
Trevor Booker,35,34,2016-01-07,28,UTA,A,HOU,-9,0,25:19,6,9,0.667,0,0,NA,0,0,NA,4,5,9,0,1,0,1,1,12,12,-4,24.8
Trevor Booker,36,35,2016-01-09,28,UTA,H,MIA,15,0,15:31,0,2,0,0,0,NA,0,0,NA,0,4,4,1,0,0,0,1,0,0.1,-2,6.5
Trevor Booker,37,36,2016-01-10,28,UTA,A,LAL,12,0,21:56,2,4,0.5,0,1,0,4,4,1,2,5,7,1,1,1,1,2,8,9.5,12,21.8
Trevor Booker,38,37,2016-01-13,28,UTA,A,POR,-14,0,24:42,3,6,0.5,0,0,NA,1,1,1,3,4,7,2,2,0,1,1,7,9.3,-12,22.3
Trevor Booker,39,38,2016-01-14,28,UTA,H,SAC,-2,0,17:00,2,3,0.667,0,1,0,0,0,NA,2,4,6,1,1,0,0,2,4,6.2,-4,15
Trevor Booker,41,39,2016-01-18,28,UTA,A,CHO,-5,0,32:34,5,11,0.455,0,3,0,2,2,1,4,4,8,1,1,1,2,5,12,8.7,-3,26.5
Trevor Booker,42,40,2016-01-20,28,UTA,A,NYK,-7,0,27:03,0,4,0,0,0,NA,3,4,0.75,4,4,8,0,0,0,3,2,3,0,-10,11.5
Trevor Booker,43,41,2016-01-22,28,UTA,A,BRK,22,0,22:00,6,10,0.6,1,1,1,0,0,NA,3,7,10,1,0,0,2,3,13,10.1,17,28
Trevor Booker,44,42,2016-01-25,28,UTA,H,DET,-3,0,14:18,2,5,0.4,0,1,0,0,0,NA,2,2,4,0,1,0,2,3,4,1.1,-17,10
Trevor Booker,45,43,2016-01-27,28,UTA,H,CHO,29,0,19:51,4,5,0.8,0,0,NA,0,0,NA,2,3,5,2,2,3,0,0,8,13.9,27,27.3
Trevor Booker,46,44,2016-01-29,28,UTA,H,MIN,13,0,22:31,5,7,0.714,1,1,1,0,0,NA,1,7,8,2,2,2,4,2,11,10.9,19,30.5
Trevor Booker,47,45,2016-02-01,28,UTA,H,CHI,9,0,13:02,0,1,0,0,0,NA,0,0,NA,0,2,2,1,0,0,1,2,0,-1.2,3,3.5
Trevor Booker,48,46,2016-02-03,28,UTA,H,DEN,4,0,21:17,4,5,0.8,0,0,NA,0,1,0,1,2,3,0,1,2,0,1,8,9,1,17.8
Trevor Booker,49,47,2016-02-05,28,UTA,H,MIL,3,0,13:15,0,3,0,0,0,NA,0,0,NA,2,0,2,1,2,0,1,0,0,1,1,7.5
Trevor Booker,50,48,2016-02-06,28,UTA,A,PHO,9,0,25:55,4,6,0.667,0,1,0,0,0,NA,1,5,6,1,1,0,2,3,8,6.1,4,18
Trevor Booker,51,49,2016-02-09,28,UTA,A,DAL,2,0,19:11,4,4,1,0,0,NA,0,0,NA,3,1,4,0,0,0,1,3,8,7,3,12.5
Trevor Booker,52,50,2016-02-10,28,UTA,A,NOP,-4,0,20:04,1,4,0.25,0,0,NA,0,0,NA,3,4,7,3,0,0,1,3,2,2.8,-4,14.8
Trevor Booker,53,51,2016-02-18,28,UTA,A,WAS,-14,0,22:13,3,4,0.75,0,0,NA,1,2,0.5,2,6,8,0,1,0,1,2,7,7.4,-3,18.5
Trevor Booker,54,52,2016-02-19,28,UTA,H,BOS,18,0,19:43,3,5,0.6,0,0,NA,1,4,0.25,2,6,8,1,0,0,0,3,7,6.2,-1,18.5
Trevor Booker,55,53,2016-02-21,28,UTA,A,POR,-4,0,21:13,3,7,0.429,0,0,NA,2,3,0.667,1,4,5,2,1,0,0,1,8,7.8,-1,19.3
Trevor Booker,56,54,2016-02-23,28,UTA,H,HOU,3,0,11:45,3,7,0.429,0,1,0,0,0,NA,0,6,6,2,0,0,1,2,6,3.7,8,16
Trevor Booker,57,55,2016-02-25,28,UTA,H,SAS,-18,0,18:50,2,4,0.5,1,1,1,0,2,0,1,4,5,0,0,1,0,0,5,4.8,-6,13.8
Trevor Booker,58,56,2016-02-27,28,UTA,H,BRK,-2,0,22:55,3,3,1,0,0,NA,0,0,NA,3,2,5,0,1,0,1,0,6,7.8,-5,13.8
Trevor Booker,60,57,2016-03-02,28,UTA,A,TOR,-10,0,7:24,2,3,0.667,0,0,NA,0,0,NA,1,1,2,0,0,0,2,2,4,0.9,-5,5.5
Trevor Booker,61,58,2016-03-04,28,UTA,A,MEM,-6,0,14:07,3,4,0.75,1,1,1,1,2,0.5,1,2,3,1,1,0,2,2,8,6.2,-3,14.8
Trevor Booker,62,59,2016-03-05,28,UTA,A,NOP,12,0,18:23,4,6,0.667,0,0,NA,3,3,1,2,6,8,2,0,0,0,3,11,11.8,18,24
Trevor Booker,63,60,2016-03-08,28,UTA,H,ATL,-7,0,19:45,2,4,0.5,0,0,NA,4,4,1,1,4,5,0,2,0,0,1,8,9.5,6,18.3
Trevor Booker,64,61,2016-03-09,28,UTA,A,GSW,-21,0,18:40,2,4,0.5,0,1,0,0,0,NA,3,4,7,1,0,0,1,3,4,3.8,-7,13.8
Trevor Booker,65,62,2016-03-11,28,UTA,H,WAS,21,0,16:24,2,5,0.4,0,0,NA,1,1,1,2,2,4,1,0,2,1,2,5,4.6,2,15
Trevor Booker,66,63,2016-03-13,28,UTA,A,SAC,9,0,25:20,3,10,0.3,0,4,0,4,4,1,2,6,8,1,1,2,0,1,10,10.1,-4,27.5
Trevor Booker,67,64,2016-03-14,28,UTA,H,CLE,9,0,19:03,0,0,NA,0,0,NA,0,0,NA,2,4,6,0,0,1,1,1,0,1.9,-9,9
Trevor Booker,68,65,2016-03-17,28,UTA,H,PHO,34,0,14:45,4,7,0.571,0,0,NA,0,0,NA,1,3,4,3,1,0,0,1,8,9,10,19.5
Trevor Booker,69,66,2016-03-19,28,UTA,A,CHI,-7,0,11:31,1,3,0.333,0,1,0,0,0,NA,1,2,3,1,0,0,0,2,2,1.5,0,7.3
Trevor Booker,70,67,2016-03-20,28,UTA,A,MIL,9,0,7:34,0,1,0,0,0,NA,0,0,NA,0,1,1,0,0,0,0,1,0,-0.8,-8,1.3
Trevor Booker,71,68,2016-03-23,28,UTA,A,HOU,2,0,26:04,5,6,0.833,0,1,0,0,0,NA,1,4,5,4,1,1,1,2,10,12.4,14,25.8
Trevor Booker,72,69,2016-03-24,28,UTA,A,OKC,-22,0,15:45,4,6,0.667,1,2,0.5,0,2,0,3,0,3,2,0,0,0,3,9,7.9,-11,16.3
Trevor Booker,73,70,2016-03-26,28,UTA,A,MIN,9,0,11:30,0,3,0,0,0,NA,0,0,NA,0,3,3,2,0,0,0,1,0,-0.2,1,6.8
Trevor Booker,74,71,2016-03-28,28,UTA,H,LAL,48,0,16:12,6,8,0.75,1,1,1,4,6,0.667,3,2,5,0,0,1,0,2,17,15.6,16,25.8
Trevor Booker,75,72,2016-03-30,28,UTA,H,GSW,-7,0,14:29,1,4,0.25,0,1,0,1,4,0.25,2,3,5,1,0,0,3,2,3,-1.4,-6,9.3
Trevor Booker,76,73,2016-04-01,28,UTA,H,MIN,13,0,15:55,2,4,0.5,0,0,NA,0,0,NA,0,4,4,1,1,0,1,1,4,3.5,8,12
Trevor Booker,77,74,2016-04-03,28,UTA,A,PHO,15,0,16:40,2,4,0.5,0,0,NA,0,0,NA,2,3,5,2,0,2,0,1,4,6.7,20,17.3
Trevor Booker,78,75,2016-04-05,28,UTA,H,SAS,-2,0,16:17,3,4,0.75,0,0,NA,1,1,1,0,5,5,2,0,1,0,3,7,7.8,7,18.3
Trevor Booker,79,76,2016-04-08,28,UTA,H,LAC,-3,0,16:20,2,4,0.5,1,1,1,0,0,NA,0,1,1,0,0,1,1,1,5,2.6,-3,8.3
Trevor Booker,80,77,2016-04-10,28,UTA,A,DEN,16,0,20:32,1,3,0.333,0,1,0,4,4,1,3,2,5,1,1,1,0,1,6,9,13,17.8
Trevor Booker,81,78,2016-04-11,28,UTA,H,DAL,-9,0,23:56,4,5,0.8,1,1,1,0,0,NA,0,2,2,2,0,1,0,3,9,8.6,3,17
Trevor Booker,82,79,2016-04-13,28,UTA,A,LAL,-5,0,28:47,4,7,0.571,0,0,NA,0,2,0,2,3,5,2,1,0,1,3,8,6.4,-1,18.8
Shelvin Mack,57,25,2016-02-21,25,UTA,A,POR,-4,0,24:29,7,11,0.636,1,3,0.333,1,2,0.5,0,3,3,6,0,1,1,5,16,13.5,14,30.8
Shelvin Mack,58,26,2016-02-23,25,UTA,H,HOU,3,1,31:47,5,11,0.455,1,4,0.25,6,8,0.75,0,1,1,2,1,0,6,4,17,5.6,7,20.8
Shelvin Mack,59,27,2016-02-25,25,UTA,H,SAS,-18,1,27:54,4,12,0.333,0,2,0,0,0,NA,0,3,3,3,2,0,2,0,8,4.2,-7,19.3
Shelvin Mack,60,28,2016-02-27,25,UTA,H,BRK,-2,1,25:25,3,7,0.429,0,1,0,0,0,NA,0,2,2,2,0,0,4,2,6,-0.5,3,9.5
Shelvin Mack,61,29,2016-02-29,25,UTA,A,BOS,-5,1,30:06,8,13,0.615,2,3,0.667,0,1,0,0,2,2,1,2,0,2,5,18,11,-6,26
Shelvin Mack,62,30,2016-03-02,25,UTA,A,TOR,-10,1,23:51,0,6,0,0,3,0,2,2,1,0,2,2,4,0,0,3,2,2,-2.6,-13,9
Shelvin Mack,63,31,2016-03-04,25,UTA,A,MEM,-6,1,29:02,4,9,0.444,1,2,0.5,3,6,0.5,1,4,5,8,2,0,2,4,12,12,12,33.8
Shelvin Mack,64,32,2016-03-05,25,UTA,A,NOP,12,1,31:37,4,10,0.4,1,2,0.5,2,2,1,0,3,3,4,1,0,1,2,11,8.5,2,22.8
Shelvin Mack,65,33,2016-03-08,25,UTA,H,ATL,-7,1,26:42,2,13,0.154,1,3,0.333,0,0,NA,1,6,7,4,0,0,3,3,5,-2.2,-3,18.8
Shelvin Mack,66,34,2016-03-09,25,UTA,A,GSW,-21,1,27:49,3,9,0.333,1,1,1,0,0,NA,0,4,4,8,2,0,4,1,7,6.3,-11,26.5
Shelvin Mack,67,35,2016-03-11,25,UTA,H,WAS,21,1,34:01,11,17,0.647,3,5,0.6,2,3,0.667,0,3,3,4,0,0,3,1,27,19.4,12,36.8
Shelvin Mack,68,36,2016-03-13,25,UTA,A,SAC,9,1,30:19,5,11,0.455,4,6,0.667,0,0,NA,1,4,5,8,2,0,5,3,14,11.6,11,35.8
Shelvin Mack,69,37,2016-03-14,25,UTA,H,CLE,9,1,37:11,7,14,0.5,3,5,0.6,0,0,NA,0,7,7,10,1,0,3,2,17,16.3,18,44.3
Shelvin Mack,70,38,2016-03-17,25,UTA,H,PHO,34,1,29:00,7,13,0.538,1,2,0.5,0,0,NA,1,7,8,10,0,0,2,2,15,15.7,33,41
Shelvin Mack,71,39,2016-03-19,25,UTA,A,CHI,-7,1,33:37,5,11,0.455,2,3,0.667,3,4,0.75,2,3,5,8,1,0,2,0,15,15.8,-5,35.3
Shelvin Mack,72,40,2016-03-20,25,UTA,A,MIL,9,1,37:53,5,11,0.455,1,3,0.333,2,3,0.667,0,4,4,12,1,0,6,2,13,10.7,7,37
Shelvin Mack,73,41,2016-03-23,25,UTA,A,HOU,2,1,32:38,6,12,0.5,3,7,0.429,1,2,0.5,0,2,2,3,2,0,6,1,16,7.9,-2,25.5
Shelvin Mack,74,42,2016-03-24,25,UTA,A,OKC,-22,1,24:25,3,9,0.333,0,3,0,0,0,NA,0,2,2,4,3,0,5,3,6,1.1,-12,18
Shelvin Mack,75,43,2016-03-26,25,UTA,A,MIN,9,1,34:27,3,14,0.214,0,4,0,0,0,NA,0,2,2,6,2,0,2,1,6,1.8,1,20.5
Shelvin Mack,76,44,2016-03-28,25,UTA,H,LAL,48,1,29:12,8,11,0.727,1,3,0.333,0,0,NA,0,3,3,5,0,0,2,0,17,14.9,48,27.8
Shelvin Mack,77,45,2016-03-30,25,UTA,H,GSW,-7,1,40:46,5,17,0.294,1,5,0.2,1,2,0.5,2,4,6,9,2,0,3,5,12,7.6,-8,36
Shelvin Mack,78,46,2016-04-01,25,UTA,H,MIN,13,1,33:12,6,12,0.5,2,4,0.5,2,2,1,0,4,4,5,1,0,3,1,16,12.3,15,30
Shelvin Mack,79,47,2016-04-03,25,UTA,A,PHO,15,1,35:14,3,9,0.333,0,2,0,3,4,0.75,1,6,7,5,0,2,1,1,9,9.5,10,28.8
Shelvin Mack,80,48,2016-04-05,25,UTA,H,SAS,-2,1,30:17,6,10,0.6,1,1,1,0,0,NA,0,4,4,2,1,0,2,2,13,9.2,6,22.5
Shelvin Mack,81,49,2016-04-08,25,UTA,H,LAC,-3,1,32:43,3,9,0.333,1,6,0.167,6,6,1,1,1,2,2,0,0,2,5,13,6.3,-20,18
Shelvin Mack,82,50,2016-04-10,25,UTA,A,DEN,16,1,35:10,6,13,0.462,2,4,0.5,0,0,NA,0,3,3,6,0,0,1,2,14,10.6,22,27.3
Shelvin Mack,83,51,2016-04-11,25,UTA,H,DAL,-9,1,35:14,8,14,0.571,2,7,0.286,0,0,NA,0,2,2,2,0,0,2,4,18,9.8,-8,23.5
Shelvin Mack,84,52,2016-04-13,25,UTA,A,LAL,-5,1,34:33,5,12,0.417,0,4,0,2,2,1,1,4,5,6,0,0,3,2,12,7.9,-1,25.8
Chris Johnson,2,1,2015-10-30,25,UTA,A,PHI,28,0,3:49,1,2,0.5,0,0,NA,0,0,NA,1,2,3,1,0,0,0,0,2,3,-1,7.3
Chris Johnson,3,2,2015-10-31,25,UTA,A,IND,21,0,2:25,0,0,NA,0,0,NA,1,2,0.5,0,0,0,0,1,0,0,0,1,1.6,4,3
Chris Johnson,4,3,2015-11-04,25,UTA,H,POR,-16,0,0:54,0,1,0,0,1,0,0,0,NA,0,0,0,0,0,0,0,0,0,-0.7,-3,0
Chris Johnson,5,4,2015-11-05,25,UTA,A,DEN,12,0,5:10,1,2,0.5,1,1,1,0,0,NA,0,0,0,0,0,0,0,1,3,1.6,-3,3.5
Chris Johnson,7,5,2015-11-10,25,UTA,A,CLE,-4,0,1:21,1,1,1,0,0,NA,0,0,NA,0,0,0,0,0,0,0,0,2,1.7,0,2
Chris Johnson,9,6,2015-11-13,25,UTA,A,ORL,-9,0,20:08,1,8,0.125,1,4,0.25,1,2,0.5,1,4,5,1,0,0,2,3,4,-2.2,18,11.3
Chris Johnson,10,7,2015-11-15,25,UTA,A,ATL,1,0,3:19,0,0,NA,0,0,NA,0,0,NA,0,0,0,0,0,0,0,1,0,-0.4,-2,0
Chris Johnson,11,8,2015-11-18,25,UTA,H,TOR,4,0,4:46,0,0,NA,0,0,NA,0,0,NA,0,1,1,0,0,0,0,1,0,-0.1,4,1.3
Chris Johnson,12,9,2015-11-20,25,UTA,A,DAL,-9,0,1:08,0,0,NA,0,0,NA,0,0,NA,0,0,0,0,0,0,0,0,0,0,-1,0
Chris Johnson,13,10,2015-11-23,25,UTA,H,OKC,-22,0,5:49,2,3,0.667,2,2,1,0,0,NA,0,0,0,0,0,0,0,0,6,4.7,3,7
Chris Johnson,14,11,2015-11-25,25,UTA,A,LAC,11,0,6:55,0,2,0,0,1,0,0,0,NA,0,1,1,1,0,2,1,2,0,-0.8,-6,6.3
Chris Johnson,15,12,2015-11-28,25,UTA,H,NOP,14,0,0:03,0,0,NA,0,0,NA,0,0,NA,0,0,0,0,0,0,0,0,0,0,0,0
Chris Johnson,17,13,2015-12-03,25,UTA,H,ORL,-9,0,7:31,0,1,0,0,1,0,0,0,NA,0,0,0,0,0,0,0,0,0,-0.7,-3,0
Chris Johnson,18,14,2015-12-05,25,UTA,H,IND,3,0,6:03,0,0,NA,0,0,NA,0,0,NA,0,0,0,1,0,0,0,1,0,0.3,-8,1.5
Chris Johnson,20,15,2015-12-09,25,UTA,H,NYK,21,0,3:01,0,0,NA,0,0,NA,0,0,NA,0,0,0,0,0,0,0,0,0,0,-5,0
Chris Johnson,23,16,2015-12-14,25,UTA,A,SAS,-37,0,8:58,2,4,0.5,0,1,0,0,0,NA,1,1,2,1,1,0,1,0,4,3.7,7,9.5
Chris Johnson,24,17,2015-12-16,25,UTA,H,NOP,-10,0,9:56,0,1,0,0,0,NA,0,0,NA,0,0,0,0,0,1,0,2,0,-0.8,-2,2
Chris Johnson,26,18,2015-12-21,25,UTA,H,PHO,21,0,1:47,1,1,1,1,1,1,0,0,NA,0,0,0,0,0,0,0,0,3,2.7,-2,3.5
Chris Johnson,28,19,2015-12-26,25,UTA,H,LAC,-5,0,10:03,0,1,0,0,1,0,2,2,1,1,2,3,0,0,0,1,1,2,1.2,0,5.3
Chris Johnson,29,20,2015-12-28,25,UTA,H,PHI,4,0,15:53,2,2,1,0,0,NA,1,2,0.5,2,2,4,1,2,0,0,0,5,8.7,-9,15.5
Chris Johnson,30,21,2015-12-30,25,UTA,A,MIN,-14,0,17:06,1,5,0.2,1,5,0.2,0,0,NA,0,1,1,0,1,0,1,0,3,0.2,-7,6.3
Chris Johnson,31,22,2015-12-31,25,UTA,H,POR,13,0,15:17,3,4,0.75,0,1,0,1,1,1,0,2,2,1,1,0,1,2,7,5.9,-15,12.5
Chris Johnson,32,23,2016-01-02,25,UTA,H,MEM,5,0,8:23,1,3,0.333,1,1,1,0,0,NA,0,2,2,1,0,0,0,1,3,2.2,1,7.5
Chris Johnson,33,24,2016-01-04,25,UTA,H,HOU,-2,0,11:36,1,3,0.333,1,2,0.5,0,0,NA,1,2,3,2,0,0,2,2,3,1.2,0,9.3
Chris Johnson,34,25,2016-01-06,25,UTA,A,SAS,-25,0,24:46,2,5,0.4,1,4,0.25,2,2,1,0,2,2,1,3,2,3,2,7,6.2,-3,20
Chris Johnson,35,26,2016-01-07,25,UTA,A,HOU,-9,0,18:39,5,8,0.625,1,2,0.5,0,0,NA,0,0,0,2,2,0,0,6,11,8.4,-5,18.5
Chris Johnson,36,27,2016-01-09,25,UTA,H,MIA,15,1,31:02,6,9,0.667,2,3,0.667,0,0,NA,0,4,4,3,2,2,2,5,14,12.8,22,31.5
Chris Johnson,37,28,2016-01-10,25,UTA,A,LAL,12,0,22:04,3,11,0.273,0,6,0,0,0,NA,1,7,8,1,2,0,0,1,6,4.6,7,21.5
Chris Johnson,38,29,2016-01-13,25,UTA,A,POR,-14,0,7:57,0,3,0,0,1,0,0,0,NA,0,0,0,0,1,0,3,0,0,-4.1,-2,0.5
Chris Johnson,39,30,2016-01-14,25,UTA,H,SAC,-2,0,14:29,0,2,0,0,2,0,0,0,NA,1,2,3,0,0,0,0,4,0,-1.7,-3,3.8
Chris Johnson,40,31,2016-01-16,25,UTA,H,LAL,27,0,24:14,0,2,0,0,1,0,2,2,1,0,2,2,3,1,0,1,1,2,2.9,-1,10.5
Chris Johnson,41,32,2016-01-18,25,UTA,A,CHO,-5,0,17:00,1,4,0.25,0,1,0,1,1,1,1,2,3,0,0,0,0,2,3,1.1,-1,6.8
Chris Johnson,42,33,2016-01-20,25,UTA,A,NYK,-7,0,12:17,0,4,0,0,2,0,3,4,0.75,0,5,5,0,0,0,0,2,3,0.5,-12,9.3
Chris Johnson,43,34,2016-01-22,25,UTA,A,BRK,22,0,24:55,1,1,1,0,0,NA,1,2,0.5,0,2,2,6,2,0,1,1,3,7.7,16,18
Chris Johnson,44,35,2016-01-25,25,UTA,H,DET,-3,0,17:06,1,2,0.5,1,2,0.5,0,0,NA,0,2,2,0,0,0,0,5,3,0.6,1,6
Chris Johnson,45,36,2016-01-27,25,UTA,H,CHO,29,0,18:43,3,6,0.5,1,3,0.333,3,4,0.75,1,4,5,3,3,0,1,1,10,12.2,16,26.8
Chris Johnson,46,37,2016-01-29,25,UTA,H,MIN,13,0,12:49,0,0,NA,0,0,NA,0,0,NA,0,1,1,1,0,0,1,1,0,-0.4,5,2.3
Chris Johnson,47,38,2016-02-01,25,UTA,H,CHI,9,0,13:05,0,3,0,0,1,0,2,2,1,1,2,3,0,0,0,1,1,2,-0.2,2,5.3
Chris Johnson,48,39,2016-02-03,25,UTA,H,DEN,4,0,17:00,2,5,0.4,2,5,0.4,0,0,NA,2,1,3,0,1,0,3,1,6,2.6,-5,11.3
Chris Johnson,49,40,2016-02-05,25,UTA,H,MIL,3,0,10:19,0,2,0,0,1,0,3,4,0.75,1,2,3,1,0,0,0,4,3,1.6,-10,8.3
Chris Johnson,50,41,2016-02-06,25,UTA,A,PHO,9,0,10:57,0,1,0,0,1,0,0,0,NA,0,0,0,1,1,1,1,3,0,-0.5,1,5
Chris Johnson,51,42,2016-02-09,25,UTA,A,DAL,2,0,21:27,1,2,0.5,1,2,0.5,2,2,1,3,4,7,1,0,1,0,1,5,8.3,2,17.8
Chris Johnson,52,43,2016-02-10,25,UTA,A,NOP,-4,0,21:41,1,2,0.5,1,2,0.5,0,0,NA,0,4,4,2,0,1,0,3,3,4.1,-5,13.5
Chris Johnson,53,44,2016-02-18,25,UTA,A,WAS,-14,0,18:38,1,3,0.333,0,1,0,2,2,1,0,3,3,0,2,0,1,2,4,3.4,7,11.3
Chris Johnson,54,45,2016-02-19,25,UTA,H,BOS,18,0,22:14,3,4,0.75,2,3,0.667,0,0,NA,1,5,6,1,0,0,1,2,8,7.5,6,17.5
Chris Johnson,55,46,2016-02-21,25,UTA,A,POR,-4,0,18:37,2,3,0.667,0,1,0,0,0,NA,1,1,2,2,1,1,0,2,4,6,9,13.5
Chris Johnson,56,47,2016-02-23,25,UTA,H,HOU,3,0,18:38,2,4,0.5,0,1,0,0,0,NA,0,3,3,1,0,1,0,4,4,2.7,-9,11.3
Chris Johnson,57,48,2016-02-25,25,UTA,H,SAS,-18,0,11:29,0,4,0,0,3,0,0,0,NA,0,3,3,0,0,0,0,0,0,-1.9,-7,3.8
Chris Johnson,58,49,2016-02-27,25,UTA,H,BRK,-2,0,10:36,2,5,0.4,0,2,0,1,1,1,0,0,0,0,0,1,1,3,5,0.8,5,6.5
Chris Johnson,59,50,2016-02-29,25,UTA,A,BOS,-5,0,13:24,1,2,0.5,0,1,0,0,0,NA,0,0,0,1,2,0,1,2,2,1.9,-3,7
Chris Johnson,60,51,2016-03-02,25,UTA,A,TOR,-10,0,19:32,1,4,0.25,0,2,0,0,0,NA,0,3,3,1,0,2,0,4,2,1,-3,11.3
Chris Johnson,61,52,2016-03-04,25,UTA,A,MEM,-6,0,9:08,0,1,0,0,0,NA,0,0,NA,0,2,2,0,0,0,0,0,0,-0.1,-6,2.5
Chris Johnson,62,53,2016-03-05,25,UTA,A,NOP,12,0,7:40,1,2,0.5,1,1,1,0,0,NA,0,1,1,0,0,2,0,0,3,3.7,-5,8.8
Chris Johnson,63,54,2016-03-08,25,UTA,H,ATL,-7,0,4:42,1,2,0.5,0,0,NA,0,0,NA,0,1,1,0,0,0,0,0,2,1.3,-11,3.3
Chris Johnson,64,55,2016-03-09,25,UTA,A,GSW,-21,1,19:30,2,4,0.5,1,2,0.5,0,0,NA,1,2,3,0,1,0,2,2,5,2.5,-1,10.3
Chris Johnson,65,56,2016-03-11,25,UTA,H,WAS,21,0,14:09,2,4,0.5,0,0,NA,1,1,1,0,3,3,0,0,0,1,3,5,1.7,3,8.3
Chris Johnson,66,57,2016-03-13,25,UTA,A,SAC,9,0,11:23,2,3,0.667,2,2,1,0,0,NA,1,0,1,1,0,0,1,0,6,5.1,2,9.3
Chris Johnson,67,58,2016-03-14,25,UTA,H,CLE,9,0,15:58,0,4,0,0,3,0,0,0,NA,0,1,1,0,0,0,0,2,0,-3.3,-7,1.3
Chris Johnson,68,59,2016-03-17,25,UTA,H,PHO,34,0,20:48,1,5,0.2,1,2,0.5,0,0,NA,1,3,4,1,1,1,1,1,3,2.5,15,13.5
Chris Johnson,69,60,2016-03-19,25,UTA,A,CHI,-7,0,12:18,1,3,0.333,0,1,0,1,2,0.5,3,0,3,0,0,0,1,3,3,0.8,4,6.3
Chris Johnson,70,61,2016-03-20,25,UTA,A,MIL,9,0,4:27,0,2,0,0,2,0,0,0,NA,0,0,0,1,0,0,0,0,0,-0.7,5,1.5
Chris Johnson,71,62,2016-03-23,25,UTA,A,HOU,2,0,4:40,0,1,0,0,0,NA,0,0,NA,0,0,0,0,0,0,0,2,0,-1.5,-6,0
Chris Johnson,72,63,2016-03-24,25,UTA,A,OKC,-22,0,14:51,1,2,0.5,0,1,0,2,2,1,0,1,1,0,1,0,0,1,4,3.9,-13,7.3
Chris Johnson,73,64,2016-03-26,25,UTA,A,MIN,9,0,8:38,1,2,0.5,0,0,NA,0,0,NA,0,1,1,0,0,0,1,1,2,-0.1,2,2.8
Chris Johnson,74,65,2016-03-28,25,UTA,H,LAL,48,0,14:32,0,4,0,0,3,0,2,2,1,1,1,2,0,0,1,0,2,2,0.1,2,6.5
Chris Johnson,76,66,2016-04-01,25,UTA,H,MIN,13,0,3:23,0,0,NA,0,0,NA,0,0,NA,0,0,0,0,0,0,0,0,0,0,-8,0
Chris Johnson,77,67,2016-04-03,25,UTA,A,PHO,15,0,17:46,2,3,0.667,1,2,0.5,0,0,NA,0,2,2,0,0,1,0,0,5,5,12,10
Chris Johnson,78,68,2016-04-05,25,UTA,H,SAS,-2,0,2:18,0,2,0,0,2,0,0,0,NA,0,0,0,0,0,0,0,0,0,-1.4,-6,0
Chris Johnson,80,69,2016-04-10,25,UTA,A,DEN,16,0,5:27,0,0,NA,0,0,NA,0,0,NA,0,1,1,0,0,0,1,1,0,-1.1,-1,0.8
Chris Johnson,82,70,2016-04-13,25,UTA,A,LAL,-5,0,20:17,3,5,0.6,1,3,0.333,0,0,NA,0,2,2,1,0,0,2,2,7,3.2,19,10.5
Rudy Gobert,1,1,2015-10-28,23,UTA,A,DET,-5,1,37:25,3,6,0.5,0,0,NA,0,0,NA,0,12,12,1,1,3,3,4,6,5.8,1,29
Rudy Gobert,2,2,2015-10-30,23,UTA,A,PHI,28,1,31:32,3,6,0.5,0,0,NA,2,2,1,6,5,11,2,0,7,1,2,8,15.2,34,38.3
Rudy Gobert,3,3,2015-10-31,23,UTA,A,IND,21,1,31:14,3,5,0.6,0,0,NA,3,4,0.75,5,12,17,2,0,3,2,2,9,14.1,9,38.3
Rudy Gobert,4,4,2015-11-04,23,UTA,H,POR,-16,1,30:07,4,6,0.667,0,0,NA,0,2,0,5,4,9,0,1,4,2,3,8,9.9,-20,28.3
Rudy Gobert,5,5,2015-11-05,23,UTA,A,DEN,12,1,34:48,2,8,0.25,0,0,NA,4,10,0.4,4,12,16,2,0,3,1,2,8,8.9,2,36.5
Rudy Gobert,6,6,2015-11-07,23,UTA,H,MEM,10,1,35:53,3,8,0.375,0,0,NA,1,2,0.5,2,9,11,2,1,4,4,5,7,5.5,7,31.8
Rudy Gobert,7,7,2015-11-10,23,UTA,A,CLE,-4,1,33:28,6,10,0.6,0,0,NA,3,4,0.75,4,3,7,5,1,0,2,2,15,15.4,6,32.3
Rudy Gobert,10,8,2015-11-15,23,UTA,A,ATL,1,1,37:52,3,4,0.75,0,0,NA,5,7,0.714,3,8,11,3,2,3,4,4,11,13.7,2,38.8
Rudy Gobert,11,9,2015-11-18,23,UTA,H,TOR,4,1,38:37,3,4,0.75,0,0,NA,1,2,0.5,1,4,5,1,0,2,3,3,7,4.8,7,17.3
Rudy Gobert,12,10,2015-11-20,23,UTA,A,DAL,-9,1,35:58,2,4,0.5,0,0,NA,4,5,0.8,5,7,12,1,2,1,1,3,8,12.4,0,30
Rudy Gobert,13,11,2015-11-23,23,UTA,H,OKC,-22,1,25:22,4,6,0.667,0,0,NA,2,2,1,4,1,5,0,1,0,5,3,10,5.3,-13,15.8
Rudy Gobert,14,12,2015-11-25,23,UTA,A,LAC,11,1,37:57,4,4,1,0,0,NA,2,4,0.5,5,6,11,1,2,2,4,2,10,12.6,8,32.8
Rudy Gobert,15,13,2015-11-28,23,UTA,H,NOP,14,1,31:46,3,5,0.6,0,0,NA,3,5,0.6,2,12,14,0,1,4,1,4,9,12.1,12,36
Rudy Gobert,16,14,2015-11-30,23,UTA,H,GSW,-3,1,37:20,4,8,0.5,0,0,NA,5,8,0.625,3,8,11,3,1,1,0,2,13,15.3,-5,36.8
Rudy Gobert,35,15,2016-01-07,23,UTA,A,HOU,-9,0,15:04,3,4,0.75,0,0,NA,0,0,NA,1,2,3,0,0,0,0,2,6,4.9,8,9.8
Rudy Gobert,36,16,2016-01-09,23,UTA,H,MIA,15,1,28:29,3,3,1,0,0,NA,3,4,0.75,3,2,5,4,1,4,1,2,9,15.2,10,30.8
Rudy Gobert,37,17,2016-01-10,23,UTA,A,LAL,12,1,29:46,3,3,1,0,0,NA,4,8,0.5,0,5,5,1,1,3,2,6,10,8.4,4,24.8
Rudy Gobert,38,18,2016-01-13,23,UTA,A,POR,-14,1,24:24,0,5,0,0,0,NA,3,6,0.5,2,6,8,1,1,3,4,3,3,0.1,-9,20.5
Rudy Gobert,39,19,2016-01-14,23,UTA,H,SAC,-2,1,29:44,1,3,0.333,0,0,NA,0,0,NA,4,8,12,2,0,2,0,4,2,6.7,1,24
Rudy Gobert,40,20,2016-01-16,23,UTA,H,LAL,27,1,30:25,6,8,0.75,0,0,NA,6,7,0.857,5,13,18,0,0,5,1,2,18,23.5,29,51.5
Rudy Gobert,41,21,2016-01-18,23,UTA,A,CHO,-5,1,43:24,6,7,0.857,0,0,NA,2,5,0.4,3,11,14,5,1,2,1,5,14,18.6,-5,46
Rudy Gobert,42,22,2016-01-20,23,UTA,A,NYK,-7,1,42:22,4,8,0.5,0,0,NA,3,5,0.6,1,7,8,0,1,2,1,5,11,8.4,-15,26.5
Rudy Gobert,43,23,2016-01-22,23,UTA,A,BRK,22,1,28:44,5,10,0.5,0,0,NA,0,0,NA,4,3,7,3,0,3,0,3,10,11.7,17,29.3
Rudy Gobert,44,24,2016-01-25,23,UTA,H,DET,-3,1,35:58,7,10,0.7,0,0,NA,3,4,0.75,6,11,17,1,1,1,1,2,17,20.5,-11,44.8
Rudy Gobert,45,25,2016-01-27,23,UTA,H,CHO,29,1,29:31,2,5,0.4,0,0,NA,2,4,0.5,1,11,12,1,0,3,3,3,6,5.1,13,27
Rudy Gobert,46,26,2016-01-29,23,UTA,H,MIN,13,1,31:16,6,8,0.75,0,0,NA,2,4,0.5,5,7,12,2,2,2,2,3,14,17.2,-1,40.5
Rudy Gobert,47,27,2016-02-01,23,UTA,H,CHI,9,1,43:00,6,10,0.6,0,0,NA,4,8,0.5,3,9,12,2,1,0,1,3,16,14.8,7,37
Rudy Gobert,48,28,2016-02-03,23,UTA,H,DEN,4,1,29:42,5,8,0.625,0,0,NA,2,4,0.5,1,4,5,1,1,1,0,2,12,11.1,-2,23.8
Rudy Gobert,49,29,2016-02-05,23,UTA,H,MIL,3,1,38:02,6,7,0.857,0,0,NA,3,4,0.75,4,4,8,1,5,3,0,1,15,23.5,6,42.5
Rudy Gobert,50,30,2016-02-06,23,UTA,A,PHO,9,1,34:42,2,7,0.286,0,0,NA,9,12,0.75,2,11,13,2,1,4,0,2,13,16.8,9,43.8
Rudy Gobert,51,31,2016-02-09,23,UTA,A,DAL,2,1,37:16,5,6,0.833,0,0,NA,4,6,0.667,3,7,10,3,0,1,2,3,14,14.8,-16,33.5
Rudy Gobert,52,32,2016-02-10,23,UTA,A,NOP,-4,1,32:43,3,4,0.75,0,0,NA,6,8,0.75,2,12,14,1,0,2,3,4,12,12.1,1,35
Rudy Gobert,53,33,2016-02-18,23,UTA,A,WAS,-14,1,29:49,5,9,0.556,0,0,NA,6,9,0.667,6,6,12,2,1,2,2,3,16,17.1,-12,40.5
Rudy Gobert,54,34,2016-02-19,23,UTA,H,BOS,18,1,33:03,4,5,0.8,0,0,NA,3,8,0.375,3,12,15,2,0,4,5,2,11,11.2,9,39.8
Rudy Gobert,55,35,2016-02-21,23,UTA,A,POR,-4,1,35:49,3,8,0.375,0,0,NA,1,4,0.25,4,4,8,2,0,5,3,2,7,6.5,-15,28.5
Rudy Gobert,56,36,2016-02-23,23,UTA,H,HOU,3,1,26:14,0,3,0,0,0,NA,2,4,0.5,0,3,3,1,1,0,2,3,2,-1.5,5,8.3
Rudy Gobert,57,37,2016-02-25,23,UTA,H,SAS,-18,1,36:57,4,8,0.5,0,0,NA,0,0,NA,2,4,6,0,0,1,2,2,8,4.5,-14,16.5
Rudy Gobert,58,38,2016-02-27,23,UTA,H,BRK,-2,1,35:24,4,8,0.5,0,0,NA,4,10,0.4,7,12,19,0,1,6,4,2,12,14.5,5,49.3
Rudy Gobert,59,39,2016-02-29,23,UTA,A,BOS,-5,1,33:35,3,8,0.375,0,0,NA,6,8,0.75,5,7,12,1,1,0,1,4,12,11.5,-4,31.5
Rudy Gobert,60,40,2016-03-02,23,UTA,A,TOR,-10,1,23:16,4,6,0.667,0,0,NA,2,7,0.286,5,3,8,2,2,0,1,4,10,10.6,-13,26.5
Rudy Gobert,61,41,2016-03-04,23,UTA,A,MEM,-6,1,37:41,3,5,0.6,0,0,NA,7,10,0.7,6,12,18,0,0,5,1,1,13,19.4,13,46.5
Rudy Gobert,62,42,2016-03-05,23,UTA,A,NOP,12,1,35:35,2,6,0.333,0,0,NA,1,2,0.5,6,12,18,2,0,2,3,2,5,8,-2,33
Rudy Gobert,63,43,2016-03-08,23,UTA,H,ATL,-7,1,33:10,3,4,0.75,0,0,NA,0,2,0,4,11,15,2,2,0,6,2,6,6.3,-19,28.8
Rudy Gobert,64,44,2016-03-09,23,UTA,A,GSW,-21,1,30:03,2,4,0.5,0,0,NA,5,9,0.556,8,7,15,1,1,1,0,2,9,14.7,-6,33.3
Rudy Gobert,65,45,2016-03-11,23,UTA,H,WAS,21,1,27:31,1,1,1,0,0,NA,4,8,0.5,0,11,11,3,0,2,1,2,6,9.1,2,27.8
Rudy Gobert,66,46,2016-03-13,23,UTA,A,SAC,9,1,22:16,0,3,0,0,0,NA,0,2,0,0,8,8,2,0,0,2,6,0,-3.5,23,12
Rudy Gobert,67,47,2016-03-14,23,UTA,H,CLE,9,1,32:10,2,4,0.5,0,0,NA,1,1,1,2,9,11,2,0,0,1,2,5,6.7,18,21.3
Rudy Gobert,68,48,2016-03-17,23,UTA,H,PHO,34,1,30:12,4,6,0.667,0,0,NA,1,2,0.5,5,11,16,0,0,3,2,1,9,12.5,26,34
Rudy Gobert,69,49,2016-03-19,23,UTA,A,CHI,-7,1,27:09,1,4,0.25,0,0,NA,0,0,NA,2,5,7,1,1,1,1,0,2,3.9,-14,15.8
Rudy Gobert,70,50,2016-03-20,23,UTA,A,MIL,9,1,33:54,4,7,0.571,0,0,NA,4,4,1,6,8,14,2,2,2,3,2,12,16.3,17,40.5
Rudy Gobert,71,51,2016-03-23,23,UTA,A,HOU,2,1,23:22,1,7,0.143,0,0,NA,0,0,NA,4,3,7,1,0,0,4,2,2,-2.9,-14,10.3
Rudy Gobert,72,52,2016-03-24,23,UTA,A,OKC,-22,1,16:16,1,2,0.5,0,0,NA,2,4,0.5,1,5,6,0,0,1,1,3,4,2.9,-10,13
Rudy Gobert,73,53,2016-03-26,23,UTA,A,MIN,9,1,31:28,2,3,0.667,0,0,NA,1,2,0.5,2,9,11,0,0,5,3,2,5,7.1,-7,27.3
Rudy Gobert,74,54,2016-03-28,23,UTA,H,LAL,48,1,27:57,3,8,0.375,0,0,NA,2,4,0.5,4,15,19,4,0,2,0,3,8,13.1,36,41.8
Rudy Gobert,75,55,2016-03-30,23,UTA,H,GSW,-7,1,37:47,5,10,0.5,0,0,NA,1,4,0.25,4,14,18,2,0,2,1,4,11,12,0,41.5
Rudy Gobert,76,56,2016-04-01,23,UTA,H,MIN,13,1,35:54,4,4,1,0,0,NA,2,6,0.333,7,7,14,0,1,3,3,0,10,14.3,7,35.5
Rudy Gobert,77,57,2016-04-03,23,UTA,A,PHO,15,1,24:29,5,8,0.625,0,0,NA,2,2,1,1,4,5,0,2,2,1,4,12,11.1,11,25.8
Rudy Gobert,78,58,2016-04-05,23,UTA,H,SAS,-2,1,33:22,0,2,0,0,0,NA,4,6,0.667,3,7,10,2,1,2,4,3,4,4.6,-4,23.5
Rudy Gobert,79,59,2016-04-08,23,UTA,H,LAC,-3,1,24:28,3,3,1,0,0,NA,1,4,0.25,4,3,7,1,0,0,1,0,7,8.3,-4,16.8
Rudy Gobert,80,60,2016-04-10,23,UTA,A,DEN,16,1,37:32,5,7,0.714,0,0,NA,6,11,0.545,5,9,14,1,0,6,1,4,16,19.6,23,48
Rudy Gobert,81,61,2016-04-11,23,UTA,H,DAL,-9,1,11:48,0,1,0,0,0,NA,2,4,0.5,3,3,6,2,0,0,0,0,2,4.9,-3,12.5
Erick Green,5,4,2016-01-27,24,UTA,H,CHO,29,0,3:47,2,2,1,0,0,NA,0,0,NA,0,0,0,1,0,0,0,1,4,3.7,0,NA
Erick Green,8,5,2016-02-03,24,UTA,H,DEN,4,0,2:31,0,1,0,0,1,0,0,0,NA,1,0,1,0,0,0,0,0,0,0,3,1.3
Erick Green,9,6,2016-02-05,24,UTA,H,MIL,3,0,2:33,0,0,NA,0,0,NA,0,0,NA,0,0,0,0,0,0,0,0,0,0,3,0
Erick Green,10,7,2016-02-06,24,UTA,A,PHO,9,0,9:25,0,2,0,0,0,NA,0,0,NA,1,1,2,1,0,0,0,1,0,-0.1,-6,4
Erick Green,11,8,2016-02-09,24,UTA,A,DAL,2,0,12:11,2,5,0.4,0,2,0,0,0,NA,0,1,1,0,0,0,0,2,4,0.8,0,5.3
Erick Green,12,9,2016-02-10,24,UTA,A,NOP,-4,0,4:13,1,2,0.5,1,1,1,2,2,1,1,0,1,0,1,0,0,0,5,5.7,-2,8.8
Raul Neto,1,1,2015-10-28,23,UTA,A,DET,-5,1,26:27,3,6,0.5,2,2,1,0,0,NA,0,1,1,3,0,0,1,1,8,6,12,14.3
Raul Neto,2,2,2015-10-30,23,UTA,A,PHI,28,1,20:32,2,5,0.4,2,2,1,1,2,0.5,0,0,0,3,3,0,0,2,7,8.2,14,18.5
Raul Neto,3,3,2015-10-31,23,UTA,A,IND,21,1,19:46,0,5,0,0,1,0,0,0,NA,2,0,2,2,0,0,3,1,0,-4.1,17,4
Raul Neto,4,4,2015-11-04,23,UTA,H,POR,-16,1,15:26,2,5,0.4,2,5,0.4,0,0,NA,1,2,3,0,1,0,1,0,6,4.6,-10,12.3
Raul Neto,5,5,2015-11-05,23,UTA,A,DEN,12,1,12:36,1,4,0.25,0,2,0,0,0,NA,0,1,1,0,1,1,0,2,2,0.8,-5,7.3
Raul Neto,6,6,2015-11-07,23,UTA,H,MEM,10,1,12:25,2,7,0.286,0,4,0,0,0,NA,0,2,2,2,0,0,1,0,4,0.9,3,9
Raul Neto,7,7,2015-11-10,23,UTA,A,CLE,-4,1,12:33,0,2,0,0,1,0,0,0,NA,0,0,0,5,2,0,0,3,0,2.9,4,11.5
Raul Neto,8,8,2015-11-12,23,UTA,A,MIA,-1,1,15:46,0,3,0,0,1,0,0,0,NA,0,0,0,1,1,0,1,4,0,-3,-6,3
Raul Neto,9,9,2015-11-13,23,UTA,A,ORL,-9,1,23:50,2,5,0.4,1,2,0.5,0,0,NA,0,1,1,7,2,0,2,1,5,7.1,-5,20.3
Raul Neto,10,10,2015-11-15,23,UTA,A,ATL,1,1,11:36,1,2,0.5,0,1,0,0,0,NA,0,1,1,1,0,0,1,0,2,1,-1,4.3
Raul Neto,11,11,2015-11-18,23,UTA,H,TOR,4,1,17:41,3,5,0.6,0,1,0,0,0,NA,0,0,0,2,2,0,2,1,6,4.7,9,12
Raul Neto,12,12,2015-11-20,23,UTA,A,DAL,-9,1,15:08,3,7,0.429,2,4,0.5,0,0,NA,0,2,2,1,0,0,2,3,8,2.4,-10,12
Raul Neto,13,13,2015-11-23,23,UTA,H,OKC,-22,1,22:57,2,6,0.333,0,1,0,2,3,0.667,1,2,3,2,1,0,0,4,6,4.3,3,14.8
Raul Neto,14,14,2015-11-25,23,UTA,A,LAC,11,1,25:54,4,6,0.667,1,2,0.5,1,2,0.5,0,1,1,6,3,0,1,3,10,12.3,9,26.3
Raul Neto,15,15,2015-11-28,23,UTA,H,NOP,14,1,17:33,2,6,0.333,0,1,0,0,0,NA,0,2,2,3,2,0,1,3,4,3.1,2,14.5
Raul Neto,16,16,2015-11-30,23,UTA,H,GSW,-3,1,14:40,0,6,0,0,1,0,0,0,NA,0,1,1,2,0,0,1,1,0,-3.9,-1,3.8
Raul Neto,17,17,2015-12-03,23,UTA,H,ORL,-9,1,11:34,1,3,0.333,1,1,1,1,1,1,0,3,3,1,0,0,2,2,4,1.1,-8,8.8
Raul Neto,18,18,2015-12-05,23,UTA,H,IND,3,1,18:24,5,8,0.625,2,3,0.667,1,1,1,0,2,2,1,1,0,2,2,13,8.9,-1,19
Raul Neto,19,19,2015-12-08,23,UTA,A,SAC,-8,1,10:58,2,5,0.4,1,3,0.333,0,0,NA,0,0,0,1,0,0,2,1,5,0.6,-11,6
Raul Neto,20,20,2015-12-09,23,UTA,H,NYK,21,1,22:59,1,4,0.25,1,3,0.333,0,0,NA,0,2,2,6,2,0,2,0,3,5.4,15,18
Raul Neto,21,21,2015-12-11,23,UTA,H,OKC,-4,1,10:05,1,3,0.333,0,2,0,0,0,NA,0,2,2,0,0,0,1,0,2,-0.1,-10,4
Raul Neto,23,22,2015-12-14,23,UTA,A,SAS,-37,1,21:26,5,7,0.714,2,2,1,0,0,NA,0,3,3,1,1,0,2,1,12,9.3,-14,19.3
Raul Neto,24,23,2015-12-16,23,UTA,H,NOP,-10,0,10:06,3,3,1,2,2,1,0,0,NA,0,0,0,2,0,0,0,0,8,8.5,2,12
Raul Neto,25,24,2015-12-18,23,UTA,H,DEN,9,1,14:36,3,5,0.6,1,2,0.5,1,1,1,0,1,1,0,0,0,1,2,8,4.2,-10,9.3
Raul Neto,26,25,2015-12-21,23,UTA,H,PHO,21,1,19:55,4,8,0.5,1,3,0.333,0,0,NA,1,3,4,3,1,0,2,1,9,7.3,22,20
Raul Neto,27,26,2015-12-23,23,UTA,A,GSW,-18,1,15:29,1,2,0.5,0,0,NA,0,0,NA,0,2,2,0,2,0,2,1,2,1.2,-4,7.5
Raul Neto,28,27,2015-12-26,23,UTA,H,LAC,-5,1,29:47,4,9,0.444,1,3,0.333,0,0,NA,0,1,1,4,3,0,3,4,9,5.8,7,21.3
Raul Neto,29,28,2015-12-28,23,UTA,H,PHI,4,1,24:45,2,3,0.667,1,1,1,2,2,1,0,1,1,1,1,1,2,3,7,5.2,4,13.3
Raul Neto,30,29,2015-12-30,23,UTA,A,MIN,-14,1,10:50,1,6,0.167,0,4,0,0,0,NA,1,0,1,2,0,0,3,2,2,-3.5,-12,4.8
Raul Neto,31,30,2015-12-31,23,UTA,H,POR,13,1,18:38,3,5,0.6,1,2,0.5,0,0,NA,2,2,4,1,0,0,0,1,7,7,1,14
Raul Neto,32,31,2016-01-02,23,UTA,H,MEM,5,1,19:30,1,7,0.143,0,3,0,0,0,NA,0,1,1,2,0,0,1,1,2,-2.2,-6,5.8
Raul Neto,33,32,2016-01-04,23,UTA,H,HOU,-2,1,18:53,1,4,0.25,0,1,0,2,2,1,0,1,1,2,0,0,0,0,4,3.3,-6,8.3
Raul Neto,34,33,2016-01-06,23,UTA,A,SAS,-25,1,23:42,2,8,0.25,1,2,0.5,2,2,1,1,1,2,2,0,0,2,2,7,1.8,-22,12
Raul Neto,35,34,2016-01-07,23,UTA,A,HOU,-9,1,23:59,2,3,0.667,1,2,0.5,0,0,NA,0,2,2,7,2,0,3,1,5,7.8,-1,21
Raul Neto,36,35,2016-01-09,23,UTA,H,MIA,15,1,33:09,5,10,0.5,1,3,0.333,2,2,1,0,2,2,5,3,0,2,2,13,12.3,14,28.5
Raul Neto,37,36,2016-01-10,23,UTA,A,LAL,12,1,26:28,3,5,0.6,1,1,1,0,0,NA,0,1,1,2,1,0,3,0,7,4.4,0,12.3
Raul Neto,38,37,2016-01-13,23,UTA,A,POR,-14,1,25:52,1,6,0.167,1,3,0.333,1,2,0.5,1,0,1,2,0,0,1,0,4,0.9,-9,8.3
Raul Neto,39,38,2016-01-14,23,UTA,H,SAC,-2,1,20:18,5,9,0.556,2,4,0.5,1,4,0.25,0,2,2,4,1,0,3,4,13,7.3,-10,23
Raul Neto,40,39,2016-01-16,23,UTA,H,LAL,27,1,25:14,3,6,0.5,1,1,1,1,1,1,0,0,0,2,2,0,1,3,8,6.2,14,15
Raul Neto,41,40,2016-01-18,23,UTA,A,CHO,-5,1,22:16,2,8,0.25,2,6,0.333,2,2,1,0,0,0,3,0,0,0,1,8,4.9,4,13.5
Raul Neto,42,41,2016-01-20,23,UTA,A,NYK,-7,1,22:11,2,5,0.4,1,1,1,0,0,NA,2,0,2,3,0,0,0,1,5,5.4,-3,12.5
Raul Neto,43,42,2016-01-22,23,UTA,A,BRK,22,1,24:31,5,6,0.833,0,1,0,0,0,NA,0,2,2,2,0,0,1,3,10,7.6,15,15
Raul Neto,44,43,2016-01-25,23,UTA,H,DET,-3,1,6:12,0,1,0,0,1,0,0,0,NA,0,0,0,0,0,0,1,0,0,-1.7,-6,-0.5
Raul Neto,45,44,2016-01-27,23,UTA,H,CHO,29,1,20:25,0,7,0,0,4,0,0,0,NA,0,1,1,2,0,0,1,3,0,-5.4,-6,3.8
Raul Neto,46,45,2016-01-29,23,UTA,H,MIN,13,1,25:23,3,5,0.6,1,1,1,2,2,1,0,1,1,6,0,0,1,0,9,10.2,-1,19.3
Raul Neto,47,46,2016-02-01,23,UTA,H,CHI,9,1,31:51,6,8,0.75,2,2,1,0,2,0,0,3,3,2,1,0,2,2,14,10.5,18,22.8
Raul Neto,48,47,2016-02-03,23,UTA,H,DEN,4,1,26:55,3,9,0.333,2,4,0.5,2,2,1,0,4,4,4,0,0,2,3,10,5.7,3,21
Raul Neto,49,48,2016-02-05,23,UTA,H,MIL,3,1,33:04,3,8,0.375,1,3,0.333,1,2,0.5,0,3,3,4,1,0,2,2,8,5.1,9,19.3
Raul Neto,50,49,2016-02-06,23,UTA,A,PHO,9,1,37:14,6,12,0.5,1,2,0.5,0,0,NA,1,1,2,4,1,0,2,3,13,8.6,12,23
Raul Neto,51,50,2016-02-09,23,UTA,A,DAL,2,1,18:47,3,4,0.75,1,2,0.5,1,2,0.5,0,0,0,2,1,0,1,6,8,5,7,13
Raul Neto,52,51,2016-02-10,23,UTA,A,NOP,-4,1,33:13,4,9,0.444,1,2,0.5,0,0,NA,0,2,2,3,2,0,1,3,9,6.8,4,20
Raul Neto,53,52,2016-02-18,23,UTA,A,WAS,-14,1,20:59,1,5,0.2,0,0,NA,0,0,NA,0,0,0,4,0,0,4,3,2,-3.5,-17,6
Raul Neto,54,53,2016-02-19,23,UTA,H,BOS,18,1,28:53,5,5,1,2,2,1,3,4,0.75,0,3,3,4,2,0,1,4,15,16.2,20,29.3
Raul Neto,55,54,2016-02-21,23,UTA,A,POR,-4,1,10:05,2,3,0.667,0,0,NA,0,0,NA,1,0,1,0,0,0,2,0,4,1.4,-13,4.3
Raul Neto,56,55,2016-02-23,23,UTA,H,HOU,3,0,8:06,0,2,0,0,1,0,0,0,NA,0,1,1,1,0,0,1,0,0,-1.4,3,2.3
Raul Neto,57,56,2016-02-25,23,UTA,H,SAS,-18,0,12:26,1,3,0.333,0,1,0,2,2,1,0,1,1,0,1,0,0,1,4,3.2,-6,7.3
Raul Neto,58,57,2016-02-27,23,UTA,H,BRK,-2,0,12:29,0,4,0,0,2,0,4,4,1,0,2,2,1,3,0,1,1,4,4.1,-2,13.5
Raul Neto,59,58,2016-02-29,23,UTA,A,BOS,-5,0,17:48,3,6,0.5,1,2,0.5,0,0,NA,0,0,0,4,0,0,0,0,7,6.8,3,13.5
Raul Neto,60,59,2016-03-02,23,UTA,A,TOR,-10,0,23:09,4,6,0.667,2,4,0.5,0,0,NA,0,2,2,2,2,0,1,1,10,10,5,20
Raul Neto,61,60,2016-03-04,23,UTA,A,MEM,-6,0,12:41,0,3,0,0,1,0,1,2,0.5,0,1,1,1,0,0,1,1,1,-1.9,-10,3.3
Raul Neto,62,61,2016-03-05,23,UTA,A,NOP,12,0,16:23,1,3,0.333,0,1,0,4,4,1,0,1,1,1,0,0,0,2,6,4.5,10,8.8
Raul Neto,63,62,2016-03-08,23,UTA,H,ATL,-7,0,13:46,2,6,0.333,0,3,0,0,0,NA,0,1,1,1,1,0,2,0,4,0.6,-5,7.8
Raul Neto,64,63,2016-03-09,23,UTA,A,GSW,-21,0,21:01,3,9,0.333,1,2,0.5,1,2,0.5,0,1,1,1,0,0,2,2,8,0.7,-14,10.3
Raul Neto,65,64,2016-03-11,23,UTA,H,WAS,21,0,13:59,4,4,1,2,2,1,2,2,1,0,2,2,2,0,0,5,2,12,7,9,16
Raul Neto,66,65,2016-03-13,23,UTA,A,SAC,9,0,7:39,1,2,0.5,0,1,0,1,1,1,0,0,0,2,0,0,0,0,3,3.4,8,6
Raul Neto,67,66,2016-03-14,23,UTA,H,CLE,9,0,16:52,3,4,0.75,1,1,1,0,0,NA,0,2,2,3,0,0,0,1,7,7.7,-1,14.5
Raul Neto,68,67,2016-03-17,23,UTA,H,PHO,34,0,25:44,5,7,0.714,2,3,0.667,1,2,0.5,0,0,0,1,1,0,3,4,13,6.8,18,16
Raul Neto,69,68,2016-03-19,23,UTA,A,CHI,-7,0,12:45,4,5,0.8,1,1,1,0,0,NA,0,1,1,1,1,0,0,1,9,8.7,-1,14.3
Raul Neto,70,69,2016-03-20,23,UTA,A,MIL,9,0,10:07,1,5,0.2,1,5,0.2,0,0,NA,0,0,0,0,0,0,1,0,3,-1.1,2,3
Raul Neto,71,70,2016-03-23,23,UTA,A,HOU,2,0,15:22,3,6,0.5,3,4,0.75,0,0,NA,1,2,3,0,0,0,1,1,9,5.9,4,13.8
Raul Neto,72,71,2016-03-24,23,UTA,A,OKC,-22,0,20:45,2,2,1,1,1,1,0,2,0,0,2,2,2,0,0,2,1,5,3.2,-2,10
Raul Neto,73,72,2016-03-26,23,UTA,A,MIN,9,0,13:33,2,6,0.333,1,2,0.5,0,0,NA,1,5,6,1,1,0,1,1,5,4.1,8,16
Raul Neto,74,73,2016-03-28,23,UTA,H,LAL,48,0,18:48,1,4,0.25,0,1,0,0,0,NA,0,1,1,2,1,0,0,1,2,1.9,0,8.3
Raul Neto,75,74,2016-03-30,23,UTA,H,GSW,-7,0,12:14,1,2,0.5,1,1,1,2,2,1,0,1,1,0,0,0,1,1,5,2.9,1,6.3
Raul Neto,76,75,2016-04-01,23,UTA,H,MIN,13,0,14:48,1,5,0.2,1,3,0.333,0,0,NA,1,2,3,0,0,0,4,1,3,-3.2,-2,5.3
Raul Neto,77,76,2016-04-03,23,UTA,A,PHO,15,0,12:46,0,2,0,0,2,0,1,2,0.5,0,2,2,3,2,0,1,2,1,2.1,5,11.5
Raul Neto,78,77,2016-04-05,23,UTA,H,SAS,-2,0,13:15,0,2,0,0,0,NA,0,0,NA,0,1,1,0,0,0,2,0,0,-3.1,-8,0.3
Raul Neto,79,78,2016-04-08,23,UTA,H,LAC,-3,0,13:24,2,4,0.5,0,1,0,2,2,1,0,1,1,4,2,0,2,1,6,6.7,20,16.3
Raul Neto,80,79,2016-04-10,23,UTA,A,DEN,16,0,8:50,1,3,0.333,0,2,0,2,2,1,0,0,0,0,1,0,0,1,4,2.9,-11,6
Raul Neto,81,80,2016-04-11,23,UTA,H,DAL,-9,0,7:32,0,2,0,0,0,NA,0,0,NA,0,2,2,3,0,0,0,0,0,1.3,1,7
Raul Neto,82,81,2016-04-13,23,UTA,A,LAL,-5,0,18:59,4,7,0.571,0,2,0,0,0,NA,0,1,1,4,0,0,0,0,8,7.8,5,15.3
Gordon Hayward,1,1,2015-10-28,25,UTA,A,DET,-5,1,35:27,5,11,0.455,0,2,0,3,6,0.5,1,3,4,1,1,1,4,3,13,4.9,1,21.5
Gordon Hayward,2,2,2015-10-30,25,UTA,A,PHI,28,1,31:10,3,12,0.25,1,3,0.333,5,6,0.833,2,5,7,4,1,0,1,2,12,9.3,16,28.8
Gordon Hayward,3,3,2015-10-31,25,UTA,A,IND,21,1,28:15,4,11,0.364,2,3,0.667,1,1,1,0,0,0,3,1,0,3,4,11,3.4,12,17
Gordon Hayward,4,4,2015-11-04,25,UTA,H,POR,-16,1,37:50,7,20,0.35,1,5,0.2,4,6,0.667,0,2,2,0,0,0,2,2,19,4.8,-19,21
Gordon Hayward,5,5,2015-11-05,25,UTA,A,DEN,12,1,33:56,7,13,0.538,2,5,0.4,4,4,1,0,3,3,3,1,0,0,2,20,16.9,8,31.3
Gordon Hayward,6,6,2015-11-07,25,UTA,H,MEM,10,1,35:03,6,10,0.6,2,4,0.5,4,6,0.667,0,6,6,4,0,1,2,2,18,15.1,9,33.5
Gordon Hayward,7,7,2015-11-10,25,UTA,A,CLE,-4,1,34:35,6,16,0.375,1,3,0.333,4,4,1,1,2,3,4,2,0,3,5,17,9.3,-7,29.8
Gordon Hayward,8,8,2015-11-12,25,UTA,A,MIA,-1,1,37:53,7,21,0.333,0,4,0,10,12,0.833,2,9,11,3,0,0,2,2,24,14.7,8,42.8
Gordon Hayward,9,9,2015-11-13,25,UTA,A,ORL,-9,1,29:40,6,14,0.429,1,4,0.25,3,4,0.75,1,3,4,5,1,0,3,2,16,10.5,-17,29.5
Gordon Hayward,10,10,2015-11-15,25,UTA,A,ATL,1,1,38:02,3,9,0.333,0,4,0,1,2,0.5,2,4,6,2,0,0,3,1,7,2.1,3,16
Gordon Hayward,11,11,2015-11-18,25,UTA,H,TOR,4,1,35:19,6,15,0.4,2,5,0.4,3,3,1,1,6,7,1,0,1,1,4,17,10.2,9,29.8
Gordon Hayward,12,12,2015-11-20,25,UTA,A,DAL,-9,1,38:24,8,14,0.571,2,4,0.5,4,6,0.667,3,4,7,4,1,0,3,2,22,17.9,-8,38.3
Gordon Hayward,13,13,2015-11-23,25,UTA,H,OKC,-22,1,30:10,5,11,0.455,1,3,0.333,8,9,0.889,0,3,3,4,2,0,2,2,19,15.8,-13,32.3
Gordon Hayward,14,14,2015-11-25,25,UTA,A,LAC,11,1,40:03,11,22,0.5,5,7,0.714,6,8,0.75,1,6,7,2,3,0,4,2,33,23.3,22,51.3
Gordon Hayward,15,15,2015-11-28,25,UTA,H,NOP,14,1,35:37,6,15,0.4,1,3,0.333,4,5,0.8,0,1,1,2,2,0,3,0,17,9.2,15,24.3
Gordon Hayward,16,16,2015-11-30,25,UTA,H,GSW,-3,1,37:50,9,19,0.474,2,5,0.4,4,4,1,0,6,6,4,0,0,1,1,24,17.5,3,38
Gordon Hayward,17,17,2015-12-03,25,UTA,H,ORL,-9,1,38:33,7,13,0.538,4,8,0.5,6,7,0.857,0,5,5,4,2,0,6,4,24,16,-10,39.3
Gordon Hayward,18,18,2015-12-05,25,UTA,H,IND,3,1,43:28,5,14,0.357,3,8,0.375,9,10,0.9,3,2,5,5,2,0,4,3,22,16.8,-4,39.3
Gordon Hayward,19,19,2015-12-08,25,UTA,A,SAC,-8,1,36:32,6,12,0.5,3,6,0.5,3,4,0.75,0,8,8,6,3,0,3,2,18,17.4,-7,43
Gordon Hayward,20,20,2015-12-09,25,UTA,H,NYK,21,1,27:15,9,14,0.643,4,4,1,2,2,1,0,4,4,5,1,0,2,3,24,20.3,12,39.5
Gordon Hayward,21,21,2015-12-11,25,UTA,H,OKC,-4,1,36:12,5,11,0.455,4,6,0.667,5,6,0.833,0,8,8,3,2,0,2,3,19,16.2,3,38.5
Gordon Hayward,22,22,2015-12-13,25,UTA,A,OKC,-6,1,41:12,8,18,0.444,1,3,0.333,5,7,0.714,0,4,4,1,1,1,4,3,22,10.2,-9,31
Gordon Hayward,23,23,2015-12-14,25,UTA,A,SAS,-37,1,22:05,1,5,0.2,0,0,NA,2,2,1,0,0,0,2,1,0,0,4,4,1.7,-42,9
Gordon Hayward,24,24,2015-12-16,25,UTA,H,NOP,-10,1,39:33,4,11,0.364,3,7,0.429,9,12,0.75,0,6,6,2,0,0,3,1,20,12.5,-3,30.5
Gordon Hayward,25,25,2015-12-18,25,UTA,H,DEN,9,1,35:44,8,17,0.471,4,7,0.571,6,7,0.857,1,4,5,4,0,0,2,1,26,19.2,20,39.3
Gordon Hayward,26,26,2015-12-21,25,UTA,H,PHO,21,1,36:00,8,16,0.5,2,9,0.222,6,6,1,0,3,3,4,2,1,1,1,24,21,24,40.3
Gordon Hayward,27,27,2015-12-23,25,UTA,A,GSW,-18,1,32:19,2,15,0.133,0,5,0,4,4,1,3,5,8,1,0,0,1,1,8,1.2,-20,19
Gordon Hayward,28,28,2015-12-26,25,UTA,H,LAC,-5,1,36:47,7,13,0.538,1,2,0.5,13,15,0.867,1,5,6,5,2,0,4,3,28,23.4,-6,45.5
Gordon Hayward,29,29,2015-12-28,25,UTA,H,PHI,4,1,37:25,6,21,0.286,2,6,0.333,10,11,0.909,1,5,6,4,2,1,1,1,24,17.6,9,44
Gordon Hayward,30,30,2015-12-30,25,UTA,A,MIN,-14,1,35:33,4,9,0.444,2,4,0.5,4,5,0.8,1,4,5,2,2,1,2,3,14,11.7,-12,29.3
Gordon Hayward,31,31,2015-12-31,25,UTA,H,POR,13,1,33:24,8,19,0.421,4,12,0.333,3,3,1,0,10,10,1,1,0,0,2,23,16.8,4,42.5
Gordon Hayward,32,32,2016-01-02,25,UTA,H,MEM,5,1,42:28,5,10,0.5,1,4,0.25,3,4,0.75,0,5,5,4,1,0,2,2,14,11.1,-2,27.8
Gordon Hayward,33,33,2016-01-04,25,UTA,H,HOU,-2,1,36:04,7,18,0.389,3,6,0.5,3,3,1,2,5,7,3,3,1,5,2,20,13.1,-1,40.3
Gordon Hayward,34,34,2016-01-06,25,UTA,A,SAS,-25,1,28:45,6,16,0.375,2,4,0.5,4,4,1,1,3,4,4,1,0,3,2,18,10.8,-27,30.5
Gordon Hayward,35,35,2016-01-07,25,UTA,A,HOU,-9,1,37:52,6,13,0.462,1,7,0.143,2,4,0.5,0,1,1,5,1,0,5,0,15,7.3,-6,23.8
Gordon Hayward,36,36,2016-01-09,25,UTA,H,MIA,15,1,37:13,14,22,0.636,2,6,0.333,4,10,0.4,1,3,4,1,0,0,8,2,34,15.3,7,37.5
Gordon Hayward,37,37,2016-01-10,25,UTA,A,LAL,12,1,32:59,10,21,0.476,1,3,0.333,4,6,0.667,1,1,2,2,0,3,3,1,25,14.6,-4,35.5
Gordon Hayward,38,38,2016-01-13,25,UTA,A,POR,-14,1,33:11,6,12,0.5,1,4,0.25,6,7,0.857,1,5,6,9,2,0,1,1,19,21.7,-11,44
Gordon Hayward,39,39,2016-01-14,25,UTA,H,SAC,-2,1,37:25,4,17,0.235,0,8,0,13,16,0.813,1,7,8,3,1,1,2,2,21,13.3,-3,38.5
Gordon Hayward,40,40,2016-01-16,25,UTA,H,LAL,27,1,29:16,6,15,0.4,1,4,0.25,1,2,0.5,1,4,5,5,2,0,1,1,14,11.5,32,31.8
Gordon Hayward,41,41,2016-01-18,25,UTA,A,CHO,-5,1,48:26,12,24,0.5,6,12,0.5,6,6,1,1,4,5,9,2,1,4,3,36,29.7,-5,62.8
Gordon Hayward,42,42,2016-01-20,25,UTA,A,NYK,-7,1,43:20,8,19,0.421,1,4,0.25,10,10,1,2,1,3,5,2,0,3,3,27,19.9,-8,41.3
Gordon Hayward,43,43,2016-01-22,25,UTA,A,BRK,22,1,31:25,8,12,0.667,3,4,0.75,2,2,1,0,4,4,9,1,0,3,3,21,20.1,22,41.5
Gordon Hayward,44,44,2016-01-25,25,UTA,H,DET,-3,1,36:43,7,23,0.304,1,7,0.143,7,7,1,0,5,5,5,0,1,3,3,22,10.2,0,36.8
Gordon Hayward,45,45,2016-01-27,25,UTA,H,CHO,29,1,31:51,9,14,0.643,3,4,0.75,1,1,1,1,6,7,5,2,0,2,2,22,21,20,42.8
Gordon Hayward,46,46,2016-01-29,25,UTA,H,MIN,13,1,35:28,4,9,0.444,1,4,0.25,3,3,1,1,4,5,2,0,0,2,3,12,7.4,-1,20.8
Gordon Hayward,47,47,2016-02-01,25,UTA,H,CHI,9,1,43:33,9,20,0.45,1,6,0.167,8,10,0.8,3,9,12,7,1,0,3,3,27,22.3,3,55
Gordon Hayward,48,48,2016-02-03,25,UTA,H,DEN,4,1,38:14,5,12,0.417,0,4,0,6,6,1,0,2,2,5,0,0,1,5,16,10.7,6,25.5
Gordon Hayward,49,49,2016-02-05,25,UTA,H,MIL,3,1,38:16,6,14,0.429,3,8,0.375,3,3,1,0,5,5,2,0,0,6,3,18,6.3,6,25.8
Gordon Hayward,50,50,2016-02-06,25,UTA,A,PHO,9,1,38:26,7,16,0.438,1,2,0.5,7,8,0.875,1,5,6,3,1,2,2,4,22,16.3,17,39.5
Gordon Hayward,51,51,2016-02-09,25,UTA,A,DAL,2,1,45:10,8,20,0.4,0,6,0,4,5,0.8,0,5,5,4,1,0,1,4,20,11.5,5,33.8
Gordon Hayward,52,52,2016-02-10,25,UTA,A,NOP,-4,1,39:38,7,18,0.389,2,9,0.222,5,7,0.714,0,4,4,4,2,0,3,1,21,13,2,35.5
Gordon Hayward,53,53,2016-02-18,25,UTA,A,WAS,-14,1,33:08,7,15,0.467,1,3,0.333,4,4,1,0,5,5,1,2,1,2,2,19,13.4,-14,32.3
Gordon Hayward,54,54,2016-02-19,25,UTA,H,BOS,18,1,36:29,6,16,0.375,1,6,0.167,9,15,0.6,0,3,3,4,1,0,2,1,22,13.1,21,33.3
Gordon Hayward,55,55,2016-02-21,25,UTA,A,POR,-4,1,37:44,5,13,0.385,2,3,0.667,9,10,0.9,0,5,5,3,4,0,2,4,21,17.5,-7,39.8
Gordon Hayward,56,56,2016-02-23,25,UTA,H,HOU,3,1,40:13,6,7,0.857,3,4,0.75,13,15,0.867,3,4,7,5,1,0,2,3,28,29.3,-3,46.8
Gordon Hayward,57,57,2016-02-25,25,UTA,H,SAS,-18,1,35:56,4,13,0.308,0,3,0,3,3,1,0,2,2,2,1,0,3,1,11,3.1,-19,17
Gordon Hayward,58,58,2016-02-27,25,UTA,H,BRK,-2,1,34:46,11,21,0.524,3,5,0.6,2,2,1,1,2,3,6,3,0,4,5,27,19.2,8,45.3
Gordon Hayward,59,59,2016-02-29,25,UTA,A,BOS,-5,1,38:16,6,20,0.3,2,5,0.4,2,4,0.5,2,2,4,6,0,0,2,3,16,6.6,-5,30
Gordon Hayward,60,60,2016-03-02,25,UTA,A,TOR,-10,1,37:26,9,22,0.409,3,9,0.333,5,6,0.833,0,3,3,6,0,1,1,2,26,17.8,-13,41.8
Gordon Hayward,61,61,2016-03-04,25,UTA,A,MEM,-6,1,37:55,7,12,0.583,1,2,0.5,3,3,1,1,5,6,2,2,0,4,1,18,13.6,6,31
Gordon Hayward,62,62,2016-03-05,25,UTA,A,NOP,12,1,37:09,8,16,0.5,2,7,0.286,6,6,1,0,5,5,4,1,0,2,1,24,18.9,9,38.3
Gordon Hayward,63,63,2016-03-08,25,UTA,H,ATL,-7,1,38:04,6,18,0.333,2,5,0.4,8,9,0.889,1,5,6,3,1,1,4,0,22,13.4,-7,37
Gordon Hayward,64,64,2016-03-09,25,UTA,A,GSW,-21,1,31:47,5,15,0.333,2,6,0.333,4,5,0.8,0,6,6,2,1,0,3,0,16,8.3,-12,28
Gordon Hayward,65,65,2016-03-11,25,UTA,H,WAS,21,1,33:57,4,7,0.571,1,2,0.5,9,10,0.9,0,2,2,3,1,0,4,2,18,13.2,18,25.5
Gordon Hayward,66,66,2016-03-13,25,UTA,A,SAC,9,1,39:07,9,19,0.474,4,9,0.444,5,5,1,1,3,4,3,1,0,1,4,27,19.4,2,40
Gordon Hayward,69,67,2016-03-19,25,UTA,A,CHI,-7,1,37:02,4,13,0.308,1,4,0.25,0,0,NA,0,3,3,5,0,0,1,1,9,4.5,-6,20.3
Gordon Hayward,70,68,2016-03-20,25,UTA,A,MIL,9,1,36:14,6,16,0.375,3,10,0.3,3,3,1,2,2,4,2,2,0,2,2,18,11.8,17,30.5
Gordon Hayward,71,69,2016-03-23,26,UTA,A,HOU,2,1,39:37,5,11,0.455,2,4,0.5,10,12,0.833,1,5,6,5,4,1,1,2,22,24.1,7,47.5
Gordon Hayward,72,70,2016-03-24,26,UTA,A,OKC,-22,1,22:32,2,6,0.333,0,3,0,2,2,1,0,2,2,5,0,0,3,1,6,3.3,-15,14.5
Gordon Hayward,73,71,2016-03-26,26,UTA,A,MIN,9,1,39:10,7,15,0.467,2,3,0.667,2,2,1,0,5,5,5,0,2,2,4,18,13.1,8,35.8
Gordon Hayward,74,72,2016-03-28,26,UTA,H,LAL,48,1,22:16,3,9,0.333,1,3,0.333,4,5,0.8,1,2,3,6,2,1,1,4,11,11.1,17,29.8
Gordon Hayward,75,73,2016-03-30,26,UTA,H,GSW,-7,1,46:05,7,20,0.35,3,9,0.333,4,8,0.5,3,1,4,1,3,0,4,4,21,8.7,-3,33
Gordon Hayward,76,74,2016-04-01,26,UTA,H,MIN,13,1,36:22,8,15,0.533,1,5,0.2,5,7,0.714,0,5,5,3,2,0,2,3,22,16.3,20,36.3
Gordon Hayward,77,75,2016-04-03,26,UTA,A,PHO,15,1,34:47,8,16,0.5,1,5,0.2,5,5,1,0,5,5,5,1,1,2,5,22,16.7,18,39.3
Gordon Hayward,78,76,2016-04-05,26,UTA,H,SAS,-2,1,36:00,4,11,0.364,0,2,0,4,5,0.8,0,4,4,1,1,0,1,2,12,6.6,1,20
Gordon Hayward,79,77,2016-04-08,26,UTA,H,LAC,-3,1,45:53,8,17,0.471,3,5,0.6,5,7,0.714,1,12,13,5,0,1,7,0,24,16,-12,49.3
Gordon Hayward,80,78,2016-04-10,26,UTA,A,DEN,16,1,36:15,8,16,0.5,2,6,0.333,4,4,1,2,7,9,5,2,1,0,1,22,23.3,26,47.8
Gordon Hayward,81,79,2016-04-11,26,UTA,H,DAL,-9,1,39:51,11,21,0.524,1,9,0.111,3,4,0.75,0,6,6,4,0,1,3,2,26,16.8,-8,40.5
Gordon Hayward,82,80,2016-04-13,26,UTA,A,LAL,-5,1,31:56,6,16,0.375,2,6,0.333,3,5,0.6,1,1,2,3,0,0,2,2,17,7.7,-12,24
Rodney Hood,1,1,2015-10-28,23,UTA,A,DET,-5,1,29:25,6,15,0.4,0,7,0,0,0,NA,1,3,4,6,0,0,1,5,12,6.7,7,25.5
Rodney Hood,2,2,2015-10-30,23,UTA,A,PHI,28,1,22:37,6,14,0.429,3,6,0.5,2,2,1,0,0,0,1,0,0,1,3,17,8.1,15,19.5
Rodney Hood,3,3,2015-10-31,23,UTA,A,IND,21,1,28:43,8,13,0.615,1,3,0.333,0,0,NA,1,4,5,1,4,0,3,4,17,13.1,12,31.8
Rodney Hood,4,4,2015-11-04,23,UTA,H,POR,-16,1,23:09,4,10,0.4,0,3,0,2,2,1,1,1,2,4,1,0,0,4,10,7.8,-16,20.5
Rodney Hood,5,5,2015-11-05,23,UTA,A,DEN,12,1,22:47,3,7,0.429,2,5,0.4,0,0,NA,0,1,1,4,0,1,1,4,8,5.5,-2,17.8
Rodney Hood,6,6,2015-11-07,23,UTA,H,MEM,10,1,30:54,2,5,0.4,1,3,0.333,2,2,1,0,2,2,2,1,3,3,3,7,5.2,4,19.5
Rodney Hood,7,7,2015-11-10,23,UTA,A,CLE,-4,1,29:43,4,10,0.4,2,7,0.286,6,6,1,0,3,3,2,2,0,2,6,16,10.5,-10,26.8
Rodney Hood,8,8,2015-11-12,23,UTA,A,MIA,-1,1,38:26,4,14,0.286,1,5,0.2,1,2,0.5,0,1,1,3,2,0,1,3,10,3.6,2,19.8
Rodney Hood,10,9,2015-11-15,23,UTA,A,ATL,1,1,36:46,8,17,0.471,4,9,0.444,0,0,NA,0,0,0,3,1,0,1,3,20,12.2,-4,28
Rodney Hood,11,10,2015-11-18,23,UTA,H,TOR,4,1,34:35,5,10,0.5,2,4,0.5,4,4,1,1,5,6,4,1,0,4,2,16,12.2,12,30.5
Rodney Hood,12,11,2015-11-20,23,UTA,A,DAL,-9,1,36:03,5,14,0.357,0,4,0,3,4,0.75,1,0,1,4,1,0,3,3,13,5.1,-18,20.8
Rodney Hood,13,12,2015-11-23,23,UTA,H,OKC,-22,1,20:26,3,6,0.5,0,2,0,3,5,0.6,0,2,2,1,3,0,2,2,9,6.7,-2,18
Rodney Hood,14,13,2015-11-25,23,UTA,A,LAC,11,1,30:36,4,6,0.667,0,0,NA,5,6,0.833,0,4,4,5,0,0,2,4,13,11.1,6,24.5
Rodney Hood,15,14,2015-11-28,23,UTA,H,NOP,14,1,33:30,5,15,0.333,2,5,0.4,4,4,1,1,1,2,4,2,0,1,3,16,11.1,4,29
Rodney Hood,16,15,2015-11-30,23,UTA,H,GSW,-3,1,34:20,4,12,0.333,2,7,0.286,2,2,1,0,0,0,3,1,0,1,2,12,6.5,4,19
Rodney Hood,17,16,2015-12-03,23,UTA,H,ORL,-9,1,24:50,1,8,0.125,1,5,0.2,0,0,NA,1,3,4,1,0,1,2,3,3,-2.4,-9,11
Rodney Hood,18,17,2015-12-05,23,UTA,H,IND,3,1,20:43,2,5,0.4,0,1,0,2,2,1,0,4,4,2,0,0,0,6,6,3.5,13,14
Rodney Hood,19,18,2015-12-08,23,UTA,A,SAC,-8,1,33:56,6,12,0.5,5,8,0.625,0,0,NA,0,2,2,3,1,0,2,2,17,11.9,-15,27.5
Rodney Hood,20,19,2015-12-09,23,UTA,H,NYK,21,1,29:03,2,7,0.286,0,4,0,1,1,1,2,2,4,3,1,0,2,4,5,2.4,18,15.5
Rodney Hood,21,20,2015-12-11,23,UTA,H,OKC,-4,1,33:15,4,12,0.333,1,6,0.167,0,0,NA,0,5,5,1,0,0,2,2,9,1.6,-6,16.3
Rodney Hood,22,21,2015-12-13,23,UTA,A,OKC,-6,1,37:36,8,17,0.471,4,9,0.444,3,4,0.75,1,2,3,1,1,0,3,1,23,13.5,-4,30.8
Rodney Hood,23,22,2015-12-14,23,UTA,A,SAS,-37,1,23:13,2,8,0.25,0,2,0,0,0,NA,0,2,2,2,0,0,2,1,4,-1.2,-34,8.5
Rodney Hood,24,23,2015-12-16,23,UTA,H,NOP,-10,1,20:40,4,5,0.8,1,1,1,0,0,NA,0,2,2,0,0,0,1,5,9,4.7,-20,11.5
Rodney Hood,25,24,2015-12-18,23,UTA,H,DEN,9,1,32:43,4,10,0.4,1,5,0.2,3,4,0.75,0,4,4,5,1,0,0,2,12,11.1,5,27
Rodney Hood,26,25,2015-12-21,23,UTA,H,PHO,21,1,34:44,3,8,0.375,2,4,0.5,6,8,0.75,0,4,4,1,3,1,0,2,14,13.6,33,29.5
Rodney Hood,27,26,2015-12-23,23,UTA,A,GSW,-18,1,37:25,6,11,0.545,3,5,0.6,0,0,NA,0,4,4,3,1,0,3,3,15,9.8,-12,26.5
Rodney Hood,28,27,2015-12-26,23,UTA,H,LAC,-5,1,25:55,6,13,0.462,1,4,0.25,2,2,1,0,0,0,1,0,0,1,2,15,7.2,6,16.5
Rodney Hood,29,28,2015-12-28,23,UTA,H,PHI,4,1,27:16,4,15,0.267,0,5,0,5,5,1,1,3,4,1,1,0,2,4,13,3.8,-1,20.5
Rodney Hood,30,29,2015-12-30,23,UTA,A,MIN,-14,1,34:04,1,13,0.077,1,9,0.111,3,4,0.75,0,5,5,3,0,1,1,4,6,-1.4,-12,18.8
Rodney Hood,31,30,2015-12-31,23,UTA,H,POR,13,1,29:19,7,16,0.438,4,7,0.571,0,0,NA,2,5,7,6,1,1,0,2,18,17.6,27,41.8
Rodney Hood,32,31,2016-01-02,23,UTA,H,MEM,5,1,43:37,10,20,0.5,5,10,0.5,7,8,0.875,1,7,8,0,1,1,2,4,32,22.5,7,47.5
Rodney Hood,33,32,2016-01-04,23,UTA,H,HOU,-2,1,35:18,6,9,0.667,5,6,0.833,6,8,0.75,0,1,1,7,1,0,2,4,23,20.9,1,38.3
Rodney Hood,34,33,2016-01-06,23,UTA,A,SAS,-25,1,20:40,2,5,0.4,1,2,0.5,4,4,1,0,1,1,1,0,0,4,1,9,2.9,-21,10.3
Rodney Hood,35,34,2016-01-07,23,UTA,A,HOU,-9,1,22:25,2,7,0.286,1,6,0.167,5,5,1,0,2,2,2,1,1,1,1,10,8.2,4,19.5
Rodney Hood,37,35,2016-01-10,23,UTA,A,LAL,12,1,31:53,6,13,0.462,1,2,0.5,1,1,1,0,6,6,4,2,0,2,2,14,11.1,18,31
Rodney Hood,38,36,2016-01-13,23,UTA,A,POR,-14,1,32:10,7,14,0.5,3,5,0.6,2,2,1,0,3,3,1,1,0,1,4,19,12,-6,27.3
Rodney Hood,39,37,2016-01-14,23,UTA,H,SAC,-2,1,29:18,5,14,0.357,2,8,0.25,3,3,1,0,3,3,0,0,0,4,5,15,2.1,-4,17.8
Rodney Hood,40,38,2016-01-16,23,UTA,H,LAL,27,1,27:01,4,8,0.5,4,6,0.667,2,2,1,0,5,5,2,0,0,1,1,14,11.5,22,24.8
Rodney Hood,41,39,2016-01-18,23,UTA,A,CHO,-5,1,38:37,4,17,0.235,2,10,0.2,1,1,1,2,4,6,4,0,0,1,5,11,3.1,-3,25
Rodney Hood,42,40,2016-01-20,23,UTA,A,NYK,-7,1,41:31,11,21,0.524,5,10,0.5,2,2,1,1,5,6,5,0,0,0,2,29,23.6,-3,46.5
Rodney Hood,43,41,2016-01-22,23,UTA,A,BRK,22,1,29:45,4,10,0.4,1,2,0.5,7,7,1,0,5,5,1,0,0,2,0,16,10.8,11,23.3
Rodney Hood,44,42,2016-01-25,23,UTA,H,DET,-3,1,34:19,8,16,0.5,6,9,0.667,1,2,0.5,1,1,2,2,2,0,1,1,23,17.6,-9,35
Rodney Hood,45,43,2016-01-27,23,UTA,H,CHO,29,1,31:10,8,16,0.5,4,9,0.444,4,4,1,0,4,4,4,1,0,1,1,24,19.6,14,38.5
Rodney Hood,46,44,2016-01-29,23,UTA,H,MIN,13,1,36:32,8,16,0.5,2,6,0.333,4,4,1,0,1,1,4,1,0,2,3,22,14.9,14,31.3
Rodney Hood,47,45,2016-02-01,23,UTA,H,CHI,9,1,32:57,7,16,0.438,2,3,0.667,3,3,1,1,4,5,3,0,0,3,6,19,9.2,0,29.3
Rodney Hood,48,46,2016-02-03,23,UTA,H,DEN,4,1,33:45,3,12,0.25,1,6,0.167,1,2,0.5,0,1,1,1,0,1,3,3,8,-2.1,-3,11.8
Rodney Hood,49,47,2016-02-05,23,UTA,H,MIL,3,1,41:14,9,18,0.5,3,9,0.333,2,2,1,0,3,3,1,2,0,1,4,23,15,8,33.3
Rodney Hood,50,48,2016-02-06,23,UTA,A,PHO,9,1,35:06,9,19,0.474,3,7,0.429,4,5,0.8,1,3,4,1,1,0,1,3,25,16,9,34.5
Rodney Hood,51,49,2016-02-09,23,UTA,A,DAL,2,1,43:12,12,26,0.462,2,8,0.25,3,4,0.75,0,5,5,5,0,0,0,1,29,19.8,-7,43.8
Rodney Hood,52,50,2016-02-10,23,UTA,A,NOP,-4,1,34:52,5,12,0.417,2,5,0.4,3,3,1,1,5,6,3,0,0,3,1,15,9.5,-1,26.5
Rodney Hood,53,51,2016-02-18,23,UTA,A,WAS,-14,1,34:02,6,12,0.5,3,5,0.6,3,4,0.75,0,3,3,5,2,0,5,2,18,12.2,-26,32.3
Rodney Hood,54,52,2016-02-19,23,UTA,H,BOS,18,1,28:41,2,6,0.333,2,4,0.5,5,6,0.833,0,3,3,1,1,1,0,3,11,9.3,8,21.3
Rodney Hood,55,53,2016-02-21,23,UTA,A,POR,-4,1,32:56,8,16,0.5,2,5,0.4,0,0,NA,0,3,3,2,0,0,0,3,18,11.1,-12,25.8
Rodney Hood,56,54,2016-02-23,23,UTA,H,HOU,3,1,36:24,6,10,0.6,3,6,0.5,3,4,0.75,0,4,4,5,5,0,2,3,18,19.5,15,41
Rodney Hood,57,55,2016-02-25,23,UTA,H,SAS,-18,1,36:31,4,11,0.364,2,4,0.5,2,2,1,0,3,3,6,0,0,1,2,12,9.2,-11,25.3
Rodney Hood,58,56,2016-02-27,23,UTA,H,BRK,-2,1,36:40,5,15,0.333,2,7,0.286,3,3,1,1,2,3,4,1,0,2,1,15,9.2,0,26.8
Rodney Hood,59,57,2016-02-29,23,UTA,A,BOS,-5,1,35:00,4,17,0.235,1,7,0.143,2,2,1,1,3,4,7,0,0,0,1,11,6.8,4,27
Rodney Hood,60,58,2016-03-02,23,UTA,A,TOR,-10,1,12:51,1,2,0.5,1,1,1,0,0,NA,0,0,0,4,1,0,0,0,3,5.8,4,11.5
Rodney Hood,61,59,2016-03-04,23,UTA,A,MEM,-6,1,28:51,2,7,0.286,1,4,0.25,3,5,0.6,0,5,5,4,0,0,2,5,8,3.4,-2,19.8
Rodney Hood,62,60,2016-03-05,23,UTA,A,NOP,12,1,31:13,4,10,0.4,1,5,0.2,2,2,1,1,3,4,3,1,0,3,5,11,5.3,-2,21.5
Rodney Hood,63,61,2016-03-08,23,UTA,H,ATL,-7,1,37:55,6,16,0.375,3,10,0.3,1,1,1,2,4,6,3,1,0,0,2,16,12.1,-1,31.5
Rodney Hood,65,62,2016-03-11,23,UTA,H,WAS,21,1,34:21,4,9,0.444,3,5,0.6,3,4,0.75,0,1,1,1,4,0,1,2,14,12.1,21,25.8
Rodney Hood,66,63,2016-03-13,23,UTA,A,SAC,9,1,34:39,6,10,0.6,0,1,0,0,0,NA,1,2,3,1,0,0,2,1,12,7,15,16.3
Rodney Hood,67,64,2016-03-14,23,UTA,H,CLE,9,1,33:51,9,16,0.563,4,9,0.444,6,6,1,1,1,2,1,0,0,2,2,28,19.3,11,33
Rodney Hood,68,65,2016-03-17,23,UTA,H,PHO,34,1,29:35,4,13,0.308,0,4,0,0,1,0,0,3,3,0,1,0,2,0,8,0,16,12.8
Rodney Hood,69,66,2016-03-19,23,UTA,A,CHI,-7,1,38:11,5,17,0.294,3,10,0.3,1,1,1,1,2,3,1,1,0,0,0,14,7.1,-8,22.8
Rodney Hood,70,67,2016-03-20,23,UTA,A,MIL,9,1,36:23,4,13,0.308,2,10,0.2,0,0,NA,2,3,5,2,2,1,3,2,10,5.1,0,24.8
Rodney Hood,71,68,2016-03-23,23,UTA,A,HOU,2,1,37:31,2,11,0.182,1,7,0.143,2,2,1,0,5,5,4,1,0,4,4,7,-0.2,7,19.8
Rodney Hood,72,69,2016-03-24,23,UTA,A,OKC,-22,1,28:49,4,9,0.444,2,5,0.4,1,1,1,0,2,2,1,0,0,1,1,11,6.2,-18,15.5
Rodney Hood,73,70,2016-03-26,23,UTA,A,MIN,9,1,33:08,7,11,0.636,1,3,0.333,0,0,NA,1,3,4,4,0,0,1,4,15,11.9,9,26
Rodney Hood,74,71,2016-03-28,23,UTA,H,LAL,48,1,28:37,11,13,0.846,8,9,0.889,0,0,NA,1,2,3,0,0,1,0,0,30,27.3,40,39.8
Rodney Hood,75,72,2016-03-30,23,UTA,H,GSW,-7,1,38:52,7,16,0.438,3,9,0.333,3,5,0.6,1,5,6,0,1,0,1,2,20,12.2,-7,30.5
Rodney Hood,76,73,2016-04-01,23,UTA,H,MIN,13,1,40:16,7,10,0.7,1,3,0.333,2,2,1,0,3,3,2,2,0,1,1,17,15.7,11,27.8
Rodney Hood,77,74,2016-04-03,23,UTA,A,PHO,15,1,35:01,6,16,0.375,6,12,0.5,0,0,NA,0,2,2,7,2,2,2,3,18,14.9,4,41
Rodney Hood,78,75,2016-04-05,23,UTA,H,SAS,-2,1,36:30,10,19,0.526,1,6,0.167,2,2,1,1,6,7,4,0,0,4,2,23,14.2,11,36.3
Rodney Hood,79,76,2016-04-08,23,UTA,H,LAC,-3,1,45:50,5,19,0.263,2,10,0.2,1,2,0.5,0,5,5,2,0,0,0,1,13,3.8,-4,23.3
Rodney Hood,80,77,2016-04-10,23,UTA,A,DEN,16,1,34:18,5,13,0.385,3,5,0.6,0,0,NA,1,4,5,2,3,0,3,0,13,9.2,23,28.3
Rodney Hood,81,78,2016-04-11,23,UTA,H,DAL,-9,1,33:58,1,11,0.091,1,7,0.143,3,4,0.75,1,3,4,3,1,0,0,3,6,1.8,-12,18
Rodney Hood,82,79,2016-04-13,23,UTA,A,LAL,-5,1,18:04,2,7,0.286,0,2,0,0,0,NA,1,1,2,3,1,0,1,1,4,2.6,-18,12.5
Trey Lyles,1,1,2015-10-28,19,UTA,A,DET,-5,0,8:14,0,1,0,0,0,NA,0,0,NA,0,1,1,1,0,0,0,0,0,0.3,-15,2.8
Trey Lyles,2,2,2015-10-30,19,UTA,A,PHI,28,0,7:33,0,3,0,0,0,NA,0,0,NA,0,2,2,0,0,0,1,2,0,-3.3,3,2
Trey Lyles,3,3,2015-10-31,19,UTA,A,IND,21,0,4:31,0,2,0,0,0,NA,2,4,0.5,3,1,4,0,0,0,1,1,2,0.8,2,6.5
Trey Lyles,4,4,2015-11-04,19,UTA,H,POR,-16,0,9:07,0,2,0,0,1,0,0,0,NA,0,0,0,1,0,0,0,1,0,-1.1,-8,1.5
Trey Lyles,5,5,2015-11-05,20,UTA,A,DEN,12,0,7:12,2,5,0.4,0,0,NA,0,0,NA,2,1,3,0,1,0,0,3,4,2.8,1,9.8
Trey Lyles,6,6,2015-11-07,20,UTA,H,MEM,10,0,1:08,0,0,NA,0,0,NA,0,0,NA,0,0,0,0,0,0,0,0,0,0,0,0
Trey Lyles,7,7,2015-11-10,20,UTA,A,CLE,-4,0,6:06,1,2,0.5,1,1,1,0,0,NA,2,0,2,0,0,0,1,1,3,2,-6,5.5
Trey Lyles,8,8,2015-11-12,20,UTA,A,MIA,-1,1,17:39,1,4,0.25,0,1,0,0,0,NA,1,4,5,0,0,0,1,0,2,0.5,-9,7.8
Trey Lyles,9,9,2015-11-13,20,UTA,A,ORL,-9,1,16:44,3,7,0.429,0,2,0,0,0,NA,0,3,3,1,0,1,1,2,6,2.8,3,12.8
Trey Lyles,12,10,2015-11-20,20,UTA,A,DAL,-9,0,4:41,0,0,NA,0,0,NA,0,0,NA,0,0,0,0,0,0,0,2,0,-0.8,5,0
Trey Lyles,13,11,2015-11-23,20,UTA,H,OKC,-22,0,7:11,1,1,1,0,0,NA,0,0,NA,1,3,4,0,0,0,0,0,2,3.3,6,7
Trey Lyles,14,12,2015-11-25,20,UTA,A,LAC,11,0,2:31,2,2,1,0,0,NA,0,1,0,0,0,0,0,0,0,0,0,4,3,-1,4
Trey Lyles,15,13,2015-11-28,20,UTA,H,NOP,14,0,18:16,2,7,0.286,0,1,0,0,0,NA,1,3,4,0,0,1,1,2,4,0.4,-9,10.5
Trey Lyles,16,14,2015-11-30,20,UTA,H,GSW,-3,0,1:25,0,0,NA,0,0,NA,0,0,NA,0,1,1,0,0,0,0,0,0,0.3,0,1.3
Trey Lyles,17,15,2015-12-03,20,UTA,H,ORL,-9,0,10:03,1,2,0.5,0,0,NA,1,2,0.5,0,2,2,0,0,0,1,0,3,1.2,1,5
Trey Lyles,18,16,2015-12-05,20,UTA,H,IND,3,1,19:51,2,4,0.5,0,0,NA,0,0,NA,2,3,5,1,0,0,0,1,4,4.6,11,11.8
Trey Lyles,19,17,2015-12-08,20,UTA,A,SAC,-8,1,17:52,3,5,0.6,1,1,1,0,0,NA,1,2,3,0,0,0,0,2,7,5.2,-12,11.3
Trey Lyles,20,18,2015-12-09,20,UTA,H,NYK,21,1,29:03,2,7,0.286,0,0,NA,2,2,1,1,9,10,1,0,0,1,4,6,3.4,10,19.5
Trey Lyles,21,19,2015-12-11,20,UTA,H,OKC,-4,1,23:58,0,4,0,0,1,0,0,0,NA,2,0,2,1,1,1,0,1,0,0.6,-5,8
Trey Lyles,22,20,2015-12-13,20,UTA,A,OKC,-6,1,20:28,0,2,0,0,0,NA,0,0,NA,2,5,7,1,0,1,1,4,0,0.3,-10,11.8
Trey Lyles,23,21,2015-12-14,20,UTA,A,SAS,-37,1,19:21,1,3,0.333,0,0,NA,0,0,NA,0,2,2,0,0,0,0,3,2,-0.3,-28,4.5
Trey Lyles,24,22,2015-12-16,20,UTA,H,NOP,-10,0,14:29,1,1,1,0,0,NA,0,0,NA,0,3,3,1,0,0,1,2,2,1.5,-14,6.8
Trey Lyles,25,23,2015-12-18,20,UTA,H,DEN,9,1,26:06,3,6,0.5,0,0,NA,0,0,NA,1,5,6,1,0,0,1,1,6,4.5,-3,14.5
Trey Lyles,26,24,2015-12-21,20,UTA,H,PHO,21,1,24:41,2,4,0.5,0,0,NA,2,2,1,1,6,7,1,0,0,0,0,6,7.2,17,16.3
Trey Lyles,27,25,2015-12-23,20,UTA,A,GSW,-18,1,14:53,1,2,0.5,0,0,NA,0,0,NA,1,1,2,0,0,0,1,1,2,0.6,1,4
Trey Lyles,28,26,2015-12-26,20,UTA,H,LAC,-5,1,18:53,1,3,0.333,1,2,0.5,3,4,0.75,2,4,6,2,0,1,1,1,6,7.2,2,18.5
Trey Lyles,29,27,2015-12-28,20,UTA,H,PHI,4,1,23:19,1,7,0.143,0,2,0,2,2,1,3,4,7,0,0,0,1,1,4,1.4,17,12.3
Trey Lyles,30,28,2015-12-30,20,UTA,A,MIN,-14,1,18:11,3,5,0.6,2,2,1,0,0,NA,0,4,4,0,0,0,0,2,8,6.1,-3,14
Trey Lyles,31,29,2015-12-31,20,UTA,H,POR,13,1,31:53,2,7,0.286,1,2,0.5,0,0,NA,2,6,8,4,1,0,1,3,5,5.7,13,23
Trey Lyles,32,30,2016-01-02,20,UTA,H,MEM,5,1,18:51,2,2,1,1,1,1,2,2,1,0,3,3,1,0,0,2,0,7,6,-7,11.8
Trey Lyles,33,31,2016-01-04,20,UTA,H,HOU,-2,1,21:57,6,10,0.6,1,3,0.333,0,0,NA,1,3,4,0,0,0,1,3,13,7.8,4,18
Trey Lyles,34,32,2016-01-06,20,UTA,A,SAS,-25,1,29:52,3,6,0.5,0,0,NA,0,0,NA,0,4,4,2,0,0,0,1,6,5.2,-18,14
Trey Lyles,35,33,2016-01-07,20,UTA,A,HOU,-9,1,33:42,4,11,0.364,0,1,0,1,4,0.25,1,8,9,3,2,2,4,4,9,4.7,-15,30.8
Trey Lyles,36,34,2016-01-09,20,UTA,H,MIA,15,1,32:29,1,5,0.2,1,2,0.5,0,0,NA,0,10,10,0,3,0,1,1,3,4.5,17,21.5
Trey Lyles,37,35,2016-01-10,20,UTA,A,LAL,12,1,26:04,0,1,0,0,0,NA,0,0,NA,0,9,9,2,0,0,0,1,0,3,0,14.3
Trey Lyles,38,36,2016-01-13,20,UTA,A,POR,-14,1,25:46,6,7,0.857,2,2,1,2,4,0.5,1,1,2,0,0,0,0,2,16,12.9,-9,19.5
Trey Lyles,39,37,2016-01-14,20,UTA,H,SAC,-2,1,38:55,8,13,0.615,1,3,0.333,2,4,0.5,1,2,3,2,2,0,1,2,19,15.2,-2,29.8
Trey Lyles,40,38,2016-01-16,20,UTA,H,LAL,27,1,30:28,6,10,0.6,2,4,0.5,3,4,0.75,2,7,9,2,0,1,2,1,17,15.2,35,33.3
Trey Lyles,41,39,2016-01-18,20,UTA,A,CHO,-5,1,26:48,2,7,0.286,1,2,0.5,0,0,NA,3,5,8,2,0,2,1,1,5,5.9,0,22
Trey Lyles,42,40,2016-01-20,20,UTA,A,NYK,-7,1,27:17,4,7,0.571,3,4,0.75,2,4,0.5,3,1,4,1,1,1,4,4,13,8.1,0,23
Trey Lyles,43,41,2016-01-22,20,UTA,A,BRK,22,1,24:11,4,9,0.444,1,2,0.5,1,2,0.5,2,3,5,0,1,0,3,0,10,5.2,10,17.3
Trey Lyles,44,42,2016-01-25,20,UTA,H,DET,-3,1,16:28,1,6,0.167,0,2,0,0,0,NA,0,3,3,0,0,0,1,2,2,-2.7,4,5.3
Trey Lyles,45,43,2016-01-27,20,UTA,H,CHO,29,1,18:50,0,4,0,0,2,0,0,0,NA,0,3,3,0,0,0,1,2,0,-3.7,-3,3.3
Trey Lyles,46,44,2016-01-29,20,UTA,H,MIN,13,0,4:18,0,1,0,0,0,NA,0,0,NA,0,0,0,1,0,0,0,0,0,0,-7,1.5
Trey Lyles,47,45,2016-02-01,20,UTA,H,CHI,9,0,11:39,1,1,1,0,0,NA,0,0,NA,0,3,3,1,0,0,0,2,2,2.5,-2,7.3
Trey Lyles,48,46,2016-02-03,20,UTA,H,DEN,4,0,9:46,3,4,0.75,0,0,NA,1,1,1,0,3,3,0,0,0,0,2,7,5.5,5,10.8
Trey Lyles,49,47,2016-02-05,20,UTA,H,MIL,3,0,12:00,1,5,0.2,1,2,0.5,0,0,NA,0,4,4,0,0,0,2,1,3,-1.3,-3,7.5
Trey Lyles,50,48,2016-02-06,20,UTA,A,PHO,9,0,5:01,0,0,NA,0,0,NA,0,0,NA,0,2,2,0,0,0,0,1,0,0.2,-6,2.5
Trey Lyles,51,49,2016-02-09,20,UTA,A,DAL,2,0,14:19,4,7,0.571,0,2,0,3,4,0.75,1,2,3,2,0,0,1,1,11,8.6,14,17.3
Trey Lyles,52,50,2016-02-10,20,UTA,A,NOP,-4,0,3:29,0,3,0,0,1,0,0,0,NA,0,0,0,0,0,0,0,1,0,-2.5,-3,0
Trey Lyles,53,51,2016-02-18,20,UTA,A,WAS,-14,0,14:38,1,4,0.25,0,1,0,2,2,1,1,7,8,0,0,0,1,0,4,3.4,0,13.5
Trey Lyles,54,52,2016-02-19,20,UTA,H,BOS,18,0,7:35,1,1,1,0,0,NA,0,0,NA,0,2,2,1,0,0,0,1,2,2.6,0,6
Trey Lyles,55,53,2016-02-21,20,UTA,A,POR,-4,0,4:51,0,0,NA,0,0,NA,0,0,NA,0,1,1,0,0,1,1,1,0,-0.4,1,2.8
Trey Lyles,56,54,2016-02-23,20,UTA,H,HOU,3,0,16:47,3,5,0.6,0,0,NA,2,2,1,0,2,2,0,1,0,1,2,8,5.5,-10,12
Trey Lyles,57,55,2016-02-25,20,UTA,H,SAS,-18,0,3:43,0,0,NA,0,0,NA,0,0,NA,0,0,0,0,0,0,1,0,0,-1,1,-0.5
Trey Lyles,58,56,2016-02-27,20,UTA,H,BRK,-2,0,4:48,1,3,0.333,0,0,NA,0,0,NA,0,1,1,0,0,0,0,0,2,0.6,-4,3.3
Trey Lyles,59,57,2016-02-29,20,UTA,A,BOS,-5,0,23:34,8,18,0.444,1,4,0.25,1,1,1,3,7,10,1,0,1,1,4,18,11.6,-4,35.5
Trey Lyles,60,58,2016-03-02,20,UTA,A,TOR,-10,0,25:02,2,7,0.286,2,3,0.667,0,0,NA,1,2,3,0,0,2,0,2,6,3.8,1,14.8
Trey Lyles,61,59,2016-03-04,20,UTA,A,MEM,-6,0,15:32,4,8,0.5,1,4,0.25,0,0,NA,0,1,1,1,0,0,1,2,9,4.2,-8,11.8
Trey Lyles,62,60,2016-03-05,20,UTA,A,NOP,12,0,6:11,0,1,0,0,0,NA,2,2,1,0,0,0,0,0,0,1,0,2,0.3,-9,1.5
Trey Lyles,63,61,2016-03-08,20,UTA,H,ATL,-7,0,6:28,0,1,0,0,0,NA,1,2,0.5,0,0,0,0,0,0,0,2,1,-0.9,-7,1
Trey Lyles,64,62,2016-03-09,20,UTA,A,GSW,-21,0,15:08,4,7,0.571,0,2,0,3,6,0.5,1,0,1,0,0,1,2,2,11,5.1,-13,13.3
Trey Lyles,65,63,2016-03-11,20,UTA,H,WAS,21,0,18:03,4,6,0.667,0,1,0,0,0,NA,0,4,4,0,1,0,0,1,8,7.2,11,15
Trey Lyles,66,64,2016-03-13,20,UTA,A,SAC,9,0,10:48,1,3,0.333,1,2,0.5,0,0,NA,0,1,1,0,0,0,1,3,3,-0.6,-10,4.3
Trey Lyles,67,65,2016-03-14,20,UTA,H,CLE,9,0,12:49,5,8,0.625,2,4,0.5,0,0,NA,1,0,1,0,1,0,1,3,12,7.9,12,15.8
Trey Lyles,68,66,2016-03-17,20,UTA,H,PHO,34,0,19:20,6,10,0.6,3,6,0.5,2,2,1,0,2,2,1,2,0,2,1,17,13.3,13,25.5
Trey Lyles,69,67,2016-03-19,20,UTA,A,CHI,-7,0,14:10,2,5,0.4,0,2,0,0,0,NA,2,1,3,1,0,0,0,1,4,3.3,-4,9.3
Trey Lyles,70,68,2016-03-20,20,UTA,A,MIL,9,0,22:31,5,11,0.455,2,4,0.5,2,2,1,1,3,4,4,0,0,0,0,14,12.7,6,26
Trey Lyles,71,69,2016-03-23,20,UTA,A,HOU,2,0,9:42,0,5,0,0,3,0,0,0,NA,0,3,3,0,0,0,1,0,0,-3.6,-9,3.3
Trey Lyles,72,70,2016-03-24,20,UTA,A,OKC,-22,0,25:48,6,12,0.5,0,2,0,2,2,1,1,2,3,2,0,1,1,2,14,9.6,-5,22.3
Trey Lyles,73,71,2016-03-26,20,UTA,A,MIN,9,0,18:39,6,9,0.667,3,5,0.6,0,0,NA,0,4,4,1,1,0,0,0,15,14,13,25
Trey Lyles,74,72,2016-03-28,20,UTA,H,LAL,48,0,17:21,4,10,0.4,3,5,0.6,0,0,NA,0,8,8,3,0,0,2,3,11,6.9,12,26
Trey Lyles,75,73,2016-03-30,20,UTA,H,GSW,-7,0,24:59,3,9,0.333,0,4,0,0,0,NA,1,4,5,1,2,0,0,3,6,4.3,-2,17.8
Trey Lyles,76,74,2016-04-01,20,UTA,H,MIN,13,1,34:50,7,16,0.438,2,4,0.5,2,4,0.5,2,3,5,1,1,1,1,1,18,12.1,6,30.3
Trey Lyles,77,75,2016-04-03,20,UTA,A,PHO,15,0,23:55,5,10,0.5,2,3,0.667,1,2,0.5,0,3,3,1,0,0,2,1,13,6.8,2,18.3
Trey Lyles,78,76,2016-04-05,20,UTA,H,SAS,-2,0,18:48,2,9,0.222,0,2,0,2,2,1,0,3,3,0,0,0,0,1,6,1,-13,9.8
Trey Lyles,79,77,2016-04-08,20,UTA,H,LAC,-3,0,14:13,2,6,0.333,0,1,0,0,0,NA,0,4,4,0,0,0,0,1,4,1.4,11,9
Trey Lyles,80,78,2016-04-10,20,UTA,A,DEN,16,1,32:10,9,16,0.563,4,8,0.5,0,0,NA,0,6,6,2,0,0,1,2,22,15.8,1,34
Trey Lyles,81,79,2016-04-11,20,UTA,H,DAL,-9,1,23:26,2,4,0.5,1,3,0.333,4,4,1,0,6,6,1,0,0,2,1,9,7.1,-13,17.5
Trey Lyles,82,80,2016-04-13,20,UTA,A,LAL,-5,1,39:07,7,15,0.467,2,6,0.333,2,3,0.667,2,9,11,3,5,0,3,2,18,17.3,-6,47.3
Alec Burks,1,1,2015-10-28,24,UTA,A,DET,-5,0,26:26,6,14,0.429,0,0,NA,6,7,0.857,0,6,6,1,0,0,0,4,18,11.1,-12,27
Alec Burks,2,2,2015-10-30,24,UTA,A,PHI,28,0,26:49,6,8,0.75,1,1,1,2,3,0.667,1,6,7,1,1,0,3,1,15,12.2,24,26.3
Alec Burks,3,3,2015-10-31,24,UTA,A,IND,21,0,20:33,4,13,0.308,0,0,NA,2,2,1,0,1,1,0,1,0,1,1,10,2.4,6,12.8
Alec Burks,4,4,2015-11-04,24,UTA,H,POR,-16,0,32:16,5,13,0.385,0,2,0,11,15,0.733,1,3,4,1,1,0,0,3,21,14.4,-5,29.5
Alec Burks,5,5,2015-11-05,24,UTA,A,DEN,12,0,31:19,5,12,0.417,1,2,0.5,1,1,1,0,3,3,8,1,0,3,4,12,8.5,9,28.8
Alec Burks,6,6,2015-11-07,24,UTA,H,MEM,10,0,24:52,2,6,0.333,1,3,0.333,4,4,1,1,2,3,4,1,0,4,3,9,5.5,12,19.3
Alec Burks,7,7,2015-11-10,24,UTA,A,CLE,-4,0,30:11,7,13,0.538,4,5,0.8,6,6,1,0,3,3,3,1,0,3,5,24,16.7,2,34.8
Alec Burks,8,8,2015-11-12,24,UTA,A,MIA,-1,0,34:47,9,16,0.563,3,3,1,3,4,0.75,2,1,3,2,1,0,3,4,24,15.5,9,32.8
Alec Burks,9,9,2015-11-13,24,UTA,A,ORL,-9,1,24:51,2,13,0.154,1,4,0.25,6,6,1,2,0,2,1,1,0,1,2,11,4,-15,17
Alec Burks,10,10,2015-11-15,24,UTA,A,ATL,1,0,28:28,7,13,0.538,1,3,0.333,3,5,0.6,0,6,6,2,2,0,1,2,18,14.3,4,32.5
Alec Burks,11,11,2015-11-18,24,UTA,H,TOR,4,0,26:39,5,12,0.417,1,4,0.25,2,2,1,1,1,2,2,1,1,2,3,13,7.5,-8,22
Alec Burks,12,12,2015-11-20,24,UTA,A,DAL,-9,0,30:22,4,14,0.286,1,5,0.2,6,6,1,1,4,5,0,0,1,1,2,15,7.6,-4,23.3
Alec Burks,13,13,2015-11-23,24,UTA,H,OKC,-22,0,24:35,2,9,0.222,0,2,0,4,6,0.667,0,2,2,3,1,0,4,2,8,0.6,-25,15
Alec Burks,14,14,2015-11-25,24,UTA,A,LAC,11,0,28:32,3,13,0.231,0,2,0,2,2,1,0,6,6,1,0,0,1,1,8,1.2,-1,16.5
Alec Burks,15,15,2015-11-28,24,UTA,H,NOP,14,0,31:57,9,14,0.643,1,2,0.5,2,2,1,1,4,5,4,0,0,2,3,21,16.3,12,32.8
Alec Burks,16,16,2015-11-30,24,UTA,H,GSW,-3,0,28:35,8,15,0.533,2,5,0.4,1,1,1,0,2,2,2,0,0,3,2,19,9.9,-7,24
Alec Burks,17,17,2015-12-03,24,UTA,H,ORL,-9,0,29:26,6,12,0.5,3,6,0.5,6,8,0.75,0,5,5,3,0,2,1,2,21,17.4,-3,36.8
Alec Burks,18,18,2015-12-05,24,UTA,H,IND,3,0,32:56,3,11,0.273,1,3,0.333,2,6,0.333,1,4,5,2,0,0,1,4,9,1.6,1,18.3
Alec Burks,19,19,2015-12-08,24,UTA,A,SAC,-8,0,30:10,6,15,0.4,2,6,0.333,4,5,0.8,1,3,4,3,0,0,1,4,18,10.6,11,28
Alec Burks,20,20,2015-12-09,24,UTA,H,NYK,21,0,18:56,2,6,0.333,0,0,NA,6,9,0.667,0,0,0,1,1,0,1,2,10,5.3,5,13
Alec Burks,21,21,2015-12-11,24,UTA,H,OKC,-4,0,26:47,4,11,0.364,0,4,0,7,10,0.7,1,2,3,5,0,0,2,1,15,10.1,1,25.3
Alec Burks,22,22,2015-12-13,24,UTA,A,OKC,-6,1,37:02,8,22,0.364,2,3,0.667,3,6,0.5,1,4,5,3,1,0,1,2,21,10.8,-16,34.3
Alec Burks,23,23,2015-12-14,24,UTA,A,SAS,-37,0,17:48,2,9,0.222,0,0,NA,4,4,1,1,0,1,3,0,0,0,1,8,4.9,-17,13.8
Alec Burks,24,24,2015-12-16,24,UTA,H,NOP,-10,1,32:50,2,10,0.2,0,4,0,4,6,0.667,1,4,5,2,0,0,2,5,8,0.3,-2,16.3
Alec Burks,25,25,2015-12-18,24,UTA,H,DEN,9,0,17:18,3,7,0.429,1,3,0.333,1,2,0.5,0,4,4,0,1,0,1,1,8,4.7,9,15
Alec Burks,26,26,2015-12-21,24,UTA,H,PHO,21,0,20:07,3,7,0.429,1,1,1,6,9,0.667,0,2,2,0,0,0,2,3,13,5.5,1,15
Alec Burks,27,27,2015-12-23,24,UTA,A,GSW,-18,0,27:00,5,12,0.417,1,1,1,2,2,1,0,3,3,1,0,0,2,1,13,5.8,-11,17.8
Alec Burks,28,28,2015-12-26,24,UTA,H,LAC,-5,0,18:06,5,5,1,1,1,1,0,2,0,0,3,3,1,1,0,3,1,11,7.9,-5,17.3
Alec Burks,79,29,2016-04-08,24,UTA,H,LAC,-3,0,13:00,4,5,0.8,3,3,1,0,0,NA,0,1,1,0,0,0,1,1,11,8,6,13.3
Alec Burks,80,30,2016-04-10,24,UTA,A,DEN,16,0,13:59,0,4,0,0,1,0,0,0,NA,0,5,5,2,0,0,0,1,0,-0.3,3,9.3
Alec Burks,81,31,2016-04-11,24,UTA,H,DAL,-9,0,10:38,0,0,NA,0,0,NA,0,0,NA,0,3,3,2,2,0,1,0,0,3.3,3,10.3
Trey Burke,1,1,2015-10-28,22,UTA,A,DET,-5,0,15:35,0,2,0,0,0,NA,0,0,NA,0,1,1,1,0,0,1,2,0,-2.2,-15,2.3
Trey Burke,2,2,2015-10-30,22,UTA,A,PHI,28,0,27:28,5,10,0.5,0,0,NA,0,0,NA,0,3,3,6,1,0,0,0,10,11.1,14,24.8
Trey Burke,3,3,2015-10-31,22,UTA,A,IND,21,0,21:27,6,11,0.545,1,3,0.333,2,2,1,1,2,3,3,2,0,3,3,15,10.9,4,26.3
Trey Burke,4,4,2015-11-04,22,UTA,H,POR,-16,0,26:22,7,13,0.538,1,4,0.25,2,2,1,1,1,2,0,1,0,2,1,17,10.3,-4,21
Trey Burke,5,5,2015-11-05,22,UTA,A,DEN,12,0,19:45,4,12,0.333,2,5,0.4,2,2,1,0,2,2,1,1,0,3,4,12,2.9,17,17.5
Trey Burke,6,6,2015-11-07,22,UTA,H,MEM,10,0,27:49,8,16,0.5,6,8,0.75,2,2,1,0,3,3,1,1,0,2,1,24,16.2,1,33.3
Trey Burke,7,7,2015-11-10,22,UTA,A,CLE,-4,0,24:10,6,11,0.545,2,3,0.667,2,2,1,0,2,2,3,1,0,2,1,16,12,-3,25
Trey Burke,8,8,2015-11-12,23,UTA,A,MIA,-1,0,27:04,3,9,0.333,0,2,0,0,0,NA,0,3,3,2,2,0,0,1,6,4.8,-1,16.8
Trey Burke,9,9,2015-11-13,23,UTA,A,ORL,-9,0,21:31,7,12,0.583,1,3,0.333,1,4,0.25,0,1,1,4,0,0,1,0,16,11.3,-2,23.3
Trey Burke,10,10,2015-11-15,23,UTA,A,ATL,1,0,23:06,3,6,0.5,2,3,0.667,2,2,1,0,0,0,5,1,0,1,1,10,10.1,2,20
Trey Burke,11,11,2015-11-18,23,UTA,H,TOR,4,0,18:11,3,7,0.429,2,5,0.4,2,4,0.5,0,1,1,2,2,0,1,4,10,6.6,-8,18.8
Trey Burke,12,12,2015-11-20,23,UTA,A,DAL,-9,0,22:29,3,8,0.375,1,3,0.333,0,0,NA,0,7,7,2,0,0,3,2,7,2.3,7,17.8
Trey Burke,13,13,2015-11-23,23,UTA,H,OKC,-22,0,23:48,3,12,0.25,2,6,0.333,0,0,NA,2,2,4,0,0,0,1,1,8,1.4,-24,13.5
Trey Burke,14,14,2015-11-25,23,UTA,A,LAC,11,0,8:18,0,1,0,0,1,0,0,0,NA,0,0,0,0,0,0,1,1,0,-2.1,-1,-0.5
Trey Burke,15,15,2015-11-28,23,UTA,H,NOP,14,0,15:21,3,6,0.5,2,3,0.667,0,0,NA,1,1,2,1,0,0,2,1,8,4.3,2,12
Trey Burke,16,16,2015-11-30,23,UTA,H,GSW,-3,0,22:04,2,6,0.333,0,1,0,0,2,0,0,0,0,2,2,0,2,2,4,0.4,0,10
Trey Burke,17,17,2015-12-03,23,UTA,H,ORL,-9,0,33:42,5,15,0.333,3,7,0.429,0,0,NA,1,2,3,6,0,0,3,2,13,6.2,0,25.8
Trey Burke,18,18,2015-12-05,23,UTA,H,IND,3,0,33:35,8,17,0.471,2,8,0.25,1,1,1,0,3,3,7,0,0,0,1,19,15.7,6,34.3
Trey Burke,19,19,2015-12-08,23,UTA,A,SAC,-8,0,20:55,5,14,0.357,2,8,0.25,0,0,NA,1,1,2,3,1,0,2,3,12,5.1,-1,21
Trey Burke,20,20,2015-12-09,23,UTA,H,NYK,21,0,23:20,6,13,0.462,3,6,0.5,0,0,NA,0,1,1,5,0,0,2,2,15,9.3,4,24.3
Trey Burke,21,21,2015-12-11,23,UTA,H,OKC,-4,0,29:56,6,15,0.4,3,8,0.375,1,2,0.5,1,2,3,4,1,0,1,1,16,11.2,7,28.8
Trey Burke,22,22,2015-12-13,23,UTA,A,OKC,-6,0,17:24,4,5,0.8,1,1,1,1,1,1,0,1,1,2,1,0,0,1,10,10.4,6,16.8
Trey Burke,23,23,2015-12-14,23,UTA,A,SAS,-37,0,23:31,4,9,0.444,1,3,0.333,1,1,1,1,2,3,2,0,0,2,1,10,5.6,-16,16.3
Trey Burke,24,24,2015-12-16,23,UTA,H,NOP,-10,0,27:51,4,13,0.308,1,6,0.167,3,3,1,1,3,4,5,0,0,1,0,12,8.6,0,24.5
Trey Burke,25,25,2015-12-18,23,UTA,H,DEN,9,0,23:18,5,9,0.556,1,4,0.25,2,2,1,0,2,2,2,0,0,3,1,13,7.3,4,17.5
Trey Burke,26,26,2015-12-21,23,UTA,H,PHO,21,0,22:18,4,10,0.4,1,4,0.25,2,2,1,0,3,3,2,0,0,1,1,11,6.5,-10,17.8
Trey Burke,27,27,2015-12-23,23,UTA,A,GSW,-18,0,27:36,6,14,0.429,1,5,0.2,0,0,NA,0,0,0,3,2,1,2,1,13,8,-11,23
Trey Burke,28,28,2015-12-26,23,UTA,H,LAC,-5,0,18:21,2,8,0.25,1,6,0.167,0,0,NA,1,0,1,3,0,0,0,1,5,2.6,-6,11.3
Trey Burke,29,29,2015-12-28,23,UTA,H,PHI,4,0,23:59,5,15,0.333,2,6,0.333,2,2,1,1,3,4,1,1,2,3,1,14,6.8,-4,26
Trey Burke,30,30,2015-12-30,23,UTA,A,MIN,-14,0,37:10,8,18,0.444,3,9,0.333,4,4,1,0,1,1,4,1,2,4,2,23,14.3,-2,35.8
Trey Burke,31,31,2015-12-31,23,UTA,H,POR,13,0,29:22,12,19,0.632,2,5,0.4,1,2,0.5,0,1,1,3,1,0,0,0,27,21.5,12,35.8
Trey Burke,32,32,2016-01-02,23,UTA,H,MEM,5,0,32:11,3,13,0.231,0,3,0,3,4,0.75,0,2,2,2,1,0,2,0,9,1.7,8,15.5
Trey Burke,33,33,2016-01-04,23,UTA,H,HOU,-2,0,29:01,3,11,0.273,1,5,0.2,3,4,0.75,0,5,5,3,1,0,0,2,10,6.9,5,23.3
Trey Burke,34,34,2016-01-06,23,UTA,A,SAS,-25,0,24:18,10,17,0.588,1,3,0.333,0,0,NA,0,1,1,4,0,0,0,1,21,15.8,-3,28.8
Trey Burke,35,35,2016-01-07,23,UTA,A,HOU,-9,0,24:26,4,12,0.333,1,4,0.25,1,2,0.5,1,1,2,3,0,0,3,1,10,2.5,-10,16
Trey Burke,36,36,2016-01-09,23,UTA,H,MIA,15,0,18:37,4,8,0.5,1,2,0.5,2,2,1,0,1,1,3,0,0,1,1,11,8,-2,16.8
Trey Burke,37,37,2016-01-10,23,UTA,A,LAL,12,0,21:18,3,8,0.375,2,3,0.667,2,2,1,0,0,0,1,0,0,0,0,10,6.3,12,12.5
Trey Burke,38,38,2016-01-13,23,UTA,A,POR,-14,0,28:58,7,14,0.5,1,2,0.5,0,0,NA,1,2,3,2,1,0,2,0,15,9.7,-6,23.3
Trey Burke,39,39,2016-01-14,23,UTA,H,SAC,-2,0,31:29,7,15,0.467,0,6,0,3,4,0.75,0,0,0,0,1,0,2,1,17,7.5,10,18
Trey Burke,40,40,2016-01-16,23,UTA,H,LAL,27,0,26:06,7,14,0.5,2,3,0.667,0,0,NA,0,1,1,3,1,0,0,2,16,11.6,10,24.8
Trey Burke,41,41,2016-01-18,23,UTA,A,CHO,-5,0,36:36,10,23,0.435,3,9,0.333,2,3,0.667,0,3,3,2,1,0,0,3,25,14.6,-3,35.3
Trey Burke,42,42,2016-01-20,23,UTA,A,NYK,-7,0,30:31,5,13,0.385,2,4,0.5,0,0,NA,1,2,3,3,0,0,1,1,12,6.9,4,20.8
Trey Burke,43,43,2016-01-22,23,UTA,A,BRK,22,0,19:10,4,7,0.571,2,3,0.667,2,2,1,0,3,3,3,0,0,0,2,12,10.9,8,21.3
Trey Burke,44,44,2016-01-25,23,UTA,H,DET,-3,0,22:10,0,8,0,0,3,0,0,0,NA,0,0,0,6,0,0,0,2,0,-2.2,-8,9
Trey Burke,45,45,2016-01-27,23,UTA,H,CHO,29,0,19:20,4,10,0.4,3,7,0.429,0,0,NA,0,1,1,1,0,0,1,3,11,4.4,28,14.8
Trey Burke,46,46,2016-01-29,23,UTA,H,MIN,13,0,18:45,4,11,0.364,4,10,0.4,0,0,NA,0,1,1,1,2,0,0,1,12,8.5,10,20.8
Trey Burke,47,47,2016-02-01,23,UTA,H,CHI,9,0,19:22,4,11,0.364,2,6,0.333,0,0,NA,2,0,2,1,0,0,0,0,10,6,-9,15
Trey Burke,48,48,2016-02-03,23,UTA,H,DEN,4,0,16:00,1,4,0.25,0,2,0,0,0,NA,0,4,4,2,1,0,1,0,2,2.2,4,11.5
Trey Burke,49,49,2016-02-05,23,UTA,H,MIL,3,0,3:01,0,2,0,0,2,0,0,0,NA,0,1,1,1,0,0,0,0,0,-0.4,-1,2.8
Trey Burke,53,50,2016-02-18,23,UTA,A,WAS,-14,0,22:21,1,8,0.125,0,2,0,0,0,NA,0,1,1,7,1,0,2,1,2,0.6,8,14.8
Trey Burke,54,51,2016-02-19,23,UTA,H,BOS,18,0,17:06,3,9,0.333,2,6,0.333,0,0,NA,0,0,0,2,0,0,4,4,8,-1.3,0,10
Trey Burke,55,52,2016-02-21,23,UTA,A,POR,-4,0,13:24,2,7,0.286,2,3,0.667,0,0,NA,0,1,1,1,0,1,1,2,6,1.8,-3,11.3
Trey Burke,56,53,2016-02-23,23,UTA,H,HOU,3,0,28:30,6,11,0.545,3,6,0.5,0,0,NA,0,2,2,1,0,0,1,3,15,8.8,-3,20
Trey Burke,57,54,2016-02-25,23,UTA,H,SAS,-18,0,10:42,2,3,0.667,0,1,0,1,1,1,0,1,1,1,0,0,1,2,5,2.9,-5,7.3
Trey Burke,58,55,2016-02-27,23,UTA,H,BRK,-2,0,6:21,0,4,0,0,1,0,0,0,NA,0,1,1,0,0,0,0,0,0,-2.5,-7,1.3
Trey Burke,60,56,2016-03-02,23,UTA,A,TOR,-10,0,13:59,5,10,0.5,1,3,0.333,0,0,NA,0,1,1,0,0,0,1,1,11,4.9,-3,12.3
Trey Burke,61,57,2016-03-04,23,UTA,A,MEM,-6,0,20:09,2,9,0.222,0,5,0,1,1,1,1,0,1,4,1,0,2,2,5,1.2,-11,13.3
Trey Burke,64,58,2016-03-09,23,UTA,A,GSW,-21,0,22:23,4,10,0.4,2,4,0.5,8,8,1,0,0,0,1,2,0,3,2,18,11.5,-10,23
Trey Burke,65,59,2016-03-11,23,UTA,H,WAS,21,0,6:22,1,3,0.333,0,1,0,0,0,NA,0,2,2,0,0,0,0,1,2,0.5,5,4.5
Trey Burke,66,60,2016-03-13,23,UTA,A,SAC,9,0,10:02,2,3,0.667,1,2,0.5,0,0,NA,0,0,0,1,0,0,2,1,5,2,-10,6
Trey Burke,67,61,2016-03-14,23,UTA,H,CLE,9,0,2:59,0,0,NA,0,0,NA,0,0,NA,0,0,0,0,0,0,0,0,0,0,0,0
Trey Burke,68,62,2016-03-17,23,UTA,H,PHO,34,0,11:37,1,6,0.167,1,3,0.333,0,0,NA,0,2,2,2,0,0,1,3,3,-1,0,8.5
Trey Burke,72,63,2016-03-24,23,UTA,A,OKC,-22,0,12:00,5,9,0.556,1,3,0.333,6,7,0.857,0,1,1,0,0,0,0,1,17,12.2,-1,18.8
Trey Burke,74,64,2016-03-28,23,UTA,H,LAL,48,0,9:50,1,5,0.2,1,3,0.333,0,0,NA,0,0,0,2,0,0,0,0,3,1.3,5,6.5
J.J. O'Brien,1,1,2016-01-16,23,UTA,H,LAL,27,0,4:27,0,0,NA,0,0,NA,0,0,NA,0,1,1,0,1,0,0,1,0,0.9,-4,NA
J.J. O'Brien,4,2,2016-01-22,23,UTA,A,BRK,22,0,1:49,0,1,0,0,0,NA,0,0,NA,0,0,0,0,0,0,0,0,0,-0.7,-4,NA
Derrick Favors,1,1,2015-10-28,24,UTA,A,DET,-5,1,34:42,10,15,0.667,0,0,NA,6,8,0.75,2,4,6,1,1,1,2,3,26,20.5,-3,38
Derrick Favors,2,2,2015-10-30,24,UTA,A,PHI,28,1,29:17,6,17,0.353,0,0,NA,8,10,0.8,2,10,12,1,3,2,0,2,20,18.4,16,48
Derrick Favors,3,3,2015-10-31,24,UTA,A,IND,21,1,31:11,9,16,0.563,0,0,NA,0,1,0,2,5,7,2,3,1,1,3,18,15.8,18,37.3
Derrick Favors,4,4,2015-11-04,24,UTA,H,POR,-16,1,24:36,2,7,0.286,0,0,NA,2,6,0.333,4,6,10,1,4,2,1,4,6,8.4,-3,31.5
Derrick Favors,5,5,2015-11-05,24,UTA,A,DEN,12,1,15:08,3,7,0.429,0,0,NA,0,0,NA,2,1,3,0,0,0,1,1,6,2.6,-5,9.3
Derrick Favors,6,6,2015-11-07,24,UTA,H,MEM,10,1,39:34,5,11,0.455,0,0,NA,2,2,1,3,13,16,0,3,1,4,2,12,11.2,10,39.5
Derrick Favors,7,7,2015-11-10,24,UTA,A,CLE,-4,1,35:21,7,12,0.583,0,0,NA,3,6,0.5,4,5,9,4,2,0,1,3,17,17.1,-7,37.8
Derrick Favors,8,8,2015-11-12,24,UTA,A,MIA,-1,1,39:45,10,18,0.556,0,0,NA,5,7,0.714,5,7,12,2,3,7,1,3,25,28.3,11,64
Derrick Favors,9,9,2015-11-13,24,UTA,A,ORL,-9,1,19:26,2,4,0.5,0,0,NA,1,1,1,0,7,7,1,3,1,2,2,5,6.7,-15,22.3
Derrick Favors,10,10,2015-11-15,24,UTA,A,ATL,1,1,32:21,11,20,0.55,0,1,0,1,1,1,4,5,9,3,0,2,4,2,23,16.4,1,40.8
Derrick Favors,11,11,2015-11-18,24,UTA,H,TOR,4,1,31:34,7,9,0.778,0,0,NA,4,7,0.571,1,10,11,1,1,0,0,0,18,18.7,16,36.8
Derrick Favors,12,12,2015-11-20,24,UTA,A,DAL,-9,1,35:43,9,14,0.643,0,0,NA,0,0,NA,4,3,7,2,0,0,3,1,18,13.5,-16,28.3
Derrick Favors,13,13,2015-11-23,24,UTA,H,OKC,-22,1,29:32,4,10,0.4,0,0,NA,3,5,0.6,1,6,7,2,2,2,2,1,11,9.7,-16,29.8
Derrick Favors,14,14,2015-11-25,24,UTA,A,LAC,11,1,32:45,10,15,0.667,0,0,NA,2,2,1,2,1,3,2,3,0,1,3,22,19.4,18,34.3
Derrick Favors,16,15,2015-11-30,24,UTA,H,GSW,-3,1,34:08,9,15,0.6,0,0,NA,5,5,1,5,5,10,2,2,0,0,3,23,23.3,-4,44
Derrick Favors,17,16,2015-12-03,24,UTA,H,ORL,-9,1,38:00,4,7,0.571,0,0,NA,4,6,0.667,2,8,10,2,1,1,1,0,12,13.8,-12,32.5
Derrick Favors,18,17,2015-12-05,24,UTA,H,IND,3,1,43:32,14,24,0.583,0,0,NA,7,9,0.778,7,6,13,1,1,1,2,3,35,28.9,3,57.3
Derrick Favors,19,18,2015-12-08,24,UTA,A,SAC,-8,1,34:45,5,13,0.385,0,0,NA,4,7,0.571,6,4,10,4,1,0,2,4,14,11.3,-16,35
Derrick Favors,20,19,2015-12-09,24,UTA,H,NYK,21,1,28:07,8,13,0.615,0,0,NA,4,4,1,2,6,8,0,0,0,0,3,20,16.1,11,30
Derrick Favors,21,20,2015-12-11,24,UTA,H,OKC,-4,1,36:27,6,13,0.462,0,0,NA,1,2,0.5,3,4,7,1,2,3,1,2,13,12.2,-11,32.8
Derrick Favors,22,21,2015-12-13,24,UTA,A,OKC,-6,1,41:33,7,17,0.412,0,0,NA,0,0,NA,7,3,10,0,0,0,0,3,14,9.5,-18,28
Derrick Favors,23,22,2015-12-14,24,UTA,A,SAS,-37,1,24:03,6,14,0.429,0,0,NA,4,6,0.667,0,3,3,0,1,1,1,2,16,8.6,-35,23.3
Derrick Favors,24,23,2015-12-16,24,UTA,H,NOP,-10,1,35:20,10,15,0.667,0,0,NA,2,2,1,2,5,7,5,1,1,0,1,22,23.2,0,42.3
Derrick Favors,25,24,2015-12-18,24,UTA,H,DEN,9,1,35:27,2,8,0.25,0,0,NA,3,5,0.6,3,6,9,0,1,0,1,4,7,3.7,7,19.8
Derrick Favors,26,25,2015-12-21,24,UTA,H,PHO,21,1,32:37,6,12,0.5,0,0,NA,6,8,0.75,4,5,9,2,0,2,3,3,18,14.1,32,34.8
Derrick Favors,27,26,2015-12-23,24,UTA,A,GSW,-18,1,33:10,7,16,0.438,0,0,NA,3,4,0.75,6,3,9,1,0,2,4,5,17,9.4,-22,31.8
Derrick Favors,44,27,2016-01-25,24,UTA,H,DET,-3,0,19:34,5,8,0.625,0,0,NA,4,5,0.8,2,3,5,1,0,0,2,3,14,9.8,12,20.8
Derrick Favors,45,28,2016-01-27,24,UTA,H,CHO,29,0,20:49,6,9,0.667,0,0,NA,0,2,0,1,2,3,2,1,0,0,1,12,10.6,20,20.8
Derrick Favors,46,29,2016-01-29,24,UTA,H,MIN,13,1,34:53,9,16,0.563,0,0,NA,2,3,0.667,2,7,9,1,0,1,1,4,20,14.3,13,34.3
Derrick Favors,47,30,2016-02-01,24,UTA,H,CHI,9,1,37:33,4,14,0.286,0,0,NA,5,8,0.625,0,8,8,0,0,4,2,3,13,5.6,8,30
Derrick Favors,48,31,2016-02-03,24,UTA,H,DEN,4,1,34:40,7,14,0.5,0,0,NA,2,4,0.5,3,8,11,0,0,6,3,2,16,13.1,2,41.8
Derrick Favors,49,32,2016-02-05,24,UTA,H,MIL,3,1,32:18,4,15,0.267,0,0,NA,3,6,0.5,5,10,15,1,2,5,2,3,11,10.4,2,45.8
Derrick Favors,50,33,2016-02-06,24,UTA,A,PHO,9,1,30:22,4,10,0.4,0,1,0,3,4,0.75,2,5,7,1,1,0,1,5,11,6.8,11,22.8
Derrick Favors,51,34,2016-02-09,24,UTA,A,DAL,2,1,35:01,7,14,0.5,0,0,NA,2,4,0.5,3,5,8,6,1,0,2,3,16,13.8,3,36
Derrick Favors,52,35,2016-02-10,24,UTA,A,NOP,-4,1,39:29,11,15,0.733,0,0,NA,7,10,0.7,1,5,6,2,1,0,5,3,29,20.1,-3,39
Derrick Favors,53,36,2016-02-18,24,UTA,A,WAS,-14,1,21:39,4,9,0.444,0,0,NA,3,4,0.75,2,3,5,1,0,2,4,4,11,4.7,-20,20.8
Derrick Favors,54,37,2016-02-19,24,UTA,H,BOS,18,1,33:13,9,14,0.643,0,0,NA,5,5,1,1,9,10,6,0,3,2,4,23,22.9,28,51
Derrick Favors,55,38,2016-02-21,24,UTA,A,POR,-4,1,33:54,9,16,0.563,0,0,NA,4,4,1,5,3,8,1,0,1,1,5,22,17.2,7,35
Derrick Favors,56,39,2016-02-23,24,UTA,H,HOU,3,1,39:41,7,13,0.538,0,0,NA,5,5,1,5,7,12,2,2,3,3,4,19,19.2,1,47
Derrick Favors,57,40,2016-02-25,24,UTA,H,SAS,-18,1,36:30,12,17,0.706,0,0,NA,1,2,0.5,1,5,6,3,2,0,1,2,25,22,-17,40.5
Derrick Favors,58,41,2016-02-27,24,UTA,H,BRK,-2,1,32:40,5,14,0.357,0,0,NA,3,5,0.6,4,7,11,0,1,2,3,3,13,7.5,-1,32.8
Derrick Favors,59,42,2016-02-29,24,UTA,A,BOS,-5,1,37:18,5,15,0.333,0,0,NA,1,1,1,3,13,16,2,1,3,2,1,11,10.6,-1,42.5
Derrick Favors,60,43,2016-03-02,24,UTA,A,TOR,-10,1,35:18,7,13,0.538,0,0,NA,1,1,1,3,4,7,1,0,1,0,3,15,12.2,-6,27.3
Derrick Favors,61,44,2016-03-04,24,UTA,A,MEM,-6,1,28:31,7,17,0.412,0,0,NA,0,0,NA,2,1,3,0,0,0,2,0,14,4.6,-12,16.8
Derrick Favors,62,45,2016-03-05,24,UTA,A,NOP,12,1,35:25,11,19,0.579,0,0,NA,6,6,1,1,10,11,3,1,6,3,1,28,26.7,15,60.3
Derrick Favors,63,46,2016-03-08,24,UTA,H,ATL,-7,1,36:00,7,15,0.467,0,0,NA,2,4,0.5,4,4,8,1,2,3,3,3,16,12.1,4,36
Derrick Favors,64,47,2016-03-09,24,UTA,A,GSW,-21,1,26:48,5,12,0.417,0,0,NA,1,1,1,1,3,4,2,1,2,0,0,11,10,-17,25
Derrick Favors,65,48,2016-03-11,24,UTA,H,WAS,21,1,31:45,4,9,0.444,0,0,NA,6,8,0.75,2,7,9,1,2,0,1,2,14,12.9,25,30.3
Derrick Favors,66,49,2016-03-13,24,UTA,A,SAC,9,1,37:30,10,16,0.625,0,0,NA,8,10,0.8,5,9,14,4,3,1,1,2,28,30.9,7,60.5
Derrick Favors,67,50,2016-03-14,24,UTA,H,CLE,9,1,31:58,7,15,0.467,0,0,NA,5,7,0.714,2,3,5,0,1,3,3,1,19,12.5,-3,31.8
Derrick Favors,68,51,2016-03-17,24,UTA,H,PHO,34,1,26:33,5,11,0.455,0,0,NA,2,2,1,1,4,5,0,2,1,1,3,12,8.7,20,23.8
Derrick Favors,69,52,2016-03-19,24,UTA,A,CHI,-7,1,35:47,11,18,0.611,0,0,NA,2,5,0.4,2,4,6,2,1,2,3,3,24,16.8,-1,39
Derrick Favors,70,53,2016-03-20,24,UTA,A,MIL,9,1,32:01,5,13,0.385,0,0,NA,2,2,1,5,4,9,0,1,1,1,3,12,9.1,3,26.8
Derrick Favors,71,54,2016-03-23,24,UTA,A,HOU,2,1,36:09,7,15,0.467,0,0,NA,3,4,0.75,6,9,15,4,0,3,3,2,17,16.9,8,47.8
Derrick Favors,72,55,2016-03-24,24,UTA,A,OKC,-22,1,21:58,3,8,0.375,0,0,NA,1,1,1,0,2,2,0,2,0,3,2,7,1.4,-15,12
Derrick Favors,73,56,2016-03-26,24,UTA,A,MIN,9,1,34:23,8,15,0.533,0,0,NA,3,3,1,3,2,5,2,0,2,0,2,19,16.4,11,32.3
Derrick Favors,74,57,2016-03-28,24,UTA,H,LAL,48,1,26:37,6,12,0.5,0,1,0,2,2,1,2,7,9,1,1,0,1,2,14,11.4,33,28.3
Derrick Favors,75,58,2016-03-30,24,UTA,H,GSW,-7,1,18:37,7,11,0.636,0,0,NA,1,4,0.25,3,4,7,0,1,0,0,1,15,12.8,4,25.8
Derrick Favors,77,59,2016-04-03,24,UTA,A,PHO,15,1,28:11,8,11,0.727,0,0,NA,1,2,0.5,0,2,2,3,2,0,1,3,17,14.6,4,27.5
Derrick Favors,78,60,2016-04-05,24,UTA,H,SAS,-2,1,26:57,3,5,0.6,0,1,0,2,2,1,0,4,4,1,1,1,1,2,8,7.5,4,18
Derrick Favors,79,61,2016-04-08,24,UTA,H,LAC,-3,1,36:54,5,10,0.5,0,0,NA,1,2,0.5,3,8,11,0,2,4,4,2,11,10.1,-8,36.3
Derrick Favors,81,62,2016-04-11,24,UTA,H,DAL,-9,0,28:10,5,11,0.455,0,0,NA,1,2,0.5,1,2,3,0,1,1,1,0,11,6.9,-4,18.3
